hour,time,temperature_2m,dew_point_2m,relative_humidity_2m,wet_bulb_C
0,2022-01-01 00:00:00,23.0,21.4,90,21.72471596872833
1,2022-01-01 01:00:00,22.9,21.5,92,21.88750123174317
2,2022-01-01 02:00:00,22.5,21.4,94,21.750877282650062
3,2022-01-01 03:00:00,22.9,21.3,91,21.756895120616818
4,2022-01-01 04:00:00,22.8,21.1,90,21.527718190484894
5,2022-01-01 05:00:00,22.8,21.0,90,21.527718190484894
6,2022-01-01 06:00:00,22.8,20.8,89,21.39719512522416
7,2022-01-01 07:00:00,23.1,21.0,88,21.560659644844968
8,2022-01-01 08:00:00,23.4,21.0,86,21.590300972758374
9,2022-01-01 09:00:00,23.5,20.9,85,21.555179899427124
10,2022-01-01 10:00:00,24.1,21.3,84,22.004614464111288
11,2022-01-01 11:00:00,24.9,21.6,82,22.507676192105755
12,2022-01-01 12:00:00,26.0,21.6,77,22.86736728916429
13,2022-01-01 13:00:00,27.0,21.2,71,22.947874205077355
14,2022-01-01 14:00:00,27.9,21.0,66,23.03525391159985
15,2022-01-01 15:00:00,28.4,20.2,61,22.715968199290874
16,2022-01-01 16:00:00,28.6,18.6,55,21.929117600066306
17,2022-01-01 17:00:00,28.0,18.7,57,21.72290327013314
18,2022-01-01 18:00:00,26.4,20.0,68,21.95052890383084
19,2022-01-01 19:00:00,24.0,21.5,85,22.041635406836566
20,2022-01-01 20:00:00,23.5,21.9,90,22.217210172447576
21,2022-01-01 21:00:00,22.9,21.8,94,22.14853115077167
22,2022-01-01 22:00:00,22.0,21.3,96,21.51067777633127
23,2022-01-01 23:00:00,21.8,21.0,96,21.310968002212995
24,2022-01-02 00:00:00,21.8,21.2,97,21.438950410769845
25,2022-01-02 01:00:00,20.7,16.5,77,17.822254868651452
26,2022-01-02 02:00:00,12.3,6.6,68,8.902805647270002
27,2022-01-02 03:00:00,8.6,1.5,61,4.853684779779352
28,2022-01-02 04:00:00,6.6,-0.7,60,2.968186374905044
29,2022-01-02 05:00:00,6.2,-2.2,55,2.2162415261493873
30,2022-01-02 06:00:00,5.6,-3.1,54,1.6132267325459857
31,2022-01-02 07:00:00,4.3,-1.4,66,1.3469210203040483
32,2022-01-02 08:00:00,2.8,-0.3,79,0.9376908585572208
33,2022-01-02 09:00:00,1.1,-2.8,75,-0.9792088101375018
34,2022-01-02 10:00:00,-0.2,-7.2,59,-3.1992378239641712
35,2022-01-02 11:00:00,0.6,-9.1,48,-3.083837110562607
36,2022-01-02 12:00:00,1.6,-9.1,45,-2.3927393878792347
37,2022-01-02 13:00:00,2.5,-9.1,42,-1.8048540031375069
38,2022-01-02 14:00:00,3.5,-8.6,41,-1.0403766874376146
39,2022-01-02 15:00:00,4.3,-7.9,40,-0.4480420652177166
40,2022-01-02 16:00:00,4.9,-7.4,40,0.039939415343366313
41,2022-01-02 17:00:00,4.6,-7.0,43,-0.010789182616509407
42,2022-01-02 18:00:00,5.6,-6.8,40,0.6092411196988561
43,2022-01-02 19:00:00,4.4,-5.8,48,0.15119214158822114
44,2022-01-02 20:00:00,3.8,-5.7,50,-0.23000320108164551
45,2022-01-02 21:00:00,3.8,-5.6,50,-0.23000320108164551
46,2022-01-02 22:00:00,3.3,-5.6,52,-0.5322357422275061
47,2022-01-02 23:00:00,3.0,-5.7,53,-0.7291431422525916
48,2022-01-03 00:00:00,2.5,-5.7,55,-1.0402312883695908
49,2022-01-03 01:00:00,2.2,-5.7,56,-1.241929503267568
50,2022-01-03 02:00:00,1.8,-5.7,58,-1.4718471423054824
51,2022-01-03 03:00:00,1.4,-5.8,59,-1.7670412454857463
52,2022-01-03 04:00:00,0.9,-6.0,60,-2.1543103045876117
53,2022-01-03 05:00:00,0.6,-6.2,61,-2.3639794433058547
54,2022-01-03 06:00:00,0.2,-6.3,62,-2.66559993149517
55,2022-01-03 07:00:00,-0.1,-6.1,64,-2.81860098765673
56,2022-01-03 08:00:00,-0.9,-6.1,68,-3.312792460391738
57,2022-01-03 09:00:00,-0.1,-5.7,66,-2.696949573707717
58,2022-01-03 10:00:00,2.3,-5.2,58,-1.026115573108303
59,2022-01-03 11:00:00,4.2,-4.9,51,0.18129144178373124
60,2022-01-03 12:00:00,5.8,-4.7,47,1.2702067733573674
61,2022-01-03 13:00:00,7.2,-4.2,44,2.220519785981388
62,2022-01-03 14:00:00,8.3,-3.8,42,2.9706662509260564
63,2022-01-03 15:00:00,9.1,-3.3,41,3.5424437661555768
64,2022-01-03 16:00:00,9.6,-3.5,40,3.8622087614331875
65,2022-01-03 17:00:00,9.8,-3.7,39,3.934372957417697
66,2022-01-03 18:00:00,9.1,-1.6,47,4.064729338994951
67,2022-01-03 19:00:00,10.1,-4.1,37,3.9922783851243953
68,2022-01-03 20:00:00,9.1,-3.9,40,3.4556035508842093
69,2022-01-03 21:00:00,6.7,-2.5,52,2.4196640724075307
70,2022-01-03 22:00:00,5.7,-2.0,58,2.0048014003548538
71,2022-01-03 23:00:00,5.8,-2.2,56,1.9403510935712962
72,2022-01-04 00:00:00,5.5,-1.6,60,1.979653421504012
73,2022-01-04 01:00:00,5.1,-1.4,63,1.8490724644564347
74,2022-01-04 02:00:00,4.6,-1.6,64,1.470069839593089
75,2022-01-04 03:00:00,3.5,-2.2,66,0.6116807623060687
76,2022-01-04 04:00:00,2.8,-2.3,69,0.18373453201246193
77,2022-01-04 05:00:00,3.7,-2.2,66,0.7954911790387236
78,2022-01-04 06:00:00,4.8,-2.0,61,1.4253508214563437
79,2022-01-04 07:00:00,4.8,-1.8,63,1.5763428082258004
80,2022-01-04 08:00:00,3.0,-0.5,78,1.0508159840922051
81,2022-01-04 09:00:00,4.2,0.8,79,2.2780792527287215
82,2022-01-04 10:00:00,7.2,2.2,71,4.442617634557266
83,2022-01-04 11:00:00,10.6,2.5,58,6.372733356889661
84,2022-01-04 12:00:00,12.9,4.8,58,8.422933705455426
85,2022-01-04 13:00:00,14.8,6.8,59,10.226838601796718
86,2022-01-04 14:00:00,16.1,7.6,57,11.16010736767615
87,2022-01-04 15:00:00,17.0,7.9,55,11.721003872087646
88,2022-01-04 16:00:00,17.8,6.9,49,11.682960724300852
89,2022-01-04 17:00:00,18.8,6.9,46,12.147157271688695
90,2022-01-04 18:00:00,17.1,7.7,54,11.689152133716913
91,2022-01-04 19:00:00,16.6,8.9,60,11.95451754242228
92,2022-01-04 20:00:00,14.6,9.1,70,11.2496121181417
93,2022-01-04 21:00:00,14.6,9.7,73,11.57750140959459
94,2022-01-04 22:00:00,14.1,10.4,78,11.647913703156064
95,2022-01-04 23:00:00,13.8,10.8,82,11.792852267907865
96,2022-01-05 00:00:00,13.0,10.9,87,11.553033832517865
97,2022-01-05 01:00:00,12.7,11.1,90,11.579250932981083
98,2022-01-05 02:00:00,12.6,11.3,91,11.587456260170743
99,2022-01-05 03:00:00,12.2,11.1,93,11.404753619792796
100,2022-01-05 04:00:00,12.0,11.1,94,11.312383975833828
101,2022-01-05 05:00:00,11.4,10.6,95,10.820811787372834
102,2022-01-05 06:00:00,11.1,10.5,96,10.626416757139555
103,2022-01-05 07:00:00,12.7,12.1,96,12.224117278105133
104,2022-01-05 08:00:00,10.6,10.4,99,10.439064159405124
105,2022-01-05 09:00:00,12.1,11.6,97,11.731929458858332
106,2022-01-05 10:00:00,14.9,13.5,91,13.858316552833134
107,2022-01-05 11:00:00,17.3,14.9,86,15.640407631845395
108,2022-01-05 12:00:00,19.5,15.5,78,16.80313607213295
109,2022-01-05 13:00:00,21.4,15.7,70,17.58430731830154
110,2022-01-05 14:00:00,22.7,14.9,62,17.71143135355679
111,2022-01-05 15:00:00,23.4,14.1,56,17.496861438808626
112,2022-01-05 16:00:00,23.6,13.5,53,17.237833323461714
113,2022-01-05 17:00:00,23.3,13.1,53,16.976196925314852
114,2022-01-05 18:00:00,22.0,13.7,59,16.670900729217966
115,2022-01-05 19:00:00,19.6,15.6,77,16.775148823784175
116,2022-01-05 20:00:00,18.0,16.8,92,17.038365058726637
117,2022-01-05 21:00:00,17.4,16.1,92,16.444590896200214
118,2022-01-05 22:00:00,17.1,15.9,93,16.265066576255464
119,2022-01-05 23:00:00,16.5,15.6,94,15.786043747779733
120,2022-01-06 00:00:00,16.0,15.1,95,15.404098276370394
121,2022-01-06 01:00:00,16.2,15.4,95,15.603370871127087
122,2022-01-06 02:00:00,16.4,15.6,95,15.802643407712747
123,2022-01-06 03:00:00,16.3,15.6,95,15.703007146671698
124,2022-01-06 04:00:00,14.4,14.2,99,14.258036648021815
125,2022-01-06 05:00:00,14.4,14.4,100,14.258036648021815
126,2022-01-06 06:00:00,14.4,14.4,100,14.258036648021815
127,2022-01-06 07:00:00,16.4,16.2,99,16.26801408185294
128,2022-01-06 08:00:00,16.8,16.5,98,16.552613216377505
129,2022-01-06 09:00:00,17.0,16.6,98,16.75318669001153
130,2022-01-06 10:00:00,17.5,16.8,95,16.898641332989254
131,2022-01-06 11:00:00,18.3,16.3,88,16.855454039678037
132,2022-01-06 12:00:00,18.3,15.4,83,16.256488189067333
133,2022-01-06 13:00:00,17.8,9.4,58,12.79065618169938
134,2022-01-06 14:00:00,19.0,5.8,42,11.779385715340986
135,2022-01-06 15:00:00,19.8,5.2,38,11.869831032436252
136,2022-01-06 16:00:00,19.1,4.7,39,11.448123570800302
137,2022-01-06 17:00:00,18.0,5.3,43,11.086657248244938
138,2022-01-06 18:00:00,16.1,5.8,51,10.463391359399663
139,2022-01-06 19:00:00,14.3,5.1,54,9.235967468430822
140,2022-01-06 20:00:00,12.4,4.1,57,7.875742902492826
141,2022-01-06 21:00:00,10.8,1.9,54,6.1694165953587365
142,2022-01-06 22:00:00,9.8,0.8,53,5.2020516342471765
143,2022-01-06 23:00:00,9.2,1.0,57,5.03514575517964
144,2022-01-07 00:00:00,9.1,3.5,68,5.941525531969395
145,2022-01-07 01:00:00,8.2,3.4,71,5.3772575176897615
146,2022-01-07 02:00:00,7.2,2.5,72,4.529801752031439
147,2022-01-07 03:00:00,6.5,2.0,73,3.958947396509574
148,2022-01-07 04:00:00,6.1,1.6,73,3.5827163367409796
149,2022-01-07 05:00:00,5.6,1.2,74,3.1956945026944563
150,2022-01-07 06:00:00,5.2,0.9,74,2.8183006673002975
151,2022-01-07 07:00:00,3.7,0.9,83,2.1252944213097535
152,2022-01-07 08:00:00,3.3,0.6,82,1.6569484451396477
153,2022-01-07 09:00:00,3.7,0.1,77,1.639352092686016
154,2022-01-07 10:00:00,4.9,0.2,72,2.3732436120891798
155,2022-01-07 11:00:00,6.7,0.9,67,3.636386192799856
156,2022-01-07 12:00:00,8.4,1.9,64,4.937404096958881
157,2022-01-07 13:00:00,9.9,3.2,63,6.212674265328953
158,2022-01-07 14:00:00,11.3,4.6,63,7.485367934553253
159,2022-01-07 15:00:00,12.4,5.6,63,8.485334800683148
160,2022-01-07 16:00:00,12.6,5.8,63,8.667146344487794
161,2022-01-07 17:00:00,12.2,6.1,66,8.607238749711106
162,2022-01-07 18:00:00,12.1,6.4,68,8.717726849575554
163,2022-01-07 19:00:00,10.3,5.4,72,7.43643368493529
164,2022-01-07 20:00:00,9.9,5.4,74,7.252640035834958
165,2022-01-07 21:00:00,9.5,5.7,77,7.160672970194279
166,2022-01-07 22:00:00,9.6,6.2,80,7.54461766252912
167,2022-01-07 23:00:00,9.9,6.9,82,8.02812225764114
168,2022-01-08 00:00:00,10.1,7.8,86,8.61749454709315
169,2022-01-08 01:00:00,10.6,8.2,85,9.004474946110182
170,2022-01-08 02:00:00,11.4,9.1,86,9.885528451652535
171,2022-01-08 03:00:00,12.5,10.5,88,11.169945477135332
172,2022-01-08 04:00:00,14.1,12.3,89,12.848229309328072
173,2022-01-08 05:00:00,15.8,14.4,91,14.746911601192458
174,2022-01-08 06:00:00,17.4,15.9,91,16.32663286958118
175,2022-01-08 07:00:00,17.7,16.8,94,16.97901445984939
176,2022-01-08 08:00:00,17.9,16.9,94,17.177842709166267
177,2022-01-08 09:00:00,17.9,16.2,90,16.70125445636249
178,2022-01-08 10:00:00,18.0,16.2,90,16.799754081344798
179,2022-01-08 11:00:00,19.1,17.4,89,17.761442898762713
180,2022-01-08 12:00:00,22.4,18.0,76,19.309148010929842
181,2022-01-08 13:00:00,22.6,18.2,76,19.498972633223854
182,2022-01-08 14:00:00,21.1,18.1,83,18.966526868107266
183,2022-01-08 15:00:00,21.0,18.7,87,19.375777172343657
184,2022-01-08 16:00:00,20.9,19.1,90,19.656236474991374
185,2022-01-08 17:00:00,21.4,19.8,90,20.14873216550906
186,2022-01-08 18:00:00,21.6,19.8,90,20.345730340190205
187,2022-01-08 19:00:00,19.3,17.8,91,18.20254666898208
188,2022-01-08 20:00:00,18.4,16.7,90,17.193752422973922
189,2022-01-08 21:00:00,18.9,17.4,91,17.80761790459297
190,2022-01-08 22:00:00,18.2,17.5,95,17.59609367015572
191,2022-01-08 23:00:00,18.5,17.9,96,18.01574947345866
192,2022-01-09 00:00:00,18.9,17.7,93,18.05047835891709
193,2022-01-09 01:00:00,19.1,17.6,91,18.005082316753462
194,2022-01-09 02:00:00,18.9,17.4,91,17.80761790459297
195,2022-01-09 03:00:00,19.0,16.6,86,17.29858093105499
196,2022-01-09 04:00:00,19.0,16.7,87,17.420101817649467
197,2022-01-09 05:00:00,19.4,17.2,87,17.811237413918743
198,2022-01-09 06:00:00,19.0,17.4,90,17.784749465309343
199,2022-01-09 07:00:00,18.4,17.2,93,17.55453111503337
200,2022-01-09 08:00:00,17.0,17.0,100,16.871006284501924
201,2022-01-09 09:00:00,17.6,17.2,98,17.354906796444364
202,2022-01-09 10:00:00,18.5,17.6,95,17.895001607136333
203,2022-01-09 11:00:00,19.5,18.2,93,18.645614581026432
204,2022-01-09 12:00:00,20.0,18.3,90,18.769743305036926
205,2022-01-09 13:00:00,20.1,18.0,88,18.619910370705444
206,2022-01-09 14:00:00,21.3,18.9,86,19.54198396177058
207,2022-01-09 15:00:00,21.1,18.5,85,19.22018791807783
208,2022-01-09 16:00:00,21.4,17.8,80,18.8733404462133
209,2022-01-09 17:00:00,21.6,16.9,75,18.42053203331328
210,2022-01-09 18:00:00,20.8,14.2,66,16.51057849751937
211,2022-01-09 19:00:00,17.4,10.9,66,13.386033540282728
212,2022-01-09 20:00:00,15.2,10.9,76,12.47540140744708
213,2022-01-09 21:00:00,13.9,10.3,79,11.5648857349954
214,2022-01-09 22:00:00,12.8,9.2,79,10.511756060923293
215,2022-01-09 23:00:00,12.5,8.7,78,10.120426630036622
216,2022-01-10 00:00:00,12.6,9.1,79,10.320277605615484
217,2022-01-10 01:00:00,13.4,9.4,76,10.76694456888055
218,2022-01-10 02:00:00,13.3,9.1,75,10.566158768358918
219,2022-01-10 03:00:00,13.4,9.4,76,10.76694456888055
220,2022-01-10 04:00:00,13.4,8.6,72,10.343031100127646
221,2022-01-10 05:00:00,12.2,5.2,62,8.202472288352947
222,2022-01-10 06:00:00,10.9,2.9,58,6.640152583364781
223,2022-01-10 07:00:00,10.0,3.5,64,6.397310811560871
224,2022-01-10 08:00:00,9.1,1.7,60,5.214822334185561
225,2022-01-10 09:00:00,8.5,0.1,56,4.326988258308315
226,2022-01-10 10:00:00,8.8,-1.1,50,4.069430156064438
227,2022-01-10 11:00:00,9.6,-1.0,48,4.57775545894053
228,2022-01-10 12:00:00,10.9,-0.4,46,5.493546708129305
229,2022-01-10 13:00:00,12.1,0.2,44,6.302107712865052
230,2022-01-10 14:00:00,13.4,0.2,40,6.952282813916643
231,2022-01-10 15:00:00,14.1,-0.9,36,7.06632695418662
232,2022-01-10 16:00:00,14.1,-1.5,34,6.834558686370951
233,2022-01-10 17:00:00,13.8,-1.6,35,6.7150616312274565
234,2022-01-10 18:00:00,12.9,-1.2,38,6.332022457588254
235,2022-01-10 19:00:00,11.2,-3.5,35,4.671603387658397
236,2022-01-10 20:00:00,10.6,-4.8,34,4.104108382365151
237,2022-01-10 21:00:00,9.9,-5.2,34,3.557987133922209
238,2022-01-10 22:00:00,9.2,-5.5,35,3.0996201953927818
239,2022-01-10 23:00:00,8.6,-5.6,36,2.712221351919186
240,2022-01-11 00:00:00,7.9,-5.4,38,2.3186774171478053
241,2022-01-11 01:00:00,7.4,-5.1,41,2.151291802540392
242,2022-01-11 02:00:00,6.8,-4.7,44,1.8873144161914777
243,2022-01-11 03:00:00,6.4,-4.3,46,1.70322673658145
244,2022-01-11 04:00:00,6.0,-4.0,49,1.5873145618525664
245,2022-01-11 05:00:00,5.6,-3.8,51,1.3910203351143373
246,2022-01-11 06:00:00,5.4,-3.9,51,1.2182032829135103
247,2022-01-11 07:00:00,5.2,-3.2,54,1.2627407972327154
248,2022-01-11 08:00:00,4.7,-3.2,57,1.0404338371527668
249,2022-01-11 09:00:00,5.3,-2.5,57,1.5730712840030403
250,2022-01-11 10:00:00,7.3,-1.1,55,3.184358022001752
251,2022-01-11 11:00:00,9.1,-1.2,48,4.152137997628596
252,2022-01-11 12:00:00,10.7,-1.2,43,5.041318835859167
253,2022-01-11 13:00:00,11.9,-0.8,42,5.9345020145781415
254,2022-01-11 14:00:00,12.9,0.0,41,6.651917782034618
255,2022-01-11 15:00:00,13.2,0.1,40,6.78965244342246
256,2022-01-11 16:00:00,12.9,0.0,41,6.651917782034618
257,2022-01-11 17:00:00,12.3,0.9,45,6.570799889994033
258,2022-01-11 18:00:00,11.9,2.4,52,6.9341189061684645
259,2022-01-11 19:00:00,11.7,1.5,49,6.464180821861731
260,2022-01-11 20:00:00,11.8,1.2,48,6.450442105202342
261,2022-01-11 21:00:00,11.4,1.4,50,6.305033830325483
262,2022-01-11 22:00:00,10.4,2.1,56,6.006440665187188
263,2022-01-11 23:00:00,8.1,3.7,74,5.554391970884078
264,2022-01-12 00:00:00,8.5,4.8,78,6.301677886227083
265,2022-01-12 01:00:00,8.3,4.8,79,6.203464464000836
266,2022-01-12 02:00:00,8.9,4.4,73,6.216320711248649
267,2022-01-12 03:00:00,9.1,4.6,73,6.404434181671228
268,2022-01-12 04:00:00,9.2,4.6,73,6.498490862620814
269,2022-01-12 05:00:00,9.3,4.8,73,6.592547507571716
270,2022-01-12 06:00:00,9.4,5.1,74,6.780905593377838
271,2022-01-12 07:00:00,9.8,5.1,73,7.062830196910095
272,2022-01-12 08:00:00,10.0,4.0,66,6.585408119300929
273,2022-01-12 09:00:00,10.1,3.8,64,6.488554553168452
274,2022-01-12 10:00:00,10.4,4.2,65,6.857552370762276
275,2022-01-12 11:00:00,10.8,4.8,67,7.417572544818771
276,2022-01-12 12:00:00,11.7,4.8,63,7.8489929183492535
277,2022-01-12 13:00:00,12.3,4.5,59,7.989260154052417
278,2022-01-12 14:00:00,12.6,4.6,58,8.155518015308422
279,2022-01-12 15:00:00,13.4,5.3,58,8.868625403603351
280,2022-01-12 16:00:00,13.6,6.1,60,9.25867409977063
281,2022-01-12 17:00:00,13.9,6.6,62,9.742049393362905
282,2022-01-12 18:00:00,13.7,6.8,63,9.667106565797344
283,2022-01-12 19:00:00,13.4,7.4,67,9.815360261797782
284,2022-01-12 20:00:00,11.5,6.7,72,8.561572052123804
285,2022-01-12 21:00:00,10.4,6.4,77,8.017419777210742
286,2022-01-12 22:00:00,9.9,6.5,80,7.832640261313088
287,2022-01-12 23:00:00,9.0,6.5,84,7.351319114275519
288,2022-01-13 00:00:00,8.4,6.5,88,7.150839673929511
289,2022-01-13 01:00:00,8.3,6.4,88,7.052812253040461
290,2022-01-13 02:00:00,7.8,6.2,90,6.752701956202516
291,2022-01-13 03:00:00,7.4,6.1,91,6.453301219008598
292,2022-01-13 04:00:00,7.3,6.1,91,6.3545669394301
293,2022-01-13 05:00:00,7.2,6.0,92,6.350337870830309
294,2022-01-13 06:00:00,7.2,6.1,93,6.445207959220822
295,2022-01-13 07:00:00,7.2,5.9,92,6.350337870830309
296,2022-01-13 08:00:00,6.7,5.7,93,5.949250776969366
297,2022-01-13 09:00:00,7.8,6.3,91,6.848238128087296
298,2022-01-13 10:00:00,10.5,7.9,84,8.80696594853659
299,2022-01-13 11:00:00,13.1,9.4,78,10.693235072444068
300,2022-01-13 12:00:00,15.4,9.8,69,11.883198839119828
301,2022-01-13 13:00:00,17.2,9.1,59,12.374884592804559
302,2022-01-13 14:00:00,18.5,8.6,52,12.663709522874786
303,2022-01-13 15:00:00,19.5,7.8,47,12.870986649638827
304,2022-01-13 16:00:00,19.9,7.2,44,12.798789933069049
305,2022-01-13 17:00:00,19.6,7.1,44,12.548927403412687
306,2022-01-13 18:00:00,17.6,9.8,60,12.853122883417957
307,2022-01-13 19:00:00,16.1,8.1,59,11.390366898372609
308,2022-01-13 20:00:00,13.8,8.1,69,10.39758764315291
309,2022-01-13 21:00:00,12.6,7.8,72,9.592944538213573
310,2022-01-13 22:00:00,11.4,7.6,77,8.969357831659535
311,2022-01-13 23:00:00,10.6,7.4,81,8.604143994471265
312,2022-01-14 00:00:00,9.8,7.2,84,8.127664771707366
313,2022-01-14 01:00:00,9.2,6.9,86,7.739622699330191
314,2022-01-14 02:00:00,8.9,6.6,85,7.350480598623012
315,2022-01-14 03:00:00,8.8,6.3,84,7.157232452917967
316,2022-01-14 04:00:00,10.1,6.3,77,7.7318377814879025
317,2022-01-14 05:00:00,9.0,5.9,81,7.063799930046551
318,2022-01-14 06:00:00,8.8,5.8,81,6.871256435830309
319,2022-01-14 07:00:00,6.7,4.8,88,5.484370425523403
320,2022-01-14 08:00:00,5.8,4.1,89,4.692190290150501
321,2022-01-14 09:00:00,7.4,4.7,83,5.7065381467470395
322,2022-01-14 10:00:00,11.1,5.9,71,8.087690943058467
323,2022-01-14 11:00:00,14.9,8.5,66,11.088548834190489
324,2022-01-14 12:00:00,17.7,10.0,61,13.063316843676855
325,2022-01-14 13:00:00,20.0,10.9,55,14.361090415434578
326,2022-01-14 14:00:00,21.5,9.1,45,14.276737863587837
327,2022-01-14 15:00:00,21.9,8.6,43,14.316153244984832
328,2022-01-14 16:00:00,21.8,9.1,44,14.381236997220451
329,2022-01-14 17:00:00,21.2,9.9,48,14.451464188571666
330,2022-01-14 18:00:00,19.5,11.2,59,14.433404188457907
331,2022-01-14 19:00:00,17.5,11.6,68,13.71480334230424
332,2022-01-14 20:00:00,16.5,12.6,78,13.939132127728417
333,2022-01-14 21:00:00,15.6,13.9,90,14.43575859685345
334,2022-01-14 22:00:00,14.9,14.0,94,14.195412799239016
335,2022-01-14 23:00:00,14.6,13.9,96,14.121381482896012
336,2022-01-15 00:00:00,13.9,13.4,96,13.422390043106596
337,2022-01-15 01:00:00,14.3,13.4,95,13.7102788271628
338,2022-01-15 02:00:00,15.0,13.7,92,14.069488655405781
339,2022-01-15 03:00:00,15.4,13.9,91,14.351980634755162
340,2022-01-15 04:00:00,15.6,14.2,92,14.663265072910473
341,2022-01-15 05:00:00,15.6,14.4,93,14.77721972501963
342,2022-01-15 06:00:00,15.8,12.9,83,13.836798082130777
343,2022-01-15 07:00:00,13.6,6.9,64,9.682055908508804
344,2022-01-15 08:00:00,11.7,2.7,54,6.957966292151394
345,2022-01-15 09:00:00,9.9,1.6,56,5.564481984518865
346,2022-01-15 10:00:00,8.6,0.1,55,4.328482839106657
347,2022-01-15 11:00:00,8.4,-1.6,49,3.6407732392474568
348,2022-01-15 12:00:00,7.5,-4.3,43,2.3911044969401782
349,2022-01-15 13:00:00,8.2,-3.5,43,2.970851478001582
350,2022-01-15 14:00:00,9.9,-3.4,39,4.0151726054171295
351,2022-01-15 15:00:00,8.8,-5.0,37,2.9558538832117067
352,2022-01-15 16:00:00,8.8,-6.0,35,2.7852128343818903
353,2022-01-15 17:00:00,7.9,-7.1,34,1.9975749561256873
354,2022-01-15 18:00:00,7.2,-7.8,33,1.375363912632813
355,2022-01-15 19:00:00,7.0,-7.1,36,1.445454330056589
356,2022-01-15 20:00:00,5.8,-8.1,36,0.4953371946965408
357,2022-01-15 21:00:00,5.6,-7.8,38,0.4723740213136196
358,2022-01-15 22:00:00,4.8,-8.1,39,-0.10585319260042514
359,2022-01-15 23:00:00,3.4,-8.6,41,-1.1222185198650791
360,2022-01-16 00:00:00,3.0,-8.8,42,-1.3931449379329255
361,2022-01-16 01:00:00,2.5,-8.4,44,-1.6948102733967865
362,2022-01-16 02:00:00,2.1,-8.0,47,-1.8632237536420027
363,2022-01-16 03:00:00,1.8,-7.6,50,-1.9498619222689708
364,2022-01-16 04:00:00,1.4,-7.2,53,-2.1247885923141716
365,2022-01-16 05:00:00,1.1,-6.8,55,-2.2724463370992045
366,2022-01-16 06:00:00,0.9,-6.6,57,-2.33301174361861
367,2022-01-16 07:00:00,1.0,-5.3,62,-1.941030981873178
368,2022-01-16 08:00:00,0.8,-5.2,64,-1.9973541139832713
369,2022-01-16 09:00:00,1.4,-4.6,65,-1.3844266893533819
370,2022-01-16 10:00:00,3.0,-3.8,61,-0.19863121845504228
371,2022-01-16 11:00:00,4.9,-2.8,58,1.2916530700465492
372,2022-01-16 12:00:00,6.8,-1.4,56,2.824297571910125
373,2022-01-16 13:00:00,8.7,-0.1,54,4.32944371310845
374,2022-01-16 14:00:00,10.2,0.9,52,5.458264930596343
375,2022-01-16 15:00:00,11.4,1.5,51,6.4025402491116346
376,2022-01-16 16:00:00,11.9,1.6,50,6.73495068182417
377,2022-01-16 17:00:00,11.9,1.5,49,6.635293135801213
378,2022-01-16 18:00:00,11.2,1.6,51,6.229734313102133
379,2022-01-16 19:00:00,8.6,2.1,64,5.1198931558790886
380,2022-01-16 20:00:00,7.8,1.8,66,4.563555426727444
381,2022-01-16 21:00:00,6.7,1.6,70,3.889991058965114
382,2022-01-16 22:00:00,5.8,1.5,74,3.384391181938531
383,2022-01-16 23:00:00,4.7,1.4,79,2.7567877262758103
384,2022-01-17 00:00:00,4.7,1.1,78,2.6738208084658943
385,2022-01-17 01:00:00,5.0,0.9,75,2.711583645633503
386,2022-01-17 02:00:00,3.3,0.8,84,1.8198076661564464
387,2022-01-17 03:00:00,4.2,0.6,77,2.11533270423576
388,2022-01-17 04:00:00,4.8,0.6,74,2.440906187963704
389,2022-01-17 05:00:00,4.3,0.6,77,2.2105287139559255
390,2022-01-17 06:00:00,3.0,0.4,83,1.4477572563361623
391,2022-01-17 07:00:00,0.9,-0.4,91,0.035526258336021854
392,2022-01-17 08:00:00,0.6,-1.1,88,-0.49537215983571414
393,2022-01-17 09:00:00,2.4,-0.1,84,0.9464026559682841
394,2022-01-17 10:00:00,6.8,2.8,76,4.502520726664276
395,2022-01-17 11:00:00,10.9,3.7,61,6.928686427362029
396,2022-01-17 12:00:00,13.4,2.2,47,7.705894377912239
397,2022-01-17 13:00:00,14.8,1.4,40,8.090681028848282
398,2022-01-17 14:00:00,15.8,1.5,38,8.65958045822552
399,2022-01-17 15:00:00,16.4,1.5,37,9.014535675376218
400,2022-01-17 16:00:00,16.8,1.8,36,9.203609474290916
401,2022-01-17 17:00:00,16.8,2.2,37,9.33338936350674
402,2022-01-17 18:00:00,15.2,9.1,67,11.475351744145321
403,2022-01-17 19:00:00,12.4,3.8,56,7.774258689791676
404,2022-01-17 20:00:00,11.6,3.7,59,7.362732161294096
405,2022-01-17 21:00:00,10.6,3.0,59,6.467687321316223
406,2022-01-17 22:00:00,9.9,3.5,65,6.399675974418569
407,2022-01-17 23:00:00,9.4,4.2,70,6.405331827925066
408,2022-01-18 00:00:00,8.9,4.8,76,6.495761527367971
409,2022-01-18 01:00:00,8.5,5.6,82,6.676671404990451
410,2022-01-18 02:00:00,8.1,5.8,85,6.572127924914135
411,2022-01-18 03:00:00,8.2,5.9,85,6.669422095022625
412,2022-01-18 04:00:00,8.6,6.2,85,7.05859852925618
413,2022-01-18 05:00:00,8.8,6.5,85,7.253186599754933
414,2022-01-18 06:00:00,9.0,6.8,86,7.544539813422402
415,2022-01-18 07:00:00,9.7,7.6,87,8.326116505716282
416,2022-01-18 08:00:00,9.2,7.3,88,7.935058243286251
417,2022-01-18 09:00:00,11.4,8.6,83,9.578111366707358
418,2022-01-18 10:00:00,14.3,10.1,76,11.62117408807693
419,2022-01-18 11:00:00,17.1,12.0,72,13.812155591170853
420,2022-01-18 12:00:00,19.2,12.8,66,15.040209068172121
421,2022-01-18 13:00:00,21.2,11.8,55,15.417112788734435
422,2022-01-18 14:00:00,21.3,11.9,55,15.505114355151889
423,2022-01-18 15:00:00,22.0,11.6,52,15.702022794102742
424,2022-01-18 16:00:00,21.5,12.1,55,15.681117353133601
425,2022-01-18 17:00:00,21.1,12.1,56,15.464001361822316
426,2022-01-18 18:00:00,20.0,12.4,62,15.266311303848422
427,2022-01-18 19:00:00,18.2,12.4,69,14.48299822046932
428,2022-01-18 20:00:00,17.0,12.6,76,14.183849702132132
429,2022-01-18 21:00:00,16.4,13.5,83,14.417524853479712
430,2022-01-18 22:00:00,16.0,13.9,87,14.486576066795887
431,2022-01-18 23:00:00,15.6,13.6,88,14.208759338907601
432,2022-01-19 00:00:00,15.4,13.4,88,14.012707370336898
433,2022-01-19 01:00:00,16.0,13.4,85,14.258297066011792
434,2022-01-19 02:00:00,16.3,13.1,81,14.091567862356062
435,2022-01-19 03:00:00,16.0,13.4,84,14.144293876471494
436,2022-01-19 04:00:00,15.7,12.7,82,13.626938694835843
437,2022-01-19 05:00:00,15.2,12.6,84,13.36795927885722
438,2022-01-19 06:00:00,15.4,13.1,86,13.787148903017457
439,2022-01-19 07:00:00,16.6,15.1,91,15.536772749066209
440,2022-01-19 08:00:00,17.5,16.1,92,16.543553294559217
441,2022-01-19 09:00:00,18.2,16.8,91,17.116491985314127
442,2022-01-19 10:00:00,19.9,17.8,88,18.423859925302278
443,2022-01-19 11:00:00,20.0,17.9,87,18.397940311223135
444,2022-01-19 12:00:00,19.4,17.5,89,18.056234398277336
445,2022-01-19 13:00:00,18.8,16.4,86,17.103501983253633
446,2022-01-19 14:00:00,19.8,17.8,88,18.325834678745622
447,2022-01-19 15:00:00,18.6,16.9,89,17.27012341571584
448,2022-01-19 16:00:00,18.8,17.1,90,17.587750513417802
449,2022-01-19 17:00:00,18.7,16.5,87,17.126749944323095
450,2022-01-19 18:00:00,18.0,16.7,92,17.038365058726637
451,2022-01-19 19:00:00,19.0,17.6,92,18.027987465327424
452,2022-01-19 20:00:00,18.3,17.1,93,17.455341623018093
453,2022-01-19 21:00:00,17.9,17.0,94,17.177842709166267
454,2022-01-19 22:00:00,16.6,16.5,99,16.46901153442557
455,2022-01-19 23:00:00,16.6,16.0,96,16.118495937429927
456,2022-01-20 00:00:00,16.0,14.9,93,15.173979222897724
457,2022-01-20 01:00:00,13.1,10.6,85,11.43680765405475
458,2022-01-20 02:00:00,11.6,9.0,84,9.874436890395941
459,2022-01-20 03:00:00,10.1,6.2,76,7.634749729801388
460,2022-01-20 04:00:00,9.0,3.1,67,5.757549009269518
461,2022-01-20 05:00:00,7.9,2.4,68,4.831034256179894
462,2022-01-20 06:00:00,7.9,1.7,65,4.568158248662218
463,2022-01-20 07:00:00,6.8,1.4,68,3.8130781421120297
464,2022-01-20 08:00:00,5.8,-0.3,65,2.6450423729468913
465,2022-01-20 09:00:00,5.4,-1.5,61,1.9666730207235492
466,2022-01-20 10:00:00,7.4,1.8,67,4.281960171401634
467,2022-01-20 11:00:00,6.7,0.9,67,3.636386192799856
468,2022-01-20 12:00:00,6.4,0.3,65,3.194506492985388
469,2022-01-20 13:00:00,6.6,-0.3,62,3.1308184042083553
470,2022-01-20 14:00:00,6.8,-0.3,60,3.1479187473263517
471,2022-01-20 15:00:00,7.2,-0.9,56,3.177873881321716
472,2022-01-20 16:00:00,7.2,-2.0,52,2.853756845142409
473,2022-01-20 17:00:00,6.9,-3.3,48,2.27938829151239
474,2022-01-20 18:00:00,6.6,-5.2,43,1.645704301675611
475,2022-01-20 19:00:00,5.3,-1.0,64,2.108795610177993
476,2022-01-20 20:00:00,4.8,-0.6,68,1.9622338483275783
477,2022-01-20 21:00:00,4.2,-0.3,72,1.716895306937742
478,2022-01-20 22:00:00,3.8,-0.4,74,1.497417107207692
479,2022-01-20 23:00:00,3.2,0.6,83,1.6413394590173738
480,2022-01-21 00:00:00,3.2,-0.1,79,1.320659685976116
481,2022-01-21 01:00:00,3.1,-1.1,74,0.8369722339079422
482,2022-01-21 02:00:00,3.2,-1.5,71,0.704014596126429
483,2022-01-21 03:00:00,3.2,-1.5,71,0.704014596126429
484,2022-01-21 04:00:00,3.2,-2.2,67,0.4084781250995473
485,2022-01-21 05:00:00,3.3,-5.6,52,-0.5322357422275061
486,2022-01-21 06:00:00,3.2,-8.8,41,-1.2859028710687461
487,2022-01-21 07:00:00,3.2,-7.9,44,-1.111651113818589
488,2022-01-21 08:00:00,3.0,-8.6,42,-1.3931449379329255
489,2022-01-21 09:00:00,2.5,-8.7,43,-1.7501874200502687
490,2022-01-21 10:00:00,2.6,-8.4,44,-1.6115012359263474
491,2022-01-21 11:00:00,3.1,-7.7,45,-1.1360610994956581
492,2022-01-21 12:00:00,4.3,-6.3,46,-0.06568160144556412
493,2022-01-21 13:00:00,5.9,-5.1,45,1.209632931538028
494,2022-01-21 14:00:00,7.6,-4.5,42,2.3943424860080356
495,2022-01-21 15:00:00,8.6,-4.3,40,3.048994119384373
496,2022-01-21 16:00:00,9.2,-4.8,37,3.274757338814532
497,2022-01-21 17:00:00,9.1,-5.0,37,3.195031782171733
498,2022-01-21 18:00:00,8.4,-4.9,39,2.8031593355550397
499,2022-01-21 19:00:00,6.3,-3.5,50,1.9197485476089762
500,2022-01-21 20:00:00,5.8,-4.0,49,1.416190001621482
501,2022-01-21 21:00:00,5.2,-4.8,49,0.9028133845764916
502,2022-01-21 22:00:00,4.3,-4.3,53,0.40479720243603534
503,2022-01-21 23:00:00,3.8,-4.2,56,0.17243229812190997
504,2022-01-22 00:00:00,3.3,-5.5,53,-0.467462941589722
505,2022-01-22 01:00:00,2.8,-6.1,52,-0.9663496112340835
506,2022-01-22 02:00:00,2.2,-6.3,53,-1.4269620639108416
507,2022-01-22 03:00:00,1.7,-6.4,55,-1.7443515506018166
508,2022-01-22 04:00:00,1.1,-6.4,57,-2.1554585092830703
509,2022-01-22 05:00:00,0.7,-6.6,58,-2.45246490473995
510,2022-01-22 06:00:00,0.2,-6.9,59,-2.841186397638972
511,2022-01-22 07:00:00,0.0,-6.8,60,-2.963149965863736
512,2022-01-22 08:00:00,-0.4,-6.8,62,-3.209030121823943
513,2022-01-22 09:00:00,-0.1,-6.1,64,-2.81860098765673
514,2022-01-22 10:00:00,1.6,-5.2,61,-1.4617453464262584
515,2022-01-22 11:00:00,3.5,-3.8,59,0.1126817781406535
516,2022-01-22 12:00:00,5.7,-2.7,55,1.7761851186216973
517,2022-01-22 13:00:00,7.8,-2.2,49,3.1274145889441316
518,2022-01-22 14:00:00,9.4,-2.1,44,4.05310816724279
519,2022-01-22 15:00:00,10.4,-2.0,42,4.699592602995521
520,2022-01-22 16:00:00,10.9,-2.1,40,4.919363446957826
521,2022-01-22 17:00:00,10.9,-2.2,40,4.919363446957826
522,2022-01-22 18:00:00,10.1,-1.2,45,4.727956206389795
523,2022-01-22 19:00:00,7.1,-0.9,57,3.1709661006257903
524,2022-01-22 20:00:00,6.8,-1.6,55,2.744306341864595
525,2022-01-22 21:00:00,6.1,-3.1,52,1.898749478076799
526,2022-01-22 22:00:00,5.6,-3.8,51,1.3910203351143373
527,2022-01-22 23:00:00,4.3,-2.7,60,0.9012440008514524
528,2022-01-23 00:00:00,3.3,-2.4,66,0.4278701073637592
529,2022-01-23 01:00:00,4.2,-3.0,59,0.7392479083474033
530,2022-01-23 02:00:00,4.5,-3.7,55,0.7200405162114389
531,2022-01-23 03:00:00,4.6,-3.7,55,0.8080530771512047
532,2022-01-23 04:00:00,4.7,-4.8,50,0.5439161139801012
533,2022-01-23 05:00:00,4.8,-5.2,49,0.5605598050325264
534,2022-01-23 06:00:00,4.7,-6.0,46,0.2712584048298883
535,2022-01-23 07:00:00,4.8,-4.7,51,0.699749433305966
536,2022-01-23 08:00:00,4.8,-5.0,49,0.5605598050325264
537,2022-01-23 09:00:00,5.1,-4.4,50,0.8878770492878143
538,2022-01-23 10:00:00,6.1,-3.2,52,1.898749478076799
539,2022-01-23 11:00:00,7.9,-2.8,47,3.0485548011422186
540,2022-01-23 12:00:00,9.6,-1.5,46,4.39859046066147
541,2022-01-23 13:00:00,11.0,-0.2,46,5.577773335901682
542,2022-01-23 14:00:00,11.9,0.8,46,6.335808196112751
543,2022-01-23 15:00:00,12.3,1.1,46,6.67270987745254
544,2022-01-23 16:00:00,12.4,1.0,46,6.7569350443016845
545,2022-01-23 17:00:00,12.0,0.6,45,6.319506189394245
546,2022-01-23 18:00:00,11.7,0.2,45,6.068211517406628
547,2022-01-23 19:00:00,10.6,1.8,54,5.994182529857046
548,2022-01-23 20:00:00,10.6,1.0,52,5.805526778457089
549,2022-01-23 21:00:00,10.7,0.6,50,5.703146599071314
550,2022-01-23 22:00:00,10.2,0.6,51,5.365699583786935
551,2022-01-23 23:00:00,9.6,0.8,54,5.118007697224748
552,2022-01-24 00:00:00,10.2,0.9,52,5.458264930596343
553,2022-01-24 01:00:00,10.4,0.8,51,5.538507213846566
554,2022-01-24 02:00:00,10.1,2.3,59,6.020162693369272
555,2022-01-24 03:00:00,10.1,1.2,54,5.556096062354616
556,2022-01-24 04:00:00,10.2,0.6,51,5.365699583786935
557,2022-01-24 05:00:00,10.4,0.6,51,5.538507213846566
558,2022-01-24 06:00:00,10.1,1.9,57,5.834070414676155
559,2022-01-24 07:00:00,10.1,5.0,71,7.153062329311245
560,2022-01-24 08:00:00,10.3,5.4,72,7.43643368493529
561,2022-01-24 09:00:00,9.9,6.7,80,7.832640261313088
562,2022-01-24 10:00:00,9.9,7.3,84,8.224707869038408
563,2022-01-24 11:00:00,9.8,8.0,89,8.622829312225129
564,2022-01-24 12:00:00,10.0,8.7,92,9.121328004103258
565,2022-01-24 13:00:00,10.9,9.7,92,10.012000206422705
566,2022-01-24 14:00:00,11.5,10.4,93,10.710419959341461
567,2022-01-24 15:00:00,11.4,10.4,94,10.715893528036446
568,2022-01-24 16:00:00,12.1,10.9,93,11.305563148791526
569,2022-01-24 17:00:00,12.6,11.6,93,11.801515332532599
570,2022-01-24 18:00:00,12.4,11.9,96,11.924548739412312
571,2022-01-24 19:00:00,9.6,9.0,96,9.128568736971205
572,2022-01-24 20:00:00,9.4,8.9,97,9.029950899778534
573,2022-01-24 21:00:00,9.2,8.6,96,8.729141959603488
574,2022-01-24 22:00:00,9.1,8.5,96,8.629285222445242
575,2022-01-24 23:00:00,9.1,8.4,95,8.529155637046946
576,2022-01-25 00:00:00,9.1,8.4,95,8.529155637046946
577,2022-01-25 01:00:00,9.0,8.4,96,8.529428468062617
578,2022-01-25 02:00:00,9.1,8.2,94,8.429341021972103
579,2022-01-25 03:00:00,9.1,8.2,95,8.529155637046946
580,2022-01-25 04:00:00,8.0,7.6,97,7.62892027178281
581,2022-01-25 05:00:00,7.5,7.1,97,7.128551376779921
582,2022-01-25 06:00:00,5.9,5.7,98,5.621270712449775
583,2022-01-25 07:00:00,8.1,7.8,98,7.827611843911091
584,2022-01-25 08:00:00,8.6,8.2,98,8.32905186155544
585,2022-01-25 09:00:00,9.1,8.6,97,8.729730329271574
586,2022-01-25 10:00:00,9.9,8.9,93,9.123368340072355
587,2022-01-25 11:00:00,11.1,9.2,89,9.900279647076388
588,2022-01-25 12:00:00,11.9,9.4,85,10.269289670494455
589,2022-01-25 13:00:00,12.8,9.4,80,10.616846304652043
590,2022-01-25 14:00:00,14.1,9.4,73,11.107226560535665
591,2022-01-25 15:00:00,15.1,9.4,69,11.604647403270786
592,2022-01-25 16:00:00,15.4,9.4,67,11.659794507882033
593,2022-01-25 17:00:00,15.8,9.1,65,11.802547654636697
594,2022-01-25 18:00:00,15.8,9.2,65,11.802547654636697
595,2022-01-25 19:00:00,12.2,8.9,80,10.040805468642871
596,2022-01-25 20:00:00,12.6,8.8,77,10.111679684398306
597,2022-01-25 21:00:00,12.5,8.1,75,9.809100991135818
598,2022-01-25 22:00:00,11.8,7.7,76,9.248308670559346
599,2022-01-25 23:00:00,11.2,7.2,76,8.678818280659868
600,2022-01-26 00:00:00,9.7,6.8,82,7.835058164730512
601,2022-01-26 01:00:00,8.3,6.7,89,7.148843792913274
602,2022-01-26 02:00:00,7.4,6.3,92,6.548266254406997
603,2022-01-26 03:00:00,7.3,5.9,91,6.3545669394301
604,2022-01-26 04:00:00,6.8,5.2,90,5.767685893874678
605,2022-01-26 05:00:00,6.2,4.4,88,4.994231132438946
606,2022-01-26 06:00:00,5.6,3.0,83,3.964316393235338
607,2022-01-26 07:00:00,4.8,1.6,80,2.936220252895673
608,2022-01-26 08:00:00,4.1,0.5,77,2.020136657170731
609,2022-01-26 09:00:00,4.2,-0.1,74,1.8748132399557047
610,2022-01-26 10:00:00,5.3,-0.8,65,2.1871540592037366
611,2022-01-26 11:00:00,6.6,-0.3,61,3.0493101092605164
612,2022-01-26 12:00:00,8.1,0.6,59,4.230048694287541
613,2022-01-26 13:00:00,9.5,1.6,58,5.392191368255721
614,2022-01-26 14:00:00,10.8,2.5,57,6.455452543763462
615,2022-01-26 15:00:00,11.6,3.0,56,7.067134605377802
616,2022-01-26 16:00:00,12.2,3.3,55,7.496762268781872
617,2022-01-26 17:00:00,12.3,3.2,54,7.483662902978782
618,2022-01-26 18:00:00,12.1,3.0,54,7.308430977091756
619,2022-01-26 19:00:00,9.8,4.4,69,6.683518988345231
620,2022-01-26 20:00:00,9.0,4.2,72,6.217527950228886
621,2022-01-26 21:00:00,7.7,4.2,79,5.629021181553965
622,2022-01-26 22:00:00,7.0,4.1,82,5.228682473293219
623,2022-01-26 23:00:00,6.4,3.3,80,4.472360519948765
624,2022-01-27 00:00:00,5.8,1.5,74,3.384391181938531
625,2022-01-27 01:00:00,5.1,0.8,74,2.723952108217273
626,2022-01-27 02:00:00,4.6,0.6,76,2.4143470060176
627,2022-01-27 03:00:00,5.1,-0.2,69,2.3194037714032163
628,2022-01-27 04:00:00,6.1,-0.2,64,2.8387643200587913
629,2022-01-27 05:00:00,6.2,0.2,66,3.0931020963427702
630,2022-01-27 06:00:00,6.4,-0.8,60,2.7884537317917433
631,2022-01-27 07:00:00,6.1,-0.8,61,2.598212483918876
632,2022-01-27 08:00:00,5.8,-1.4,60,2.2492541536242436
633,2022-01-27 09:00:00,6.2,-0.8,61,2.688432140155764
634,2022-01-27 10:00:00,7.4,-0.1,59,3.6035026583651177
635,2022-01-27 11:00:00,8.9,1.3,59,4.946097341907796
636,2022-01-27 12:00:00,11.1,2.0,53,6.335909831938068
637,2022-01-27 13:00:00,12.6,2.2,49,7.234183469425073
638,2022-01-27 14:00:00,13.7,3.3,49,8.175288437431135
639,2022-01-27 15:00:00,14.4,4.3,51,8.994591488389336
640,2022-01-27 16:00:00,14.3,4.4,52,9.017640136719184
641,2022-01-27 17:00:00,14.4,4.6,52,9.104452633034647
642,2022-01-27 18:00:00,14.1,5.0,54,9.060738178778095
643,2022-01-27 19:00:00,14.3,5.3,55,9.344884873389162
644,2022-01-27 20:00:00,12.4,5.9,65,8.689046521429875
645,2022-01-27 21:00:00,11.3,5.8,69,8.076301889158781
646,2022-01-27 22:00:00,11.9,4.1,59,7.631244494290247
647,2022-01-27 23:00:00,11.4,3.3,57,6.988063291751091
648,2022-01-28 00:00:00,11.1,2.8,57,6.7217582026112765
649,2022-01-28 01:00:00,10.8,2.2,55,6.264664548707501
650,2022-01-28 02:00:00,10.4,0.8,51,5.538507213846566
651,2022-01-28 03:00:00,9.9,-0.9,47,4.742169906690053
652,2022-01-28 04:00:00,9.6,-2.8,42,4.040961633783223
653,2022-01-28 05:00:00,9.1,-4.2,39,3.3687705467366147
654,2022-01-28 06:00:00,8.5,-4.1,41,3.0514544495945444
655,2022-01-28 07:00:00,8.5,-3.2,44,3.303421065501075
656,2022-01-28 08:00:00,8.6,-3.8,41,3.133286408512033
657,2022-01-28 09:00:00,8.2,-3.2,44,3.0535229067121996
658,2022-01-28 10:00:00,8.0,-1.4,51,3.464791850501669
659,2022-01-28 11:00:00,9.0,0.1,54,4.592299090606083
660,2022-01-28 12:00:00,10.4,0.8,51,5.538507213846566
661,2022-01-28 13:00:00,11.2,1.2,50,6.133066488153522
662,2022-01-28 14:00:00,12.4,0.0,43,6.449189796783616
663,2022-01-28 15:00:00,12.8,-1.4,38,6.25175968194379
664,2022-01-28 16:00:00,13.0,-1.5,36,6.195550000543522
665,2022-01-28 17:00:00,13.1,-2.3,34,6.054454747508364
666,2022-01-28 18:00:00,12.4,-1.8,37,5.825874873785315
667,2022-01-28 19:00:00,10.6,-2.3,40,4.675407019920053
668,2022-01-28 20:00:00,9.4,-2.7,43,3.9646866299141355
669,2022-01-28 21:00:00,8.4,-2.5,46,3.3878441965905886
670,2022-01-28 22:00:00,7.6,-2.5,49,2.9562941723294385
671,2022-01-28 23:00:00,6.9,-2.7,51,2.514320630725093
672,2022-01-29 00:00:00,6.3,-2.8,52,2.07238807830388
673,2022-01-29 01:00:00,5.5,-3.0,55,1.600161933027131
674,2022-01-29 02:00:00,4.7,-2.8,59,1.1867927608101088
675,2022-01-29 03:00:00,3.8,-2.3,64,0.740093808926777
676,2022-01-29 04:00:00,3.2,-2.2,68,0.48154356262865416
677,2022-01-29 05:00:00,2.3,-1.9,74,0.08217547193685792
678,2022-01-29 06:00:00,1.7,-1.5,79,-0.11547645671274775
679,2022-01-29 07:00:00,1.4,-1.9,79,-0.40270469743641435
680,2022-01-29 08:00:00,0.6,-2.2,81,-1.0231312435510604
681,2022-01-29 09:00:00,2.5,-1.5,75,0.3456984614148091
682,2022-01-29 10:00:00,6.2,0.7,68,3.2578269321581645
683,2022-01-29 11:00:00,9.4,0.8,55,5.032553069080764
684,2022-01-29 12:00:00,11.6,0.2,45,5.984446408211536
685,2022-01-29 13:00:00,13.0,0.1,41,6.733743373032263
686,2022-01-29 14:00:00,14.1,0.1,38,7.295164194215966
687,2022-01-29 15:00:00,14.7,0.1,37,7.659383482404454
688,2022-01-29 16:00:00,15.1,0.0,36,7.857925639594791
689,2022-01-29 17:00:00,15.0,-0.2,36,7.778766459827187
690,2022-01-29 18:00:00,14.1,1.4,42,7.745651146229113
691,2022-01-29 19:00:00,11.1,1.1,50,6.047082686471919
692,2022-01-29 20:00:00,10.4,0.2,49,5.351941905536323
693,2022-01-29 21:00:00,9.6,1.0,55,5.208569871058126
694,2022-01-29 22:00:00,8.8,1.4,60,4.945228102680785
695,2022-01-29 23:00:00,8.1,0.9,60,4.316172734610062
696,2022-01-30 00:00:00,7.8,0.5,60,4.046576632870988
697,2022-01-30 01:00:00,7.3,0.6,62,3.764784859555723
698,2022-01-30 02:00:00,7.2,0.9,64,3.8424652561196346
699,2022-01-30 03:00:00,6.8,1.3,68,3.8130781421120297
700,2022-01-30 04:00:00,6.6,2.0,73,4.053005061595403
701,2022-01-30 05:00:00,6.2,2.7,78,4.105875381111627
702,2022-01-30 06:00:00,5.9,3.2,83,4.254687317316451
703,2022-01-30 07:00:00,6.3,3.6,83,4.641848151444579
704,2022-01-30 08:00:00,5.0,2.9,86,3.6428616868936032
705,2022-01-30 09:00:00,6.5,3.8,83,4.835428399660646
706,2022-01-30 10:00:00,9.6,5.6,76,7.160171871317642
707,2022-01-30 11:00:00,12.6,6.8,68,9.180423554561534
708,2022-01-30 12:00:00,15.1,7.6,61,10.717748211191385
709,2022-01-30 13:00:00,17.0,5.6,47,10.754180548276123
710,2022-01-30 14:00:00,18.0,3.5,38,10.425240999792877
711,2022-01-30 15:00:00,18.5,3.3,36,10.549254029616359
712,2022-01-30 16:00:00,18.8,4.2,38,11.067285362977838
713,2022-01-30 17:00:00,18.6,6.3,44,11.716047197218803
714,2022-01-30 18:00:00,17.6,8.5,55,12.249024852480037
715,2022-01-30 19:00:00,14.4,8.6,68,10.846123912624586
716,2022-01-30 20:00:00,14.3,9.0,70,10.970137004296918
717,2022-01-30 21:00:00,13.1,8.2,72,10.061748883310734
718,2022-01-30 22:00:00,12.2,7.9,75,9.525203834993416
719,2022-01-30 23:00:00,12.1,8.3,78,9.738553796751262
720,2022-01-31 00:00:00,13.7,8.9,73,10.731006137228595
721,2022-01-31 01:00:00,14.2,9.3,72,11.093115607308857
722,2022-01-31 02:00:00,14.4,9.7,74,11.498213653040146
723,2022-01-31 03:00:00,14.4,10.1,75,11.607110187016517
724,2022-01-31 04:00:00,14.6,10.1,75,11.79637371381759
725,2022-01-31 05:00:00,14.5,10.2,75,11.7017419643622
726,2022-01-31 06:00:00,14.2,10.6,79,11.852102390541585
727,2022-01-31 07:00:00,14.1,12.9,92,13.17882292418933
728,2022-01-31 08:00:00,14.1,12.8,92,13.17882292418933
729,2022-01-31 09:00:00,14.4,13.3,93,13.58693972142127
730,2022-01-31 10:00:00,15.2,13.6,90,14.041758416102965
731,2022-01-31 11:00:00,16.2,14.0,87,14.682144947104447
732,2022-01-31 12:00:00,18.2,14.6,80,15.801175275840489
733,2022-01-31 13:00:00,19.0,14.1,74,15.8380726783152
734,2022-01-31 14:00:00,18.1,13.4,74,14.988974222425643
735,2022-01-31 15:00:00,17.0,14.0,82,14.88183544575676
736,2022-01-31 16:00:00,16.6,14.6,88,15.189018111009467
737,2022-01-31 17:00:00,15.9,14.1,88,14.502837157018075
738,2022-01-31 18:00:00,15.4,14.1,92,14.465339665095499
739,2022-01-31 19:00:00,15.3,13.8,91,14.253247851760428
740,2022-01-31 20:00:00,14.9,13.7,93,14.082890000980246
741,2022-01-31 21:00:00,14.4,13.3,93,13.58693972142127
742,2022-01-31 22:00:00,14.2,13.4,94,13.499510522919035
743,2022-01-31 23:00:00,14.2,13.3,94,13.499510522919035
744,2022-02-01 00:00:00,14.4,13.6,94,13.69833982300312
745,2022-02-01 01:00:00,14.5,13.6,94,13.797754449475082
746,2022-02-01 02:00:00,14.6,13.6,94,13.897169060291528
747,2022-02-01 03:00:00,14.8,13.7,93,13.983699977082498
748,2022-02-01 04:00:00,14.6,13.5,93,13.785319881355182
749,2022-02-01 05:00:00,14.8,13.6,93,13.983699977082498
750,2022-02-01 06:00:00,14.8,13.8,93,13.983699977082498
751,2022-02-01 07:00:00,14.1,13.9,98,13.84486603239306
752,2022-02-01 08:00:00,13.8,13.6,98,13.544004608733445
753,2022-02-01 09:00:00,14.4,13.9,97,14.033606006614765
754,2022-02-01 10:00:00,15.1,14.3,95,14.50737087159985
755,2022-02-01 11:00:00,15.6,14.3,92,14.663265072910473
756,2022-02-01 12:00:00,17.0,14.6,86,15.347788277375603
757,2022-02-01 13:00:00,18.2,14.1,77,15.442464508414815
758,2022-02-01 14:00:00,19.0,13.9,73,15.715889374932956
759,2022-02-01 15:00:00,19.5,13.4,68,15.565547723029571
760,2022-02-01 16:00:00,19.8,13.2,66,15.591598549515115
761,2022-02-01 17:00:00,20.1,13.0,63,15.484957362188133
762,2022-02-01 18:00:00,19.6,13.1,66,15.407802183545822
763,2022-02-01 19:00:00,16.2,14.6,90,15.026758359504552
764,2022-02-01 20:00:00,15.2,14.1,93,14.38045997734135
765,2022-02-01 21:00:00,15.6,14.2,91,14.549446150988974
766,2022-02-01 22:00:00,15.8,14.2,91,14.746911601192458
767,2022-02-01 23:00:00,15.1,14.1,93,14.281270001065575
768,2022-02-02 00:00:00,14.1,13.3,95,13.511005663744623
769,2022-02-02 01:00:00,13.1,12.4,96,12.623541778590752
770,2022-02-02 02:00:00,12.3,11.8,97,11.932075561736365
771,2022-02-02 03:00:00,11.4,11.0,97,11.031417611488875
772,2022-02-02 04:00:00,11.0,10.4,96,10.526560338129974
773,2022-02-02 05:00:00,11.3,10.6,95,10.721174750263812
774,2022-02-02 06:00:00,10.7,10.1,96,10.226990982978947
775,2022-02-02 07:00:00,11.8,11.4,98,11.538258442094236
776,2022-02-02 08:00:00,14.6,13.8,95,14.009188457537302
777,2022-02-02 09:00:00,15.6,15.0,96,15.119939429566461
778,2022-02-02 10:00:00,17.0,16.1,94,16.283115133231288
779,2022-02-02 11:00:00,18.4,17.2,93,17.55453111503337
780,2022-02-02 12:00:00,21.0,18.6,86,19.24936667278001
781,2022-02-02 13:00:00,22.4,18.7,80,19.833387943691395
782,2022-02-02 14:00:00,22.9,18.2,75,19.650720133255046
783,2022-02-02 15:00:00,21.6,18.0,80,19.0653500973457
784,2022-02-02 16:00:00,21.5,18.4,82,19.225682747779924
785,2022-02-02 17:00:00,19.8,18.8,94,19.066708273026467
786,2022-02-02 18:00:00,19.5,18.5,94,18.768466673941862
787,2022-02-02 19:00:00,18.1,18.1,100,17.976490796588838
788,2022-02-02 20:00:00,18.4,18.3,100,18.277986309281122
789,2022-02-02 21:00:00,18.0,17.5,97,17.636214974142472
790,2022-02-02 22:00:00,17.4,16.5,94,16.68077197816478
791,2022-02-02 23:00:00,16.9,16.2,96,16.418062614936723
792,2022-02-03 00:00:00,17.0,16.5,97,16.635492040932025
793,2022-02-03 01:00:00,13.4,12.4,94,12.704192687610526
794,2022-02-03 02:00:00,10.3,8.9,91,9.31658644964373
795,2022-02-03 03:00:00,8.6,6.8,88,7.346894448815114
796,2022-02-03 04:00:00,7.2,5.2,87,5.881466252542278
797,2022-02-03 05:00:00,7.0,5.6,91,6.058363974128767
798,2022-02-03 06:00:00,6.0,4.8,92,5.1627658311840285
799,2022-02-03 07:00:00,4.8,3.5,91,3.886202936903217
800,2022-02-03 08:00:00,5.1,4.0,93,4.362184365934121
801,2022-02-03 09:00:00,5.3,3.5,88,4.111978891361032
802,2022-02-03 10:00:00,4.8,3.5,91,3.886202936903217
803,2022-02-03 11:00:00,4.3,2.3,87,3.0456531334122197
804,2022-02-03 12:00:00,5.0,1.8,80,3.128238235757344
805,2022-02-03 13:00:00,4.9,1.2,77,2.7817039956938103
806,2022-02-03 14:00:00,4.2,0.9,79,2.2780792527287215
807,2022-02-03 15:00:00,4.3,0.6,77,2.2105287139559255
808,2022-02-03 16:00:00,4.6,0.6,76,2.4143470060176
809,2022-02-03 17:00:00,3.8,-0.1,75,1.5759619492362145
810,2022-02-03 18:00:00,3.0,-0.3,79,1.1291753447923556
811,2022-02-03 19:00:00,1.4,-0.8,86,0.1313151708301774
812,2022-02-03 20:00:00,0.9,-0.4,90,-0.043956170128328864
813,2022-02-03 21:00:00,0.2,-1.8,86,-1.0392087339697196
814,2022-02-03 22:00:00,-0.4,-2.5,86,-1.6244723605989178
815,2022-02-03 23:00:00,-0.9,-3.2,85,-2.1844595905299347
816,2022-02-04 00:00:00,-1.4,-3.7,85,-2.6709439295322426
817,2022-02-04 01:00:00,-1.6,-4.2,83,-3.0046699856274266
818,2022-02-04 02:00:00,-1.9,-5.0,79,-3.5622390861547553
819,2022-02-04 03:00:00,-1.8,-6.4,71,-3.969351232259826
820,2022-02-04 04:00:00,-1.7,-7.6,64,-4.278610927958366
821,2022-02-04 05:00:00,-2.3,-8.6,62,-4.929913145871326
822,2022-02-04 06:00:00,-3.2,-9.6,62,-5.745079909871826
823,2022-02-04 07:00:00,-2.3,-8.4,63,-4.878446434955549
824,2022-02-04 08:00:00,-3.2,-9.1,64,-5.6473894485611895
825,2022-02-04 09:00:00,-3.2,-8.8,65,-5.597195869682217
826,2022-02-04 10:00:00,-2.2,-8.2,63,-4.787531114278327
827,2022-02-04 11:00:00,-1.5,-7.8,62,-4.205326866875959
828,2022-02-04 12:00:00,-0.4,-7.3,60,-3.322636646193634
829,2022-02-04 13:00:00,1.0,-6.9,55,-2.3604625275748683
830,2022-02-04 14:00:00,1.1,-6.2,58,-2.0958752785796433
831,2022-02-04 15:00:00,3.7,-5.2,52,-0.1849467783844556
832,2022-02-04 16:00:00,4.4,-4.8,51,0.3541112408073879
833,2022-02-04 17:00:00,5.3,-3.9,51,1.1317945899944366
834,2022-02-04 18:00:00,5.6,-4.2,50,1.3178255348516066
835,2022-02-04 19:00:00,0.6,-5.2,66,-2.0535981340336713
836,2022-02-04 20:00:00,0.4,-4.9,67,-2.173898895047555
837,2022-02-04 21:00:00,0.6,-4.8,68,-1.924608849907571
838,2022-02-04 22:00:00,0.9,-4.8,66,-1.7778771097251127
839,2022-02-04 23:00:00,0.9,-4.9,65,-1.8423288057513716
840,2022-02-05 00:00:00,0.0,-4.8,70,-2.3519281633081093
841,2022-02-05 01:00:00,-0.9,-4.9,74,-2.937041331028022
842,2022-02-05 02:00:00,-1.4,-5.2,75,-3.3451371059439916
843,2022-02-05 03:00:00,-1.6,-5.6,75,-3.5344126826489166
844,2022-02-05 04:00:00,-2.0,-6.3,72,-4.096579652478321
845,2022-02-05 05:00:00,-2.2,-7.1,70,-4.401567346930268
846,2022-02-05 06:00:00,-2.7,-7.2,71,-4.810572216594625
847,2022-02-05 07:00:00,-2.7,-6.7,74,-4.635373405701482
848,2022-02-05 08:00:00,-3.2,-6.5,78,-4.86847580243981
849,2022-02-05 09:00:00,-2.2,-5.7,77,-3.9772961360382584
850,2022-02-05 10:00:00,0.2,-4.7,69,-2.230534850412508
851,2022-02-05 11:00:00,2.7,-3.8,62,-0.4013387186334292
852,2022-02-05 12:00:00,4.8,-3.7,55,0.9840779162546873
853,2022-02-05 13:00:00,6.3,-3.7,49,1.8440005028338904
854,2022-02-05 14:00:00,7.5,-3.4,46,2.6297728266312745
855,2022-02-05 15:00:00,8.3,-3.3,44,3.1368224324132434
856,2022-02-05 16:00:00,8.7,-3.5,42,3.299990640828641
857,2022-02-05 17:00:00,8.8,-3.5,42,3.3823213526562252
858,2022-02-05 18:00:00,8.4,-3.7,42,3.052997581626
859,2022-02-05 19:00:00,8.2,-5.7,37,2.477492432368714
860,2022-02-05 20:00:00,5.3,-4.2,50,1.059856797442274
861,2022-02-05 21:00:00,3.2,-4.0,59,-0.15584778380509956
862,2022-02-05 22:00:00,2.2,-4.0,63,-0.7873392477799968
863,2022-02-05 23:00:00,1.5,-4.3,65,-1.2928464721739434
864,2022-02-06 00:00:00,0.6,-4.1,71,-1.7261186681383411
865,2022-02-06 01:00:00,0.1,-3.8,75,-1.9255765636688054
866,2022-02-06 02:00:00,-0.6,-3.9,78,-2.386172197207428
867,2022-02-06 03:00:00,-1.0,-3.9,81,-2.563526311468373
868,2022-02-06 04:00:00,-1.6,-4.2,82,-3.073254828920898
869,2022-02-06 05:00:00,-1.5,-4.3,82,-2.9767191990430355
870,2022-02-06 06:00:00,-1.5,-4.2,81,-3.044901792780952
871,2022-02-06 07:00:00,0.0,-4.2,74,-2.0878815917062044
872,2022-02-06 08:00:00,-1.8,-4.4,82,-3.266326204232086
873,2022-02-06 09:00:00,0.5,-3.2,76,-1.477300051344959
874,2022-02-06 10:00:00,5.2,-0.2,68,2.33240431208631
875,2022-02-06 11:00:00,8.4,1.5,61,4.673248414784064
876,2022-02-06 12:00:00,10.6,3.4,61,6.658035712440659
877,2022-02-06 13:00:00,11.9,4.5,61,7.830852014462874
878,2022-02-06 14:00:00,12.9,4.8,58,8.422933705455426
879,2022-02-06 15:00:00,13.4,5.1,57,8.763416531028266
880,2022-02-06 16:00:00,12.9,4.9,59,8.526281993573647
881,2022-02-06 17:00:00,12.4,4.9,60,8.180324379519286
882,2022-02-06 18:00:00,11.9,4.9,62,7.930780769861151
883,2022-02-06 19:00:00,10.9,4.1,63,7.12174217085748
884,2022-02-06 20:00:00,9.6,4.3,70,6.5916521702919475
885,2022-02-06 21:00:00,9.2,4.7,73,6.498490862620814
886,2022-02-06 22:00:00,9.1,5.2,76,6.685593215858361
887,2022-02-06 23:00:00,7.7,5.5,86,6.276498754441079
888,2022-02-07 00:00:00,7.2,5.1,86,5.7887895702443135
889,2022-02-07 01:00:00,6.9,5.4,90,5.866187598194703
890,2022-02-07 02:00:00,6.3,5.3,93,5.552484668338318
891,2022-02-07 03:00:00,5.9,5.1,94,5.2480343694011715
892,2022-02-07 04:00:00,5.6,4.8,94,4.949785847381605
893,2022-02-07 05:00:00,5.7,4.7,93,4.957334891486299
894,2022-02-07 06:00:00,5.8,4.3,90,4.782667626805891
895,2022-02-07 07:00:00,5.7,3.2,84,4.148875990464546
896,2022-02-07 08:00:00,5.9,0.8,70,3.1446988496290196
897,2022-02-07 09:00:00,6.1,0.6,68,3.165284893688269
898,2022-02-07 10:00:00,8.1,1.9,65,4.751310922841247
899,2022-02-07 11:00:00,10.7,2.5,57,6.366683862903763
900,2022-02-07 12:00:00,13.0,1.5,46,7.262283955798914
901,2022-02-07 13:00:00,14.1,1.0,41,7.6338166488234585
902,2022-02-07 14:00:00,14.9,1.7,41,8.2884062621532
903,2022-02-07 15:00:00,15.4,2.0,40,8.57855858107289
904,2022-02-07 16:00:00,15.5,1.9,40,8.659871091269755
905,2022-02-07 17:00:00,15.1,1.5,39,8.216540990843146
906,2022-02-07 18:00:00,14.2,2.0,44,8.051271804716748
907,2022-02-07 19:00:00,12.4,1.0,46,6.7569350443016845
908,2022-02-07 20:00:00,11.6,0.5,46,6.083130855686768
909,2022-02-07 21:00:00,10.4,0.8,51,5.538507213846566
910,2022-02-07 22:00:00,9.2,0.9,56,4.945736888667781
911,2022-02-07 23:00:00,8.4,-0.3,54,4.066587605718313
912,2022-02-08 00:00:00,7.6,-1.5,53,3.2831831358731955
913,2022-02-08 01:00:00,6.7,-2.2,53,2.498179204066221
914,2022-02-08 02:00:00,5.8,-2.9,53,1.7131676611671223
915,2022-02-08 03:00:00,4.7,-2.8,58,1.1133651917605443
916,2022-02-08 04:00:00,3.7,-2.8,63,0.5763290703524726
917,2022-02-08 05:00:00,3.0,-2.7,66,0.1521536737772884
918,2022-02-08 06:00:00,2.7,-2.8,67,-0.05265714283004108
919,2022-02-08 07:00:00,2.3,-2.7,70,-0.20915371291862428
920,2022-02-08 08:00:00,1.2,-2.8,75,-0.8845722872846995
921,2022-02-08 09:00:00,3.2,-1.8,69,0.555157247038494
922,2022-02-08 10:00:00,6.7,0.4,64,3.386238407735931
923,2022-02-08 11:00:00,9.9,2.0,58,5.748752981564461
924,2022-02-08 12:00:00,12.5,1.9,48,7.046287211436471
925,2022-02-08 13:00:00,14.0,0.1,38,7.214903179922292
926,2022-02-08 14:00:00,14.9,-0.4,35,7.579565511461109
927,2022-02-08 15:00:00,15.3,-0.2,35,7.893925664291849
928,2022-02-08 16:00:00,15.5,0.2,35,8.05110479473764
929,2022-02-08 17:00:00,15.4,0.2,36,8.0954022837486
930,2022-02-08 18:00:00,14.9,0.7,38,7.937247288392996
931,2022-02-08 19:00:00,12.0,1.6,49,6.720849159801764
932,2022-02-08 20:00:00,10.7,1.0,51,5.79771801230552
933,2022-02-08 21:00:00,9.3,-1.2,48,4.322385300334066
934,2022-02-08 22:00:00,8.1,-0.9,53,3.7192932663318743
935,2022-02-08 23:00:00,7.3,0.4,62,3.764784859555723
936,2022-02-09 00:00:00,6.8,0.9,66,3.6445236414275417
937,2022-02-09 01:00:00,6.2,1.0,69,3.3408014545452875
938,2022-02-09 02:00:00,5.7,1.1,73,3.2064846305850825
939,2022-02-09 03:00:00,5.2,1.2,76,2.9838507008326776
940,2022-02-09 04:00:00,4.7,1.5,80,2.8402112123398595
941,2022-02-09 05:00:00,4.4,1.6,82,2.7188196774878053
942,2022-02-09 06:00:00,4.1,1.7,84,2.5961656291404163
943,2022-02-09 07:00:00,3.5,1.5,86,2.179721729308426
944,2022-02-09 08:00:00,2.4,0.8,89,1.351117737942717
945,2022-02-09 09:00:00,5.1,2.2,82,3.3945539539209904
946,2022-02-09 10:00:00,8.9,4.5,74,6.3091702892078345
947,2022-02-09 11:00:00,12.1,5.7,65,8.414323531896642
948,2022-02-09 12:00:00,14.9,5.8,55,9.872914928750653
949,2022-02-09 13:00:00,16.8,5.4,47,10.584834072405704
950,2022-02-09 14:00:00,18.0,5.8,45,11.345214087383049
951,2022-02-09 15:00:00,18.6,5.8,43,11.58351090118105
952,2022-02-09 16:00:00,18.9,5.4,41,11.56125032658699
953,2022-02-09 17:00:00,18.8,5.3,41,11.479431171549255
954,2022-02-09 18:00:00,17.9,7.2,49,11.768512208685628
955,2022-02-09 19:00:00,14.4,6.3,58,9.760004708812843
956,2022-02-09 20:00:00,12.8,6.3,65,9.055343237917295
957,2022-02-09 21:00:00,11.9,6.8,71,8.835391226012545
958,2022-02-09 22:00:00,10.6,6.3,74,7.913066836682244
959,2022-02-09 23:00:00,9.8,5.7,76,7.350003109568092
960,2022-02-10 00:00:00,9.1,4.9,75,6.591583467049325
961,2022-02-10 01:00:00,8.3,4.8,78,6.110739205979932
962,2022-02-10 02:00:00,7.6,4.6,82,5.807878794036892
963,2022-02-10 03:00:00,6.8,4.3,85,5.307301429156976
964,2022-02-10 04:00:00,6.2,4.1,87,4.903602029558661
965,2022-02-10 05:00:00,5.4,3.7,89,4.299124397814813
966,2022-02-10 06:00:00,4.8,3.5,91,3.886202936903217
967,2022-02-10 07:00:00,4.8,3.6,92,3.975190731766734
968,2022-02-10 08:00:00,3.7,2.7,93,2.973496816426316
969,2022-02-10 09:00:00,6.6,4.3,86,5.203537733232205
970,2022-02-10 10:00:00,10.4,6.7,78,8.115589303814158
971,2022-02-10 11:00:00,13.9,8.6,71,10.704632244878075
972,2022-02-10 12:00:00,16.4,9.2,63,12.121532104366917
973,2022-02-10 13:00:00,18.0,8.2,53,12.353882393058516
974,2022-02-10 14:00:00,19.0,7.2,46,12.315596352763418
975,2022-02-10 15:00:00,19.5,6.7,43,12.328785635254654
976,2022-02-10 16:00:00,19.8,5.7,40,12.156206193019639
977,2022-02-10 17:00:00,19.8,4.8,38,11.869831032436252
978,2022-02-10 18:00:00,19.1,6.8,45,12.266559957291548
979,2022-02-10 19:00:00,15.6,7.2,57,10.716278674316015
980,2022-02-10 20:00:00,13.9,5.9,59,9.421314113141774
981,2022-02-10 21:00:00,12.4,5.2,61,8.2819328593151
982,2022-02-10 22:00:00,11.3,4.0,61,7.289553295270819
983,2022-02-10 23:00:00,10.2,3.5,63,6.4853951693099035
984,2022-02-11 00:00:00,9.4,3.7,68,6.219147357736405
985,2022-02-11 01:00:00,8.5,3.8,72,5.748716375661882
986,2022-02-11 02:00:00,8.3,4.8,79,6.203464464000836
987,2022-02-11 03:00:00,8.2,5.4,83,6.480856079270602
988,2022-02-11 04:00:00,8.1,5.7,85,6.572127924914135
989,2022-02-11 05:00:00,7.8,5.8,87,6.468183633150295
990,2022-02-11 06:00:00,7.1,5.4,89,5.969651871073472
991,2022-02-11 07:00:00,7.2,5.9,92,6.350337870830309
992,2022-02-11 08:00:00,4.9,4.3,96,4.435286076253494
993,2022-02-11 09:00:00,7.9,6.5,91,6.946972303365449
994,2022-02-11 10:00:00,11.6,8.9,83,9.771688987431975
995,2022-02-11 11:00:00,14.8,10.7,77,12.205926129729583
996,2022-02-11 12:00:00,17.3,11.8,70,13.764875136447259
997,2022-02-11 13:00:00,19.0,11.1,60,14.111163207981821
998,2022-02-11 14:00:00,20.1,9.8,52,14.052660811450977
999,2022-02-11 15:00:00,20.8,9.0,47,13.971708710511656
1000,2022-02-11 16:00:00,21.1,8.6,45,13.941711050501354
1001,2022-02-11 17:00:00,21.0,9.1,46,13.99997157920016
1002,2022-02-11 18:00:00,20.0,10.4,54,14.22990455601073
1003,2022-02-11 19:00:00,17.4,11.4,68,13.62226579466601
1004,2022-02-11 20:00:00,15.9,11.4,74,12.913391364341336
1005,2022-02-11 21:00:00,14.6,11.3,81,12.454975740362507
1006,2022-02-11 22:00:00,13.1,11.2,88,11.758104423491343
1007,2022-02-11 23:00:00,12.4,10.9,91,11.389989707094912
1008,2022-02-12 00:00:00,11.8,10.7,93,11.00799163224424
1009,2022-02-12 01:00:00,10.4,9.7,96,9.927421479676308
1010,2022-02-12 02:00:00,10.6,9.9,95,10.02371502171741
1011,2022-02-12 03:00:00,9.6,9.3,98,9.331930664505121
1012,2022-02-12 04:00:00,9.4,9.2,99,9.233068394472557
1013,2022-02-12 05:00:00,10.6,10.3,98,10.334807862156797
1014,2022-02-12 06:00:00,9.1,9.1,100,8.931569102912526
1015,2022-02-12 07:00:00,11.4,10.9,96,10.92598591668548
1016,2022-02-12 08:00:00,9.9,9.8,99,9.735566900336156
1017,2022-02-12 09:00:00,12.2,11.6,95,11.617907490518544
1018,2022-02-12 10:00:00,13.2,11.9,92,12.28815583677535
1019,2022-02-12 11:00:00,15.1,13.3,89,13.830875474254011
1020,2022-02-12 12:00:00,15.9,12.6,81,13.706487939850835
1021,2022-02-12 13:00:00,15.3,10.5,73,12.23588495180286
1022,2022-02-12 14:00:00,14.6,8.2,66,10.81284912527462
1023,2022-02-12 15:00:00,14.4,6.6,60,9.977569878957434
1024,2022-02-12 16:00:00,12.2,5.3,63,8.303523070315194
1025,2022-02-12 17:00:00,10.1,4.1,67,6.7720095250319225
1026,2022-02-12 18:00:00,8.1,3.8,75,5.645247590214284
1027,2022-02-12 19:00:00,7.8,3.2,73,5.1816939926438454
1028,2022-02-12 20:00:00,6.9,2.8,75,4.509639926992305
1029,2022-02-12 21:00:00,6.2,2.2,76,3.933020552313131
1030,2022-02-12 22:00:00,5.8,1.6,75,3.46866163637287
1031,2022-02-12 23:00:00,5.3,-0.7,65,2.1871540592037366
1032,2022-02-13 00:00:00,4.8,-4.2,53,0.8409232546504191
1033,2022-02-13 01:00:00,3.7,-7.0,46,-0.5710963410066174
1034,2022-02-13 02:00:00,3.0,-9.1,41,-1.4495881477961703
1035,2022-02-13 03:00:00,2.5,-10.8,37,-2.067380033671311
1036,2022-02-13 04:00:00,2.0,-11.4,37,-2.466097524815573
1037,2022-02-13 05:00:00,1.4,-11.6,37,-2.9445696565948025
1038,2022-02-13 06:00:00,0.8,-11.5,39,-3.338456851961652
1039,2022-02-13 07:00:00,0.2,-11.0,43,-3.6553506903072694
1040,2022-02-13 08:00:00,-0.9,-10.6,48,-4.360888566485684
1041,2022-02-13 09:00:00,0.9,-8.4,50,-2.7238167329698326
1042,2022-02-13 10:00:00,3.6,-7.3,45,-0.7171775084438443
1043,2022-02-13 11:00:00,5.9,-6.4,41,0.9237626047128398
1044,2022-02-13 12:00:00,8.3,-4.8,39,2.7223569927803704
1045,2022-02-13 13:00:00,10.4,-3.2,38,4.3254051618934195
1046,2022-02-13 14:00:00,12.1,-2.0,38,5.689915932971221
1047,2022-02-13 15:00:00,13.1,-1.5,36,6.274712370734624
1048,2022-02-13 16:00:00,13.9,-1.4,35,6.793653732163435
1049,2022-02-13 17:00:00,14.0,-1.5,34,6.756549119386763
1050,2022-02-13 18:00:00,13.7,-1.5,35,6.636469358339291
1051,2022-02-13 19:00:00,12.1,0.1,44,6.302107712865052
1052,2022-02-13 20:00:00,11.6,-0.9,42,5.687522508619599
1053,2022-02-13 21:00:00,11.4,-1.2,42,5.522868856903427
1054,2022-02-13 22:00:00,9.3,-0.6,50,4.499358841269439
1055,2022-02-13 23:00:00,6.0,-0.4,63,2.6672580446158163
1056,2022-02-14 00:00:00,5.6,-0.8,64,2.3825343198405973
1057,2022-02-14 01:00:00,5.1,-1.1,64,1.9263028371541635
1058,2022-02-14 02:00:00,4.8,-1.1,65,1.7292643068268134
1059,2022-02-14 03:00:00,4.7,-0.7,68,1.8696911033760149
1060,2022-02-14 04:00:00,4.6,0.1,73,2.171844024134291
1061,2022-02-14 05:00:00,4.4,0.9,78,2.387408953080765
1062,2022-02-14 06:00:00,4.2,1.6,84,2.6932102418744046
1063,2022-02-14 07:00:00,4.1,2.1,87,2.8500790237186937
1064,2022-02-14 08:00:00,2.2,0.8,90,1.2365825014918688
1065,2022-02-14 09:00:00,5.1,2.3,82,3.3945539539209904
1066,2022-02-14 10:00:00,8.6,4.0,73,5.934150232311746
1067,2022-02-14 11:00:00,11.6,5.2,65,7.95645100791338
1068,2022-02-14 12:00:00,14.3,5.9,57,9.562317889902891
1069,2022-02-14 13:00:00,16.2,4.7,46,9.9574214435909
1070,2022-02-14 14:00:00,17.3,3.6,40,10.123476875233884
1071,2022-02-14 15:00:00,17.9,2.7,36,10.074324909448071
1072,2022-02-14 16:00:00,18.0,3.0,37,10.289938285126974
1073,2022-02-14 17:00:00,17.6,3.2,38,10.104216105796134
1074,2022-02-14 18:00:00,16.4,2.5,39,9.266825473303182
1075,2022-02-14 19:00:00,13.6,1.6,44,7.551515418276502
1076,2022-02-14 20:00:00,11.8,2.2,52,6.847304597083053
1077,2022-02-14 21:00:00,10.6,3.4,61,6.658035712440659
1078,2022-02-14 22:00:00,9.6,4.2,69,6.497813918168106
1079,2022-02-14 23:00:00,8.9,4.7,75,6.402316564477703
1080,2022-02-15 00:00:00,8.2,4.9,80,6.200508852410582
1081,2022-02-15 01:00:00,7.7,5.3,85,6.182950995889829
1082,2022-02-15 02:00:00,7.2,5.5,89,6.067917986821188
1083,2022-02-15 03:00:00,7.2,5.8,90,6.161692579564603
1084,2022-02-15 04:00:00,7.6,6.3,91,6.650769715267696
1085,2022-02-15 05:00:00,8.1,6.9,92,7.241014958778305
1086,2022-02-15 06:00:00,8.1,7.0,93,7.337929639975446
1087,2022-02-15 07:00:00,11.6,9.6,88,10.287705723861734
1088,2022-02-15 08:00:00,11.8,10.1,89,10.588136115616408
1089,2022-02-15 09:00:00,12.9,10.5,86,11.348639959310646
1090,2022-02-15 10:00:00,15.1,11.6,80,12.824994647351527
1091,2022-02-15 11:00:00,18.0,12.1,69,14.297299076569246
1092,2022-02-15 12:00:00,19.0,11.2,61,14.236090581600536
1093,2022-02-15 13:00:00,19.8,11.5,59,14.701905090165837
1094,2022-02-15 14:00:00,20.1,11.7,58,14.840772189577535
1095,2022-02-15 15:00:00,19.9,11.6,59,14.791405308804379
1096,2022-02-15 16:00:00,19.7,11.6,59,14.61240483066599
1097,2022-02-15 17:00:00,19.6,11.4,59,14.522904530148924
1098,2022-02-15 18:00:00,18.5,11.8,65,14.275002318890824
1099,2022-02-15 19:00:00,15.6,12.9,84,13.756126739569787
1100,2022-02-15 20:00:00,14.6,12.7,88,13.22849876830649
1101,2022-02-15 21:00:00,15.3,13.1,86,13.689608781470106
1102,2022-02-15 22:00:00,15.4,13.4,88,14.012707370336898
1103,2022-02-15 23:00:00,15.9,14.1,89,14.616991127410305
1104,2022-02-16 00:00:00,15.3,14.4,95,14.70664373205705
1105,2022-02-16 01:00:00,16.0,15.1,94,15.28897199180027
1106,2022-02-16 02:00:00,16.0,15.1,94,15.28897199180027
1107,2022-02-16 03:00:00,16.6,15.4,93,15.769118007321765
1108,2022-02-16 04:00:00,16.9,15.4,91,15.832970413425702
1109,2022-02-16 05:00:00,17.1,15.6,91,16.030435443334
1110,2022-02-16 06:00:00,17.4,15.6,89,16.090955008335005
1111,2022-02-16 07:00:00,17.1,15.8,92,16.147703609321166
1112,2022-02-16 08:00:00,17.3,15.8,91,16.227900409922412
1113,2022-02-16 09:00:00,17.7,15.9,89,16.38574733116859
1114,2022-02-16 10:00:00,19.0,16.8,87,17.420101817649467
1115,2022-02-16 11:00:00,20.9,17.0,78,18.13966448760701
1116,2022-02-16 12:00:00,22.4,16.8,71,18.648770842549407
1117,2022-02-16 13:00:00,23.3,16.1,64,18.53236182344783
1118,2022-02-16 14:00:00,23.4,15.6,62,18.34534735501851
1119,2022-02-16 15:00:00,23.6,15.6,61,18.385854408498243
1120,2022-02-16 16:00:00,23.2,15.4,62,18.164228659676073
1121,2022-02-16 17:00:00,22.3,15.7,66,17.889042718556766
1122,2022-02-16 18:00:00,21.0,16.1,73,17.596957921548828
1123,2022-02-16 19:00:00,19.0,17.8,93,18.14966776472551
1124,2022-02-16 20:00:00,19.0,18.0,95,18.393181229051923
1125,2022-02-16 21:00:00,18.9,18.1,95,18.293545331806218
1126,2022-02-16 22:00:00,19.4,18.5,95,18.791724683415016
1127,2022-02-16 23:00:00,19.5,18.7,95,18.8913605135272
1128,2022-02-17 00:00:00,19.8,19.0,95,19.190267924075
1129,2022-02-17 01:00:00,20.0,18.9,93,19.141561046209926
1130,2022-02-17 02:00:00,20.0,18.7,93,19.141561046209926
1131,2022-02-17 03:00:00,19.9,18.7,93,19.042371781038725
1132,2022-02-17 04:00:00,20.0,18.8,93,19.141561046209926
1133,2022-02-17 05:00:00,20.2,19.0,93,19.33993953501252
1134,2022-02-17 06:00:00,20.5,19.2,92,19.512418345667722
1135,2022-02-17 07:00:00,21.1,19.4,90,19.853234794905365
1136,2022-02-17 08:00:00,21.1,19.5,91,19.979723195028146
1137,2022-02-17 09:00:00,20.8,19.7,93,19.935074671729765
1138,2022-02-17 10:00:00,20.7,19.9,95,20.086989445687333
1139,2022-02-17 11:00:00,21.2,19.5,89,19.824980468639705
1140,2022-02-17 12:00:00,23.9,19.0,74,20.460908164772423
1141,2022-02-17 13:00:00,24.5,16.2,60,19.05339124591331
1142,2022-02-17 14:00:00,25.1,12.7,46,17.45286005765205
1143,2022-02-17 15:00:00,25.5,11.4,41,16.961129017009917
1144,2022-02-17 16:00:00,25.1,10.9,41,16.633873056169453
1145,2022-02-17 17:00:00,23.7,10.8,44,15.963658708863502
1146,2022-02-17 18:00:00,20.1,8.9,49,13.650628486439224
1147,2022-02-17 19:00:00,14.4,7.0,61,10.086243850302825
1148,2022-02-17 20:00:00,11.9,4.0,58,7.531546071793196
1149,2022-02-17 21:00:00,10.5,1.6,54,5.906565386049156
1150,2022-02-17 22:00:00,8.6,-0.8,52,4.069203984602218
1151,2022-02-17 23:00:00,6.4,-2.5,53,2.236509552521375
1152,2022-02-18 00:00:00,5.0,-3.2,56,1.2331878315444413
1153,2022-02-18 01:00:00,4.4,-3.0,59,0.9182660842901633
1154,2022-02-18 02:00:00,4.3,-2.8,60,0.9012440008514524
1155,2022-02-18 03:00:00,3.5,-3.7,59,0.1126817781406535
1156,2022-02-18 04:00:00,3.0,-4.2,59,-0.3348679064494826
1157,2022-02-18 05:00:00,2.5,-4.8,58,-0.8478235868080981
1158,2022-02-18 06:00:00,2.3,-5.0,59,-0.9614409993160145
1159,2022-02-18 07:00:00,2.2,-4.1,63,-0.7873392477799968
1160,2022-02-18 08:00:00,2.1,-4.0,64,-0.8111190741676655
1161,2022-02-18 09:00:00,2.9,-3.4,63,-0.15095874619621874
1162,2022-02-18 10:00:00,4.2,-2.6,61,0.8840260958577906
1163,2022-02-18 11:00:00,5.7,-1.5,60,2.1593873135160893
1164,2022-02-18 12:00:00,7.5,-0.2,58,3.609367319657128
1165,2022-02-18 13:00:00,9.4,0.7,55,5.032553069080764
1166,2022-02-18 14:00:00,11.1,1.4,51,6.143331220694501
1167,2022-02-18 15:00:00,12.3,2.1,50,7.078882643425828
1168,2022-02-18 16:00:00,13.2,2.3,48,7.642127894020415
1169,2022-02-18 17:00:00,13.8,2.1,45,7.827254342356477
1170,2022-02-18 18:00:00,13.5,1.8,45,7.575965277284729
1171,2022-02-18 19:00:00,11.5,2.2,53,6.6847866596921115
1172,2022-02-18 20:00:00,9.8,2.2,59,5.75164719157446
1173,2022-02-18 21:00:00,8.8,2.0,62,5.123274606328641
1174,2022-02-18 22:00:00,7.3,2.0,69,4.362193447833022
1175,2022-02-18 23:00:00,6.8,2.0,71,4.0687605194940915
1176,2022-02-19 00:00:00,6.2,1.9,74,3.7617840694658913
1177,2022-02-19 01:00:00,5.7,1.9,76,3.458436084883587
1178,2022-02-19 02:00:00,5.3,2.0,79,3.331236770590852
1179,2022-02-19 03:00:00,5.4,2.2,80,3.512273811701565
1180,2022-02-19 04:00:00,5.2,2.0,80,3.3202560883877066
1181,2022-02-19 05:00:00,4.8,1.3,78,2.769291356056412
1182,2022-02-19 06:00:00,4.4,0.6,77,2.3057246864688405
1183,2022-02-19 07:00:00,4.3,0.6,77,2.2105287139559255
1184,2022-02-19 08:00:00,3.5,0.4,81,1.7688111663247632
1185,2022-02-19 09:00:00,5.3,1.4,76,3.078767851784173
1186,2022-02-19 10:00:00,7.9,2.2,67,4.743082981431526
1187,2022-02-19 11:00:00,10.4,2.1,57,6.1003774326092035
1188,2022-02-19 12:00:00,12.2,2.0,50,6.992899778030363
1189,2022-02-19 13:00:00,14.0,2.2,45,7.994779893286307
1190,2022-02-19 14:00:00,15.3,2.2,41,8.615698302576307
1191,2022-02-19 15:00:00,16.2,2.5,40,9.22905542396053
1192,2022-02-19 16:00:00,16.7,2.8,39,9.509195942032987
1193,2022-02-19 17:00:00,16.7,2.6,39,9.509195942032987
1194,2022-02-19 18:00:00,16.2,2.5,40,9.22905542396053
1195,2022-02-19 19:00:00,14.1,4.2,51,8.735389411875312
1196,2022-02-19 20:00:00,12.3,3.0,53,7.382536761077784
1197,2022-02-19 21:00:00,11.4,3.7,59,7.183723655633905
1198,2022-02-19 22:00:00,9.9,3.0,62,6.1194923166808035
1199,2022-02-19 23:00:00,8.8,2.5,65,5.392343681150246
1200,2022-02-20 00:00:00,7.8,3.0,71,5.0034020560380075
1201,2022-02-20 01:00:00,7.8,3.2,73,5.1816939926438454
1202,2022-02-20 02:00:00,7.5,3.4,75,5.077444399570796
1203,2022-02-20 03:00:00,6.9,3.8,80,4.952402704699365
1204,2022-02-20 04:00:00,7.0,4.2,82,5.228682473293219
1205,2022-02-20 05:00:00,6.8,4.5,85,5.307301429156976
1206,2022-02-20 06:00:00,7.2,4.9,85,5.696479269215665
1207,2022-02-20 07:00:00,9.4,6.7,83,7.64232982833656
1208,2022-02-20 08:00:00,10.6,7.2,79,8.405487214033146
1209,2022-02-20 09:00:00,11.8,7.9,78,9.452148885064144
1210,2022-02-20 10:00:00,12.9,8.8,76,10.292371638641148
1211,2022-02-20 11:00:00,14.9,9.6,71,11.639247793594844
1212,2022-02-20 12:00:00,16.7,10.4,67,12.858669033557518
1213,2022-02-20 13:00:00,18.0,11.4,66,13.937426588850684
1214,2022-02-20 14:00:00,19.5,12.6,64,15.065271294062686
1215,2022-02-20 15:00:00,20.2,13.2,64,15.703949399754023
1216,2022-02-20 16:00:00,20.1,13.9,68,16.120768671001574
1217,2022-02-20 17:00:00,20.2,14.2,68,16.21330539273566
1218,2022-02-20 18:00:00,19.0,14.6,76,16.082116155111873
1219,2022-02-20 19:00:00,15.2,13.6,90,14.041758416102965
1220,2022-02-20 20:00:00,15.1,14.0,93,14.281270001065575
1221,2022-02-20 21:00:00,14.9,14.0,94,14.195412799239016
1222,2022-02-20 22:00:00,14.9,13.9,94,14.195412799239016
1223,2022-02-20 23:00:00,15.1,14.1,94,14.394241881047588
1224,2022-02-21 00:00:00,15.1,14.2,94,14.394241881047588
1225,2022-02-21 01:00:00,15.6,14.6,94,14.891314316829202
1226,2022-02-21 02:00:00,16.2,15.6,96,15.71907350447951
1227,2022-02-21 03:00:00,17.9,17.2,96,17.416617308950418
1228,2022-02-21 04:00:00,19.0,18.5,97,18.636936592419904
1229,2022-02-21 05:00:00,19.5,19.0,97,19.137296919039226
1230,2022-02-21 06:00:00,19.7,19.1,97,19.337440960928614
1231,2022-02-21 07:00:00,20.2,19.8,97,19.837800846028
1232,2022-02-21 08:00:00,20.5,20.0,96,20.01285326646661
1233,2022-02-21 09:00:00,20.7,20.1,96,20.212563363158566
1234,2022-02-21 10:00:00,20.9,20.1,96,20.412273409521916
1235,2022-02-21 11:00:00,21.4,20.5,95,20.784438793741895
1236,2022-02-21 12:00:00,21.9,20.6,92,20.897884313291357
1237,2022-02-21 13:00:00,22.5,20.1,86,20.712451673010985
1238,2022-02-21 14:00:00,24.0,19.4,75,20.69164570636369
1239,2022-02-21 15:00:00,25.1,18.9,68,20.747570899492036
1240,2022-02-21 16:00:00,25.7,18.2,63,20.575457980240632
1241,2022-02-21 17:00:00,25.0,18.0,65,20.227109536724797
1242,2022-02-21 18:00:00,23.4,19.0,76,20.258270293040805
1243,2022-02-21 19:00:00,23.0,19.5,81,20.54160806059489
1244,2022-02-21 20:00:00,21.5,19.8,90,20.247231260062467
1245,2022-02-21 21:00:00,21.0,19.9,93,20.133452941702576
1246,2022-02-21 22:00:00,21.2,20.0,93,20.33183115768581
1247,2022-02-21 23:00:00,21.4,20.2,93,20.530209319962594
1248,2022-02-22 00:00:00,21.5,20.1,92,20.50203716896242
1249,2022-02-22 01:00:00,21.5,20.1,92,20.50203716896242
1250,2022-02-22 02:00:00,21.5,20.0,91,20.37465067939991
1251,2022-02-22 03:00:00,21.1,19.9,92,20.106189805806757
1252,2022-02-22 04:00:00,21.2,19.5,90,19.9517339329696
1253,2022-02-22 05:00:00,21.0,19.1,89,19.628453370974338
1254,2022-02-22 06:00:00,20.4,18.9,91,19.288599549380585
1255,2022-02-22 07:00:00,21.0,19.5,91,19.880991288541594
1256,2022-02-22 08:00:00,20.2,19.2,94,19.464363548676726
1257,2022-02-22 09:00:00,20.9,19.5,91,19.782259367821695
1258,2022-02-22 10:00:00,22.4,19.6,84,20.35492700828649
1259,2022-02-22 11:00:00,22.6,19.8,84,20.549008130078654
1260,2022-02-22 12:00:00,23.4,19.9,80,20.793433578701993
1261,2022-02-22 13:00:00,25.9,19.4,67,21.34286110350049
1262,2022-02-22 14:00:00,26.1,19.5,67,21.527297465218474
1263,2022-02-22 15:00:00,25.4,19.1,69,21.16809302230849
1264,2022-02-22 16:00:00,25.2,19.2,69,20.9823977495144
1265,2022-02-22 17:00:00,25.4,19.4,70,21.310540064508714
1266,2022-02-22 18:00:00,25.1,19.3,70,21.031073946830745
1267,2022-02-22 19:00:00,23.0,20.8,88,21.46263488654246
1268,2022-02-22 20:00:00,21.9,20.7,93,21.02615449252914
1269,2022-02-22 21:00:00,21.9,21.1,95,21.282616518441426
1270,2022-02-22 22:00:00,21.5,20.9,96,21.01140324921004
1271,2022-02-22 23:00:00,21.1,20.4,95,20.48553200702578
1272,2022-02-23 00:00:00,20.5,20.1,98,20.2632142020973
1273,2022-02-23 01:00:00,20.8,20.0,95,20.186625105305293
1274,2022-02-23 02:00:00,19.5,19.5,99,19.38346891063925
1275,2022-02-23 03:00:00,17.5,16.8,95,16.898641332989254
1276,2022-02-23 04:00:00,14.9,14.2,96,14.420949020287473
1277,2022-02-23 05:00:00,13.9,13.8,99,13.755541443642183
1278,2022-02-23 06:00:00,13.8,13.1,96,13.32253406320407
1279,2022-02-23 07:00:00,11.9,10.2,90,10.791246140862965
1280,2022-02-23 08:00:00,11.2,9.9,91,10.205188854389238
1281,2022-02-23 09:00:00,10.4,9.4,94,9.72174141021124
1282,2022-02-23 10:00:00,10.1,8.9,92,9.220291656777743
1283,2022-02-23 11:00:00,10.1,8.4,89,8.917625849377853
1284,2022-02-23 12:00:00,9.6,8.2,91,8.625450170787666
1285,2022-02-23 13:00:00,9.9,7.7,86,8.42241207379133
1286,2022-02-23 14:00:00,9.4,7.1,86,7.934705492536809
1287,2022-02-23 15:00:00,9.2,6.3,82,7.3523974771673615
1288,2022-02-23 16:00:00,9.5,6.6,82,7.641993968095523
1289,2022-02-23 17:00:00,9.8,6.7,81,7.833972817031887
1290,2022-02-23 18:00:00,9.8,6.8,82,7.931590224109005
1291,2022-02-23 19:00:00,4.4,2.4,87,3.143440148805837
1292,2022-02-23 20:00:00,4.4,2.2,86,3.057606437113421
1293,2022-02-23 21:00:00,4.0,2.5,90,3.0096289655659234
1294,2022-02-23 22:00:00,3.9,3.0,94,3.259707399611635
1295,2022-02-23 23:00:00,4.2,3.1,93,3.4694571434679986
1296,2022-02-24 00:00:00,4.6,3.4,92,3.777261243047265
1297,2022-02-24 01:00:00,4.8,3.8,93,4.064608818089894
1298,2022-02-24 02:00:00,4.9,3.9,93,4.163800688659991
1299,2022-02-24 03:00:00,5.1,4.1,93,4.362184365934121
1300,2022-02-24 04:00:00,5.5,4.5,93,4.758951466833366
1301,2022-02-24 05:00:00,6.0,5.1,94,5.347450503214917
1302,2022-02-24 06:00:00,6.5,5.6,94,5.844530873536964
1303,2022-02-24 07:00:00,5.0,3.5,90,3.994651378957272
1304,2022-02-24 08:00:00,4.5,3.5,93,3.767033077861548
1305,2022-02-24 09:00:00,5.4,4.0,90,4.38865968712291
1306,2022-02-24 10:00:00,6.8,5.1,89,5.674853388366575
1307,2022-02-24 11:00:00,8.9,6.7,86,7.446998335522441
1308,2022-02-24 12:00:00,11.1,8.1,82,9.186504674321924
1309,2022-02-24 13:00:00,13.4,9.3,76,10.76694456888055
1310,2022-02-24 14:00:00,13.8,10.1,78,11.36151038652325
1311,2022-02-24 15:00:00,13.4,9.6,78,10.979638935431176
1312,2022-02-24 16:00:00,12.4,8.8,79,10.12879904624329
1313,2022-02-24 17:00:00,11.6,8.1,79,9.362883754329523
1314,2022-02-24 18:00:00,10.7,7.5,81,8.70041527367678
1315,2022-02-24 19:00:00,5.1,3.4,89,4.004324729246017
1316,2022-02-24 20:00:00,4.9,3.9,93,4.163800688659991
1317,2022-02-24 21:00:00,4.8,3.2,89,3.7095248446990006
1318,2022-02-24 22:00:00,4.7,3.0,89,3.6112581681629994
1319,2022-02-24 23:00:00,4.6,3.5,93,3.8662250127565034
1320,2022-02-25 00:00:00,4.2,3.2,93,3.4694571434679986
1321,2022-02-25 01:00:00,3.7,2.3,91,2.8001183363082873
1322,2022-02-25 02:00:00,3.2,1.6,89,2.1372550591260584
1323,2022-02-25 03:00:00,3.0,1.4,89,1.9407208835740697
1324,2022-02-25 04:00:00,2.8,1.4,90,1.827598884521242
1325,2022-02-25 05:00:00,2.7,1.7,93,1.9815744951211904
1326,2022-02-25 06:00:00,2.8,1.5,91,1.9115015483519606
1327,2022-02-25 07:00:00,3.2,2.2,92,2.391752306276958
1328,2022-02-25 08:00:00,3.4,2.0,91,2.5039129549328774
1329,2022-02-25 09:00:00,3.8,1.6,86,2.4723502129270134
1330,2022-02-25 10:00:00,3.8,2.2,89,2.7268569761431802
1331,2022-02-25 11:00:00,4.1,1.9,86,2.7649784480374517
1332,2022-02-25 12:00:00,5.8,1.8,75,3.46866163637287
1333,2022-02-25 13:00:00,5.9,1.7,74,3.478739462469477
1334,2022-02-25 14:00:00,7.2,2.2,71,4.442617634557266
1335,2022-02-25 15:00:00,8.2,2.6,68,5.108657680417728
1336,2022-02-25 16:00:00,8.0,2.0,66,4.747361180351529
1337,2022-02-25 17:00:00,8.8,2.0,62,5.123274606328641
1338,2022-02-25 18:00:00,8.7,1.8,62,5.032709026638587
1339,2022-02-25 19:00:00,6.2,2.2,76,3.933020552313131
1340,2022-02-25 20:00:00,6.2,2.5,77,4.019245982174224
1341,2022-02-25 21:00:00,5.9,3.5,85,4.431649768670201
1342,2022-02-25 22:00:00,5.8,3.3,84,4.2459201485530755
1343,2022-02-25 23:00:00,5.7,3.3,85,4.237060220178474
1344,2022-02-26 00:00:00,5.6,3.3,85,4.139765405779757
1345,2022-02-26 01:00:00,5.6,3.3,86,4.228115981412206
1346,2022-02-26 02:00:00,5.6,3.6,87,4.31688231519313
1347,2022-02-26 03:00:00,5.6,3.9,89,4.495657391220652
1348,2022-02-26 04:00:00,5.6,4.2,91,4.676080912398728
1349,2022-02-26 05:00:00,5.8,4.2,90,4.782667626805891
1350,2022-02-26 06:00:00,5.9,4.6,91,4.972284785288931
1351,2022-02-26 07:00:00,4.3,2.9,91,3.392528465361252
1352,2022-02-26 08:00:00,4.4,3.5,94,3.7567899212230103
1353,2022-02-26 09:00:00,4.7,3.8,94,4.055039181826373
1354,2022-02-26 10:00:00,5.3,3.8,90,4.290157644807968
1355,2022-02-26 11:00:00,6.1,4.3,89,4.986989462706481
1356,2022-02-26 12:00:00,6.2,4.8,91,5.268488460385257
1357,2022-02-26 13:00:00,6.7,5.2,90,5.66918416750957
1358,2022-02-26 14:00:00,7.2,5.5,89,6.067917986821188
1359,2022-02-26 15:00:00,7.9,5.9,87,6.565969780671493
1360,2022-02-26 16:00:00,8.0,6.2,88,6.758729855752279
1361,2022-02-26 17:00:00,7.6,6.6,93,6.8419733468801365
1362,2022-02-26 18:00:00,7.4,6.6,94,6.73927430393937
1363,2022-02-26 19:00:00,5.5,4.2,91,4.577346243829009
1364,2022-02-26 20:00:00,5.4,4.4,93,4.659759723153597
1365,2022-02-26 21:00:00,5.5,4.6,94,4.85036963298036
1366,2022-02-26 22:00:00,5.6,4.3,92,4.766907810258731
1367,2022-02-26 23:00:00,5.5,4.2,92,4.667943251423246
1368,2022-02-27 00:00:00,5.5,4.2,92,4.667943251423246
1369,2022-02-27 01:00:00,5.4,4.2,92,4.56897867101403
1370,2022-02-27 02:00:00,5.4,4.2,92,4.56897867101403
1371,2022-02-27 03:00:00,5.4,4.2,92,4.56897867101403
1372,2022-02-27 04:00:00,5.3,4.3,93,4.56056795848658
1373,2022-02-27 05:00:00,5.2,4.1,92,4.371049445208104
1374,2022-02-27 06:00:00,5.2,4.0,92,4.371049445208104
1375,2022-02-27 07:00:00,4.8,3.5,91,3.886202936903217
1376,2022-02-27 08:00:00,4.9,3.4,90,3.8961492437945004
1377,2022-02-27 09:00:00,5.2,3.5,89,4.102591309331311
1378,2022-02-27 10:00:00,5.8,3.7,86,4.423200537208267
1379,2022-02-27 11:00:00,6.2,3.8,84,4.634096505707957
1380,2022-02-27 12:00:00,7.7,4.0,77,5.447171768492197
1381,2022-02-27 13:00:00,9.9,4.6,69,6.77637146206388
1382,2022-02-27 14:00:00,11.8,5.3,64,8.039690801030911
1383,2022-02-27 15:00:00,13.1,5.8,61,8.913443924349101
1384,2022-02-27 16:00:00,14.0,5.2,55,9.080869038243003
1385,2022-02-27 17:00:00,14.4,4.6,52,9.104452633034647
1386,2022-02-27 18:00:00,14.0,3.8,50,8.54057902288061
1387,2022-02-27 19:00:00,12.4,2.5,51,7.26656505504349
1388,2022-02-27 20:00:00,10.4,1.9,55,5.912634140052733
1389,2022-02-27 21:00:00,9.2,1.6,59,5.2146145231970795
1390,2022-02-27 22:00:00,8.1,1.4,63,4.576338882394959
1391,2022-02-27 23:00:00,7.2,0.8,64,3.8424652561196346
1392,2022-02-28 00:00:00,6.4,0.1,64,3.1125016217414485
1393,2022-02-28 01:00:00,5.6,-0.6,65,2.4618872181299896
1394,2022-02-28 02:00:00,4.8,-1.0,66,1.8064443032581874
1395,2022-02-28 03:00:00,4.2,-1.5,67,1.3307443570213682
1396,2022-02-28 04:00:00,3.5,-1.6,69,0.8337237247698237
1397,2022-02-28 05:00:00,2.8,-1.8,72,0.4041919914017953
1398,2022-02-28 06:00:00,2.2,-1.8,75,0.06179048490980854
1399,2022-02-28 07:00:00,2.3,-1.5,76,0.23123649742788022
1400,2022-02-28 08:00:00,1.4,-1.6,80,-0.32810631113949995
1401,2022-02-28 09:00:00,4.3,-0.1,73,1.8896684238985042
1402,2022-02-28 10:00:00,7.6,1.9,67,4.466409439692132
1403,2022-02-28 11:00:00,10.3,2.7,59,6.199172724497309
1404,2022-02-28 12:00:00,12.4,2.9,52,7.3681893095010516
1405,2022-02-28 13:00:00,13.9,2.2,45,7.91101716673222
1406,2022-02-28 14:00:00,14.9,2.0,42,8.404236890348628
1407,2022-02-28 15:00:00,15.5,2.0,40,8.659871091269755
1408,2022-02-28 16:00:00,15.9,2.3,40,8.985119969178292
1409,2022-02-28 17:00:00,15.9,2.7,41,9.106633014748695
1410,2022-02-28 18:00:00,15.6,3.0,43,9.099209956201166
1411,2022-02-28 19:00:00,15.9,1.8,39,8.862872332483391
1412,2022-02-28 20:00:00,11.4,1.2,49,6.207511679504547
1413,2022-02-28 21:00:00,11.3,-0.3,45,5.733150416880706
1414,2022-02-28 22:00:00,9.7,0.0,51,4.933678974985547
1415,2022-02-28 23:00:00,7.7,0.8,61,4.041719239572847
1416,2022-03-01 00:00:00,6.8,2.8,76,4.502520726664276
1417,2022-03-01 01:00:00,5.7,3.5,86,4.325658272275735
1418,2022-03-01 02:00:00,5.1,3.3,88,3.9159225689807933
1419,2022-03-01 03:00:00,4.6,3.0,89,3.51299146732104
1420,2022-03-01 04:00:00,3.5,2.3,92,2.6886474541079304
1421,2022-03-01 05:00:00,2.9,1.9,93,2.179959139629574
1422,2022-03-01 06:00:00,2.8,1.8,92,1.995891784370901
1423,2022-03-01 07:00:00,2.6,1.5,93,1.8823821386818036
1424,2022-03-01 08:00:00,2.0,1.0,93,1.2872275169193994
1425,2022-03-01 09:00:00,5.6,2.8,82,3.877220384315926
1426,2022-03-01 10:00:00,9.9,5.8,75,7.348649742271721
1427,2022-03-01 11:00:00,13.7,5.4,57,9.029717490997761
1428,2022-03-01 12:00:00,16.1,4.2,45,9.753775404422644
1429,2022-03-01 13:00:00,17.4,3.0,38,9.943702963567933
1430,2022-03-01 14:00:00,18.0,3.3,38,10.425240999792877
1431,2022-03-01 15:00:00,18.5,3.6,37,10.68849516341133
1432,2022-03-01 16:00:00,18.6,4.1,38,10.906774938307095
1433,2022-03-01 17:00:00,18.6,4.1,38,10.906774938307095
1434,2022-03-01 18:00:00,18.4,4.0,39,10.882609414722463
1435,2022-03-01 19:00:00,16.2,5.4,49,10.314127643296997
1436,2022-03-01 20:00:00,13.7,3.5,50,8.282634255795653
1437,2022-03-01 21:00:00,11.9,3.7,57,7.431903861172787
1438,2022-03-01 22:00:00,10.6,3.4,61,6.658035712440659
1439,2022-03-01 23:00:00,10.1,3.5,64,6.488554553168452
1440,2022-03-02 00:00:00,9.6,4.0,68,6.404228359041655
1441,2022-03-02 01:00:00,9.0,4.3,72,6.217527950228886
1442,2022-03-02 02:00:00,8.0,4.4,78,5.824330952021921
1443,2022-03-02 03:00:00,6.5,4.2,86,5.105995672731401
1444,2022-03-02 04:00:00,6.1,4.0,87,4.805815472712428
1445,2022-03-02 05:00:00,5.8,3.8,87,4.512455653180226
1446,2022-03-02 06:00:00,6.1,3.6,84,4.5370524575158875
1447,2022-03-02 07:00:00,6.4,3.5,81,4.560725673525784
1448,2022-03-02 08:00:00,4.8,2.8,87,3.5345879493646244
1449,2022-03-02 09:00:00,7.8,4.7,80,5.8164767263949795
1450,2022-03-02 10:00:00,11.9,6.6,70,8.734325002586392
1451,2022-03-02 11:00:00,14.7,7.8,64,10.685716585448933
1452,2022-03-02 12:00:00,17.0,6.9,52,11.361554437122034
1453,2022-03-02 13:00:00,18.6,6.2,44,11.716047197218803
1454,2022-03-02 14:00:00,19.6,6.1,41,12.133981833471061
1455,2022-03-02 15:00:00,19.9,5.2,38,11.950085021052747
1456,2022-03-02 16:00:00,19.5,4.3,37,11.485600228238479
1457,2022-03-02 17:00:00,18.9,4.1,38,11.147540411414806
1458,2022-03-02 18:00:00,17.9,5.7,45,11.261454899748253
1459,2022-03-02 19:00:00,16.4,6.4,52,10.840688617564325
1460,2022-03-02 20:00:00,14.6,8.1,65,10.703670203257802
1461,2022-03-02 21:00:00,14.0,9.9,76,11.336431162695074
1462,2022-03-02 22:00:00,13.4,10.3,82,11.406727779492261
1463,2022-03-02 23:00:00,13.2,10.8,85,11.53410068011653
1464,2022-03-03 00:00:00,12.8,10.9,89,11.570786558823311
1465,2022-03-03 01:00:00,12.4,11.1,91,11.389989707094912
1466,2022-03-03 02:00:00,12.1,11.0,93,11.305563148791526
1467,2022-03-03 03:00:00,11.4,10.6,95,10.820811787372834
1468,2022-03-03 04:00:00,12.3,10.9,91,11.291256403451367
1469,2022-03-03 05:00:00,12.6,11.1,91,11.587456260170743
1470,2022-03-03 06:00:00,12.1,11.1,94,11.411798991425055
1471,2022-03-03 07:00:00,10.4,10.1,98,10.134232548918048
1472,2022-03-03 08:00:00,10.4,10.1,98,10.134232548918048
1473,2022-03-03 09:00:00,13.1,11.8,92,12.189192741833548
1474,2022-03-03 10:00:00,16.2,13.2,82,14.109591712389218
1475,2022-03-03 11:00:00,18.5,13.8,74,15.366351566305898
1476,2022-03-03 12:00:00,20.0,13.9,68,16.028231920026567
1477,2022-03-03 13:00:00,21.2,13.6,62,16.353034439999043
1478,2022-03-03 14:00:00,21.9,12.8,56,16.171085643243753
1479,2022-03-03 15:00:00,22.5,12.1,52,16.136062403268827
1480,2022-03-03 16:00:00,22.6,11.4,49,15.78936149936126
1481,2022-03-03 17:00:00,20.8,13.3,62,15.990793960926975
1482,2022-03-03 18:00:00,19.9,12.9,64,15.430230414975433
1483,2022-03-03 19:00:00,19.5,14.4,73,16.186157448939657
1484,2022-03-03 20:00:00,17.2,14.2,82,15.074896171758848
1485,2022-03-03 21:00:00,16.1,14.2,89,14.813519866469829
1486,2022-03-03 22:00:00,15.4,14.1,92,14.465339665095499
1487,2022-03-03 23:00:00,14.9,13.7,93,14.082890000980246
1488,2022-03-04 00:00:00,14.6,13.4,93,13.785319881355182
1489,2022-03-04 01:00:00,14.4,13.2,92,13.475711650250798
1490,2022-03-04 02:00:00,14.4,13.1,92,13.475711650250798
1491,2022-03-04 03:00:00,15.3,13.1,87,13.802084406466175
1492,2022-03-04 04:00:00,15.6,13.2,86,13.98222908863097
1493,2022-03-04 05:00:00,15.8,13.3,85,14.06371212990003
1494,2022-03-04 06:00:00,15.9,13.5,86,14.274849224194309
1495,2022-03-04 07:00:00,16.2,14.6,91,15.14184230498655
1496,2022-03-04 08:00:00,16.0,14.9,93,15.173979222897724
1497,2022-03-04 09:00:00,16.7,15.4,92,15.751853677701334
1498,2022-03-04 10:00:00,17.8,16.2,90,16.60275481546208
1499,2022-03-04 11:00:00,19.6,17.1,85,17.760813072352068
1500,2022-03-04 12:00:00,21.8,17.2,75,18.60979198126432
1501,2022-03-04 13:00:00,21.9,17.0,74,18.5740431788785
1502,2022-03-04 14:00:00,21.5,17.1,76,18.45493616427738
1503,2022-03-04 15:00:00,21.0,17.1,78,18.235130645901858
1504,2022-03-04 16:00:00,21.5,17.1,77,18.5837849029217
1505,2022-03-04 17:00:00,22.1,17.0,73,18.631541476856565
1506,2022-03-04 18:00:00,22.0,16.6,72,18.406342637818707
1507,2022-03-04 19:00:00,20.4,17.5,84,18.41411207522016
1508,2022-03-04 20:00:00,18.5,16.9,90,17.292251969025003
1509,2022-03-04 21:00:00,17.9,16.4,91,16.8202949332567
1510,2022-03-04 22:00:00,17.5,16.2,92,16.543553294559217
1511,2022-03-04 23:00:00,17.5,16.4,94,16.780186153139073
1512,2022-03-05 00:00:00,18.0,16.8,92,17.038365058726637
1513,2022-03-05 01:00:00,17.6,16.7,94,16.879600313687693
1514,2022-03-05 02:00:00,17.3,16.5,95,16.699369110814043
1515,2022-03-05 03:00:00,17.2,16.5,96,16.71762916738145
1516,2022-03-05 04:00:00,17.1,16.4,95,16.500096832160335
1517,2022-03-05 05:00:00,17.4,16.5,94,16.68077197816478
1518,2022-03-05 06:00:00,18.1,16.9,92,17.137327366324023
1519,2022-03-05 07:00:00,19.0,17.8,92,18.027987465327424
1520,2022-03-05 08:00:00,19.8,18.4,91,18.69620728948127
1521,2022-03-05 09:00:00,20.4,18.9,91,19.288599549380585
1522,2022-03-05 10:00:00,21.0,19.2,90,19.754735642259103
1523,2022-03-05 11:00:00,21.4,19.6,90,20.14873216550906
1524,2022-03-05 12:00:00,22.2,19.9,87,20.549179313988404
1525,2022-03-05 13:00:00,24.0,19.5,76,20.827742681007837
1526,2022-03-05 14:00:00,25.5,19.0,68,21.117712261900042
1527,2022-03-05 15:00:00,25.4,19.0,68,21.025176958188442
1528,2022-03-05 16:00:00,25.2,18.8,67,20.697333047640083
1529,2022-03-05 17:00:00,24.6,18.5,69,20.42531135457236
1530,2022-03-05 18:00:00,23.6,18.6,73,20.042332718828632
1531,2022-03-05 19:00:00,23.1,18.9,77,20.106840986012834
1532,2022-03-05 20:00:00,21.9,19.4,86,20.127218103925326
1533,2022-03-05 21:00:00,20.8,19.6,93,19.935074671729765
1534,2022-03-05 22:00:00,19.9,19.2,96,19.413722671813893
1535,2022-03-05 23:00:00,20.2,19.5,95,19.588810953257717
1536,2022-03-06 00:00:00,20.4,19.6,95,19.78808238923224
1537,2022-03-06 01:00:00,20.5,19.9,96,20.01285326646661
1538,2022-03-06 02:00:00,20.9,20.0,95,20.286260752045504
1539,2022-03-06 03:00:00,20.9,20.0,95,20.286260752045504
1540,2022-03-06 04:00:00,20.5,19.8,95,19.887718087684394
1541,2022-03-06 05:00:00,20.2,19.7,97,19.837800846028
1542,2022-03-06 06:00:00,20.2,19.6,97,19.837800846028
1543,2022-03-06 07:00:00,19.8,19.5,99,19.684963911467044
1544,2022-03-06 08:00:00,20.0,19.9,99,19.88596051900174
1545,2022-03-06 09:00:00,20.6,20.2,97,20.23808853032123
1546,2022-03-06 10:00:00,21.1,20.5,96,20.61198340581451
1547,2022-03-06 11:00:00,22.2,20.1,88,20.678436290406445
1548,2022-03-06 12:00:00,23.1,20.0,82,20.770152727234482
1549,2022-03-06 13:00:00,24.8,19.6,73,21.170962106991663
1550,2022-03-06 14:00:00,25.3,18.9,67,20.789551417209886
1551,2022-03-06 15:00:00,26.7,18.6,61,21.182394174797263
1552,2022-03-06 16:00:00,26.4,18.6,63,21.21176386695095
1553,2022-03-06 17:00:00,25.3,19.6,71,21.35908072813669
1554,2022-03-06 18:00:00,24.4,20.1,77,21.344320283482233
1555,2022-03-06 19:00:00,22.2,21.1,93,21.323721437599147
1556,2022-03-06 20:00:00,22.2,21.2,94,21.45263674887784
1557,2022-03-06 21:00:00,22.3,21.1,93,21.422910393083637
1558,2022-03-06 22:00:00,22.2,21.0,93,21.323721437599147
1559,2022-03-06 23:00:00,22.1,21.0,93,21.224532469034667
1560,2022-03-07 00:00:00,21.9,20.8,93,21.02615449252914
1561,2022-03-07 01:00:00,21.7,20.6,94,20.95556893724415
1562,2022-03-07 02:00:00,21.5,20.5,94,20.756741722445643
1563,2022-03-07 03:00:00,21.2,20.5,95,20.585167615332093
1564,2022-03-07 04:00:00,21.0,20.4,96,20.512128413911014
1565,2022-03-07 05:00:00,20.8,20.4,97,20.438232298568924
1566,2022-03-07 06:00:00,20.8,20.3,97,20.438232298568924
1567,2022-03-07 07:00:00,12.4,11.4,94,11.710043937935595
1568,2022-03-07 08:00:00,11.4,9.6,89,10.19507539488207
1569,2022-03-07 09:00:00,11.3,8.8,85,9.685529499174638
1570,2022-03-07 10:00:00,11.1,8.4,84,9.3892231750185
1571,2022-03-07 11:00:00,11.8,7.8,77,9.350132237421114
1572,2022-03-07 12:00:00,12.6,7.0,69,9.283373355706965
1573,2022-03-07 13:00:00,14.0,7.0,63,9.939822049433952
1574,2022-03-07 14:00:00,14.6,6.8,59,10.047833513304901
1575,2022-03-07 15:00:00,15.9,6.4,53,10.522357658524715
1576,2022-03-07 16:00:00,15.9,6.1,52,10.406632052387355
1577,2022-03-07 17:00:00,15.8,4.9,48,9.855214127178026
1578,2022-03-07 18:00:00,14.5,4.0,49,8.859722219753328
1579,2022-03-07 19:00:00,13.1,4.0,54,8.184587887233477
1580,2022-03-07 20:00:00,13.0,3.0,50,7.680760408496891
1581,2022-03-07 21:00:00,13.1,2.6,49,7.661959705015933
1582,2022-03-07 22:00:00,12.7,2.2,49,7.3197388859283095
1583,2022-03-07 23:00:00,11.4,2.8,55,6.792708062849686
1584,2022-03-08 00:00:00,10.2,3.8,64,6.579798245637974
1585,2022-03-08 01:00:00,9.8,3.5,65,6.308100553164909
1586,2022-03-08 02:00:00,9.6,3.0,64,6.032335349745129
1587,2022-03-08 03:00:00,9.4,2.9,64,5.849847318772078
1588,2022-03-08 04:00:00,9.2,3.5,68,6.034066183956602
1589,2022-03-08 05:00:00,8.9,5.2,78,6.683554876851765
1590,2022-03-08 06:00:00,8.6,5.8,83,6.868014410087689
1591,2022-03-08 07:00:00,8.2,5.5,83,6.480856079270602
1592,2022-03-08 08:00:00,7.9,6.2,89,6.755780172066261
1593,2022-03-08 09:00:00,7.8,6.2,90,6.752701956202516
1594,2022-03-08 10:00:00,7.8,6.3,91,6.848238128087296
1595,2022-03-08 11:00:00,8.1,6.0,87,6.7615420056006865
1596,2022-03-08 12:00:00,9.1,6.3,83,7.351961738873994
1597,2022-03-08 13:00:00,9.2,6.9,86,7.739622699330191
1598,2022-03-08 14:00:00,9.6,7.2,85,8.03153791875975
1599,2022-03-08 15:00:00,9.6,7.6,87,8.22833076827488
1600,2022-03-08 16:00:00,9.8,7.8,87,8.423902221044152
1601,2022-03-08 17:00:00,9.8,7.6,86,8.324870803168555
1602,2022-03-08 18:00:00,9.4,7.4,87,8.032759226776243
1603,2022-03-08 19:00:00,7.6,5.8,89,6.460982225908614
1604,2022-03-08 20:00:00,7.7,5.6,87,6.3703974621593265
1605,2022-03-08 21:00:00,7.6,5.7,88,6.366619675957436
1606,2022-03-08 22:00:00,7.6,5.7,88,6.366619675957436
1607,2022-03-08 23:00:00,7.3,5.7,89,6.166184080108817
1608,2022-03-09 00:00:00,7.1,5.0,87,5.783679939158848
1609,2022-03-09 01:00:00,6.9,4.8,86,5.496163763965752
1610,2022-03-09 02:00:00,6.7,4.5,86,5.301079768550659
1611,2022-03-09 03:00:00,6.3,4.2,86,4.910911475855398
1612,2022-03-09 04:00:00,5.9,3.3,83,4.254687317316451
1613,2022-03-09 05:00:00,5.0,2.9,86,3.6428616868936032
1614,2022-03-09 06:00:00,4.3,2.7,89,3.218191218177971
1615,2022-03-09 07:00:00,5.4,3.8,89,4.299124397814813
1616,2022-03-09 08:00:00,5.3,4.0,91,4.37987683986638
1617,2022-03-09 09:00:00,6.7,4.2,84,5.119316339779065
1618,2022-03-09 10:00:00,8.4,4.1,74,5.837434107641474
1619,2022-03-09 11:00:00,9.2,4.3,72,6.40505231571842
1620,2022-03-09 12:00:00,10.1,4.8,69,6.962076287537043
1621,2022-03-09 13:00:00,11.8,5.7,66,8.239634737182365
1622,2022-03-09 14:00:00,13.1,6.4,64,9.225844811438407
1623,2022-03-09 15:00:00,13.4,6.3,62,9.289234010245778
1624,2022-03-09 16:00:00,14.1,6.3,60,9.707984331304408
1625,2022-03-09 17:00:00,14.2,6.3,59,9.689822732921199
1626,2022-03-09 18:00:00,13.9,6.2,60,9.528260387507578
1627,2022-03-09 19:00:00,13.9,6.8,62,9.742049393362905
1628,2022-03-09 20:00:00,11.3,7.0,75,8.673510726831227
1629,2022-03-09 21:00:00,10.5,6.7,77,8.112613715749475
1630,2022-03-09 22:00:00,9.6,5.8,77,7.255867182022868
1631,2022-03-09 23:00:00,8.6,5.2,79,6.490685698113971
1632,2022-03-10 00:00:00,8.0,4.9,81,6.101081347046875
1633,2022-03-10 01:00:00,7.5,4.6,82,5.711346143951989
1634,2022-03-10 02:00:00,7.1,4.4,83,5.416168477910604
1635,2022-03-10 03:00:00,6.4,4.3,86,5.0084535869665014
1636,2022-03-10 04:00:00,6.1,4.2,88,4.896203202362033
1637,2022-03-10 05:00:00,5.8,4.2,89,4.692190290150501
1638,2022-03-10 06:00:00,5.7,4.4,92,4.865872347586723
1639,2022-03-10 07:00:00,5.2,4.5,96,4.734858533843823
1640,2022-03-10 08:00:00,5.1,4.4,96,4.635001067350045
1641,2022-03-10 09:00:00,7.8,6.0,89,6.65751421208161
1642,2022-03-10 10:00:00,10.7,7.3,80,8.600699320531492
1643,2022-03-10 11:00:00,13.3,8.2,71,10.143861354576957
1644,2022-03-10 12:00:00,15.4,9.1,66,11.548047595660822
1645,2022-03-10 13:00:00,17.0,9.7,62,12.549480092592404
1646,2022-03-10 14:00:00,18.3,10.2,59,13.359396818445347
1647,2022-03-10 15:00:00,19.1,10.8,59,14.075402406791923
1648,2022-03-10 16:00:00,19.6,11.6,60,14.650320888756053
1649,2022-03-10 17:00:00,19.2,10.9,58,14.038555638193802
1650,2022-03-10 18:00:00,18.3,9.8,57,13.112938759879633
1651,2022-03-10 19:00:00,17.2,11.0,67,13.319773070993584
1652,2022-03-10 20:00:00,14.5,9.9,74,11.592559032798096
1653,2022-03-10 21:00:00,13.1,9.7,80,10.904866383785857
1654,2022-03-10 22:00:00,12.6,10.6,88,11.267972017101464
1655,2022-03-10 23:00:00,12.2,11.0,92,11.29852410631013
1656,2022-03-11 00:00:00,13.1,11.4,89,11.865581319611106
1657,2022-03-11 01:00:00,14.4,11.6,83,12.481766022363697
1658,2022-03-11 02:00:00,13.2,12.0,92,12.28815583677535
1659,2022-03-11 03:00:00,14.2,12.1,87,12.726452798046651
1660,2022-03-11 04:00:00,14.3,12.2,87,12.824237585055691
1661,2022-03-11 05:00:00,14.3,12.9,92,13.376748758227013
1662,2022-03-11 06:00:00,14.2,13.1,93,13.388559496921435
1663,2022-03-11 07:00:00,13.6,12.2,92,12.684008045277274
1664,2022-03-11 08:00:00,13.4,12.2,93,12.595037945981876
1665,2022-03-11 09:00:00,14.4,12.9,90,13.253757227017413
1666,2022-03-11 10:00:00,15.4,13.8,90,14.238758540633778
1667,2022-03-11 11:00:00,16.6,13.7,83,14.611100280387411
1668,2022-03-11 12:00:00,17.0,12.8,76,14.183849702132132
1669,2022-03-11 13:00:00,17.2,11.3,68,13.437190602969249
1670,2022-03-11 14:00:00,18.0,9.0,56,12.72402257853955
1671,2022-03-11 15:00:00,17.2,7.4,52,11.535175887279728
1672,2022-03-11 16:00:00,16.5,6.4,51,10.808988494527679
1673,2022-03-11 17:00:00,14.9,4.8,51,9.426593524251533
1674,2022-03-11 18:00:00,13.1,3.8,53,8.080282266972734
1675,2022-03-11 19:00:00,7.5,1.8,67,4.374184829722385
1676,2022-03-11 20:00:00,6.1,2.3,77,3.92405065661125
1677,2022-03-11 21:00:00,5.0,2.2,82,3.298020577477973
1678,2022-03-11 22:00:00,4.6,1.2,79,2.6610461002543104
1679,2022-03-11 23:00:00,3.9,0.3,77,1.8297444504522673
1680,2022-03-12 00:00:00,3.8,-0.8,72,1.3418381422969983
1681,2022-03-12 01:00:00,3.3,-2.2,67,0.5007050043245567
1682,2022-03-12 02:00:00,2.7,-3.9,62,-0.4013387186334292
1683,2022-03-12 03:00:00,2.3,-5.1,58,-1.026115573108303
1684,2022-03-12 04:00:00,2.0,-5.8,56,-1.418726510811414
1685,2022-03-12 05:00:00,2.0,-6.4,54,-1.541204954631068
1686,2022-03-12 06:00:00,1.7,-7.3,51,-1.9789979013521797
1687,2022-03-12 07:00:00,0.9,-6.2,59,-2.2146000923474034
1688,2022-03-12 08:00:00,0.6,-5.9,61,-2.3639794433058547
1689,2022-03-12 09:00:00,2.5,-4.9,58,-0.8478235868080981
1690,2022-03-12 10:00:00,4.3,-4.7,52,0.3359832097124933
1691,2022-03-12 11:00:00,6.2,-3.8,49,1.7584386415535853
1692,2022-03-12 12:00:00,7.9,-3.0,46,2.9666947095623186
1693,2022-03-12 13:00:00,9.6,-2.6,42,4.040961633783223
1694,2022-03-12 14:00:00,10.8,-2.7,39,4.742361870386826
1695,2022-03-12 15:00:00,11.6,-2.5,37,5.188112784999387
1696,2022-03-12 16:00:00,12.1,-2.2,37,5.586715361899698
1697,2022-03-12 17:00:00,12.4,-2.4,36,5.720572175584566
1698,2022-03-12 18:00:00,12.1,-2.9,35,5.378968713441331
1699,2022-03-12 19:00:00,12.4,-6.2,27,4.742937424687899
1700,2022-03-12 20:00:00,11.1,-5.7,30,4.094026769391087
1701,2022-03-12 21:00:00,8.9,-3.6,41,3.378781306582111
1702,2022-03-12 22:00:00,5.9,-1.2,60,2.339120923562196
1703,2022-03-12 23:00:00,5.3,-1.2,63,2.030891918309142
1704,2022-03-13 00:00:00,4.8,-1.2,65,1.7292643068268134
1705,2022-03-13 01:00:00,4.0,-1.5,67,1.14629156132008
1706,2022-03-13 02:00:00,3.3,-1.5,71,0.7974805763878354
1707,2022-03-13 03:00:00,3.8,-1.6,68,1.0368040313297424
1708,2022-03-13 04:00:00,4.2,-2.0,64,1.105082328450906
1709,2022-03-13 05:00:00,2.2,-1.5,77,0.21140447931209394
1710,2022-03-13 06:00:00,1.2,-1.3,83,-0.2944883336768571
1711,2022-03-13 07:00:00,2.2,-1.8,75,0.06179048490980854
1712,2022-03-13 08:00:00,1.1,-0.9,86,-0.1613153940194305
1713,2022-03-13 09:00:00,5.6,1.8,76,3.3635190819421954
1714,2022-03-13 10:00:00,9.8,2.6,61,5.936298059206036
1715,2022-03-13 11:00:00,11.9,2.4,52,6.9341189061684645
1716,2022-03-13 12:00:00,13.6,4.0,52,8.409950724287718
1717,2022-03-13 13:00:00,15.2,5.1,51,9.685793904974688
1718,2022-03-13 14:00:00,16.5,5.1,47,10.330813780366515
1719,2022-03-13 15:00:00,16.0,5.5,50,10.260193715651134
1720,2022-03-13 16:00:00,15.4,5.8,53,10.086276457223889
1721,2022-03-13 17:00:00,15.2,5.8,53,9.911843541308759
1722,2022-03-13 18:00:00,14.3,5.2,55,9.344884873389162
1723,2022-03-13 19:00:00,13.4,6.6,63,9.394390683369673
1724,2022-03-13 20:00:00,12.9,6.7,66,9.25054416807462
1725,2022-03-13 21:00:00,12.8,6.8,67,9.262027038084167
1726,2022-03-13 22:00:00,12.7,7.2,69,9.376224745542011
1727,2022-03-13 23:00:00,12.9,7.6,70,9.665915781954222
1728,2022-03-14 00:00:00,12.8,8.5,75,10.09299787865719
1729,2022-03-14 01:00:00,13.2,9.3,77,10.682839099476137
1730,2022-03-14 02:00:00,13.6,10.7,83,11.70746009530771
1731,2022-03-14 03:00:00,13.9,11.0,83,11.997824982443525
1732,2022-03-14 04:00:00,13.8,11.2,85,12.11785839530084
1733,2022-03-14 05:00:00,13.8,12.0,89,12.55343510643873
1734,2022-03-14 06:00:00,13.5,12.4,93,12.694228197464344
1735,2022-03-14 07:00:00,14.8,13.5,92,13.871563052804301
1736,2022-03-14 08:00:00,14.4,13.2,93,13.58693972142127
1737,2022-03-14 09:00:00,16.1,14.8,92,15.158078312323521
1738,2022-03-14 10:00:00,18.1,16.0,88,16.65940300820359
1739,2022-03-14 11:00:00,20.4,16.0,76,17.410897084580117
1740,2022-03-14 12:00:00,22.1,15.2,65,17.57156995426339
1741,2022-03-14 13:00:00,22.9,14.8,60,17.615663452756237
1742,2022-03-14 14:00:00,23.5,14.6,57,17.728635239074794
1743,2022-03-14 15:00:00,23.5,14.6,57,17.728635239074794
1744,2022-03-14 16:00:00,22.6,15.6,64,17.893690688798273
1745,2022-03-14 17:00:00,22.5,15.9,66,18.0728374469073
1746,2022-03-14 18:00:00,21.0,17.2,79,18.36229083356146
1747,2022-03-14 19:00:00,19.7,17.6,88,18.22780941622652
1748,2022-03-14 20:00:00,18.7,17.6,93,17.85209950444732
1749,2022-03-14 21:00:00,18.2,17.0,93,17.35615211649925
1750,2022-03-14 22:00:00,17.3,16.6,96,16.817484657243146
1751,2022-03-14 23:00:00,16.9,16.4,97,16.535419673956394
1752,2022-03-15 00:00:00,16.8,16.2,97,16.43534729344783
1753,2022-03-15 01:00:00,15.9,14.6,92,14.960153064357122
1754,2022-03-15 02:00:00,15.8,14.9,94,15.090143184526937
1755,2022-03-15 03:00:00,15.2,14.8,97,14.834187335307309
1756,2022-03-15 04:00:00,15.4,14.7,96,14.920227956576703
1757,2022-03-15 05:00:00,14.9,14.1,95,14.308097951210787
1758,2022-03-15 06:00:00,14.6,13.6,93,13.785319881355182
1759,2022-03-15 07:00:00,13.6,10.5,81,11.492271424470495
1760,2022-03-15 08:00:00,12.8,8.9,77,10.302066266293446
1761,2022-03-15 09:00:00,13.8,9.2,74,10.932140763201907
1762,2022-03-15 10:00:00,15.4,8.1,62,11.100488772261965
1763,2022-03-15 11:00:00,17.2,7.7,53,11.656161711867504
1764,2022-03-15 12:00:00,18.9,7.2,47,12.362957248014602
1765,2022-03-15 13:00:00,19.7,7.3,45,12.769108347991239
1766,2022-03-15 14:00:00,20.6,7.4,42,13.096475013572586
1767,2022-03-15 15:00:00,21.3,7.6,41,13.524883175551594
1768,2022-03-15 16:00:00,21.6,7.6,40,13.619734653073177
1769,2022-03-15 17:00:00,21.5,7.3,40,13.538428266398174
1770,2022-03-15 18:00:00,21.1,8.4,44,13.798233251477317
1771,2022-03-15 19:00:00,19.1,9.4,54,13.441399861890467
1772,2022-03-15 20:00:00,16.4,8.8,61,11.890536171962339
1773,2022-03-15 21:00:00,15.0,8.7,66,11.18044866145153
1774,2022-03-15 22:00:00,14.3,8.8,69,10.861842086432494
1775,2022-03-15 23:00:00,13.6,8.9,73,10.636950954965542
1776,2022-03-16 00:00:00,12.8,9.1,79,10.511756060923293
1777,2022-03-16 01:00:00,12.4,9.4,82,10.441414936096667
1778,2022-03-16 02:00:00,11.6,9.6,88,10.287705723861734
1779,2022-03-16 03:00:00,10.6,9.2,91,9.612787422319446
1780,2022-03-16 04:00:00,9.8,8.8,93,9.024177460108206
1781,2022-03-16 05:00:00,10.1,9.0,93,9.321750044995662
1782,2022-03-16 06:00:00,9.6,8.6,93,8.825795644906888
1783,2022-03-16 07:00:00,9.4,8.6,95,8.828067827604192
1784,2022-03-16 08:00:00,9.4,8.8,96,8.928855382442919
1785,2022-03-16 09:00:00,12.3,10.5,89,11.079461577676962
1786,2022-03-16 10:00:00,15.6,12.1,80,13.305025236772217
1787,2022-03-16 11:00:00,18.2,12.6,70,14.60329117003307
1788,2022-03-16 12:00:00,19.9,12.2,61,15.048006975585636
1789,2022-03-16 13:00:00,21.1,11.9,56,15.464001361822316
1790,2022-03-16 14:00:00,21.9,12.1,54,15.894512624136375
1791,2022-03-16 15:00:00,22.6,12.1,52,16.222870179265165
1792,2022-03-16 16:00:00,23.0,12.2,51,16.424808181056225
1793,2022-03-16 17:00:00,23.0,12.2,50,16.278640918239894
1794,2022-03-16 18:00:00,22.8,12.1,51,16.25201714588287
1795,2022-03-16 19:00:00,20.5,13.0,62,15.719113232232957
1796,2022-03-16 20:00:00,17.6,10.9,65,13.450853670228039
1797,2022-03-16 21:00:00,16.1,11.0,72,12.874558403978682
1798,2022-03-16 22:00:00,14.9,11.5,80,12.632982249354594
1799,2022-03-16 23:00:00,14.1,12.1,88,12.738367792056675
1800,2022-03-17 00:00:00,13.6,12.3,92,12.684008045277274
1801,2022-03-17 01:00:00,13.1,12.0,93,12.297467091742
1802,2022-03-17 02:00:00,12.6,11.8,95,12.016454951055362
1803,2022-03-17 03:00:00,12.0,11.4,96,11.525123801165957
1804,2022-03-17 04:00:00,11.5,11.1,97,11.131490779292978
1805,2022-03-17 05:00:00,11.9,11.5,97,11.531783294385477
1806,2022-03-17 06:00:00,12.5,11.9,96,12.024404934617703
1807,2022-03-17 07:00:00,14.1,13.5,96,13.62210195775808
1808,2022-03-17 08:00:00,15.7,14.8,94,14.990728758251773
1809,2022-03-17 09:00:00,17.1,15.6,91,16.030435443334
1810,2022-03-17 10:00:00,19.2,15.7,80,16.761229118344893
1811,2022-03-17 11:00:00,21.3,14.8,66,16.970067318269354
1812,2022-03-17 12:00:00,22.6,15.3,63,17.757514560587154
1813,2022-03-17 13:00:00,23.5,15.9,62,18.435906654479577
1814,2022-03-17 14:00:00,24.2,15.6,59,18.639878145756978
1815,2022-03-17 15:00:00,24.2,15.4,58,18.495272907050794
1816,2022-03-17 16:00:00,22.8,16.6,68,18.619250210706586
1817,2022-03-17 17:00:00,22.2,17.0,72,18.59385918392361
1818,2022-03-17 18:00:00,21.1,17.7,81,18.71250100895246
1819,2022-03-17 19:00:00,19.5,18.6,95,18.8913605135272
1820,2022-03-17 20:00:00,20.1,19.2,94,19.36494974999251
1821,2022-03-17 21:00:00,20.0,19.2,95,19.389539464963104
1822,2022-03-17 22:00:00,20.0,19.2,95,19.389539464963104
1823,2022-03-17 23:00:00,20.2,19.4,95,19.588810953257717
1824,2022-03-18 00:00:00,20.1,19.4,95,19.489175215667462
1825,2022-03-18 01:00:00,19.9,19.2,96,19.413722671813893
1826,2022-03-18 02:00:00,20.0,19.5,97,19.637656929477213
1827,2022-03-18 03:00:00,20.2,19.6,97,19.837800846028
1828,2022-03-18 04:00:00,20.0,19.4,96,19.51357780284087
1829,2022-03-18 05:00:00,19.9,19.2,96,19.413722671813893
1830,2022-03-18 06:00:00,18.1,12.7,71,14.629996871662417
1831,2022-03-18 07:00:00,17.6,14.8,84,15.696959262450427
1832,2022-03-18 08:00:00,15.1,10.6,74,12.158630708972698
1833,2022-03-18 09:00:00,14.6,7.7,63,10.485251838830452
1834,2022-03-18 10:00:00,14.8,6.2,57,10.006150036655376
1835,2022-03-18 11:00:00,15.4,5.8,53,10.086276457223889
1836,2022-03-18 12:00:00,16.4,5.8,49,10.485232760974563
1837,2022-03-18 13:00:00,17.5,6.1,47,11.1775454096518
1838,2022-03-18 14:00:00,18.6,6.6,45,11.847767547543512
1839,2022-03-18 15:00:00,19.6,6.6,43,12.411593524334275
1840,2022-03-18 16:00:00,20.1,6.4,41,12.543073063165998
1841,2022-03-18 17:00:00,20.3,5.6,38,12.271099951054332
1842,2022-03-18 18:00:00,19.6,5.5,40,11.993590098750854
1843,2022-03-18 19:00:00,18.6,6.7,46,11.978717896739223
1844,2022-03-18 20:00:00,15.6,6.1,53,10.260709123254266
1845,2022-03-18 21:00:00,14.4,5.2,54,9.32358201900076
1846,2022-03-18 22:00:00,13.8,4.2,52,8.583576619963058
1847,2022-03-18 23:00:00,12.9,4.1,55,8.11280623487889
1848,2022-03-19 00:00:00,11.9,4.2,59,7.631244494290247
1849,2022-03-19 01:00:00,10.8,4.4,65,7.2238526471640085
1850,2022-03-19 02:00:00,9.5,5.1,74,6.875252550311032
1851,2022-03-19 03:00:00,9.1,5.2,77,6.7798958128693485
1852,2022-03-19 04:00:00,9.4,5.1,74,6.780905593377838
1853,2022-03-19 05:00:00,8.9,4.8,76,6.495761527367971
1854,2022-03-19 06:00:00,8.2,4.7,78,6.015269819247273
1855,2022-03-19 07:00:00,9.9,5.1,72,7.061386425743631
1856,2022-03-19 08:00:00,9.5,5.1,74,6.875252550311032
1857,2022-03-19 09:00:00,11.6,7.7,77,9.159745092038014
1858,2022-03-19 10:00:00,15.0,7.7,61,10.627533440033526
1859,2022-03-19 11:00:00,17.4,5.3,45,10.842657748953476
1860,2022-03-19 12:00:00,18.9,4.5,39,11.286548615210389
1861,2022-03-19 13:00:00,19.9,4.6,37,11.804439117561124
1862,2022-03-19 14:00:00,20.6,5.1,36,12.21147187064463
1863,2022-03-19 15:00:00,21.1,5.1,35,12.45189268877731
1864,2022-03-19 16:00:00,21.5,5.0,34,12.606833860309717
1865,2022-03-19 17:00:00,21.5,4.8,34,12.606833860309717
1866,2022-03-19 18:00:00,21.0,4.7,34,12.216838747828078
1867,2022-03-19 19:00:00,19.6,11.3,59,14.522904530148924
1868,2022-03-19 20:00:00,15.7,7.2,57,10.805044516623342
1869,2022-03-19 21:00:00,14.2,6.9,62,10.013738073069248
1870,2022-03-19 22:00:00,13.1,7.9,70,9.852233512577538
1871,2022-03-19 23:00:00,11.9,7.5,75,9.241306407448443
1872,2022-03-20 00:00:00,10.6,7.2,79,8.405487214033146
1873,2022-03-20 01:00:00,10.1,7.1,82,8.221186247503034
1874,2022-03-20 02:00:00,9.4,7.0,85,7.836950232233118
1875,2022-03-20 03:00:00,8.9,6.8,86,7.446998335522441
1876,2022-03-20 04:00:00,8.6,6.4,86,7.154373761151831
1877,2022-03-20 05:00:00,7.8,6.1,89,6.65751421208161
1878,2022-03-20 06:00:00,7.3,5.7,89,6.166184080108817
1879,2022-03-20 07:00:00,6.8,5.6,92,5.954480857374975
1880,2022-03-20 08:00:00,7.5,6.2,91,6.552035477599844
1881,2022-03-20 09:00:00,12.1,8.6,80,9.944798573832195
1882,2022-03-20 10:00:00,15.9,10.5,70,12.460667550489994
1883,2022-03-20 11:00:00,18.6,10.9,61,13.875237841881379
1884,2022-03-20 12:00:00,20.4,7.1,42,12.93184002576728
1885,2022-03-20 13:00:00,20.9,7.2,41,13.197614495472706
1886,2022-03-20 14:00:00,21.1,5.3,36,12.607230647323455
1887,2022-03-20 15:00:00,20.9,5.4,36,12.448927462727209
1888,2022-03-20 16:00:00,20.5,6.8,41,12.870344466836247
1889,2022-03-20 17:00:00,20.0,7.3,44,12.882077289242101
1890,2022-03-20 18:00:00,19.0,8.6,51,12.968947731679094
1891,2022-03-20 19:00:00,17.6,9.4,58,12.612384107682079
1892,2022-03-20 20:00:00,16.0,10.2,68,12.326736704819059
1893,2022-03-20 21:00:00,15.5,11.4,76,12.76014336960457
1894,2022-03-20 22:00:00,16.1,12.4,78,13.55726336688388
1895,2022-03-20 23:00:00,16.5,12.8,79,14.05408951924155
1896,2022-03-21 00:00:00,17.0,13.6,80,14.649107871527203
1897,2022-03-21 01:00:00,17.0,14.4,85,15.231220591218225
1898,2022-03-21 02:00:00,17.8,15.1,84,15.891042087700324
1899,2022-03-21 03:00:00,18.1,15.5,85,16.301434294500794
1900,2022-03-21 04:00:00,18.1,15.6,86,16.420725116079023
1901,2022-03-21 05:00:00,18.1,16.2,89,16.778803531370468
1902,2022-03-21 06:00:00,18.2,17.0,92,17.236289658938475
1903,2022-03-21 07:00:00,18.7,17.9,95,18.094273496680284
1904,2022-03-21 08:00:00,19.5,18.6,95,18.8913605135272
1905,2022-03-21 09:00:00,19.5,18.8,95,18.8913605135272
1906,2022-03-21 10:00:00,20.5,19.4,93,19.637507164915824
1907,2022-03-21 11:00:00,22.0,20.0,88,20.48238649275784
1908,2022-03-21 12:00:00,22.5,20.0,86,20.712451673010985
1909,2022-03-21 13:00:00,23.0,20.2,85,21.068724000621817
1910,2022-03-21 14:00:00,23.6,20.5,82,21.252798681904682
1911,2022-03-21 15:00:00,24.0,20.3,80,21.369460088070777
1912,2022-03-21 16:00:00,24.0,20.4,80,21.369460088070777
1913,2022-03-21 17:00:00,23.5,20.9,86,21.68783970691671
1914,2022-03-21 18:00:00,23.0,20.8,87,21.33144617529103
1915,2022-03-21 19:00:00,21.9,20.2,90,20.641227494406124
1916,2022-03-21 20:00:00,22.0,20.3,90,20.739726517217214
1917,2022-03-21 21:00:00,22.1,20.3,90,20.838225525794957
1918,2022-03-21 22:00:00,22.0,20.1,89,20.611088264842767
1919,2022-03-21 23:00:00,21.9,20.1,90,20.641227494406124
1920,2022-03-22 00:00:00,21.8,20.0,90,20.542728457323502
1921,2022-03-22 01:00:00,21.7,19.9,90,20.444229405931015
1922,2022-03-22 02:00:00,21.1,19.4,89,19.726716927298487
1923,2022-03-22 03:00:00,20.0,19.0,94,19.265535937846384
1924,2022-03-22 04:00:00,19.3,18.3,94,18.569638872896167
1925,2022-03-22 05:00:00,18.6,17.5,93,17.752910055709176
1926,2022-03-22 06:00:00,18.0,18.0,99,17.875992267493224
1927,2022-03-22 07:00:00,19.4,17.7,90,18.17874718413767
1928,2022-03-22 08:00:00,17.4,15.1,87,15.855556715356826
1929,2022-03-22 09:00:00,15.8,13.7,87,14.29100711328952
1930,2022-03-22 10:00:00,16.8,14.1,84,14.920627194259843
1931,2022-03-22 11:00:00,17.5,13.8,78,14.893802381653174
1932,2022-03-22 12:00:00,20.3,12.9,62,15.537992568613763
1933,2022-03-22 13:00:00,22.4,11.4,50,15.762785019149437
1934,2022-03-22 14:00:00,21.9,12.2,54,15.894512624136375
1935,2022-03-22 15:00:00,21.5,10.4,49,14.848323386993485
1936,2022-03-22 16:00:00,20.8,9.6,49,14.249477377156456
1937,2022-03-22 17:00:00,19.8,8.7,49,13.393978058158904
1938,2022-03-22 18:00:00,19.2,7.5,47,12.616972258910657
1939,2022-03-22 19:00:00,16.5,6.9,53,11.045653085893008
1940,2022-03-22 20:00:00,14.9,5.6,54,9.761653840227204
1941,2022-03-22 21:00:00,14.2,4.3,52,8.93082757180866
1942,2022-03-22 22:00:00,13.4,3.5,51,8.130582014869972
1943,2022-03-22 23:00:00,12.4,2.3,50,7.164865426152193
1944,2022-03-23 00:00:00,11.1,1.0,50,6.047082686471919
1945,2022-03-23 01:00:00,10.4,0.7,51,5.538507213846566
1946,2022-03-23 02:00:00,9.5,0.9,55,5.120561507318319
1947,2022-03-23 03:00:00,9.2,0.8,55,4.856535967720381
1948,2022-03-23 04:00:00,9.1,0.2,54,4.6799173893723705
1949,2022-03-23 05:00:00,8.4,-0.1,55,4.152464511801675
1950,2022-03-23 06:00:00,8.1,-0.2,56,3.9734159809182117
1951,2022-03-23 07:00:00,8.2,-0.2,55,3.976445870727378
1952,2022-03-23 08:00:00,8.4,0.6,58,4.411641512267526
1953,2022-03-23 09:00:00,10.8,3.2,60,6.742512882209722
1954,2022-03-23 10:00:00,12.9,3.0,51,7.698574492704855
1955,2022-03-23 11:00:00,14.8,3.1,45,8.664878243006333
1956,2022-03-23 12:00:00,16.1,2.3,39,9.024453946604304
1957,2022-03-23 13:00:00,17.2,2.0,36,9.520235116961613
1958,2022-03-23 14:00:00,18.0,2.2,35,10.015793825312496
1959,2022-03-23 15:00:00,18.5,1.9,33,10.123454053077703
1960,2022-03-23 16:00:00,18.5,1.6,32,9.97854227112312
1961,2022-03-23 17:00:00,18.3,1.6,33,9.968641483007227
1962,2022-03-23 18:00:00,18.1,1.3,32,9.671359637479098
1963,2022-03-23 19:00:00,16.7,3.0,40,9.635612271100849
1964,2022-03-23 20:00:00,14.9,4.0,48,9.089152042245676
1965,2022-03-23 21:00:00,14.1,4.1,51,8.735389411875312
1966,2022-03-23 22:00:00,13.8,4.9,55,8.90485817763747
1967,2022-03-23 23:00:00,13.4,4.5,55,8.552835717614695
1968,2022-03-24 00:00:00,12.8,4.7,58,8.333795198485207
1969,2022-03-24 01:00:00,11.4,2.4,54,6.695117039396312
1970,2022-03-24 02:00:00,10.9,2.5,56,6.4483976386201665
1971,2022-03-24 03:00:00,10.7,3.2,60,6.6526491947207855
1972,2022-03-24 04:00:00,10.9,1.2,51,5.970524785064432
1973,2022-03-24 05:00:00,11.1,-0.3,45,5.565619196958943
1974,2022-03-24 06:00:00,11.0,-0.6,45,5.481853417491564
1975,2022-03-24 07:00:00,10.0,1.1,54,5.468478542561595
1976,2022-03-24 08:00:00,9.9,1.8,57,5.6565320723521975
1977,2022-03-24 09:00:00,11.9,4.1,59,7.631244494290247
1978,2022-03-24 10:00:00,14.4,4.2,50,8.884504313033817
1979,2022-03-24 11:00:00,15.8,3.9,45,9.502492793799656
1980,2022-03-24 12:00:00,17.1,3.8,41,10.088490840896204
1981,2022-03-24 13:00:00,18.0,3.3,37,10.289938285126974
1982,2022-03-24 14:00:00,18.2,2.5,35,10.17296515813403
1983,2022-03-24 15:00:00,18.2,1.8,33,9.89123497635802
1984,2022-03-24 16:00:00,18.4,0.8,31,9.755813062914935
1985,2022-03-24 17:00:00,18.3,0.8,31,9.679643271669914
1986,2022-03-24 18:00:00,17.9,1.5,33,9.659014559510462
1987,2022-03-24 19:00:00,16.6,5.3,47,10.415487288628785
1988,2022-03-24 20:00:00,16.9,1.8,36,9.282766086707161
1989,2022-03-24 21:00:00,12.1,3.3,55,7.408755726732489
1990,2022-03-24 22:00:00,11.2,2.7,55,6.616693834600168
1991,2022-03-24 23:00:00,10.1,2.6,59,6.020162693369272
1992,2022-03-25 00:00:00,10.2,1.5,55,5.736618508233965
1993,2022-03-25 01:00:00,9.2,1.4,58,5.124769476742502
1994,2022-03-25 02:00:00,8.4,1.5,62,4.761011947174479
1995,2022-03-25 03:00:00,7.8,1.5,64,4.389935648818488
1996,2022-03-25 04:00:00,7.8,1.5,64,4.389935648818488
1997,2022-03-25 05:00:00,8.1,1.3,62,4.489314352022195
1998,2022-03-25 06:00:00,8.4,1.5,62,4.761011947174479
1999,2022-03-25 07:00:00,8.5,4.8,77,6.208729134887108
2000,2022-03-25 08:00:00,8.9,5.7,80,6.872563954750831
2001,2022-03-25 09:00:00,12.5,7.8,73,9.602341894398586
2002,2022-03-25 10:00:00,15.9,10.0,68,12.234198663531739
2003,2022-03-25 11:00:00,19.0,11.6,62,14.36070471049571
2004,2022-03-25 12:00:00,21.8,11.4,52,15.528406606462397
2005,2022-03-25 13:00:00,23.6,6.2,33,14.070993957338178
2006,2022-03-25 14:00:00,24.4,5.3,29,13.950544528481618
2007,2022-03-25 15:00:00,24.8,4.9,28,14.05527524312916
2008,2022-03-25 16:00:00,24.8,5.0,28,14.05527524312916
2009,2022-03-25 17:00:00,24.6,5.2,29,14.100266215755866
2010,2022-03-25 18:00:00,24.3,5.8,30,14.064034627840222
2011,2022-03-25 19:00:00,22.8,11.4,49,15.960458620879898
2012,2022-03-25 20:00:00,18.5,6.2,45,11.764008833935236
2013,2022-03-25 21:00:00,17.0,10.0,63,12.666955939087064
2014,2022-03-25 22:00:00,14.1,11.1,82,12.08244539517035
2015,2022-03-25 23:00:00,13.4,10.9,85,11.728686668957295
2016,2022-03-26 00:00:00,12.9,10.6,86,11.348639959310646
2017,2022-03-26 01:00:00,12.4,10.6,89,11.177726612151746
2018,2022-03-26 02:00:00,11.8,10.1,89,10.588136115616408
2019,2022-03-26 03:00:00,10.6,9.4,92,9.715109639435646
2020,2022-03-26 04:00:00,10.6,9.6,93,9.81770398891886
2021,2022-03-26 05:00:00,11.4,10.1,91,10.402655847962553
2022,2022-03-26 06:00:00,12.1,10.2,88,10.777839119689569
2023,2022-03-26 07:00:00,13.2,12.2,93,12.396657393167683
2024,2022-03-26 08:00:00,14.2,13.4,95,13.61064225313191
2025,2022-03-26 09:00:00,17.1,15.5,90,15.913256879707177
2026,2022-03-26 10:00:00,19.9,16.8,82,17.681208150137433
2027,2022-03-26 11:00:00,22.0,17.0,73,18.537488544099716
2028,2022-03-26 12:00:00,24.0,15.6,59,18.46088091369937
2029,2022-03-26 13:00:00,25.5,13.3,47,17.951156081623452
2030,2022-03-26 14:00:00,26.5,12.9,43,18.125160329106322
2031,2022-03-26 15:00:00,27.0,13.1,43,18.539174765433867
2032,2022-03-26 16:00:00,27.1,13.5,43,18.621977476837195
2033,2022-03-26 17:00:00,27.1,12.8,41,18.270142175098357
2034,2022-03-26 18:00:00,26.3,11.5,40,17.44104505265994
2035,2022-03-26 19:00:00,24.1,10.4,42,15.977537170475703
2036,2022-03-26 20:00:00,21.5,10.4,49,14.848323386993485
2037,2022-03-26 21:00:00,19.4,15.4,78,16.70766959706551
2038,2022-03-26 22:00:00,17.9,16.7,93,17.058583509529033
2039,2022-03-26 23:00:00,17.3,16.6,96,16.817484657243146
2040,2022-03-27 00:00:00,16.9,16.2,96,16.418062614936723
2041,2022-03-27 01:00:00,16.6,15.9,95,16.001915886440084
2042,2022-03-27 02:00:00,16.4,15.4,94,15.686629426387153
2043,2022-03-27 03:00:00,16.2,15.0,92,15.257040912539821
2044,2022-03-27 04:00:00,15.9,14.4,90,14.731258553946102
2045,2022-03-27 05:00:00,15.6,13.9,89,14.322197888773413
2046,2022-03-27 06:00:00,15.4,13.7,90,14.238758540633778
2047,2022-03-27 07:00:00,16.1,15.1,93,15.273169058657917
2048,2022-03-27 08:00:00,16.5,15.4,94,15.786043747779733
2049,2022-03-27 09:00:00,18.5,17.0,91,17.412688899162966
2050,2022-03-27 10:00:00,20.9,17.1,79,18.26655348767553
2051,2022-03-27 11:00:00,22.9,17.1,70,18.981649226423826
2052,2022-03-27 12:00:00,24.7,16.8,61,19.378178429764038
2053,2022-03-27 13:00:00,26.2,15.7,52,19.347919477803746
2054,2022-03-27 14:00:00,27.0,14.9,47,19.221166919487608
2055,2022-03-27 15:00:00,27.5,13.9,43,18.953187744555972
2056,2022-03-27 16:00:00,27.5,12.9,41,18.59739288686868
2057,2022-03-27 17:00:00,26.9,12.4,41,18.106516440520544
2058,2022-03-27 18:00:00,25.5,12.6,45,17.626949225537516
2059,2022-03-27 19:00:00,23.8,13.3,52,17.26455978948268
2060,2022-03-27 20:00:00,21.0,14.4,66,16.694374116807204
2061,2022-03-27 21:00:00,19.1,15.6,80,16.665223827303226
2062,2022-03-27 22:00:00,17.9,16.0,89,16.582275464007548
2063,2022-03-27 23:00:00,17.4,16.3,94,16.68077197816478
2064,2022-03-28 00:00:00,17.3,16.4,94,16.58135778872595
2065,2022-03-28 01:00:00,17.3,16.2,94,16.58135778872595
2066,2022-03-28 02:00:00,17.2,16.2,94,16.481943584783554
2067,2022-03-28 03:00:00,17.1,16.1,94,16.38252936629843
2068,2022-03-28 04:00:00,17.5,16.4,93,16.661825161460307
2069,2022-03-28 05:00:00,18.1,16.5,90,16.89825369045317
2070,2022-03-28 06:00:00,18.5,16.5,88,17.051505004561587
2071,2022-03-28 07:00:00,19.4,16.5,83,17.3211479729534
2072,2022-03-28 08:00:00,19.0,16.0,83,16.933999225215945
2073,2022-03-28 09:00:00,21.3,15.4,69,17.361320021589687
2074,2022-03-28 10:00:00,22.8,15.1,62,17.801990880126894
2075,2022-03-28 11:00:00,23.8,15.4,60,18.42438640931241
2076,2022-03-28 12:00:00,24.5,15.1,56,18.46909128008114
2077,2022-03-28 13:00:00,25.3,15.1,53,18.72043215255632
2078,2022-03-28 14:00:00,27.0,14.4,46,19.052946339756073
2079,2022-03-28 15:00:00,26.8,13.9,45,18.715747458234038
2080,2022-03-28 16:00:00,26.8,13.1,43,18.37356916752068
2081,2022-03-28 17:00:00,26.5,12.9,43,18.125160329106322
2082,2022-03-28 18:00:00,24.8,14.6,53,18.284374958806243
2083,2022-03-28 19:00:00,23.5,15.9,62,18.435906654479577
2084,2022-03-28 20:00:00,21.9,17.5,76,18.834586086791564
2085,2022-03-28 21:00:00,20.8,17.8,83,18.67616626611676
2086,2022-03-28 22:00:00,19.6,18.3,92,18.621760204885693
2087,2022-03-28 23:00:00,19.5,18.6,95,18.8913605135272
2088,2022-03-29 00:00:00,19.5,18.6,95,18.8913605135272
2089,2022-03-29 01:00:00,19.6,18.8,95,18.99099633031805
2090,2022-03-29 02:00:00,19.5,18.6,95,18.8913605135272
2091,2022-03-29 03:00:00,19.5,18.6,95,18.8913605135272
2092,2022-03-29 04:00:00,19.3,18.5,95,18.69208883994654
2093,2022-03-29 05:00:00,19.3,18.5,95,18.69208883994654
2094,2022-03-29 06:00:00,19.5,18.6,95,18.8913605135272
2095,2022-03-29 07:00:00,20.2,19.3,94,19.464363548676726
2096,2022-03-29 08:00:00,20.9,19.5,91,19.782259367821695
2097,2022-03-29 09:00:00,22.0,19.4,85,20.095811006878712
2098,2022-03-29 10:00:00,23.4,19.1,77,20.392413425909442
2099,2022-03-29 11:00:00,24.6,18.3,68,20.28489363834613
2100,2022-03-29 12:00:00,25.6,18.1,63,20.48455702544455
2101,2022-03-29 13:00:00,26.1,17.1,58,20.18880091164848
2102,2022-03-29 14:00:00,27.3,16.1,51,20.139770201932176
2103,2022-03-29 15:00:00,27.1,15.6,49,19.638997291497333
2104,2022-03-29 16:00:00,26.7,16.0,52,19.78194963897777
2105,2022-03-29 17:00:00,26.1,17.6,60,20.49111055246778
2106,2022-03-29 18:00:00,24.7,19.2,71,20.798328561573655
2107,2022-03-29 19:00:00,23.1,20.7,86,21.297684678481335
2108,2022-03-29 20:00:00,22.3,20.8,91,21.164504976382542
2109,2022-03-29 21:00:00,22.1,20.6,91,20.967041485364632
2110,2022-03-29 22:00:00,21.9,20.4,91,20.769577939058117
2111,2022-03-29 23:00:00,21.6,20.2,92,20.600998975469377
2112,2022-03-30 00:00:00,21.6,20.1,91,20.47338251528782
2113,2022-03-30 01:00:00,21.6,19.9,90,20.345730340190205
2114,2022-03-30 02:00:00,21.4,19.5,89,20.021507506536192
2115,2022-03-30 03:00:00,21.3,18.8,86,19.54198396177058
2116,2022-03-30 04:00:00,21.2,17.9,81,18.808769966980726
2117,2022-03-30 05:00:00,21.2,17.5,79,18.55376546540511
2118,2022-03-30 06:00:00,21.4,17.5,78,18.61699507362294
2119,2022-03-30 07:00:00,22.0,18.6,81,19.578920961421165
2120,2022-03-30 08:00:00,21.5,19.6,89,20.119771003172506
2121,2022-03-30 09:00:00,21.1,20.0,93,20.23264205642515
2122,2022-03-30 10:00:00,21.1,20.1,94,20.35908713683757
2123,2022-03-30 11:00:00,21.5,20.2,93,20.62939838104901
2124,2022-03-30 12:00:00,19.2,14.2,73,15.903996680987603
2125,2022-03-30 13:00:00,21.8,15.1,66,17.429555387694833
2126,2022-03-30 14:00:00,25.2,15.4,55,18.937142000818973
2127,2022-03-30 15:00:00,27.5,9.6,33,17.089502035795043
2128,2022-03-30 16:00:00,27.2,8.0,30,16.254049686973243
2129,2022-03-30 17:00:00,26.5,7.2,29,15.522597144632684
2130,2022-03-30 18:00:00,25.0,9.5,37,15.86949431107237
2131,2022-03-30 19:00:00,23.0,9.6,42,15.072070303432199
2132,2022-03-30 20:00:00,21.0,9.1,47,14.141049587960481
2133,2022-03-30 21:00:00,20.0,7.8,45,13.020381542235306
2134,2022-03-30 22:00:00,18.5,7.8,50,12.409673218345866
2135,2022-03-30 23:00:00,17.5,6.9,50,11.549886330432614
2136,2022-03-31 00:00:00,16.5,5.3,48,10.451035868365864
2137,2022-03-31 01:00:00,15.1,4.8,50,9.486370702432307
2138,2022-03-31 02:00:00,13.8,4.2,52,8.583576619963058
2139,2022-03-31 03:00:00,12.8,3.9,55,8.024800147869865
2140,2022-03-31 04:00:00,12.2,4.2,58,7.798962965261136
2141,2022-03-31 05:00:00,11.9,5.0,63,8.030805121688614
2142,2022-03-31 06:00:00,10.2,5.9,75,7.6325490531675335
2143,2022-03-31 07:00:00,10.5,6.0,74,7.818720250856149
2144,2022-03-31 08:00:00,11.1,6.7,74,8.384799272816423
2145,2022-03-31 09:00:00,13.4,6.8,65,9.604787042158055
2146,2022-03-31 10:00:00,15.1,6.2,55,10.048924476212937
2147,2022-03-31 11:00:00,16.7,6.1,50,10.862052152949179
2148,2022-03-31 12:00:00,18.2,6.7,47,11.770253096087387
2149,2022-03-31 13:00:00,19.6,7.2,44,12.548927403412687
2150,2022-03-31 14:00:00,20.8,7.2,42,13.261109675428784
2151,2022-03-31 15:00:00,21.7,7.0,39,13.548562361699084
2152,2022-03-31 16:00:00,22.4,7.2,38,13.9564025985471
2153,2022-03-31 17:00:00,22.7,7.3,37,14.036264686362319
2154,2022-03-31 18:00:00,22.6,7.4,38,14.116905458144043
2155,2022-03-31 19:00:00,21.3,11.1,52,15.09436526335217
2156,2022-03-31 20:00:00,18.4,8.0,51,12.450560989811283
2157,2022-03-31 21:00:00,16.8,7.6,55,11.544996452476457
2158,2022-03-31 22:00:00,15.7,7.1,57,10.805044516623342
2159,2022-03-31 23:00:00,15.1,6.8,58,10.383967074518205
2160,2022-04-01 00:00:00,14.4,6.8,60,9.977569878957434
2161,2022-04-01 01:00:00,14.4,6.5,59,9.868828224227641
2162,2022-04-01 02:00:00,13.9,6.3,60,9.528260387507578
2163,2022-04-01 03:00:00,13.7,6.4,61,9.454737203832918
2164,2022-04-01 04:00:00,13.1,5.9,62,9.017544222155136
2165,2022-04-01 05:00:00,12.2,5.6,64,8.40466207389009
2166,2022-04-01 06:00:00,12.0,5.2,63,8.121711151891777
2167,2022-04-01 07:00:00,11.6,5.6,66,8.055832476826616
2168,2022-04-01 08:00:00,12.6,6.1,65,8.872194965245939
2169,2022-04-01 09:00:00,15.2,7.6,60,10.69646255083519
2170,2022-04-01 10:00:00,18.2,8.4,53,12.528312000002419
2171,2022-04-01 11:00:00,20.8,7.9,44,13.548373423024369
2172,2022-04-01 12:00:00,22.4,7.2,38,13.9564025985471
2173,2022-04-01 13:00:00,23.2,8.2,38,14.598411895303169
2174,2022-04-01 14:00:00,23.6,8.9,39,15.083459694254461
2175,2022-04-01 15:00:00,23.5,8.4,38,14.839163930754143
2176,2022-04-01 16:00:00,23.1,8.2,39,14.679542308522159
2177,2022-04-01 17:00:00,22.6,8.5,40,14.432793883904278
2178,2022-04-01 18:00:00,21.8,8.9,44,14.381236997220451
2179,2022-04-01 19:00:00,20.2,9.0,48,13.600321376353364
2180,2022-04-01 20:00:00,18.2,10.2,60,13.392284023447136
2181,2022-04-01 21:00:00,17.5,11.4,68,13.71480334230424
2182,2022-04-01 22:00:00,17.1,11.8,71,13.695391046608307
2183,2022-04-01 23:00:00,16.5,11.9,75,13.594371775915569
2184,2022-04-02 00:00:00,15.9,12.1,79,13.479659301669585
2185,2022-04-02 01:00:00,15.6,13.1,85,13.869127115693015
2186,2022-04-02 02:00:00,16.0,14.2,89,14.71525550557688
2187,2022-04-02 03:00:00,17.1,14.8,86,15.44532808042742
2188,2022-04-02 04:00:00,17.5,15.1,86,15.835487110701369
2189,2022-04-02 05:00:00,16.9,15.5,92,15.94977867447864
2190,2022-04-02 06:00:00,16.1,15.4,95,15.503734581039755
2191,2022-04-02 07:00:00,15.9,14.9,93,15.07478937169645
2192,2022-04-02 08:00:00,16.6,14.8,89,15.304841413547376
2193,2022-04-02 09:00:00,18.2,15.4,84,16.279207511195263
2194,2022-04-02 10:00:00,20.8,16.7,77,17.91744619729499
2195,2022-04-02 11:00:00,23.0,17.7,72,19.34392441754107
2196,2022-04-02 12:00:00,24.3,17.8,67,19.867366563437784
2197,2022-04-02 13:00:00,25.5,17.2,60,19.951966776796336
2198,2022-04-02 14:00:00,26.6,16.7,55,20.169137069766016
2199,2022-04-02 15:00:00,27.5,16.4,51,20.312557155107932
2200,2022-04-02 16:00:00,27.9,16.3,49,20.323366872396083
2201,2022-04-02 17:00:00,28.0,16.0,48,20.23908749379173
2202,2022-04-02 18:00:00,28.0,15.4,46,19.895089466938728
2203,2022-04-02 19:00:00,25.8,16.7,57,19.77015893900347
2204,2022-04-02 20:00:00,22.2,18.0,77,19.25012258325116
2205,2022-04-02 21:00:00,20.2,17.1,82,17.970797498952074
2206,2022-04-02 22:00:00,18.9,17.0,89,17.564915153342785
2207,2022-04-02 23:00:00,18.1,16.9,92,17.137327366324023
2208,2022-04-03 00:00:00,17.1,16.2,94,16.38252936629843
2209,2022-04-03 01:00:00,17.0,16.1,94,16.283115133231288
2210,2022-04-03 02:00:00,15.9,15.4,97,15.534695253955537
2211,2022-04-03 03:00:00,15.8,15.3,97,15.434622736132948
2212,2022-04-03 04:00:00,15.5,15.1,98,15.248884336590425
2213,2022-04-03 05:00:00,16.6,16.2,97,16.235202491688927
2214,2022-04-03 06:00:00,14.7,14.7,100,14.55953360580445
2215,2022-04-03 07:00:00,14.3,14.3,100,14.15753763471707
2216,2022-04-03 08:00:00,15.3,15.1,99,15.162527155010661
2217,2022-04-03 09:00:00,17.8,17.2,97,17.436070493794514
2218,2022-04-03 10:00:00,21.0,17.4,80,18.489320913340904
2219,2022-04-03 11:00:00,23.5,15.9,63,18.57563018024767
2220,2022-04-03 12:00:00,25.5,12.7,45,17.626949225537516
2221,2022-04-03 13:00:00,26.5,10.6,37,17.065054610362438
2222,2022-04-03 14:00:00,26.9,9.4,33,16.625125825110963
2223,2022-04-03 15:00:00,26.5,7.4,30,15.725434132346535
2224,2022-04-03 16:00:00,25.8,7.6,31,15.391976707385155
2225,2022-04-03 17:00:00,24.8,8.6,36,15.535766556440617
2226,2022-04-03 18:00:00,23.3,10.8,45,15.784345338160353
2227,2022-04-03 19:00:00,21.6,14.1,62,16.715274363596052
2228,2022-04-03 20:00:00,19.4,16.1,82,17.19855885673076
2229,2022-04-03 21:00:00,18.4,16.6,89,17.073595510447344
2230,2022-04-03 22:00:00,17.9,16.7,93,17.058583509529033
2231,2022-04-03 23:00:00,18.0,16.7,92,17.038365058726637
2232,2022-04-04 00:00:00,18.1,16.9,93,17.256962595437685
2233,2022-04-04 01:00:00,18.1,17.0,93,17.256962595437685
2234,2022-04-04 02:00:00,19.3,17.5,89,17.95797058086276
2235,2022-04-04 03:00:00,19.6,17.6,89,18.252761986053233
2236,2022-04-04 04:00:00,19.9,18.0,89,18.54755325073194
2237,2022-04-04 05:00:00,20.0,18.1,89,18.64581697460051
2238,2022-04-04 06:00:00,20.1,18.3,89,18.744080683028
2239,2022-04-04 07:00:00,20.5,18.5,88,19.012011071902254
2240,2022-04-04 08:00:00,21.0,19.0,88,19.502136596467814
2241,2022-04-04 09:00:00,21.5,19.3,87,19.864695004837674
2242,2022-04-04 10:00:00,22.0,19.7,87,20.353612445935823
2243,2022-04-04 11:00:00,22.0,20.5,91,20.868309719140797
2244,2022-04-04 12:00:00,23.0,20.3,85,21.068724000621817
2245,2022-04-04 13:00:00,25.1,20.5,76,21.871773531832925
2246,2022-04-04 14:00:00,25.6,19.8,70,21.496850694356993
2247,2022-04-04 15:00:00,24.3,20.4,79,21.52161237748602
2248,2022-04-04 16:00:00,25.1,20.4,75,21.732568785596847
2249,2022-04-04 17:00:00,24.8,20.0,75,21.448680915697217
2250,2022-04-04 18:00:00,23.0,20.4,85,21.068724000621817
2251,2022-04-04 19:00:00,21.0,20.3,95,20.38589638594127
2252,2022-04-04 20:00:00,20.7,20.1,97,20.338160420577164
2253,2022-04-04 21:00:00,20.5,19.6,95,19.887718087684394
2254,2022-04-04 22:00:00,20.1,19.5,96,19.61343292105659
2255,2022-04-04 23:00:00,20.4,19.7,96,19.91299819916634
2256,2022-04-05 00:00:00,20.3,19.6,96,19.81314311918642
2257,2022-04-05 01:00:00,20.6,20.0,96,20.11270832111985
2258,2022-04-05 02:00:00,20.4,19.9,97,20.037944712891512
2259,2022-04-05 03:00:00,20.2,19.9,98,19.962355296962688
2260,2022-04-05 04:00:00,20.8,20.4,98,20.564072999073975
2261,2022-04-05 05:00:00,21.0,20.5,97,20.638376017884635
2262,2022-04-05 06:00:00,21.1,20.6,97,20.738447859270675
2263,2022-04-05 07:00:00,20.2,19.7,97,19.837800846028
2264,2022-04-05 08:00:00,21.0,20.0,94,20.25967345773542
2265,2022-04-05 09:00:00,22.0,20.7,92,20.996846065451827
2266,2022-04-05 10:00:00,23.0,21.4,91,21.855626763748234
2267,2022-04-05 11:00:00,23.9,22.0,89,22.47809056676599
2268,2022-04-05 12:00:00,26.6,21.9,75,23.15200547547592
2269,2022-04-05 13:00:00,28.0,21.6,68,23.431087103186872
2270,2022-04-05 14:00:00,29.4,21.2,62,23.77885229297768
2271,2022-04-05 15:00:00,30.2,20.7,57,23.675631832802935
2272,2022-04-05 16:00:00,30.6,20.0,53,23.342578064285274
2273,2022-04-05 17:00:00,30.5,19.5,52,23.08054669175248
2274,2022-04-05 18:00:00,30.1,19.3,52,22.73332849991128
2275,2022-04-05 19:00:00,27.5,21.5,70,23.26679719182461
2276,2022-04-05 20:00:00,24.9,20.9,79,22.096032296579104
2277,2022-04-05 21:00:00,23.1,20.4,85,21.16601521195521
2278,2022-04-05 22:00:00,21.5,20.2,92,20.50203716896242
2279,2022-04-05 23:00:00,21.0,20.2,95,20.38589638594127
2280,2022-04-06 00:00:00,21.0,20.4,96,20.512128413911014
2281,2022-04-06 01:00:00,21.4,20.5,95,20.784438793741895
2282,2022-04-06 02:00:00,21.4,20.9,97,21.038663310711886
2283,2022-04-06 03:00:00,21.1,20.8,98,20.864931688709948
2284,2022-04-06 04:00:00,21.3,20.9,97,20.938591505653573
2285,2022-04-06 05:00:00,21.1,20.8,98,20.864931688709948
2286,2022-04-06 06:00:00,21.3,21.1,99,21.192437321554987
2287,2022-04-06 07:00:00,21.7,21.3,98,21.466648749187808
2288,2022-04-06 08:00:00,22.0,21.4,96,21.51067777633127
2289,2022-04-06 09:00:00,22.8,21.2,91,21.658163463952466
2290,2022-04-06 10:00:00,23.5,20.8,85,21.555179899427124
2291,2022-04-06 11:00:00,26.1,20.5,71,22.106749032237964
2292,2022-04-06 12:00:00,25.7,15.1,52,18.91388827136699
2293,2022-04-06 13:00:00,26.9,12.6,41,18.106516440520544
2294,2022-04-06 14:00:00,26.9,12.0,40,17.928860278956204
2295,2022-04-06 15:00:00,27.3,12.4,40,18.25406909041875
2296,2022-04-06 16:00:00,27.0,12.4,40,18.01016258122775
2297,2022-04-06 17:00:00,26.5,12.0,40,17.603650399194013
2298,2022-04-06 18:00:00,25.7,11.1,40,16.953227356745128
2299,2022-04-06 19:00:00,24.4,9.8,40,15.89628021464782
2300,2022-04-06 20:00:00,22.5,7.7,38,14.036654073478942
2301,2022-04-06 21:00:00,21.6,4.6,33,12.522978022448331
2302,2022-04-06 22:00:00,20.2,3.5,33,11.439337934814159
2303,2022-04-06 23:00:00,19.4,3.1,34,10.968833788646002
2304,2022-04-07 00:00:00,18.6,2.7,34,10.344818889392993
2305,2022-04-07 01:00:00,17.9,2.2,35,9.937207957914111
2306,2022-04-07 02:00:00,17.0,1.0,34,9.096762304342093
2307,2022-04-07 03:00:00,15.7,0.2,35,8.208283304482876
2308,2022-04-07 04:00:00,14.4,-0.1,37,7.420234752662175
2309,2022-04-07 05:00:00,13.6,0.2,40,7.114912659400609
2310,2022-04-07 06:00:00,13.1,-0.1,40,6.70833705944356
2311,2022-04-07 07:00:00,13.2,-3.1,32,5.908145475271784
2312,2022-04-07 08:00:00,13.4,-1.7,35,6.400691497309531
2313,2022-04-07 09:00:00,15.8,0.2,34,8.160694733875248
2314,2022-04-07 10:00:00,17.5,-0.1,31,9.070278851165098
2315,2022-04-07 11:00:00,19.0,-0.3,27,9.594544288900824
2316,2022-04-07 12:00:00,20.1,0.8,28,10.568421634618765
2317,2022-04-07 13:00:00,21.5,0.3,24,10.889097931417552
2318,2022-04-07 14:00:00,22.6,-1.4,20,10.864933783629652
2319,2022-04-07 15:00:00,23.2,-3.0,17,10.602072042714774
2320,2022-04-07 16:00:00,23.2,-3.5,17,10.602072042714774
2321,2022-04-07 17:00:00,23.2,-3.6,17,10.602072042714774
2322,2022-04-07 18:00:00,22.5,-4.3,16,9.916351020603125
2323,2022-04-07 19:00:00,21.1,-3.1,19,9.644011282610991
2324,2022-04-07 20:00:00,19.2,-4.1,20,8.550863894035722
2325,2022-04-07 21:00:00,18.0,-4.0,22,8.069803873477811
2326,2022-04-07 22:00:00,16.2,-3.4,26,7.396240617168202
2327,2022-04-07 23:00:00,14.6,-3.1,29,6.6133971918825605
2328,2022-04-08 00:00:00,14.9,-4.9,25,6.317227162423864
2329,2022-04-08 01:00:00,14.4,-6.2,24,5.8261653346486675
2330,2022-04-08 02:00:00,12.6,-5.3,28,5.003406961558252
2331,2022-04-08 03:00:00,11.8,-4.8,31,4.728195648117326
2332,2022-04-08 04:00:00,11.7,-5.1,31,4.652012212857132
2333,2022-04-08 05:00:00,11.4,-5.2,31,4.423460360163224
2334,2022-04-08 06:00:00,10.6,-5.0,33,4.007829896061308
2335,2022-04-08 07:00:00,11.1,-5.4,31,4.194906148547073
2336,2022-04-08 08:00:00,12.1,-3.8,33,5.169119066887442
2337,2022-04-08 09:00:00,15.1,-0.8,34,7.6146446610728145
2338,2022-04-08 10:00:00,17.9,-1.1,28,8.93614728114722
2339,2022-04-08 11:00:00,19.8,-1.6,23,9.502619628521423
2340,2022-04-08 12:00:00,21.2,-3.3,19,9.711196964913658
2341,2022-04-08 13:00:00,22.2,-4.4,16,9.723215609242082
2342,2022-04-08 14:00:00,23.0,-4.7,15,9.998838787224326
2343,2022-04-08 15:00:00,23.4,-4.1,16,10.495738641382802
2344,2022-04-08 16:00:00,23.5,-4.0,16,10.56011337690971
2345,2022-04-08 17:00:00,23.5,-4.3,15,10.315709389385706
2346,2022-04-08 18:00:00,23.4,-4.9,15,10.252335979990871
2347,2022-04-08 19:00:00,21.4,-2.3,20,10.048241375324448
2348,2022-04-08 20:00:00,18.0,-1.8,26,8.706532180143375
2349,2022-04-08 21:00:00,16.0,-0.9,32,8.058607615733969
2350,2022-04-08 22:00:00,15.0,-1.0,33,7.414143070503576
2351,2022-04-08 23:00:00,14.2,-1.5,34,6.9125680737903
2352,2022-04-09 00:00:00,12.2,-0.6,41,6.07913503101334
2353,2022-04-09 01:00:00,14.7,-2.5,30,6.8134659316606285
2354,2022-04-09 02:00:00,11.1,-1.3,42,5.275887393082032
2355,2022-04-09 03:00:00,9.9,-0.2,50,5.0152701053246
2356,2022-04-09 04:00:00,9.8,-0.7,48,4.74800170746343
2357,2022-04-09 05:00:00,10.3,-0.6,47,5.080887567877923
2358,2022-04-09 06:00:00,12.1,-1.5,39,5.792723399658566
2359,2022-04-09 07:00:00,11.4,0.2,46,5.914678773336554
2360,2022-04-09 08:00:00,11.4,2.7,55,6.792708062849686
2361,2022-04-09 09:00:00,15.6,3.3,44,9.217356033808292
2362,2022-04-09 10:00:00,19.7,6.2,41,12.215800257288162
2363,2022-04-09 11:00:00,21.9,11.8,53,15.755221632401021
2364,2022-04-09 12:00:00,23.7,12.8,50,16.880470465174717
2365,2022-04-09 13:00:00,25.5,11.8,43,17.29712695723215
2366,2022-04-09 14:00:00,26.7,11.4,39,17.58770381239692
2367,2022-04-09 15:00:00,27.6,11.4,37,17.941787590220713
2368,2022-04-09 16:00:00,28.1,9.5,31,17.14362285388646
2369,2022-04-09 17:00:00,27.4,6.6,27,15.768039923361723
2370,2022-04-09 18:00:00,25.5,8.0,33,15.541568133462771
2371,2022-04-09 19:00:00,23.8,12.0,48,16.664407889338733
2372,2022-04-09 20:00:00,21.2,14.0,63,16.48488509994805
2373,2022-04-09 21:00:00,19.6,15.0,75,16.527927580844864
2374,2022-04-09 22:00:00,18.8,14.9,78,16.13487028986888
2375,2022-04-09 23:00:00,18.2,14.6,79,15.681637364780212
2376,2022-04-10 00:00:00,17.9,14.7,82,15.750608070758489
2377,2022-04-10 01:00:00,18.0,14.6,80,15.609164255993356
2378,2022-04-10 02:00:00,18.1,13.6,75,15.108468072069844
2379,2022-04-10 03:00:00,18.1,13.6,75,15.108468072069844
2380,2022-04-10 04:00:00,18.1,13.8,76,15.227897441802167
2381,2022-04-10 05:00:00,18.1,13.8,76,15.227897441802167
2382,2022-04-10 06:00:00,18.2,13.9,76,15.3228107271491
2383,2022-04-10 07:00:00,18.8,15.9,83,16.740424738510622
2384,2022-04-10 08:00:00,19.9,16.7,82,17.681208150137433
2385,2022-04-10 09:00:00,22.2,16.5,70,18.329557051109838
2386,2022-04-10 10:00:00,24.0,15.2,58,18.3170060606063
2387,2022-04-10 11:00:00,25.1,15.1,54,18.698026333125423
2388,2022-04-10 12:00:00,26.5,14.6,48,18.96242616518001
2389,2022-04-10 13:00:00,27.6,14.1,44,19.211716596420555
2390,2022-04-10 14:00:00,26.6,14.6,47,18.882498476617556
2391,2022-04-10 15:00:00,26.5,15.4,50,19.287764850706008
2392,2022-04-10 16:00:00,25.9,15.1,51,18.93025679222489
2393,2022-04-10 17:00:00,25.8,14.4,50,18.685944692799843
2394,2022-04-10 18:00:00,24.2,16.8,63,19.21194059468765
2395,2022-04-10 19:00:00,22.3,17.3,73,18.819647272698273
2396,2022-04-10 20:00:00,21.4,18.0,81,19.001307826894777
2397,2022-04-10 21:00:00,21.1,18.2,83,18.966526868107266
2398,2022-04-10 22:00:00,20.9,18.1,85,19.02560482649769
2399,2022-04-10 23:00:00,20.6,18.1,86,18.859210058719622
2400,2022-04-11 00:00:00,20.7,18.0,84,18.705234753612697
2401,2022-04-11 01:00:00,20.1,18.1,88,18.619910370705444
2402,2022-04-11 02:00:00,19.9,18.3,91,18.794939369318854
2403,2022-04-11 03:00:00,20.1,18.5,91,18.992403485050463
2404,2022-04-11 04:00:00,20.1,18.8,92,19.116570425179752
2405,2022-04-11 05:00:00,20.2,18.9,92,19.215532426500058
2406,2022-04-11 06:00:00,20.2,18.9,92,19.215532426500058
2407,2022-04-11 07:00:00,20.9,19.5,92,19.908266041442136
2408,2022-04-11 08:00:00,20.6,19.5,93,19.73669634748225
2409,2022-04-11 09:00:00,21.8,20.0,90,20.542728457323502
2410,2022-04-11 10:00:00,23.8,19.3,76,20.63791863231347
2411,2022-04-11 11:00:00,23.5,19.5,79,20.755718134148097
2412,2022-04-11 12:00:00,23.2,19.6,80,20.601424598098813
2413,2022-04-11 13:00:00,25.5,19.5,70,21.403695390911622
2414,2022-04-11 14:00:00,27.8,19.2,60,22.01867853574588
2415,2022-04-11 15:00:00,28.5,18.8,55,21.841118907011694
2416,2022-04-11 16:00:00,28.0,18.9,58,21.882316775425597
2417,2022-04-11 17:00:00,28.1,18.6,57,21.81166399218594
2418,2022-04-11 18:00:00,27.3,18.4,58,21.258391239425777
2419,2022-04-11 19:00:00,25.2,20.2,74,21.687365800353298
2420,2022-04-11 20:00:00,23.6,20.7,84,21.51941275594763
2421,2022-04-11 21:00:00,23.2,20.9,87,21.52701273955267
2422,2022-04-11 22:00:00,23.1,20.7,86,21.297684678481335
2423,2022-04-11 23:00:00,23.0,20.5,86,21.200145882981285
2424,2022-04-12 00:00:00,22.4,20.5,89,21.004141810751225
2425,2022-04-12 01:00:00,22.2,20.5,90,20.936724520177403
2426,2022-04-12 02:00:00,22.0,20.2,90,20.739726517217214
2427,2022-04-12 03:00:00,21.9,20.0,89,20.512824841910412
2428,2022-04-12 04:00:00,21.5,19.7,89,20.119771003172506
2429,2022-04-12 05:00:00,21.4,19.5,89,20.021507506536192
2430,2022-04-12 06:00:00,21.5,19.4,88,19.992261734998504
2431,2022-04-12 07:00:00,22.0,20.2,90,20.739726517217214
2432,2022-04-12 08:00:00,22.5,20.4,88,20.972510874914107
2433,2022-04-12 09:00:00,23.3,20.5,84,21.228291538785147
2434,2022-04-12 10:00:00,23.4,20.6,85,21.45788875115102
2435,2022-04-12 11:00:00,24.2,20.5,79,21.42587566111777
2436,2022-04-12 12:00:00,25.4,20.4,74,21.876051279735275
2437,2022-04-12 13:00:00,25.3,20.5,75,21.92182726574896
2438,2022-04-12 14:00:00,26.8,20.5,68,22.32066901226037
2439,2022-04-12 15:00:00,28.7,19.9,59,22.667280953991938
2440,2022-04-12 16:00:00,29.0,20.0,59,22.935772232517696
2441,2022-04-12 17:00:00,28.2,20.6,64,23.00302041003878
2442,2022-04-12 18:00:00,27.1,21.0,69,22.746499062207175
2443,2022-04-12 19:00:00,21.7,19.9,89,20.316297952022833
2444,2022-04-12 20:00:00,22.5,19.5,83,20.32154092337222
2445,2022-04-12 21:00:00,21.5,18.9,85,19.609353900710932
2446,2022-04-12 22:00:00,21.5,18.3,82,19.225682747779924
2447,2022-04-12 23:00:00,21.4,19.4,88,19.89423673792112
2448,2022-04-13 00:00:00,20.4,19.3,93,19.53831796867289
2449,2022-04-13 01:00:00,19.9,18.9,94,19.166122112202896
2450,2022-04-13 02:00:00,20.2,19.5,95,19.588810953257717
2451,2022-04-13 03:00:00,22.3,21.4,94,21.55205027283672
2452,2022-04-13 04:00:00,22.5,21.2,93,21.621288264948525
2453,2022-04-13 05:00:00,22.2,20.8,92,21.19476952931612
2454,2022-04-13 06:00:00,21.9,20.5,92,20.897884313291357
2455,2022-04-13 07:00:00,22.2,21.2,94,21.45263674887784
2456,2022-04-13 08:00:00,22.4,21.0,92,21.392692939473967
2457,2022-04-13 09:00:00,23.1,21.4,90,21.823214837043356
2458,2022-04-13 10:00:00,24.2,21.8,86,22.370610421891282
2459,2022-04-13 11:00:00,24.6,21.9,85,22.62538150662674
2460,2022-04-13 12:00:00,25.0,22.1,84,22.87797654515931
2461,2022-04-13 13:00:00,27.1,22.6,77,23.9144593744029
2462,2022-04-13 14:00:00,27.2,22.6,76,23.864916898426504
2463,2022-04-13 15:00:00,27.5,22.4,74,23.857243988258297
2464,2022-04-13 16:00:00,28.5,22.5,70,24.198344822000575
2465,2022-04-13 17:00:00,29.5,21.1,60,23.54623797830553
2466,2022-04-13 18:00:00,22.8,20.6,88,21.266585326033468
2467,2022-04-13 19:00:00,26.5,23.1,82,24.052137032387748
2468,2022-04-13 20:00:00,24.5,22.5,88,22.933004747658508
2469,2022-04-13 21:00:00,23.7,22.9,95,23.07605376453426
2470,2022-04-13 22:00:00,22.5,21.6,95,21.880429375342292
2471,2022-04-13 23:00:00,21.5,19.4,88,19.992261734998504
2472,2022-04-14 00:00:00,19.7,14.9,74,16.498481193255344
2473,2022-04-14 01:00:00,18.9,14.9,78,16.230336895784983
2474,2022-04-14 02:00:00,18.0,13.1,73,14.775351290420428
2475,2022-04-14 03:00:00,17.1,13.1,78,14.511934559658936
2476,2022-04-14 04:00:00,16.5,12.5,77,13.824198855031057
2477,2022-04-14 05:00:00,15.8,11.9,77,13.157852140866922
2478,2022-04-14 06:00:00,15.3,12.1,81,13.128867395406068
2479,2022-04-14 07:00:00,15.2,6.4,56,10.249162380022625
2480,2022-04-14 08:00:00,16.0,7.2,56,10.956269509975693
2481,2022-04-14 09:00:00,18.0,8.5,54,12.477666255924692
2482,2022-04-14 10:00:00,19.8,9.3,51,13.66012679917456
2483,2022-04-14 11:00:00,21.6,10.4,49,14.933872586791576
2484,2022-04-14 12:00:00,23.2,10.8,45,15.700589915921274
2485,2022-04-14 13:00:00,24.6,10.2,40,16.05888827179049
2486,2022-04-14 14:00:00,25.6,8.4,34,15.80469018049246
2487,2022-04-14 15:00:00,26.2,7.2,30,15.498882958229363
2488,2022-04-14 16:00:00,26.4,6.6,28,15.242216332643384
2489,2022-04-14 17:00:00,26.2,6.2,28,15.093850493775594
2490,2022-04-14 18:00:00,25.4,6.4,30,14.894741494590392
2491,2022-04-14 19:00:00,23.8,8.4,37,14.913032543108951
2492,2022-04-14 20:00:00,20.9,10.9,53,14.883090742421032
2493,2022-04-14 21:00:00,19.5,12.7,65,15.190719780465802
2494,2022-04-14 22:00:00,19.0,15.0,78,16.325803479724186
2495,2022-04-14 23:00:00,18.6,17.3,92,17.632138680379718
2496,2022-04-15 00:00:00,19.0,18.0,94,18.271397068118194
2497,2022-04-15 01:00:00,18.9,17.9,94,18.17198310552344
2498,2022-04-15 02:00:00,18.2,17.4,94,17.476084976200195
2499,2022-04-15 03:00:00,17.8,16.8,94,17.07842859166276
2500,2022-04-15 04:00:00,18.6,16.9,89,17.27012341571584
2501,2022-04-15 05:00:00,19.6,17.8,89,18.252761986053233
2502,2022-04-15 06:00:00,19.6,19.0,96,19.11415720153298
2503,2022-04-15 07:00:00,20.8,19.5,92,19.80930413843471
2504,2022-04-15 08:00:00,21.5,20.0,91,20.37465067939991
2505,2022-04-15 09:00:00,22.2,20.7,91,21.065773237766347
2506,2022-04-15 10:00:00,23.0,21.2,90,21.72471596872833
2507,2022-04-15 11:00:00,24.5,21.4,83,22.25726952940228
2508,2022-04-15 12:00:00,26.5,21.8,75,23.057376498414033
2509,2022-04-15 13:00:00,26.0,20.9,73,22.299588416574395
2510,2022-04-15 14:00:00,26.1,20.5,71,22.106749032237964
2511,2022-04-15 15:00:00,24.5,20.8,80,21.8494816898698
2512,2022-04-15 16:00:00,25.0,21.8,82,22.60420511546731
2513,2022-04-15 17:00:00,25.0,21.0,78,22.053760718886572
2514,2022-04-15 18:00:00,25.7,21.5,78,22.722017870938352
2515,2022-04-15 19:00:00,25.8,21.2,76,22.536155576525747
2516,2022-04-15 20:00:00,24.6,21.5,83,22.3540557876477
2517,2022-04-15 21:00:00,23.8,21.8,88,22.246832546856815
2518,2022-04-15 22:00:00,23.0,22.0,94,22.24794458642734
2519,2022-04-15 23:00:00,22.8,22.0,96,22.309516388426744
2520,2022-04-16 00:00:00,22.9,22.4,97,22.539738957711972
2521,2022-04-16 01:00:00,23.0,22.4,96,22.509225921577208
2522,2022-04-16 02:00:00,23.0,22.2,96,22.509225921577208
2523,2022-04-16 03:00:00,22.7,22.2,97,22.339595691096417
2524,2022-04-16 04:00:00,23.0,22.4,96,22.509225921577208
2525,2022-04-16 05:00:00,22.9,22.4,97,22.539738957711972
2526,2022-04-16 06:00:00,22.9,22.4,97,22.539738957711972
2527,2022-04-16 07:00:00,23.0,22.2,96,22.509225921577208
2528,2022-04-16 08:00:00,23.3,22.3,94,22.54618481860849
2529,2022-04-16 09:00:00,23.7,22.4,92,22.679193815638197
2530,2022-04-16 10:00:00,24.2,22.5,90,22.906701484236248
2531,2022-04-16 11:00:00,25.6,22.4,82,23.183378314443768
2532,2022-04-16 12:00:00,27.2,22.4,75,23.719778939414745
2533,2022-04-16 13:00:00,28.5,22.4,70,24.198344822000575
2534,2022-04-16 14:00:00,29.2,21.8,64,23.91539185047266
2535,2022-04-16 15:00:00,29.4,21.5,63,23.93877395023221
2536,2022-04-16 16:00:00,29.8,21.4,61,23.97890541880294
2537,2022-04-16 17:00:00,29.5,21.1,61,23.708276463713773
2538,2022-04-16 18:00:00,29.0,20.8,61,23.25722766450633
2539,2022-04-16 19:00:00,26.8,20.8,69,22.46795730303439
2540,2022-04-16 20:00:00,25.9,20.5,72,22.06289864471903
2541,2022-04-16 21:00:00,24.0,20.8,82,21.638915139689708
2542,2022-04-16 22:00:00,22.9,21.0,89,21.49545841797141
2543,2022-04-16 23:00:00,22.0,20.9,93,21.125343487356076
2544,2022-04-17 00:00:00,21.6,21.0,96,21.11125817916274
2545,2022-04-17 01:00:00,21.3,21.0,98,21.065504089233404
2546,2022-04-17 02:00:00,21.2,21.0,99,21.091939175701402
2547,2022-04-17 03:00:00,21.6,21.4,98,21.366362601762045
2548,2022-04-17 04:00:00,21.9,21.5,98,21.667221009089413
2549,2022-04-17 05:00:00,22.1,21.7,98,21.867793222585124
2550,2022-04-17 06:00:00,22.0,21.8,98,21.767507121623506
2551,2022-04-17 07:00:00,22.6,22.2,98,22.36922355481354
2552,2022-04-17 08:00:00,23.2,22.2,94,22.446771420313848
2553,2022-04-17 09:00:00,23.9,21.8,88,22.344857189595682
2554,2022-04-17 10:00:00,25.1,21.7,81,22.563245242016748
2555,2022-04-17 11:00:00,26.6,21.5,73,22.863900451666535
2556,2022-04-17 12:00:00,28.0,21.5,67,23.279438046588027
2557,2022-04-17 13:00:00,28.8,21.3,64,23.55044357519443
2558,2022-04-17 14:00:00,30.5,21.0,57,23.941911844322544
2559,2022-04-17 15:00:00,30.6,20.4,54,23.516471340914247
2560,2022-04-17 16:00:00,27.8,20.8,66,22.94335799017111
2561,2022-04-17 17:00:00,27.6,21.0,67,22.910567062197288
2562,2022-04-17 18:00:00,26.4,20.7,71,22.387124284018743
2563,2022-04-17 19:00:00,25.1,22.1,83,22.83798683899151
2564,2022-04-17 20:00:00,23.2,22.2,94,22.446771420313848
2565,2022-04-17 21:00:00,23.5,22.0,91,22.34928477765206
2566,2022-04-17 22:00:00,22.6,20.8,89,21.20066849676162
2567,2022-04-17 23:00:00,22.0,20.1,89,20.611088264842767
2568,2022-04-18 00:00:00,21.5,20.1,92,20.50203716896242
2569,2022-04-18 01:00:00,21.5,20.2,93,20.62939838104901
2570,2022-04-18 02:00:00,22.0,20.8,93,21.125343487356076
2571,2022-04-18 03:00:00,22.0,20.5,92,20.996846065451827
2572,2022-04-18 04:00:00,20.9,18.8,88,19.40411152260763
2573,2022-04-18 05:00:00,19.2,17.9,92,18.225911769913644
2574,2022-04-18 06:00:00,18.0,17.1,94,17.27725681239824
2575,2022-04-18 07:00:00,17.5,16.6,94,16.780186153139073
2576,2022-04-18 08:00:00,18.2,16.5,90,16.996753283731607
2577,2022-04-18 09:00:00,19.4,15.4,78,16.70766959706551
2578,2022-04-18 10:00:00,20.6,14.8,69,16.711378769684035
2579,2022-04-18 11:00:00,21.8,14.9,65,17.296857552456594
2580,2022-04-18 12:00:00,22.9,14.6,60,17.615663452756237
2581,2022-04-18 13:00:00,24.2,14.4,54,17.909542510065403
2582,2022-04-18 14:00:00,25.4,14.4,51,18.4982856529174
2583,2022-04-18 15:00:00,26.0,13.9,47,18.374494303767634
2584,2022-04-18 16:00:00,26.5,13.2,44,18.295606714172717
2585,2022-04-18 17:00:00,26.5,12.8,43,18.125160329106322
2586,2022-04-18 18:00:00,26.0,12.4,43,17.71114440390373
2587,2022-04-18 19:00:00,23.1,12.8,52,16.656908340740312
2588,2022-04-18 20:00:00,21.3,12.6,58,15.910388989225577
2589,2022-04-18 21:00:00,20.0,12.8,63,15.39405463400454
2590,2022-04-18 22:00:00,19.0,12.6,67,14.97974077698456
2591,2022-04-18 23:00:00,18.1,11.5,65,13.908714379444522
2592,2022-04-19 00:00:00,17.5,10.6,64,13.24046728505527
2593,2022-04-19 01:00:00,17.0,10.5,66,13.018437486850399
2594,2022-04-19 02:00:00,16.5,10.2,67,12.674227180745596
2595,2022-04-19 03:00:00,15.8,9.4,66,11.91564593673154
2596,2022-04-19 04:00:00,14.9,8.7,66,11.088548834190489
2597,2022-04-19 05:00:00,14.2,8.1,67,10.553135744255183
2598,2022-04-19 06:00:00,13.9,7.7,66,10.169548461292983
2599,2022-04-19 07:00:00,13.5,9.5,77,10.968418437957885
2600,2022-04-19 08:00:00,15.2,9.8,70,11.808561457376836
2601,2022-04-19 09:00:00,16.8,10.6,67,12.95088990875508
2602,2022-04-19 10:00:00,19.1,12.4,65,14.824433200178003
2603,2022-04-19 11:00:00,22.1,11.9,53,15.929647233246481
2604,2022-04-19 12:00:00,23.0,12.1,50,16.278640918239894
2605,2022-04-19 13:00:00,22.6,12.6,53,16.36571041260441
2606,2022-04-19 14:00:00,22.8,12.9,54,16.683005342711446
2607,2022-04-19 15:00:00,23.3,12.7,51,16.683994364280984
2608,2022-04-19 16:00:00,22.9,13.1,54,16.77061542176635
2609,2022-04-19 17:00:00,22.9,13.0,54,16.77061542176635
2610,2022-04-19 18:00:00,22.6,13.0,54,16.507785052018733
2611,2022-04-19 19:00:00,21.0,15.4,70,17.21168182612117
2612,2022-04-19 20:00:00,20.6,15.4,72,17.093724083849036
2613,2022-04-19 21:00:00,20.8,15.9,74,17.536263606177535
2614,2022-04-19 22:00:00,20.6,16.5,78,17.853265888447435
2615,2022-04-19 23:00:00,21.0,16.8,77,18.107828790519985
2616,2022-04-20 00:00:00,21.1,17.0,77,18.203020055232034
2617,2022-04-20 01:00:00,21.2,17.0,77,18.298211298763725
2618,2022-04-20 02:00:00,21.5,17.1,76,18.45493616427738
2619,2022-04-20 03:00:00,21.1,17.5,80,18.585325825527498
2620,2022-04-20 04:00:00,21.1,17.6,80,18.585325825527498
2621,2022-04-20 05:00:00,21.3,17.7,80,18.777335591906514
2622,2022-04-20 06:00:00,21.4,17.8,80,18.8733404462133
2623,2022-04-20 07:00:00,21.0,19.5,91,19.880991288541594
2624,2022-04-20 08:00:00,21.8,20.0,90,20.542728457323502
2625,2022-04-20 09:00:00,22.9,19.8,83,20.708687177356143
2626,2022-04-20 10:00:00,24.5,20.4,78,21.57643363377098
2627,2022-04-20 11:00:00,25.4,19.8,71,21.45253934378879
2628,2022-04-20 12:00:00,26.3,19.3,65,21.41751620533113
2629,2022-04-20 13:00:00,28.4,19.0,57,22.077945964141698
2630,2022-04-20 14:00:00,27.5,19.5,62,22.058253544033487
2631,2022-04-20 15:00:00,28.0,18.8,57,21.72290327013314
2632,2022-04-20 16:00:00,27.6,19.1,60,21.838965108263174
2633,2022-04-20 17:00:00,26.9,19.3,63,21.666267230307085
2634,2022-04-20 18:00:00,26.1,19.7,68,21.67292357319167
2635,2022-04-20 19:00:00,23.9,20.5,81,21.40802492835916
2636,2022-04-20 20:00:00,22.9,20.1,84,20.840129689075827
2637,2022-04-20 21:00:00,22.6,20.4,87,20.940312866152453
2638,2022-04-20 22:00:00,22.7,20.3,86,20.90752940366418
2639,2022-04-20 23:00:00,22.2,20.2,88,20.678436290406445
2640,2022-04-21 00:00:00,22.0,20.2,89,20.611088264842767
2641,2022-04-21 01:00:00,22.0,20.4,90,20.739726517217214
2642,2022-04-21 02:00:00,21.9,20.4,91,20.769577939058117
2643,2022-04-21 03:00:00,22.1,20.5,90,20.838225525794957
2644,2022-04-21 04:00:00,21.6,20.5,93,20.728587428814095
2645,2022-04-21 05:00:00,21.4,20.5,94,20.657328095595698
2646,2022-04-21 06:00:00,21.8,20.5,93,20.926965484519503
2647,2022-04-21 07:00:00,22.1,20.6,91,20.967041485364632
2648,2022-04-21 08:00:00,23.0,20.7,87,21.33144617529103
2649,2022-04-21 09:00:00,24.2,20.5,80,21.561468781763313
2650,2022-04-21 10:00:00,25.5,20.1,72,21.687868819377503
2651,2022-04-21 11:00:00,26.3,20.0,69,22.00372058193687
2652,2022-04-21 12:00:00,27.1,19.5,63,21.848068382364463
2653,2022-04-21 13:00:00,27.9,19.4,60,22.10853520512422
2654,2022-04-21 14:00:00,28.5,19.4,58,22.3279769272675
2655,2022-04-21 15:00:00,29.0,19.2,56,22.446348806457333
2656,2022-04-21 16:00:00,28.8,18.8,55,22.10511488363623
2657,2022-04-21 17:00:00,28.1,18.4,56,21.65090292988833
2658,2022-04-21 18:00:00,26.6,19.4,65,21.692224798978522
2659,2022-04-21 19:00:00,25.3,19.6,71,21.35908072813669
2660,2022-04-21 20:00:00,24.0,20.8,82,21.638915139689708
2661,2022-04-21 21:00:00,23.0,21.1,89,21.59372169644713
2662,2022-04-21 22:00:00,23.0,21.7,93,22.117232718076554
2663,2022-04-21 23:00:00,22.5,21.5,94,21.750877282650062
2664,2022-04-22 00:00:00,22.7,21.4,92,21.68957795462565
2665,2022-04-22 01:00:00,22.2,21.0,93,21.323721437599147
2666,2022-04-22 02:00:00,22.1,20.8,92,21.09580780411493
2667,2022-04-22 03:00:00,22.1,20.7,92,21.09580780411493
2668,2022-04-22 04:00:00,22.0,20.6,92,20.996846065451827
2669,2022-04-22 05:00:00,22.0,20.5,91,20.868309719140797
2670,2022-04-22 06:00:00,22.0,20.2,90,20.739726517217214
2671,2022-04-22 07:00:00,22.2,20.6,91,21.065773237766347
2672,2022-04-22 08:00:00,23.0,20.5,86,21.200145882981285
2673,2022-04-22 09:00:00,23.4,20.7,85,21.45788875115102
2674,2022-04-22 10:00:00,24.5,20.2,77,21.43951086280806
2675,2022-04-22 11:00:00,25.8,19.6,69,21.539483283265366
2676,2022-04-22 12:00:00,27.0,19.0,62,21.605462751735892
2677,2022-04-22 13:00:00,27.5,18.6,59,21.59331314425805
2678,2022-04-22 14:00:00,27.6,18.4,57,21.367860055190704
2679,2022-04-22 15:00:00,27.9,17.9,55,21.313126023118027
2680,2022-04-22 16:00:00,26.2,18.2,61,20.731341382600107
2681,2022-04-22 17:00:00,26.2,17.8,60,20.58096773813121
2682,2022-04-22 18:00:00,25.4,17.5,62,20.156527391306923
2683,2022-04-22 19:00:00,24.3,17.7,67,19.867366563437784
2684,2022-04-22 20:00:00,22.8,18.0,74,19.423133511626258
2685,2022-04-22 21:00:00,22.0,18.7,82,19.708330102437827
2686,2022-04-22 22:00:00,21.5,19.0,86,19.73706207342209
2687,2022-04-22 23:00:00,21.6,18.9,84,19.578601853311998
2688,2022-04-23 00:00:00,21.8,18.5,82,19.515271214265425
2689,2022-04-23 01:00:00,21.8,18.2,80,19.2573596722129
2690,2022-04-23 02:00:00,21.6,18.2,81,19.193845612316952
2691,2022-04-23 03:00:00,21.0,18.6,87,19.375777172343657
2692,2022-04-23 04:00:00,21.0,18.6,86,19.24936667278001
2693,2022-04-23 05:00:00,21.1,18.5,85,19.22018791807783
2694,2022-04-23 06:00:00,20.9,18.8,88,19.40411152260763
2695,2022-04-23 07:00:00,21.6,19.4,87,19.962478524196
2696,2022-04-23 08:00:00,22.6,19.8,84,20.549008130078654
2697,2022-04-23 09:00:00,23.6,19.5,78,20.717243706117443
2698,2022-04-23 10:00:00,24.7,19.2,71,20.798328561573655
2699,2022-04-23 11:00:00,25.7,18.0,62,20.42820334293375
2700,2022-04-23 12:00:00,26.4,18.2,61,20.91176258922394
2701,2022-04-23 13:00:00,27.8,17.1,52,20.736812411039562
2702,2022-04-23 14:00:00,29.0,16.3,46,20.737227659481025
2703,2022-04-23 15:00:00,27.7,17.0,52,20.650006904210656
2704,2022-04-23 16:00:00,28.4,16.4,48,20.579528758455663
2705,2022-04-23 17:00:00,27.1,16.5,52,20.129173028645123
2706,2022-04-23 18:00:00,26.5,16.3,54,19.924550259999393
2707,2022-04-23 19:00:00,24.8,18.4,68,20.46996461778387
2708,2022-04-23 20:00:00,23.5,19.0,76,20.35318240824638
2709,2022-04-23 21:00:00,22.7,19.5,82,20.38403565374883
2710,2022-04-23 22:00:00,22.4,20.1,87,20.7447461206152
2711,2022-04-23 23:00:00,22.0,20.0,89,20.611088264842767
2712,2022-04-24 00:00:00,21.5,19.9,90,20.247231260062467
2713,2022-04-24 01:00:00,21.3,19.9,91,20.17718696545328
2714,2022-04-24 02:00:00,21.1,19.9,93,20.23264205642515
2715,2022-04-24 03:00:00,21.3,19.7,91,20.17718696545328
2716,2022-04-24 04:00:00,21.2,19.5,90,19.9517339329696
2717,2022-04-24 05:00:00,21.3,19.5,90,20.050233056491113
2718,2022-04-24 06:00:00,21.0,19.6,92,20.00722793055387
2719,2022-04-24 07:00:00,21.9,20.3,91,20.769577939058117
2720,2022-04-24 08:00:00,23.2,20.2,83,20.999046690886637
2721,2022-04-24 09:00:00,24.1,20.0,78,21.19457163176572
2722,2022-04-24 10:00:00,25.5,19.9,71,21.54599793712029
2723,2022-04-24 11:00:00,27.0,19.5,64,21.908171306210505
2724,2022-04-24 12:00:00,28.4,18.6,56,21.916051853670286
2725,2022-04-24 13:00:00,29.4,18.6,52,22.125695268013594
2726,2022-04-24 14:00:00,30.0,18.0,49,22.119823853828397
2727,2022-04-24 15:00:00,30.2,17.9,48,22.111505731090624
2728,2022-04-24 16:00:00,29.5,17.8,49,21.692097678073697
2729,2022-04-24 17:00:00,28.4,18.4,55,21.753120179613422
2730,2022-04-24 18:00:00,27.1,19.1,62,21.696020966541024
2731,2022-04-24 19:00:00,25.1,20.9,78,22.14922608079728
2732,2022-04-24 20:00:00,24.0,22.2,90,22.709704034247675
2733,2022-04-24 21:00:00,23.8,22.5,92,22.778155330170918
2734,2022-04-24 22:00:00,23.6,22.1,91,22.44801634032862
2735,2022-04-24 23:00:00,23.5,22.0,91,22.34928477765206
2736,2022-04-25 00:00:00,22.9,22.0,95,22.278971032980476
2737,2022-04-25 01:00:00,22.9,21.6,92,21.88750123174317
2738,2022-04-25 02:00:00,22.6,21.6,94,21.850290768569874
2739,2022-04-25 03:00:00,22.5,21.4,94,21.750877282650062
2740,2022-04-25 04:00:00,22.5,21.6,95,21.880429375342292
2741,2022-04-25 05:00:00,22.5,21.7,96,22.009951999175303
2742,2022-04-25 06:00:00,22.1,21.5,96,21.610532645118596
2743,2022-04-25 07:00:00,20.9,19.8,94,20.160259765484934
2744,2022-04-25 08:00:00,20.9,19.3,91,19.782259367821695
2745,2022-04-25 09:00:00,20.9,19.6,92,19.908266041442136
2746,2022-04-25 10:00:00,21.2,19.5,89,19.824980468639705
2747,2022-04-25 11:00:00,24.0,20.5,81,21.504293381940293
2748,2022-04-25 12:00:00,25.0,20.8,78,22.053760718886572
2749,2022-04-25 13:00:00,26.0,21.1,74,22.44210723118775
2750,2022-04-25 14:00:00,26.5,21.1,72,22.625442744707033
2751,2022-04-25 15:00:00,26.8,21.0,70,22.614712570908914
2752,2022-04-25 16:00:00,25.5,20.0,72,21.687868819377503
2753,2022-04-25 17:00:00,23.7,19.6,78,20.812709329155524
2754,2022-04-25 18:00:00,23.0,19.9,83,20.805473698639915
2755,2022-04-25 19:00:00,19.5,18.0,91,18.400010961604217
2756,2022-04-25 20:00:00,18.9,17.5,92,17.929025291121835
2757,2022-04-25 21:00:00,18.5,17.1,92,17.533176447290987
2758,2022-04-25 22:00:00,18.4,17.2,93,17.55453111503337
2759,2022-04-25 23:00:00,18.0,16.9,93,17.157773059794092
2760,2022-04-26 00:00:00,18.0,17.1,94,17.27725681239824
2761,2022-04-26 01:00:00,18.0,17.1,95,17.39682164330159
2762,2022-04-26 02:00:00,17.6,17.0,96,17.117051044479094
2763,2022-04-26 03:00:00,17.7,17.2,97,17.335998233812003
2764,2022-04-26 04:00:00,17.8,17.0,95,17.197549561011957
2765,2022-04-26 05:00:00,17.4,16.5,95,16.799005228942622
2766,2022-04-26 06:00:00,17.5,16.5,94,16.780186153139073
2767,2022-04-26 07:00:00,17.5,16.8,95,16.898641332989254
2768,2022-04-26 08:00:00,18.1,16.7,91,17.017759650041125
2769,2022-04-26 09:00:00,18.7,16.7,88,17.24755590322865
2770,2022-04-26 10:00:00,19.0,16.4,85,17.177062042593292
2771,2022-04-26 11:00:00,20.6,16.3,76,17.600722570005768
2772,2022-04-26 12:00:00,21.5,16.5,73,18.067223529006828
2773,2022-04-26 13:00:00,22.9,16.4,67,18.576303334086486
2774,2022-04-26 14:00:00,25.0,16.0,58,19.208338863282222
2775,2022-04-26 15:00:00,26.1,15.6,52,19.26111332077969
2776,2022-04-26 16:00:00,25.7,15.4,53,19.069277156894056
2777,2022-04-26 17:00:00,26.0,15.2,51,19.016650887501676
2778,2022-04-26 18:00:00,26.2,14.8,49,18.86907803752489
2779,2022-04-26 19:00:00,23.7,16.1,62,18.61702515754385
2780,2022-04-26 20:00:00,22.0,16.5,71,18.274933418577746
2781,2022-04-26 21:00:00,21.1,16.1,73,17.691011090882814
2782,2022-04-26 22:00:00,20.6,15.8,74,17.347576108895925
2783,2022-04-26 23:00:00,20.2,14.6,70,16.466429562461865
2784,2022-04-27 00:00:00,19.5,12.6,65,15.190719780465802
2785,2022-04-27 01:00:00,19.2,11.8,62,14.541826325740878
2786,2022-04-27 02:00:00,19.5,11.3,59,14.433404188457907
2787,2022-04-27 03:00:00,19.0,11.2,61,14.236090581600536
2788,2022-04-27 04:00:00,18.0,11.2,64,13.696669630923143
2789,2022-04-27 05:00:00,17.1,11.1,68,13.344652958684154
2790,2022-04-27 06:00:00,16.5,10.6,69,12.90455156704849
2791,2022-04-27 07:00:00,16.5,10.2,67,12.674227180745596
2792,2022-04-27 08:00:00,16.8,10.4,66,12.834639250828605
2793,2022-04-27 09:00:00,18.0,10.4,61,13.333957540007443
2794,2022-04-27 10:00:00,19.6,10.9,57,14.266873795171175
2795,2022-04-27 11:00:00,20.5,11.7,57,15.06574746869461
2796,2022-04-27 12:00:00,21.8,12.6,56,16.082700257821433
2797,2022-04-27 13:00:00,23.8,13.5,53,17.412257366184182
2798,2022-04-27 14:00:00,24.6,14.3,53,18.109951785244785
2799,2022-04-27 15:00:00,25.0,15.1,54,18.610417183111
2800,2022-04-27 16:00:00,25.0,15.5,56,18.91101239047043
2801,2022-04-27 17:00:00,24.7,15.1,55,18.497141941090632
2802,2022-04-27 18:00:00,24.1,14.2,54,17.821932989461498
2803,2022-04-27 19:00:00,23.4,14.1,56,17.496861438808626
2804,2022-04-27 20:00:00,21.5,14.2,64,16.89006155774198
2805,2022-04-27 21:00:00,20.5,15.2,72,16.99996542945232
2806,2022-04-27 22:00:00,19.6,15.9,79,17.021966143842256
2807,2022-04-27 23:00:00,19.0,16.3,85,17.177062042593292
2808,2022-04-28 00:00:00,18.6,16.5,88,17.149530462148892
2809,2022-04-28 01:00:00,18.4,16.7,90,17.193752422973922
2810,2022-04-28 02:00:00,18.1,16.8,92,17.137327366324023
2811,2022-04-28 03:00:00,17.8,16.7,93,16.959393944602926
2812,2022-04-28 04:00:00,17.5,16.5,94,16.780186153139073
2813,2022-04-28 05:00:00,17.5,16.8,95,16.898641332989254
2814,2022-04-28 06:00:00,17.8,17.1,96,17.316761901040564
2815,2022-04-28 07:00:00,18.4,17.7,96,17.915894146215262
2816,2022-04-28 08:00:00,20.3,18.8,91,19.18986754245383
2817,2022-04-28 09:00:00,22.5,19.4,82,20.190977012669464
2818,2022-04-28 10:00:00,24.4,18.8,71,20.517952171260927
2819,2022-04-28 11:00:00,25.7,18.4,64,20.722080459749417
2820,2022-04-28 12:00:00,26.9,18.0,58,20.901861655429155
2821,2022-04-28 13:00:00,27.8,17.9,55,21.225127087039926
2822,2022-04-28 14:00:00,27.7,17.5,54,20.975850487527804
2823,2022-04-28 15:00:00,27.9,17.9,55,21.313126023118027
2824,2022-04-28 16:00:00,27.4,18.2,57,21.190338250055134
2825,2022-04-28 17:00:00,27.0,17.8,57,20.83529423974989
2826,2022-04-28 18:00:00,26.2,17.4,58,20.27793362102304
2827,2022-04-28 19:00:00,24.2,18.8,71,20.331034462690102
2828,2022-04-28 20:00:00,23.0,18.9,77,20.011650132921055
2829,2022-04-28 21:00:00,22.1,18.9,82,19.80485951983336
2830,2022-04-28 22:00:00,21.5,19.0,85,19.609353900710932
2831,2022-04-28 23:00:00,21.4,18.9,86,19.63952302566705
2832,2022-04-29 00:00:00,21.0,18.8,87,19.375777172343657
2833,2022-04-29 01:00:00,20.6,18.8,89,19.235398995028316
2834,2022-04-29 02:00:00,20.1,18.8,92,19.116570425179752
2835,2022-04-29 03:00:00,20.0,18.8,93,19.141561046209926
2836,2022-04-29 04:00:00,20.0,18.7,92,19.017608409664145
2837,2022-04-29 05:00:00,20.0,18.7,93,19.141561046209926
2838,2022-04-29 06:00:00,19.9,18.6,93,19.042371781038725
2839,2022-04-29 07:00:00,21.1,19.2,89,19.726716927298487
2840,2022-04-29 08:00:00,22.0,19.5,85,20.095811006878712
2841,2022-04-29 09:00:00,23.9,19.4,76,20.73283066668871
2842,2022-04-29 10:00:00,25.5,18.9,67,20.973988080145972
2843,2022-04-29 11:00:00,27.0,18.3,59,21.14582525433423
2844,2022-04-29 12:00:00,28.0,18.0,54,21.238674710249395
2845,2022-04-29 13:00:00,28.9,17.5,50,21.3511319930441
2846,2022-04-29 14:00:00,28.9,17.5,50,21.3511319930441
2847,2022-04-29 15:00:00,28.5,18.0,53,21.511174352123668
2848,2022-04-29 16:00:00,28.4,18.1,54,21.589106500143934
2849,2022-04-29 17:00:00,28.1,18.0,54,21.326282711787055
2850,2022-04-29 18:00:00,27.6,17.5,54,20.888242340139012
2851,2022-04-29 19:00:00,25.2,19.8,72,21.40659622407664
2852,2022-04-29 20:00:00,24.4,19.5,74,20.9326230584819
2853,2022-04-29 21:00:00,23.5,20.0,81,21.02295094030664
2854,2022-04-29 22:00:00,23.0,20.5,86,21.200145882981285
2855,2022-04-29 23:00:00,22.9,20.5,86,21.102607072040147
2856,2022-04-30 00:00:00,22.7,20.3,86,20.90752940366418
2857,2022-04-30 01:00:00,22.5,20.2,87,20.842529500999103
2858,2022-04-30 02:00:00,22.0,20.4,90,20.739726517217214
2859,2022-04-30 03:00:00,21.8,20.4,92,20.798922547597954
2860,2022-04-30 04:00:00,22.2,20.5,90,20.936724520177403
2861,2022-04-30 05:00:00,22.5,20.6,89,21.10240516096926
2862,2022-04-30 06:00:00,22.5,20.6,89,21.10240516096926
2863,2022-04-30 07:00:00,22.3,21.5,96,21.810242346304058
2864,2022-04-30 08:00:00,23.2,22.0,92,22.184386048634767
2865,2022-04-30 09:00:00,24.4,22.2,88,22.83498018997873
2866,2022-04-30 10:00:00,25.4,22.3,83,23.128345279484304
2867,2022-04-30 11:00:00,27.0,21.8,73,23.240108069480122
2868,2022-04-30 12:00:00,28.3,21.3,66,23.402837356572995
2869,2022-04-30 13:00:00,27.9,20.9,66,23.03525391159985
2870,2022-04-30 14:00:00,24.3,20.2,78,21.385502670123607
2871,2022-04-30 15:00:00,27.2,21.0,69,22.839346270110184
2872,2022-04-30 16:00:00,27.0,21.1,70,22.801022571807543
2873,2022-04-30 17:00:00,27.3,20.7,67,22.633913576164378
2874,2022-04-30 18:00:00,27.5,20.6,66,22.66767008020406
2875,2022-04-30 19:00:00,23.5,20.1,82,21.1562695251263
2876,2022-04-30 20:00:00,23.0,21.0,89,21.59372169644713
2877,2022-04-30 21:00:00,23.0,20.7,87,21.33144617529103
2878,2022-04-30 22:00:00,22.7,21.4,92,21.68957795462565
2879,2022-04-30 23:00:00,23.3,22.2,94,22.54618481860849
2880,2022-05-01 00:00:00,22.9,22.1,96,22.409371160950283
2881,2022-05-01 01:00:00,22.5,21.9,97,22.139452377841987
2882,2022-05-01 02:00:00,22.1,21.7,98,21.867793222585124
2883,2022-05-01 03:00:00,22.2,22.0,98,21.968079312003145
2884,2022-05-01 04:00:00,22.6,22.4,98,22.36922355481354
2885,2022-05-01 05:00:00,22.9,22.5,98,22.670081617114537
2886,2022-05-01 06:00:00,22.4,21.8,96,21.910097178763657
2887,2022-05-01 07:00:00,21.2,20.5,95,20.585167615332093
2888,2022-05-01 08:00:00,21.9,21.2,96,21.410822895373066
2889,2022-05-01 09:00:00,23.1,21.0,88,21.560659644844968
2890,2022-05-01 10:00:00,23.1,20.8,87,21.42922946491332
2891,2022-05-01 11:00:00,25.1,20.6,76,21.871773531832925
2892,2022-05-01 12:00:00,27.0,21.4,71,22.947874205077355
2893,2022-05-01 13:00:00,27.9,21.4,68,23.3385523882847
2894,2022-05-01 14:00:00,28.3,21.1,65,23.248902473239195
2895,2022-05-01 15:00:00,28.5,21.2,65,23.4320405477141
2896,2022-05-01 16:00:00,27.9,21.0,66,23.03525391159985
2897,2022-05-01 17:00:00,28.0,20.6,64,22.820545818440618
2898,2022-05-01 18:00:00,28.2,20.5,63,22.847972783370537
2899,2022-05-01 19:00:00,26.2,20.6,71,22.20020747124995
2900,2022-05-01 20:00:00,24.5,21.0,81,21.985635391723704
2901,2022-05-01 21:00:00,23.4,21.1,87,21.72257924404543
2902,2022-05-01 22:00:00,22.8,21.0,90,21.527718190484894
2903,2022-05-01 23:00:00,22.5,21.5,94,21.750877282650062
2904,2022-05-02 00:00:00,22.7,22.0,96,22.209661603976528
2905,2022-05-02 01:00:00,22.8,22.0,95,22.179335636951617
2906,2022-05-02 02:00:00,22.5,21.6,95,21.880429375342292
2907,2022-05-02 03:00:00,22.5,21.7,96,22.009951999175303
2908,2022-05-02 04:00:00,22.6,21.8,95,21.980064808163778
2909,2022-05-02 05:00:00,22.7,21.8,95,22.079700228689784
2910,2022-05-02 06:00:00,23.2,21.8,91,22.05309000955442
2911,2022-05-02 07:00:00,23.4,21.3,88,21.854733832417395
2912,2022-05-02 08:00:00,23.5,21.5,89,22.085037876084524
2913,2022-05-02 09:00:00,25.2,21.9,82,22.797262913266724
2914,2022-05-02 10:00:00,27.0,21.4,72,23.09422891870167
2915,2022-05-02 11:00:00,28.1,20.5,63,22.757072516833
2916,2022-05-02 12:00:00,29.3,20.3,58,23.041031569224188
2917,2022-05-02 13:00:00,30.1,19.3,52,22.73332849991128
2918,2022-05-02 14:00:00,30.4,18.8,50,22.64072440607267
2919,2022-05-02 15:00:00,30.0,19.5,54,22.99082802330773
2920,2022-05-02 16:00:00,29.5,19.4,54,22.55279099867826
2921,2022-05-02 17:00:00,28.5,19.1,57,22.16670655710456
2922,2022-05-02 18:00:00,27.9,18.4,56,21.474136812828885
2923,2022-05-02 19:00:00,25.9,20.7,73,22.20553633895968
2924,2022-05-02 20:00:00,25.5,20.6,75,22.11108566663222
2925,2022-05-02 21:00:00,24.5,21.4,83,22.25726952940228
2926,2022-05-02 22:00:00,24.0,21.8,88,22.442881818063015
2927,2022-05-02 23:00:00,24.0,22.0,89,22.57635370460449
2928,2022-05-03 00:00:00,24.1,22.0,88,22.540906432297003
2929,2022-05-03 01:00:00,24.0,22.1,89,22.57635370460449
2930,2022-05-03 02:00:00,24.2,22.2,88,22.638931032335694
2931,2022-05-03 03:00:00,24.1,22.0,88,22.540906432297003
2932,2022-05-03 04:00:00,24.0,21.9,88,22.442881818063015
2933,2022-05-03 05:00:00,23.5,21.7,90,22.217210172447576
2934,2022-05-03 06:00:00,23.4,21.6,90,22.11871135920197
2935,2022-05-03 07:00:00,22.9,21.5,92,21.88750123174317
2936,2022-05-03 08:00:00,24.2,21.8,86,22.370610421891282
2937,2022-05-03 09:00:00,25.2,22.1,83,22.934773001593964
2938,2022-05-03 10:00:00,24.5,21.3,83,22.25726952940228
2939,2022-05-03 11:00:00,24.2,22.1,88,22.638931032335694
2940,2022-05-03 12:00:00,23.9,20.7,82,21.5423860505468
2941,2022-05-03 13:00:00,26.5,22.4,78,23.485739255525633
2942,2022-05-03 14:00:00,29.0,21.5,64,23.732917762551438
2943,2022-05-03 15:00:00,28.6,21.0,64,23.367969287757433
2944,2022-05-03 16:00:00,29.7,20.2,57,23.231831209095727
2945,2022-05-03 17:00:00,29.5,20.5,58,23.21929492710766
2946,2022-05-03 18:00:00,29.0,20.4,60,23.096956647013528
2947,2022-05-03 19:00:00,27.2,21.1,70,22.987332485069818
2948,2022-05-03 20:00:00,26.4,21.0,72,22.531685447391485
2949,2022-05-03 21:00:00,25.4,21.4,79,22.57471507173379
2950,2022-05-03 22:00:00,24.6,22.0,86,22.760764786529844
2951,2022-05-03 23:00:00,24.0,22.2,90,22.709704034247675
2952,2022-05-04 00:00:00,24.5,22.5,89,23.067669186646857
2953,2022-05-04 01:00:00,24.1,22.8,92,23.07503979663569
2954,2022-05-04 02:00:00,23.9,22.9,94,23.14266494928857
2955,2022-05-04 03:00:00,24.2,22.9,92,23.174001259856773
2956,2022-05-04 04:00:00,24.1,22.8,92,23.07503979663569
2957,2022-05-04 05:00:00,24.1,22.8,92,23.07503979663569
2958,2022-05-04 06:00:00,24.1,22.8,92,23.07503979663569
2959,2022-05-04 07:00:00,23.9,22.8,94,23.14266494928857
2960,2022-05-04 08:00:00,25.0,22.9,88,23.42312732613657
2961,2022-05-04 09:00:00,25.1,22.8,87,23.38489216426707
2962,2022-05-04 10:00:00,26.0,22.1,79,23.14913382254549
2963,2022-05-04 11:00:00,27.7,22.9,75,24.192922977035927
2964,2022-05-04 12:00:00,27.5,21.8,71,23.41516522110087
2965,2022-05-04 13:00:00,29.4,22.0,64,24.097865839596764
2966,2022-05-04 14:00:00,30.5,20.8,56,23.772086113686353
2967,2022-05-04 15:00:00,30.5,20.6,56,23.772086113686353
2968,2022-05-04 16:00:00,30.0,20.4,56,23.330174468473825
2969,2022-05-04 17:00:00,29.1,20.2,59,23.025269266544434
2970,2022-05-04 18:00:00,28.1,20.4,63,22.757072516833
2971,2022-05-04 19:00:00,26.9,21.0,70,22.707867582346683
2972,2022-05-04 20:00:00,25.6,21.0,76,22.346332230799288
2973,2022-05-04 21:00:00,25.0,21.9,83,22.741200660559127
2974,2022-05-04 22:00:00,24.5,22.4,88,22.933004747658508
2975,2022-05-04 23:00:00,24.6,22.6,88,23.03102929129385
2976,2022-05-05 00:00:00,24.8,22.7,88,23.227078336580647
2977,2022-05-05 01:00:00,25.0,22.8,87,23.287109166726566
2978,2022-05-05 02:00:00,24.8,22.8,88,23.227078336580647
2979,2022-05-05 03:00:00,24.7,22.8,89,23.264195283473864
2980,2022-05-05 04:00:00,24.6,22.8,89,23.16593224188058
2981,2022-05-05 05:00:00,24.1,22.6,92,23.07503979663569
2982,2022-05-05 06:00:00,24.3,22.6,90,23.005200189072998
2983,2022-05-05 07:00:00,24.4,22.9,91,23.23786836632849
2984,2022-05-05 08:00:00,24.9,23.0,89,23.460721325882854
2985,2022-05-05 09:00:00,25.4,23.0,87,23.678241071868353
2986,2022-05-05 10:00:00,26.5,22.5,79,23.627815639398335
2987,2022-05-05 11:00:00,27.9,22.0,71,23.788997656908418
2988,2022-05-05 12:00:00,29.8,21.8,62,24.1410823837291
2989,2022-05-05 13:00:00,30.5,21.6,59,24.27822471721178
2990,2022-05-05 14:00:00,31.3,20.0,51,23.59547922714097
2991,2022-05-05 15:00:00,29.8,20.9,59,23.651747691517116
2992,2022-05-05 16:00:00,28.6,20.7,62,23.054390848921077
2993,2022-05-05 17:00:00,29.0,20.4,60,23.096956647013528
2994,2022-05-05 18:00:00,25.9,22.0,79,23.05339740755047
2995,2022-05-05 19:00:00,27.8,20.8,66,22.94335799017111
2996,2022-05-05 20:00:00,22.7,22.0,96,22.209661603976528
2997,2022-05-05 21:00:00,22.0,21.4,96,21.51067777633127
2998,2022-05-05 22:00:00,22.0,21.3,96,21.51067777633127
2999,2022-05-05 23:00:00,21.9,21.2,96,21.410822895373066
3000,2022-05-06 00:00:00,21.2,21.0,98,20.965217894875185
3001,2022-05-06 01:00:00,21.0,20.6,98,20.76464547070793
3002,2022-05-06 02:00:00,20.4,20.2,99,20.28795359190955
3003,2022-05-06 03:00:00,20.2,20.2,100,20.086957079069737
3004,2022-05-06 04:00:00,19.1,19.1,100,18.98147540781408
3005,2022-05-06 05:00:00,19.5,19.5,100,19.38346891063925
3006,2022-05-06 06:00:00,19.6,19.6,100,19.483967256225537
3007,2022-05-06 07:00:00,19.2,19.1,99,19.08197380165353
3008,2022-05-06 08:00:00,19.1,18.9,98,18.859205039352073
3009,2022-05-06 09:00:00,21.0,20.1,95,20.38589638594127
3010,2022-05-06 10:00:00,24.1,20.2,79,21.330138926556295
3011,2022-05-06 11:00:00,27.0,19.7,64,21.908171306210505
3012,2022-05-06 12:00:00,29.0,19.0,55,22.28111203130075
3013,2022-05-06 13:00:00,30.5,18.0,48,22.366833883681725
3014,2022-05-06 14:00:00,31.3,17.9,45,22.484596865536695
3015,2022-05-06 15:00:00,32.1,17.8,43,22.76204387744661
3016,2022-05-06 16:00:00,32.3,17.7,42,22.727142303774826
3017,2022-05-06 17:00:00,32.1,18.4,44,22.959373265338694
3018,2022-05-06 18:00:00,30.1,22.0,62,24.412754680106424
3019,2022-05-06 19:00:00,30.0,22.1,62,24.322197273686804
3020,2022-05-06 20:00:00,28.1,22.9,73,24.274677380191783
3021,2022-05-06 21:00:00,26.2,23.2,83,23.90263376653889
3022,2022-05-06 22:00:00,25.4,23.8,91,24.225182229695253
3023,2022-05-06 23:00:00,24.5,23.7,95,23.873135730815928
3024,2022-05-07 00:00:00,23.9,23.5,98,23.672941093465557
3025,2022-05-07 01:00:00,23.6,23.4,99,23.503891562899998
3026,2022-05-07 02:00:00,23.6,23.2,97,23.240240026934895
3027,2022-05-07 03:00:00,23.7,22.8,95,23.07605376453426
3028,2022-05-07 04:00:00,23.0,22.7,98,22.770367615212056
3029,2022-05-07 05:00:00,23.2,22.5,96,22.708935407260977
3030,2022-05-07 06:00:00,23.1,22.5,96,22.609080670337487
3031,2022-05-07 07:00:00,24.1,23.0,94,23.341491561567256
3032,2022-05-07 08:00:00,24.9,22.8,88,23.325102838306456
3033,2022-05-07 09:00:00,26.2,22.4,80,23.481551896184165
3034,2022-05-07 10:00:00,28.2,22.0,69,23.767817125271982
3035,2022-05-07 11:00:00,29.3,21.6,63,23.847873994384646
3036,2022-05-07 12:00:00,31.1,21.2,56,24.302379069595705
3037,2022-05-07 13:00:00,32.4,21.4,52,24.72982546084447
3038,2022-05-07 14:00:00,33.3,21.4,50,25.13391226446168
3039,2022-05-07 15:00:00,34.0,21.6,48,25.345635917193764
3040,2022-05-07 16:00:00,34.2,21.7,48,25.515851778134476
3041,2022-05-07 17:00:00,33.8,21.7,49,25.370510977677363
3042,2022-05-07 18:00:00,32.5,21.7,53,24.99954933284362
3043,2022-05-07 19:00:00,30.1,23.4,67,25.21600469971457
3044,2022-05-07 20:00:00,27.8,23.5,77,24.580789580281717
3045,2022-05-07 21:00:00,26.5,23.5,84,24.33357724908168
3046,2022-05-07 22:00:00,25.9,23.5,86,24.028764851456618
3047,2022-05-07 23:00:00,26.2,23.5,85,24.18203512344727
3048,2022-05-08 00:00:00,25.8,23.7,88,24.20732273292772
3049,2022-05-08 01:00:00,25.0,23.6,92,23.965692509542087
3050,2022-05-08 02:00:00,24.5,23.5,94,23.739144640690267
3051,2022-05-08 03:00:00,25.1,23.3,89,23.65724731415995
3052,2022-05-08 04:00:00,25.3,23.4,89,23.85377324858928
3053,2022-05-08 05:00:00,24.4,23.3,94,23.639731389012045
3054,2022-05-08 06:00:00,24.4,23.2,94,23.639731389012045
3055,2022-05-08 07:00:00,25.4,23.6,90,24.08868506610461
3056,2022-05-08 08:00:00,25.8,23.1,85,23.792872074640186
3057,2022-05-08 09:00:00,27.4,22.9,77,24.20002956797565
3058,2022-05-08 10:00:00,29.1,23.0,70,24.75727239162692
3059,2022-05-08 11:00:00,30.9,22.8,62,25.137213016997606
3060,2022-05-08 12:00:00,32.2,22.1,55,25.097048673725546
3061,2022-05-08 13:00:00,33.2,21.5,50,25.047940771693604
3062,2022-05-08 14:00:00,33.5,21.1,48,24.920095627906758
3063,2022-05-08 15:00:00,33.5,21.0,48,24.920095627906758
3064,2022-05-08 16:00:00,33.0,20.8,49,24.686160266806308
3065,2022-05-08 17:00:00,31.9,21.0,53,24.47629653300675
3066,2022-05-08 18:00:00,30.4,21.4,59,24.188728083679926
3067,2022-05-08 19:00:00,28.4,22.1,69,23.953511032842023
3068,2022-05-08 20:00:00,27.0,22.0,74,23.385532223539013
3069,2022-05-08 21:00:00,26.1,22.5,80,23.38554790225918
3070,2022-05-08 22:00:00,25.5,23.2,87,23.77602401285465
3071,2022-05-08 23:00:00,25.4,23.3,88,23.81522513923519
3072,2022-05-09 00:00:00,25.0,23.4,91,23.830256838351783
3073,2022-05-09 01:00:00,24.8,23.2,91,23.632794065944385
3074,2022-05-09 02:00:00,25.1,23.2,89,23.65724731415995
3075,2022-05-09 03:00:00,25.1,23.2,89,23.65724731415995
3076,2022-05-09 04:00:00,25.1,23.4,90,23.793189348609133
3077,2022-05-09 05:00:00,25.4,23.2,88,23.81522513923519
3078,2022-05-09 06:00:00,25.0,23.2,90,23.694690749927872
3079,2022-05-09 07:00:00,25.5,23.6,89,24.05029912945299
3080,2022-05-09 08:00:00,26.5,23.3,83,24.192991694633342
3081,2022-05-09 09:00:00,28.0,22.9,73,24.180625722585866
3082,2022-05-09 10:00:00,29.9,22.4,64,24.55405038431188
3083,2022-05-09 11:00:00,31.3,22.1,58,24.82365987191484
3084,2022-05-09 12:00:00,32.6,21.8,53,25.08675802019237
3085,2022-05-09 13:00:00,33.3,21.0,48,24.749879254598046
3086,2022-05-09 14:00:00,33.6,20.8,47,24.809091019340425
3087,2022-05-09 15:00:00,33.5,20.7,47,24.724426856021797
3088,2022-05-09 16:00:00,32.8,21.0,50,24.704054452199262
3089,2022-05-09 17:00:00,32.0,21.0,52,24.38260990341482
3090,2022-05-09 18:00:00,30.2,22.1,62,24.503312060931385
3091,2022-05-09 19:00:00,29.2,23.0,69,24.696285802798087
3092,2022-05-09 20:00:00,27.4,23.5,80,24.63359853442938
3093,2022-05-09 21:00:00,26.4,23.9,86,24.516456537244405
3094,2022-05-09 22:00:00,26.0,24.0,89,24.541613599096525
3095,2022-05-09 23:00:00,25.9,24.0,90,24.58117766880238
3096,2022-05-10 00:00:00,26.2,23.9,87,24.46050420859876
3097,2022-05-10 01:00:00,26.0,23.6,87,24.264938507865303
3098,2022-05-10 02:00:00,25.8,23.2,86,23.93122647163681
3099,2022-05-10 03:00:00,25.5,23.0,86,23.6386112461642
3100,2022-05-10 04:00:00,25.0,22.8,87,23.287109166726566
3101,2022-05-10 05:00:00,25.2,22.4,84,23.07205683666233
3102,2022-05-10 06:00:00,25.1,22.3,84,22.975016698610155
3103,2022-05-10 07:00:00,25.6,22.6,84,23.460217235727264
3104,2022-05-10 08:00:00,26.3,22.5,80,23.577555873414404
3105,2022-05-10 09:00:00,27.5,22.2,73,23.71036714227752
3106,2022-05-10 10:00:00,29.1,21.9,65,23.981454186538173
3107,2022-05-10 11:00:00,30.5,21.4,59,24.27822471721178
3108,2022-05-10 12:00:00,31.1,20.7,54,23.954506529714234
3109,2022-05-10 13:00:00,31.5,20.8,53,24.127460681173197
3110,2022-05-10 14:00:00,31.5,20.5,52,23.948589696684596
3111,2022-05-10 15:00:00,31.5,20.4,52,23.948589696684596
3112,2022-05-10 16:00:00,31.1,20.3,53,23.778624299105193
3113,2022-05-10 17:00:00,30.4,20.5,56,23.683703846861707
3114,2022-05-10 18:00:00,29.3,20.6,60,23.366525530117883
3115,2022-05-10 19:00:00,28.5,21.4,65,23.4320405477141
3116,2022-05-10 20:00:00,26.6,22.5,78,23.58120434921451
3117,2022-05-10 21:00:00,26.1,22.8,82,23.666022205083294
3118,2022-05-10 22:00:00,25.8,23.0,85,23.792872074640186
3119,2022-05-10 23:00:00,25.5,22.9,85,23.500999633814498
3120,2022-05-11 00:00:00,25.5,22.8,85,23.500999633814498
3121,2022-05-11 01:00:00,24.7,22.9,89,23.264195283473864
3122,2022-05-11 02:00:00,24.2,22.9,92,23.174001259856773
3123,2022-05-11 03:00:00,23.9,22.9,94,23.14266494928857
3124,2022-05-11 04:00:00,23.5,22.8,96,23.00849954730787
3125,2022-05-11 05:00:00,23.0,22.5,97,22.639810573603032
3126,2022-05-11 06:00:00,22.8,22.4,98,22.569795607701042
3127,2022-05-11 07:00:00,24.1,23.5,96,23.607627511795208
3128,2022-05-11 08:00:00,25.2,23.2,89,23.75551028808791
3129,2022-05-11 09:00:00,26.4,22.8,81,23.81473119676004
3130,2022-05-11 10:00:00,27.9,22.2,71,23.788997656908418
3131,2022-05-11 11:00:00,29.6,21.5,62,23.959967390385582
3132,2022-05-11 12:00:00,30.7,20.8,56,23.94885055476222
3133,2022-05-11 13:00:00,31.1,20.6,54,23.954506529714234
3134,2022-05-11 14:00:00,31.0,20.6,54,23.866899557300485
3135,2022-05-11 15:00:00,30.7,20.2,54,23.6040784442519
3136,2022-05-11 16:00:00,30.3,20.0,54,23.2536498323017
3137,2022-05-11 17:00:00,29.8,19.8,55,22.985099282133103
3138,2022-05-11 18:00:00,29.0,19.6,57,22.610509044301217
3139,2022-05-11 19:00:00,28.0,20.5,64,22.820545818440618
3140,2022-05-11 20:00:00,26.4,20.9,72,22.531685447391485
3141,2022-05-11 21:00:00,25.1,21.4,80,22.425507034315682
3142,2022-05-11 22:00:00,24.3,21.7,85,22.33350852564647
3143,2022-05-11 23:00:00,23.6,21.7,89,22.183301069728248
3144,2022-05-12 00:00:00,22.9,21.6,93,22.018043853206557
3145,2022-05-12 01:00:00,22.3,21.5,96,21.810242346304058
3146,2022-05-12 02:00:00,21.8,21.3,97,21.438950410769845
3147,2022-05-12 03:00:00,21.1,20.9,98,20.864931688709948
3148,2022-05-12 04:00:00,20.8,20.6,99,20.68994647685065
3149,2022-05-12 05:00:00,20.1,20.0,100,19.986458804954133
3150,2022-05-12 06:00:00,19.8,19.8,100,19.684963911467044
3151,2022-05-12 07:00:00,20.8,20.5,99,20.68994647685065
3152,2022-05-12 08:00:00,21.7,21.2,97,21.338878653720908
3153,2022-05-12 09:00:00,23.9,22.2,91,22.744210948778104
3154,2022-05-12 10:00:00,26.8,21.1,71,22.76095765040364
3155,2022-05-12 11:00:00,28.3,20.3,62,22.782717366188812
3156,2022-05-12 12:00:00,29.8,19.7,55,22.985099282133103
3157,2022-05-12 13:00:00,31.0,18.9,49,22.975273182840454
3158,2022-05-12 14:00:00,31.4,17.8,44,22.37641092242409
3159,2022-05-12 15:00:00,31.5,16.6,41,21.869847986064826
3160,2022-05-12 16:00:00,31.5,16.5,41,21.869847986064826
3161,2022-05-12 17:00:00,31.1,15.7,39,21.142000410716353
3162,2022-05-12 18:00:00,29.9,15.8,43,20.940430705841813
3163,2022-05-12 19:00:00,28.7,16.2,47,20.660499145909743
3164,2022-05-12 20:00:00,26.5,17.4,57,20.391488466925168
3165,2022-05-12 21:00:00,24.7,19.0,71,20.798328561573655
3166,2022-05-12 22:00:00,23.6,19.9,80,20.985442486953477
3167,2022-05-12 23:00:00,23.0,19.9,83,20.805473698639915
3168,2022-05-13 00:00:00,22.2,20.0,87,20.549179313988404
3169,2022-05-13 01:00:00,21.8,20.2,91,20.670846145079743
3170,2022-05-13 02:00:00,21.1,20.1,94,20.35908713683757
3171,2022-05-13 03:00:00,20.3,19.6,96,19.81314311918642
3172,2022-05-13 04:00:00,20.0,19.5,97,19.637656929477213
3173,2022-05-13 05:00:00,19.8,19.3,97,19.437512962983927
3174,2022-05-13 06:00:00,19.4,19.0,98,19.16006434819324
3175,2022-05-13 07:00:00,22.1,20.5,91,20.967041485364632
3176,2022-05-13 08:00:00,23.6,20.9,84,21.51941275594763
3177,2022-05-13 09:00:00,25.8,20.6,73,22.11148424067438
3178,2022-05-13 10:00:00,27.7,20.0,63,22.39347118534168
3179,2022-05-13 11:00:00,29.5,19.5,55,22.721104312207597
3180,2022-05-13 12:00:00,30.8,19.0,50,22.98461423392234
3181,2022-05-13 13:00:00,31.8,18.5,45,22.903351970949807
3182,2022-05-13 14:00:00,32.6,18.2,43,23.176043610464077
3183,2022-05-13 15:00:00,33.5,18.0,40,23.294682066184503
3184,2022-05-13 16:00:00,33.9,17.8,38,23.184823482773595
3185,2022-05-13 17:00:00,32.7,18.7,44,23.459053501839247
3186,2022-05-13 18:00:00,31.0,19.0,49,22.975273182840454
3187,2022-05-13 19:00:00,30.0,20.0,55,23.161095764612675
3188,2022-05-13 20:00:00,28.5,20.0,60,22.647674606627152
3189,2022-05-13 21:00:00,26.9,19.9,66,22.11629359765074
3190,2022-05-13 22:00:00,25.5,20.4,73,21.8293278211655
3191,2022-05-13 23:00:00,24.6,20.6,79,21.808822417958172
3192,2022-05-14 00:00:00,24.1,20.8,82,21.73544421204321
3193,2022-05-14 01:00:00,23.9,20.5,82,21.5423860505468
3194,2022-05-14 02:00:00,23.6,20.1,81,21.119219463478615
3195,2022-05-14 03:00:00,23.0,19.8,82,20.673623484823008
3196,2022-05-14 04:00:00,22.5,19.8,85,20.582267704959936
3197,2022-05-14 05:00:00,22.1,19.8,87,20.451395887661448
3198,2022-05-14 06:00:00,21.8,19.9,89,20.41456140431701
3199,2022-05-14 07:00:00,22.5,20.6,89,21.10240516096926
3200,2022-05-14 08:00:00,24.0,20.9,83,21.773337995826093
3201,2022-05-14 09:00:00,25.3,21.0,77,22.201034813709363
3202,2022-05-14 10:00:00,26.0,20.8,73,22.299588416574395
3203,2022-05-14 11:00:00,27.4,20.4,66,22.575774061394853
3204,2022-05-14 12:00:00,29.5,19.9,56,22.888262037352963
3205,2022-05-14 13:00:00,30.9,19.3,50,23.070586595775953
3206,2022-05-14 14:00:00,32.2,18.5,44,23.042653417134655
3207,2022-05-14 15:00:00,32.8,18.0,41,22.93337710167225
3208,2022-05-14 16:00:00,32.5,18.0,42,22.891762229436726
3209,2022-05-14 17:00:00,31.1,18.0,46,22.50570265552151
3210,2022-05-14 18:00:00,27.3,19.8,63,22.02986942507386
3211,2022-05-14 19:00:00,29.5,19.0,53,22.383273314268337
3212,2022-05-14 20:00:00,27.4,20.1,64,22.273121424670745
3213,2022-05-14 21:00:00,26.3,20.1,69,22.00372058193687
3214,2022-05-14 22:00:00,25.2,20.4,75,21.827198035611172
3215,2022-05-14 23:00:00,24.5,20.4,78,21.57643363377098
3216,2022-05-15 00:00:00,24.0,20.3,80,21.369460088070777
3217,2022-05-15 01:00:00,23.2,20.3,84,21.131251100751275
3218,2022-05-15 02:00:00,22.7,20.3,86,20.90752940366418
3219,2022-05-15 03:00:00,22.3,20.2,88,20.776461166797098
3220,2022-05-15 04:00:00,22.0,20.1,90,20.739726517217214
3221,2022-05-15 05:00:00,21.8,20.1,90,20.542728457323502
3222,2022-05-15 06:00:00,21.2,20.0,93,20.33183115768581
3223,2022-05-15 07:00:00,22.1,20.8,92,21.09580780411493
3224,2022-05-15 08:00:00,24.1,21.1,84,22.004614464111288
3225,2022-05-15 09:00:00,25.0,21.5,81,22.466976975767224
3226,2022-05-15 10:00:00,27.0,21.1,70,22.801022571807543
3227,2022-05-15 11:00:00,28.5,20.5,62,22.9638330483496
3228,2022-05-15 12:00:00,30.0,20.0,55,23.161095764612675
3229,2022-05-15 13:00:00,31.5,19.2,48,23.21792506272243
3230,2022-05-15 14:00:00,32.3,18.4,44,23.12593352374333
3231,2022-05-15 15:00:00,33.1,18.0,41,23.178805687352217
3232,2022-05-15 16:00:00,33.7,17.5,38,23.024336461448858
3233,2022-05-15 17:00:00,33.8,17.1,37,22.883217709335074
3234,2022-05-15 18:00:00,33.2,17.8,40,23.05078632471867
3235,2022-05-15 19:00:00,30.9,19.1,50,23.070586595775953
3236,2022-05-15 20:00:00,29.3,19.7,56,22.711496841755125
3237,2022-05-15 21:00:00,26.7,21.0,71,22.66749934103574
3238,2022-05-15 22:00:00,26.0,21.1,74,22.44210723118775
3239,2022-05-15 23:00:00,25.2,21.2,79,22.383242014746603
3240,2022-05-16 00:00:00,24.8,21.2,80,22.137494440270487
3241,2022-05-16 01:00:00,24.3,21.1,82,21.928502306571477
3242,2022-05-16 02:00:00,23.9,20.9,83,21.67655164032368
3243,2022-05-16 03:00:00,23.6,20.8,84,21.51941275594763
3244,2022-05-16 04:00:00,23.4,20.6,85,21.45788875115102
3245,2022-05-16 05:00:00,23.0,20.6,87,21.33144617529103
3246,2022-05-16 06:00:00,21.9,20.6,92,20.897884313291357
3247,2022-05-16 07:00:00,22.5,21.2,92,21.491654624500914
3248,2022-05-16 08:00:00,24.3,21.5,84,22.19869503625805
3249,2022-05-16 09:00:00,26.5,21.1,72,22.625442744707033
3250,2022-05-16 10:00:00,28.5,20.4,62,22.9638330483496
3251,2022-05-16 11:00:00,30.5,19.9,53,23.255368715147704
3252,2022-05-16 12:00:00,32.0,19.4,47,23.45445972546905
3253,2022-05-16 13:00:00,32.8,19.2,45,23.74085889265944
3254,2022-05-16 14:00:00,33.4,19.1,43,23.8384407865203
3255,2022-05-16 15:00:00,34.0,18.6,40,23.701173964313906
3256,2022-05-16 16:00:00,34.3,17.9,38,23.505796881762063
3257,2022-05-16 17:00:00,34.4,17.5,37,23.361408135522623
3258,2022-05-16 18:00:00,33.3,19.2,43,23.755641298297867
3259,2022-05-16 19:00:00,31.1,21.4,56,24.302379069595705
3260,2022-05-16 20:00:00,29.5,21.9,64,24.189102797307996
3261,2022-05-16 21:00:00,27.8,21.8,70,23.546261704414203
3262,2022-05-16 22:00:00,26.9,21.6,73,23.146056195171305
3263,2022-05-16 23:00:00,25.9,21.6,78,22.912948323644233
3264,2022-05-17 00:00:00,25.2,21.6,80,22.52151119781625
3265,2022-05-17 01:00:00,24.6,21.6,83,22.3540557876477
3266,2022-05-17 02:00:00,24.0,21.7,87,22.309278402140833
3267,2022-05-17 03:00:00,23.5,21.7,90,22.217210172447576
3268,2022-05-17 04:00:00,23.0,21.6,92,21.986462850510634
3269,2022-05-17 05:00:00,22.6,21.6,94,21.850290768569874
3270,2022-05-17 06:00:00,22.2,21.5,96,21.71038750176593
3271,2022-05-17 07:00:00,23.4,22.4,94,22.64559820451308
3272,2022-05-17 08:00:00,24.5,22.2,88,22.933004747658508
3273,2022-05-17 09:00:00,25.9,21.6,77,22.77217699085533
3274,2022-05-17 10:00:00,27.6,21.0,67,22.910567062197288
3275,2022-05-17 11:00:00,29.0,21.1,63,23.575173973938366
3276,2022-05-17 12:00:00,30.7,21.1,57,24.11943170259824
3277,2022-05-17 13:00:00,32.5,20.5,49,24.258439898202077
3278,2022-05-17 14:00:00,33.8,19.7,43,24.169638292826736
3279,2022-05-17 15:00:00,34.3,19.1,41,24.16051566042832
3280,2022-05-17 16:00:00,34.0,19.2,42,24.126405612540488
3281,2022-05-17 17:00:00,32.8,19.8,46,23.937311098947166
3282,2022-05-17 18:00:00,31.4,20.0,51,23.68187118086859
3283,2022-05-17 19:00:00,29.7,20.8,59,23.5622508601065
3284,2022-05-17 20:00:00,28.1,20.6,64,22.911783127037026
3285,2022-05-17 21:00:00,26.6,20.8,70,22.42840248182968
3286,2022-05-17 22:00:00,25.5,21.1,77,22.391415613554436
3287,2022-05-17 23:00:00,24.6,21.6,83,22.3540557876477
3288,2022-05-18 00:00:00,24.2,21.5,85,22.236217501413662
3289,2022-05-18 01:00:00,23.8,21.5,87,22.113712075018803
3290,2022-05-18 02:00:00,23.5,21.7,89,22.085037876084524
3291,2022-05-18 03:00:00,23.4,21.9,91,22.250553201654164
3292,2022-05-18 04:00:00,23.3,22.0,92,22.283347628059786
3293,2022-05-18 05:00:00,23.4,22.0,92,22.382309194438815
3294,2022-05-18 06:00:00,23.3,21.9,92,22.283347628059786
3295,2022-05-18 07:00:00,25.1,22.2,84,22.975016698610155
3296,2022-05-18 08:00:00,26.0,22.1,79,23.14913382254549
3297,2022-05-18 09:00:00,27.6,21.5,70,23.359952050839983
3298,2022-05-18 10:00:00,29.4,21.4,62,23.77885229297768
3299,2022-05-18 11:00:00,31.2,20.5,53,23.865833444744858
3300,2022-05-18 12:00:00,33.0,18.5,42,23.303311200828144
3301,2022-05-18 13:00:00,34.0,17.6,38,23.265066912643185
3302,2022-05-18 14:00:00,34.5,17.0,36,23.212748824372852
3303,2022-05-18 15:00:00,34.5,17.0,35,22.98105715354413
3304,2022-05-18 16:00:00,33.9,17.6,38,23.184823482773595
3305,2022-05-18 17:00:00,32.8,18.5,43,23.341643178475408
3306,2022-05-18 18:00:00,31.2,19.9,51,23.5090872375457
3307,2022-05-18 19:00:00,29.5,20.3,58,23.21929492710766
3308,2022-05-18 20:00:00,28.5,19.8,59,22.48828662026204
3309,2022-05-18 21:00:00,27.0,21.0,70,22.801022571807543
3310,2022-05-18 22:00:00,25.8,22.6,83,23.51548964722424
3311,2022-05-18 23:00:00,25.2,23.0,88,23.619176260256992
3312,2022-05-19 00:00:00,25.4,22.9,86,23.541072808873597
3313,2022-05-19 01:00:00,25.1,22.6,86,23.248457410058325
3314,2022-05-19 02:00:00,24.9,22.2,85,22.917254350905985
3315,2022-05-19 03:00:00,24.6,21.9,85,22.62538150662674
3316,2022-05-19 04:00:00,24.3,21.5,85,22.33350852564647
3317,2022-05-19 05:00:00,24.0,21.2,85,22.041635406836566
3318,2022-05-19 06:00:00,23.8,21.0,84,21.71349348705625
3319,2022-05-19 07:00:00,25.4,22.3,83,23.128345279484304
3320,2022-05-19 08:00:00,26.1,22.1,79,23.244870220266872
3321,2022-05-19 09:00:00,28.0,21.3,67,23.279438046588027
3322,2022-05-19 10:00:00,29.4,20.8,60,23.45638176820369
3323,2022-05-19 11:00:00,30.8,20.3,54,23.691685514684746
3324,2022-05-19 12:00:00,32.0,19.8,48,23.64346915049681
3325,2022-05-19 13:00:00,32.8,19.1,45,23.74085889265944
3326,2022-05-19 14:00:00,33.0,19.4,45,23.908359762209916
3327,2022-05-19 15:00:00,32.8,19.1,44,23.542333385153984
3328,2022-05-19 16:00:00,32.1,19.7,48,23.7285778503113
3329,2022-05-19 17:00:00,31.2,19.5,50,23.3285034553241
3330,2022-05-19 18:00:00,29.9,19.2,53,22.732111894756287
3331,2022-05-19 19:00:00,28.5,21.5,66,23.586628935684264
3332,2022-05-19 20:00:00,27.4,21.3,70,23.17364231123551
3333,2022-05-19 21:00:00,26.3,21.8,76,23.010713610116714
3334,2022-05-19 22:00:00,25.7,22.4,82,23.27990712449672
3335,2022-05-19 23:00:00,25.3,22.6,85,23.30641793255994
3336,2022-05-20 00:00:00,25.2,22.9,87,23.48267514761228
3337,2022-05-20 01:00:00,25.8,23.0,85,23.792872074640186
3338,2022-05-20 02:00:00,25.0,22.8,87,23.287109166726566
3339,2022-05-20 03:00:00,25.0,22.6,87,23.287109166726566
3340,2022-05-20 04:00:00,24.9,22.6,87,23.189326154952713
3341,2022-05-20 05:00:00,24.9,22.5,87,23.189326154952713
3342,2022-05-20 06:00:00,25.0,22.5,86,23.15091891467487
3343,2022-05-20 07:00:00,25.8,23.4,87,24.069372751696342
3344,2022-05-20 08:00:00,26.7,23.0,80,23.961571616326577
3345,2022-05-20 09:00:00,28.5,22.0,68,23.893760340091756
3346,2022-05-20 10:00:00,30.3,21.2,58,23.932347172889045
3347,2022-05-20 11:00:00,31.0,21.0,55,24.041076241709415
3348,2022-05-20 12:00:00,33.2,20.5,47,24.470434135528343
3349,2022-05-20 13:00:00,33.3,20.4,47,24.55509841425927
3350,2022-05-20 14:00:00,33.7,20.4,46,24.695216620359883
3351,2022-05-20 15:00:00,34.0,19.1,42,24.126405612540488
3352,2022-05-20 16:00:00,33.2,20.0,46,24.274158399311975
3353,2022-05-20 17:00:00,32.4,20.5,50,24.360167569142003
3354,2022-05-20 18:00:00,31.2,21.8,57,24.56323083130106
3355,2022-05-20 19:00:00,29.6,22.4,65,24.43929822490714
3356,2022-05-20 20:00:00,28.8,22.7,70,24.47780870011483
3357,2022-05-20 21:00:00,27.5,23.5,79,24.585178001879992
3358,2022-05-20 22:00:00,27.0,24.1,84,24.81877673586873
3359,2022-05-20 23:00:00,27.0,24.1,85,24.960360525495048
3360,2022-05-21 00:00:00,26.7,24.4,87,24.949418219821645
3361,2022-05-21 01:00:00,26.5,24.4,88,24.893493000859365
3362,2022-05-21 02:00:00,26.7,24.1,86,24.809071379430666
3363,2022-05-21 03:00:00,26.7,24.0,85,24.66848860753379
3364,2022-05-21 04:00:00,26.2,23.9,87,24.46050420859876
3365,2022-05-21 05:00:00,26.0,24.2,90,24.679676150675046
3366,2022-05-21 06:00:00,26.0,24.0,88,24.40337144821836
3367,2022-05-21 07:00:00,26.9,24.5,87,25.144983728826904
3368,2022-05-21 08:00:00,27.6,24.2,82,25.113951524126858
3369,2022-05-21 09:00:00,29.0,24.0,75,25.42309533156935
3370,2022-05-21 10:00:00,30.9,23.2,64,25.466417671909625
3371,2022-05-21 11:00:00,32.5,22.6,56,25.539725101816426
3372,2022-05-21 12:00:00,33.4,22.0,51,25.40970291951457
3373,2022-05-21 13:00:00,32.8,22.3,54,25.443820188439812
3374,2022-05-21 14:00:00,32.0,23.1,60,25.7926344029309
3375,2022-05-21 15:00:00,33.2,22.6,54,25.794245627911177
3376,2022-05-21 16:00:00,33.0,22.5,54,25.619032968903607
3377,2022-05-21 17:00:00,32.0,22.7,58,25.4475770848118
3378,2022-05-21 18:00:00,30.5,23.8,67,25.58487342677775
3379,2022-05-21 19:00:00,24.2,22.8,92,23.174001259856773
3380,2022-05-21 20:00:00,24.2,22.4,89,22.77287993874167
3381,2022-05-21 21:00:00,25.0,22.7,87,23.287109166726566
3382,2022-05-21 22:00:00,23.1,21.5,91,21.954358393382282
3383,2022-05-21 23:00:00,21.1,20.4,95,20.48553200702578
3384,2022-05-22 00:00:00,22.0,20.7,92,20.996846065451827
3385,2022-05-22 01:00:00,22.2,20.5,90,20.936724520177403
3386,2022-05-22 02:00:00,22.6,20.8,89,21.20066849676162
3387,2022-05-22 03:00:00,22.2,21.0,93,21.323721437599147
3388,2022-05-22 04:00:00,22.5,21.2,92,21.491654624500914
3389,2022-05-22 05:00:00,22.4,21.5,95,21.780793930193912
3390,2022-05-22 06:00:00,22.4,21.6,96,21.910097178763657
3391,2022-05-22 07:00:00,21.9,20.5,92,20.897884313291357
3392,2022-05-22 08:00:00,21.5,20.5,94,20.756741722445643
3393,2022-05-22 09:00:00,21.9,19.9,89,20.512824841910412
3394,2022-05-22 10:00:00,23.3,20.2,83,21.095833161944256
3395,2022-05-22 11:00:00,24.8,20.4,77,21.725082486275042
3396,2022-05-22 12:00:00,26.7,19.9,66,21.932501238138656
3397,2022-05-22 13:00:00,28.1,18.9,57,21.81166399218594
3398,2022-05-22 14:00:00,28.9,18.6,54,22.0271454343761
3399,2022-05-22 15:00:00,29.4,18.4,52,22.125695268013594
3400,2022-05-22 16:00:00,29.5,17.9,50,21.86697002868113
3401,2022-05-22 17:00:00,29.2,17.7,50,21.609051191969403
3402,2022-05-22 18:00:00,28.4,17.7,52,21.257644630912676
3403,2022-05-22 19:00:00,26.6,19.6,65,21.692224798978522
3404,2022-05-22 20:00:00,25.6,19.2,68,21.210247541149403
3405,2022-05-22 21:00:00,24.6,19.1,71,20.704869787712305
3406,2022-05-22 22:00:00,23.8,19.2,76,20.63791863231347
3407,2022-05-22 23:00:00,23.1,19.0,78,20.239915303801986
3408,2022-05-23 00:00:00,22.9,19.0,79,20.181296673252685
3409,2022-05-23 01:00:00,22.6,18.6,78,19.762586417712907
3410,2022-05-23 02:00:00,22.1,18.2,79,19.415400331621356
3411,2022-05-23 03:00:00,21.5,18.1,81,19.0975767288901
3412,2022-05-23 04:00:00,21.0,18.1,84,18.99635727520136
3413,2022-05-23 05:00:00,20.4,18.1,87,18.78907524901246
3414,2022-05-23 06:00:00,20.0,18.2,89,18.64581697460051
3415,2022-05-23 07:00:00,21.0,18.5,86,19.24936667278001
3416,2022-05-23 08:00:00,21.2,18.5,84,19.190438869809576
3417,2022-05-23 09:00:00,21.5,18.5,83,19.353674089506804
3418,2022-05-23 10:00:00,22.0,18.8,82,19.708330102437827
3419,2022-05-23 11:00:00,23.2,19.4,79,20.468507487997062
3420,2022-05-23 12:00:00,25.2,20.0,73,21.54717121334447
3421,2022-05-23 13:00:00,26.0,20.1,70,21.869471679997837
3422,2022-05-23 14:00:00,26.2,20.0,69,21.910873168699656
3423,2022-05-23 15:00:00,27.0,20.1,66,22.20818973995762
3424,2022-05-23 16:00:00,27.6,20.2,64,22.455596326432232
3425,2022-05-23 17:00:00,28.0,20.2,63,22.666172223848804
3426,2022-05-23 18:00:00,27.5,19.9,63,22.211670359160113
3427,2022-05-23 19:00:00,25.5,20.4,73,21.8293278211655
3428,2022-05-23 20:00:00,24.8,20.5,77,21.725082486275042
3429,2022-05-23 21:00:00,23.9,20.4,81,21.40802492835916
3430,2022-05-23 22:00:00,23.3,20.5,84,21.228291538785147
3431,2022-05-23 23:00:00,22.8,20.3,86,21.00506824561536
3432,2022-05-24 00:00:00,22.5,20.0,86,20.712451673010985
3433,2022-05-24 01:00:00,22.8,20.0,84,20.743089185840482
3434,2022-05-24 02:00:00,23.1,20.4,85,21.16601521195521
3435,2022-05-24 03:00:00,23.0,20.5,86,21.200145882981285
3436,2022-05-24 04:00:00,22.7,20.6,88,21.168560523747665
3437,2022-05-24 05:00:00,22.6,21.0,90,21.33072035651059
3438,2022-05-24 06:00:00,23.2,21.8,92,22.184386048634767
3439,2022-05-24 07:00:00,23.4,22.0,92,22.382309194438815
3440,2022-05-24 08:00:00,20.9,19.3,91,19.782259367821695
3441,2022-05-24 09:00:00,21.2,20.4,95,20.585167615332093
3442,2022-05-24 10:00:00,22.5,20.9,91,21.36196841240409
3443,2022-05-24 11:00:00,23.3,21.5,89,21.888511446626264
3444,2022-05-24 12:00:00,23.6,21.6,89,22.183301069728248
3445,2022-05-24 13:00:00,24.3,22.0,87,22.60262778326113
3446,2022-05-24 14:00:00,25.7,22.0,80,23.001531758664218
3447,2022-05-24 15:00:00,24.9,22.0,84,22.780936376267384
3448,2022-05-24 16:00:00,26.1,22.4,80,23.38554790225918
3449,2022-05-24 17:00:00,25.9,22.9,84,23.75133737539539
3450,2022-05-24 18:00:00,26.7,22.7,79,23.81928824659401
3451,2022-05-24 19:00:00,23.5,20.5,83,21.289406054163347
3452,2022-05-24 20:00:00,23.4,20.5,84,21.32533196063241
3453,2022-05-24 21:00:00,23.0,20.4,86,21.200145882981285
3454,2022-05-24 22:00:00,22.6,20.9,90,21.33072035651059
3455,2022-05-24 23:00:00,22.6,21.5,93,21.720477181396575
3456,2022-05-25 00:00:00,22.6,21.5,94,21.850290768569874
3457,2022-05-25 01:00:00,22.6,21.8,95,21.980064808163778
3458,2022-05-25 02:00:00,22.5,21.8,96,22.009951999175303
3459,2022-05-25 03:00:00,21.9,21.0,95,21.282616518441426
3460,2022-05-25 04:00:00,20.9,19.9,94,20.160259765484934
3461,2022-05-25 05:00:00,21.0,20.0,93,20.133452941702576
3462,2022-05-25 06:00:00,21.5,20.0,91,20.37465067939991
3463,2022-05-25 07:00:00,18.5,17.5,94,17.774327115816934
3464,2022-05-25 08:00:00,19.4,17.9,91,18.301278822723713
3465,2022-05-25 09:00:00,19.0,17.6,91,17.906350118185127
3466,2022-05-25 10:00:00,21.1,17.7,81,18.71250100895246
3467,2022-05-25 11:00:00,23.2,18.2,73,19.66612221873589
3468,2022-05-25 12:00:00,25.2,18.1,65,20.410249320956844
3469,2022-05-25 13:00:00,26.5,18.4,61,21.001973147560825
3470,2022-05-25 14:00:00,26.9,18.0,58,20.901861655429155
3471,2022-05-25 15:00:00,27.4,17.8,56,21.032220925586504
3472,2022-05-25 16:00:00,27.8,17.6,54,21.06345859825306
3473,2022-05-25 17:00:00,27.4,16.9,53,20.551861221939294
3474,2022-05-25 18:00:00,27.2,16.1,51,20.053376662950477
3475,2022-05-25 19:00:00,26.4,16.8,56,20.148386550279614
3476,2022-05-25 20:00:00,23.6,18.0,71,19.770280778419117
3477,2022-05-25 21:00:00,22.1,16.5,71,18.36839281165937
3478,2022-05-25 22:00:00,21.2,15.8,71,17.52725737221241
3479,2022-05-25 23:00:00,21.1,15.2,69,17.175622658187766
3480,2022-05-26 00:00:00,19.9,15.4,76,16.936332979182456
3481,2022-05-26 01:00:00,18.6,15.6,82,16.426318986960954
3482,2022-05-26 02:00:00,19.9,15.1,74,16.687169120450786
3483,2022-05-26 03:00:00,19.6,15.1,75,16.527927580844864
3484,2022-05-26 04:00:00,19.2,14.9,76,16.2719422773978
3485,2022-05-26 05:00:00,17.8,14.8,83,15.772551158709835
3486,2022-05-26 06:00:00,16.2,14.2,88,14.796914814675105
3487,2022-05-26 07:00:00,17.5,15.0,86,15.835487110701369
3488,2022-05-26 08:00:00,20.6,15.9,75,17.474230951481566
3489,2022-05-26 09:00:00,23.7,17.8,69,19.589680110851912
3490,2022-05-26 10:00:00,25.8,17.6,61,20.370498606651065
3491,2022-05-26 11:00:00,27.5,15.7,48,19.813534886818292
3492,2022-05-26 12:00:00,28.8,14.9,43,20.02961488895345
3493,2022-05-26 13:00:00,29.9,13.9,38,19.975039650180054
3494,2022-05-26 14:00:00,30.7,14.1,36,20.20534961681551
3495,2022-05-26 15:00:00,31.1,15.1,38,20.93798475591984
3496,2022-05-26 16:00:00,31.3,15.5,39,21.303556506700463
3497,2022-05-26 17:00:00,31.6,14.9,36,20.917636583648203
3498,2022-05-26 18:00:00,31.1,15.6,39,21.142000410716353
3499,2022-05-26 19:00:00,30.3,20.0,54,23.2536498323017
3500,2022-05-26 20:00:00,26.6,19.0,63,21.39356529559205
3501,2022-05-26 21:00:00,24.8,17.9,65,20.043969642779928
3502,2022-05-26 22:00:00,24.3,19.9,76,21.112478604228297
3503,2022-05-26 23:00:00,23.6,20.2,81,21.119219463478615
3504,2022-05-27 00:00:00,23.2,21.0,87,21.52701273955267
3505,2022-05-27 01:00:00,22.6,21.3,92,21.59061629620653
3506,2022-05-27 02:00:00,22.5,21.4,93,21.621288264948525
3507,2022-05-27 03:00:00,22.3,21.4,95,21.681158472687105
3508,2022-05-27 04:00:00,22.1,21.4,96,21.610532645118596
3509,2022-05-27 05:00:00,22.0,21.4,96,21.51067777633127
3510,2022-05-27 06:00:00,21.2,20.9,98,20.965217894875185
3511,2022-05-27 07:00:00,21.3,20.8,97,20.938591505653573
3512,2022-05-27 08:00:00,23.1,21.4,90,21.823214837043356
3513,2022-05-27 09:00:00,25.1,21.8,81,22.563245242016748
3514,2022-05-27 10:00:00,26.8,22.0,75,23.34126337245715
3515,2022-05-27 11:00:00,28.2,22.1,70,23.918880755574175
3516,2022-05-27 12:00:00,29.5,22.2,65,24.347729464772335
3517,2022-05-27 13:00:00,30.8,21.9,59,24.546714450838238
3518,2022-05-27 14:00:00,31.7,21.2,54,24.480147686866417
3519,2022-05-27 15:00:00,32.2,20.1,49,24.001807234906263
3520,2022-05-27 16:00:00,32.5,18.2,43,23.09324375714273
3521,2022-05-27 17:00:00,33.2,17.1,39,22.838328208969273
3522,2022-05-27 18:00:00,33.2,17.3,39,22.838328208969273
3523,2022-05-27 19:00:00,31.5,20.1,51,23.76826309885897
3524,2022-05-27 20:00:00,28.7,16.0,46,20.4845867080668
3525,2022-05-27 21:00:00,26.9,14.1,46,18.968731747816268
3526,2022-05-27 22:00:00,24.9,15.3,55,18.673142082427322
3527,2022-05-27 23:00:00,23.2,16.0,64,18.44112318091527
3528,2022-05-28 00:00:00,22.4,17.4,73,18.913700135929165
3529,2022-05-28 01:00:00,22.1,17.9,77,19.154931548011188
3530,2022-05-28 02:00:00,21.8,17.2,75,18.60979198126432
3531,2022-05-28 03:00:00,21.4,15.4,69,17.45416866251192
3532,2022-05-28 04:00:00,20.4,15.4,73,17.032638397284494
3533,2022-05-28 05:00:00,19.9,15.8,77,17.06072346203275
3534,2022-05-28 06:00:00,19.7,15.9,78,16.994068957612875
3535,2022-05-28 07:00:00,20.4,17.5,84,18.41411207522016
3536,2022-05-28 08:00:00,22.9,19.2,80,20.313410990611853
3537,2022-05-28 09:00:00,25.4,21.6,80,22.713519473340327
3538,2022-05-28 10:00:00,27.4,22.5,75,23.909036610277735
3539,2022-05-28 11:00:00,28.3,22.5,71,24.162829761981545
3540,2022-05-28 12:00:00,29.8,22.1,64,24.462813523981115
3541,2022-05-28 13:00:00,31.0,22.5,61,25.061418858783476
3542,2022-05-28 14:00:00,32.2,21.6,54,24.918181109858576
3543,2022-05-28 15:00:00,33.0,20.5,48,24.49455441523487
3544,2022-05-28 16:00:00,33.8,19.5,43,24.169638292826736
3545,2022-05-28 17:00:00,32.6,21.0,51,24.718571874765495
3546,2022-05-28 18:00:00,29.8,24.1,72,25.71942218701984
3547,2022-05-28 19:00:00,29.2,23.9,73,25.30924434921925
3548,2022-05-28 20:00:00,27.7,23.2,77,24.485599603389048
3549,2022-05-28 21:00:00,26.5,23.0,81,23.910999232857066
3550,2022-05-28 22:00:00,25.0,23.0,89,23.558984326770084
3551,2022-05-28 23:00:00,23.8,23.0,96,23.308063581889193
3552,2022-05-29 00:00:00,23.5,22.9,97,23.14016848004739
3553,2022-05-29 01:00:00,23.4,22.8,97,23.04009692173086
3554,2022-05-29 02:00:00,23.1,22.5,96,22.609080670337487
3555,2022-05-29 03:00:00,22.9,22.2,96,22.409371160950283
3556,2022-05-29 04:00:00,22.9,22.1,96,22.409371160950283
3557,2022-05-29 05:00:00,22.9,22.1,96,22.409371160950283
3558,2022-05-29 06:00:00,22.8,22.2,97,22.43966733021946
3559,2022-05-29 07:00:00,24.2,22.6,91,23.040405438582546
3560,2022-05-29 08:00:00,25.5,22.8,85,23.500999633814498
3561,2022-05-29 09:00:00,27.3,22.1,74,23.66855934013624
3562,2022-05-29 10:00:00,28.8,21.2,64,23.55044357519443
3563,2022-05-29 11:00:00,30.3,20.1,55,23.42509024443454
3564,2022-05-29 12:00:00,31.5,19.9,50,23.58641997876443
3565,2022-05-29 13:00:00,31.9,20.1,50,23.93030816023301
3566,2022-05-29 14:00:00,32.4,19.6,47,23.793118498058224
3567,2022-05-29 15:00:00,32.2,19.5,47,23.623789192254904
3568,2022-05-29 16:00:00,31.5,19.9,50,23.58641997876443
3569,2022-05-29 17:00:00,30.9,19.6,51,23.24991105224042
3570,2022-05-29 18:00:00,30.0,19.5,54,22.99082802330773
3571,2022-05-29 19:00:00,29.1,20.0,58,22.862768091132104
3572,2022-05-29 20:00:00,27.6,21.6,70,23.359952050839983
3573,2022-05-29 21:00:00,26.6,22.5,78,23.58120434921451
3574,2022-05-29 22:00:00,25.8,22.7,83,23.51548964722424
3575,2022-05-29 23:00:00,25.5,23.0,86,23.6386112461642
3576,2022-05-30 00:00:00,25.3,22.9,86,23.443534357118455
3577,2022-05-30 01:00:00,25.3,22.6,85,23.30641793255994
3578,2022-05-30 02:00:00,25.3,22.1,82,22.89379178779577
3579,2022-05-30 03:00:00,25.1,21.7,81,22.563245242016748
3580,2022-05-30 04:00:00,25.2,21.8,81,22.659513491524276
3581,2022-05-30 05:00:00,24.9,22.5,87,23.189326154952713
3582,2022-05-30 06:00:00,24.6,22.6,89,23.16593224188058
3583,2022-05-30 07:00:00,25.1,22.5,86,23.248457410058325
3584,2022-05-30 08:00:00,26.2,22.7,81,23.62219507609651
3585,2022-05-30 09:00:00,27.8,22.6,74,24.14027081716199
3586,2022-05-30 10:00:00,28.8,22.2,68,24.171364014660664
3587,2022-05-30 11:00:00,29.7,21.5,62,24.05052490002284
3588,2022-05-30 12:00:00,30.4,21.5,59,24.188728083679926
3589,2022-05-30 13:00:00,31.5,21.2,55,24.481065294462077
3590,2022-05-30 14:00:00,31.5,21.0,54,24.304934096076654
3591,2022-05-30 15:00:00,31.2,21.0,54,24.04211346968491
3592,2022-05-30 16:00:00,30.9,21.1,56,24.125614873116927
3593,2022-05-30 17:00:00,30.1,21.4,59,23.92023801480374
3594,2022-05-30 18:00:00,29.6,21.4,61,23.798486142267418
3595,2022-05-30 19:00:00,27.7,22.2,72,23.750528698472284
3596,2022-05-30 20:00:00,26.1,23.1,83,23.805847759850682
3597,2022-05-30 21:00:00,25.4,23.4,89,23.952036195699282
3598,2022-05-30 22:00:00,25.0,23.1,89,23.558984326770084
3599,2022-05-30 23:00:00,24.7,23.2,91,23.534062660440718
3600,2022-05-31 00:00:00,25.0,23.4,91,23.830256838351783
3601,2022-05-31 01:00:00,25.4,23.4,89,23.952036195699282
3602,2022-05-31 02:00:00,25.2,23.4,89,23.75551028808791
3603,2022-05-31 03:00:00,25.2,23.4,90,23.891687934176282
3604,2022-05-31 04:00:00,25.0,23.5,91,23.830256838351783
3605,2022-05-31 05:00:00,24.7,23.4,92,23.668808385438982
3606,2022-05-31 06:00:00,24.6,23.2,92,23.569846985616714
3607,2022-05-31 07:00:00,25.0,23.4,91,23.830256838351783
3608,2022-05-31 08:00:00,26.2,23.0,82,23.762550935544887
3609,2022-05-31 09:00:00,27.3,23.6,80,24.537594737773468
3610,2022-05-31 10:00:00,29.0,23.5,72,24.969368539056102
3611,2022-05-31 11:00:00,29.9,23.5,69,25.34621261674106
3612,2022-05-31 12:00:00,30.5,23.2,65,25.263416012171163
3613,2022-05-31 13:00:00,31.8,22.4,58,25.269315162507052
3614,2022-05-31 14:00:00,31.8,22.0,56,24.92105280952087
3615,2022-05-31 15:00:00,31.5,22.1,58,25.001922071729744
3616,2022-05-31 16:00:00,31.1,22.5,60,24.98393360930022
3617,2022-05-31 17:00:00,30.6,22.9,64,25.192707734687463
3618,2022-05-31 18:00:00,29.9,23.0,67,25.03157020540289
3619,2022-05-31 19:00:00,27.4,23.5,79,24.489441840901787
3620,2022-05-31 20:00:00,27.0,23.5,81,24.392339172789733
3621,2022-05-31 21:00:00,26.5,23.8,85,24.4739072572152
3622,2022-05-31 22:00:00,26.0,23.8,87,24.264938507865303
3623,2022-05-31 23:00:00,25.7,23.8,89,24.246824957031254
3624,2022-06-01 00:00:00,25.6,23.7,89,24.148562049885367
3625,2022-06-01 01:00:00,25.5,23.5,89,24.05029912945299
3626,2022-06-01 02:00:00,25.0,23.1,89,23.558984326770084
3627,2022-06-01 03:00:00,25.0,23.4,90,23.694690749927872
3628,2022-06-01 04:00:00,24.5,23.0,91,23.33659981066636
3629,2022-06-01 05:00:00,24.2,22.8,92,23.174001259856773
3630,2022-06-01 06:00:00,24.0,22.8,93,23.109120667576917
3631,2022-06-01 07:00:00,24.5,23.5,94,23.739144640690267
3632,2022-06-01 08:00:00,26.0,23.8,88,24.40337144821836
3633,2022-06-01 09:00:00,27.5,23.5,79,24.585178001879992
3634,2022-06-01 10:00:00,28.6,23.5,74,24.89500819764855
3635,2022-06-01 11:00:00,30.0,23.4,68,25.281776747080638
3636,2022-06-01 12:00:00,31.2,22.9,61,25.24183740199239
3637,2022-06-01 13:00:00,29.4,21.6,63,23.93877395023221
3638,2022-06-01 14:00:00,29.1,22.2,66,24.13800310675241
3639,2022-06-01 15:00:00,30.8,22.8,62,25.046655813026288
3640,2022-06-01 16:00:00,30.2,21.5,59,24.009734732570216
3641,2022-06-01 17:00:00,29.8,22.0,63,24.302373520979735
3642,2022-06-01 18:00:00,29.4,21.8,64,24.097865839596764
3643,2022-06-01 19:00:00,29.3,21.2,62,23.688294705035904
3644,2022-06-01 20:00:00,28.4,21.5,66,23.494733158013293
3645,2022-06-01 21:00:00,26.9,21.9,74,23.291189812600535
3646,2022-06-01 22:00:00,25.9,22.4,81,23.333390773247476
3647,2022-06-01 23:00:00,25.4,22.8,86,23.541072808873597
3648,2022-06-02 00:00:00,24.8,23.0,89,23.362458311462685
3649,2022-06-02 01:00:00,23.9,23.0,94,23.14266494928857
3650,2022-06-02 02:00:00,24.5,22.9,91,23.33659981066636
3651,2022-06-02 03:00:00,23.5,22.6,95,22.876783153995458
3652,2022-06-02 04:00:00,23.1,22.5,97,22.73988217792162
3653,2022-06-02 05:00:00,22.9,22.4,97,22.539738957711972
3654,2022-06-02 06:00:00,23.0,22.4,96,22.509225921577208
3655,2022-06-02 07:00:00,23.8,22.8,94,23.043251624861927
3656,2022-06-02 08:00:00,25.7,23.2,86,23.83368807750713
3657,2022-06-02 09:00:00,27.5,22.8,76,24.149650998462082
3658,2022-06-02 10:00:00,28.8,22.1,67,24.01717890057451
3659,2022-06-02 11:00:00,28.0,21.3,67,23.279438046588027
3660,2022-06-02 12:00:00,27.5,21.6,70,23.26679719182461
3661,2022-06-02 13:00:00,29.1,21.4,63,23.66607400632072
3662,2022-06-02 14:00:00,31.1,20.4,53,23.778624299105193
3663,2022-06-02 15:00:00,32.1,19.6,48,23.7285778503113
3664,2022-06-02 16:00:00,32.7,19.2,45,23.657108394280463
3665,2022-06-02 17:00:00,32.9,19.0,44,23.62561322433203
3666,2022-06-02 18:00:00,32.8,18.8,43,23.341643178475408
3667,2022-06-02 19:00:00,26.9,22.3,76,23.58018263465065
3668,2022-06-02 20:00:00,26.4,21.9,76,23.105625160582033
3669,2022-06-02 21:00:00,25.8,22.1,81,23.23712263962094
3670,2022-06-02 22:00:00,25.3,22.1,82,22.89379178779577
3671,2022-06-02 23:00:00,24.6,22.1,86,22.760764786529844
3672,2022-06-03 00:00:00,24.1,22.0,88,22.540906432297003
3673,2022-06-03 01:00:00,23.7,21.8,89,22.281564249364923
3674,2022-06-03 02:00:00,23.0,22.0,94,22.24794458642734
3675,2022-06-03 03:00:00,22.4,21.2,94,21.65146378408321
3676,2022-06-03 04:00:00,22.0,18.2,79,19.319663202438328
3677,2022-06-03 05:00:00,21.8,16.6,73,18.349382608546602
3678,2022-06-03 06:00:00,21.5,16.8,74,18.196669111233074
3679,2022-06-03 07:00:00,21.6,18.6,83,19.450460850923612
3680,2022-06-03 08:00:00,23.2,19.7,80,20.601424598098813
3681,2022-06-03 09:00:00,25.5,20.5,74,21.97039398885509
3682,2022-06-03 10:00:00,27.1,20.1,66,22.300085857405637
3683,2022-06-03 11:00:00,28.6,19.8,59,22.577783801999185
3684,2022-06-03 12:00:00,29.9,19.1,53,22.732111894756287
3685,2022-06-03 13:00:00,31.4,18.8,47,22.946470346898867
3686,2022-06-03 14:00:00,32.5,18.7,44,23.292493602107495
3687,2022-06-03 15:00:00,33.1,18.5,42,23.385620852171353
3688,2022-06-03 16:00:00,33.5,18.4,41,23.506043114572524
3689,2022-06-03 17:00:00,32.5,17.9,42,22.891762229436726
3690,2022-06-03 18:00:00,32.3,17.2,40,22.319096324931007
3691,2022-06-03 19:00:00,29.5,18.7,52,22.212500125555067
3692,2022-06-03 20:00:00,28.4,18.9,56,21.916051853670286
3693,2022-06-03 21:00:00,26.6,19.0,63,21.39356529559205
3694,2022-06-03 22:00:00,25.5,19.3,69,21.260940623013692
3695,2022-06-03 23:00:00,24.8,19.9,74,21.309994595287385
3696,2022-06-04 00:00:00,24.8,21.0,80,22.137494440270487
3697,2022-06-04 01:00:00,24.0,20.5,81,21.504293381940293
3698,2022-06-04 02:00:00,23.2,20.2,83,20.999046690886637
3699,2022-06-04 03:00:00,22.8,19.9,84,20.743089185840482
3700,2022-06-04 04:00:00,22.7,19.5,82,20.38403565374883
3701,2022-06-04 05:00:00,22.7,19.4,81,20.252802119854604
3702,2022-06-04 06:00:00,22.6,19.5,83,20.418327512291455
3703,2022-06-04 07:00:00,23.1,20.4,85,21.16601521195521
3704,2022-06-04 08:00:00,24.0,20.8,82,21.638915139689708
3705,2022-06-04 09:00:00,25.1,20.9,77,22.01065393915377
3706,2022-06-04 10:00:00,24.1,21.2,84,22.004614464111288
3707,2022-06-04 11:00:00,26.0,21.6,77,22.86736728916429
3708,2022-06-04 12:00:00,27.4,21.6,71,23.32170705999913
3709,2022-06-04 13:00:00,29.0,21.5,64,23.732917762551438
3710,2022-06-04 14:00:00,30.5,21.2,58,24.11060994191507
3711,2022-06-04 15:00:00,31.2,21.1,55,24.21707195635377
3712,2022-06-04 16:00:00,31.5,20.8,53,24.127460681173197
3713,2022-06-04 17:00:00,30.7,20.3,54,23.6040784442519
3714,2022-06-04 18:00:00,28.2,21.4,66,23.310941531287668
3715,2022-06-04 19:00:00,25.9,22.5,82,23.472964696626303
3716,2022-06-04 20:00:00,25.4,21.9,81,22.852049940502162
3717,2022-06-04 21:00:00,25.1,21.9,82,22.70073402250574
3718,2022-06-04 22:00:00,24.5,22.1,87,22.79819396475801
3719,2022-06-04 23:00:00,24.0,22.2,90,22.709704034247675
3720,2022-06-05 00:00:00,23.6,22.5,93,22.712365639413665
3721,2022-06-05 01:00:00,23.4,22.6,96,22.908644845716555
3722,2022-06-05 02:00:00,23.4,22.7,96,22.908644845716555
3723,2022-06-05 03:00:00,22.7,22.2,97,22.339595691096417
3724,2022-06-05 04:00:00,22.9,22.2,96,22.409371160950283
3725,2022-06-05 05:00:00,22.8,22.1,96,22.309516388426744
3726,2022-06-05 06:00:00,22.0,21.6,98,21.767507121623506
3727,2022-06-05 07:00:00,23.2,22.6,96,22.708935407260977
3728,2022-06-05 08:00:00,25.0,23.2,90,23.694690749927872
3729,2022-06-05 09:00:00,26.7,23.6,83,24.386563570473644
3730,2022-06-05 10:00:00,28.5,23.0,72,24.500584380162014
3731,2022-06-05 11:00:00,30.0,22.2,63,24.484173155908636
3732,2022-06-05 12:00:00,31.2,21.8,57,24.56323083130106
3733,2022-06-05 13:00:00,32.1,21.5,53,24.650714262421697
3734,2022-06-05 14:00:00,32.5,21.3,52,24.816629266762835
3735,2022-06-05 15:00:00,32.5,21.4,52,24.816629266762835
3736,2022-06-05 16:00:00,32.8,21.2,50,24.704054452199262
3737,2022-06-05 17:00:00,31.5,21.8,57,24.829509958022793
3738,2022-06-05 18:00:00,31.4,21.2,55,24.393067546129405
3739,2022-06-05 19:00:00,31.1,20.8,54,23.954506529714234
3740,2022-06-05 20:00:00,29.5,21.6,63,24.02967388073358
3741,2022-06-05 21:00:00,27.6,22.7,75,24.098294206648845
3742,2022-06-05 22:00:00,26.7,23.2,81,24.103535256806623
3743,2022-06-05 23:00:00,26.5,23.1,82,24.052137032387748
3744,2022-06-06 00:00:00,26.2,23.0,82,23.762550935544887
3745,2022-06-06 01:00:00,26.1,22.9,82,23.666022205083294
3746,2022-06-06 02:00:00,26.1,22.6,81,23.525926991439505
3747,2022-06-06 03:00:00,25.8,22.4,82,23.376435918542736
3748,2022-06-06 04:00:00,25.5,22.0,81,22.94831814006648
3749,2022-06-06 05:00:00,25.1,21.9,82,22.70073402250574
3750,2022-06-06 06:00:00,24.9,21.9,83,22.644414466252805
3751,2022-06-06 07:00:00,25.4,23.0,87,23.678241071868353
3752,2022-06-06 08:00:00,27.5,23.0,77,24.295219597286124
3753,2022-06-06 09:00:00,28.4,22.9,72,24.406827489519923
3754,2022-06-06 10:00:00,30.1,22.2,63,24.57507293604462
3755,2022-06-06 11:00:00,31.0,22.0,59,24.725707468375752
3756,2022-06-06 12:00:00,32.3,21.5,53,24.82513186206381
3757,2022-06-06 13:00:00,33.2,20.8,48,24.664771012201278
3758,2022-06-06 14:00:00,33.4,21.1,49,25.02833590814612
3759,2022-06-06 15:00:00,33.8,20.6,46,24.77942814549252
3760,2022-06-06 16:00:00,33.3,20.5,47,24.55509841425927
3761,2022-06-06 17:00:00,32.0,20.5,51,24.200222157272254
3762,2022-06-06 18:00:00,31.1,20.6,54,23.954506529714234
3763,2022-06-06 19:00:00,29.6,22.2,65,24.43929822490714
3764,2022-06-06 20:00:00,28.2,22.0,69,23.767817125271982
3765,2022-06-06 21:00:00,27.4,21.9,72,23.46925748657082
3766,2022-06-06 22:00:00,26.8,22.1,75,23.34126337245715
3767,2022-06-06 23:00:00,26.2,22.1,78,23.19934386912079
3768,2022-06-07 00:00:00,25.9,22.1,80,23.193539864135815
3769,2022-06-07 01:00:00,25.6,22.0,81,23.044586323076718
3770,2022-06-07 02:00:00,25.4,22.0,82,22.99032064613821
3771,2022-06-07 03:00:00,25.4,22.0,81,22.852049940502162
3772,2022-06-07 04:00:00,25.5,22.0,81,22.94831814006648
3773,2022-06-07 05:00:00,25.9,22.0,79,23.05339740755047
3774,2022-06-07 06:00:00,26.0,21.9,78,23.008413523229354
3775,2022-06-07 07:00:00,26.5,22.6,80,23.769563777978732
3776,2022-06-07 08:00:00,27.0,22.7,77,23.819269274495586
3777,2022-06-07 09:00:00,28.5,22.4,70,24.198344822000575
3778,2022-06-07 10:00:00,30.1,21.9,62,24.412754680106424
3779,2022-06-07 11:00:00,31.4,21.5,56,24.567525137626408
3780,2022-06-07 12:00:00,32.4,21.1,52,24.72982546084447
3781,2022-06-07 13:00:00,33.0,20.8,49,24.686160266806308
3782,2022-06-07 14:00:00,33.5,21.2,48,24.920095627906758
3783,2022-06-07 15:00:00,33.8,21.1,48,25.175419911201683
3784,2022-06-07 16:00:00,33.8,21.4,48,25.175419911201683
3785,2022-06-07 17:00:00,33.0,21.4,50,24.87599768188265
3786,2022-06-07 18:00:00,31.8,21.5,55,24.745058354526513
3787,2022-06-07 19:00:00,31.0,22.0,59,24.725707468375752
3788,2022-06-07 20:00:00,29.2,22.1,65,24.07302304190233
3789,2022-06-07 21:00:00,28.0,23.2,75,24.476809177650935
3790,2022-06-07 22:00:00,27.3,23.8,81,24.681142945906437
3791,2022-06-07 23:00:00,26.9,24.1,85,24.86306990045894
3792,2022-06-08 00:00:00,26.7,24.0,85,24.66848860753379
3793,2022-06-08 01:00:00,26.6,23.1,81,24.00726725285765
3794,2022-06-08 02:00:00,26.6,23.2,82,24.148665699966468
3795,2022-06-08 03:00:00,26.4,23.5,84,24.236537307422005
3796,2022-06-08 04:00:00,26.0,23.5,86,24.1263032170049
3797,2022-06-08 05:00:00,25.7,23.5,88,24.109298354947285
3798,2022-06-08 06:00:00,25.6,23.5,88,24.011273963362378
3799,2022-06-08 07:00:00,26.6,24.8,90,25.270666774028175
3800,2022-06-08 08:00:00,27.7,24.0,80,24.92160982772833
3801,2022-06-08 09:00:00,28.9,23.5,73,25.02708994920621
3802,2022-06-08 10:00:00,30.1,23.4,67,25.21600469971457
3803,2022-06-08 11:00:00,31.7,22.1,57,25.007029231441816
3804,2022-06-08 12:00:00,33.0,21.7,52,25.25064780160908
3805,2022-06-08 13:00:00,34.2,21.0,46,25.116273854048096
3806,2022-06-08 14:00:00,34.8,20.7,44,25.20792200617773
3807,2022-06-08 15:00:00,35.4,20.0,41,25.06041053626904
3808,2022-06-08 16:00:00,35.8,20.0,40,25.164534759393423
3809,2022-06-08 17:00:00,35.1,20.4,42,25.031804210911083
3810,2022-06-08 18:00:00,33.2,22.1,52,25.424254986833812
3811,2022-06-08 19:00:00,30.6,24.2,69,25.996138417775683
3812,2022-06-08 20:00:00,30.1,24.0,70,25.688816703856652
3813,2022-06-08 21:00:00,28.8,24.0,76,25.383496907472296
3814,2022-06-08 22:00:00,27.8,24.7,83,25.451207813349306
3815,2022-06-08 23:00:00,27.0,25.0,88,25.383614220461
3816,2022-06-09 00:00:00,26.6,25.0,91,25.40995719474566
3817,2022-06-09 01:00:00,26.3,24.9,92,25.252189093121316
3818,2022-06-09 02:00:00,25.9,24.8,94,25.13092891603002
3819,2022-06-09 03:00:00,25.3,24.7,96,24.80588220019776
3820,2022-06-09 04:00:00,25.5,24.7,96,25.005591156763533
3821,2022-06-09 05:00:00,25.5,24.8,96,25.005591156763533
3822,2022-06-09 06:00:00,26.1,24.5,90,24.778174619736458
3823,2022-06-09 07:00:00,26.1,24.6,91,24.91630117762493
3824,2022-06-09 08:00:00,27.0,24.0,83,24.676921270731526
3825,2022-06-09 09:00:00,27.9,23.7,78,24.822248995183966
3826,2022-06-09 10:00:00,29.3,23.3,70,24.94358141646884
3827,2022-06-09 11:00:00,30.9,22.8,62,25.137213016997606
3828,2022-06-09 12:00:00,31.9,22.5,58,25.358446137419286
3829,2022-06-09 13:00:00,33.0,22.0,53,25.43559245191941
3830,2022-06-09 14:00:00,34.0,20.9,46,24.947851077871388
3831,2022-06-09 15:00:00,34.8,19.8,41,24.56955947353208
3832,2022-06-09 16:00:00,35.3,19.2,39,24.534632561817396
3833,2022-06-09 17:00:00,35.3,19.9,40,24.758047188027444
3834,2022-06-09 18:00:00,35.0,20.4,42,24.94949546898402
3835,2022-06-09 19:00:00,32.9,22.5,55,25.713030575275056
3836,2022-06-09 20:00:00,30.2,22.8,64,24.82776082070577
3837,2022-06-09 21:00:00,29.9,22.8,66,24.873167368931217
3838,2022-06-09 22:00:00,28.8,23.8,74,25.083692356536215
3839,2022-06-09 23:00:00,27.9,24.0,79,24.968122480716538
3840,2022-06-10 00:00:00,27.3,24.2,83,24.967278835774092
3841,2022-06-10 01:00:00,26.8,24.4,87,25.0472009811086
3842,2022-06-10 02:00:00,26.3,24.5,90,24.975171519557673
3843,2022-06-10 03:00:00,25.9,24.6,93,24.993704357633607
3844,2022-06-10 04:00:00,25.5,24.4,94,24.733276501488593
3845,2022-06-10 05:00:00,25.0,24.0,94,24.236210719425056
3846,2022-06-10 06:00:00,24.6,24.0,96,24.106900497814898
3847,2022-06-10 07:00:00,26.1,24.8,92,25.05426667636875
3848,2022-06-10 08:00:00,27.0,24.6,86,25.10168609588793
3849,2022-06-10 09:00:00,28.4,24.2,78,25.299573095542367
3850,2022-06-10 10:00:00,29.8,24.0,71,25.56469727760448
3851,2022-06-10 11:00:00,31.0,23.3,63,25.393169851708297
3852,2022-06-10 12:00:00,32.2,22.5,56,25.27458000874017
3853,2022-06-10 13:00:00,33.7,21.6,49,25.284967263447946
3854,2022-06-10 14:00:00,34.9,21.2,45,25.499609796513905
3855,2022-06-10 15:00:00,35.5,21.0,43,25.5772199464735
3856,2022-06-10 16:00:00,35.7,20.7,42,25.525655752271668
3857,2022-06-10 17:00:00,35.5,20.5,42,25.361038744071628
3858,2022-06-10 18:00:00,35.2,20.6,43,25.32882407463567
3859,2022-06-10 19:00:00,33.8,22.6,52,25.945075770225575
3860,2022-06-10 20:00:00,30.8,23.8,66,25.700225431185615
3861,2022-06-10 21:00:00,29.9,23.6,69,25.34621261674106
3862,2022-06-10 22:00:00,28.9,23.6,73,25.02708994920621
3863,2022-06-10 23:00:00,28.1,23.8,78,25.013178685506233
3864,2022-06-11 00:00:00,27.3,24.1,83,24.967278835774092
3865,2022-06-11 01:00:00,26.7,24.6,88,25.089541528420867
3866,2022-06-11 02:00:00,26.3,24.8,91,25.11376362161186
3867,2022-06-11 03:00:00,26.0,24.9,93,25.092892852103557
3868,2022-06-11 04:00:00,25.7,24.9,95,25.068757278636607
3869,2022-06-11 05:00:00,25.5,24.7,95,24.86948713572207
3870,2022-06-11 06:00:00,25.4,24.5,95,24.769852047135462
3871,2022-06-11 07:00:00,27.0,25.0,89,25.52424155648995
3872,2022-06-11 08:00:00,27.8,24.6,83,25.451207813349306
3873,2022-06-11 09:00:00,29.2,24.1,74,25.461060453862117
3874,2022-06-11 10:00:00,30.7,23.6,66,25.608330180034816
3875,2022-06-11 11:00:00,32.2,23.1,59,25.79966329489037
3876,2022-06-11 12:00:00,33.7,22.5,52,25.85827238611607
3877,2022-06-11 13:00:00,34.7,21.6,47,25.74039432648169
3878,2022-06-11 14:00:00,35.7,21.0,42,25.525655752271668
3879,2022-06-11 15:00:00,36.2,20.6,40,25.489723989054713
3880,2022-06-11 16:00:00,36.7,20.2,38,25.43161997680226
3881,2022-06-11 17:00:00,36.8,19.9,37,25.274150548283686
3882,2022-06-11 18:00:00,36.6,19.8,38,25.351377918493604
3883,2022-06-11 19:00:00,34.7,20.6,44,25.124642973920896
3884,2022-06-11 20:00:00,32.7,21.5,52,24.990236779300044
3885,2022-06-11 21:00:00,29.7,22.9,67,24.847135623183288
3886,2022-06-11 22:00:00,28.5,22.4,69,24.0463579541333
3887,2022-06-11 23:00:00,27.4,23.2,78,24.344924473891222
3888,2022-06-12 00:00:00,26.6,23.8,84,24.430617175920535
3889,2022-06-12 01:00:00,26.2,24.0,87,24.46050420859876
3890,2022-06-12 02:00:00,26.1,24.0,88,24.501395785599847
3891,2022-06-12 03:00:00,26.0,24.0,88,24.40337144821836
3892,2022-06-12 04:00:00,26.0,23.9,88,24.40337144821836
3893,2022-06-12 05:00:00,25.8,23.9,89,24.345087850925363
3894,2022-06-12 06:00:00,25.7,23.9,90,24.38418066649041
3895,2022-06-12 07:00:00,27.4,24.7,85,25.349522883685868
3896,2022-06-12 08:00:00,27.9,24.2,81,25.25875006826294
3897,2022-06-12 09:00:00,29.4,23.9,73,25.49734718880685
3898,2022-06-12 10:00:00,31.0,23.5,64,25.557654270760114
3899,2022-06-12 11:00:00,32.6,22.9,57,25.805864554644774
3900,2022-06-12 12:00:00,34.2,22.2,50,25.90765415754013
3901,2022-06-12 13:00:00,35.5,21.6,45,26.002106818412187
3902,2022-06-12 14:00:00,36.1,21.2,42,25.854889258526462
3903,2022-06-12 15:00:00,36.3,21.2,42,26.019505759186753
3904,2022-06-12 16:00:00,36.5,21.0,41,25.960299986151018
3905,2022-06-12 17:00:00,36.5,20.7,40,25.73361543620184
3906,2022-06-12 18:00:00,35.3,20.9,43,25.41162274017749
3907,2022-06-12 19:00:00,33.3,21.4,50,25.13391226446168
3908,2022-06-12 20:00:00,31.1,21.6,57,24.474471064242344
3909,2022-06-12 21:00:00,28.9,23.2,72,24.875611746325024
3910,2022-06-12 22:00:00,27.8,23.7,79,24.872386385676112
3911,2022-06-12 23:00:00,27.3,24.1,83,24.967278835774092
3912,2022-06-13 00:00:00,27.0,24.2,85,24.960360525495048
3913,2022-06-13 01:00:00,26.9,24.0,84,24.72173686791302
3914,2022-06-13 02:00:00,26.4,24.0,86,24.516456537244405
3915,2022-06-13 03:00:00,26.1,24.1,89,24.639876453442415
3916,2022-06-13 04:00:00,26.0,24.4,91,24.817569936966933
3917,2022-06-13 05:00:00,26.0,24.5,91,24.817569936966933
3918,2022-06-13 06:00:00,26.2,24.3,89,24.738139294674188
3919,2022-06-13 07:00:00,27.2,25.0,88,25.5796626160219
3920,2022-06-13 08:00:00,28.4,24.6,80,25.59363562057946
3921,2022-06-13 09:00:00,29.9,24.4,73,25.96760396282391
3922,2022-06-13 10:00:00,31.5,23.8,64,26.013836916649467
3923,2022-06-13 11:00:00,33.4,21.9,51,25.40970291951457
3924,2022-06-13 12:00:00,34.8,20.0,42,24.78487785357763
3925,2022-06-13 13:00:00,35.5,18.8,38,24.468712055512785
3926,2022-06-13 14:00:00,36.0,17.2,33,23.667855842115685
3927,2022-06-13 15:00:00,36.0,17.0,33,23.667855842115685
3928,2022-06-13 16:00:00,35.7,17.8,35,23.923903877020596
3929,2022-06-13 17:00:00,34.6,19.0,40,24.188962616042854
3930,2022-06-13 18:00:00,33.0,20.1,47,24.301105461644173
3931,2022-06-13 19:00:00,31.6,22.1,57,24.918269609106673
3932,2022-06-13 20:00:00,30.4,23.1,65,25.171847461942512
3933,2022-06-13 21:00:00,29.0,24.0,74,25.272376441798073
3934,2022-06-13 22:00:00,28.0,24.5,82,25.500065426147007
3935,2022-06-13 23:00:00,27.4,24.9,86,25.491838857310338
3936,2022-06-14 00:00:00,27.0,25.0,88,25.383614220461
3937,2022-06-14 01:00:00,26.9,24.9,89,25.42597881895266
3938,2022-06-14 02:00:00,26.9,24.9,89,25.42597881895266
3939,2022-06-14 03:00:00,26.8,24.9,90,25.467663547214872
3940,2022-06-14 04:00:00,26.5,24.9,90,25.172168368529245
3941,2022-06-14 05:00:00,26.5,24.8,90,25.172168368529245
3942,2022-06-14 06:00:00,26.2,24.5,90,24.876673076019678
3943,2022-06-14 07:00:00,26.4,25.0,92,25.35115028336447
3944,2022-06-14 08:00:00,27.5,24.8,85,25.44681343793442
3945,2022-06-14 09:00:00,29.1,24.5,76,25.668230157806388
3946,2022-06-14 10:00:00,29.5,23.6,71,25.284324132279735
3947,2022-06-14 11:00:00,29.0,23.8,73,25.12114143470163
3948,2022-06-14 12:00:00,32.2,22.9,58,25.625838897403735
3949,2022-06-14 13:00:00,34.5,18.8,40,24.107664628952097
3950,2022-06-14 14:00:00,35.1,17.1,35,23.452481560011012
3951,2022-06-14 15:00:00,34.9,18.5,38,23.987255397573644
3952,2022-06-14 16:00:00,34.5,18.4,39,23.888424016466168
3953,2022-06-14 17:00:00,33.3,20.4,47,24.55509841425927
3954,2022-06-14 18:00:00,32.0,21.0,53,24.56350541399307
3955,2022-06-14 19:00:00,30.8,22.8,62,25.046655813026288
3956,2022-06-14 20:00:00,29.6,23.4,69,25.06767267890998
3957,2022-06-14 21:00:00,28.5,23.9,76,25.098763500782713
3958,2022-06-14 22:00:00,28.0,24.1,79,25.063858559388002
3959,2022-06-14 23:00:00,27.5,24.3,83,25.160850471226638
3960,2022-06-15 00:00:00,27.2,24.3,84,25.012856427955192
3961,2022-06-15 01:00:00,27.1,24.3,85,25.057651136297814
3962,2022-06-15 02:00:00,27.1,24.1,84,24.915816589202976
3963,2022-06-15 03:00:00,26.9,24.0,84,24.72173686791302
3964,2022-06-15 04:00:00,26.6,23.9,85,24.57119793956796
3965,2022-06-15 05:00:00,26.2,23.9,87,24.46050420859876
3966,2022-06-15 06:00:00,26.0,23.9,88,24.40337144821836
3967,2022-06-15 07:00:00,26.5,24.7,90,25.172168368529245
3968,2022-06-15 08:00:00,28.0,24.5,81,25.355017867546064
3969,2022-06-15 09:00:00,29.0,24.2,75,25.42309533156935
3970,2022-06-15 10:00:00,30.4,24.0,69,25.810445433876172
3971,2022-06-15 11:00:00,31.9,23.2,60,25.702778863034215
3972,2022-06-15 12:00:00,33.7,22.5,52,25.85827238611607
3973,2022-06-15 13:00:00,34.8,21.9,47,25.825058040784565
3974,2022-06-15 14:00:00,35.5,21.4,44,25.790874096492214
3975,2022-06-15 15:00:00,36.2,21.0,41,25.71487611559958
3976,2022-06-15 16:00:00,34.7,21.2,46,25.537330118725233
3977,2022-06-15 17:00:00,33.7,21.2,48,25.09031185347856
3978,2022-06-15 18:00:00,33.0,21.5,51,25.064137667018898
3979,2022-06-15 19:00:00,31.5,22.8,60,25.343356444982007
3980,2022-06-15 20:00:00,30.1,22.8,65,24.8971416727873
3981,2022-06-15 21:00:00,28.8,23.1,72,24.781854934128173
3982,2022-06-15 22:00:00,28.0,23.3,76,24.62420747183553
3983,2022-06-15 23:00:00,27.2,23.6,81,24.5848750373349
3984,2022-06-16 00:00:00,26.5,24.0,86,24.61399483200513
3985,2022-06-16 01:00:00,26.1,24.1,89,24.639876453442415
3986,2022-06-16 02:00:00,25.8,24.2,91,24.620107418162082
3987,2022-06-16 03:00:00,25.5,24.2,92,24.46049913375888
3988,2022-06-16 04:00:00,25.1,24.2,95,24.470946712516007
3989,2022-06-16 05:00:00,24.3,23.9,97,23.940740537508777
3990,2022-06-16 06:00:00,24.2,23.9,98,23.97379871984752
3991,2022-06-16 07:00:00,27.0,25.2,90,25.664660270202106
3992,2022-06-16 08:00:00,27.5,24.8,85,25.44681343793442
3993,2022-06-16 09:00:00,28.8,24.2,76,25.383496907472296
3994,2022-06-16 10:00:00,30.1,23.9,69,25.531905805170407
3995,2022-06-16 11:00:00,31.5,23.5,63,25.847667291954814
3996,2022-06-16 12:00:00,32.6,22.5,55,25.449038510426668
3997,2022-06-16 13:00:00,33.5,21.6,50,25.305855146347362
3998,2022-06-16 14:00:00,34.7,20.4,43,24.91483011656575
3999,2022-06-16 15:00:00,35.6,19.2,38,24.548954654399118
4000,2022-06-16 16:00:00,36.0,19.0,37,24.63657307038266
4001,2022-06-16 17:00:00,35.9,18.7,36,24.320716482829397
4002,2022-06-16 18:00:00,35.1,17.9,36,23.68759343788749
4003,2022-06-16 19:00:00,33.5,21.0,48,24.920095627906758
4004,2022-06-16 20:00:00,31.8,22.9,59,25.441678448646186
4005,2022-06-16 21:00:00,30.5,23.0,64,25.101471041808438
4006,2022-06-16 22:00:00,29.3,23.5,71,25.097408603665176
4007,2022-06-16 23:00:00,28.3,23.8,77,25.05673920514425
4008,2022-06-17 00:00:00,27.6,24.0,81,24.969946577340572
4009,2022-06-17 01:00:00,27.0,24.3,85,24.960360525495048
4010,2022-06-17 02:00:00,26.5,24.4,88,24.893493000859365
4011,2022-06-17 03:00:00,26.1,24.4,90,24.778174619736458
4012,2022-06-17 04:00:00,25.8,24.3,92,24.75738296011249
4013,2022-06-17 05:00:00,25.4,24.4,94,24.633863368630703
4014,2022-06-17 06:00:00,25.1,24.4,96,24.606173198814272
4015,2022-06-17 07:00:00,25.0,23.9,93,24.101007368427396
4016,2022-06-17 08:00:00,26.0,24.2,90,24.679676150675046
4017,2022-06-17 09:00:00,27.6,24.0,81,24.969946577340572
4018,2022-06-17 10:00:00,29.2,23.4,71,25.003950809661738
4019,2022-06-17 11:00:00,30.6,22.7,63,25.02957146662985
4020,2022-06-17 12:00:00,31.6,22.1,57,24.918269609106673
4021,2022-06-17 13:00:00,32.5,22.1,55,25.361041096123753
4022,2022-06-17 14:00:00,32.6,22.5,55,25.449038510426668
4023,2022-06-17 15:00:00,33.6,22.6,53,25.958843158609056
4024,2022-06-17 16:00:00,33.8,22.1,51,25.755267639889162
4025,2022-06-17 17:00:00,32.5,22.4,55,25.361041096123753
4026,2022-06-17 18:00:00,32.7,21.5,52,24.990236779300044
4027,2022-06-17 19:00:00,31.9,21.8,55,24.833055979924758
4028,2022-06-17 20:00:00,31.5,21.4,55,24.481065294462077
4029,2022-06-17 21:00:00,30.1,22.4,63,24.57507293604462
4030,2022-06-17 22:00:00,29.0,23.1,71,24.817035161965627
4031,2022-06-17 23:00:00,28.1,23.6,77,24.86635940692182
4032,2022-06-18 00:00:00,27.5,23.9,81,24.87367871586583
4033,2022-06-18 01:00:00,26.9,24.1,85,24.86306990045894
4034,2022-06-18 02:00:00,26.5,24.2,88,24.893493000859365
4035,2022-06-18 03:00:00,26.0,24.4,91,24.817569936966933
4036,2022-06-18 04:00:00,25.6,24.4,93,24.69613880272373
4037,2022-06-18 05:00:00,25.1,24.5,96,24.606173198814272
4038,2022-06-18 06:00:00,25.4,24.5,94,24.633863368630703
4039,2022-06-18 07:00:00,26.0,25.1,95,25.36766240778635
4040,2022-06-18 08:00:00,26.5,25.1,92,25.45011146155967
4041,2022-06-18 09:00:00,27.3,25.0,87,25.536114584725883
4042,2022-06-18 10:00:00,28.6,24.6,79,25.638274690223927
4043,2022-06-18 11:00:00,30.2,23.6,68,25.466845235310675
4044,2022-06-18 12:00:00,31.2,22.8,61,25.24183740199239
4045,2022-06-18 13:00:00,32.1,22.5,57,25.362067435230664
4046,2022-06-18 14:00:00,33.1,22.3,53,25.52280098098751
4047,2022-06-18 15:00:00,33.8,21.9,50,25.563769211904606
4048,2022-06-18 16:00:00,34.5,20.5,44,24.95808478619882
4049,2022-06-18 17:00:00,34.3,19.5,42,24.37333303962931
4050,2022-06-18 18:00:00,33.6,19.0,42,23.79716840460828
4051,2022-06-18 19:00:00,33.2,19.2,44,23.875452478760767
4052,2022-06-18 20:00:00,32.2,19.2,46,23.432038919396856
4053,2022-06-18 21:00:00,30.6,20.5,55,23.689084434314218
4054,2022-06-18 22:00:00,29.4,21.3,62,23.77885229297768
4055,2022-06-18 23:00:00,28.5,21.6,66,23.586628935684264
4056,2022-06-19 00:00:00,27.7,22.0,71,23.602081480597732
4057,2022-06-19 01:00:00,27.0,22.5,76,23.67509407419094
4058,2022-06-19 02:00:00,26.6,22.8,79,23.723551951486627
4059,2022-06-19 03:00:00,26.1,23.0,83,23.805847759850682
4060,2022-06-19 04:00:00,25.7,23.1,86,23.83368807750713
4061,2022-06-19 05:00:00,25.1,23.2,89,23.65724731415995
4062,2022-06-19 06:00:00,24.5,23.4,93,23.60506417209106
4063,2022-06-19 07:00:00,25.6,23.9,90,24.28568214598439
4064,2022-06-19 08:00:00,27.2,24.3,84,25.012856427955192
4065,2022-06-19 09:00:00,29.0,24.0,74,25.272376441798073
4066,2022-06-19 10:00:00,31.0,22.4,60,24.89407783447988
4067,2022-06-19 11:00:00,32.7,20.9,50,24.618082784588346
4068,2022-06-19 12:00:00,34.2,19.8,43,24.500835092928085
4069,2022-06-19 13:00:00,35.3,19.0,38,24.30822670648114
4070,2022-06-19 14:00:00,36.3,18.5,35,24.395324157308128
4071,2022-06-19 15:00:00,36.7,17.9,33,24.209580502872075
4072,2022-06-19 16:00:00,37.0,16.9,31,23.921295411010085
4073,2022-06-19 17:00:00,36.6,16.5,31,23.61669342320698
4074,2022-06-19 18:00:00,36.0,17.0,32,23.415962936746944
4075,2022-06-19 19:00:00,35.3,17.4,35,23.609622561868218
4076,2022-06-19 20:00:00,33.5,19.0,42,23.714858987403037
4077,2022-06-19 21:00:00,31.9,19.1,47,23.369794931325192
4078,2022-06-19 22:00:00,30.5,19.6,52,23.08054669175248
4079,2022-06-19 23:00:00,29.3,20.5,59,23.204263246974488
4080,2022-06-20 00:00:00,28.5,21.1,64,23.276732106306106
4081,2022-06-20 01:00:00,28.0,21.6,69,23.58212313060536
4082,2022-06-20 02:00:00,27.2,22.2,74,23.574216987249454
4083,2022-06-20 03:00:00,27.4,22.0,72,23.46925748657082
4084,2022-06-20 04:00:00,27.0,22.2,75,23.530521193621738
4085,2022-06-20 05:00:00,26.5,22.6,79,23.627815639398335
4086,2022-06-20 06:00:00,26.1,22.8,82,23.666022205083294
4087,2022-06-20 07:00:00,26.2,24.0,88,24.59942010951942
4088,2022-06-20 08:00:00,27.5,24.0,81,24.87367871586583
4089,2022-06-20 09:00:00,29.3,23.5,71,25.097408603665176
4090,2022-06-20 10:00:00,31.0,22.8,62,25.227770196029716
4091,2022-06-20 11:00:00,32.7,22.6,56,25.716488352805133
4092,2022-06-20 12:00:00,33.8,22.6,52,25.945075770225575
4093,2022-06-20 13:00:00,34.5,22.8,51,26.36000464258767
4094,2022-06-20 14:00:00,35.0,22.5,48,26.19671379235075
4095,2022-06-20 15:00:00,35.8,22.1,45,26.2533548099931
4096,2022-06-20 16:00:00,35.9,20.6,41,25.469451853953885
4097,2022-06-20 17:00:00,35.7,20.0,40,25.08323733766417
4098,2022-06-20 18:00:00,34.8,20.8,44,25.20792200617773
4099,2022-06-20 19:00:00,33.4,23.1,55,26.153016762529642
4100,2022-06-20 20:00:00,32.3,23.8,61,26.234137583157388
4101,2022-06-20 21:00:00,31.1,24.9,69,26.460370524421897
4102,2022-06-20 22:00:00,30.2,25.4,75,26.558636373998993
4103,2022-06-20 23:00:00,29.6,25.5,78,26.44514925410072
4104,2022-06-21 00:00:00,29.1,25.6,82,26.56187742503016
4105,2022-06-21 01:00:00,28.6,25.8,84,26.37141266112794
4106,2022-06-21 02:00:00,28.0,25.7,87,26.220593068320092
4107,2022-06-21 03:00:00,27.4,25.6,90,26.058653566604306
4108,2022-06-21 04:00:00,27.0,25.5,92,25.944917172879336
4109,2022-06-21 05:00:00,26.5,25.2,93,25.588835147049327
4110,2022-06-21 06:00:00,26.2,24.9,92,25.153227890799634
4111,2022-06-21 07:00:00,25.4,23.5,89,23.952036195699282
4112,2022-06-21 08:00:00,25.5,23.0,86,23.6386112461642
4113,2022-06-21 09:00:00,24.0,22.2,90,22.709704034247675
4114,2022-06-21 10:00:00,25.0,22.4,85,23.014545268814352
4115,2022-06-21 11:00:00,27.2,22.9,77,24.009649456584725
4116,2022-06-21 12:00:00,30.3,23.4,66,25.240748953607504
4117,2022-06-21 13:00:00,32.5,22.9,57,25.71710518673031
4118,2022-06-21 14:00:00,34.0,21.7,49,25.54159830059774
4119,2022-06-21 15:00:00,34.5,21.0,46,25.368907727980353
4120,2022-06-21 16:00:00,34.7,20.9,45,25.332110477193783
4121,2022-06-21 17:00:00,33.7,20.8,47,24.893755144474138
4122,2022-06-21 18:00:00,32.5,21.8,54,25.18100078817113
4123,2022-06-21 19:00:00,32.5,22.0,54,25.18100078817113
4124,2022-06-21 20:00:00,31.0,23.2,64,25.557654270760114
4125,2022-06-21 21:00:00,29.4,24.0,73,25.49734718880685
4126,2022-06-21 22:00:00,28.3,24.0,78,25.20410830886036
4127,2022-06-21 23:00:00,27.6,23.9,80,24.8256060793619
4128,2022-06-22 00:00:00,27.2,23.9,82,24.727837379081233
4129,2022-06-22 01:00:00,26.8,24.0,85,24.765779261151295
4130,2022-06-22 02:00:00,26.4,24.1,88,24.795468717114034
4131,2022-06-22 03:00:00,26.0,24.4,90,24.679676150675046
4132,2022-06-22 04:00:00,25.8,24.4,92,24.75738296011249
4133,2022-06-22 05:00:00,25.5,24.2,93,24.59695026048654
4134,2022-06-22 06:00:00,25.4,24.1,93,24.49776170623187
4135,2022-06-22 07:00:00,25.9,24.4,92,24.85634421105611
4136,2022-06-22 08:00:00,27.9,24.4,82,25.403536973280502
4137,2022-06-22 09:00:00,29.1,23.4,71,24.910492995781762
4138,2022-06-22 10:00:00,30.0,23.0,67,25.123787463513242
4139,2022-06-22 11:00:00,31.4,22.6,60,25.25350077542848
4140,2022-06-22 12:00:00,32.7,22.4,55,25.537035894985188
4141,2022-06-22 13:00:00,33.6,22.1,51,25.58248534574535
4142,2022-06-22 14:00:00,34.2,22.0,49,25.712685483645686
4143,2022-06-22 15:00:00,34.8,22.0,47,25.825058040784565
4144,2022-06-22 16:00:00,35.0,21.4,45,25.583359397304513
4145,2022-06-22 17:00:00,35.1,20.7,43,25.24602536728498
4146,2022-06-22 18:00:00,34.2,20.2,44,24.70824719423192
4147,2022-06-22 19:00:00,28.2,24.5,80,25.40162833034388
4148,2022-06-22 20:00:00,29.1,23.5,72,25.06312531237916
4149,2022-06-22 21:00:00,29.1,23.2,70,24.75727239162692
4150,2022-06-22 22:00:00,28.9,23.2,72,24.875611746325024
4151,2022-06-22 23:00:00,28.5,23.2,73,24.65088381768239
4152,2022-06-23 00:00:00,28.0,23.1,75,24.476809177650935
4153,2022-06-23 01:00:00,27.5,23.0,77,24.295219597286124
4154,2022-06-23 02:00:00,27.0,22.8,78,23.963064549743816
4155,2022-06-23 03:00:00,26.6,22.5,78,23.58120434921451
4156,2022-06-23 04:00:00,26.2,22.3,79,23.340606600763874
4157,2022-06-23 05:00:00,25.8,22.4,82,23.376435918542736
4158,2022-06-23 06:00:00,25.4,22.6,85,23.403708790617785
4159,2022-06-23 07:00:00,25.7,23.1,86,23.83368807750713
4160,2022-06-23 08:00:00,27.0,23.4,80,24.24958325050458
4161,2022-06-23 09:00:00,28.9,23.2,72,24.875611746325024
4162,2022-06-23 10:00:00,30.9,22.2,60,24.804222033125612
4163,2022-06-23 11:00:00,32.5,21.3,52,24.816629266762835
4164,2022-06-23 12:00:00,33.8,20.4,46,24.77942814549252
4165,2022-06-23 13:00:00,34.8,19.4,40,24.351558445946853
4166,2022-06-23 14:00:00,35.5,18.6,37,24.23808548315326
4167,2022-06-23 15:00:00,36.2,18.3,35,24.316754249848
4168,2022-06-23 16:00:00,36.7,17.9,33,24.209580502872075
4169,2022-06-23 17:00:00,36.8,17.3,32,24.030183091768617
4170,2022-06-23 18:00:00,36.7,17.0,32,23.953405790091125
4171,2022-06-23 19:00:00,34.5,19.4,41,24.324133324853367
4172,2022-06-23 20:00:00,32.8,19.1,45,23.74085889265944
4173,2022-06-23 21:00:00,31.6,18.8,47,23.11580030403531
4174,2022-06-23 22:00:00,30.5,19.6,53,23.255368715147704
4175,2022-06-23 23:00:00,29.2,20.6,60,23.276669263954005
4176,2022-06-24 00:00:00,28.1,20.9,65,23.065764300284464
4177,2022-06-24 01:00:00,27.2,21.7,72,23.281743243603653
4178,2022-06-24 02:00:00,26.5,22.7,79,23.627815639398335
4179,2022-06-24 03:00:00,26.1,23.1,84,23.945417393114226
4180,2022-06-24 04:00:00,25.8,23.3,86,23.93122647163681
4181,2022-06-24 05:00:00,25.5,23.4,88,23.91324955813704
4182,2022-06-24 06:00:00,25.2,23.5,90,23.891687934176282
4183,2022-06-24 07:00:00,26.2,24.1,88,24.59942010951942
4184,2022-06-24 08:00:00,27.5,24.0,82,25.017423010753113
4185,2022-06-24 09:00:00,28.9,23.6,74,25.178034408343542
4186,2022-06-24 10:00:00,30.2,23.1,66,25.148853591198808
4187,2022-06-24 11:00:00,31.9,22.2,57,25.184548390253894
4188,2022-06-24 12:00:00,33.5,21.0,48,24.920095627906758
4189,2022-06-24 13:00:00,34.7,20.0,42,24.70256897975536
4190,2022-06-24 14:00:00,35.7,19.0,38,24.629197203139363
4191,2022-06-24 15:00:00,36.2,18.0,34,24.07164803734023
4192,2022-06-24 16:00:00,36.5,17.5,33,24.054802327426575
4193,2022-06-24 17:00:00,36.0,17.7,34,23.915674799195244
4194,2022-06-24 18:00:00,34.9,19.4,40,24.43285628914526
4195,2022-06-24 19:00:00,33.9,20.9,47,25.063083280753098
4196,2022-06-24 20:00:00,32.6,21.1,51,24.718571874765495
4197,2022-06-24 21:00:00,30.7,21.3,57,24.11943170259824
4198,2022-06-24 22:00:00,28.9,22.4,68,24.263898528668772
4199,2022-06-24 23:00:00,27.9,22.9,75,24.382180462483262
4200,2022-06-25 00:00:00,27.1,23.0,78,24.05852955656822
4201,2022-06-25 01:00:00,26.5,23.1,82,24.052137032387748
4202,2022-06-25 02:00:00,26.0,23.1,84,23.84837739176672
4203,2022-06-25 03:00:00,25.5,23.2,87,23.77602401285465
4204,2022-06-25 04:00:00,25.0,23.5,91,23.830256838351783
4205,2022-06-25 05:00:00,24.6,23.5,94,23.838557880351015
4206,2022-06-25 06:00:00,24.3,23.5,96,23.80733674063295
4207,2022-06-25 07:00:00,26.5,24.4,88,24.893493000859365
4208,2022-06-25 08:00:00,27.4,24.0,81,24.77741083873557
4209,2022-06-25 09:00:00,28.9,23.4,72,24.875611746325024
4210,2022-06-25 10:00:00,30.4,22.6,63,24.847772128097745
4211,2022-06-25 11:00:00,31.9,21.6,55,24.833055979924758
4212,2022-06-25 12:00:00,33.2,20.8,48,24.664771012201278
4213,2022-06-25 13:00:00,34.5,19.9,42,24.537951099008534
4214,2022-06-25 14:00:00,35.7,18.2,36,24.162436048854747
4215,2022-06-25 15:00:00,36.3,17.5,33,23.90002391377142
4216,2022-06-25 16:00:00,36.8,17.1,31,23.76899454539645
4217,2022-06-25 17:00:00,36.5,17.6,33,24.054802327426575
4218,2022-06-25 18:00:00,35.9,17.5,34,23.83768809281921
4219,2022-06-25 19:00:00,34.7,18.9,39,24.049976450846536
4220,2022-06-25 20:00:00,32.5,19.1,45,23.48960726949451
4221,2022-06-25 21:00:00,30.9,19.9,52,23.42776431386153
4222,2022-06-25 22:00:00,29.2,21.5,63,23.75697401310842
4223,2022-06-25 23:00:00,28.0,22.4,72,24.031799728778875
4224,2022-06-26 00:00:00,27.1,23.0,78,24.05852955656822
4225,2022-06-26 01:00:00,26.5,23.5,84,24.33357724908168
4226,2022-06-26 02:00:00,26.1,23.6,86,24.223841568319838
4227,2022-06-26 03:00:00,25.9,23.6,87,24.16715563672867
4228,2022-06-26 04:00:00,25.5,23.6,90,24.18718361253367
4229,2022-06-26 05:00:00,25.0,23.6,92,23.965692509542087
4230,2022-06-26 06:00:00,24.9,23.6,93,24.001818753626168
4231,2022-06-26 07:00:00,25.1,23.9,93,24.200195971057745
4232,2022-06-26 08:00:00,26.9,24.0,84,24.72173686791302
4233,2022-06-26 09:00:00,28.9,23.8,74,25.178034408343542
4234,2022-06-26 10:00:00,30.6,22.5,62,24.865541329942875
4235,2022-06-26 11:00:00,32.3,21.1,52,24.643021621669238
4236,2022-06-26 12:00:00,33.8,19.5,43,24.169638292826736
4237,2022-06-26 13:00:00,35.0,18.0,37,23.839596584293695
4238,2022-06-26 14:00:00,36.0,16.9,32,23.415962936746944
4239,2022-06-26 15:00:00,36.8,16.1,30,23.503176669142103
4240,2022-06-26 16:00:00,37.2,15.7,28,23.253354031101658
4241,2022-06-26 17:00:00,37.2,15.9,29,23.53188186579796
4242,2022-06-26 18:00:00,36.5,16.0,30,23.276652425636193
4243,2022-06-26 19:00:00,34.0,20.2,45,24.745861607669294
4244,2022-06-26 20:00:00,32.5,20.8,50,24.446139343188545
4245,2022-06-26 21:00:00,30.6,21.5,58,24.199741283109663
4246,2022-06-26 22:00:00,29.4,21.8,64,24.097865839596764
4247,2022-06-26 23:00:00,26.5,20.2,69,22.189415339176808
4248,2022-06-27 00:00:00,27.0,20.6,68,22.50573892535775
4249,2022-06-27 01:00:00,26.8,20.8,69,22.46795730303439
4250,2022-06-27 02:00:00,26.5,20.8,71,22.480582657909395
4251,2022-06-27 03:00:00,26.0,21.0,74,22.44210723118775
4252,2022-06-27 04:00:00,25.9,20.6,73,22.20553633895968
4253,2022-06-27 05:00:00,26.4,20.5,70,22.24209230402107
4254,2022-06-27 06:00:00,25.4,20.8,76,22.15650880880762
4255,2022-06-27 07:00:00,25.5,21.8,80,22.80952358546141
4256,2022-06-27 08:00:00,26.2,20.9,73,22.48769251004208
4257,2022-06-27 09:00:00,24.5,22.4,88,22.933004747658508
4258,2022-06-27 10:00:00,25.1,22.6,86,23.248457410058325
4259,2022-06-27 11:00:00,29.5,22.5,66,24.50558542150506
4260,2022-06-27 12:00:00,32.3,21.5,53,24.82513186206381
4261,2022-06-27 13:00:00,34.0,21.5,48,25.345635917193764
4262,2022-06-27 14:00:00,35.0,21.3,45,25.583359397304513
4263,2022-06-27 15:00:00,35.7,20.6,42,25.525655752271668
4264,2022-06-27 16:00:00,36.3,19.1,36,24.63727670711769
4265,2022-06-27 17:00:00,34.3,18.7,40,23.94506850952241
4266,2022-06-27 18:00:00,33.0,20.2,47,24.301105461644173
4267,2022-06-27 19:00:00,28.3,21.8,68,23.708691112570573
4268,2022-06-27 20:00:00,27.5,21.6,70,23.26679719182461
4269,2022-06-27 21:00:00,24.0,22.3,91,22.842942458516518
4270,2022-06-27 22:00:00,24.6,22.6,89,23.16593224188058
4271,2022-06-27 23:00:00,24.4,22.5,90,23.103698880518373
4272,2022-06-28 00:00:00,23.9,21.5,87,22.211495245910342
4273,2022-06-28 01:00:00,23.6,21.8,89,22.183301069728248
4274,2022-06-28 02:00:00,23.6,22.0,91,22.44801634032862
4275,2022-06-28 03:00:00,23.6,22.4,93,22.712365639413665
4276,2022-06-28 04:00:00,23.4,22.1,93,22.51398804977411
4277,2022-06-28 05:00:00,23.4,22.1,93,22.51398804977411
4278,2022-06-28 06:00:00,23.6,22.2,92,22.580232288194317
4279,2022-06-28 07:00:00,25.1,23.4,90,23.793189348609133
4280,2022-06-28 08:00:00,26.1,23.2,84,23.945417393114226
4281,2022-06-28 09:00:00,27.6,23.0,76,24.244562328999702
4282,2022-06-28 10:00:00,27.9,22.2,71,23.788997656908418
4283,2022-06-28 11:00:00,27.7,22.3,72,23.750528698472284
4284,2022-06-28 12:00:00,29.5,22.4,66,24.50558542150506
4285,2022-06-28 13:00:00,31.1,22.0,58,24.645397559787234
4286,2022-06-28 14:00:00,32.7,19.8,47,24.047112157571473
4287,2022-06-28 15:00:00,34.0,17.5,38,23.265066912643185
4288,2022-06-28 16:00:00,34.8,16.7,34,22.97983040318175
4289,2022-06-28 17:00:00,35.2,16.5,33,23.04873828704595
4290,2022-06-28 18:00:00,34.8,16.1,33,22.739178005704222
4291,2022-06-28 19:00:00,26.9,22.4,77,23.724079156811616
4292,2022-06-28 20:00:00,27.9,22.7,73,24.08657404557194
4293,2022-06-28 21:00:00,27.5,22.8,75,24.003665417747523
4294,2022-06-28 22:00:00,27.2,22.9,77,24.009649456584725
4295,2022-06-28 23:00:00,26.9,23.0,79,24.010760786058473
4296,2022-06-29 00:00:00,26.4,23.1,83,24.096205733888187
4297,2022-06-29 01:00:00,26.1,23.3,85,24.084744383158014
4298,2022-06-29 02:00:00,25.8,23.5,87,24.069372751696342
4299,2022-06-29 03:00:00,25.4,23.4,88,23.81522513923519
4300,2022-06-29 04:00:00,25.0,23.0,88,23.42312732613657
4301,2022-06-29 05:00:00,24.8,22.0,85,22.81996341793275
4302,2022-06-29 06:00:00,24.6,21.6,83,22.3540557876477
4303,2022-06-29 07:00:00,24.4,22.4,89,22.96940611773663
4304,2022-06-29 08:00:00,24.4,22.9,91,23.23786836632849
4305,2022-06-29 09:00:00,25.3,23.0,87,23.580458116800113
4306,2022-06-29 10:00:00,26.3,22.8,81,23.71846314452158
4307,2022-06-29 11:00:00,28.6,22.6,70,24.291499468877362
4308,2022-06-29 12:00:00,29.7,23.0,67,24.847135623183288
4309,2022-06-29 13:00:00,31.1,23.0,62,25.318327350202967
4310,2022-06-29 14:00:00,31.8,22.8,59,25.441678448646186
4311,2022-06-29 15:00:00,32.4,21.5,53,24.91234061350493
4312,2022-06-29 16:00:00,30.0,22.7,65,24.80557303000291
4313,2022-06-29 17:00:00,30.3,22.6,64,24.91899758489312
4314,2022-06-29 18:00:00,30.0,22.8,65,24.80557303000291
4315,2022-06-29 19:00:00,26.7,24.2,86,24.809071379430666
4316,2022-06-29 20:00:00,26.4,25.0,92,25.35115028336447
4317,2022-06-29 21:00:00,26.2,25.1,93,25.29126980547337
4318,2022-06-29 22:00:00,26.3,25.2,94,25.528581144946283
4319,2022-06-29 23:00:00,26.4,24.9,91,25.21249482500437
4320,2022-06-30 00:00:00,25.9,24.4,91,24.718838683823336
4321,2022-06-30 01:00:00,25.5,24.0,91,24.323913545750028
4322,2022-06-30 02:00:00,25.2,23.6,91,24.027719559514033
4323,2022-06-30 03:00:00,24.9,23.3,91,23.731525458570307
4324,2022-06-30 04:00:00,24.6,23.1,91,23.43533124202589
4325,2022-06-30 05:00:00,24.5,23.0,91,23.33659981066636
4326,2022-06-30 06:00:00,24.2,22.7,91,23.040405438582546
4327,2022-06-30 07:00:00,24.8,23.3,91,23.632794065944385
4328,2022-06-30 08:00:00,24.3,23.1,93,23.40668680748741
4329,2022-06-30 09:00:00,24.4,23.1,93,23.505875495968443
4330,2022-06-30 10:00:00,24.5,23.1,92,23.470885573179924
4331,2022-06-30 11:00:00,25.2,22.9,87,23.48267514761228
4332,2022-06-30 12:00:00,25.4,22.9,86,23.541072808873597
4333,2022-06-30 13:00:00,26.6,23.0,81,24.00726725285765
4334,2022-06-30 14:00:00,26.5,23.7,84,24.33357724908168
4335,2022-06-30 15:00:00,27.1,23.5,80,24.345587095856484
4336,2022-06-30 16:00:00,26.8,23.3,81,24.199803244748658
4337,2022-06-30 17:00:00,26.8,23.0,80,24.057575510785554
4338,2022-06-30 18:00:00,26.9,22.9,79,24.010760786058473
4339,2022-06-30 19:00:00,26.5,21.9,76,23.200536692424446
4340,2022-06-30 20:00:00,26.2,22.0,77,23.057747830937195
4341,2022-06-30 21:00:00,25.9,22.5,82,23.472964696626303
4342,2022-06-30 22:00:00,25.4,22.5,84,23.266137066739567
4343,2022-06-30 23:00:00,25.3,22.5,85,23.30641793255994
4344,2022-07-01 00:00:00,24.8,22.5,87,23.09154312890733
4345,2022-07-01 01:00:00,24.7,22.6,88,23.12905382092215
4346,2022-07-01 02:00:00,25.0,22.9,88,23.42312732613657
4347,2022-07-01 03:00:00,24.9,23.0,89,23.460721325882854
4348,2022-07-01 04:00:00,24.4,22.8,91,23.23786836632849
4349,2022-07-01 05:00:00,23.5,22.5,94,22.745011578059245
4350,2022-07-01 06:00:00,22.9,22.1,96,22.409371160950283
4351,2022-07-01 07:00:00,22.7,20.8,89,21.298931818167052
4352,2022-07-01 08:00:00,23.5,22.1,92,22.481270747805734
4353,2022-07-01 09:00:00,24.0,21.8,87,22.309278402140833
4354,2022-07-01 10:00:00,24.6,22.1,86,22.760764786529844
4355,2022-07-01 11:00:00,25.1,22.2,84,22.975016698610155
4356,2022-07-01 12:00:00,27.0,23.0,79,24.106497030511296
4357,2022-07-01 13:00:00,28.0,23.2,75,24.476809177650935
4358,2022-07-01 14:00:00,28.4,23.2,73,24.556832237135545
4359,2022-07-01 15:00:00,29.2,23.8,73,25.30924434921925
4360,2022-07-01 16:00:00,30.0,24.1,71,25.751612610104797
4361,2022-07-01 17:00:00,30.0,24.0,70,25.59566236334207
4362,2022-07-01 18:00:00,29.8,23.6,69,25.253365991551796
4363,2022-07-01 19:00:00,28.8,23.9,75,25.233838244655963
4364,2022-07-01 20:00:00,28.0,24.2,80,25.209620976963805
4365,2022-07-01 21:00:00,26.6,24.4,87,24.85163544493022
4366,2022-07-01 22:00:00,26.9,23.8,83,24.580135385724162
4367,2022-07-01 23:00:00,26.4,23.9,86,24.516456537244405
4368,2022-07-02 00:00:00,25.8,24.2,91,24.620107418162082
4369,2022-07-02 01:00:00,25.5,24.4,94,24.733276501488593
4370,2022-07-02 02:00:00,25.3,24.2,94,24.53445022402502
4371,2022-07-02 03:00:00,25.4,24.3,94,24.633863368630703
4372,2022-07-02 04:00:00,25.2,24.2,94,24.435037067641975
4373,2022-07-02 05:00:00,25.0,24.0,94,24.236210719425056
4374,2022-07-02 06:00:00,24.8,23.9,95,24.17204127400362
4375,2022-07-02 07:00:00,22.7,19.6,83,20.515114084229786
4376,2022-07-02 08:00:00,23.8,20.5,82,21.445856944566877
4377,2022-07-02 09:00:00,25.2,21.9,81,22.659513491524276
4378,2022-07-02 10:00:00,27.1,23.0,79,24.202233258174704
4379,2022-07-02 11:00:00,28.6,24.0,76,25.193674653801775
4380,2022-07-02 12:00:00,30.2,24.7,72,26.09444855429526
4381,2022-07-02 13:00:00,31.6,24.0,64,26.105073376664805
4382,2022-07-02 14:00:00,32.8,23.2,57,25.98338320717547
4383,2022-07-02 15:00:00,32.8,22.4,55,25.62503324990093
4384,2022-07-02 16:00:00,31.1,23.0,62,25.318327350202967
4385,2022-07-02 17:00:00,28.9,23.6,74,25.178034408343542
4386,2022-07-02 18:00:00,29.2,23.6,72,25.15688206635173
4387,2022-07-02 19:00:00,28.6,25.0,81,25.93262434046119
4388,2022-07-02 20:00:00,28.8,24.8,79,25.829746604942713
4389,2022-07-02 21:00:00,28.1,24.8,82,25.596593863989686
4390,2022-07-02 22:00:00,27.9,25.0,85,25.835975514857473
4391,2022-07-02 23:00:00,27.5,24.9,85,25.44681343793442
4392,2022-07-03 00:00:00,27.1,24.8,87,25.34054918370028
4393,2022-07-03 01:00:00,26.8,24.8,89,25.32771606857092
4394,2022-07-03 02:00:00,26.5,24.6,90,25.172168368529245
4395,2022-07-03 03:00:00,26.1,24.5,91,24.91630117762493
4396,2022-07-03 04:00:00,25.9,24.4,91,24.718838683823336
4397,2022-07-03 05:00:00,25.6,24.4,93,24.69613880272373
4398,2022-07-03 06:00:00,25.2,24.3,95,24.570581835561075
4399,2022-07-03 07:00:00,25.9,24.8,94,25.13092891603002
4400,2022-07-03 08:00:00,27.0,25.2,90,25.664660270202106
4401,2022-07-03 09:00:00,28.5,25.0,81,25.83635663319142
4402,2022-07-03 10:00:00,29.8,24.2,72,25.71942218701984
4403,2022-07-03 11:00:00,31.0,23.4,64,25.557654270760114
4404,2022-07-03 12:00:00,32.0,22.7,58,25.4475770848118
4405,2022-07-03 13:00:00,32.8,22.3,54,25.443820188439812
4406,2022-07-03 14:00:00,33.5,22.0,51,25.49609414919944
4407,2022-07-03 15:00:00,33.7,21.8,50,25.477797890857794
4408,2022-07-03 16:00:00,33.5,22.0,51,25.49609414919944
4409,2022-07-03 17:00:00,33.2,22.0,52,25.424254986833812
4410,2022-07-03 18:00:00,32.2,22.4,56,25.27458000874017
4411,2022-07-03 19:00:00,31.0,23.6,65,25.72125842038611
4412,2022-07-03 20:00:00,30.0,23.6,69,25.439059221259743
4413,2022-07-03 21:00:00,29.0,24.2,76,25.5733190916518
4414,2022-07-03 22:00:00,28.0,24.4,80,25.209620976963805
4415,2022-07-03 23:00:00,27.3,24.5,85,25.252232315355368
4416,2022-07-04 00:00:00,26.6,24.6,89,25.13119052914079
4417,2022-07-04 01:00:00,25.9,24.7,93,24.993704357633607
4418,2022-07-04 02:00:00,25.7,24.8,95,25.068757278636607
4419,2022-07-04 03:00:00,25.5,24.9,96,25.005591156763533
4420,2022-07-04 04:00:00,25.4,24.8,97,25.04152594847719
4421,2022-07-04 05:00:00,25.2,24.7,97,24.841383245680422
4422,2022-07-04 06:00:00,25.1,24.6,97,24.741311877857445
4423,2022-07-04 07:00:00,26.5,26.1,98,26.280370631410367
4424,2022-07-04 08:00:00,27.1,26.0,93,26.183965514594796
4425,2022-07-04 09:00:00,28.5,25.6,84,26.274373022460857
4426,2022-07-04 10:00:00,29.5,25.2,78,26.349684663583233
4427,2022-07-04 11:00:00,30.8,24.9,71,26.499273168358094
4428,2022-07-04 12:00:00,31.1,24.8,69,26.460370524421897
4429,2022-07-04 13:00:00,32.2,24.5,64,26.652491658657382
4430,2022-07-04 14:00:00,33.0,24.0,59,26.51563172758746
4431,2022-07-04 15:00:00,33.1,23.6,58,26.428015715742504
4432,2022-07-04 16:00:00,33.5,23.0,54,26.05706439051363
4433,2022-07-04 17:00:00,33.5,22.3,52,25.684665522486004
4434,2022-07-04 18:00:00,32.9,22.6,55,25.713030575275056
4435,2022-07-04 19:00:00,31.8,23.9,63,26.120365471167695
4436,2022-07-04 20:00:00,30.6,24.1,68,25.83698195889522
4437,2022-07-04 21:00:00,29.4,24.6,76,25.95296325311993
4438,2022-07-04 22:00:00,28.2,25.0,83,25.838350730552364
4439,2022-07-04 23:00:00,27.5,25.1,87,25.73167993218587
4440,2022-07-05 00:00:00,27.0,25.1,90,25.664660270202106
4441,2022-07-05 01:00:00,26.6,25.0,91,25.40995719474566
4442,2022-07-05 02:00:00,26.2,25.0,93,25.29126980547337
4443,2022-07-05 03:00:00,26.0,24.8,93,25.092892852103557
4444,2022-07-05 04:00:00,25.8,24.5,93,24.894515851267048
4445,2022-07-05 05:00:00,25.4,24.4,94,24.633863368630703
4446,2022-07-05 06:00:00,25.0,24.2,95,24.371311577927347
4447,2022-07-05 07:00:00,25.8,24.8,94,25.031515829869644
4448,2022-07-05 08:00:00,27.4,24.9,87,25.63389726513402
4449,2022-07-05 09:00:00,29.0,24.8,78,25.87236146864669
4450,2022-07-05 10:00:00,30.3,24.1,70,25.875125325136963
4451,2022-07-05 11:00:00,31.3,23.4,63,25.665868387467604
4452,2022-07-05 12:00:00,32.2,23.1,59,25.79966329489037
4453,2022-07-05 13:00:00,33.3,22.8,54,25.881851912129687
4454,2022-07-05 14:00:00,34.2,22.2,50,25.90765415754013
4455,2022-07-05 15:00:00,34.6,21.8,47,25.655730575515275
4456,2022-07-05 16:00:00,34.8,21.4,46,25.62154125696204
4457,2022-07-05 17:00:00,34.7,21.0,45,25.332110477193783
4458,2022-07-05 18:00:00,33.6,21.4,49,25.199423513868716
4459,2022-07-05 19:00:00,31.9,23.0,59,25.531174700052038
4460,2022-07-05 20:00:00,31.0,23.2,63,25.393169851708297
4461,2022-07-05 21:00:00,29.6,23.9,71,25.377781867008917
4462,2022-07-05 22:00:00,28.4,24.5,79,25.44680271129854
4463,2022-07-05 23:00:00,27.6,24.7,84,25.40101563792773
4464,2022-07-06 00:00:00,27.2,24.8,87,25.43833189092637
4465,2022-07-06 01:00:00,26.7,24.8,89,25.22945330531144
4466,2022-07-06 02:00:00,26.5,24.8,90,25.172168368529245
4467,2022-07-06 03:00:00,26.2,24.7,91,25.015032405829288
4468,2022-07-06 04:00:00,26.1,24.6,92,25.05426667636875
4469,2022-07-06 05:00:00,25.9,24.6,93,24.993704357633607
4470,2022-07-06 06:00:00,25.6,24.6,94,24.832689622628155
4471,2022-07-06 07:00:00,26.2,24.9,93,25.29126980547337
4472,2022-07-06 08:00:00,27.8,25.0,85,25.73868501656289
4473,2022-07-06 09:00:00,29.5,24.6,75,25.896237738653447
4474,2022-07-06 10:00:00,31.0,23.8,65,25.72125842038611
4475,2022-07-06 11:00:00,32.1,23.0,59,25.710167123086666
4476,2022-07-06 12:00:00,32.0,23.4,60,25.7926344029309
4477,2022-07-06 13:00:00,32.1,23.4,60,25.8824899171494
4478,2022-07-06 14:00:00,31.6,23.2,61,25.602674182932546
4479,2022-07-06 15:00:00,28.5,24.0,76,25.098763500782713
4480,2022-07-06 16:00:00,31.0,24.3,68,26.20711834871764
4481,2022-07-06 17:00:00,31.9,23.7,62,26.04278369819904
4482,2022-07-06 18:00:00,31.5,23.1,61,25.512465025675844
4483,2022-07-06 19:00:00,28.8,24.9,80,25.97765001300987
4484,2022-07-06 20:00:00,29.4,25.1,78,26.254220056969302
4485,2022-07-06 21:00:00,28.9,24.9,79,25.92548253833619
4486,2022-07-06 22:00:00,28.5,24.2,78,25.39503786562359
4487,2022-07-06 23:00:00,27.8,24.5,82,25.307008505349135
4488,2022-07-07 00:00:00,27.2,24.5,85,25.15494173290528
4489,2022-07-07 01:00:00,26.9,24.5,87,25.144983728826904
4490,2022-07-07 02:00:00,26.5,24.5,89,25.032927740025453
4491,2022-07-07 03:00:00,26.2,24.5,90,24.876673076019678
4492,2022-07-07 04:00:00,26.0,24.3,90,24.679676150675046
4493,2022-07-07 05:00:00,25.8,24.1,91,24.620107418162082
4494,2022-07-07 06:00:00,25.5,24.1,92,24.46049913375888
4495,2022-07-07 07:00:00,26.0,24.8,93,25.092892852103557
4496,2022-07-07 08:00:00,27.5,25.1,87,25.73167993218587
4497,2022-07-07 09:00:00,29.2,24.8,77,25.913447454971635
4498,2022-07-07 10:00:00,30.9,24.5,69,26.274677741992353
4499,2022-07-07 11:00:00,29.8,23.5,69,25.253365991551796
4500,2022-07-07 12:00:00,31.0,23.5,64,25.557654270760114
4501,2022-07-07 13:00:00,32.8,23.2,57,25.98338320717547
4502,2022-07-07 14:00:00,33.5,23.2,55,26.241013912752674
4503,2022-07-07 15:00:00,34.3,23.5,53,26.569300917164426
4504,2022-07-07 16:00:00,33.8,23.1,54,26.31988288449506
4505,2022-07-07 17:00:00,31.7,24.6,66,26.527281707636046
4506,2022-07-07 18:00:00,32.8,23.2,57,25.98338320717547
4507,2022-07-07 19:00:00,29.2,25.1,79,26.212690243184504
4508,2022-07-07 20:00:00,30.4,25.4,75,26.747892971637103
4509,2022-07-07 21:00:00,30.1,23.5,68,25.37431100178583
4510,2022-07-07 22:00:00,29.0,24.0,74,25.272376441798073
4511,2022-07-07 23:00:00,28.1,24.1,79,25.159594621736343
4512,2022-07-08 00:00:00,27.5,24.4,83,25.160850471226638
4513,2022-07-08 01:00:00,27.1,24.8,87,25.34054918370028
4514,2022-07-08 02:00:00,26.7,24.9,90,25.369165166912584
4515,2022-07-08 03:00:00,26.2,25.0,93,25.29126980547337
4516,2022-07-08 04:00:00,26.0,24.9,94,25.230341990588943
4517,2022-07-08 05:00:00,25.6,24.9,95,24.96912221287965
4518,2022-07-08 06:00:00,25.5,24.8,96,25.005591156763533
4519,2022-07-08 07:00:00,26.4,25.4,94,25.6279941733882
4520,2022-07-08 08:00:00,27.8,25.5,88,26.167807489868352
4521,2022-07-08 09:00:00,29.3,25.3,79,26.30842611316993
4522,2022-07-08 10:00:00,30.4,25.1,73,26.437860278010653
4523,2022-07-08 11:00:00,31.8,24.5,65,26.453805101903164
4524,2022-07-08 12:00:00,33.1,23.8,58,26.428015715742504
4525,2022-07-08 13:00:00,34.0,23.4,54,26.495095065938546
4526,2022-07-08 14:00:00,34.8,22.9,50,26.423480573510513
4527,2022-07-08 15:00:00,35.3,22.6,48,26.452036467194937
4528,2022-07-08 16:00:00,35.7,22.8,48,26.792466216611256
4529,2022-07-08 17:00:00,35.7,22.8,48,26.792466216611256
4530,2022-07-08 18:00:00,35.0,22.5,49,26.39703283709099
4531,2022-07-08 19:00:00,34.0,22.4,51,25.928049802878213
4532,2022-07-08 20:00:00,33.0,21.5,51,25.064137667018898
4533,2022-07-08 21:00:00,31.5,21.8,56,24.655907100267765
4534,2022-07-08 22:00:00,30.2,22.2,62,24.503312060931385
4535,2022-07-08 23:00:00,29.4,22.9,68,24.726570770409293
4536,2022-07-09 00:00:00,28.6,23.5,74,24.89500819764855
4537,2022-07-09 01:00:00,28.1,23.8,77,24.86635940692182
4538,2022-07-09 02:00:00,27.8,23.9,80,25.01761356008782
4539,2022-07-09 03:00:00,27.4,24.0,81,24.77741083873557
4540,2022-07-09 04:00:00,27.0,24.0,84,24.81877673586873
4541,2022-07-09 05:00:00,26.8,24.1,86,24.906609632170106
4542,2022-07-09 06:00:00,26.6,24.2,87,24.85163544493022
4543,2022-07-09 07:00:00,27.0,24.5,86,25.10168609588793
4544,2022-07-09 08:00:00,28.7,24.7,79,25.73401065558679
4545,2022-07-09 09:00:00,30.1,24.4,71,25.845070247214053
4546,2022-07-09 10:00:00,31.7,23.9,63,26.02946610166583
4547,2022-07-09 11:00:00,33.1,23.0,55,25.889025137800754
4548,2022-07-09 12:00:00,34.7,22.0,48,25.94139080279129
4549,2022-07-09 13:00:00,35.8,21.4,43,25.825615446323333
4550,2022-07-09 14:00:00,36.5,21.0,41,25.960299986151018
4551,2022-07-09 15:00:00,37.2,21.0,39,26.069365533631338
4552,2022-07-09 16:00:00,37.5,21.0,38,26.07355473258105
4553,2022-07-09 17:00:00,37.5,20.9,38,26.07355473258105
4554,2022-07-09 18:00:00,37.0,20.5,38,25.67234586471283
4555,2022-07-09 19:00:00,36.2,21.0,41,25.71487611559958
4556,2022-07-09 20:00:00,33.8,23.0,53,26.133259813400173
4557,2022-07-09 21:00:00,32.7,23.1,57,25.894623894762216
4558,2022-07-09 22:00:00,32.0,23.1,60,25.7926344029309
4559,2022-07-09 23:00:00,30.8,22.8,62,25.046655813026288
4560,2022-07-10 00:00:00,29.8,22.8,66,24.781271916259946
4561,2022-07-10 01:00:00,29.1,23.4,71,24.910492995781762
4562,2022-07-10 02:00:00,28.7,23.6,74,24.98935028632249
4563,2022-07-10 03:00:00,28.4,23.9,77,25.151929078541375
4564,2022-07-10 04:00:00,28.0,24.1,79,25.063858559388002
4565,2022-07-10 05:00:00,27.8,24.4,82,25.307008505349135
4566,2022-07-10 06:00:00,27.6,24.6,84,25.40101563792773
4567,2022-07-10 07:00:00,26.1,24.5,91,24.91630117762493
4568,2022-07-10 08:00:00,26.4,24.2,88,24.795468717114034
4569,2022-07-10 09:00:00,27.9,24.4,82,25.403536973280502
4570,2022-07-10 10:00:00,28.7,24.1,76,25.2885857893483
4571,2022-07-10 11:00:00,29.7,23.7,70,25.31619922158155
4572,2022-07-10 12:00:00,32.8,22.5,55,25.62503324990093
4573,2022-07-10 13:00:00,34.0,21.6,49,25.54159830059774
4574,2022-07-10 14:00:00,35.8,21.1,43,25.825615446323333
4575,2022-07-10 15:00:00,36.8,21.0,40,25.977506481422626
4576,2022-07-10 16:00:00,37.5,20.6,38,26.07355473258105
4577,2022-07-10 17:00:00,37.8,20.4,36,25.82437012216728
4578,2022-07-10 18:00:00,37.9,19.9,35,25.652435329783675
4579,2022-07-10 19:00:00,33.6,24.6,59,27.0526069712169
4580,2022-07-10 20:00:00,31.4,23.7,64,25.922600433676596
4581,2022-07-10 21:00:00,32.0,24.3,64,26.470018988585515
4582,2022-07-10 22:00:00,32.0,23.5,61,25.963510560948052
4583,2022-07-10 23:00:00,30.7,23.0,64,25.28394440394756
4584,2022-07-11 00:00:00,29.6,24.4,73,25.685449953902573
4585,2022-07-11 01:00:00,29.2,24.5,76,25.763141206736588
4586,2022-07-11 02:00:00,28.9,24.5,77,25.627878190328378
4587,2022-07-11 03:00:00,28.5,24.4,78,25.39503786562359
4588,2022-07-11 04:00:00,28.0,24.4,81,25.355017867546064
4589,2022-07-11 05:00:00,27.7,24.1,81,25.066214423203
4590,2022-07-11 06:00:00,27.5,24.0,81,24.87367871586583
4591,2022-07-11 07:00:00,25.5,23.6,90,24.18718361253367
4592,2022-07-11 08:00:00,26.5,24.5,89,25.032927740025453
4593,2022-07-11 09:00:00,27.9,25.4,86,25.979529500819392
4594,2022-07-11 10:00:00,30.8,25.1,72,26.656987544320028
4595,2022-07-11 11:00:00,33.3,23.1,55,26.065019583362343
4596,2022-07-11 12:00:00,35.0,22.2,48,26.19671379235075
4597,2022-07-11 13:00:00,36.4,21.8,43,26.322405346921347
4598,2022-07-11 14:00:00,37.5,21.0,39,26.311690269033463
4599,2022-07-11 15:00:00,37.8,20.5,37,26.07111793054677
4600,2022-07-11 16:00:00,38.3,20.4,35,25.96671102394495
4601,2022-07-11 17:00:00,38.5,20.0,34,25.865324142759405
4602,2022-07-11 18:00:00,36.3,20.8,40,25.57102118305482
4603,2022-07-11 19:00:00,35.0,22.6,49,26.39703283709099
4604,2022-07-11 20:00:00,33.8,23.2,54,26.31988288449506
4605,2022-07-11 21:00:00,33.0,22.5,54,25.619032968903607
4606,2022-07-11 22:00:00,31.2,24.2,66,26.067806216018294
4607,2022-07-11 23:00:00,30.0,25.2,76,26.5224289839496
4608,2022-07-12 00:00:00,29.2,25.3,80,26.361664157015
4609,2022-07-12 01:00:00,28.9,25.3,81,26.2214273713029
4610,2022-07-12 02:00:00,28.7,25.2,81,26.028892032542053
4611,2022-07-12 03:00:00,28.5,25.0,81,25.83635663319142
4612,2022-07-12 04:00:00,28.1,24.9,83,25.741565023164114
4613,2022-07-12 05:00:00,27.9,24.9,84,25.692134894207598
4614,2022-07-12 06:00:00,27.6,24.9,85,25.544103978138544
4615,2022-07-12 07:00:00,27.9,25.0,84,25.692134894207598
4616,2022-07-12 08:00:00,28.5,25.1,82,25.982707465937832
4617,2022-07-12 09:00:00,28.4,25.0,82,25.88617908778298
4618,2022-07-12 10:00:00,30.2,24.6,72,26.09444855429526
4619,2022-07-12 11:00:00,32.3,23.4,59,25.889159440334296
4620,2022-07-12 12:00:00,34.8,21.8,47,25.825058040784565
4621,2022-07-12 13:00:00,36.0,21.1,42,25.772580945322243
4622,2022-07-12 14:00:00,36.8,21.0,40,25.977506481422626
4623,2022-07-12 15:00:00,35.3,21.4,44,25.62431655763341
4624,2022-07-12 16:00:00,30.8,23.7,66,25.700225431185615
4625,2022-07-12 17:00:00,31.5,24.3,66,26.343491575776916
4626,2022-07-12 18:00:00,32.2,24.2,63,26.483962715216936
4627,2022-07-12 19:00:00,28.5,25.2,83,26.12870776561727
4628,2022-07-12 20:00:00,29.9,25.1,76,26.427518071063577
4629,2022-07-12 21:00:00,30.0,25.1,76,26.5224289839496
4630,2022-07-12 22:00:00,29.6,25.5,78,26.44514925410072
4631,2022-07-12 23:00:00,29.8,25.5,78,26.636078387025545
4632,2022-07-13 00:00:00,29.1,25.1,79,26.116954357413004
4633,2022-07-13 01:00:00,28.5,25.3,83,26.12870776561727
4634,2022-07-13 02:00:00,28.0,25.4,85,25.933265999256363
4635,2022-07-13 03:00:00,27.6,25.3,87,25.829462585916385
4636,2022-07-13 04:00:00,27.2,25.2,89,25.72076699316383
4637,2022-07-13 05:00:00,26.9,25.1,90,25.566161914967317
4638,2022-07-13 06:00:00,26.5,25.1,92,25.45011146155967
4639,2022-07-13 07:00:00,28.1,26.0,88,26.461879752488272
4640,2022-07-13 08:00:00,28.9,25.4,82,26.368820830749858
4641,2022-07-13 09:00:00,30.0,25.0,75,26.369379707659448
4642,2022-07-13 10:00:00,31.6,24.4,66,26.43538665246023
4643,2022-07-13 11:00:00,33.0,23.8,59,26.51563172758746
4644,2022-07-13 12:00:00,34.0,23.5,55,26.680999233117948
4645,2022-07-13 13:00:00,35.0,22.8,49,26.39703283709099
4646,2022-07-13 14:00:00,35.3,22.6,48,26.452036467194937
4647,2022-07-13 15:00:00,32.3,23.2,59,25.889159440334296
4648,2022-07-13 16:00:00,33.2,23.0,55,25.97702237515234
4649,2022-07-13 17:00:00,33.7,22.6,52,25.85827238611607
4650,2022-07-13 18:00:00,33.7,22.5,52,25.85827238611607
4651,2022-07-13 19:00:00,33.2,23.1,56,26.15839598055756
4652,2022-07-13 20:00:00,31.9,22.6,58,25.358446137419286
4653,2022-07-13 21:00:00,30.7,22.9,63,25.12047109928084
4654,2022-07-13 22:00:00,29.5,23.3,69,24.974825991331016
4655,2022-07-13 23:00:00,28.7,23.3,73,24.83898692146454
4656,2022-07-14 00:00:00,28.0,23.4,76,24.62420747183553
4657,2022-07-14 01:00:00,27.5,23.8,80,24.729602314943865
4658,2022-07-14 02:00:00,27.0,24.1,84,24.81877673586873
4659,2022-07-14 03:00:00,26.8,24.3,86,24.906609632170106
4660,2022-07-14 04:00:00,26.5,24.5,89,25.032927740025453
4661,2022-07-14 05:00:00,26.4,24.5,89,24.934664937931768
4662,2022-07-14 06:00:00,26.0,24.6,93,25.092892852103557
4663,2022-07-14 07:00:00,24.5,22.0,86,22.663226217641782
4664,2022-07-14 08:00:00,23.9,22.3,91,22.744210948778104
4665,2022-07-14 09:00:00,23.8,21.5,87,22.113712075018803
4666,2022-07-14 10:00:00,24.0,22.2,90,22.709704034247675
4667,2022-07-14 11:00:00,25.5,22.6,84,23.36317715884869
4668,2022-07-14 12:00:00,27.8,23.2,76,24.434384936176908
4669,2022-07-14 13:00:00,29.4,23.1,69,24.881979282828652
4670,2022-07-14 14:00:00,30.5,23.1,65,25.263416012171163
4671,2022-07-14 15:00:00,31.4,23.1,62,25.58999866436788
4672,2022-07-14 16:00:00,28.3,23.4,75,24.760695213570095
4673,2022-07-14 17:00:00,28.8,23.4,73,24.93303844481243
4674,2022-07-14 18:00:00,28.7,23.3,73,24.83898692146454
4675,2022-07-14 19:00:00,26.0,23.1,85,23.987453628286733
4676,2022-07-14 20:00:00,25.9,23.6,88,24.305347097339506
4677,2022-07-14 21:00:00,25.3,23.4,89,23.85377324858928
4678,2022-07-14 22:00:00,25.5,23.8,90,24.18718361253367
4679,2022-07-14 23:00:00,25.6,24.0,91,24.422644849157766
4680,2022-07-15 00:00:00,25.5,24.2,93,24.59695026048654
4681,2022-07-15 01:00:00,25.3,24.1,93,24.39857313992925
4682,2022-07-15 02:00:00,25.0,24.2,96,24.506318681246437
4683,2022-07-15 03:00:00,24.6,23.5,94,23.838557880351015
4684,2022-07-15 04:00:00,24.5,23.5,94,23.739144640690267
4685,2022-07-15 05:00:00,24.4,23.6,96,23.907191337808293
4686,2022-07-15 06:00:00,24.5,23.7,95,23.873135730815928
4687,2022-07-15 07:00:00,24.6,23.8,95,23.972770923557707
4688,2022-07-15 08:00:00,24.9,24.0,95,24.271676431766206
4689,2022-07-15 09:00:00,26.0,24.0,89,24.541613599096525
4690,2022-07-15 10:00:00,27.7,23.9,80,24.92160982772833
4691,2022-07-15 11:00:00,29.5,23.2,69,24.974825991331016
4692,2022-07-15 12:00:00,31.0,22.5,61,25.061418858783476
4693,2022-07-15 13:00:00,31.9,22.0,56,25.009434653386965
4694,2022-07-15 14:00:00,32.9,21.5,51,24.977746269859338
4695,2022-07-15 15:00:00,33.3,20.0,45,24.159610750953302
4696,2022-07-15 16:00:00,28.8,23.0,71,24.630119434285195
4697,2022-07-15 17:00:00,31.2,21.8,57,24.56323083130106
4698,2022-07-15 18:00:00,31.3,20.9,54,24.1297203773266
4699,2022-07-15 19:00:00,27.8,23.1,76,24.434384936176908
4700,2022-07-15 20:00:00,26.8,23.0,80,24.057575510785554
4701,2022-07-15 21:00:00,26.0,23.0,83,23.709061737763808
4702,2022-07-15 22:00:00,25.7,23.0,85,23.69558127578561
4703,2022-07-15 23:00:00,25.5,23.1,87,23.77602401285465
4704,2022-07-16 00:00:00,25.2,23.1,88,23.619176260256992
4705,2022-07-16 01:00:00,25.0,23.1,89,23.558984326770084
4706,2022-07-16 02:00:00,25.0,23.3,91,23.830256838351783
4707,2022-07-16 03:00:00,24.7,23.6,94,23.937971108024644
4708,2022-07-16 04:00:00,24.8,23.8,94,24.03738432374144
4709,2022-07-16 05:00:00,24.5,23.9,96,24.00704592352611
4710,2022-07-16 06:00:00,24.9,23.9,94,24.136797527531552
4711,2022-07-16 07:00:00,25.2,24.0,93,24.2993845615481
4712,2022-07-16 08:00:00,24.0,23.0,95,23.374959590741316
4713,2022-07-16 09:00:00,24.8,22.8,89,23.362458311462685
4714,2022-07-16 10:00:00,25.0,22.8,88,23.42312732613657
4715,2022-07-16 11:00:00,26.2,22.9,82,23.762550935544887
4716,2022-07-16 12:00:00,28.6,23.7,75,25.044581086223992
4717,2022-07-16 13:00:00,30.8,23.4,65,25.53812152539946
4718,2022-07-16 14:00:00,32.1,22.2,56,25.186198252896613
4719,2022-07-16 15:00:00,33.2,21.1,49,24.857248159473908
4720,2022-07-16 16:00:00,33.4,20.8,48,24.834987459787563
4721,2022-07-16 17:00:00,33.7,20.8,47,24.893755144474138
4722,2022-07-16 18:00:00,32.7,21.3,51,24.80496337385425
4723,2022-07-16 19:00:00,31.5,22.7,60,25.343356444982007
4724,2022-07-16 20:00:00,30.1,22.5,64,24.73652403259739
4725,2022-07-16 21:00:00,29.2,23.6,72,25.15688206635173
4726,2022-07-16 22:00:00,29.0,23.2,71,24.817035161965627
4727,2022-07-16 23:00:00,28.5,24.1,77,25.24711893486076
4728,2022-07-17 00:00:00,27.8,24.6,83,25.451207813349306
4729,2022-07-17 01:00:00,27.2,24.8,87,25.43833189092637
4730,2022-07-17 02:00:00,26.8,24.6,88,25.1875657723066
4731,2022-07-17 03:00:00,26.4,24.5,89,24.934664937931768
4732,2022-07-17 04:00:00,26.0,24.4,91,24.817569936966933
4733,2022-07-17 05:00:00,25.5,24.2,93,24.59695026048654
4734,2022-07-17 06:00:00,25.0,24.1,95,24.371311577927347
4735,2022-07-17 07:00:00,25.6,23.8,90,24.28568214598439
4736,2022-07-17 08:00:00,27.2,24.1,83,24.87049299571567
4737,2022-07-17 09:00:00,28.8,24.2,76,25.383496907472296
4738,2022-07-17 10:00:00,30.4,23.7,67,25.492656277539158
4739,2022-07-17 11:00:00,32.2,22.5,57,25.450826915270046
4740,2022-07-17 12:00:00,33.7,21.0,47,24.893755144474138
4741,2022-07-17 13:00:00,34.6,19.5,41,24.40594208729006
4742,2022-07-17 14:00:00,35.3,19.1,39,24.534632561817396
4743,2022-07-17 15:00:00,35.9,19.4,38,24.789682150995677
4744,2022-07-17 16:00:00,35.0,19.5,40,24.514154084763003
4745,2022-07-17 17:00:00,34.2,20.1,44,24.70824719423192
4746,2022-07-17 18:00:00,32.1,22.6,57,25.362067435230664
4747,2022-07-17 19:00:00,31.1,22.3,60,24.98393360930022
4748,2022-07-17 20:00:00,30.6,23.3,65,25.35498453944228
4749,2022-07-17 21:00:00,30.3,22.1,62,24.59386941624488
4750,2022-07-17 22:00:00,29.6,23.0,67,24.75491829893742
4751,2022-07-17 23:00:00,28.8,24.3,77,25.532688401836676
4752,2022-07-18 00:00:00,28.1,24.5,81,25.4512856513881
4753,2022-07-18 01:00:00,27.6,24.6,84,25.40101563792773
4754,2022-07-18 02:00:00,27.3,24.6,85,25.252232315355368
4755,2022-07-18 03:00:00,26.9,24.5,87,25.144983728826904
4756,2022-07-18 04:00:00,26.4,24.3,88,24.795468717114034
4757,2022-07-18 05:00:00,26.0,24.1,89,24.541613599096525
4758,2022-07-18 06:00:00,25.7,24.0,90,24.38418066649041
4759,2022-07-18 07:00:00,26.0,24.2,90,24.679676150675046
4760,2022-07-18 08:00:00,27.8,24.1,80,25.01761356008782
4761,2022-07-18 09:00:00,29.4,24.0,73,25.49734718880685
4762,2022-07-18 10:00:00,31.0,23.1,63,25.393169851708297
4763,2022-07-18 11:00:00,32.5,22.4,55,25.361041096123753
4764,2022-07-18 12:00:00,34.0,21.6,49,25.54159830059774
4765,2022-07-18 13:00:00,35.1,20.9,44,25.457758858400208
4766,2022-07-18 14:00:00,35.7,20.4,41,25.30583545998313
4767,2022-07-18 15:00:00,36.3,19.8,38,25.11065145384885
4768,2022-07-18 16:00:00,37.0,19.2,36,25.19125507130921
4769,2022-07-18 17:00:00,36.7,18.5,34,24.461580125683525
4770,2022-07-18 18:00:00,35.3,19.2,39,24.534632561817396
4771,2022-07-18 19:00:00,33.0,21.8,52,25.25064780160908
4772,2022-07-18 20:00:00,31.5,22.5,59,25.173189533816835
4773,2022-07-18 21:00:00,30.4,22.8,64,25.01023432523544
4774,2022-07-18 22:00:00,29.1,23.6,72,25.06312531237916
4775,2022-07-18 23:00:00,28.4,24.1,78,25.299573095542367
4776,2022-07-19 00:00:00,28.0,24.1,80,25.209620976963805
4777,2022-07-19 01:00:00,27.6,24.0,81,24.969946577340572
4778,2022-07-19 02:00:00,27.4,24.0,82,24.920894482148817
4779,2022-07-19 03:00:00,27.1,24.1,83,24.77370714071506
4780,2022-07-19 04:00:00,27.0,24.1,84,24.81877673586873
4781,2022-07-19 05:00:00,26.9,24.1,85,24.86306990045894
4782,2022-07-19 06:00:00,26.7,24.1,86,24.809071379430666
4783,2022-07-19 07:00:00,27.5,24.9,86,25.589377013293134
4784,2022-07-19 08:00:00,28.7,24.6,79,25.73401065558679
4785,2022-07-19 09:00:00,30.0,24.4,72,25.90693540834334
4786,2022-07-19 10:00:00,31.6,23.8,63,25.938566708619785
4787,2022-07-19 11:00:00,33.2,22.5,53,25.61000947872968
4788,2022-07-19 12:00:00,34.8,21.8,47,25.825058040784565
4789,2022-07-19 13:00:00,35.9,21.0,42,25.69027258998679
4790,2022-07-19 14:00:00,36.5,20.2,39,25.503939561072347
4791,2022-07-19 15:00:00,37.2,20.0,37,25.592938086911413
4792,2022-07-19 16:00:00,37.0,19.2,36,25.19125507130921
4793,2022-07-19 17:00:00,36.2,19.3,37,24.795967744037068
4794,2022-07-19 18:00:00,35.5,19.2,39,24.69618420675042
4795,2022-07-19 19:00:00,33.2,22.0,52,25.424254986833812
4796,2022-07-19 20:00:00,31.6,22.2,58,25.091053129754922
4797,2022-07-19 21:00:00,30.5,22.6,63,24.93867180959492
4798,2022-07-19 22:00:00,29.5,23.4,70,25.129890359623207
4799,2022-07-19 23:00:00,28.8,24.4,77,25.532688401836676
4800,2022-07-20 00:00:00,28.2,24.6,81,25.547553419831473
4801,2022-07-20 01:00:00,27.9,24.8,83,25.547993564602095
4802,2022-07-20 02:00:00,27.6,24.8,84,25.40101563792773
4803,2022-07-20 03:00:00,27.3,24.6,85,25.252232315355368
4804,2022-07-20 04:00:00,27.0,24.4,86,25.10168609588793
4805,2022-07-20 05:00:00,26.8,24.2,86,24.906609632170106
4806,2022-07-20 06:00:00,26.6,24.3,87,24.85163544493022
4807,2022-07-20 07:00:00,27.8,25.0,85,25.73868501656289
4808,2022-07-20 08:00:00,29.2,24.7,77,25.913447454971635
4809,2022-07-20 09:00:00,30.6,24.5,70,26.15458810857605
4810,2022-07-20 10:00:00,32.3,24.0,62,26.405011290073116
4811,2022-07-20 11:00:00,34.0,22.9,52,26.11868244358816
4812,2022-07-20 12:00:00,35.8,21.1,43,25.825615446323333
4813,2022-07-20 13:00:00,36.7,20.3,39,25.665490068482466
4814,2022-07-20 14:00:00,36.9,20.0,37,25.353847507047373
4815,2022-07-20 15:00:00,37.3,20.0,37,25.67263484872185
4816,2022-07-20 16:00:00,37.1,20.3,38,25.7525877323147
4817,2022-07-20 17:00:00,35.1,21.6,46,25.87417444482044
4818,2022-07-20 18:00:00,33.8,22.4,51,25.755267639889162
4819,2022-07-20 19:00:00,33.2,23.5,57,26.338420181629292
4820,2022-07-20 20:00:00,31.7,23.9,63,26.02946610166583
4821,2022-07-20 21:00:00,30.6,24.0,68,25.83698195889522
4822,2022-07-20 22:00:00,29.7,24.2,73,25.779501308651962
4823,2022-07-20 23:00:00,29.0,24.9,79,26.021218455811564
4824,2022-07-21 00:00:00,28.2,25.1,83,25.838350730552364
4825,2022-07-21 01:00:00,27.9,25.0,85,25.835975514857473
4826,2022-07-21 02:00:00,27.5,24.8,85,25.44681343793442
4827,2022-07-21 03:00:00,27.1,24.5,85,25.057651136297814
4828,2022-07-21 04:00:00,26.8,24.4,87,25.0472009811086
4829,2022-07-21 05:00:00,26.5,24.3,88,24.893493000859365
4830,2022-07-21 06:00:00,25.9,24.2,91,24.718838683823336
4831,2022-07-21 07:00:00,26.5,24.5,89,25.032927740025453
4832,2022-07-21 08:00:00,28.0,24.7,82,25.500065426147007
4833,2022-07-21 09:00:00,30.0,24.8,74,26.21579577858507
4834,2022-07-21 10:00:00,31.4,24.3,66,26.251596477519872
4835,2022-07-21 11:00:00,32.8,23.8,59,26.336639775171964
4836,2022-07-21 12:00:00,34.2,23.2,53,26.482092756931042
4837,2022-07-21 13:00:00,35.1,22.4,48,26.281821385432227
4838,2022-07-21 14:00:00,36.2,22.0,44,26.373824236868142
4839,2022-07-21 15:00:00,36.6,21.8,42,26.266430198206095
4840,2022-07-21 16:00:00,35.9,21.6,44,26.12398869790282
4841,2022-07-21 17:00:00,34.8,21.5,46,25.62154125696204
4842,2022-07-21 18:00:00,34.5,21.7,47,25.571066787750386
4843,2022-07-21 19:00:00,32.4,24.0,61,26.32434654121488
4844,2022-07-21 20:00:00,32.0,23.4,60,25.7926344029309
4845,2022-07-21 21:00:00,30.6,24.1,68,25.83698195889522
4846,2022-07-21 22:00:00,29.6,24.4,74,25.838428260092275
4847,2022-07-21 23:00:00,29.0,24.4,76,25.5733190916518
4848,2022-07-22 00:00:00,28.5,24.5,79,25.542538708809456
4849,2022-07-22 01:00:00,28.0,24.7,83,25.64477930119384
4850,2022-07-22 02:00:00,27.6,24.7,84,25.40101563792773
4851,2022-07-22 03:00:00,27.3,24.6,85,25.252232315355368
4852,2022-07-22 04:00:00,27.0,24.5,86,25.10168609588793
4853,2022-07-22 05:00:00,26.5,24.5,89,25.032927740025453
4854,2022-07-22 06:00:00,26.0,24.5,91,24.817569936966933
4855,2022-07-22 07:00:00,26.7,26.0,96,26.203843967257825
4856,2022-07-22 08:00:00,27.8,26.0,90,26.45264666526962
4857,2022-07-22 09:00:00,29.1,25.2,80,26.265660644154174
4858,2022-07-22 10:00:00,30.5,24.5,71,26.218900602718033
4859,2022-07-22 11:00:00,31.8,23.9,63,26.120365471167695
4860,2022-07-22 12:00:00,32.7,23.4,58,26.071492953652086
4861,2022-07-22 13:00:00,34.0,22.5,51,25.928049802878213
4862,2022-07-22 14:00:00,34.5,21.8,48,25.77117529988139
4863,2022-07-22 15:00:00,31.2,23.8,65,25.904395224969537
4864,2022-07-22 16:00:00,32.3,23.0,58,25.71496976278516
4865,2022-07-22 17:00:00,32.0,21.9,55,24.92105357485414
4866,2022-07-22 18:00:00,33.5,21.0,48,24.920095627906758
4867,2022-07-22 19:00:00,29.5,24.2,73,25.591398580638945
4868,2022-07-22 20:00:00,28.9,24.4,77,25.627878190328378
4869,2022-07-22 21:00:00,28.3,24.6,80,25.49763198333287
4870,2022-07-22 22:00:00,28.0,24.5,81,25.355017867546064
4871,2022-07-22 23:00:00,27.8,24.4,82,25.307008505349135
4872,2022-07-23 00:00:00,27.0,24.3,85,24.960360525495048
4873,2022-07-23 01:00:00,27.0,24.5,86,25.10168609588793
4874,2022-07-23 02:00:00,27.0,24.0,84,24.81877673586873
4875,2022-07-23 03:00:00,26.7,23.6,83,24.386563570473644
4876,2022-07-23 04:00:00,26.2,23.5,85,24.18203512344727
4877,2022-07-23 05:00:00,25.5,23.5,89,24.05029912945299
4878,2022-07-23 06:00:00,25.0,23.6,92,23.965692509542087
4879,2022-07-23 07:00:00,25.6,24.2,92,24.559460421495128
4880,2022-07-23 08:00:00,25.7,24.4,92,24.658421696935893
4881,2022-07-23 09:00:00,25.0,23.2,90,23.694690749927872
4882,2022-07-23 10:00:00,27.0,24.0,83,24.676921270731526
4883,2022-07-23 11:00:00,28.7,24.2,77,25.437498596460173
4884,2022-07-23 12:00:00,30.9,23.7,66,25.792120660291324
4885,2022-07-23 13:00:00,32.0,23.6,61,25.963510560948052
4886,2022-07-23 14:00:00,32.7,23.8,59,26.247143760236813
4887,2022-07-23 15:00:00,29.9,23.7,69,25.34621261674106
4888,2022-07-23 16:00:00,32.2,23.2,59,25.79966329489037
4889,2022-07-23 17:00:00,32.3,22.8,57,25.539586367136835
4890,2022-07-23 18:00:00,31.9,23.2,60,25.702778863034215
4891,2022-07-23 19:00:00,27.0,24.1,84,24.81877673586873
4892,2022-07-23 20:00:00,28.2,24.5,80,25.40162833034388
4893,2022-07-23 21:00:00,28.5,25.0,81,25.83635663319142
4894,2022-07-23 22:00:00,28.1,25.4,85,26.030556469796412
4895,2022-07-23 23:00:00,27.5,25.5,89,26.015555052667278
4896,2022-07-24 00:00:00,27.2,25.2,89,25.72076699316383
4897,2022-07-24 01:00:00,26.9,25.0,89,25.42597881895266
4898,2022-07-24 02:00:00,26.6,24.9,90,25.270666774028175
4899,2022-07-24 03:00:00,26.2,24.8,92,25.153227890799634
4900,2022-07-24 04:00:00,25.9,24.7,93,24.993704357633607
4901,2022-07-24 05:00:00,25.6,24.6,94,24.832689622628155
4902,2022-07-24 06:00:00,25.7,24.6,94,24.932102732078743
4903,2022-07-24 07:00:00,24.8,23.2,91,23.632794065944385
4904,2022-07-24 08:00:00,25.3,23.1,88,23.71720070662062
4905,2022-07-24 09:00:00,27.2,24.0,83,24.87049299571567
4906,2022-07-24 10:00:00,28.7,24.0,76,25.2885857893483
4907,2022-07-24 11:00:00,30.3,24.5,71,26.031985463438392
4908,2022-07-24 12:00:00,31.4,24.4,66,26.251596477519872
4909,2022-07-24 13:00:00,32.5,24.5,63,26.756660404655292
4910,2022-07-24 14:00:00,33.4,24.1,58,26.695407509311657
4911,2022-07-24 15:00:00,34.1,23.5,54,26.582701112599132
4912,2022-07-24 16:00:00,34.6,23.0,51,26.446395514108197
4913,2022-07-24 17:00:00,34.3,22.7,51,26.187222803464294
4914,2022-07-24 18:00:00,31.8,23.5,62,25.952226740045067
4915,2022-07-24 19:00:00,28.2,23.1,74,24.51763965726702
4916,2022-07-24 20:00:00,28.6,23.9,76,25.193674653801775
4917,2022-07-24 21:00:00,28.5,24.6,79,25.542538708809456
4918,2022-07-24 22:00:00,28.5,25.0,81,25.83635663319142
4919,2022-07-24 23:00:00,28.0,25.1,84,25.78917461770667
4920,2022-07-25 00:00:00,27.6,25.2,87,25.829462585916385
4921,2022-07-25 01:00:00,27.2,25.1,88,25.5796626160219
4922,2022-07-25 02:00:00,26.9,25.0,90,25.566161914967317
4923,2022-07-25 03:00:00,26.5,24.9,91,25.311226016038464
4924,2022-07-25 04:00:00,26.0,24.7,92,24.95530544979787
4925,2022-07-25 05:00:00,25.6,24.6,94,24.832689622628155
4926,2022-07-25 06:00:00,25.5,24.5,94,24.733276501488593
4927,2022-07-25 07:00:00,25.6,24.9,95,24.96912221287965
4928,2022-07-25 08:00:00,27.1,25.0,88,25.481638424798504
4929,2022-07-25 09:00:00,29.0,24.9,79,26.021218455811564
4930,2022-07-25 10:00:00,30.2,24.2,70,25.781971024435077
4931,2022-07-25 11:00:00,31.6,23.3,61,25.602674182932546
4932,2022-07-25 12:00:00,32.7,22.6,55,25.537035894985188
4933,2022-07-25 13:00:00,33.7,21.9,50,25.477797890857794
4934,2022-07-25 14:00:00,34.5,21.6,47,25.571066787750386
4935,2022-07-25 15:00:00,34.2,21.3,47,25.317075202305656
4936,2022-07-25 16:00:00,33.1,22.2,53,25.52280098098751
4937,2022-07-25 17:00:00,33.5,22.0,51,25.49609414919944
4938,2022-07-25 18:00:00,33.4,21.2,49,25.02833590814612
4939,2022-07-25 19:00:00,32.3,21.5,53,24.82513186206381
4940,2022-07-25 20:00:00,30.9,22.2,60,24.804222033125612
4941,2022-07-25 21:00:00,29.5,22.9,67,24.662700952509272
4942,2022-07-25 22:00:00,28.5,23.4,74,24.80066609046037
4943,2022-07-25 23:00:00,27.8,23.6,78,24.726784124791116
4944,2022-07-26 00:00:00,27.4,24.0,82,24.920894482148817
4945,2022-07-26 01:00:00,27.2,24.2,84,25.012856427955192
4946,2022-07-26 02:00:00,26.9,24.4,86,25.00414787097687
4947,2022-07-26 03:00:00,26.3,24.5,90,24.975171519557673
4948,2022-07-26 04:00:00,25.9,24.5,92,24.85634421105611
4949,2022-07-26 05:00:00,25.5,24.5,94,24.733276501488593
4950,2022-07-26 06:00:00,25.5,24.5,94,24.733276501488593
4951,2022-07-26 07:00:00,26.5,25.5,94,25.727407190372592
4952,2022-07-26 08:00:00,27.6,25.3,87,25.829462585916385
4953,2022-07-26 09:00:00,28.8,25.1,80,25.97765001300987
4954,2022-07-26 10:00:00,30.0,24.9,74,26.21579577858507
4955,2022-07-26 11:00:00,31.1,24.7,69,26.460370524421897
4956,2022-07-26 12:00:00,32.5,24.0,61,26.414555474731486
4957,2022-07-26 13:00:00,33.4,23.9,58,26.695407509311657
4958,2022-07-26 14:00:00,34.2,23.6,54,26.670307130018802
4959,2022-07-26 15:00:00,34.8,23.0,50,26.423480573510513
4960,2022-07-26 16:00:00,34.2,22.5,51,26.100831835635958
4961,2022-07-26 17:00:00,33.4,22.3,52,25.597862042742037
4962,2022-07-26 18:00:00,32.9,22.4,54,25.531426593906144
4963,2022-07-26 19:00:00,31.1,22.9,61,25.15162814318526
4964,2022-07-26 20:00:00,30.8,22.9,63,25.211370707625875
4965,2022-07-26 21:00:00,29.8,23.2,68,25.09670817386934
4966,2022-07-26 22:00:00,29.1,23.9,74,25.366718456953205
4967,2022-07-26 23:00:00,28.6,24.1,77,25.342308774150922
4968,2022-07-27 00:00:00,28.3,24.1,78,25.20410830886036
4969,2022-07-27 01:00:00,28.1,24.1,79,25.159594621736343
4970,2022-07-27 02:00:00,27.7,24.0,81,25.066214423203
4971,2022-07-27 03:00:00,27.4,24.0,82,24.920894482148817
4972,2022-07-27 04:00:00,27.0,24.1,84,24.81877673586873
4973,2022-07-27 05:00:00,26.6,24.0,86,24.711533112721423
4974,2022-07-27 06:00:00,26.6,24.0,86,24.711533112721423
4975,2022-07-27 07:00:00,25.9,24.4,91,24.718838683823336
4976,2022-07-27 08:00:00,26.8,24.5,87,25.0472009811086
4977,2022-07-27 09:00:00,28.4,24.4,79,25.44680271129854
4978,2022-07-27 10:00:00,29.9,24.3,72,25.81317880713077
4979,2022-07-27 11:00:00,30.7,23.6,66,25.608330180034816
4980,2022-07-27 12:00:00,31.8,23.4,61,25.78309242198029
4981,2022-07-27 13:00:00,33.0,23.5,58,26.338885065108535
4982,2022-07-27 14:00:00,32.2,22.9,58,25.625838897403735
4983,2022-07-27 15:00:00,29.5,23.2,69,24.974825991331016
4984,2022-07-27 16:00:00,30.1,23.0,66,25.056958206330034
4985,2022-07-27 17:00:00,31.0,23.4,64,25.557654270760114
4986,2022-07-27 18:00:00,31.1,23.2,63,25.484069387599984
4987,2022-07-27 19:00:00,29.5,23.5,70,25.129890359623207
4988,2022-07-27 20:00:00,29.3,24.1,74,25.555402432577807
4989,2022-07-27 21:00:00,28.2,23.9,77,24.96154931462069
4990,2022-07-27 22:00:00,27.6,23.4,78,24.535854333303064
4991,2022-07-27 23:00:00,27.2,23.3,79,24.297969469096124
4992,2022-07-28 00:00:00,26.9,23.5,82,24.43825160920077
4993,2022-07-28 01:00:00,26.7,24.2,86,24.809071379430666
4994,2022-07-28 02:00:00,26.4,24.6,90,25.07366995038328
4995,2022-07-28 03:00:00,26.2,24.7,91,25.015032405829288
4996,2022-07-28 04:00:00,26.0,24.6,92,24.95530544979787
4997,2022-07-28 05:00:00,26.0,24.5,92,24.95530544979787
4998,2022-07-28 06:00:00,26.1,24.4,90,24.778174619736458
4999,2022-07-28 07:00:00,24.9,23.5,92,23.86673114736944
5000,2022-07-28 08:00:00,25.6,23.4,87,23.873806939796513
5001,2022-07-28 09:00:00,27.3,23.4,79,24.393705663322798
5002,2022-07-28 10:00:00,29.5,23.6,71,25.284324132279735
5003,2022-07-28 11:00:00,31.1,23.0,62,25.318327350202967
5004,2022-07-28 12:00:00,32.2,22.4,56,25.27458000874017
5005,2022-07-28 13:00:00,33.5,21.8,50,25.305855146347362
5006,2022-07-28 14:00:00,33.8,21.7,49,25.370510977677363
5007,2022-07-28 15:00:00,30.8,23.2,64,25.37518104966348
5008,2022-07-28 16:00:00,31.8,23.1,60,25.61292329737543
5009,2022-07-28 17:00:00,30.5,23.0,65,25.263416012171163
5010,2022-07-28 18:00:00,29.4,23.5,71,25.190866377851457
5011,2022-07-28 19:00:00,28.0,25.2,85,25.933265999256363
5012,2022-07-28 20:00:00,28.9,24.8,78,25.77689678087221
5013,2022-07-28 21:00:00,28.5,23.9,76,25.098763500782713
5014,2022-07-28 22:00:00,28.1,24.1,79,25.159594621736343
5015,2022-07-28 23:00:00,27.5,24.4,83,25.160850471226638
5016,2022-07-29 00:00:00,27.2,24.2,84,25.012856427955192
5017,2022-07-29 01:00:00,26.9,24.1,85,24.86306990045894
5018,2022-07-29 02:00:00,26.5,24.1,87,24.75385265639836
5019,2022-07-29 03:00:00,26.3,24.1,88,24.697444420012413
5020,2022-07-29 04:00:00,26.1,24.1,89,24.639876453442415
5021,2022-07-29 05:00:00,25.8,24.1,91,24.620107418162082
5022,2022-07-29 06:00:00,25.5,24.1,93,24.59695026048654
5023,2022-07-29 07:00:00,26.2,25.0,93,25.29126980547337
5024,2022-07-29 08:00:00,25.5,23.7,90,24.18718361253367
5025,2022-07-29 09:00:00,25.8,23.6,88,24.20732273292772
5026,2022-07-29 10:00:00,25.5,23.1,87,23.77602401285465
5027,2022-07-29 11:00:00,28.0,23.4,76,24.62420747183553
5028,2022-07-29 12:00:00,30.2,24.0,69,25.624752368535365
5029,2022-07-29 13:00:00,31.6,24.2,65,26.270668565172432
5030,2022-07-29 14:00:00,32.8,23.9,60,26.51147780466144
5031,2022-07-29 15:00:00,33.5,23.3,55,26.241013912752674
5032,2022-07-29 16:00:00,30.4,23.0,65,25.171847461942512
5033,2022-07-29 17:00:00,30.5,23.1,65,25.263416012171163
5034,2022-07-29 18:00:00,31.2,23.0,62,25.408884479597354
5035,2022-07-29 19:00:00,27.0,23.8,82,24.53478021458787
5036,2022-07-29 20:00:00,27.2,23.7,81,24.5848750373349
5037,2022-07-29 21:00:00,26.8,24.3,86,24.906609632170106
5038,2022-07-29 22:00:00,26.6,24.6,89,25.13119052914079
5039,2022-07-29 23:00:00,26.6,24.6,89,25.13119052914079
5040,2022-07-30 00:00:00,26.5,24.5,89,25.032927740025453
5041,2022-07-30 01:00:00,26.2,24.6,91,25.015032405829288
5042,2022-07-30 02:00:00,26.2,24.9,92,25.153227890799634
5043,2022-07-30 03:00:00,26.1,25.0,93,25.192081334706856
5044,2022-07-30 04:00:00,25.6,24.9,95,24.96912221287965
5045,2022-07-30 05:00:00,25.6,24.8,95,24.96912221287965
5046,2022-07-30 06:00:00,25.2,24.5,96,24.706027705122093
5047,2022-07-30 07:00:00,24.6,23.5,93,23.704252835886777
5048,2022-07-30 08:00:00,23.6,22.5,93,22.712365639413665
5049,2022-07-30 09:00:00,23.9,22.2,91,22.744210948778104
5050,2022-07-30 10:00:00,24.3,22.1,88,22.736955618217007
5051,2022-07-30 11:00:00,26.1,23.4,85,24.084744383158014
5052,2022-07-30 12:00:00,28.8,24.6,78,25.681432076728765
5053,2022-07-30 13:00:00,30.5,24.3,70,26.06143386714842
5054,2022-07-30 14:00:00,31.3,23.9,65,25.995963593536036
5055,2022-07-30 15:00:00,30.5,23.6,67,25.58487342677775
5056,2022-07-30 16:00:00,29.6,23.8,71,25.377781867008917
5057,2022-07-30 17:00:00,30.5,23.9,67,25.58487342677775
5058,2022-07-30 18:00:00,31.0,23.5,64,25.557654270760114
5059,2022-07-30 19:00:00,28.2,25.1,83,25.838350730552364
5060,2022-07-30 20:00:00,29.5,24.9,76,26.04787425067064
5061,2022-07-30 21:00:00,29.3,23.0,69,24.789132553339048
5062,2022-07-30 22:00:00,28.5,23.2,73,24.65088381768239
5063,2022-07-30 23:00:00,28.0,23.8,78,24.917713848739805
5064,2022-07-31 00:00:00,27.6,23.9,80,24.8256060793619
5065,2022-07-31 01:00:00,27.5,23.5,79,24.585178001879992
5066,2022-07-31 02:00:00,26.4,23.4,83,24.096205733888187
5067,2022-07-31 03:00:00,26.5,23.2,82,24.052137032387748
5068,2022-07-31 04:00:00,26.2,23.1,83,23.90263376653889
5069,2022-07-31 05:00:00,25.8,23.1,86,23.93122647163681
5070,2022-07-31 06:00:00,25.0,23.2,90,23.694690749927872
5071,2022-07-31 07:00:00,25.0,24.0,94,24.236210719425056
5072,2022-07-31 08:00:00,26.9,24.4,86,25.00414787097687
5073,2022-07-31 09:00:00,29.0,24.4,76,25.5733190916518
5074,2022-07-31 10:00:00,30.2,24.0,69,25.624752368535365
5075,2022-07-31 11:00:00,31.6,23.0,60,25.43321208843415
5076,2022-07-31 12:00:00,32.8,22.4,54,25.443820188439812
5077,2022-07-31 13:00:00,33.5,21.9,51,25.49609414919944
5078,2022-07-31 14:00:00,33.9,21.2,48,25.260527932395547
5079,2022-07-31 15:00:00,34.4,20.5,44,24.87480563041935
5080,2022-07-31 16:00:00,34.0,19.9,44,24.54168859080818
5081,2022-07-31 17:00:00,33.1,20.6,48,24.57966273245965
5082,2022-07-31 18:00:00,32.2,21.2,52,24.556217749118677
5083,2022-07-31 19:00:00,32.0,21.3,53,24.56350541399307
5084,2022-07-31 20:00:00,30.0,23.4,67,25.123787463513242
5085,2022-07-31 21:00:00,28.2,24.2,79,25.25533066780724
5086,2022-07-31 22:00:00,27.5,24.0,81,24.87367871586583
5087,2022-07-31 23:00:00,27.1,23.9,83,24.77370714071506
5088,2022-08-01 00:00:00,26.9,24.0,84,24.72173686791302
5089,2022-08-01 01:00:00,26.8,24.1,86,24.906609632170106
5090,2022-08-01 02:00:00,26.6,24.1,86,24.711533112721423
5091,2022-08-01 03:00:00,26.5,24.0,86,24.61399483200513
5092,2022-08-01 04:00:00,26.0,23.9,88,24.40337144821836
5093,2022-08-01 05:00:00,25.9,23.8,88,24.305347097339506
5094,2022-08-01 06:00:00,25.5,23.7,90,24.18718361253367
5095,2022-08-01 07:00:00,26.1,24.2,89,24.639876453442415
5096,2022-08-01 08:00:00,26.8,23.2,81,24.199803244748658
5097,2022-08-01 09:00:00,28.2,23.5,75,24.666066553141267
5098,2022-08-01 10:00:00,29.8,23.4,69,25.253365991551796
5099,2022-08-01 11:00:00,29.5,23.1,69,24.974825991331016
5100,2022-08-01 12:00:00,29.7,23.6,70,25.31619922158155
5101,2022-08-01 13:00:00,31.9,23.2,60,25.702778863034215
5102,2022-08-01 14:00:00,32.3,23.1,58,25.71496976278516
5103,2022-08-01 15:00:00,33.2,22.8,54,25.794245627911177
5104,2022-08-01 16:00:00,32.9,21.8,52,25.163844160217486
5105,2022-08-01 17:00:00,29.6,22.9,67,24.75491829893742
5106,2022-08-01 18:00:00,31.4,22.4,59,25.083693175040388
5107,2022-08-01 19:00:00,28.2,24.4,79,25.25533066780724
5108,2022-08-01 20:00:00,28.5,24.2,78,25.39503786562359
5109,2022-08-01 21:00:00,28.0,25.0,84,25.78917461770667
5110,2022-08-01 22:00:00,28.8,24.2,76,25.383496907472296
5111,2022-08-01 23:00:00,28.0,24.0,79,25.063858559388002
5112,2022-08-02 00:00:00,27.4,24.0,82,24.920894482148817
5113,2022-08-02 01:00:00,27.1,24.1,84,24.915816589202976
5114,2022-08-02 02:00:00,26.9,24.2,85,24.86306990045894
5115,2022-08-02 03:00:00,26.6,24.2,87,24.85163544493022
5116,2022-08-02 04:00:00,26.5,24.3,88,24.893493000859365
5117,2022-08-02 05:00:00,26.2,24.4,90,24.876673076019678
5118,2022-08-02 06:00:00,26.0,24.4,91,24.817569936966933
5119,2022-08-02 07:00:00,27.0,25.2,90,25.664660270202106
5120,2022-08-02 08:00:00,27.9,24.8,84,25.692134894207598
5121,2022-08-02 09:00:00,29.1,24.7,77,25.81825771684835
5122,2022-08-02 10:00:00,30.6,24.5,70,26.15458810857605
5123,2022-08-02 11:00:00,32.2,23.9,62,26.31445442806256
5124,2022-08-02 12:00:00,33.0,23.8,58,26.338885065108535
5125,2022-08-02 13:00:00,34.0,23.4,54,26.495095065938546
5126,2022-08-02 14:00:00,34.5,22.4,50,26.1655675146523
5127,2022-08-02 15:00:00,24.2,23.5,96,23.70748213197148
5128,2022-08-02 16:00:00,27.0,23.9,83,24.676921270731526
5129,2022-08-02 17:00:00,28.2,24.0,78,25.10864350553067
5130,2022-08-02 18:00:00,29.9,24.6,73,25.96760396282391
5131,2022-08-02 19:00:00,33.7,21.3,49,25.284967263447946
5132,2022-08-02 20:00:00,32.0,22.6,58,25.4475770848118
5133,2022-08-02 21:00:00,30.5,23.4,66,25.42453961132389
5134,2022-08-02 22:00:00,29.3,24.0,73,25.403295778351836
5135,2022-08-02 23:00:00,28.5,24.4,78,25.39503786562359
5136,2022-08-03 00:00:00,28.0,24.5,81,25.355017867546064
5137,2022-08-03 01:00:00,27.6,24.4,83,25.25763626670152
5138,2022-08-03 02:00:00,27.5,24.2,82,25.017423010753113
5139,2022-08-03 03:00:00,27.3,24.0,82,24.824365938272177
5140,2022-08-03 04:00:00,27.0,23.9,83,24.676921270731526
5141,2022-08-03 05:00:00,26.7,23.9,84,24.527657087978717
5142,2022-08-03 06:00:00,26.4,24.0,86,24.516456537244405
5143,2022-08-03 07:00:00,27.6,25.4,88,25.97175925045498
5144,2022-08-03 08:00:00,28.5,24.8,80,25.689639242127175
5145,2022-08-03 09:00:00,30.0,24.4,72,25.90693540834334
5146,2022-08-03 10:00:00,31.8,23.5,62,25.952226740045067
5147,2022-08-03 11:00:00,33.4,22.8,54,25.96945816629617
5148,2022-08-03 12:00:00,35.0,22.0,47,25.99438535993615
5149,2022-08-03 13:00:00,36.0,21.6,43,25.991212241655532
5150,2022-08-03 14:00:00,36.5,22.0,43,26.405203523003323
5151,2022-08-03 15:00:00,37.2,21.8,41,26.532954188460607
5152,2022-08-03 16:00:00,33.1,21.9,52,25.33745141044298
5153,2022-08-03 17:00:00,33.7,22.0,50,25.477797890857794
5154,2022-08-03 18:00:00,32.8,22.6,55,25.62503324990093
5155,2022-08-03 19:00:00,33.0,22.0,53,25.43559245191941
5156,2022-08-03 20:00:00,31.7,22.5,58,25.180184159983078
5157,2022-08-03 21:00:00,30.4,23.1,65,25.171847461942512
5158,2022-08-03 22:00:00,29.2,24.0,73,25.30924434921925
5159,2022-08-03 23:00:00,28.2,24.6,81,25.547553419831473
5160,2022-08-04 00:00:00,27.9,24.9,84,25.692134894207598
5161,2022-08-04 01:00:00,27.7,24.9,85,25.641394504335615
5162,2022-08-04 02:00:00,27.6,24.8,85,25.544103978138544
5163,2022-08-04 03:00:00,27.4,24.8,86,25.491838857310338
5164,2022-08-04 04:00:00,27.3,24.7,86,25.39430068761482
5165,2022-08-04 05:00:00,26.8,24.7,88,25.1875657723066
5166,2022-08-04 06:00:00,26.4,24.7,91,25.21249482500437
5167,2022-08-04 07:00:00,26.9,25.2,91,25.706150657219485
5168,2022-08-04 08:00:00,28.5,25.0,81,25.83635663319142
5169,2022-08-04 09:00:00,29.9,24.6,74,26.121453925755528
5170,2022-08-04 10:00:00,31.4,24.0,65,26.08753193971233
5171,2022-08-04 11:00:00,33.0,23.2,56,25.981633014641577
5172,2022-08-04 12:00:00,34.3,22.0,49,25.79822902303226
5173,2022-08-04 13:00:00,34.9,21.1,45,25.499609796513905
5174,2022-08-04 14:00:00,35.9,20.8,42,25.69027258998679
5175,2022-08-04 15:00:00,36.8,20.1,38,25.51186198714714
5176,2022-08-04 16:00:00,36.7,20.1,38,25.43161997680226
5177,2022-08-04 17:00:00,36.4,20.1,39,25.423164237776007
5178,2022-08-04 18:00:00,33.8,21.0,47,24.97841923156468
5179,2022-08-04 19:00:00,30.4,23.5,67,25.492656277539158
5180,2022-08-04 20:00:00,31.1,23.6,64,25.648890846288722
5181,2022-08-04 21:00:00,31.1,21.6,57,24.474471064242344
5182,2022-08-04 22:00:00,30.0,22.1,63,24.484173155908636
5183,2022-08-04 23:00:00,28.9,23.9,74,25.178034408343542
5184,2022-08-05 00:00:00,28.4,24.4,79,25.44680271129854
5185,2022-08-05 01:00:00,28.1,24.5,80,25.30562466156881
5186,2022-08-05 02:00:00,27.5,24.5,83,25.160850471226638
5187,2022-08-05 03:00:00,27.2,24.5,85,25.15494173290528
5188,2022-08-05 04:00:00,26.9,24.5,87,25.144983728826904
5189,2022-08-05 05:00:00,26.5,24.6,90,25.172168368529245
5190,2022-08-05 06:00:00,26.4,24.6,90,25.07366995038328
5191,2022-08-05 07:00:00,24.7,22.9,89,23.264195283473864
5192,2022-08-05 08:00:00,25.0,22.5,86,23.15091891467487
5193,2022-08-05 09:00:00,26.7,23.0,80,23.961571616326577
5194,2022-08-05 10:00:00,28.6,23.5,74,24.89500819764855
5195,2022-08-05 11:00:00,30.5,24.0,69,25.9032919359754
5196,2022-08-05 12:00:00,31.5,24.2,65,26.179100263568028
5197,2022-08-05 13:00:00,30.5,23.4,66,25.42453961132389
5198,2022-08-05 14:00:00,29.7,24.0,72,25.625665547954807
5199,2022-08-05 15:00:00,30.5,23.8,67,25.58487342677775
5200,2022-08-05 16:00:00,29.5,23.5,70,25.129890359623207
5201,2022-08-05 17:00:00,29.6,23.7,70,25.22304480072132
5202,2022-08-05 18:00:00,29.6,23.4,69,25.06767267890998
5203,2022-08-05 19:00:00,27.7,24.0,80,24.92160982772833
5204,2022-08-05 20:00:00,27.5,24.0,81,24.87367871586583
5205,2022-08-05 21:00:00,26.9,24.1,85,24.86306990045894
5206,2022-08-05 22:00:00,26.4,24.2,88,24.795468717114034
5207,2022-08-05 23:00:00,26.3,24.1,88,24.697444420012413
5208,2022-08-06 00:00:00,26.0,23.5,86,24.1263032170049
5209,2022-08-06 01:00:00,25.8,23.2,86,23.93122647163681
5210,2022-08-06 02:00:00,25.8,23.5,87,24.069372751696342
5211,2022-08-06 03:00:00,25.6,23.7,89,24.148562049885367
5212,2022-08-06 04:00:00,25.5,24.0,91,24.323913545750028
5213,2022-08-06 05:00:00,25.0,24.1,95,24.371311577927347
5214,2022-08-06 06:00:00,24.8,24.1,96,24.30660961221891
5215,2022-08-06 07:00:00,25.1,24.3,95,24.470946712516007
5216,2022-08-06 08:00:00,25.2,23.5,90,23.891687934176282
5217,2022-08-06 09:00:00,24.9,23.1,90,23.596192138098267
5218,2022-08-06 10:00:00,25.5,23.4,88,23.91324955813704
5219,2022-08-06 11:00:00,25.8,23.4,87,24.069372751696342
5220,2022-08-06 12:00:00,26.8,24.0,85,24.765779261151295
5221,2022-08-06 13:00:00,28.6,24.2,77,25.342308774150922
5222,2022-08-06 14:00:00,29.5,23.3,70,25.129890359623207
5223,2022-08-06 15:00:00,29.5,23.1,69,24.974825991331016
5224,2022-08-06 16:00:00,29.6,23.0,68,24.911639515154445
5225,2022-08-06 17:00:00,29.0,23.9,74,25.272376441798073
5226,2022-08-06 18:00:00,29.4,23.4,70,25.036735898226155
5227,2022-08-06 19:00:00,26.4,23.7,85,24.376616560436773
5228,2022-08-06 20:00:00,27.0,24.3,85,24.960360525495048
5229,2022-08-06 21:00:00,26.6,24.0,86,24.711533112721423
5230,2022-08-06 22:00:00,26.1,24.1,89,24.639876453442415
5231,2022-08-06 23:00:00,25.9,24.1,90,24.58117766880238
5232,2022-08-07 00:00:00,25.5,24.0,91,24.323913545750028
5233,2022-08-07 01:00:00,25.4,23.9,91,24.225182229695253
5234,2022-08-07 02:00:00,25.1,24.0,94,24.335623899451907
5235,2022-08-07 03:00:00,25.0,24.1,95,24.371311577927347
5236,2022-08-07 04:00:00,24.7,24.0,96,24.206755060703063
5237,2022-08-07 05:00:00,24.9,24.1,96,24.40646415239066
5238,2022-08-07 06:00:00,24.5,23.9,96,24.00704592352611
5239,2022-08-07 07:00:00,25.1,24.5,96,24.606173198814272
5240,2022-08-07 08:00:00,26.7,25.0,91,25.508688361157372
5241,2022-08-07 09:00:00,28.6,25.2,82,26.079235829271855
5242,2022-08-07 10:00:00,29.8,24.5,73,25.873552644941135
5243,2022-08-07 11:00:00,30.9,24.0,67,25.953741808655803
5244,2022-08-07 12:00:00,31.7,23.6,62,25.86166975766277
5245,2022-08-07 13:00:00,32.3,23.5,59,25.889159440334296
5246,2022-08-07 14:00:00,32.0,22.5,57,25.273307926923735
5247,2022-08-07 15:00:00,31.1,23.9,65,25.812826833942957
5248,2022-08-07 16:00:00,31.2,22.8,61,25.24183740199239
5249,2022-08-07 17:00:00,30.5,23.1,65,25.263416012171163
5250,2022-08-07 18:00:00,30.0,23.6,69,25.439059221259743
5251,2022-08-07 19:00:00,29.9,23.5,69,25.34621261674106
5252,2022-08-07 20:00:00,29.4,24.0,73,25.49734718880685
5253,2022-08-07 21:00:00,28.5,24.0,77,25.24711893486076
5254,2022-08-07 22:00:00,27.6,24.0,81,24.969946577340572
5255,2022-08-07 23:00:00,27.0,24.4,86,25.10168609588793
5256,2022-08-08 00:00:00,26.6,24.7,89,25.13119052914079
5257,2022-08-08 01:00:00,26.2,24.8,91,25.015032405829288
5258,2022-08-08 02:00:00,25.9,24.6,93,24.993704357633607
5259,2022-08-08 03:00:00,25.7,24.7,94,24.932102732078743
5260,2022-08-08 04:00:00,25.5,24.6,95,24.86948713572207
5261,2022-08-08 05:00:00,25.4,24.7,96,24.905736684069016
5262,2022-08-08 06:00:00,24.9,24.4,97,24.541169109227543
5263,2022-08-08 07:00:00,25.2,24.9,98,24.97665676618254
5264,2022-08-08 08:00:00,26.2,25.1,93,25.29126980547337
5265,2022-08-08 09:00:00,27.8,25.0,85,25.73868501656289
5266,2022-08-08 10:00:00,29.1,24.8,77,25.81825771684835
5267,2022-08-08 11:00:00,30.5,23.9,68,25.744447809448094
5268,2022-08-08 12:00:00,31.5,23.6,63,25.847667291954814
5269,2022-08-08 13:00:00,31.8,23.5,62,25.952226740045067
5270,2022-08-08 14:00:00,30.5,24.0,68,25.744447809448094
5271,2022-08-08 15:00:00,31.3,24.1,66,26.159701357622595
5272,2022-08-08 16:00:00,32.2,23.8,61,26.143928600480027
5273,2022-08-08 17:00:00,32.0,22.5,58,25.4475770848118
5274,2022-08-08 18:00:00,31.0,22.9,62,25.227770196029716
5275,2022-08-08 19:00:00,29.4,24.3,74,25.649744393153046
5276,2022-08-08 20:00:00,27.2,23.1,78,24.15399454616824
5277,2022-08-08 21:00:00,26.4,22.4,79,23.53207931028082
5278,2022-08-08 22:00:00,26.0,22.4,81,23.42965889050505
5279,2022-08-08 23:00:00,25.6,22.6,84,23.460217235727264
5280,2022-08-09 00:00:00,25.5,23.0,86,23.6386112461642
5281,2022-08-09 01:00:00,25.4,23.4,89,23.952036195699282
5282,2022-08-09 02:00:00,25.1,23.6,91,23.928988205322003
5283,2022-08-09 03:00:00,24.8,23.8,94,24.03738432374144
5284,2022-08-09 04:00:00,24.2,23.7,97,23.840669069834394
5285,2022-08-09 05:00:00,24.2,23.6,97,23.840669069834394
5286,2022-08-09 06:00:00,24.2,23.6,97,23.840669069834394
5287,2022-08-09 07:00:00,26.5,24.9,91,25.311226016038464
5288,2022-08-09 08:00:00,26.8,25.0,90,25.467663547214872
5289,2022-08-09 09:00:00,27.8,24.8,84,25.595095156436994
5290,2022-08-09 10:00:00,29.4,24.3,74,25.649744393153046
5291,2022-08-09 11:00:00,30.7,24.4,69,26.08898487933809
5292,2022-08-09 12:00:00,31.9,24.2,64,26.37878261968372
5293,2022-08-09 13:00:00,32.8,23.8,59,26.336639775171964
5294,2022-08-09 14:00:00,33.8,23.3,54,26.31988288449506
5295,2022-08-09 15:00:00,31.5,22.7,60,25.343356444982007
5296,2022-08-09 16:00:00,31.5,22.9,60,25.343356444982007
5297,2022-08-09 17:00:00,31.4,23.0,61,25.422255843155042
5298,2022-08-09 18:00:00,30.8,23.0,63,25.211370707625875
5299,2022-08-09 19:00:00,30.5,24.0,69,25.9032919359754
5300,2022-08-09 20:00:00,30.0,24.1,71,25.751612610104797
5301,2022-08-09 21:00:00,29.4,23.9,72,25.344395516474368
5302,2022-08-09 22:00:00,28.5,24.2,78,25.39503786562359
5303,2022-08-09 23:00:00,28.0,24.5,81,25.355017867546064
5304,2022-08-10 00:00:00,27.5,24.5,84,25.303975857112007
5305,2022-08-10 01:00:00,27.0,24.4,85,24.960360525495048
5306,2022-08-10 02:00:00,26.1,24.5,91,24.91630117762493
5307,2022-08-10 03:00:00,26.8,24.4,87,25.0472009811086
5308,2022-08-10 04:00:00,25.6,24.5,93,24.69613880272373
5309,2022-08-10 05:00:00,25.5,24.5,94,24.733276501488593
5310,2022-08-10 06:00:00,25.2,24.5,96,24.706027705122093
5311,2022-08-10 07:00:00,26.5,24.4,89,25.032927740025453
5312,2022-08-10 08:00:00,27.6,24.7,84,25.40101563792773
5313,2022-08-10 09:00:00,29.1,24.5,76,25.668230157806388
5314,2022-08-10 10:00:00,30.1,23.8,69,25.531905805170407
5315,2022-08-10 11:00:00,31.1,23.3,63,25.484069387599984
5316,2022-08-10 12:00:00,32.2,22.9,58,25.625838897403735
5317,2022-08-10 13:00:00,33.3,22.5,53,25.69721794525479
5318,2022-08-10 14:00:00,34.2,22.5,50,25.90765415754013
5319,2022-08-10 15:00:00,35.2,22.5,48,26.366928943671805
5320,2022-08-10 16:00:00,30.5,24.5,70,26.06143386714842
5321,2022-08-10 17:00:00,32.0,23.4,60,25.7926344029309
5322,2022-08-10 18:00:00,30.5,23.6,66,25.42453961132389
5323,2022-08-10 19:00:00,27.7,25.0,85,25.641394504335615
5324,2022-08-10 20:00:00,26.1,24.5,91,24.91630117762493
5325,2022-08-10 21:00:00,25.9,24.6,93,24.993704357633607
5326,2022-08-10 22:00:00,26.0,24.6,92,24.95530544979787
5327,2022-08-10 23:00:00,26.0,24.7,93,25.092892852103557
5328,2022-08-11 00:00:00,25.9,24.9,94,25.13092891603002
5329,2022-08-11 01:00:00,25.9,25.0,95,25.268027376061784
5330,2022-08-11 02:00:00,25.6,24.9,96,25.105445618308874
5331,2022-08-11 03:00:00,25.0,24.6,98,24.7760852433079
5332,2022-08-11 04:00:00,25.4,24.8,96,24.905736684069016
5333,2022-08-11 05:00:00,25.1,24.8,98,24.87637101010527
5334,2022-08-11 06:00:00,25.0,24.7,99,24.910860877801493
5335,2022-08-11 07:00:00,24.8,24.3,97,24.441097708366474
5336,2022-08-11 08:00:00,25.2,24.2,94,24.435037067641975
5337,2022-08-11 09:00:00,26.1,24.1,89,24.639876453442415
5338,2022-08-11 10:00:00,28.0,23.7,78,24.917713848739805
5339,2022-08-11 11:00:00,30.1,23.2,67,25.21600469971457
5340,2022-08-11 12:00:00,31.8,23.1,60,25.61292329737543
5341,2022-08-11 13:00:00,32.7,22.9,56,25.716488352805133
5342,2022-08-11 14:00:00,33.2,22.5,53,25.61000947872968
5343,2022-08-11 15:00:00,34.0,22.3,51,25.928049802878213
5344,2022-08-11 16:00:00,34.2,22.0,49,25.712685483645686
5345,2022-08-11 17:00:00,33.3,22.0,51,25.323311656572834
5346,2022-08-11 18:00:00,30.2,23.2,66,25.148853591198808
5347,2022-08-11 19:00:00,27.7,24.6,83,25.354422047395737
5348,2022-08-11 20:00:00,27.8,25.1,86,25.881991399326655
5349,2022-08-11 21:00:00,25.7,23.9,90,24.38418066649041
5350,2022-08-11 22:00:00,25.0,24.0,95,24.371311577927347
5351,2022-08-11 23:00:00,25.2,24.1,93,24.2993845615481
5352,2022-08-12 00:00:00,25.0,23.9,94,24.236210719425056
5353,2022-08-12 01:00:00,24.2,23.0,93,23.30749810661632
5354,2022-08-12 02:00:00,24.2,22.9,92,23.174001259856773
5355,2022-08-12 03:00:00,23.9,22.7,93,23.0099319293448
5356,2022-08-12 04:00:00,23.9,22.9,94,23.14266494928857
5357,2022-08-12 05:00:00,23.7,23.0,96,23.20820891536487
5358,2022-08-12 06:00:00,23.6,23.1,97,23.240240026934895
5359,2022-08-12 07:00:00,24.6,24.1,97,24.24095487341604
5360,2022-08-12 08:00:00,24.0,23.1,94,23.242078261513353
5361,2022-08-12 09:00:00,24.6,22.9,90,23.300696223375212
5362,2022-08-12 10:00:00,26.2,23.5,85,24.18203512344727
5363,2022-08-12 11:00:00,28.2,23.8,77,24.96154931462069
5364,2022-08-12 12:00:00,29.4,23.5,71,25.190866377851457
5365,2022-08-12 13:00:00,30.3,23.9,68,25.559379447719795
5366,2022-08-12 14:00:00,31.1,24.0,66,25.97591105263992
5367,2022-08-12 15:00:00,31.6,24.0,64,26.105073376664805
5368,2022-08-12 16:00:00,29.0,23.8,73,25.12114143470163
5369,2022-08-12 17:00:00,29.6,23.8,71,25.377781867008917
5370,2022-08-12 18:00:00,29.2,24.0,73,25.30924434921925
5371,2022-08-12 19:00:00,27.1,24.6,86,25.19922430694015
5372,2022-08-12 20:00:00,27.5,24.6,84,25.303975857112007
5373,2022-08-12 21:00:00,27.1,25.0,88,25.481638424798504
5374,2022-08-12 22:00:00,26.9,24.7,88,25.285590002975148
5375,2022-08-12 23:00:00,25.9,24.0,90,24.58117766880238
5376,2022-08-13 00:00:00,25.3,24.4,95,24.67021694709133
5377,2022-08-13 01:00:00,25.4,24.4,94,24.633863368630703
5378,2022-08-13 02:00:00,25.1,24.6,97,24.741311877857445
5379,2022-08-13 03:00:00,25.0,24.5,97,24.641240499048823
5380,2022-08-13 04:00:00,25.0,24.5,97,24.641240499048823
5381,2022-08-13 05:00:00,24.9,24.5,98,24.675799465764268
5382,2022-08-13 06:00:00,24.8,24.3,97,24.441097708366474
5383,2022-08-13 07:00:00,24.4,23.8,96,23.907191337808293
5384,2022-08-13 08:00:00,25.5,24.1,92,24.46049913375888
5385,2022-08-13 09:00:00,26.8,25.0,90,25.467663547214872
5386,2022-08-13 10:00:00,27.6,24.5,83,25.25763626670152
5387,2022-08-13 11:00:00,29.6,24.2,73,25.685449953902573
5388,2022-08-13 12:00:00,31.0,23.8,65,25.72125842038611
5389,2022-08-13 13:00:00,32.7,23.6,59,26.247143760236813
5390,2022-08-13 14:00:00,29.2,23.5,71,25.003950809661738
5391,2022-08-13 15:00:00,28.2,24.1,78,25.10864350553067
5392,2022-08-13 16:00:00,29.7,23.6,70,25.31619922158155
5393,2022-08-13 17:00:00,28.8,23.6,74,25.083692356536215
5394,2022-08-13 18:00:00,29.1,23.8,73,25.215192901354207
5395,2022-08-13 19:00:00,27.1,23.6,81,24.488607112977284
5396,2022-08-13 20:00:00,26.7,23.8,84,24.527657087978717
5397,2022-08-13 21:00:00,26.6,24.2,87,24.85163544493022
5398,2022-08-13 22:00:00,26.2,24.3,89,24.738139294674188
5399,2022-08-13 23:00:00,25.9,24.2,91,24.718838683823336
5400,2022-08-14 00:00:00,25.9,24.4,91,24.718838683823336
5401,2022-08-14 01:00:00,25.9,24.5,92,24.85634421105611
5402,2022-08-14 02:00:00,25.8,24.5,93,24.894515851267048
5403,2022-08-14 03:00:00,25.6,24.5,94,24.832689622628155
5404,2022-08-14 04:00:00,25.3,24.5,95,24.67021694709133
5405,2022-08-14 05:00:00,25.0,24.5,96,24.506318681246437
5406,2022-08-14 06:00:00,25.0,24.2,96,24.506318681246437
5407,2022-08-14 07:00:00,24.7,23.5,93,23.803441487387012
5408,2022-08-14 08:00:00,25.1,23.1,89,23.65724731415995
5409,2022-08-14 09:00:00,26.2,23.4,84,24.0424573794788
5410,2022-08-14 10:00:00,26.8,23.4,82,24.341722988330016
5411,2022-08-14 11:00:00,28.8,22.9,70,24.47780870011483
5412,2022-08-14 12:00:00,29.4,23.6,71,25.190866377851457
5413,2022-08-14 13:00:00,30.5,23.5,66,25.42453961132389
5414,2022-08-14 14:00:00,31.1,23.6,64,25.648890846288722
5415,2022-08-14 15:00:00,32.1,23.0,59,25.710167123086666
5416,2022-08-14 16:00:00,32.0,22.5,57,25.273307926923735
5417,2022-08-14 17:00:00,32.0,22.3,56,25.097816467812134
5418,2022-08-14 18:00:00,31.6,21.8,56,24.744289033062653
5419,2022-08-14 19:00:00,30.6,22.3,61,24.70058146355359
5420,2022-08-14 20:00:00,29.6,22.9,67,24.75491829893742
5421,2022-08-14 21:00:00,28.6,23.5,74,24.89500819764855
5422,2022-08-14 22:00:00,28.0,24.2,80,25.209620976963805
5423,2022-08-14 23:00:00,27.5,24.4,83,25.160850471226638
5424,2022-08-15 00:00:00,27.0,24.2,85,24.960360525495048
5425,2022-08-15 01:00:00,26.5,24.2,87,24.75385265639836
5426,2022-08-15 02:00:00,25.8,24.2,91,24.620107418162082
5427,2022-08-15 03:00:00,25.5,24.0,92,24.46049913375888
5428,2022-08-15 04:00:00,25.0,23.9,94,24.236210719425056
5429,2022-08-15 05:00:00,24.7,23.7,94,23.937971108024644
5430,2022-08-15 06:00:00,24.5,23.6,95,23.873135730815928
5431,2022-08-15 07:00:00,24.9,24.2,96,24.40646415239066
5432,2022-08-15 08:00:00,26.8,24.7,89,25.32771606857092
5433,2022-08-15 09:00:00,29.0,24.5,77,25.72306796198307
5434,2022-08-15 10:00:00,30.7,22.9,63,25.12047109928084
5435,2022-08-15 11:00:00,32.2,21.5,54,24.918181109858576
5436,2022-08-15 12:00:00,33.5,21.0,48,24.920095627906758
5437,2022-08-15 13:00:00,34.2,20.5,45,24.91336148514717
5438,2022-08-15 14:00:00,33.8,20.9,47,24.97841923156468
5439,2022-08-15 15:00:00,34.0,21.1,47,25.147747292179744
5440,2022-08-15 16:00:00,34.2,20.5,45,24.91336148514717
5441,2022-08-15 17:00:00,33.8,20.6,46,24.77942814549252
5442,2022-08-15 18:00:00,32.8,21.0,50,24.704054452199262
5443,2022-08-15 19:00:00,31.5,22.8,60,25.343356444982007
5444,2022-08-15 20:00:00,30.2,23.0,65,24.9887102923233
5445,2022-08-15 21:00:00,29.1,23.2,71,24.910492995781762
5446,2022-08-15 22:00:00,28.2,23.5,76,24.814029936387325
5447,2022-08-15 23:00:00,27.5,23.7,80,24.729602314943865
5448,2022-08-16 00:00:00,26.9,23.8,83,24.580135385724162
5449,2022-08-16 01:00:00,26.4,23.6,85,24.376616560436773
5450,2022-08-16 02:00:00,25.9,23.5,87,24.16715563672867
5451,2022-08-16 03:00:00,25.6,23.4,88,24.011273963362378
5452,2022-08-16 04:00:00,25.2,23.4,89,23.75551028808791
5453,2022-08-16 05:00:00,24.6,23.4,93,23.704252835886777
5454,2022-08-16 06:00:00,24.2,23.4,95,23.574230082162668
5455,2022-08-16 07:00:00,25.5,23.4,88,23.91324955813704
5456,2022-08-16 08:00:00,26.5,23.9,86,24.61399483200513
5457,2022-08-16 09:00:00,28.5,24.2,77,25.24711893486076
5458,2022-08-16 10:00:00,30.2,23.8,69,25.624752368535365
5459,2022-08-16 11:00:00,31.6,22.6,59,25.262685865617208
5460,2022-08-16 12:00:00,32.6,21.8,53,25.08675802019237
5461,2022-08-16 13:00:00,33.5,21.5,49,25.113879728811156
5462,2022-08-16 14:00:00,34.6,21.2,46,25.45311894244525
5463,2022-08-16 15:00:00,34.5,21.4,47,25.571066787750386
5464,2022-08-16 16:00:00,32.9,22.6,55,25.713030575275056
5465,2022-08-16 17:00:00,33.3,22.1,52,25.511058530895642
5466,2022-08-16 18:00:00,33.0,22.5,54,25.619032968903607
5467,2022-08-16 19:00:00,30.0,23.9,70,25.59566236334207
5468,2022-08-16 20:00:00,29.8,23.8,70,25.409353622264735
5469,2022-08-16 21:00:00,29.4,23.8,72,25.344395516474368
5470,2022-08-16 22:00:00,29.1,23.2,71,24.910492995781762
5471,2022-08-16 23:00:00,28.5,23.2,73,24.65088381768239
5472,2022-08-17 00:00:00,27.8,23.5,77,24.580789580281717
5473,2022-08-17 01:00:00,27.2,23.6,81,24.5848750373349
5474,2022-08-17 02:00:00,26.8,23.8,84,24.624696985296257
5475,2022-08-17 03:00:00,26.2,23.9,87,24.46050420859876
5476,2022-08-17 04:00:00,25.8,24.0,90,24.48267917408527
5477,2022-08-17 05:00:00,25.5,24.0,92,24.46049913375888
5478,2022-08-17 06:00:00,25.0,24.0,94,24.236210719425056
5479,2022-08-17 07:00:00,26.2,24.8,92,25.153227890799634
5480,2022-08-17 08:00:00,27.5,24.9,86,25.589377013293134
5481,2022-08-17 09:00:00,28.9,24.8,79,25.92548253833619
5482,2022-08-17 10:00:00,30.5,24.5,70,26.06143386714842
5483,2022-08-17 11:00:00,32.2,23.9,62,26.31445442806256
5484,2022-08-17 12:00:00,33.5,23.1,55,26.241013912752674
5485,2022-08-17 13:00:00,34.7,22.5,49,26.14040283590236
5486,2022-08-17 14:00:00,35.6,21.9,45,26.08585618707683
5487,2022-08-17 15:00:00,36.1,21.4,42,25.854889258526462
5488,2022-08-17 16:00:00,36.3,20.9,41,25.796684115680158
5489,2022-08-17 17:00:00,36.3,20.0,39,25.342388867839084
5490,2022-08-17 18:00:00,33.1,22.4,54,25.70663931353714
5491,2022-08-17 19:00:00,30.0,23.6,68,25.281776747080638
5492,2022-08-17 20:00:00,29.2,23.6,72,25.15688206635173
5493,2022-08-17 21:00:00,28.9,24.4,76,25.478408008223585
5494,2022-08-17 22:00:00,28.7,24.8,79,25.73401065558679
5495,2022-08-17 23:00:00,28.6,24.8,79,25.638274690223927
5496,2022-08-18 00:00:00,28.4,24.8,81,25.740088910691103
5497,2022-08-18 01:00:00,28.0,24.8,83,25.64477930119384
5498,2022-08-18 02:00:00,27.6,24.8,84,25.40101563792773
5499,2022-08-18 03:00:00,27.3,24.6,85,25.252232315355368
5500,2022-08-18 04:00:00,27.0,24.6,87,25.242766463012273
5501,2022-08-18 05:00:00,26.8,24.6,88,25.1875657723066
5502,2022-08-18 06:00:00,26.5,24.6,89,25.032927740025453
5503,2022-08-18 07:00:00,26.8,24.7,88,25.1875657723066
5504,2022-08-18 08:00:00,27.9,24.6,83,25.547993564602095
5505,2022-08-18 09:00:00,29.0,24.7,77,25.72306796198307
5506,2022-08-18 10:00:00,30.5,24.4,70,26.06143386714842
5507,2022-08-18 11:00:00,32.2,23.7,61,26.143928600480027
5508,2022-08-18 12:00:00,33.7,23.0,54,26.232276749511236
5509,2022-08-18 13:00:00,35.0,22.2,48,26.19671379235075
5510,2022-08-18 14:00:00,35.7,21.2,43,25.742816987442858
5511,2022-08-18 15:00:00,35.5,20.1,41,25.142218888773396
5512,2022-08-18 16:00:00,30.9,22.8,62,25.137213016997606
5513,2022-08-18 17:00:00,26.1,24.2,90,24.778174619736458
5514,2022-08-18 18:00:00,26.0,23.8,88,24.40337144821836
5515,2022-08-18 19:00:00,26.9,24.2,86,25.00414787097687
5516,2022-08-18 20:00:00,26.1,24.5,91,24.91630117762493
5517,2022-08-18 21:00:00,25.9,24.5,92,24.85634421105611
5518,2022-08-18 22:00:00,25.7,24.4,93,24.79532733297381
5519,2022-08-18 23:00:00,25.4,23.5,90,24.08868506610461
5520,2022-08-19 00:00:00,25.2,23.4,90,23.891687934176282
5521,2022-08-19 01:00:00,25.5,23.6,90,24.18718361253367
5522,2022-08-19 02:00:00,25.2,23.9,92,24.163615196462548
5523,2022-08-19 03:00:00,24.7,23.7,94,23.937971108024644
5524,2022-08-19 04:00:00,25.0,23.5,91,23.830256838351783
5525,2022-08-19 05:00:00,25.2,23.5,91,24.027719559514033
5526,2022-08-19 06:00:00,24.5,23.4,93,23.60506417209106
5527,2022-08-19 07:00:00,24.0,22.6,92,22.976078320636418
5528,2022-08-19 08:00:00,23.3,21.7,91,22.15182161229998
5529,2022-08-19 09:00:00,24.1,22.1,89,22.67461682858414
5530,2022-08-19 10:00:00,25.0,22.4,85,23.014545268814352
5531,2022-08-19 11:00:00,25.8,22.5,82,23.376435918542736
5532,2022-08-19 12:00:00,25.1,22.0,83,22.83798683899151
5533,2022-08-19 13:00:00,26.8,23.0,80,24.057575510785554
5534,2022-08-19 14:00:00,28.6,23.8,75,25.044581086223992
5535,2022-08-19 15:00:00,29.6,23.8,71,25.377781867008917
5536,2022-08-19 16:00:00,30.4,23.9,68,25.651913639077566
5537,2022-08-19 17:00:00,30.4,24.0,69,25.810445433876172
5538,2022-08-19 18:00:00,29.9,23.2,68,25.18924247113019
5539,2022-08-19 19:00:00,27.3,22.7,76,23.959828283227953
5540,2022-08-19 20:00:00,26.9,22.6,78,23.86759952564578
5541,2022-08-19 21:00:00,26.4,22.8,81,23.81473119676004
5542,2022-08-19 22:00:00,25.9,22.7,83,23.61227570023585
5543,2022-08-19 23:00:00,25.4,22.7,85,23.403708790617785
5544,2022-08-20 00:00:00,25.0,23.0,89,23.558984326770084
5545,2022-08-20 01:00:00,24.9,23.4,91,23.731525458570307
5546,2022-08-20 02:00:00,24.9,23.4,92,23.86673114736944
5547,2022-08-20 03:00:00,24.9,23.4,91,23.731525458570307
5548,2022-08-20 04:00:00,24.6,23.4,93,23.704252835886777
5549,2022-08-20 05:00:00,24.9,23.5,92,23.86673114736944
5550,2022-08-20 06:00:00,25.6,23.5,88,24.011273963362378
5551,2022-08-20 07:00:00,24.2,23.3,94,23.440904849481168
5552,2022-08-20 08:00:00,24.2,23.1,94,23.440904849481168
5553,2022-08-20 09:00:00,23.9,22.7,93,23.0099319293448
5554,2022-08-20 10:00:00,23.9,22.6,93,23.0099319293448
5555,2022-08-20 11:00:00,25.6,23.4,87,23.873806939796513
5556,2022-08-20 12:00:00,28.2,24.2,79,25.25533066780724
5557,2022-08-20 13:00:00,29.2,25.0,78,26.06329079527196
5558,2022-08-20 14:00:00,29.6,24.5,74,25.838428260092275
5559,2022-08-20 15:00:00,30.1,24.5,72,26.00069199071307
5560,2022-08-20 16:00:00,27.9,23.9,79,24.968122480716538
5561,2022-08-20 17:00:00,28.5,24.1,77,25.24711893486076
5562,2022-08-20 18:00:00,28.2,23.7,76,24.814029936387325
5563,2022-08-20 19:00:00,26.3,24.3,89,24.83640212282597
5564,2022-08-20 20:00:00,26.5,24.6,90,25.172168368529245
5565,2022-08-20 21:00:00,26.5,24.9,91,25.311226016038464
5566,2022-08-20 22:00:00,26.5,24.9,91,25.311226016038464
5567,2022-08-20 23:00:00,26.1,24.7,92,25.05426667636875
5568,2022-08-21 00:00:00,25.9,24.6,93,24.993704357633607
5569,2022-08-21 01:00:00,25.5,24.6,94,24.733276501488593
5570,2022-08-21 02:00:00,25.7,24.6,94,24.932102732078743
5571,2022-08-21 03:00:00,25.6,24.5,93,24.69613880272373
5572,2022-08-21 04:00:00,25.4,24.4,94,24.633863368630703
5573,2022-08-21 05:00:00,25.5,24.3,93,24.59695026048654
5574,2022-08-21 06:00:00,25.6,24.0,90,24.28568214598439
5575,2022-08-21 07:00:00,25.0,24.0,94,24.236210719425056
5576,2022-08-21 08:00:00,25.2,23.6,91,24.027719559514033
5577,2022-08-21 09:00:00,25.8,23.5,88,24.20732273292772
5578,2022-08-21 10:00:00,26.8,24.0,85,24.765779261151295
5579,2022-08-21 11:00:00,28.7,24.6,79,25.73401065558679
5580,2022-08-21 12:00:00,30.3,25.1,74,26.49882123061824
5581,2022-08-21 13:00:00,31.6,24.5,66,26.43538665246023
5582,2022-08-21 14:00:00,31.4,24.8,68,26.577254408806727
5583,2022-08-21 15:00:00,28.4,24.4,79,25.44680271129854
5584,2022-08-21 16:00:00,29.4,24.9,77,26.103826881181043
5585,2022-08-21 17:00:00,29.9,24.8,74,26.121453925755528
5586,2022-08-21 18:00:00,30.0,24.6,73,26.061655262353888
5587,2022-08-21 19:00:00,28.1,25.4,85,26.030556469796412
5588,2022-08-21 20:00:00,26.4,24.2,88,24.795468717114034
5589,2022-08-21 21:00:00,26.4,24.5,90,25.07366995038328
5590,2022-08-21 22:00:00,26.1,24.8,92,25.05426667636875
5591,2022-08-21 23:00:00,25.9,24.6,93,24.993704357633607
5592,2022-08-22 00:00:00,25.4,24.2,93,24.49776170623187
5593,2022-08-22 01:00:00,25.0,24.1,94,24.236210719425056
5594,2022-08-22 02:00:00,24.9,23.6,93,24.001818753626168
5595,2022-08-22 03:00:00,24.5,23.8,96,24.00704592352611
5596,2022-08-22 04:00:00,25.0,24.0,94,24.236210719425056
5597,2022-08-22 05:00:00,25.5,24.5,94,24.733276501488593
5598,2022-08-22 06:00:00,25.8,24.8,94,25.031515829869644
5599,2022-08-22 07:00:00,25.1,23.8,93,24.200195971057745
5600,2022-08-22 08:00:00,25.6,24.2,92,24.559460421495128
5601,2022-08-22 09:00:00,26.6,24.2,87,24.85163544493022
5602,2022-08-22 10:00:00,27.5,24.5,83,25.160850471226638
5603,2022-08-22 11:00:00,29.5,25.2,78,26.349684663583233
5604,2022-08-22 12:00:00,30.8,24.8,70,26.34089653256851
5605,2022-08-22 13:00:00,31.2,24.9,69,26.553216885702493
5606,2022-08-22 14:00:00,31.5,25.0,68,26.669788372774118
5607,2022-08-22 15:00:00,30.5,24.5,70,26.06143386714842
5608,2022-08-22 16:00:00,29.5,25.2,78,26.349684663583233
5609,2022-08-22 17:00:00,30.0,24.5,72,25.90693540834334
5610,2022-08-22 18:00:00,30.2,24.5,71,25.938527864972816
5611,2022-08-22 19:00:00,29.0,24.5,77,25.72306796198307
5612,2022-08-22 20:00:00,27.9,25.4,86,25.979529500819392
5613,2022-08-22 21:00:00,28.2,24.9,82,25.693122286849434
5614,2022-08-22 22:00:00,27.6,24.9,85,25.544103978138544
5615,2022-08-22 23:00:00,27.1,25.0,88,25.481638424798504
5616,2022-08-23 00:00:00,26.9,25.0,90,25.566161914967317
5617,2022-08-23 01:00:00,26.7,25.0,90,25.369165166912584
5618,2022-08-23 02:00:00,26.6,24.4,88,24.99151727128336
5619,2022-08-23 03:00:00,24.9,23.8,93,24.001818753626168
5620,2022-08-23 04:00:00,24.2,23.5,96,23.70748213197148
5621,2022-08-23 05:00:00,23.6,23.2,98,23.372083367724965
5622,2022-08-23 06:00:00,23.7,22.6,94,22.94383828820231
5623,2022-08-23 07:00:00,24.8,23.6,93,23.902630126623077
5624,2022-08-23 08:00:00,24.6,23.1,91,23.43533124202589
5625,2022-08-23 09:00:00,23.9,22.9,94,23.14266494928857
5626,2022-08-23 10:00:00,24.0,23.0,94,23.242078261513353
5627,2022-08-23 11:00:00,24.4,23.0,92,23.371924148096095
5628,2022-08-23 12:00:00,25.3,23.3,89,23.85377324858928
5629,2022-08-23 13:00:00,27.5,24.3,82,25.017423010753113
5630,2022-08-23 14:00:00,29.5,24.0,72,25.438152212738363
5631,2022-08-23 15:00:00,30.8,24.0,67,25.861524745315805
5632,2022-08-23 16:00:00,30.9,24.0,67,25.953741808655803
5633,2022-08-23 17:00:00,28.9,23.9,75,25.328466797026667
5634,2022-08-23 18:00:00,28.4,23.8,76,25.003852330240914
5635,2022-08-23 19:00:00,27.5,25.2,87,25.73167993218587
5636,2022-08-23 20:00:00,26.8,25.2,91,25.607419515304915
5637,2022-08-23 21:00:00,26.2,25.0,93,25.29126980547337
5638,2022-08-23 22:00:00,25.9,24.5,92,24.85634421105611
5639,2022-08-23 23:00:00,25.3,23.6,90,23.99018650666344
5640,2022-08-24 00:00:00,25.0,23.5,92,23.965692509542087
5641,2022-08-24 01:00:00,24.9,23.5,92,23.86673114736944
5642,2022-08-24 02:00:00,25.0,23.8,93,24.101007368427396
5643,2022-08-24 03:00:00,24.9,24.0,95,24.271676431766206
5644,2022-08-24 04:00:00,24.8,24.0,96,24.30660961221891
5645,2022-08-24 05:00:00,24.7,24.0,96,24.206755060703063
5646,2022-08-24 06:00:00,24.5,23.9,96,24.00704592352611
5647,2022-08-24 07:00:00,25.6,24.3,93,24.69613880272373
5648,2022-08-24 08:00:00,24.4,23.5,95,23.77350052635582
5649,2022-08-24 09:00:00,24.5,23.8,95,23.873135730815928
5650,2022-08-24 10:00:00,24.8,23.4,92,23.76776977267913
5651,2022-08-24 11:00:00,25.5,23.3,88,23.91324955813704
5652,2022-08-24 12:00:00,27.8,24.0,80,25.01761356008782
5653,2022-08-24 13:00:00,29.0,24.0,75,25.42309533156935
5654,2022-08-24 14:00:00,29.5,24.0,72,25.438152212738363
5655,2022-08-24 15:00:00,30.1,24.0,69,25.531905805170407
5656,2022-08-24 16:00:00,30.6,23.7,67,25.67709055444261
5657,2022-08-24 17:00:00,30.2,23.8,68,25.466845235310675
5658,2022-08-24 18:00:00,30.0,23.8,69,25.439059221259743
5659,2022-08-24 19:00:00,26.6,24.1,86,24.711533112721423
5660,2022-08-24 20:00:00,26.0,24.0,89,24.541613599096525
5661,2022-08-24 21:00:00,25.8,24.0,90,24.48267917408527
5662,2022-08-24 22:00:00,25.5,24.3,93,24.59695026048654
5663,2022-08-24 23:00:00,25.0,24.4,96,24.506318681246437
5664,2022-08-25 00:00:00,25.2,24.3,95,24.570581835561075
5665,2022-08-25 01:00:00,24.5,24.1,98,24.274656247600777
5666,2022-08-25 02:00:00,24.5,24.0,97,24.140883439271978
5667,2022-08-25 03:00:00,24.0,23.9,99,23.90588300961654
5668,2022-08-25 04:00:00,24.0,24.0,99,23.90588300961654
5669,2022-08-25 05:00:00,24.0,24.0,100,23.90588300961654
5670,2022-08-25 06:00:00,24.1,24.0,99,24.006380844364283
5671,2022-08-25 07:00:00,24.0,23.5,97,23.640526100761303
5672,2022-08-25 08:00:00,24.2,22.9,92,23.174001259856773
5673,2022-08-25 09:00:00,25.2,23.2,88,23.619176260256992
5674,2022-08-25 10:00:00,25.8,23.4,86,23.93122647163681
5675,2022-08-25 11:00:00,27.4,23.6,80,24.63359853442938
5676,2022-08-25 12:00:00,29.2,23.7,72,25.15688206635173
5677,2022-08-25 13:00:00,30.2,23.4,67,25.30822191407449
5678,2022-08-25 14:00:00,30.8,23.8,66,25.700225431185615
5679,2022-08-25 15:00:00,30.9,23.8,66,25.792120660291324
5680,2022-08-25 16:00:00,31.0,23.6,65,25.72125842038611
5681,2022-08-25 17:00:00,31.1,23.4,63,25.484069387599984
5682,2022-08-25 18:00:00,27.1,24.0,83,24.77370714071506
5683,2022-08-25 19:00:00,27.6,24.4,82,25.113951524126858
5684,2022-08-25 20:00:00,26.2,23.7,86,24.321379905439475
5685,2022-08-25 21:00:00,25.5,22.9,86,23.6386112461642
5686,2022-08-25 22:00:00,25.1,23.2,89,23.65724731415995
5687,2022-08-25 23:00:00,25.0,23.8,93,24.101007368427396
5688,2022-08-26 00:00:00,24.5,23.9,96,24.00704592352611
5689,2022-08-26 01:00:00,24.1,23.6,97,23.74059759092785
5690,2022-08-26 02:00:00,24.0,23.5,97,23.640526100761303
5691,2022-08-26 03:00:00,23.8,23.3,97,23.44038308653634
5692,2022-08-26 04:00:00,23.6,23.2,98,23.372083367724965
5693,2022-08-26 05:00:00,24.1,23.5,96,23.607627511795208
5694,2022-08-26 06:00:00,23.1,23.0,99,23.00140201013681
5695,2022-08-26 07:00:00,23.9,23.0,95,23.275324327245595
5696,2022-08-26 08:00:00,24.0,22.3,91,22.842942458516518
5697,2022-08-26 09:00:00,24.7,22.4,87,22.993760088552083
5698,2022-08-26 10:00:00,24.2,22.8,92,23.174001259856773
5699,2022-08-26 11:00:00,25.9,23.1,85,23.890162858793985
5700,2022-08-26 12:00:00,28.6,24.3,77,25.342308774150922
5701,2022-08-26 13:00:00,30.4,23.6,67,25.492656277539158
5702,2022-08-26 14:00:00,31.2,22.5,60,25.073789357673906
5703,2022-08-26 15:00:00,31.4,21.7,56,24.567525137626408
5704,2022-08-26 16:00:00,31.2,21.8,57,24.56323083130106
5705,2022-08-26 17:00:00,31.6,21.2,54,24.392540907410524
5706,2022-08-26 18:00:00,29.4,23.7,72,25.344395516474368
5707,2022-08-26 19:00:00,29.4,24.5,75,25.80160929248426
5708,2022-08-26 20:00:00,28.0,24.6,82,25.500065426147007
5709,2022-08-26 21:00:00,27.2,24.6,86,25.296762504170243
5710,2022-08-26 22:00:00,26.5,24.5,89,25.032927740025453
5711,2022-08-26 23:00:00,26.2,24.5,90,24.876673076019678
5712,2022-08-27 00:00:00,25.9,24.6,93,24.993704357633607
5713,2022-08-27 01:00:00,25.6,24.6,94,24.832689622628155
5714,2022-08-27 02:00:00,25.3,24.5,95,24.67021694709133
5715,2022-08-27 03:00:00,25.0,24.4,96,24.506318681246437
5716,2022-08-27 04:00:00,24.1,23.9,99,24.006380844364283
5717,2022-08-27 05:00:00,24.0,24.0,100,23.90588300961654
5718,2022-08-27 06:00:00,24.0,23.0,94,23.242078261513353
5719,2022-08-27 07:00:00,24.5,23.9,96,24.00704592352611
5720,2022-08-27 08:00:00,24.7,23.4,92,23.668808385438982
5721,2022-08-27 09:00:00,25.5,23.5,88,23.91324955813704
5722,2022-08-27 10:00:00,26.7,24.0,85,24.66848860753379
5723,2022-08-27 11:00:00,26.6,22.9,80,23.865567705406427
5724,2022-08-27 12:00:00,26.4,22.8,81,23.81473119676004
5725,2022-08-27 13:00:00,28.0,23.9,78,24.917713848739805
5726,2022-08-27 14:00:00,29.5,24.3,73,25.591398580638945
5727,2022-08-27 15:00:00,30.4,24.6,71,26.125443042667843
5728,2022-08-27 16:00:00,30.6,24.4,69,25.996138417775683
5729,2022-08-27 17:00:00,29.5,23.8,71,25.284324132279735
5730,2022-08-27 18:00:00,29.2,23.6,72,25.15688206635173
5731,2022-08-27 19:00:00,28.1,23.8,77,24.86635940692182
5732,2022-08-27 20:00:00,27.1,23.9,82,24.631308804533884
5733,2022-08-27 21:00:00,26.8,24.6,88,25.1875657723066
5734,2022-08-27 22:00:00,26.6,24.5,88,24.99151727128336
5735,2022-08-27 23:00:00,26.4,24.2,88,24.795468717114034
5736,2022-08-28 00:00:00,25.9,24.1,90,24.58117766880238
5737,2022-08-28 01:00:00,25.5,24.1,92,24.46049913375888
5738,2022-08-28 02:00:00,25.1,24.0,94,24.335623899451907
5739,2022-08-28 03:00:00,25.0,24.0,94,24.236210719425056
5740,2022-08-28 04:00:00,24.9,24.0,94,24.136797527531552
5741,2022-08-28 05:00:00,24.9,23.8,94,24.136797527531552
5742,2022-08-28 06:00:00,24.6,23.7,95,23.972770923557707
5743,2022-08-28 07:00:00,25.0,24.4,96,24.506318681246437
5744,2022-08-28 08:00:00,26.0,24.6,92,24.95530544979787
5745,2022-08-28 09:00:00,27.6,25.0,86,25.68691515559942
5746,2022-08-28 10:00:00,29.2,24.2,75,25.61235234737591
5747,2022-08-28 11:00:00,30.2,23.8,68,25.466845235310675
5748,2022-08-28 12:00:00,30.9,23.5,65,25.629689984228534
5749,2022-08-28 13:00:00,31.5,23.4,62,25.680555719902323
5750,2022-08-28 14:00:00,31.5,23.4,62,25.680555719902323
5751,2022-08-28 15:00:00,31.6,23.3,61,25.602674182932546
5752,2022-08-28 16:00:00,31.5,23.3,62,25.680555719902323
5753,2022-08-28 17:00:00,30.7,23.4,65,25.44655304382783
5754,2022-08-28 18:00:00,29.9,23.1,67,25.03157020540289
5755,2022-08-28 19:00:00,28.5,23.6,75,24.949952480058986
5756,2022-08-28 20:00:00,27.5,23.8,80,24.729602314943865
5757,2022-08-28 21:00:00,27.0,24.1,84,24.81877673586873
5758,2022-08-28 22:00:00,26.6,24.1,86,24.711533112721423
5759,2022-08-28 23:00:00,26.1,24.0,88,24.501395785599847
5760,2022-08-29 00:00:00,25.8,23.8,89,24.345087850925363
5761,2022-08-29 01:00:00,26.0,23.6,87,24.264938507865303
5762,2022-08-29 02:00:00,26.0,23.5,86,24.1263032170049
5763,2022-08-29 03:00:00,25.8,23.5,87,24.069372751696342
5764,2022-08-29 04:00:00,25.4,23.6,90,24.08868506610461
5765,2022-08-29 05:00:00,24.8,23.6,93,23.902630126623077
5766,2022-08-29 06:00:00,24.9,23.5,92,23.86673114736944
5767,2022-08-29 07:00:00,25.0,23.8,93,24.101007368427396
5768,2022-08-29 08:00:00,25.5,23.9,90,24.18718361253367
5769,2022-08-29 09:00:00,25.5,23.1,87,23.77602401285465
5770,2022-08-29 10:00:00,26.0,23.4,85,23.987453628286733
5771,2022-08-29 11:00:00,27.5,23.8,80,24.729602314943865
5772,2022-08-29 12:00:00,29.0,24.4,76,25.5733190916518
5773,2022-08-29 13:00:00,29.4,23.8,72,25.344395516474368
5774,2022-08-29 14:00:00,27.8,23.2,77,24.580789580281717
5775,2022-08-29 15:00:00,29.4,24.8,76,25.95296325311993
5776,2022-08-29 16:00:00,26.9,24.0,84,24.72173686791302
5777,2022-08-29 17:00:00,28.2,24.5,80,25.40162833034388
5778,2022-08-29 18:00:00,28.2,24.0,78,25.10864350553067
5779,2022-08-29 19:00:00,25.4,24.0,92,24.36153783369573
5780,2022-08-29 20:00:00,25.3,24.3,94,24.53445022402502
5781,2022-08-29 21:00:00,25.2,24.4,95,24.570581835561075
5782,2022-08-29 22:00:00,25.1,24.4,95,24.470946712516007
5783,2022-08-29 23:00:00,25.1,24.2,95,24.470946712516007
5784,2022-08-30 00:00:00,25.0,24.2,96,24.506318681246437
5785,2022-08-30 01:00:00,24.8,24.2,97,24.441097708366474
5786,2022-08-30 02:00:00,25.0,24.4,96,24.506318681246437
5787,2022-08-30 03:00:00,25.4,24.8,96,24.905736684069016
5788,2022-08-30 04:00:00,25.4,24.2,94,24.633863368630703
5789,2022-08-30 05:00:00,25.0,23.9,94,24.236210719425056
5790,2022-08-30 06:00:00,23.8,23.0,95,23.175689051853272
5791,2022-08-30 07:00:00,24.2,23.4,95,23.574230082162668
5792,2022-08-30 08:00:00,24.3,23.2,94,23.540318125285875
5793,2022-08-30 09:00:00,24.1,23.1,94,23.341491561567256
5794,2022-08-30 10:00:00,25.3,23.1,88,23.71720070662062
5795,2022-08-30 11:00:00,27.0,23.9,83,24.676921270731526
5796,2022-08-30 12:00:00,28.0,24.3,80,25.209620976963805
5797,2022-08-30 13:00:00,28.5,24.6,80,25.689639242127175
5798,2022-08-30 14:00:00,29.1,24.7,77,25.81825771684835
5799,2022-08-30 15:00:00,29.6,24.8,75,25.990866167299885
5800,2022-08-30 16:00:00,29.6,24.7,75,25.990866167299885
5801,2022-08-30 17:00:00,29.6,24.6,75,25.990866167299885
5802,2022-08-30 18:00:00,29.7,24.6,74,25.9327701665608
5803,2022-08-30 19:00:00,25.7,24.0,91,24.521376139950984
5804,2022-08-30 20:00:00,25.5,24.4,94,24.733276501488593
5805,2022-08-30 21:00:00,25.1,24.2,94,24.335623899451907
5806,2022-08-30 22:00:00,25.0,24.0,95,24.371311577927347
5807,2022-08-30 23:00:00,24.5,23.9,96,24.00704592352611
5808,2022-08-31 00:00:00,24.5,23.9,96,24.00704592352611
5809,2022-08-31 01:00:00,24.1,23.6,97,23.74059759092785
5810,2022-08-31 02:00:00,23.7,23.4,98,23.47236928739036
5811,2022-08-31 03:00:00,23.5,23.2,99,23.403393674157567
5812,2022-08-31 04:00:00,24.0,23.7,98,23.773226979929863
5813,2022-08-31 05:00:00,24.3,23.9,98,24.07408457335485
5814,2022-08-31 06:00:00,24.4,24.0,98,24.174370415930344
5815,2022-08-31 07:00:00,23.5,23.4,99,23.403393674157567
5816,2022-08-31 08:00:00,24.0,23.5,98,23.773226979929863
5817,2022-08-31 09:00:00,24.8,23.2,91,23.632794065944385
5818,2022-08-31 10:00:00,26.1,23.5,86,24.223841568319838
5819,2022-08-31 11:00:00,28.0,24.7,82,25.500065426147007
5820,2022-08-31 12:00:00,29.5,25.2,78,26.349684663583233
5821,2022-08-31 13:00:00,30.4,25.6,76,26.902072468072884
5822,2022-08-31 14:00:00,30.5,25.8,76,26.996983297484288
5823,2022-08-31 15:00:00,30.3,25.8,77,26.960533482742274
5824,2022-08-31 16:00:00,27.5,24.4,83,25.160850471226638
5825,2022-08-31 17:00:00,26.9,23.4,81,24.296071216728247
5826,2022-08-31 18:00:00,27.0,23.5,81,24.392339172789733
5827,2022-08-31 19:00:00,27.4,24.0,82,24.920894482148817
5828,2022-08-31 20:00:00,26.1,24.1,89,24.639876453442415
5829,2022-08-31 21:00:00,25.5,23.9,91,24.323913545750028
5830,2022-08-31 22:00:00,25.0,23.5,92,23.965692509542087
5831,2022-08-31 23:00:00,24.7,23.5,93,23.803441487387012
5832,2022-09-01 00:00:00,24.4,23.5,95,23.77350052635582
5833,2022-09-01 01:00:00,24.2,23.5,96,23.70748213197148
5834,2022-09-01 02:00:00,24.0,23.5,97,23.640526100761303
5835,2022-09-01 03:00:00,23.9,23.4,97,23.54045459930681
5836,2022-09-01 04:00:00,23.6,23.2,98,23.372083367724965
5837,2022-09-01 05:00:00,23.5,23.1,98,23.271797436937877
5838,2022-09-01 06:00:00,23.5,23.0,98,23.271797436937877
5839,2022-09-01 07:00:00,24.1,23.5,97,23.74059759092785
5840,2022-09-01 08:00:00,24.2,23.5,96,23.70748213197148
5841,2022-09-01 09:00:00,24.2,23.5,96,23.70748213197148
5842,2022-09-01 10:00:00,23.8,22.0,90,22.512706530269526
5843,2022-09-01 11:00:00,24.2,22.6,91,23.040405438582546
5844,2022-09-01 12:00:00,25.7,23.3,87,23.971589852731327
5845,2022-09-01 13:00:00,28.2,24.9,82,25.693122286849434
5846,2022-09-01 14:00:00,29.2,25.4,80,26.361664157015
5847,2022-09-01 15:00:00,29.0,24.5,77,25.72306796198307
5848,2022-09-01 16:00:00,29.8,24.6,74,26.027112055097966
5849,2022-09-01 17:00:00,30.2,24.4,71,25.938527864972816
5850,2022-09-01 18:00:00,30.5,23.5,66,25.42453961132389
5851,2022-09-01 19:00:00,25.7,23.5,87,23.971589852731327
5852,2022-09-01 20:00:00,26.0,24.4,91,24.817569936966933
5853,2022-09-01 21:00:00,25.9,24.9,94,25.13092891603002
5854,2022-09-01 22:00:00,25.0,23.1,89,23.558984326770084
5855,2022-09-01 23:00:00,24.0,22.7,92,22.976078320636418
5856,2022-09-02 00:00:00,23.8,22.6,93,22.910743178595023
5857,2022-09-02 01:00:00,24.0,22.9,94,23.242078261513353
5858,2022-09-02 02:00:00,23.4,22.8,97,23.04009692173086
5859,2022-09-02 03:00:00,23.0,22.6,97,22.639810573603032
5860,2022-09-02 04:00:00,22.9,22.6,98,22.670081617114537
5861,2022-09-02 05:00:00,23.6,22.8,95,22.976418465258416
5862,2022-09-02 06:00:00,23.6,22.6,94,22.84442493927852
5863,2022-09-02 07:00:00,23.2,22.9,98,22.970939577571205
5864,2022-09-02 08:00:00,23.8,23.1,96,23.308063581889193
5865,2022-09-02 09:00:00,24.8,23.5,93,23.902630126623077
5866,2022-09-02 10:00:00,26.3,24.1,88,24.697444420012413
5867,2022-09-02 11:00:00,28.0,24.8,82,25.500065426147007
5868,2022-09-02 12:00:00,29.5,25.2,78,26.349684663583233
5869,2022-09-02 13:00:00,30.4,25.5,75,26.747892971637103
5870,2022-09-02 14:00:00,30.8,25.7,74,26.970529965535757
5871,2022-09-02 15:00:00,31.1,25.7,73,27.096218361023695
5872,2022-09-02 16:00:00,25.9,24.1,90,24.58117766880238
5873,2022-09-02 17:00:00,26.5,24.0,86,24.61399483200513
5874,2022-09-02 18:00:00,27.2,24.5,85,25.15494173290528
5875,2022-09-02 19:00:00,25.9,24.1,90,24.58117766880238
5876,2022-09-02 20:00:00,24.5,23.6,95,23.873135730815928
5877,2022-09-02 21:00:00,24.6,23.4,92,23.569846985616714
5878,2022-09-02 22:00:00,24.6,23.6,94,23.838557880351015
5879,2022-09-02 23:00:00,24.4,23.5,95,23.77350052635582
5880,2022-09-03 00:00:00,24.2,23.6,96,23.70748213197148
5881,2022-09-03 01:00:00,24.2,23.8,97,23.840669069834394
5882,2022-09-03 02:00:00,23.8,23.5,99,23.70488730785602
5883,2022-09-03 03:00:00,23.9,23.7,99,23.805385164122534
5884,2022-09-03 04:00:00,24.2,24.0,98,23.97379871984752
5885,2022-09-03 05:00:00,23.4,23.2,99,23.302895774536758
5886,2022-09-03 06:00:00,23.2,23.1,99,23.101899942553196
5887,2022-09-03 07:00:00,24.6,23.0,91,23.43533124202589
5888,2022-09-03 08:00:00,24.4,23.5,95,23.77350052635582
5889,2022-09-03 09:00:00,24.6,22.9,90,23.300696223375212
5890,2022-09-03 10:00:00,24.0,22.9,94,23.242078261513353
5891,2022-09-03 11:00:00,24.2,23.0,93,23.30749810661632
5892,2022-09-03 12:00:00,24.5,22.9,91,23.33659981066636
5893,2022-09-03 13:00:00,25.3,23.1,88,23.71720070662062
5894,2022-09-03 14:00:00,26.7,23.4,82,24.245194351932874
5895,2022-09-03 15:00:00,27.9,23.9,79,24.968122480716538
5896,2022-09-03 16:00:00,28.5,24.2,78,25.39503786562359
5897,2022-09-03 17:00:00,28.2,24.0,78,25.10864350553067
5898,2022-09-03 18:00:00,26.6,23.5,83,24.289777640147946
5899,2022-09-03 19:00:00,24.5,23.6,95,23.873135730815928
5900,2022-09-03 20:00:00,24.5,23.6,95,23.873135730815928
5901,2022-09-03 21:00:00,24.5,23.6,95,23.873135730815928
5902,2022-09-03 22:00:00,24.2,23.5,96,23.70748213197148
5903,2022-09-03 23:00:00,23.9,23.3,96,23.40791823678299
5904,2022-09-04 00:00:00,23.9,23.3,96,23.40791823678299
5905,2022-09-04 01:00:00,23.7,23.4,98,23.47236928739036
5906,2022-09-04 02:00:00,23.5,23.2,98,23.271797436937877
5907,2022-09-04 03:00:00,23.5,23.2,99,23.403393674157567
5908,2022-09-04 04:00:00,23.2,23.0,99,23.101899942553196
5909,2022-09-04 05:00:00,23.3,23.1,99,23.202397864010894
5910,2022-09-04 06:00:00,23.6,23.5,99,23.503891562899998
5911,2022-09-04 07:00:00,24.2,23.9,98,23.97379871984752
5912,2022-09-04 08:00:00,24.3,23.7,96,23.80733674063295
5913,2022-09-04 09:00:00,25.0,23.5,92,23.965692509542087
5914,2022-09-04 10:00:00,25.5,23.4,88,23.91324955813704
5915,2022-09-04 11:00:00,26.1,23.6,86,24.223841568319838
5916,2022-09-04 12:00:00,27.0,23.7,82,24.53478021458787
5917,2022-09-04 13:00:00,27.2,22.4,75,23.719778939414745
5918,2022-09-04 14:00:00,27.0,22.3,75,23.530521193621738
5919,2022-09-04 15:00:00,27.5,22.7,75,24.003665417747523
5920,2022-09-04 16:00:00,27.2,23.0,78,24.15399454616824
5921,2022-09-04 17:00:00,27.1,23.0,79,24.202233258174704
5922,2022-09-04 18:00:00,26.6,22.8,79,23.723551951486627
5923,2022-09-04 19:00:00,24.8,22.1,85,22.81996341793275
5924,2022-09-04 20:00:00,24.3,22.2,88,22.736955618217007
5925,2022-09-04 21:00:00,23.8,22.2,91,22.645479425856987
5926,2022-09-04 22:00:00,23.5,22.3,93,22.613176850917405
5927,2022-09-04 23:00:00,23.5,22.5,94,22.745011578059245
5928,2022-09-05 00:00:00,23.5,22.8,96,23.00849954730787
5929,2022-09-05 01:00:00,23.6,22.8,95,22.976418465258416
5930,2022-09-05 02:00:00,23.3,22.5,95,22.677512495386633
5931,2022-09-05 03:00:00,22.9,22.1,96,22.409371160950283
5932,2022-09-05 04:00:00,22.4,22.0,97,22.039380703651954
5933,2022-09-05 05:00:00,22.2,21.9,98,21.968079312003145
5934,2022-09-05 06:00:00,21.5,21.2,98,21.266076442647314
5935,2022-09-05 07:00:00,23.1,22.8,98,22.870653602021637
5936,2022-09-05 08:00:00,23.4,22.7,96,22.908644845716555
5937,2022-09-05 09:00:00,24.5,22.5,89,23.067669186646857
5938,2022-09-05 10:00:00,25.5,22.3,82,23.086849488339208
5939,2022-09-05 11:00:00,26.5,22.0,76,23.200536692424446
5940,2022-09-05 12:00:00,27.5,22.0,72,23.563014577483234
5941,2022-09-05 13:00:00,28.6,22.0,67,23.832743824969846
5942,2022-09-05 14:00:00,28.9,22.2,67,24.109396404227326
5943,2022-09-05 15:00:00,29.2,22.3,66,24.229898720130606
5944,2022-09-05 16:00:00,29.0,22.2,67,24.201613885208644
5945,2022-09-05 17:00:00,29.2,22.2,66,24.229898720130606
5946,2022-09-05 18:00:00,27.3,22.5,75,23.81440778418503
5947,2022-09-05 19:00:00,25.6,22.6,84,23.460217235727264
5948,2022-09-05 20:00:00,25.1,22.6,86,23.248457410058325
5949,2022-09-05 21:00:00,24.7,22.7,89,23.264195283473864
5950,2022-09-05 22:00:00,24.3,22.9,92,23.272962710332628
5951,2022-09-05 23:00:00,24.0,23.0,94,23.242078261513353
5952,2022-09-06 00:00:00,23.6,22.8,95,22.976418465258416
5953,2022-09-06 01:00:00,23.4,22.4,94,22.64559820451308
5954,2022-09-06 02:00:00,23.1,22.1,94,22.34735800959741
5955,2022-09-06 03:00:00,22.8,21.9,95,22.179335636951617
5956,2022-09-06 04:00:00,22.0,21.5,96,21.51067777633127
5957,2022-09-06 05:00:00,22.1,21.4,96,21.610532645118596
5958,2022-09-06 06:00:00,22.8,21.8,94,22.04911770259834
5959,2022-09-06 07:00:00,22.0,21.5,97,21.639093889117742
5960,2022-09-06 08:00:00,23.3,22.4,94,22.54618481860849
5961,2022-09-06 09:00:00,25.0,22.8,87,23.287109166726566
5962,2022-09-06 10:00:00,26.8,23.0,80,24.057575510785554
5963,2022-09-06 11:00:00,28.1,23.2,75,24.57143787451921
5964,2022-09-06 12:00:00,29.0,23.2,71,24.817035161965627
5965,2022-09-06 13:00:00,29.6,23.4,69,25.06767267890998
5966,2022-09-06 14:00:00,29.8,23.1,68,25.09670817386934
5967,2022-09-06 15:00:00,29.6,22.9,67,24.75491829893742
5968,2022-09-06 16:00:00,30.0,22.5,65,24.80557303000291
5969,2022-09-06 17:00:00,29.8,22.5,65,24.622435674394723
5970,2022-09-06 18:00:00,28.8,22.8,70,24.47780870011483
5971,2022-09-06 19:00:00,26.9,22.8,78,23.86759952564578
5972,2022-09-06 20:00:00,26.1,22.9,82,23.666022205083294
5973,2022-09-06 21:00:00,25.6,23.1,86,23.73614966902913
5974,2022-09-06 22:00:00,25.3,23.3,89,23.85377324858928
5975,2022-09-06 23:00:00,24.9,23.3,91,23.731525458570307
5976,2022-09-07 00:00:00,24.2,23.2,94,23.440904849481168
5977,2022-09-07 01:00:00,23.7,23.0,96,23.20820891536487
5978,2022-09-07 02:00:00,23.0,22.6,97,22.639810573603032
5979,2022-09-07 03:00:00,22.6,22.4,98,22.36922355481354
5980,2022-09-07 04:00:00,22.2,22.0,99,22.09692012077317
5981,2022-09-07 05:00:00,22.1,21.9,99,21.996422077273234
5982,2022-09-07 06:00:00,21.6,21.6,100,21.493931690313282
5983,2022-09-07 07:00:00,22.6,22.5,99,22.498912182728418
5984,2022-09-07 08:00:00,23.5,23.0,97,23.14016848004739
5985,2022-09-07 09:00:00,25.3,23.9,92,24.26257652127417
5986,2022-09-07 10:00:00,26.9,24.1,85,24.86306990045894
5987,2022-09-07 11:00:00,28.5,23.3,74,24.80066609046037
5988,2022-09-07 12:00:00,29.5,22.8,67,24.662700952509272
5989,2022-09-07 13:00:00,30.4,22.2,62,24.684426746129706
5990,2022-09-07 14:00:00,30.9,22.5,61,24.971209548703506
5991,2022-09-07 15:00:00,31.2,21.9,58,24.734528729937328
5992,2022-09-07 16:00:00,31.1,22.0,59,24.81520393595655
5993,2022-09-07 17:00:00,29.7,22.4,65,24.530866961423023
5994,2022-09-07 18:00:00,28.0,22.5,72,24.031799728778875
5995,2022-09-07 19:00:00,28.1,21.7,68,23.523621795488314
5996,2022-09-07 20:00:00,25.8,22.0,79,22.95766097523238
5997,2022-09-07 21:00:00,24.9,22.0,84,22.780936376267384
5998,2022-09-07 22:00:00,24.2,21.9,86,22.370610421891282
5999,2022-09-07 23:00:00,23.3,21.9,92,22.283347628059786
6000,2022-09-08 00:00:00,22.9,21.8,94,22.14853115077167
6001,2022-09-08 01:00:00,22.6,21.6,94,21.850290768569874
6002,2022-09-08 02:00:00,22.5,21.5,95,21.880429375342292
6003,2022-09-08 03:00:00,23.0,21.6,92,21.986462850510634
6004,2022-09-08 04:00:00,22.8,21.6,93,21.918854975492117
6005,2022-09-08 05:00:00,21.9,21.4,97,21.539022155892095
6006,2022-09-08 06:00:00,21.9,21.5,98,21.667221009089413
6007,2022-09-08 07:00:00,23.2,21.3,89,21.790248210736568
6008,2022-09-08 08:00:00,23.7,21.4,87,22.015928889426483
6009,2022-09-08 09:00:00,24.5,21.5,84,22.392775545435054
6010,2022-09-08 10:00:00,26.1,21.6,77,22.96255756917385
6011,2022-09-08 11:00:00,27.9,21.8,69,23.48927610044232
6012,2022-09-08 12:00:00,28.9,22.0,66,23.95421181017736
6013,2022-09-08 13:00:00,29.5,21.9,64,24.189102797307996
6014,2022-09-08 14:00:00,30.2,21.5,60,24.175230673284112
6015,2022-09-08 15:00:00,30.5,20.6,56,23.772086113686353
6016,2022-09-08 16:00:00,30.4,20.1,54,23.341257035056778
6017,2022-09-08 17:00:00,30.2,19.8,54,23.166042596171284
6018,2022-09-08 18:00:00,29.7,19.7,55,22.897100991768337
6019,2022-09-08 19:00:00,28.5,22.8,71,24.349745691739013
6020,2022-09-08 20:00:00,26.4,21.7,76,23.105625160582033
6021,2022-09-08 21:00:00,25.3,21.0,77,22.201034813709363
6022,2022-09-08 22:00:00,24.3,20.5,80,21.657473102072334
6023,2022-09-08 23:00:00,23.5,20.6,84,21.422372366338244
6024,2022-09-09 00:00:00,22.9,21.1,90,21.62621708655446
6025,2022-09-09 01:00:00,23.0,21.1,90,21.72471596872833
6026,2022-09-09 02:00:00,22.7,21.0,90,21.42921928048264
6027,2022-09-09 03:00:00,22.9,20.9,89,21.49545841797141
6028,2022-09-09 04:00:00,22.5,20.8,90,21.232221418531488
6029,2022-09-09 05:00:00,21.2,20.5,96,20.711838385264368
6030,2022-09-09 06:00:00,21.1,20.5,96,20.61198340581451
6031,2022-09-09 07:00:00,21.5,20.9,96,21.01140324921004
6032,2022-09-09 08:00:00,22.9,21.5,92,21.88750123174317
6033,2022-09-09 09:00:00,24.5,22.6,89,23.067669186646857
6034,2022-09-09 10:00:00,24.9,21.9,83,22.644414466252805
6035,2022-09-09 11:00:00,26.0,21.5,76,22.72597884643557
6036,2022-09-09 12:00:00,27.8,19.2,60,22.01867853574588
6037,2022-09-09 13:00:00,27.1,19.5,63,21.848068382364463
6038,2022-09-09 14:00:00,28.4,19.1,57,22.077945964141698
6039,2022-09-09 15:00:00,29.5,19.0,53,22.383273314268337
6040,2022-09-09 16:00:00,28.4,20.0,60,22.5578181123999
6041,2022-09-09 17:00:00,28.5,19.9,60,22.647674606627152
6042,2022-09-09 18:00:00,28.5,19.9,60,22.647674606627152
6043,2022-09-09 19:00:00,26.5,22.5,79,23.627815639398335
6044,2022-09-09 20:00:00,25.6,22.2,82,23.183378314443768
6045,2022-09-09 21:00:00,25.4,21.0,77,22.296225222943356
6046,2022-09-09 22:00:00,24.2,20.5,80,21.561468781763313
6047,2022-09-09 23:00:00,23.3,20.6,85,21.360597587176045
6048,2022-09-10 00:00:00,22.6,20.7,89,21.20066849676162
6049,2022-09-10 01:00:00,22.2,20.5,90,20.936724520177403
6050,2022-09-10 02:00:00,22.2,20.1,88,20.678436290406445
6051,2022-09-10 03:00:00,21.7,20.0,90,20.444229405931015
6052,2022-09-10 04:00:00,21.0,20.0,94,20.25967345773542
6053,2022-09-10 05:00:00,20.6,19.9,95,19.987353773158215
6054,2022-09-10 06:00:00,20.6,20.0,96,20.11270832111985
6055,2022-09-10 07:00:00,21.9,21.3,97,21.539022155892095
6056,2022-09-10 08:00:00,23.2,21.5,90,21.92171369153626
6057,2022-09-10 09:00:00,25.6,22.6,84,23.460217235727264
6058,2022-09-10 10:00:00,27.5,22.6,75,24.003665417747523
6059,2022-09-10 11:00:00,29.0,22.3,67,24.201613885208644
6060,2022-09-10 12:00:00,29.8,20.9,59,23.651747691517116
6061,2022-09-10 13:00:00,30.4,19.9,53,23.168159331666477
6062,2022-09-10 14:00:00,30.5,19.5,52,23.08054669175248
6063,2022-09-10 15:00:00,30.6,19.2,51,22.990734539370415
6064,2022-09-10 16:00:00,30.5,19.1,51,22.904342294996496
6065,2022-09-10 17:00:00,30.3,19.0,51,22.73155769531022
6066,2022-09-10 18:00:00,30.1,19.0,51,22.55877294679425
6067,2022-09-10 19:00:00,26.1,20.0,69,21.81802573228723
6068,2022-09-10 20:00:00,26.3,20.5,70,22.14893718167052
6069,2022-09-10 21:00:00,25.5,21.3,78,22.531087346506805
6070,2022-09-10 22:00:00,25.0,21.9,83,22.741200660559127
6071,2022-09-10 23:00:00,24.5,22.0,86,22.663226217641782
6072,2022-09-11 00:00:00,24.0,21.2,84,21.907574154314933
6073,2022-09-11 01:00:00,23.9,20.5,82,21.5423860505468
6074,2022-09-11 02:00:00,23.5,20.2,82,21.1562695251263
6075,2022-09-11 03:00:00,22.6,20.4,87,20.940312866152453
6076,2022-09-11 04:00:00,22.6,20.3,87,20.940312866152453
6077,2022-09-11 05:00:00,22.4,20.1,87,20.7447461206152
6078,2022-09-11 06:00:00,22.0,20.0,88,20.48238649275784
6079,2022-09-11 07:00:00,22.9,20.0,84,20.840129689075827
6080,2022-09-11 08:00:00,23.6,20.5,83,21.38619247541842
6081,2022-09-11 09:00:00,25.6,21.5,78,22.62655261771425
6082,2022-09-11 10:00:00,27.9,22.1,71,23.788997656908418
6083,2022-09-11 11:00:00,29.8,21.8,62,24.1410823837291
6084,2022-09-11 12:00:00,30.9,21.0,55,23.953078337288964
6085,2022-09-11 13:00:00,31.4,21.1,55,24.393067546129405
6086,2022-09-11 14:00:00,31.6,21.0,54,24.392540907410524
6087,2022-09-11 15:00:00,32.1,21.0,52,24.46941384307373
6088,2022-09-11 16:00:00,32.2,20.3,50,24.188223913706786
6089,2022-09-11 17:00:00,32.1,20.0,49,23.916262939301188
6090,2022-09-11 18:00:00,31.6,20.1,50,23.672392079194513
6091,2022-09-11 19:00:00,29.0,23.5,72,24.969368539056102
6092,2022-09-11 20:00:00,27.5,21.3,69,23.117887759337957
6093,2022-09-11 21:00:00,27.6,20.4,65,22.60791843286152
6094,2022-09-11 22:00:00,26.1,21.6,76,22.82089045309846
6095,2022-09-11 23:00:00,25.5,22.1,82,23.086849488339208
6096,2022-09-12 00:00:00,25.0,22.0,83,22.741200660559127
6097,2022-09-12 01:00:00,24.4,21.7,85,22.430799534564972
6098,2022-09-12 02:00:00,24.1,20.8,82,21.73544421204321
6099,2022-09-12 03:00:00,23.7,19.9,79,20.947191805315338
6100,2022-09-12 04:00:00,23.4,19.3,78,20.526312402786143
6101,2022-09-12 05:00:00,23.2,19.0,77,20.202031819168447
6102,2022-09-12 06:00:00,23.0,18.8,77,20.011650132921055
6103,2022-09-12 07:00:00,22.6,18.8,79,19.894085688421725
6104,2022-09-12 08:00:00,23.0,18.8,77,20.011650132921055
6105,2022-09-12 09:00:00,24.5,19.0,71,20.611410990965382
6106,2022-09-12 10:00:00,26.2,19.8,68,21.76545870730042
6107,2022-09-12 11:00:00,28.1,20.0,61,22.44533809015487
6108,2022-09-12 12:00:00,29.4,20.0,57,22.965550467549733
6109,2022-09-12 13:00:00,30.4,19.9,53,23.168159331666477
6110,2022-09-12 14:00:00,31.2,19.5,50,23.3285034553241
6111,2022-09-12 15:00:00,31.8,18.7,46,23.09518996562063
6112,2022-09-12 16:00:00,31.9,17.8,43,22.596443655137342
6113,2022-09-12 17:00:00,31.8,17.2,42,22.31559163315662
6114,2022-09-12 18:00:00,31.2,17.0,43,22.01684136815866
6115,2022-09-12 19:00:00,29.2,18.8,53,22.121644005470408
6116,2022-09-12 20:00:00,27.6,17.6,54,20.888242340139012
6117,2022-09-12 21:00:00,26.5,18.0,60,20.850539108252175
6118,2022-09-12 22:00:00,25.7,17.3,60,20.13168149545837
6119,2022-09-12 23:00:00,24.5,17.9,66,19.910778510408313
6120,2022-09-13 00:00:00,24.0,18.4,71,20.144116661418106
6121,2022-09-13 01:00:00,23.4,19.2,78,20.526312402786143
6122,2022-09-13 02:00:00,22.9,19.0,78,20.04898380782188
6123,2022-09-13 03:00:00,22.5,18.4,78,19.667120581806937
6124,2022-09-13 04:00:00,22.2,18.1,77,19.25012258325116
6125,2022-09-13 05:00:00,21.9,17.9,78,19.094325150619945
6126,2022-09-13 06:00:00,21.4,17.2,77,18.488593722544323
6127,2022-09-13 07:00:00,22.5,18.2,76,19.404060332538545
6128,2022-09-13 08:00:00,22.6,18.3,77,19.63088651999154
6129,2022-09-13 09:00:00,23.9,17.6,68,19.63714441275211
6130,2022-09-13 10:00:00,25.7,18.5,64,20.722080459749417
6131,2022-09-13 11:00:00,27.6,19.4,61,21.99428734162903
6132,2022-09-13 12:00:00,28.9,19.8,58,22.684504492001576
6133,2022-09-13 13:00:00,29.7,19.5,54,22.728005910703054
6134,2022-09-13 14:00:00,30.4,19.5,52,22.99374219752861
6135,2022-09-13 15:00:00,31.0,19.0,49,22.975273182840454
6136,2022-09-13 16:00:00,31.1,18.6,47,22.69247509962094
6137,2022-09-13 17:00:00,31.2,18.1,46,22.58991525791819
6138,2022-09-13 18:00:00,30.9,17.9,46,22.337277319687207
6139,2022-09-13 19:00:00,29.2,18.5,53,22.121644005470408
6140,2022-09-13 20:00:00,26.7,19.5,64,21.63445843906122
6141,2022-09-13 21:00:00,25.4,19.8,71,21.45253934378879
6142,2022-09-13 22:00:00,24.4,20.0,77,21.344320283482233
6143,2022-09-13 23:00:00,23.5,20.2,82,21.1562695251263
6144,2022-09-14 00:00:00,22.6,20.4,87,20.940312866152453
6145,2022-09-14 01:00:00,23.5,20.1,81,21.02295094030664
6146,2022-09-14 02:00:00,22.3,20.4,89,20.90587844606865
6147,2022-09-14 03:00:00,21.1,20.0,94,20.35908713683757
6148,2022-09-14 04:00:00,20.8,20.1,96,20.312418392615164
6149,2022-09-14 05:00:00,20.5,20.0,97,20.13801662776982
6150,2022-09-14 06:00:00,20.5,19.7,95,19.887718087684394
6151,2022-09-14 07:00:00,19.6,18.0,90,18.3757459517494
6152,2022-09-14 08:00:00,20.5,17.8,84,18.51115298552368
6153,2022-09-14 09:00:00,23.0,17.9,73,19.478016834207537
6154,2022-09-14 10:00:00,25.7,17.7,61,20.280287836491045
6155,2022-09-14 11:00:00,27.7,14.9,46,19.642447056058394
6156,2022-09-14 12:00:00,28.6,14.9,43,19.864011319663877
6157,2022-09-14 13:00:00,29.4,15.2,42,20.340130643531353
6158,2022-09-14 14:00:00,30.0,15.6,42,20.833998736518474
6159,2022-09-14 15:00:00,30.4,15.8,41,20.96993182649211
6160,2022-09-14 16:00:00,30.0,15.6,42,20.833998736518474
6161,2022-09-14 17:00:00,29.7,16.5,45,21.144572854913623
6162,2022-09-14 18:00:00,29.0,18.0,52,21.778475465771788
6163,2022-09-14 19:00:00,28.4,19.1,57,22.077945964141698
6164,2022-09-14 20:00:00,26.1,21.4,75,22.678860398372645
6165,2022-09-14 21:00:00,25.1,21.6,81,22.563245242016748
6166,2022-09-14 22:00:00,24.6,21.5,83,22.3540557876477
6167,2022-09-14 23:00:00,24.5,21.5,83,22.25726952940228
6168,2022-09-15 00:00:00,24.1,21.2,84,22.004614464111288
6169,2022-09-15 01:00:00,23.6,19.9,80,20.985442486953477
6170,2022-09-15 02:00:00,23.2,17.9,72,19.531440491240684
6171,2022-09-15 03:00:00,23.0,16.0,65,18.39570553679322
6172,2022-09-15 04:00:00,22.5,15.7,65,17.937852733519183
6173,2022-09-15 05:00:00,22.3,15.7,66,17.889042718556766
6174,2022-09-15 06:00:00,22.1,15.6,66,17.705247874034967
6175,2022-09-15 07:00:00,22.2,16.3,69,18.196956823002733
6176,2022-09-15 08:00:00,22.6,16.6,69,18.56835026780345
6177,2022-09-15 09:00:00,24.4,17.0,63,19.393743297272625
6178,2022-09-15 10:00:00,26.9,17.4,56,20.59030417663124
6179,2022-09-15 11:00:00,28.9,18.8,55,22.193113474395933
6180,2022-09-15 12:00:00,29.9,20.0,56,23.241792045561393
6181,2022-09-15 13:00:00,30.4,20.4,55,23.5130883397927
6182,2022-09-15 14:00:00,30.7,20.5,55,23.777082433702027
6183,2022-09-15 15:00:00,31.0,20.5,53,23.691415119851555
6184,2022-09-15 16:00:00,29.1,20.5,60,23.186812969617538
6185,2022-09-15 17:00:00,27.2,22.4,75,23.719778939414745
6186,2022-09-15 18:00:00,27.2,22.5,75,23.719778939414745
6187,2022-09-15 19:00:00,27.0,22.0,75,23.530521193621738
6188,2022-09-15 20:00:00,25.0,21.5,81,22.466976975767224
6189,2022-09-15 21:00:00,24.7,21.8,84,22.586855991989832
6190,2022-09-15 22:00:00,24.7,22.1,86,22.85830334063724
6191,2022-09-15 23:00:00,24.5,22.4,88,22.933004747658508
6192,2022-09-16 00:00:00,24.4,22.5,89,22.96940611773663
6193,2022-09-16 01:00:00,24.2,22.7,91,23.040405438582546
6194,2022-09-16 02:00:00,24.2,22.9,92,23.174001259856773
6195,2022-09-16 03:00:00,24.0,22.8,93,23.109120667576917
6196,2022-09-16 04:00:00,23.9,22.5,92,22.87711683182589
6197,2022-09-16 05:00:00,23.5,22.4,93,22.613176850917405
6198,2022-09-16 06:00:00,23.5,22.6,95,22.876783153995458
6199,2022-09-16 07:00:00,23.6,22.6,94,22.84442493927852
6200,2022-09-16 08:00:00,24.0,22.9,94,23.242078261513353
6201,2022-09-16 09:00:00,25.0,23.0,89,23.558984326770084
6202,2022-09-16 10:00:00,26.2,22.9,82,23.762550935544887
6203,2022-09-16 11:00:00,27.3,23.1,78,24.249459518592946
6204,2022-09-16 12:00:00,28.7,23.4,73,24.83898692146454
6205,2022-09-16 13:00:00,29.9,23.4,68,25.18924247113019
6206,2022-09-16 14:00:00,30.6,22.4,61,24.70058146355359
6207,2022-09-16 15:00:00,28.0,23.0,74,24.328955274900295
6208,2022-09-16 16:00:00,29.2,23.1,70,24.8504269142897
6209,2022-09-16 17:00:00,29.6,22.7,67,24.75491829893742
6210,2022-09-16 18:00:00,28.6,22.6,70,24.291499468877362
6211,2022-09-16 19:00:00,25.8,23.0,85,23.792872074640186
6212,2022-09-16 20:00:00,24.6,22.2,87,22.89597703384851
6213,2022-09-16 21:00:00,24.4,22.1,88,22.83498018997873
6214,2022-09-16 22:00:00,24.2,22.4,89,22.77287993874167
6215,2022-09-16 23:00:00,24.1,22.8,92,23.07503979663569
6216,2022-09-17 00:00:00,24.2,23.1,94,23.440904849481168
6217,2022-09-17 01:00:00,24.4,23.1,93,23.505875495968443
6218,2022-09-17 02:00:00,24.1,23.1,94,23.341491561567256
6219,2022-09-17 03:00:00,23.9,23.0,95,23.275324327245595
6220,2022-09-17 04:00:00,23.7,23.0,96,23.20820891536487
6221,2022-09-17 05:00:00,23.5,22.8,96,23.00849954730787
6222,2022-09-17 06:00:00,23.2,22.5,96,22.708935407260977
6223,2022-09-17 07:00:00,23.8,22.9,95,23.175689051853272
6224,2022-09-17 08:00:00,25.3,23.3,89,23.85377324858928
6225,2022-09-17 09:00:00,27.5,23.7,80,24.729602314943865
6226,2022-09-17 10:00:00,29.2,23.0,69,24.696285802798087
6227,2022-09-17 11:00:00,30.5,22.4,62,24.77498405066834
6228,2022-09-17 12:00:00,31.4,21.8,57,24.74075027809263
6229,2022-09-17 13:00:00,31.9,21.8,55,24.833055979924758
6230,2022-09-17 14:00:00,32.0,22.4,57,25.273307926923735
6231,2022-09-17 15:00:00,32.3,22.5,56,25.362961735442145
6232,2022-09-17 16:00:00,30.0,23.0,66,24.96506279893099
6233,2022-09-17 17:00:00,30.1,21.9,61,24.249534133503236
6234,2022-09-17 18:00:00,29.3,22.5,67,24.478266192829796
6235,2022-09-17 19:00:00,29.1,22.2,66,24.13800310675241
6236,2022-09-17 20:00:00,27.8,22.5,73,23.992522349092237
6237,2022-09-17 21:00:00,26.9,23.0,79,24.010760786058473
6238,2022-09-17 22:00:00,26.2,23.2,84,24.0424573794788
6239,2022-09-17 23:00:00,25.4,23.4,89,23.952036195699282
6240,2022-09-18 00:00:00,24.9,23.6,93,24.001818753626168
6241,2022-09-18 01:00:00,24.5,23.5,94,23.739144640690267
6242,2022-09-18 02:00:00,24.5,23.5,95,23.873135730815928
6243,2022-09-18 03:00:00,24.1,23.4,96,23.607627511795208
6244,2022-09-18 04:00:00,24.0,23.3,96,23.507772880075336
6245,2022-09-18 05:00:00,23.6,23.1,97,23.240240026934895
6246,2022-09-18 06:00:00,23.7,23.2,97,23.34031156242178
6247,2022-09-18 07:00:00,24.5,24.1,98,24.274656247600777
6248,2022-09-18 08:00:00,25.2,24.5,96,24.706027705122093
6249,2022-09-18 09:00:00,26.0,24.9,94,25.230341990588943
6250,2022-09-18 10:00:00,27.0,25.3,90,25.664660270202106
6251,2022-09-18 11:00:00,28.6,25.1,81,25.93262434046119
6252,2022-09-18 12:00:00,29.5,25.0,76,26.04787425067064
6253,2022-09-18 13:00:00,30.6,25.0,72,26.469474621847173
6254,2022-09-18 14:00:00,31.2,24.7,68,26.392186419729587
6255,2022-09-18 15:00:00,31.6,24.0,64,26.105073376664805
6256,2022-09-18 16:00:00,31.5,23.0,60,25.343356444982007
6257,2022-09-18 17:00:00,31.0,23.0,63,25.393169851708297
6258,2022-09-18 18:00:00,30.0,23.2,67,25.123787463513242
6259,2022-09-18 19:00:00,29.9,22.6,65,24.714004363896645
6260,2022-09-18 20:00:00,28.5,22.8,71,24.349745691739013
6261,2022-09-18 21:00:00,27.5,23.0,77,24.295219597286124
6262,2022-09-18 22:00:00,26.6,23.4,82,24.148665699966468
6263,2022-09-18 23:00:00,25.9,23.5,87,24.16715563672867
6264,2022-09-19 00:00:00,25.2,23.5,90,23.891687934176282
6265,2022-09-19 01:00:00,24.6,23.4,93,23.704252835886777
6266,2022-09-19 02:00:00,24.6,23.3,92,23.569846985616714
6267,2022-09-19 03:00:00,25.1,23.2,89,23.65724731415995
6268,2022-09-19 04:00:00,24.4,23.1,93,23.505875495968443
6269,2022-09-19 05:00:00,23.9,23.1,96,23.40791823678299
6270,2022-09-19 06:00:00,23.9,23.3,97,23.54045459930681
6271,2022-09-19 07:00:00,24.4,23.5,95,23.77350052635582
6272,2022-09-19 08:00:00,25.0,23.8,93,24.101007368427396
6273,2022-09-19 09:00:00,26.1,23.9,88,24.501395785599847
6274,2022-09-19 10:00:00,27.5,24.0,81,24.87367871586583
6275,2022-09-19 11:00:00,29.0,24.1,75,25.42309533156935
6276,2022-09-19 12:00:00,30.1,23.8,69,25.531905805170407
6277,2022-09-19 13:00:00,31.4,23.8,64,25.922600433676596
6278,2022-09-19 14:00:00,32.2,23.4,60,25.97234540577325
6279,2022-09-19 15:00:00,32.6,23.1,58,25.98236219635496
6280,2022-09-19 16:00:00,32.4,22.4,55,25.273043651974373
6281,2022-09-19 17:00:00,31.5,21.8,56,24.655907100267765
6282,2022-09-19 18:00:00,30.7,22.0,60,24.624510350464316
6283,2022-09-19 19:00:00,27.2,23.6,81,24.5848750373349
6284,2022-09-19 20:00:00,26.7,23.0,80,23.961571616326577
6285,2022-09-19 21:00:00,26.1,23.4,85,24.084744383158014
6286,2022-09-19 22:00:00,26.0,23.3,85,23.987453628286733
6287,2022-09-19 23:00:00,25.5,23.4,88,23.91324955813704
6288,2022-09-20 00:00:00,25.0,23.2,90,23.694690749927872
6289,2022-09-20 01:00:00,24.2,23.1,93,23.30749810661632
6290,2022-09-20 02:00:00,24.6,23.0,90,23.300696223375212
6291,2022-09-20 03:00:00,23.5,22.8,96,23.00849954730787
6292,2022-09-20 04:00:00,23.1,22.6,97,22.73988217792162
6293,2022-09-20 05:00:00,23.0,22.5,98,22.770367615212056
6294,2022-09-20 06:00:00,22.8,22.5,98,22.569795607701042
6295,2022-09-20 07:00:00,24.7,24.6,99,24.60936762863851
6296,2022-09-20 08:00:00,25.0,24.6,98,24.7760852433079
6297,2022-09-20 09:00:00,26.3,25.0,93,25.390458264432862
6298,2022-09-20 10:00:00,26.0,24.0,89,24.541613599096525
6299,2022-09-20 11:00:00,28.1,24.0,79,25.159594621736343
6300,2022-09-20 12:00:00,29.8,24.4,73,25.873552644941135
6301,2022-09-20 13:00:00,30.8,23.8,66,25.700225431185615
6302,2022-09-20 14:00:00,31.7,21.8,56,24.832670936113143
6303,2022-09-20 15:00:00,32.4,20.6,50,24.360167569142003
6304,2022-09-20 16:00:00,32.8,20.1,48,24.324337667779307
6305,2022-09-20 17:00:00,32.5,20.1,48,24.06901226197568
6306,2022-09-20 18:00:00,31.8,20.2,51,24.027438639701195
6307,2022-09-20 19:00:00,31.4,20.9,54,24.21732725275284
6308,2022-09-20 20:00:00,29.5,22.0,64,24.189102797307996
6309,2022-09-20 21:00:00,28.1,22.9,73,24.274677380191783
6310,2022-09-20 22:00:00,27.0,23.5,81,24.392339172789733
6311,2022-09-20 23:00:00,26.2,23.8,86,24.321379905439475
6312,2022-09-21 00:00:00,25.7,23.8,89,24.246824957031254
6313,2022-09-21 01:00:00,25.0,23.7,93,24.101007368427396
6314,2022-09-21 02:00:00,24.3,23.5,95,23.673865310147928
6315,2022-09-21 03:00:00,23.8,23.1,96,23.308063581889193
6316,2022-09-21 04:00:00,23.2,22.8,98,22.970939577571205
6317,2022-09-21 05:00:00,22.9,22.5,98,22.670081617114537
6318,2022-09-21 06:00:00,22.5,22.3,99,22.39841418399096
6319,2022-09-21 07:00:00,22.7,22.2,97,22.339595691096417
6320,2022-09-21 08:00:00,23.7,22.5,93,22.811554415295404
6321,2022-09-21 09:00:00,26.1,23.0,83,23.805847759850682
6322,2022-09-21 10:00:00,28.5,22.6,70,24.198344822000575
6323,2022-09-21 11:00:00,30.4,21.7,60,24.354942625264027
6324,2022-09-21 12:00:00,31.5,20.9,53,24.127460681173197
6325,2022-09-21 13:00:00,32.5,20.5,49,24.258439898202077
6326,2022-09-21 14:00:00,33.2,19.8,45,24.075860463234633
6327,2022-09-21 15:00:00,33.8,18.8,41,23.751470676609944
6328,2022-09-21 16:00:00,33.8,17.0,37,22.883217709335074
6329,2022-09-21 17:00:00,33.2,16.1,36,22.183911710453895
6330,2022-09-21 18:00:00,32.0,16.8,40,22.07519871393644
6331,2022-09-21 19:00:00,30.9,20.9,55,23.953078337288964
6332,2022-09-21 20:00:00,29.0,21.4,64,23.732917762551438
6333,2022-09-21 21:00:00,27.8,20.9,66,22.94335799017111
6334,2022-09-21 22:00:00,26.7,21.5,73,22.957952386324976
6335,2022-09-21 23:00:00,25.6,22.2,82,23.183378314443768
6336,2022-09-22 00:00:00,25.0,22.5,86,23.15091891467487
6337,2022-09-22 01:00:00,24.5,22.7,89,23.067669186646857
6338,2022-09-22 02:00:00,24.0,22.8,93,23.109120667576917
6339,2022-09-22 03:00:00,23.6,22.7,94,22.84442493927852
6340,2022-09-22 04:00:00,23.2,22.5,95,22.57787714797971
6341,2022-09-22 05:00:00,23.2,22.4,95,22.57787714797971
6342,2022-09-22 06:00:00,23.1,22.2,94,22.34735800959741
6343,2022-09-22 07:00:00,23.1,22.4,95,22.47824178846359
6344,2022-09-22 08:00:00,23.9,22.5,92,22.87711683182589
6345,2022-09-22 09:00:00,26.4,22.9,81,23.81473119676004
6346,2022-09-22 10:00:00,29.8,22.6,66,24.781271916259946
6347,2022-09-22 11:00:00,32.3,21.2,52,24.643021621669238
6348,2022-09-22 12:00:00,33.7,19.6,44,24.291850369280215
6349,2022-09-22 13:00:00,34.6,18.5,39,23.969200258729398
6350,2022-09-22 14:00:00,35.3,17.6,35,23.609622561868218
6351,2022-09-22 15:00:00,35.7,17.3,34,23.681714504207854
6352,2022-09-22 16:00:00,36.0,16.5,32,23.415962936746944
6353,2022-09-22 17:00:00,35.8,16.2,31,23.0074863226129
6354,2022-09-22 18:00:00,35.1,16.2,33,22.971348311940222
6355,2022-09-22 19:00:00,32.0,18.3,44,22.876093068177116
6356,2022-09-22 20:00:00,30.0,18.5,50,22.296833962680253
6357,2022-09-22 21:00:00,29.0,19.8,57,22.610509044301217
6358,2022-09-22 22:00:00,27.9,20.4,64,22.729308484166022
6359,2022-09-22 23:00:00,27.0,21.1,70,22.801022571807543
6360,2022-09-23 00:00:00,26.6,21.5,74,23.008162462758296
6361,2022-09-23 01:00:00,26.3,21.5,75,22.86811848686569
6362,2022-09-23 02:00:00,25.9,21.2,76,22.63106722092984
6363,2022-09-23 03:00:00,25.0,21.1,79,22.191768887061205
6364,2022-09-23 04:00:00,24.5,21.4,82,22.121560334508853
6365,2022-09-23 05:00:00,24.0,21.5,86,22.175533150080778
6366,2022-09-23 06:00:00,23.8,21.4,86,21.980455818174836
6367,2022-09-23 07:00:00,24.4,20.8,81,21.889367024020075
6368,2022-09-23 08:00:00,25.4,20.5,74,21.876051279735275
6369,2022-09-23 09:00:00,27.0,20.6,68,22.50573892535775
6370,2022-09-23 10:00:00,29.0,20.6,61,23.25722766450633
6371,2022-09-23 11:00:00,31.2,20.7,54,24.04211346968491
6372,2022-09-23 12:00:00,33.2,20.5,48,24.664771012201278
6373,2022-09-23 13:00:00,34.2,20.2,44,24.70824719423192
6374,2022-09-23 14:00:00,35.1,18.4,37,23.9192944703055
6375,2022-09-23 15:00:00,35.2,17.7,36,23.766734010747633
6376,2022-09-23 16:00:00,34.8,18.0,37,23.680200651357005
6377,2022-09-23 17:00:00,33.8,18.5,40,23.53857735448472
6378,2022-09-23 18:00:00,32.5,19.6,47,23.877783090971036
6379,2022-09-23 19:00:00,31.0,21.2,56,24.21399698653828
6380,2022-09-23 20:00:00,29.1,23.5,72,25.06312531237916
6381,2022-09-23 21:00:00,28.1,24.1,79,25.159594621736343
6382,2022-09-23 22:00:00,27.2,24.6,86,25.296762504170243
6383,2022-09-23 23:00:00,26.4,24.9,91,25.21249482500437
6384,2022-09-24 00:00:00,25.6,24.9,95,24.96912221287965
6385,2022-09-24 01:00:00,25.0,24.4,96,24.506318681246437
6386,2022-09-24 02:00:00,24.3,23.9,98,24.07408457335485
6387,2022-09-24 03:00:00,23.7,23.4,98,23.47236928739036
6388,2022-09-24 04:00:00,23.7,23.2,97,23.34031156242178
6389,2022-09-24 05:00:00,24.1,23.6,97,23.74059759092785
6390,2022-09-24 06:00:00,23.9,23.5,98,23.672941093465557
6391,2022-09-24 07:00:00,23.1,23.1,100,23.00140201013681
6392,2022-09-24 08:00:00,23.0,22.8,99,22.900904066734796
6393,2022-09-24 09:00:00,24.7,24.2,97,24.341026296438404
6394,2022-09-24 10:00:00,27.8,23.9,79,24.872386385676112
6395,2022-09-24 11:00:00,29.8,22.7,66,24.781271916259946
6396,2022-09-24 12:00:00,31.4,21.4,55,24.393067546129405
6397,2022-09-24 13:00:00,32.5,20.6,50,24.446139343188545
6398,2022-09-24 14:00:00,33.8,18.8,41,23.751470676609944
6399,2022-09-24 15:00:00,34.5,17.6,37,23.441106346294344
6400,2022-09-24 16:00:00,34.2,17.7,38,23.425553611915536
6401,2022-09-24 17:00:00,33.6,17.9,39,23.161435545341437
6402,2022-09-24 18:00:00,32.5,18.0,42,22.891762229436726
6403,2022-09-24 19:00:00,30.7,20.2,54,23.6040784442519
6404,2022-09-24 20:00:00,28.6,22.1,68,23.986294920440752
6405,2022-09-24 21:00:00,27.2,22.9,77,24.009649456584725
6406,2022-09-24 22:00:00,26.5,23.0,82,24.052137032387748
6407,2022-09-24 23:00:00,26.1,23.4,85,24.084744383158014
6408,2022-09-25 00:00:00,25.7,23.5,88,24.109298354947285
6409,2022-09-25 01:00:00,25.2,23.5,91,24.027719559514033
6410,2022-09-25 02:00:00,24.8,23.5,93,23.902630126623077
6411,2022-09-25 03:00:00,24.2,23.4,95,23.574230082162668
6412,2022-09-25 04:00:00,23.8,23.0,96,23.308063581889193
6413,2022-09-25 05:00:00,23.1,22.6,97,22.73988217792162
6414,2022-09-25 06:00:00,22.9,22.4,97,22.539738957711972
6415,2022-09-25 07:00:00,23.0,22.6,98,22.770367615212056
6416,2022-09-25 08:00:00,24.0,23.2,96,23.507772880075336
6417,2022-09-25 09:00:00,26.5,23.5,84,24.33357724908168
6418,2022-09-25 10:00:00,28.6,23.4,73,24.744935379106586
6419,2022-09-25 11:00:00,30.5,22.0,61,24.610372049918162
6420,2022-09-25 12:00:00,31.9,20.2,50,23.93030816023301
6421,2022-09-25 13:00:00,33.0,18.7,43,23.507242562860725
6422,2022-09-25 14:00:00,33.8,17.5,38,23.10457999911715
6423,2022-09-25 15:00:00,34.3,16.6,35,22.823915211020285
6424,2022-09-25 16:00:00,34.4,16.3,34,22.667880329150147
6425,2022-09-25 17:00:00,34.5,15.9,33,22.507007122166325
6426,2022-09-25 18:00:00,34.2,15.9,34,22.511904918396525
6427,2022-09-25 19:00:00,32.8,18.7,43,23.341643178475408
6428,2022-09-25 20:00:00,30.5,18.9,50,22.726696920383862
6429,2022-09-25 21:00:00,28.6,22.9,71,24.443203626138672
6430,2022-09-25 22:00:00,27.6,23.0,76,24.244562328999702
6431,2022-09-25 23:00:00,27.0,22.7,77,23.819269274495586
6432,2022-09-26 00:00:00,26.4,22.5,79,23.53207931028082
6433,2022-09-26 01:00:00,26.0,22.4,81,23.42965889050505
6434,2022-09-26 02:00:00,25.6,22.0,81,23.044586323076718
6435,2022-09-26 03:00:00,25.2,21.7,81,22.659513491524276
6436,2022-09-26 04:00:00,25.0,21.6,82,22.60420511546731
6437,2022-09-26 05:00:00,24.8,21.6,83,22.547628256028382
6438,2022-09-26 06:00:00,24.6,21.4,82,22.21808932362307
6439,2022-09-26 07:00:00,24.8,20.8,78,21.862829940113556
6440,2022-09-26 08:00:00,24.8,19.4,72,21.03156579185431
6441,2022-09-26 09:00:00,26.1,19.7,68,21.67292357319167
6442,2022-09-26 10:00:00,28.1,21.0,65,23.065764300284464
6443,2022-09-26 11:00:00,30.0,21.1,59,23.83074126876971
6444,2022-09-26 12:00:00,31.6,20.9,53,24.21466969354733
6445,2022-09-26 13:00:00,33.0,20.5,48,24.49455441523487
6446,2022-09-26 14:00:00,33.9,19.4,43,24.252437558628426
6447,2022-09-26 15:00:00,33.9,18.0,39,23.40376549826565
6448,2022-09-26 16:00:00,34.0,16.1,34,22.35592925555391
6449,2022-09-26 17:00:00,33.5,14.3,31,21.255991439817265
6450,2022-09-26 18:00:00,32.6,12.1,29,20.08876188103967
6451,2022-09-26 19:00:00,29.6,13.8,38,19.734301955565506
6452,2022-09-26 20:00:00,28.4,12.9,38,18.771345273789493
6453,2022-09-26 21:00:00,27.2,12.8,41,18.351954947297767
6454,2022-09-26 22:00:00,25.6,13.6,47,18.035823830115728
6455,2022-09-26 23:00:00,24.6,12.4,47,17.189143957995253
6456,2022-09-27 00:00:00,24.1,9.0,38,15.320665692534892
6457,2022-09-27 01:00:00,23.1,7.6,37,14.355090644363667
6458,2022-09-27 02:00:00,22.2,7.5,39,13.952485720898373
6459,2022-09-27 03:00:00,21.2,7.8,42,13.590378033667509
6460,2022-09-27 04:00:00,20.2,8.3,46,13.326224816952852
6461,2022-09-27 05:00:00,19.2,8.7,51,13.14174284332914
6462,2022-09-27 06:00:00,18.7,9.1,53,12.96438505211243
6463,2022-09-27 07:00:00,18.1,8.6,53,12.441097224341704
6464,2022-09-27 08:00:00,18.3,9.2,55,12.865046955479091
6465,2022-09-27 09:00:00,21.4,10.9,51,15.042474236492449
6466,2022-09-27 10:00:00,24.5,11.3,44,16.629934459321756
6467,2022-09-27 11:00:00,26.9,10.2,35,17.009474781230583
6468,2022-09-27 12:00:00,28.3,8.9,30,17.084720770432046
6469,2022-09-27 13:00:00,29.4,8.8,28,17.467647229495448
6470,2022-09-27 14:00:00,30.0,8.6,26,17.44021813148805
6471,2022-09-27 15:00:00,30.6,8.4,25,17.62930123505651
6472,2022-09-27 16:00:00,30.8,8.6,25,17.773378421952312
6473,2022-09-27 17:00:00,30.8,8.4,25,17.773378421952312
6474,2022-09-27 18:00:00,30.1,8.5,26,17.512990100903732
6475,2022-09-27 19:00:00,26.6,11.5,39,17.506922855467668
6476,2022-09-27 20:00:00,24.8,11.6,44,16.879786831887134
6477,2022-09-27 21:00:00,24.1,11.0,44,16.29679709050738
6478,2022-09-27 22:00:00,23.8,8.9,39,15.24502607538178
6479,2022-09-27 23:00:00,23.2,8.8,40,14.920625485302583
6480,2022-09-28 00:00:00,22.8,9.0,41,14.752129148095168
6481,2022-09-28 01:00:00,22.2,9.1,43,14.564571134929764
6482,2022-09-28 02:00:00,21.2,9.1,46,14.168407599054301
6483,2022-09-28 03:00:00,20.5,8.9,47,13.717696912546216
6484,2022-09-28 04:00:00,19.8,8.6,48,13.259862502093931
6485,2022-09-28 05:00:00,19.3,8.4,49,12.966226112987275
6486,2022-09-28 06:00:00,18.9,8.2,50,12.753586216444447
6487,2022-09-28 07:00:00,18.2,8.6,54,12.652891021418359
6488,2022-09-28 08:00:00,18.6,9.1,54,13.00333991672558
6489,2022-09-28 09:00:00,21.5,10.1,48,14.706805843716566
6490,2022-09-28 10:00:00,24.0,9.9,41,15.73391339157996
6491,2022-09-28 11:00:00,26.0,9.6,36,16.4855346838396
6492,2022-09-28 12:00:00,27.6,8.9,31,16.762834785826993
6493,2022-09-28 13:00:00,28.8,8.4,28,17.022569163995456
6494,2022-09-28 14:00:00,29.4,8.9,28,17.467647229495448
6495,2022-09-28 15:00:00,29.7,9.3,28,17.69018482786885
6496,2022-09-28 16:00:00,29.9,9.1,27,17.60519857595202
6497,2022-09-28 17:00:00,30.1,8.8,26,17.512990100903732
6498,2022-09-28 18:00:00,30.0,9.3,28,17.912721489767787
6499,2022-09-28 19:00:00,26.7,9.4,34,16.66262316048723
6500,2022-09-28 20:00:00,24.3,10.9,43,16.303478674762708
6501,2022-09-28 21:00:00,24.2,10.4,42,16.059851918503032
6502,2022-09-28 22:00:00,22.7,10.8,47,15.580436999053916
6503,2022-09-28 23:00:00,21.6,11.6,53,15.493582873797706
6504,2022-09-29 00:00:00,20.9,11.6,55,15.153107817644099
6505,2022-09-29 01:00:00,21.4,10.2,49,14.762774130141043
6506,2022-09-29 02:00:00,20.8,9.9,50,14.387159884932917
6507,2022-09-29 03:00:00,20.0,9.9,53,14.09816871097443
6508,2022-09-29 04:00:00,19.4,9.9,55,13.83307668967785
6509,2022-09-29 05:00:00,19.0,9.8,55,13.481066570812029
6510,2022-09-29 06:00:00,18.6,9.3,55,13.129055662524802
6511,2022-09-29 07:00:00,18.3,8.6,53,12.615526720274648
6512,2022-09-29 08:00:00,18.4,8.6,53,12.70274138539104
6513,2022-09-29 09:00:00,20.0,8.1,46,13.15778744349236
6514,2022-09-29 10:00:00,21.5,7.5,41,13.688517017970511
6515,2022-09-29 11:00:00,23.1,6.8,35,14.023510367709104
6516,2022-09-29 12:00:00,24.6,6.5,31,14.478051880955213
6517,2022-09-29 13:00:00,26.0,7.2,30,15.347848280130215
6518,2022-09-29 14:00:00,27.1,7.8,29,15.971745297841306
6519,2022-09-29 15:00:00,28.2,8.2,29,16.795173085345567
6520,2022-09-29 16:00:00,29.0,8.8,28,17.170928949379764
6521,2022-09-29 17:00:00,29.2,8.9,28,17.319288303042782
6522,2022-09-29 18:00:00,28.5,8.4,28,16.80002866641682
6523,2022-09-29 19:00:00,25.8,9.1,35,16.14513023673817
6524,2022-09-29 20:00:00,24.0,8.8,38,15.24041560995444
6525,2022-09-29 21:00:00,23.4,8.1,38,14.758913338768163
6526,2022-09-29 22:00:00,22.1,8.9,43,14.481765244183862
6527,2022-09-29 23:00:00,21.1,9.8,48,14.366350183211068
6528,2022-09-30 00:00:00,20.5,8.4,45,13.439168747879389
6529,2022-09-30 01:00:00,19.8,6.9,43,12.577209058422692
6530,2022-09-30 02:00:00,18.9,6.6,45,12.099043223601345
6531,2022-09-30 03:00:00,18.1,6.7,47,11.685580788510645
6532,2022-09-30 04:00:00,17.2,6.9,51,11.413780989334786
6533,2022-09-30 05:00:00,16.5,7.5,55,11.28098491740205
6534,2022-09-30 06:00:00,16.1,8.1,59,11.390366898372609
6535,2022-09-30 07:00:00,15.2,8.3,63,11.030680087842756
6536,2022-09-30 08:00:00,15.6,8.8,64,11.506889801405073
6537,2022-09-30 09:00:00,18.5,9.6,56,13.165957697724341
6538,2022-09-30 10:00:00,21.0,9.4,47,14.141049587960481
6539,2022-09-30 11:00:00,22.9,8.4,39,14.517974772732927
6540,2022-09-30 12:00:00,24.2,8.2,36,15.060877736120453
6541,2022-09-30 13:00:00,25.5,8.1,33,15.541568133462771
6542,2022-09-30 14:00:00,26.4,8.4,32,16.04495582950482
6543,2022-09-30 15:00:00,27.1,8.4,31,16.382044234315114
6544,2022-09-30 16:00:00,27.8,7.9,29,16.495746334235776
6545,2022-09-30 17:00:00,28.0,7.0,27,16.20896469186339
6546,2022-09-30 18:00:00,27.4,6.7,27,15.768039923361723
6547,2022-09-30 19:00:00,24.0,7.8,35,14.730724759200086
6548,2022-09-30 20:00:00,21.8,8.8,43,14.233347135859987
6549,2022-09-30 21:00:00,19.8,10.1,54,14.054681641210689
6550,2022-09-30 22:00:00,18.8,10.6,59,13.806900630416727
6551,2022-09-30 23:00:00,18.3,10.5,60,13.48214406617831
6552,2022-10-01 00:00:00,18.0,7.7,51,12.104968635750229
6553,2022-10-01 01:00:00,17.0,6.4,50,11.119990466548227
6554,2022-10-01 02:00:00,16.0,6.8,54,10.725406514099866
6555,2022-10-01 03:00:00,16.1,6.9,54,10.81302003875641
6556,2022-10-01 04:00:00,15.9,7.4,57,10.982576045358671
6557,2022-10-01 05:00:00,15.2,8.1,62,10.919364094836487
6558,2022-10-01 06:00:00,14.8,8.7,67,11.106465783629758
6559,2022-10-01 07:00:00,14.8,9.6,71,11.545786382515473
6560,2022-10-01 08:00:00,15.4,10.2,71,12.10655437800385
6561,2022-10-01 09:00:00,18.8,11.2,61,14.055664290430617
6562,2022-10-01 10:00:00,22.0,11.2,50,15.418880035669385
6563,2022-10-01 11:00:00,24.6,9.6,39,15.891288401879308
6564,2022-10-01 12:00:00,25.8,9.0,35,16.14513023673817
6565,2022-10-01 13:00:00,26.7,9.1,33,16.470333015750157
6566,2022-10-01 14:00:00,27.5,9.3,32,16.889589943684047
6567,2022-10-01 15:00:00,28.0,9.3,31,17.06746543592127
6568,2022-10-01 16:00:00,28.1,9.3,31,17.14362285388646
6569,2022-10-01 17:00:00,28.0,9.2,31,17.06746543592127
6570,2022-10-01 18:00:00,27.6,9.4,32,16.96637428405025
6571,2022-10-01 19:00:00,24.5,11.2,43,16.469087364279275
6572,2022-10-01 20:00:00,22.3,11.6,51,15.820038683940119
6573,2022-10-01 21:00:00,20.9,11.7,56,15.287229858588017
6574,2022-10-01 22:00:00,19.9,11.4,58,14.662502142799681
6575,2022-10-01 23:00:00,19.4,11.7,61,14.596942696499354
6576,2022-10-02 00:00:00,18.6,12.3,67,14.610859967742762
6577,2022-10-02 01:00:00,19.6,11.9,61,14.777368522547572
6578,2022-10-02 02:00:00,19.1,11.9,63,14.575928491464026
6579,2022-10-02 03:00:00,16.3,12.4,78,13.748197794996354
6580,2022-10-02 04:00:00,16.1,12.6,79,13.671136133659388
6581,2022-10-02 05:00:00,15.9,10.0,68,12.234198663531739
6582,2022-10-02 06:00:00,15.1,8.8,66,11.272348451090457
6583,2022-10-02 07:00:00,14.5,8.6,68,10.938662474742722
6584,2022-10-02 08:00:00,15.4,9.1,66,11.548047595660822
6585,2022-10-02 09:00:00,18.9,9.9,56,13.51950492155478
6586,2022-10-02 10:00:00,22.1,10.0,46,14.926366460996483
6587,2022-10-02 11:00:00,24.7,9.7,39,15.972070839125895
6588,2022-10-02 12:00:00,26.4,7.8,31,15.848933166480737
6589,2022-10-02 13:00:00,27.3,7.8,29,16.121460436735223
6590,2022-10-02 14:00:00,28.1,7.8,28,16.50330644871031
6591,2022-10-02 15:00:00,28.5,7.8,27,16.57639868900419
6592,2022-10-02 16:00:00,28.9,7.6,26,16.639718819519256
6593,2022-10-02 17:00:00,28.9,7.4,26,16.639718819519256
6594,2022-10-02 18:00:00,28.2,7.8,28,16.577487171442826
6595,2022-10-02 19:00:00,25.0,9.4,37,15.86949431107237
6596,2022-10-02 20:00:00,23.1,9.8,43,15.309820945301194
6597,2022-10-02 21:00:00,22.0,10.1,47,14.987750204633269
6598,2022-10-02 22:00:00,21.0,9.6,48,14.28123611725853
6599,2022-10-02 23:00:00,20.2,8.8,48,13.600321376353364
6600,2022-10-03 00:00:00,19.8,9.6,52,13.792233513026034
6601,2022-10-03 01:00:00,18.5,10.2,58,13.414607004154156
6602,2022-10-03 02:00:00,18.2,10.2,60,13.392284023447136
6603,2022-10-03 03:00:00,18.0,9.4,57,12.846644950241753
6604,2022-10-03 04:00:00,17.1,9.2,60,12.403820758237103
6605,2022-10-03 05:00:00,16.8,9.2,61,12.251392522648146
6606,2022-10-03 06:00:00,17.0,9.3,61,12.43182044259019
6607,2022-10-03 07:00:00,16.3,9.8,65,12.2604116343152
6608,2022-10-03 08:00:00,17.0,10.4,66,13.018437486850399
6609,2022-10-03 09:00:00,20.0,11.4,57,14.621929198565127
6610,2022-10-03 10:00:00,22.9,11.7,49,16.046007100508316
6611,2022-10-03 11:00:00,25.4,11.1,41,16.87931512953817
6612,2022-10-03 12:00:00,27.4,9.8,33,17.0121062289841
6613,2022-10-03 13:00:00,28.5,9.4,31,17.448251562304872
6614,2022-10-03 14:00:00,29.1,9.2,29,17.468877080911632
6615,2022-10-03 15:00:00,29.8,9.1,28,17.764363818501415
6616,2022-10-03 16:00:00,29.9,9.1,27,17.60519857595202
6617,2022-10-03 17:00:00,29.6,9.0,28,17.616005733186068
6618,2022-10-03 18:00:00,29.4,9.2,29,17.6934432256528
6619,2022-10-03 19:00:00,26.5,11.1,38,17.24664352606708
6620,2022-10-03 20:00:00,25.0,11.1,42,16.718367448004607
6621,2022-10-03 21:00:00,23.6,11.1,46,16.189619933185202
6622,2022-10-03 22:00:00,22.6,11.4,49,15.78936149936126
6623,2022-10-03 23:00:00,23.2,11.1,46,15.85275368153615
6624,2022-10-04 00:00:00,22.9,11.2,48,15.898393257503066
6625,2022-10-04 01:00:00,21.8,11.6,52,15.528406606462397
6626,2022-10-04 02:00:00,20.0,12.2,61,15.13821971755408
6627,2022-10-04 03:00:00,20.2,12.6,61,15.318645088763581
6628,2022-10-04 04:00:00,20.4,12.9,62,15.62855291829198
6629,2022-10-04 05:00:00,20.2,11.8,58,14.929907149931203
6630,2022-10-04 06:00:00,19.8,12.3,62,15.085190279577581
6631,2022-10-04 07:00:00,18.5,11.8,65,14.275002318890824
6632,2022-10-04 08:00:00,19.2,12.2,64,14.791551593195251
6633,2022-10-04 09:00:00,21.3,13.0,59,16.044404164777816
6634,2022-10-04 10:00:00,23.0,13.1,53,16.714560122073426
6635,2022-10-04 11:00:00,24.6,13.0,48,17.34530610586995
6636,2022-10-04 12:00:00,27.0,12.8,41,18.188329339599143
6637,2022-10-04 13:00:00,28.0,12.3,38,18.45035755383374
6638,2022-10-04 14:00:00,28.7,11.5,34,18.22247398751277
6639,2022-10-04 15:00:00,28.8,11.1,33,18.095639469507354
6640,2022-10-04 16:00:00,29.1,11.1,33,18.32782296491664
6641,2022-10-04 17:00:00,29.1,10.9,32,18.118128319074273
6642,2022-10-04 18:00:00,28.4,10.6,33,17.78606028799619
6643,2022-10-04 19:00:00,25.3,10.5,39,16.456763851110882
6644,2022-10-04 20:00:00,23.9,11.4,45,16.286876563498534
6645,2022-10-04 21:00:00,22.8,11.7,50,16.10668915971826
6646,2022-10-04 22:00:00,21.5,13.2,59,16.22340337411739
6647,2022-10-04 23:00:00,20.9,15.1,69,16.98992518543786
6648,2022-10-05 00:00:00,20.0,16.1,79,17.404916464884607
6649,2022-10-05 01:00:00,18.8,16.5,87,17.224533918967424
6650,2022-10-05 02:00:00,18.8,16.5,86,17.103501983253633
6651,2022-10-05 03:00:00,20.1,16.4,79,17.50065399346842
6652,2022-10-05 04:00:00,19.7,16.4,81,17.364733598401887
6653,2022-10-05 05:00:00,17.4,15.9,91,16.32663286958118
6654,2022-10-05 06:00:00,17.0,15.7,92,16.048741149620444
6655,2022-10-05 07:00:00,16.5,15.5,94,15.786043747779733
6656,2022-10-05 08:00:00,17.2,15.4,89,15.89442671018622
6657,2022-10-05 09:00:00,21.0,16.1,74,17.72495100957975
6658,2022-10-05 10:00:00,24.3,15.7,59,18.72937670964839
6659,2022-10-05 11:00:00,26.4,15.0,50,19.201790677820956
6660,2022-10-05 12:00:00,27.6,14.5,45,19.385772570171344
6661,2022-10-05 13:00:00,28.8,13.8,40,19.473592936841317
6662,2022-10-05 14:00:00,29.4,13.2,37,19.376422401941756
6663,2022-10-05 15:00:00,29.7,12.9,36,19.41391324274994
6664,2022-10-05 16:00:00,29.8,12.9,35,19.288153766865705
6665,2022-10-05 17:00:00,29.5,12.9,36,19.255625132181542
6666,2022-10-05 18:00:00,28.8,13.1,38,19.092331901136923
6667,2022-10-05 19:00:00,26.6,15.3,50,19.373738978933183
6668,2022-10-05 20:00:00,24.7,16.9,62,19.522615784449194
6669,2022-10-05 21:00:00,23.6,17.5,69,19.496832070450733
6670,2022-10-05 22:00:00,22.9,18.0,74,19.517476770786786
6671,2022-10-05 23:00:00,22.1,17.9,77,19.154931548011188
6672,2022-10-06 00:00:00,21.6,18.0,80,19.0653500973457
6673,2022-10-06 01:00:00,20.6,18.2,86,18.859210058719622
6674,2022-10-06 02:00:00,20.0,18.4,91,18.893671434495392
6675,2022-10-06 03:00:00,19.8,18.2,91,18.69620728948127
6676,2022-10-06 04:00:00,19.2,18.1,93,18.34804653368036
6677,2022-10-06 05:00:00,18.9,18.1,95,18.293545331806218
6678,2022-10-06 06:00:00,18.3,17.9,97,17.936431596137123
6679,2022-10-06 07:00:00,17.2,16.1,93,16.364256244929386
6680,2022-10-06 08:00:00,17.6,15.9,89,16.28748324008045
6681,2022-10-06 09:00:00,21.2,16.2,73,17.785064236219434
6682,2022-10-06 10:00:00,24.7,16.0,59,19.087370620537808
6683,2022-10-06 11:00:00,27.3,14.4,45,19.134513551050414
6684,2022-10-06 12:00:00,29.0,12.6,37,19.0576166431647
6685,2022-10-06 13:00:00,30.1,11.2,31,18.666751510521884
6686,2022-10-06 14:00:00,30.9,10.2,28,18.58032599965651
6687,2022-10-06 15:00:00,31.2,10.1,27,18.560493670901064
6688,2022-10-06 16:00:00,31.3,10.2,27,18.63397718426415
6689,2022-10-06 17:00:00,31.3,9.9,27,18.63397718426415
6690,2022-10-06 18:00:00,30.9,9.6,27,18.34004252035611
6691,2022-10-06 19:00:00,27.8,12.0,38,18.289863277902768
6692,2022-10-06 20:00:00,26.3,13.9,46,18.46344310499739
6693,2022-10-06 21:00:00,24.5,15.8,58,18.76267290705339
6694,2022-10-06 22:00:00,23.1,17.0,69,19.032591489069283
6695,2022-10-06 23:00:00,22.5,17.9,75,19.272201108231336
6696,2022-10-07 00:00:00,22.2,18.2,78,19.380722955658577
6697,2022-10-07 01:00:00,21.7,18.2,81,19.29011447722956
6698,2022-10-07 02:00:00,21.1,18.2,84,19.09339808111766
6699,2022-10-07 03:00:00,20.6,18.2,86,18.859210058719622
6700,2022-10-07 04:00:00,19.9,18.0,89,18.54755325073194
6701,2022-10-07 05:00:00,19.6,17.7,89,18.252761986053233
6702,2022-10-07 06:00:00,19.4,17.4,88,17.933733532448738
6703,2022-10-07 07:00:00,18.6,17.0,90,17.390751499420567
6704,2022-10-07 08:00:00,19.3,17.0,86,17.59119922332744
6705,2022-10-07 09:00:00,22.4,17.3,73,18.913700135929165
6706,2022-10-07 10:00:00,25.3,17.4,62,20.06596868100319
6707,2022-10-07 11:00:00,27.9,16.5,50,20.4913986602543
6708,2022-10-07 12:00:00,29.5,14.3,39,19.849543114800063
6709,2022-10-07 13:00:00,29.8,13.1,36,19.493057192136256
6710,2022-10-07 14:00:00,29.8,12.6,35,19.288153766865705
6711,2022-10-07 15:00:00,30.2,12.3,33,19.179156102081514
6712,2022-10-07 16:00:00,30.8,12.1,32,19.42342578382868
6713,2022-10-07 17:00:00,30.2,11.9,32,18.96273532490357
6714,2022-10-07 18:00:00,28.9,12.6,37,18.97791503041956
6715,2022-10-07 19:00:00,26.8,14.4,46,18.884517104272298
6716,2022-10-07 20:00:00,25.1,14.9,53,18.546009401127623
6717,2022-10-07 21:00:00,23.9,15.3,59,18.371382245281666
6718,2022-10-07 22:00:00,23.4,15.4,61,18.205431434401934
6719,2022-10-07 23:00:00,23.0,15.1,61,17.844585086175204
6720,2022-10-08 00:00:00,22.2,14.1,60,16.98665474802154
6721,2022-10-08 01:00:00,22.5,11.5,50,15.848761132769724
6722,2022-10-08 02:00:00,22.5,11.5,50,15.848761132769724
6723,2022-10-08 03:00:00,22.6,12.1,51,16.07922591175004
6724,2022-10-08 04:00:00,22.0,12.6,55,16.121124069615295
6725,2022-10-08 05:00:00,21.0,12.9,59,15.77590506079714
6726,2022-10-08 06:00:00,20.5,13.0,62,15.719113232232957
6727,2022-10-08 07:00:00,19.8,13.0,65,15.46543436730503
6728,2022-10-08 08:00:00,20.2,13.0,63,15.575860055529827
6729,2022-10-08 09:00:00,22.7,13.1,54,16.595395219519844
6730,2022-10-08 10:00:00,25.0,13.4,48,17.685753953202852
6731,2022-10-08 11:00:00,27.1,14.5,46,19.137160880303437
6732,2022-10-08 12:00:00,28.9,15.2,43,20.112416592467333
6733,2022-10-08 13:00:00,30.2,14.8,39,20.414995076918768
6734,2022-10-08 14:00:00,30.5,14.2,37,20.253132663223866
6735,2022-10-08 15:00:00,30.8,13.9,36,20.28449287861997
6736,2022-10-08 16:00:00,30.7,13.5,35,19.99531703248343
6737,2022-10-08 17:00:00,30.2,13.1,35,19.602449271759493
6738,2022-10-08 18:00:00,29.5,13.1,37,19.45612367014604
6739,2022-10-08 19:00:00,27.3,15.1,47,19.475167732885268
6740,2022-10-08 20:00:00,26.0,14.9,50,18.85789353617723
6741,2022-10-08 21:00:00,25.0,14.6,52,18.306242787553014
6742,2022-10-08 22:00:00,24.0,15.2,58,18.3170060606063
6743,2022-10-08 23:00:00,23.1,16.3,65,18.48727600902363
6744,2022-10-09 00:00:00,22.2,17.2,73,18.725594386365028
6745,2022-10-09 01:00:00,22.0,16.6,71,18.274933418577746
6746,2022-10-09 02:00:00,21.8,13.6,60,16.6272204133357
6747,2022-10-09 03:00:00,21.5,12.9,58,16.08865788733763
6748,2022-10-09 04:00:00,20.6,12.6,60,15.548913867589402
6749,2022-10-09 05:00:00,20.0,12.3,61,15.13821971755408
6750,2022-10-09 06:00:00,19.5,12.1,62,14.813508468864509
6751,2022-10-09 07:00:00,18.9,12.2,66,14.764513892580183
6752,2022-10-09 08:00:00,18.8,12.4,67,14.795300435675149
6753,2022-10-09 09:00:00,21.3,12.7,58,15.910388989225577
6754,2022-10-09 10:00:00,23.6,12.9,51,16.943180108817685
6755,2022-10-09 11:00:00,25.8,13.1,45,17.87821119292244
6756,2022-10-09 12:00:00,27.5,13.2,41,18.59739288686868
6757,2022-10-09 13:00:00,28.6,13.4,39,19.12252895728204
6758,2022-10-09 14:00:00,29.4,12.8,36,19.176480970351967
6759,2022-10-09 15:00:00,29.8,12.1,34,19.080377906026104
6760,2022-10-09 16:00:00,29.9,11.9,33,18.94697530909796
6761,2022-10-09 17:00:00,29.4,12.1,35,18.973857086439345
6762,2022-10-09 18:00:00,28.6,12.3,36,18.543325075098327
6763,2022-10-09 19:00:00,26.2,14.6,49,18.86907803752489
6764,2022-10-09 20:00:00,24.7,15.1,55,18.497141941090632
6765,2022-10-09 21:00:00,23.8,15.4,59,18.28188354176933
6766,2022-10-09 22:00:00,23.1,15.2,61,17.93479672353339
6767,2022-10-09 23:00:00,22.4,15.2,64,17.71121294626211
6768,2022-10-10 00:00:00,21.2,16.0,72,17.6562754842366
6769,2022-10-10 01:00:00,21.8,16.3,71,18.088014557757564
6770,2022-10-10 02:00:00,21.6,16.3,72,18.031309256102478
6771,2022-10-10 03:00:00,19.8,16.3,80,17.337260436593258
6772,2022-10-10 04:00:00,19.0,15.9,82,16.81243907711227
6773,2022-10-10 05:00:00,18.6,15.9,84,16.667372634966704
6774,2022-10-10 06:00:00,18.5,16.4,87,16.93118194418803
6775,2022-10-10 07:00:00,17.9,16.8,93,17.058583509529033
6776,2022-10-10 08:00:00,18.5,17.0,91,17.412688899162966
6777,2022-10-10 09:00:00,21.6,17.0,75,18.42053203331328
6778,2022-10-10 10:00:00,24.9,15.2,55,18.673142082427322
6779,2022-10-10 11:00:00,27.0,13.5,44,18.712021133748973
6780,2022-10-10 12:00:00,28.2,11.8,36,18.22674535863106
6781,2022-10-10 13:00:00,28.9,11.7,35,18.580984549193584
6782,2022-10-10 14:00:00,29.2,11.9,34,18.612431500148084
6783,2022-10-10 15:00:00,29.2,12.5,36,19.01819243196844
6784,2022-10-10 16:00:00,28.6,13.1,38,18.931838722809207
6785,2022-10-10 17:00:00,27.6,12.7,40,18.49797500934861
6786,2022-10-10 18:00:00,26.3,12.6,43,17.959554139494486
6787,2022-10-10 19:00:00,24.7,13.4,49,17.585870748369654
6788,2022-10-10 20:00:00,23.5,15.1,59,18.013387219388626
6789,2022-10-10 21:00:00,22.9,15.6,64,18.1674070719681
6790,2022-10-10 22:00:00,21.9,15.9,69,17.91841146292409
6791,2022-10-10 23:00:00,21.1,16.2,74,17.819294676261155
6792,2022-10-11 00:00:00,20.6,16.6,78,17.853265888447435
6793,2022-10-11 01:00:00,20.1,16.9,82,17.874267734819835
6794,2022-10-11 02:00:00,20.0,17.0,83,17.901870536948802
6795,2022-10-11 03:00:00,19.5,17.1,86,17.786277999128462
6796,2022-10-11 04:00:00,19.1,17.3,89,17.761442898762713
6797,2022-10-11 05:00:00,18.9,17.5,92,17.929025291121835
6798,2022-10-11 06:00:00,18.9,17.5,92,17.929025291121835
6799,2022-10-11 07:00:00,19.0,17.2,89,17.663179033989717
6800,2022-10-11 08:00:00,19.5,17.1,86,17.786277999128462
6801,2022-10-11 09:00:00,22.2,17.1,73,18.725594386365028
6802,2022-10-11 10:00:00,25.0,16.5,59,19.355865695240933
6803,2022-10-11 11:00:00,27.2,16.5,52,20.215978774681457
6804,2022-10-11 12:00:00,28.1,15.6,47,20.15250110485738
6805,2022-10-11 13:00:00,29.1,15.2,43,20.27801983835829
6806,2022-10-11 14:00:00,28.8,15.9,45,20.39080400174005
6807,2022-10-11 15:00:00,29.2,15.4,43,20.3608213811816
6808,2022-10-11 16:00:00,28.5,15.6,46,20.31615916762352
6809,2022-10-11 17:00:00,28.2,15.8,47,20.237167561945906
6810,2022-10-11 18:00:00,27.2,16.8,53,20.377440158217336
6811,2022-10-11 19:00:00,24.6,20.4,77,21.53470142301124
6812,2022-10-11 20:00:00,24.4,20.4,79,21.61734907571382
6813,2022-10-11 21:00:00,23.9,20.5,81,21.40802492835916
6814,2022-10-11 22:00:00,23.4,20.5,84,21.32533196063241
6815,2022-10-11 23:00:00,23.6,20.6,84,21.51941275594763
6816,2022-10-12 00:00:00,24.0,21.0,83,21.773337995826093
6817,2022-10-12 01:00:00,24.1,21.6,86,22.273071793477502
6818,2022-10-12 02:00:00,24.2,21.6,85,22.236217501413662
6819,2022-10-12 03:00:00,23.5,21.4,88,21.952758532627048
6820,2022-10-12 04:00:00,23.0,21.4,90,21.72471596872833
6821,2022-10-12 05:00:00,22.5,21.4,93,21.621288264948525
6822,2022-10-12 06:00:00,22.1,21.4,96,21.610532645118596
6823,2022-10-12 07:00:00,20.6,19.2,92,19.611380290584684
6824,2022-10-12 08:00:00,21.2,19.6,90,19.9517339329696
6825,2022-10-12 09:00:00,22.5,20.1,86,20.712451673010985
6826,2022-10-12 10:00:00,24.6,20.4,77,21.53470142301124
6827,2022-10-12 11:00:00,27.1,20.8,68,22.59827384688673
6828,2022-10-12 12:00:00,29.4,21.2,62,23.77885229297768
6829,2022-10-12 13:00:00,30.8,21.4,57,24.208191587221126
6830,2022-10-12 14:00:00,31.5,21.2,55,24.481065294462077
6831,2022-10-12 15:00:00,31.9,20.7,52,24.295805930021768
6832,2022-10-12 16:00:00,32.3,20.1,49,24.087351493166473
6833,2022-10-12 17:00:00,32.3,19.8,48,23.898795133372655
6834,2022-10-12 18:00:00,29.5,21.8,63,24.02967388073358
6835,2022-10-12 19:00:00,25.5,21.5,79,22.670451573842396
6836,2022-10-12 20:00:00,26.0,21.7,77,22.86736728916429
6837,2022-10-12 21:00:00,25.5,22.2,82,23.086849488339208
6838,2022-10-12 22:00:00,25.5,22.4,83,23.2251313948594
6839,2022-10-12 23:00:00,25.0,22.6,87,23.287109166726566
6840,2022-10-13 00:00:00,24.9,23.4,91,23.731525458570307
6841,2022-10-13 01:00:00,24.5,23.2,92,23.470885573179924
6842,2022-10-13 02:00:00,24.1,22.9,93,23.20830939332344
6843,2022-10-13 03:00:00,23.9,22.6,93,23.0099319293448
6844,2022-10-13 04:00:00,23.5,22.5,94,22.745011578059245
6845,2022-10-13 05:00:00,23.4,22.0,92,22.382309194438815
6846,2022-10-13 06:00:00,23.0,21.7,92,21.986462850510634
6847,2022-10-13 07:00:00,22.7,21.3,92,21.68957795462565
6848,2022-10-13 08:00:00,20.5,20.3,98,20.2632142020973
6849,2022-10-13 09:00:00,21.6,20.5,93,20.728587428814095
6850,2022-10-13 10:00:00,22.1,20.4,90,20.838225525794957
6851,2022-10-13 11:00:00,25.1,21.5,81,22.563245242016748
6852,2022-10-13 12:00:00,26.8,21.8,74,23.19684738219628
6853,2022-10-13 13:00:00,28.4,21.7,67,23.648308657822593
6854,2022-10-13 14:00:00,28.5,21.2,65,23.4320405477141
6855,2022-10-13 15:00:00,28.6,20.8,63,23.211573586786198
6856,2022-10-13 16:00:00,29.0,19.9,58,22.773636306748806
6857,2022-10-13 17:00:00,29.1,19.4,56,22.534731517294976
6858,2022-10-13 18:00:00,29.0,19.5,57,22.610509044301217
6859,2022-10-13 19:00:00,23.4,21.4,88,21.854733832417395
6860,2022-10-13 20:00:00,23.6,21.5,88,22.050783218411027
6861,2022-10-13 21:00:00,22.2,20.8,92,21.19476952931612
6862,2022-10-13 22:00:00,22.1,21.5,96,21.610532645118596
6863,2022-10-13 23:00:00,21.7,21.3,98,21.466648749187808
6864,2022-10-14 00:00:00,21.2,21.0,98,20.965217894875185
6865,2022-10-14 01:00:00,20.9,20.7,99,20.790444668936562
6866,2022-10-14 02:00:00,21.0,20.6,98,20.76464547070793
6867,2022-10-14 03:00:00,21.5,20.5,94,20.756741722445643
6868,2022-10-14 04:00:00,21.1,20.0,93,20.23264205642515
6869,2022-10-14 05:00:00,20.2,19.0,93,19.33993953501252
6870,2022-10-14 06:00:00,19.6,17.4,87,18.006805112260466
6871,2022-10-14 07:00:00,18.3,15.2,82,16.136728713325635
6872,2022-10-14 08:00:00,18.0,14.4,79,15.490161480767295
6873,2022-10-14 09:00:00,20.3,14.9,71,16.686119866141553
6874,2022-10-14 10:00:00,23.1,15.4,62,18.073669263568142
6875,2022-10-14 11:00:00,26.0,14.6,50,18.85789353617723
6876,2022-10-14 12:00:00,27.9,12.8,39,18.557069887627982
6877,2022-10-14 13:00:00,28.8,11.1,33,18.095639469507354
6878,2022-10-14 14:00:00,29.0,10.8,32,18.04134534664268
6879,2022-10-14 15:00:00,29.0,10.8,32,18.04134534664268
6880,2022-10-14 16:00:00,28.6,9.5,30,17.311265281582468
6881,2022-10-14 17:00:00,27.9,10.4,33,17.399084364816392
6882,2022-10-14 18:00:00,26.4,13.1,44,18.212323660058455
6883,2022-10-14 19:00:00,24.8,16.6,61,19.46838951157282
6884,2022-10-14 20:00:00,23.8,16.6,64,18.988554587383426
6885,2022-10-14 21:00:00,23.0,16.8,68,18.80432212079325
6886,2022-10-14 22:00:00,22.4,17.5,74,19.04576025384737
6887,2022-10-14 23:00:00,21.9,18.1,79,19.22392605384729
6888,2022-10-15 00:00:00,21.6,18.6,83,19.450460850923612
6889,2022-10-15 01:00:00,21.6,19.0,85,19.706645354867014
6890,2022-10-15 02:00:00,21.2,19.1,88,19.69818669790736
6891,2022-10-15 03:00:00,20.2,19.0,93,19.33993953501252
6892,2022-10-15 04:00:00,20.1,19.0,93,19.240750297522283
6893,2022-10-15 05:00:00,20.2,19.1,94,19.464363548676726
6894,2022-10-15 06:00:00,20.1,19.1,94,19.36494974999251
6895,2022-10-15 07:00:00,19.4,18.7,96,18.914446823344583
6896,2022-10-15 08:00:00,20.2,19.4,95,19.588810953257717
6897,2022-10-15 09:00:00,23.8,20.9,84,21.71349348705625
6898,2022-10-15 10:00:00,26.6,21.7,75,23.15200547547592
6899,2022-10-15 11:00:00,28.4,21.0,64,23.185494899590683
6900,2022-10-15 12:00:00,29.9,20.0,55,23.073097539709313
6901,2022-10-15 13:00:00,31.2,17.6,44,22.209849836009834
6902,2022-10-15 14:00:00,32.0,16.1,38,21.66018783303154
6903,2022-10-15 15:00:00,32.2,16.0,38,21.820676758086957
6904,2022-10-15 16:00:00,31.5,16.7,41,21.869847986064826
6905,2022-10-15 17:00:00,29.6,18.8,52,22.299304946162483
6906,2022-10-15 18:00:00,28.1,19.4,59,22.130297593820952
6907,2022-10-15 19:00:00,26.5,20.9,71,22.480582657909395
6908,2022-10-15 20:00:00,25.1,21.2,79,22.28750545976665
6909,2022-10-15 21:00:00,24.1,21.3,84,22.004614464111288
6910,2022-10-15 22:00:00,23.4,21.3,88,21.854733832417395
6911,2022-10-15 23:00:00,22.7,21.3,92,21.68957795462565
6912,2022-10-16 00:00:00,22.5,21.2,93,21.621288264948525
6913,2022-10-16 01:00:00,22.2,21.1,93,21.323721437599147
6914,2022-10-16 02:00:00,22.2,21.0,93,21.323721437599147
6915,2022-10-16 03:00:00,22.1,21.0,93,21.224532469034667
6916,2022-10-16 04:00:00,22.2,21.0,93,21.323721437599147
6917,2022-10-16 05:00:00,22.2,21.0,93,21.323721437599147
6918,2022-10-16 06:00:00,22.1,21.0,93,21.224532469034667
6919,2022-10-16 07:00:00,22.4,21.4,94,21.65146378408321
6920,2022-10-16 08:00:00,22.4,21.4,94,21.65146378408321
6921,2022-10-16 09:00:00,25.0,21.8,83,22.741200660559127
6922,2022-10-16 10:00:00,27.0,21.6,73,23.240108069480122
6923,2022-10-16 11:00:00,28.1,21.1,66,23.219045682081312
6924,2022-10-16 12:00:00,29.0,20.6,61,23.25722766450633
6925,2022-10-16 13:00:00,30.0,20.3,56,23.330174468473825
6926,2022-10-16 14:00:00,30.5,19.7,52,23.08054669175248
6927,2022-10-16 15:00:00,30.5,19.5,52,23.08054669175248
6928,2022-10-16 16:00:00,30.5,19.6,52,23.08054669175248
6929,2022-10-16 17:00:00,29.2,19.9,57,22.78802981835983
6930,2022-10-16 18:00:00,27.6,21.2,68,23.060948107264675
6931,2022-10-16 19:00:00,26.3,22.4,79,23.436342964085565
6932,2022-10-16 20:00:00,25.6,23.1,86,23.73614966902913
6933,2022-10-16 21:00:00,23.9,22.4,91,22.744210948778104
6934,2022-10-16 22:00:00,23.8,22.4,92,22.778155330170918
6935,2022-10-16 23:00:00,23.6,22.8,95,22.976418465258416
6936,2022-10-17 00:00:00,23.6,23.0,96,23.108354237180855
6937,2022-10-17 01:00:00,21.9,21.6,98,21.667221009089413
6938,2022-10-17 02:00:00,21.0,20.6,98,20.76464547070793
6939,2022-10-17 03:00:00,21.1,20.4,95,20.48553200702578
6940,2022-10-17 04:00:00,21.5,20.4,93,20.62939838104901
6941,2022-10-17 05:00:00,21.1,20.1,94,20.35908713683757
6942,2022-10-17 06:00:00,21.0,19.8,93,20.133452941702576
6943,2022-10-17 07:00:00,20.6,19.9,95,19.987353773158215
6944,2022-10-17 08:00:00,20.5,19.7,95,19.887718087684394
6945,2022-10-17 09:00:00,20.6,19.8,95,19.987353773158215
6946,2022-10-17 10:00:00,20.2,19.4,95,19.588810953257717
6947,2022-10-17 11:00:00,19.9,18.9,94,19.166122112202896
6948,2022-10-17 12:00:00,19.0,17.9,93,18.14966776472551
6949,2022-10-17 13:00:00,18.4,16.5,88,16.953479530420204
6950,2022-10-17 14:00:00,18.1,15.9,87,16.54004573917778
6951,2022-10-17 15:00:00,19.1,16.1,83,17.030786440276582
6952,2022-10-17 16:00:00,22.1,15.7,67,17.838550511304028
6953,2022-10-17 17:00:00,22.6,12.1,52,16.222870179265165
6954,2022-10-17 18:00:00,21.7,10.8,50,15.160950736414613
6955,2022-10-17 19:00:00,20.5,10.1,51,14.264905521277758
6956,2022-10-17 20:00:00,19.5,9.6,53,13.662099126643984
6957,2022-10-17 21:00:00,18.8,7.9,49,12.5384725990973
6958,2022-10-17 22:00:00,18.8,4.4,39,11.205760983217
6959,2022-10-17 23:00:00,18.4,3.6,38,10.746264072700896
6960,2022-10-18 00:00:00,17.5,3.2,38,10.023959593139569
6961,2022-10-18 01:00:00,17.0,2.7,38,9.622675263381844
6962,2022-10-18 02:00:00,16.4,2.0,38,9.141130095739861
6963,2022-10-18 03:00:00,15.8,1.3,38,8.65958045822552
6964,2022-10-18 04:00:00,15.0,0.2,37,7.898530910507647
6965,2022-10-18 05:00:00,14.4,-0.6,36,7.303808186069167
6966,2022-10-18 06:00:00,13.9,-0.8,36,6.908005339908817
6967,2022-10-18 07:00:00,12.9,-1.7,36,6.11638746049603
6968,2022-10-18 08:00:00,12.9,-1.5,37,6.224470758116844
6969,2022-10-18 09:00:00,13.9,-1.1,36,6.908005339908817
6970,2022-10-18 10:00:00,14.8,-1.1,34,7.380620689227245
6971,2022-10-18 11:00:00,15.3,-0.9,33,7.646377759879252
6972,2022-10-18 12:00:00,15.6,-1.1,32,7.751408025830916
6973,2022-10-18 13:00:00,16.3,-1.0,31,8.156211017765765
6974,2022-10-18 14:00:00,18.0,-0.9,28,9.010343635818732
6975,2022-10-18 15:00:00,19.3,-1.0,25,9.487995391408461
6976,2022-10-18 16:00:00,19.5,-1.0,25,9.632109536399327
6977,2022-10-18 17:00:00,19.2,-1.8,24,9.24913910677583
6978,2022-10-18 18:00:00,18.3,-2.3,25,8.767410622751937
6979,2022-10-18 19:00:00,16.7,-1.5,29,8.18579488608199
6980,2022-10-18 20:00:00,15.4,-0.7,33,7.723788966838052
6981,2022-10-18 21:00:00,14.6,-0.7,35,7.3437937113690595
6982,2022-10-18 22:00:00,14.1,-1.2,35,6.95083742237901
6983,2022-10-18 23:00:00,13.9,-4.1,29,6.089241721205791
6984,2022-10-19 00:00:00,12.9,-3.5,32,5.67772927960687
6985,2022-10-19 01:00:00,11.8,-1.8,39,5.550334596341836
6986,2022-10-19 02:00:00,10.9,-1.8,41,5.0153781781883495
6987,2022-10-19 03:00:00,10.1,-2.0,43,4.544414472813406
6988,2022-10-19 04:00:00,9.4,-1.9,45,4.14158504088987
6989,2022-10-19 05:00:00,9.0,-1.7,47,3.9800487648735814
6990,2022-10-19 06:00:00,8.6,-1.9,48,3.726517852031895
6991,2022-10-19 07:00:00,7.9,-1.8,51,3.378385872684561
6992,2022-10-19 08:00:00,7.6,-1.2,54,3.3656343365768766
6993,2022-10-19 09:00:00,9.9,-0.8,47,4.742169906690053
6994,2022-10-19 10:00:00,11.9,-2.0,38,5.529387731343329
6995,2022-10-19 11:00:00,13.6,-3.2,31,6.099455568959916
6996,2022-10-19 12:00:00,15.1,-3.3,28,6.858560209133326
6997,2022-10-19 13:00:00,16.4,-3.1,26,7.541832628797149
6998,2022-10-19 14:00:00,17.5,-2.7,25,8.190925162897843
6999,2022-10-19 15:00:00,18.4,-2.0,25,8.839470179572544
7000,2022-10-19 16:00:00,18.8,-1.1,26,9.288859007537356
7001,2022-10-19 17:00:00,18.6,-0.6,27,9.300537485146316
7002,2022-10-19 18:00:00,18.0,-0.6,28,9.010343635818732
7003,2022-10-19 19:00:00,18.0,-1.5,27,8.859520929172145
7004,2022-10-19 20:00:00,14.1,1.5,42,7.745651146229113
7005,2022-10-19 21:00:00,13.6,1.2,43,7.442960409812089
7006,2022-10-19 22:00:00,12.6,-0.2,41,6.406440240381716
7007,2022-10-19 23:00:00,12.2,0.9,46,6.58848460973152
7008,2022-10-20 00:00:00,11.8,1.5,49,6.549737023300283
7009,2022-10-20 01:00:00,11.5,1.7,51,6.488943093509409
7010,2022-10-20 02:00:00,11.4,2.2,53,6.597567565371598
7011,2022-10-20 03:00:00,11.0,3.2,59,6.825705954772246
7012,2022-10-20 04:00:00,10.6,4.2,64,6.944772528086659
7013,2022-10-20 05:00:00,10.2,4.7,68,6.959470341340522
7014,2022-10-20 06:00:00,10.4,4.6,67,7.048679649036384
7015,2022-10-20 07:00:00,10.4,5.4,72,7.53019540973569
7016,2022-10-20 08:00:00,10.4,5.6,72,7.53019540973569
7017,2022-10-20 09:00:00,14.2,6.8,61,9.90581361589601
7018,2022-10-20 10:00:00,17.5,7.8,53,11.917807394023587
7019,2022-10-20 11:00:00,20.4,8.1,45,13.355411450340473
7020,2022-10-20 12:00:00,22.7,8.3,40,14.514099352265031
7021,2022-10-20 13:00:00,24.6,8.5,36,15.377470643479818
7022,2022-10-20 14:00:00,25.9,8.2,33,15.851157982289504
7023,2022-10-20 15:00:00,26.5,7.6,30,15.725434132346535
7024,2022-10-20 16:00:00,26.5,7.3,30,15.725434132346535
7025,2022-10-20 17:00:00,26.0,7.0,30,15.347848280130215
7026,2022-10-20 18:00:00,24.8,7.7,34,15.18073178084559
7027,2022-10-20 19:00:00,21.8,7.4,39,13.629347210542555
7028,2022-10-20 20:00:00,21.1,7.8,42,13.508061063836063
7029,2022-10-20 21:00:00,20.0,9.5,51,13.832920997894394
7030,2022-10-20 22:00:00,19.1,9.8,55,13.56906917403748
7031,2022-10-20 23:00:00,18.6,10.1,58,13.503742655888281
7032,2022-10-21 00:00:00,18.3,10.5,60,13.48214406617831
7033,2022-10-21 01:00:00,18.0,10.9,63,13.575992554846305
7034,2022-10-21 02:00:00,17.5,11.2,66,13.477932467161107
7035,2022-10-21 03:00:00,17.2,11.6,69,13.554501277954184
7036,2022-10-21 04:00:00,17.0,11.9,72,13.718396001243537
7037,2022-10-21 05:00:00,16.7,12.4,76,13.899108891891434
7038,2022-10-21 06:00:00,16.5,13.1,80,14.169078861876237
7039,2022-10-21 07:00:00,16.1,14.0,87,14.584360516073275
7040,2022-10-21 08:00:00,16.0,14.2,89,14.71525550557688
7041,2022-10-21 09:00:00,19.2,15.0,77,16.394382328575503
7042,2022-10-21 10:00:00,22.1,15.2,65,17.57156995426339
7043,2022-10-21 11:00:00,24.6,14.9,54,18.259980175987753
7044,2022-10-21 12:00:00,26.5,13.4,45,18.464487156184475
7045,2022-10-21 13:00:00,27.6,12.9,40,18.49797500934861
7046,2022-10-21 14:00:00,28.5,13.1,39,19.041749286652653
7047,2022-10-21 15:00:00,29.0,12.8,37,19.0576166431647
7048,2022-10-21 16:00:00,29.1,12.1,35,18.73813379144209
7049,2022-10-21 17:00:00,28.9,11.7,35,18.580984549193584
7050,2022-10-21 18:00:00,27.1,12.1,39,17.91082693840223
7051,2022-10-21 19:00:00,24.0,13.1,51,17.288760428226173
7052,2022-10-21 20:00:00,22.5,13.5,57,16.841010013409768
7053,2022-10-21 21:00:00,21.6,14.0,62,16.715274363596052
7054,2022-10-21 22:00:00,20.5,14.3,67,16.36303938832364
7055,2022-10-21 23:00:00,20.0,14.6,71,16.405740227605126
7056,2022-10-22 00:00:00,19.8,14.8,73,16.468317989512705
7057,2022-10-22 01:00:00,19.5,14.8,74,16.309793168835725
7058,2022-10-22 02:00:00,19.0,14.7,76,16.082116155111873
7059,2022-10-22 03:00:00,18.8,14.9,78,16.13487028986888
7060,2022-10-22 04:00:00,18.3,15.1,82,16.136728713325635
7061,2022-10-22 05:00:00,18.2,15.2,83,16.159700821697037
7062,2022-10-22 06:00:00,18.1,15.3,83,16.062913435033558
7063,2022-10-22 07:00:00,18.5,15.6,84,16.570331381931048
7064,2022-10-22 08:00:00,18.6,15.8,84,16.667372634966704
7065,2022-10-22 09:00:00,21.8,16.5,72,18.218825995417394
7066,2022-10-22 10:00:00,24.6,16.6,61,19.287967316188727
7067,2022-10-22 11:00:00,26.9,15.5,50,19.631661097409264
7068,2022-10-22 12:00:00,28.2,14.6,43,19.53280352565816
7069,2022-10-22 13:00:00,29.4,13.8,39,19.768764016434673
7070,2022-10-22 14:00:00,28.6,13.9,40,19.310990575517696
7071,2022-10-22 15:00:00,29.0,12.4,36,18.859903605084142
7072,2022-10-22 16:00:00,28.8,12.1,36,18.70161448702861
7073,2022-10-22 17:00:00,27.2,11.6,38,17.80837875568469
7074,2022-10-22 18:00:00,26.4,11.4,39,17.34536072884313
7075,2022-10-22 19:00:00,24.5,17.8,66,19.910778510408313
7076,2022-10-22 20:00:00,24.0,16.2,62,18.888702674167256
7077,2022-10-22 21:00:00,23.7,16.7,65,19.03669823180775
7078,2022-10-22 22:00:00,23.4,17.4,69,19.311135914019566
7079,2022-10-22 23:00:00,23.1,17.2,69,19.032591489069283
7080,2022-10-23 00:00:00,22.8,17.4,72,19.156408250553664
7081,2022-10-23 01:00:00,22.6,17.0,70,18.702181302548624
7082,2022-10-23 02:00:00,22.1,17.2,74,18.762730076386955
7083,2022-10-23 03:00:00,21.9,17.4,76,18.834586086791564
7084,2022-10-23 04:00:00,21.2,16.2,73,17.785064236219434
7085,2022-10-23 05:00:00,20.6,16.1,76,17.600722570005768
7086,2022-10-23 06:00:00,21.9,16.1,70,18.05008859494698
7087,2022-10-23 07:00:00,22.5,18.6,79,19.798348655420416
7088,2022-10-23 08:00:00,22.1,18.8,82,19.80485951983336
7089,2022-10-23 09:00:00,24.5,18.4,69,20.332463537191167
7090,2022-10-23 10:00:00,26.1,18.4,62,20.790437530570667
7091,2022-10-23 11:00:00,28.3,16.6,49,20.665550602119115
7092,2022-10-23 12:00:00,28.8,15.1,43,20.02961488895345
7093,2022-10-23 13:00:00,29.6,13.6,38,19.734301955565506
7094,2022-10-23 14:00:00,28.6,13.9,41,19.49732726436062
7095,2022-10-23 15:00:00,29.4,13.6,38,19.57380983605818
7096,2022-10-23 16:00:00,27.9,14.4,44,19.46156358935308
7097,2022-10-23 17:00:00,27.6,14.4,44,19.211716596420555
7098,2022-10-23 18:00:00,26.9,14.8,47,19.13649988327896
7099,2022-10-23 19:00:00,25.0,18.0,65,20.227109536724797
7100,2022-10-23 20:00:00,24.1,18.5,71,20.2375755736783
7101,2022-10-23 21:00:00,24.1,19.0,73,20.512595345349386
7102,2022-10-23 22:00:00,24.5,18.5,69,20.332463537191167
7103,2022-10-23 23:00:00,24.7,18.9,70,20.65845213076945
7104,2022-10-24 00:00:00,24.1,19.1,74,20.649594185732905
7105,2022-10-24 01:00:00,24.4,18.1,68,20.099822558178634
7106,2022-10-24 02:00:00,24.5,17.6,65,19.769259594542444
7107,2022-10-24 03:00:00,24.6,17.3,64,19.718461478668935
7108,2022-10-24 04:00:00,24.1,17.2,65,19.402979139319697
7109,2022-10-24 05:00:00,23.5,17.6,70,19.540584402969486
7110,2022-10-24 06:00:00,24.0,17.6,68,19.72968009302708
7111,2022-10-24 07:00:00,24.1,19.7,76,20.92265467533095
7112,2022-10-24 08:00:00,23.6,20.8,84,21.51941275594763
7113,2022-10-24 09:00:00,24.2,21.4,84,22.10165475807771
7114,2022-10-24 10:00:00,25.9,21.5,77,22.77217699085533
7115,2022-10-24 11:00:00,27.1,20.1,66,22.300085857405637
7116,2022-10-24 12:00:00,27.7,19.7,62,22.239369665061798
7117,2022-10-24 13:00:00,29.5,18.7,52,22.212500125555067
7118,2022-10-24 14:00:00,28.6,18.5,54,21.7643221801439
7119,2022-10-24 15:00:00,27.5,19.2,60,21.74910834995604
7120,2022-10-24 16:00:00,27.9,18.8,58,21.793184651187293
7121,2022-10-24 17:00:00,27.6,18.4,57,21.367860055190704
7122,2022-10-24 18:00:00,27.1,19.0,61,21.543235874362846
7123,2022-10-24 19:00:00,25.4,20.9,76,22.15650880880762
7124,2022-10-24 20:00:00,25.7,20.7,74,22.15907934625895
7125,2022-10-24 21:00:00,25.4,20.6,75,22.01645647606959
7126,2022-10-24 22:00:00,24.9,20.5,76,21.68194991719246
7127,2022-10-24 23:00:00,24.8,21.0,80,22.137494440270487
7128,2022-10-25 00:00:00,24.5,21.9,85,22.528090528211134
7129,2022-10-25 01:00:00,24.9,22.0,84,22.780936376267384
7130,2022-10-25 02:00:00,24.5,22.2,87,22.79819396475801
7131,2022-10-25 03:00:00,15.2,11.6,79,12.809489648828244
7132,2022-10-25 04:00:00,15.9,11.4,74,12.913391364341336
7133,2022-10-25 05:00:00,16.9,11.8,72,13.624636382953312
7134,2022-10-25 06:00:00,15.4,11.8,79,13.000966810968627
7135,2022-10-25 07:00:00,17.2,6.4,49,11.1696503989572
7136,2022-10-25 08:00:00,15.8,6.2,53,10.435141541578503
7137,2022-10-25 09:00:00,15.2,6.2,55,10.136929162765048
7138,2022-10-25 10:00:00,15.8,6.4,54,10.550179289680248
7139,2022-10-25 11:00:00,17.4,6.4,49,11.340754113065518
7140,2022-10-25 12:00:00,18.9,6.8,45,12.099043223601345
7141,2022-10-25 13:00:00,20.4,6.3,40,12.644052247313592
7142,2022-10-25 14:00:00,21.1,6.3,38,12.913125001753347
7143,2022-10-25 15:00:00,21.6,6.2,37,13.159485458684173
7144,2022-10-25 16:00:00,21.6,6.2,37,13.159485458684173
7145,2022-10-25 17:00:00,21.6,4.4,32,12.359127734073116
7146,2022-10-25 18:00:00,20.4,5.2,37,12.20298529212225
7147,2022-10-25 19:00:00,18.2,4.1,39,10.72103299852552
7148,2022-10-25 20:00:00,16.4,5.1,47,10.246140194032387
7149,2022-10-25 21:00:00,15.3,5.4,52,9.885762063533775
7150,2022-10-25 22:00:00,14.4,5.7,56,9.54205170476567
7151,2022-10-25 23:00:00,13.3,6.2,62,9.19867079443784
7152,2022-10-26 00:00:00,12.7,6.2,65,8.963769122892124
7153,2022-10-26 01:00:00,12.1,6.4,69,8.819115851832818
7154,2022-10-26 02:00:00,11.6,6.6,72,8.65533335650593
7155,2022-10-26 03:00:00,11.4,6.4,71,8.368078816552236
7156,2022-10-26 04:00:00,11.8,5.8,67,8.33980183484206
7157,2022-10-26 05:00:00,11.9,5.3,64,8.130933687653375
7158,2022-10-26 06:00:00,11.8,5.2,64,8.039690801030911
7159,2022-10-26 07:00:00,11.2,6.4,72,8.280287932420196
7160,2022-10-26 08:00:00,10.9,6.6,75,8.294979652332009
7161,2022-10-26 09:00:00,14.1,7.5,65,10.245802928265691
7162,2022-10-26 10:00:00,16.8,7.4,54,11.426313100102078
7163,2022-10-26 11:00:00,19.0,6.1,43,11.914744953761343
7164,2022-10-26 12:00:00,20.5,4.7,35,11.980398766810247
7165,2022-10-26 13:00:00,21.4,4.4,33,12.36817381343068
7166,2022-10-26 14:00:00,22.0,4.7,32,12.666290480708565
7167,2022-10-26 15:00:00,22.2,4.9,32,12.81987108961896
7168,2022-10-26 16:00:00,22.4,4.9,32,12.973451196415269
7169,2022-10-26 17:00:00,22.2,4.7,32,12.81987108961896
7170,2022-10-26 18:00:00,20.8,12.2,58,15.464716039636766
7171,2022-10-26 19:00:00,17.9,6.9,49,11.768512208685628
7172,2022-10-26 20:00:00,17.0,6.0,48,10.876620584291746
7173,2022-10-26 21:00:00,15.4,6.4,55,10.312938362749211
7174,2022-10-26 22:00:00,14.4,7.6,64,10.411991447374685
7175,2022-10-26 23:00:00,15.6,7.0,56,10.60271638073677
7176,2022-10-27 00:00:00,15.2,6.9,58,10.47310434890957
7177,2022-10-27 01:00:00,14.6,6.8,60,10.15729333433307
7178,2022-10-27 02:00:00,13.1,7.0,66,9.434345347479319
7179,2022-10-27 03:00:00,11.7,7.1,73,8.849896518235534
7180,2022-10-27 04:00:00,11.4,7.1,75,8.76814341741277
7181,2022-10-27 05:00:00,11.1,7.8,80,8.98472820411471
7182,2022-10-27 06:00:00,11.4,9.0,85,9.782822916632465
7183,2022-10-27 07:00:00,11.3,9.1,86,9.787987513803753
7184,2022-10-27 08:00:00,11.4,7.9,80,9.272749588803466
7185,2022-10-27 09:00:00,14.0,7.6,65,10.154229352681444
7186,2022-10-27 10:00:00,17.0,7.9,55,11.721003872087646
7187,2022-10-27 11:00:00,20.0,8.7,48,13.430092066383253
7188,2022-10-27 12:00:00,22.0,9.7,45,14.69551985266688
7189,2022-10-27 13:00:00,23.1,10.6,45,15.616834430660361
7190,2022-10-27 14:00:00,23.6,11.2,46,16.189619933185202
7191,2022-10-27 15:00:00,23.7,11.6,46,16.2738363472155
7192,2022-10-27 16:00:00,23.4,11.4,47,16.173120900179363
7193,2022-10-27 17:00:00,22.5,11.3,49,15.703812857017283
7194,2022-10-27 18:00:00,21.2,11.6,54,15.281237955537549
7195,2022-10-27 19:00:00,20.0,12.1,60,15.009758547742074
7196,2022-10-27 20:00:00,19.4,12.8,66,15.224005690064093
7197,2022-10-27 21:00:00,19.2,13.4,69,15.411492147039475
7198,2022-10-27 22:00:00,18.9,14.2,74,15.743728505953502
7199,2022-10-27 23:00:00,18.5,14.9,79,15.968851027660968
7200,2022-10-28 00:00:00,18.4,15.2,82,16.233258824275772
7201,2022-10-28 01:00:00,18.0,15.9,87,16.4422616449867
7202,2022-10-28 02:00:00,17.5,15.6,89,16.189219132484762
7203,2022-10-28 03:00:00,17.6,15.6,88,16.16927513569962
7204,2022-10-28 04:00:00,17.5,15.8,90,16.307255796808022
7205,2022-10-28 05:00:00,17.7,16.3,92,16.74147804562721
7206,2022-10-28 06:00:00,18.7,17.5,92,17.731100898687778
7207,2022-10-28 07:00:00,18.9,17.2,90,17.6862499971054
7208,2022-10-28 08:00:00,19.1,17.8,92,18.12694962491155
7209,2022-10-28 09:00:00,20.3,18.2,88,18.815960752788726
7210,2022-10-28 10:00:00,21.5,18.5,83,19.353674089506804
7211,2022-10-28 11:00:00,21.3,18.5,84,19.287479641326183
7212,2022-10-28 12:00:00,21.4,19.2,88,19.89423673792112
7213,2022-10-28 13:00:00,21.2,19.8,91,20.0784550873194
7214,2022-10-28 14:00:00,21.6,19.9,90,20.345730340190205
7215,2022-10-28 15:00:00,21.5,20.0,91,20.37465067939991
7216,2022-10-28 16:00:00,22.9,19.9,83,20.708687177356143
7217,2022-10-28 17:00:00,23.1,20.0,82,20.770152727234482
7218,2022-10-28 18:00:00,22.4,20.2,88,20.874486028286167
7219,2022-10-28 19:00:00,20.2,19.4,95,19.588810953257717
7220,2022-10-28 20:00:00,20.0,19.1,95,19.389539464963104
7221,2022-10-28 21:00:00,17.5,15.9,90,16.307255796808022
7222,2022-10-28 22:00:00,17.0,15.4,91,15.931702936316817
7223,2022-10-28 23:00:00,16.6,15.1,91,15.536772749066209
7224,2022-10-29 00:00:00,15.9,14.7,93,15.07478937169645
7225,2022-10-29 01:00:00,15.3,14.3,94,14.593070901261338
7226,2022-10-29 02:00:00,14.2,13.4,95,13.61064225313191
7227,2022-10-29 03:00:00,14.1,13.1,94,13.40009584921971
7228,2022-10-29 04:00:00,13.9,12.6,92,12.980897023183509
7229,2022-10-29 05:00:00,14.6,12.6,88,13.22849876830649
7230,2022-10-29 06:00:00,14.6,12.4,87,13.117591830893268
7231,2022-10-29 07:00:00,14.9,12.6,86,13.299448102347657
7232,2022-10-29 08:00:00,14.9,12.4,85,13.1880789441975
7233,2022-10-29 09:00:00,15.6,12.2,81,13.417677767449526
7234,2022-10-29 10:00:00,16.5,11.8,74,13.47946069739546
7235,2022-10-29 11:00:00,16.6,11.5,72,13.343357356944939
7236,2022-10-29 12:00:00,17.5,11.3,67,13.596435090557993
7237,2022-10-29 13:00:00,18.9,11.6,63,14.394122287926038
7238,2022-10-29 14:00:00,19.4,12.3,64,14.974031428282288
7239,2022-10-29 15:00:00,19.8,12.3,62,15.085190279577581
7240,2022-10-29 16:00:00,19.8,12.7,64,15.338990685833608
7241,2022-10-29 17:00:00,19.9,12.6,63,15.303151870852993
7242,2022-10-29 18:00:00,19.4,12.8,65,15.099148185397759
7243,2022-10-29 19:00:00,17.8,12.8,73,14.587243357878023
7244,2022-10-29 20:00:00,17.6,12.8,73,14.399135318496768
7245,2022-10-29 21:00:00,16.8,12.7,77,14.10977564972585
7246,2022-10-29 22:00:00,15.7,12.7,82,13.626938694835843
7247,2022-10-29 23:00:00,14.8,12.6,87,13.313161232692725
7248,2022-10-30 00:00:00,14.9,12.6,86,13.299448102347657
7249,2022-10-30 01:00:00,15.5,12.6,83,13.546434417397712
7250,2022-10-30 02:00:00,15.6,12.7,83,13.643222326480767
7251,2022-10-30 03:00:00,14.2,12.5,90,13.056756755016355
7252,2022-10-30 04:00:00,13.6,12.2,92,12.684008045277274
7253,2022-10-30 05:00:00,13.1,11.9,92,12.189192741833548
7254,2022-10-30 06:00:00,12.8,11.8,93,11.999896086823146
7255,2022-10-30 07:00:00,12.9,12.0,95,12.315365377757725
7256,2022-10-30 08:00:00,12.8,11.9,95,12.215728584834213
7257,2022-10-30 09:00:00,14.9,13.0,88,13.522577131448699
7258,2022-10-30 10:00:00,17.6,14.0,79,15.107209449288142
7259,2022-10-30 11:00:00,19.6,13.6,68,15.658084621714988
7260,2022-10-30 12:00:00,21.0,13.0,60,15.908349981862774
7261,2022-10-30 13:00:00,21.8,12.5,56,16.082700257821433
7262,2022-10-30 14:00:00,22.3,12.4,53,16.10407264528443
7263,2022-10-30 15:00:00,23.1,11.6,48,16.068619117893196
7264,2022-10-30 16:00:00,23.1,11.4,48,16.068619117893196
7265,2022-10-30 17:00:00,22.6,11.6,50,15.934737193927198
7266,2022-10-30 18:00:00,21.6,12.7,57,16.0421439119212
7267,2022-10-30 19:00:00,19.5,13.9,70,15.814332402827688
7268,2022-10-30 20:00:00,18.6,13.9,74,15.46069583891002
7269,2022-10-30 21:00:00,17.6,14.1,79,15.107209449288142
7270,2022-10-30 22:00:00,17.1,13.6,80,14.745113607457935
7271,2022-10-30 23:00:00,16.5,13.2,81,14.284107693097365
7272,2022-10-31 00:00:00,15.6,13.1,85,13.869127115693015
7273,2022-10-31 01:00:00,15.1,12.9,86,13.494528480609976
7274,2022-10-31 02:00:00,14.9,12.7,87,13.410945905133318
7275,2022-10-31 03:00:00,13.9,12.4,91,12.870987120167701
7276,2022-10-31 04:00:00,13.4,12.2,93,12.595037945981876
7277,2022-10-31 05:00:00,13.0,12.0,94,12.306533383988718
7278,2022-10-31 06:00:00,12.9,11.9,94,12.207118517389436
7279,2022-10-31 07:00:00,12.1,11.4,95,11.518270584917612
7280,2022-10-31 08:00:00,12.4,11.6,95,11.817181253069915
7281,2022-10-31 09:00:00,15.4,13.0,86,13.787148903017457
7282,2022-10-31 10:00:00,18.5,14.2,76,15.60755043996743
7283,2022-10-31 11:00:00,21.1,14.3,65,16.655860873159288
7284,2022-10-31 12:00:00,22.5,13.7,58,16.980000014109812
7285,2022-10-31 13:00:00,23.3,13.2,53,16.976196925314852
7286,2022-10-31 14:00:00,23.9,12.6,50,17.052421311737994
7287,2022-10-31 15:00:00,24.2,12.4,48,17.004857422571238
7288,2022-10-31 16:00:00,24.2,12.4,48,17.004857422571238
7289,2022-10-31 17:00:00,23.9,12.6,49,16.90148897502813
7290,2022-10-31 18:00:00,22.2,14.1,60,16.98665474802154
7291,2022-10-31 19:00:00,20.1,13.2,65,15.740148659043992
7292,2022-10-31 20:00:00,19.3,13.4,69,15.504341377763819
7293,2022-10-31 21:00:00,18.4,13.9,75,15.392360411362937
7294,2022-10-31 22:00:00,17.8,14.6,82,15.654077860126353
7295,2022-10-31 23:00:00,16.9,15.1,89,15.599634137633895
7296,2022-11-01 00:00:00,16.6,15.2,91,15.536772749066209
7297,2022-11-01 01:00:00,16.1,15.2,94,15.388386372880671
7298,2022-11-01 02:00:00,17.1,15.6,91,16.030435443334
7299,2022-11-01 03:00:00,17.0,15.5,91,15.931702936316817
7300,2022-11-01 04:00:00,16.5,15.2,92,15.5539286186468
7301,2022-11-01 05:00:00,15.6,14.9,96,15.119939429566461
7302,2022-11-01 06:00:00,16.1,15.4,96,15.619217860942758
7303,2022-11-01 07:00:00,17.7,16.1,91,16.6228301545375
7304,2022-11-01 08:00:00,17.4,15.9,91,16.32663286958118
7305,2022-11-01 09:00:00,17.5,16.1,91,16.425365313541068
7306,2022-11-01 10:00:00,18.0,16.6,92,17.038365058726637
7307,2022-11-01 11:00:00,18.2,16.9,92,17.236289658938475
7308,2022-11-01 12:00:00,18.5,17.2,92,17.533176447290987
7309,2022-11-01 13:00:00,19.2,18.0,92,18.225911769913644
7310,2022-11-01 14:00:00,20.3,17.7,85,18.441855146133054
7311,2022-11-01 15:00:00,20.2,17.4,84,18.22003020184314
7312,2022-11-01 16:00:00,19.3,17.5,90,18.080247777444185
7313,2022-11-01 17:00:00,19.3,17.5,90,18.080247777444185
7314,2022-11-01 18:00:00,19.0,17.7,92,18.027987465327424
7315,2022-11-01 19:00:00,18.1,17.4,95,17.496457663639713
7316,2022-11-01 20:00:00,17.7,17.1,96,17.216906479562066
7317,2022-11-01 21:00:00,17.4,16.9,97,17.035781374214825
7318,2022-11-01 22:00:00,16.6,16.2,97,16.235202491688927
7319,2022-11-01 23:00:00,16.3,15.9,97,15.93498518665682
7320,2022-11-02 00:00:00,15.9,15.6,97,15.534695253955537
7321,2022-11-02 01:00:00,15.6,15.2,97,15.23447765865259
7322,2022-11-02 02:00:00,15.4,14.9,97,15.034332525143906
7323,2022-11-02 03:00:00,15.3,14.6,96,14.820372198404446
7324,2022-11-02 04:00:00,15.9,14.9,94,15.189557595696037
7325,2022-11-02 05:00:00,16.0,14.9,93,15.173979222897724
7326,2022-11-02 06:00:00,16.3,14.9,92,15.35600349697004
7327,2022-11-02 07:00:00,16.4,15.0,92,15.454966065657857
7328,2022-11-02 08:00:00,16.3,15.1,92,15.35600349697004
7329,2022-11-02 09:00:00,17.1,15.6,91,16.030435443334
7330,2022-11-02 10:00:00,18.0,16.3,90,16.799754081344798
7331,2022-11-02 11:00:00,19.8,16.9,83,17.70829642271993
7332,2022-11-02 12:00:00,21.4,17.8,80,18.8733404462133
7333,2022-11-02 13:00:00,22.4,18.5,79,19.70261160329646
7334,2022-11-02 14:00:00,22.6,18.9,80,20.025397217948477
7335,2022-11-02 15:00:00,22.9,19.3,80,20.313410990611853
7336,2022-11-02 16:00:00,23.0,19.4,80,20.40941554472251
7337,2022-11-02 17:00:00,22.4,19.2,82,20.094447665870774
7338,2022-11-02 18:00:00,21.8,19.5,87,20.15804551611876
7339,2022-11-02 19:00:00,21.8,20.5,92,20.798922547597954
7340,2022-11-02 20:00:00,21.4,20.1,92,20.403075348778955
7341,2022-11-02 21:00:00,21.1,20.0,93,20.23264205642515
7342,2022-11-02 22:00:00,20.8,19.8,94,20.06084606005174
7343,2022-11-02 23:00:00,20.8,20.0,95,20.186625105305293
7344,2022-11-03 00:00:00,21.2,20.5,95,20.585167615332093
7345,2022-11-03 01:00:00,21.5,20.9,96,21.01140324921004
7346,2022-11-03 02:00:00,21.7,21.1,96,21.21111309681995
7347,2022-11-03 03:00:00,21.4,20.7,96,20.91154830693045
7348,2022-11-03 04:00:00,21.1,20.5,96,20.61198340581451
7349,2022-11-03 05:00:00,21.0,20.5,97,20.638376017884635
7350,2022-11-03 06:00:00,20.5,20.0,97,20.13801662776982
7351,2022-11-03 07:00:00,21.6,21.1,97,21.238806884715135
7352,2022-11-03 08:00:00,21.6,21.1,97,21.238806884715135
7353,2022-11-03 09:00:00,22.2,20.9,92,21.19476952931612
7354,2022-11-03 10:00:00,22.9,21.1,90,21.62621708655446
7355,2022-11-03 11:00:00,24.2,21.5,85,22.236217501413662
7356,2022-11-03 12:00:00,25.8,21.8,78,22.817483106231094
7357,2022-11-03 13:00:00,27.2,20.8,68,22.69080874516732
7358,2022-11-03 14:00:00,27.5,20.8,67,22.81834925723874
7359,2022-11-03 15:00:00,27.4,21.0,68,22.87587847227572
7360,2022-11-03 16:00:00,26.9,21.0,70,22.707867582346683
7361,2022-11-03 17:00:00,26.1,21.4,75,22.678860398372645
7362,2022-11-03 18:00:00,24.9,21.5,82,22.507676192105755
7363,2022-11-03 19:00:00,23.5,22.5,94,22.745011578059245
7364,2022-11-03 20:00:00,22.9,21.9,94,22.14853115077167
7365,2022-11-03 21:00:00,23.0,22.0,94,22.24794458642734
7366,2022-11-03 22:00:00,22.6,21.7,95,21.980064808163778
7367,2022-11-03 23:00:00,22.2,21.5,95,21.581523002790245
7368,2022-11-04 00:00:00,22.4,21.6,96,21.910097178763657
7369,2022-11-04 01:00:00,22.6,21.8,95,21.980064808163778
7370,2022-11-04 02:00:00,22.4,21.5,95,21.780793930193912
7371,2022-11-04 03:00:00,22.1,21.4,95,21.4818875204716
7372,2022-11-04 04:00:00,22.0,21.2,95,21.382252025699312
7373,2022-11-04 05:00:00,22.1,21.4,95,21.4818875204716
7374,2022-11-04 06:00:00,22.3,21.5,95,21.681158472687105
7375,2022-11-04 07:00:00,23.1,22.5,96,22.609080670337487
7376,2022-11-04 08:00:00,23.0,22.1,94,22.24794458642734
7377,2022-11-04 09:00:00,23.8,22.5,93,22.910743178595023
7378,2022-11-04 10:00:00,25.4,22.5,85,23.403708790617785
7379,2022-11-04 11:00:00,26.0,22.6,81,23.42965889050505
7380,2022-11-04 12:00:00,28.0,23.4,76,24.62420747183553
7381,2022-11-04 13:00:00,27.0,23.5,81,24.392339172789733
7382,2022-11-04 14:00:00,27.5,22.9,76,24.149650998462082
7383,2022-11-04 15:00:00,28.4,22.9,72,24.406827489519923
7384,2022-11-04 16:00:00,28.1,22.4,71,23.97591375053652
7385,2022-11-04 17:00:00,27.7,23.0,75,24.192922977035927
7386,2022-11-04 18:00:00,26.4,23.0,82,23.95560834915351
7387,2022-11-04 19:00:00,23.1,22.9,98,22.870653602021637
7388,2022-11-04 20:00:00,22.4,22.0,98,22.168651456323442
7389,2022-11-04 21:00:00,22.0,21.4,96,21.51067777633127
7390,2022-11-04 22:00:00,22.0,21.1,95,21.382252025699312
7391,2022-11-04 23:00:00,21.9,20.9,94,21.154396100397886
7392,2022-11-05 00:00:00,20.6,20.2,98,20.363500479733208
7393,2022-11-05 01:00:00,20.6,19.9,96,20.11270832111985
7394,2022-11-05 02:00:00,18.4,14.5,78,15.753003645067675
7395,2022-11-05 03:00:00,17.1,12.2,73,13.928864747955416
7396,2022-11-05 04:00:00,16.3,12.7,79,13.862612872655319
7397,2022-11-05 05:00:00,15.6,12.9,84,13.756126739569787
7398,2022-11-05 06:00:00,15.6,12.6,83,13.643222326480767
7399,2022-11-05 07:00:00,15.9,13.0,83,13.933585928824137
7400,2022-11-05 08:00:00,14.1,12.9,92,13.17882292418933
7401,2022-11-05 09:00:00,16.1,13.6,85,14.355589504926773
7402,2022-11-05 10:00:00,17.4,12.8,75,14.446051742697495
7403,2022-11-05 11:00:00,18.5,11.6,64,14.15287107019163
7404,2022-11-05 12:00:00,18.8,11.2,62,14.179582944761385
7405,2022-11-05 13:00:00,19.8,11.1,58,14.573367056051488
7406,2022-11-05 14:00:00,20.5,11.4,56,14.933686323160476
7407,2022-11-05 15:00:00,21.0,11.8,55,15.241109520159341
7408,2022-11-05 16:00:00,21.0,11.6,55,15.241109520159341
7409,2022-11-05 17:00:00,20.9,11.4,55,15.153107817644099
7410,2022-11-05 18:00:00,19.6,12.9,65,15.282291342394881
7411,2022-11-05 19:00:00,18.6,13.5,72,15.218546100383616
7412,2022-11-05 20:00:00,17.7,12.4,71,14.256154886247256
7413,2022-11-05 21:00:00,17.0,12.3,74,13.95118439891839
7414,2022-11-05 22:00:00,16.5,12.6,78,13.939132127728417
7415,2022-11-05 23:00:00,16.4,13.4,83,14.417524853479712
7416,2022-11-06 00:00:00,16.2,13.9,86,14.567469189671058
7417,2022-11-06 01:00:00,15.9,14.4,91,14.845644301648626
7418,2022-11-06 02:00:00,16.3,14.9,91,15.240574940241249
7419,2022-11-06 03:00:00,18.1,15.6,85,16.301434294500794
7420,2022-11-06 04:00:00,18.5,15.9,85,16.690602362726064
7421,2022-11-06 05:00:00,18.6,16.2,86,16.90842296596126
7422,2022-11-06 06:00:00,17.5,16.4,93,16.661825161460307
7423,2022-11-06 07:00:00,19.0,18.2,95,18.393181229051923
7424,2022-11-06 08:00:00,19.4,19.0,97,19.037224879140236
7425,2022-11-06 09:00:00,22.3,20.6,90,21.035223500402473
7426,2022-11-06 10:00:00,23.2,20.9,87,21.52701273955267
7427,2022-11-06 11:00:00,24.6,21.5,83,22.3540557876477
7428,2022-11-06 12:00:00,25.0,21.7,82,22.60420511546731
7429,2022-11-06 13:00:00,26.2,22.8,81,23.62219507609651
7430,2022-11-06 14:00:00,28.3,22.4,70,24.01203546541296
7431,2022-11-06 15:00:00,26.9,22.3,76,23.58018263465065
7432,2022-11-06 16:00:00,24.6,21.9,84,22.4898157765186
7433,2022-11-06 17:00:00,25.1,22.0,83,22.83798683899151
7434,2022-11-06 18:00:00,24.6,22.4,88,23.03102929129385
7435,2022-11-06 19:00:00,24.5,22.7,90,23.20219755860746
7436,2022-11-06 20:00:00,24.3,23.0,92,23.272962710332628
7437,2022-11-06 21:00:00,23.9,22.9,94,23.14266494928857
7438,2022-11-06 22:00:00,23.2,22.5,96,22.708935407260977
7439,2022-11-06 23:00:00,23.0,22.2,95,22.378606416807475
7440,2022-11-07 00:00:00,23.0,22.5,97,22.639810573603032
7441,2022-11-07 01:00:00,22.9,22.4,97,22.539738957711972
7442,2022-11-07 02:00:00,22.7,22.2,97,22.339595691096417
7443,2022-11-07 03:00:00,22.5,22.1,98,22.268937511283003
7444,2022-11-07 04:00:00,22.2,22.0,98,21.968079312003145
7445,2022-11-07 05:00:00,22.0,21.8,99,21.895924022513285
7446,2022-11-07 06:00:00,21.7,21.6,99,21.594429790393562
7447,2022-11-07 07:00:00,22.5,22.5,100,22.39841418399096
7448,2022-11-07 08:00:00,22.8,22.8,100,22.69990814686565
7449,2022-11-07 09:00:00,23.2,23.0,99,23.101899942553196
7450,2022-11-07 10:00:00,23.8,23.0,96,23.308063581889193
7451,2022-11-07 11:00:00,25.6,22.8,84,23.460217235727264
7452,2022-11-07 12:00:00,26.9,22.5,77,23.724079156811616
7453,2022-11-07 13:00:00,27.7,22.7,74,24.04592855988955
7454,2022-11-07 14:00:00,27.9,22.5,73,24.08657404557194
7455,2022-11-07 15:00:00,27.9,22.0,71,23.788997656908418
7456,2022-11-07 16:00:00,27.5,22.1,73,23.71036714227752
7457,2022-11-07 17:00:00,26.5,22.0,76,23.200536692424446
7458,2022-11-07 18:00:00,25.0,21.2,79,22.191768887061205
7459,2022-11-07 19:00:00,23.8,21.0,85,21.847053250494984
7460,2022-11-07 20:00:00,23.0,20.5,86,21.200145882981285
7461,2022-11-07 21:00:00,22.4,20.2,88,20.874486028286167
7462,2022-11-07 22:00:00,21.5,20.2,92,20.50203716896242
7463,2022-11-07 23:00:00,20.9,19.9,94,20.160259765484934
7464,2022-11-08 00:00:00,20.8,19.8,94,20.06084606005174
7465,2022-11-08 01:00:00,20.6,19.6,94,19.862018609499227
7466,2022-11-08 02:00:00,20.7,19.6,93,19.835885516408243
7467,2022-11-08 03:00:00,20.8,19.5,93,19.935074671729765
7468,2022-11-08 04:00:00,20.8,19.6,93,19.935074671729765
7469,2022-11-08 05:00:00,20.8,19.8,94,20.06084606005174
7470,2022-11-08 06:00:00,20.7,19.8,95,20.086989445687333
7471,2022-11-08 07:00:00,20.4,19.9,97,20.037944712891512
7472,2022-11-08 08:00:00,20.5,20.0,97,20.13801662776982
7473,2022-11-08 09:00:00,22.6,21.0,91,21.460700109881994
7474,2022-11-08 10:00:00,24.2,21.3,84,22.10165475807771
7475,2022-11-08 11:00:00,25.7,21.2,76,22.441243913167543
7476,2022-11-08 12:00:00,26.8,21.5,73,23.052004300806374
7477,2022-11-08 13:00:00,27.1,21.3,70,22.894177539359386
7478,2022-11-08 14:00:00,27.5,19.9,63,22.211670359160113
7479,2022-11-08 15:00:00,27.5,18.4,57,21.2790991691924
7480,2022-11-08 16:00:00,27.0,19.2,62,21.605462751735892
7481,2022-11-08 17:00:00,26.1,19.2,66,21.38112355456142
7482,2022-11-08 18:00:00,24.6,19.4,73,20.982857425821027
7483,2022-11-08 19:00:00,23.8,20.0,80,21.177451323271423
7484,2022-11-08 20:00:00,22.9,19.9,83,20.708687177356143
7485,2022-11-08 21:00:00,22.0,19.8,87,20.353612445935823
7486,2022-11-08 22:00:00,21.3,19.9,91,20.17718696545328
7487,2022-11-08 23:00:00,21.0,19.8,93,20.133452941702576
7488,2022-11-09 00:00:00,20.7,19.6,94,19.961432341401373
7489,2022-11-09 01:00:00,20.6,19.6,94,19.862018609499227
7490,2022-11-09 02:00:00,20.5,19.8,95,19.887718087684394
7491,2022-11-09 03:00:00,20.4,19.5,95,19.78808238923224
7492,2022-11-09 04:00:00,19.5,18.8,96,19.01430201892795
7493,2022-11-09 05:00:00,19.0,18.5,97,18.636936592419904
7494,2022-11-09 06:00:00,19.0,18.6,97,18.636936592419904
7495,2022-11-09 07:00:00,19.1,18.9,98,18.859205039352073
7496,2022-11-09 08:00:00,19.1,18.8,98,18.859205039352073
7497,2022-11-09 09:00:00,21.6,20.4,93,20.728587428814095
7498,2022-11-09 10:00:00,23.7,21.1,86,21.882917129583365
7499,2022-11-09 11:00:00,25.3,21.0,77,22.201034813709363
7500,2022-11-09 12:00:00,26.4,20.5,70,22.24209230402107
7501,2022-11-09 13:00:00,27.3,19.7,63,22.02986942507386
7502,2022-11-09 14:00:00,27.7,19.2,60,21.92882183682591
7503,2022-11-09 15:00:00,27.5,19.0,60,21.74910834995604
7504,2022-11-09 16:00:00,27.1,18.6,60,21.389681017235002
7505,2022-11-09 17:00:00,26.2,18.2,61,20.731341382600107
7506,2022-11-09 18:00:00,24.6,18.6,69,20.42531135457236
7507,2022-11-09 19:00:00,23.3,18.7,75,20.029238817306904
7508,2022-11-09 20:00:00,22.4,19.3,83,20.224754317423752
7509,2022-11-09 21:00:00,21.7,19.9,89,20.316297952022833
7510,2022-11-09 22:00:00,21.3,20.4,94,20.55791445573364
7511,2022-11-09 23:00:00,21.3,20.5,95,20.68480321089319
7512,2022-11-10 00:00:00,21.2,20.5,95,20.585167615332093
7513,2022-11-10 01:00:00,21.0,20.1,95,20.38589638594127
7514,2022-11-10 02:00:00,20.6,19.5,94,19.862018609499227
7515,2022-11-10 03:00:00,20.1,19.0,93,19.240750297522283
7516,2022-11-10 04:00:00,19.6,18.6,94,18.867880553931844
7517,2022-11-10 05:00:00,19.1,18.4,95,18.492817112800264
7518,2022-11-10 06:00:00,19.2,18.4,95,18.59245298308669
7519,2022-11-10 07:00:00,18.9,18.1,96,18.4151706495667
7520,2022-11-10 08:00:00,18.8,18.0,96,18.315315375400083
7521,2022-11-10 09:00:00,21.1,19.5,91,19.979723195028146
7522,2022-11-10 10:00:00,23.2,19.2,78,20.335381022737536
7523,2022-11-10 11:00:00,24.4,18.6,70,20.37898552176723
7524,2022-11-10 12:00:00,25.4,18.2,65,20.593388996204137
7525,2022-11-10 13:00:00,26.2,17.7,60,20.58096773813121
7526,2022-11-10 14:00:00,26.1,17.5,59,20.340345062675073
7527,2022-11-10 15:00:00,26.8,17.4,56,20.50192072206116
7528,2022-11-10 16:00:00,26.8,17.4,56,20.50192072206116
7529,2022-11-10 17:00:00,25.2,18.5,66,20.554055295802957
7530,2022-11-10 18:00:00,23.0,18.5,76,19.878621627999
7531,2022-11-10 19:00:00,22.5,18.9,80,19.92939259010417
7532,2022-11-10 20:00:00,21.5,18.5,83,19.353674089506804
7533,2022-11-10 21:00:00,21.0,18.5,86,19.24936667278001
7534,2022-11-10 22:00:00,20.4,18.6,90,19.163740417940275
7535,2022-11-10 23:00:00,19.8,18.5,93,18.94318250197183
7536,2022-11-11 00:00:00,19.4,18.4,94,18.669052780275376
7537,2022-11-11 01:00:00,19.0,18.3,95,18.393181229051923
7538,2022-11-11 02:00:00,18.9,18.2,96,18.4151706495667
7539,2022-11-11 03:00:00,18.4,17.9,97,18.036503777331315
7540,2022-11-11 04:00:00,18.0,17.6,98,17.756053274719232
7541,2022-11-11 05:00:00,18.0,17.6,98,17.756053274719232
7542,2022-11-11 06:00:00,17.9,17.6,98,17.655766674450515
7543,2022-11-11 07:00:00,19.7,19.1,97,19.337440960928614
7544,2022-11-11 08:00:00,19.5,19.0,97,19.137296919039226
7545,2022-11-11 09:00:00,21.2,19.8,91,20.0784550873194
7546,2022-11-11 10:00:00,22.8,20.4,87,21.135879550933943
7547,2022-11-11 11:00:00,25.0,20.2,75,21.637939515646355
7548,2022-11-11 12:00:00,25.3,20.1,73,21.641223436981466
7549,2022-11-11 13:00:00,26.0,20.0,70,21.869471679997837
7550,2022-11-11 14:00:00,22.8,19.5,81,20.34907078463044
7551,2022-11-11 15:00:00,21.3,19.1,88,19.79621172557139
7552,2022-11-11 16:00:00,21.5,19.1,86,19.73706207342209
7553,2022-11-11 17:00:00,21.6,19.2,86,19.834601105080683
7554,2022-11-11 18:00:00,20.9,19.1,89,19.530189799626367
7555,2022-11-11 19:00:00,19.9,19.2,96,19.413722671813893
7556,2022-11-11 20:00:00,14.4,13.6,94,13.69833982300312
7557,2022-11-11 21:00:00,12.8,11.7,93,11.999896086823146
7558,2022-11-11 22:00:00,11.7,9.8,88,10.385732443260466
7559,2022-11-11 23:00:00,10.9,8.5,85,9.296355604741024
7560,2022-11-12 00:00:00,10.2,7.7,84,8.515837016433107
7561,2022-11-12 01:00:00,9.6,6.9,83,7.835908427775907
7562,2022-11-12 02:00:00,9.2,5.4,77,6.875090148917911
7563,2022-11-12 03:00:00,8.8,4.0,72,6.030003434250201
7564,2022-11-12 04:00:00,8.6,2.5,66,5.298777263465176
7565,2022-11-12 05:00:00,8.1,0.9,61,4.402593418066042
7566,2022-11-12 06:00:00,7.7,0.2,59,3.8720227916634666
7567,2022-11-12 07:00:00,6.3,1.0,69,3.4336555034888274
7568,2022-11-12 08:00:00,6.2,1.3,71,3.5079735698612264
7569,2022-11-12 09:00:00,7.3,2.0,69,4.362193447833022
7570,2022-11-12 10:00:00,8.3,2.1,65,4.934463392291651
7571,2022-11-12 11:00:00,9.6,1.9,58,5.4813318683686365
7572,2022-11-12 12:00:00,11.2,2.3,54,6.519883847441381
7573,2022-11-12 13:00:00,12.6,3.3,53,7.64419185529497
7574,2022-11-12 14:00:00,13.8,3.3,49,8.260842940041119
7575,2022-11-12 15:00:00,14.3,2.3,44,8.134564177837017
7576,2022-11-12 16:00:00,14.1,1.3,42,7.745651146229113
7577,2022-11-12 17:00:00,13.4,1.2,44,7.38492912512779
7578,2022-11-12 18:00:00,12.1,1.2,47,6.605096504170813
7579,2022-11-12 19:00:00,10.9,-1.2,43,5.206952583238385
7580,2022-11-12 20:00:00,10.0,-1.7,44,4.552893627638493
7581,2022-11-12 21:00:00,9.1,-2.0,46,3.977448282692322
7582,2022-11-12 22:00:00,8.3,-1.7,49,3.5552137316757246
7583,2022-11-12 23:00:00,7.3,-0.8,56,3.266267759757822
7584,2022-11-13 00:00:00,6.8,-0.2,61,3.2297487043687756
7585,2022-11-13 01:00:00,6.3,0.0,64,3.0212559121385176
7586,2022-11-13 02:00:00,5.9,-0.2,65,2.73661986573717
7587,2022-11-13 03:00:00,5.6,-0.4,65,2.4618872181299896
7588,2022-11-13 04:00:00,5.3,-0.6,65,2.1871540592037366
7589,2022-11-13 05:00:00,5.1,-0.8,66,2.082157595109086
7590,2022-11-13 06:00:00,4.8,-0.9,66,1.8064443032581874
7591,2022-11-13 07:00:00,4.4,-1.3,66,1.4388257910049553
7592,2022-11-13 08:00:00,4.0,-1.4,68,1.2218904197059315
7593,2022-11-13 09:00:00,5.8,-0.2,65,2.6450423729468913
7594,2022-11-13 10:00:00,7.8,0.4,60,4.046576632870988
7595,2022-11-13 11:00:00,9.6,0.2,52,4.937369658570191
7596,2022-11-13 12:00:00,10.8,0.1,48,5.5992268238100955
7597,2022-11-13 13:00:00,11.9,0.6,46,6.335808196112751
7598,2022-11-13 14:00:00,12.6,1.1,45,6.822092634377778
7599,2022-11-13 15:00:00,13.2,1.6,45,7.324675313620979
7600,2022-11-13 16:00:00,13.5,1.6,45,7.575965277284729
7601,2022-11-13 17:00:00,13.3,1.7,45,7.408438735541742
7602,2022-11-13 18:00:00,12.1,3.2,55,7.408755726732489
7603,2022-11-13 19:00:00,10.5,3.0,60,6.47292164978729
7604,2022-11-13 20:00:00,9.9,3.1,62,6.1194923166808035
7605,2022-11-13 21:00:00,9.6,3.1,64,6.032335349745129
7606,2022-11-13 22:00:00,10.0,2.5,60,6.023601784718423
7607,2022-11-13 23:00:00,10.9,3.0,58,6.640152583364781
7608,2022-11-14 00:00:00,10.9,2.8,57,6.544221160479623
7609,2022-11-14 01:00:00,10.8,2.8,58,6.551012902683677
7610,2022-11-14 02:00:00,10.6,2.8,58,6.372733356889661
7611,2022-11-14 03:00:00,10.3,2.3,58,6.105313573069806
7612,2022-11-14 04:00:00,10.0,2.2,58,5.837893224530701
7613,2022-11-14 05:00:00,9.8,1.6,57,5.567762801189687
7614,2022-11-14 06:00:00,9.6,1.6,57,5.39022405736255
7615,2022-11-14 07:00:00,7.8,4.7,80,5.8164767263949795
7616,2022-11-14 08:00:00,8.6,5.3,80,6.584540512151859
7617,2022-11-14 09:00:00,10.2,6.3,77,7.827031810183209
7618,2022-11-14 10:00:00,11.8,8.9,82,9.862226093869669
7619,2022-11-14 11:00:00,12.9,10.1,84,11.13598989479873
7620,2022-11-14 12:00:00,13.1,11.2,88,11.758104423491343
7621,2022-11-14 13:00:00,14.9,12.4,86,13.299448102347657
7622,2022-11-14 14:00:00,15.8,13.5,86,14.177309197979287
7623,2022-11-14 15:00:00,17.9,15.1,84,15.988083471866137
7624,2022-11-14 16:00:00,20.3,17.6,85,18.441855146133054
7625,2022-11-14 17:00:00,19.5,18.1,92,18.522798117820095
7626,2022-11-14 18:00:00,19.5,18.6,95,18.8913605135272
7627,2022-11-14 19:00:00,12.8,11.8,94,12.107703634421195
7628,2022-11-14 20:00:00,11.1,9.6,90,10.003240139176164
7629,2022-11-14 21:00:00,11.2,9.5,89,9.998544916201691
7630,2022-11-14 22:00:00,11.1,9.2,88,9.79757182207484
7631,2022-11-14 23:00:00,10.6,8.4,87,9.20618715573536
7632,2022-11-15 00:00:00,9.2,7.4,89,8.033235676403192
7633,2022-11-15 01:00:00,8.4,6.8,89,7.247109643689489
7634,2022-11-15 02:00:00,7.8,6.2,89,6.65751421208161
7635,2022-11-15 03:00:00,7.1,5.8,91,6.157098317054686
7636,2022-11-15 04:00:00,6.4,5.6,94,5.745114839107101
7637,2022-11-15 05:00:00,6.8,5.1,88,5.582398213207853
7638,2022-11-15 06:00:00,6.9,4.2,83,5.222588562152515
7639,2022-11-15 07:00:00,7.6,4.2,79,5.5332805277137975
7640,2022-11-15 08:00:00,7.4,3.4,76,5.072019632961865
7641,2022-11-15 09:00:00,7.8,3.0,72,5.092378557425249
7642,2022-11-15 10:00:00,8.5,2.8,68,5.386280697964395
7643,2022-11-15 11:00:00,10.3,2.8,60,6.29319387663501
7644,2022-11-15 12:00:00,11.5,3.7,59,7.2732279369911765
7645,2022-11-15 13:00:00,12.0,3.8,57,7.520671790622197
7646,2022-11-15 14:00:00,12.9,4.1,55,8.11280623487889
7647,2022-11-15 15:00:00,13.4,4.2,54,8.447433656249373
7648,2022-11-15 16:00:00,13.1,4.1,54,8.184587887233477
7649,2022-11-15 17:00:00,12.1,3.7,56,7.509087634297339
7650,2022-11-15 18:00:00,11.0,3.3,59,6.825705954772246
7651,2022-11-15 19:00:00,8.9,2.9,66,5.574484652259933
7652,2022-11-15 20:00:00,8.2,2.5,67,5.019756094938833
7653,2022-11-15 21:00:00,7.8,2.2,68,4.738493023557055
7654,2022-11-15 22:00:00,6.8,2.2,72,4.154749745524462
7655,2022-11-15 23:00:00,6.3,2.2,75,3.9418341441021525
7656,2022-11-16 00:00:00,5.7,2.3,79,3.714202131018652
7657,2022-11-16 01:00:00,5.8,2.3,79,3.8099433885708986
7658,2022-11-16 02:00:00,5.8,2.2,78,3.7239949155577214
7659,2022-11-16 03:00:00,5.7,1.9,77,3.5432690046767252
7660,2022-11-16 04:00:00,5.7,1.5,75,3.3740270216799715
7661,2022-11-16 05:00:00,5.3,1.3,75,2.995488181055677
7662,2022-11-16 06:00:00,5.2,1.1,75,2.9008533747223897
7663,2022-11-16 07:00:00,5.2,1.6,78,3.151173195469134
7664,2022-11-16 08:00:00,5.3,1.7,78,3.2466435682168164
7665,2022-11-16 09:00:00,6.0,2.0,76,3.7431868742629746
7666,2022-11-16 10:00:00,7.0,2.4,73,4.42923532700603
7667,2022-11-16 11:00:00,8.4,3.0,69,5.3835799938019395
7668,2022-11-16 12:00:00,9.4,3.5,67,6.126444367516232
7669,2022-11-16 13:00:00,10.8,4.0,63,7.030835606588472
7670,2022-11-16 14:00:00,11.8,3.8,58,7.442406990565718
7671,2022-11-16 15:00:00,12.8,3.5,53,7.81862823015976
7672,2022-11-16 16:00:00,13.2,3.1,50,7.852724758949588
7673,2022-11-16 17:00:00,13.1,2.5,49,7.661959705015933
7674,2022-11-16 18:00:00,11.9,2.3,52,6.9341189061684645
7675,2022-11-16 19:00:00,9.8,1.7,57,5.567762801189687
7676,2022-11-16 20:00:00,9.1,1.5,59,5.125108859493649
7677,2022-11-16 21:00:00,8.4,1.5,62,4.761011947174479
7678,2022-11-16 22:00:00,7.8,1.5,64,4.389935648818488
7679,2022-11-16 23:00:00,7.1,1.5,68,4.090703099554819
7680,2022-11-17 00:00:00,6.5,1.6,71,3.788367237963172
7681,2022-11-17 01:00:00,6.1,1.5,73,3.5827163367409796
7682,2022-11-17 02:00:00,5.8,1.3,73,3.3005426182610655
7683,2022-11-17 03:00:00,5.8,1.2,72,3.21711684684249
7684,2022-11-17 04:00:00,6.8,1.2,68,3.8130781421120297
7685,2022-11-17 05:00:00,6.2,1.2,70,3.4241837661558368
7686,2022-11-17 06:00:00,5.1,1.2,76,2.8889335125363216
7687,2022-11-17 07:00:00,5.8,0.9,71,3.134114736564497
7688,2022-11-17 08:00:00,6.5,1.1,68,3.53545275471774
7689,2022-11-17 09:00:00,7.6,2.4,70,4.728441408795012
7690,2022-11-17 10:00:00,9.2,3.2,66,5.850191612822606
7691,2022-11-17 11:00:00,10.2,3.5,63,6.4853951693099035
7692,2022-11-17 12:00:00,10.4,3.6,63,6.6672088500840285
7693,2022-11-17 13:00:00,11.1,3.2,58,6.818431761629341
7694,2022-11-17 14:00:00,11.8,2.3,52,6.847304597083053
7695,2022-11-17 15:00:00,12.1,1.6,49,6.80640509573632
7696,2022-11-17 16:00:00,13.0,0.9,43,6.946077152153213
7697,2022-11-17 17:00:00,12.4,0.4,44,6.551991228041388
7698,2022-11-17 18:00:00,11.9,1.7,49,6.635293135801213
7699,2022-11-17 19:00:00,11.6,3.2,56,7.067134605377802
7700,2022-11-17 20:00:00,11.8,3.2,56,7.243916009095001
7701,2022-11-17 21:00:00,11.6,4.1,60,7.461420373978072
7702,2022-11-17 22:00:00,11.1,3.5,60,7.012103607632966
7703,2022-11-17 23:00:00,11.1,5.2,67,7.694241770276218
7704,2022-11-18 00:00:00,10.4,4.0,65,6.857552370762276
7705,2022-11-18 01:00:00,10.4,3.9,64,6.762285483955203
7706,2022-11-18 02:00:00,10.2,3.0,61,6.297167328944395
7707,2022-11-18 03:00:00,9.9,1.5,56,5.564481984518865
7708,2022-11-18 04:00:00,9.9,0.6,53,5.289271969299861
7709,2022-11-18 05:00:00,9.4,0.2,53,4.85316948304887
7710,2022-11-18 06:00:00,9.2,-0.3,51,4.5016561315951105
7711,2022-11-18 07:00:00,9.4,-0.1,51,4.674465540652344
7712,2022-11-18 08:00:00,9.1,-0.1,53,4.591507007147076
7713,2022-11-18 09:00:00,9.2,0.1,53,4.678727915382929
7714,2022-11-18 10:00:00,9.5,-0.1,51,4.760870108881502
7715,2022-11-18 11:00:00,10.0,0.2,51,5.1928916049015985
7716,2022-11-18 12:00:00,10.0,0.6,52,5.284633509843957
7717,2022-11-18 13:00:00,11.9,1.1,47,6.435741559079954
7718,2022-11-18 14:00:00,11.8,1.5,50,6.648967481734152
7719,2022-11-18 15:00:00,12.4,1.8,48,6.961166756396096
7720,2022-11-18 16:00:00,12.6,1.5,47,7.02848218084508
7721,2022-11-18 17:00:00,12.9,0.9,44,6.9684615329242945
7722,2022-11-18 18:00:00,12.6,1.1,46,6.925385077449178
7723,2022-11-18 19:00:00,12.2,3.2,54,7.39604697448841
7724,2022-11-18 20:00:00,11.8,4.1,59,7.541740439703645
7725,2022-11-18 21:00:00,11.5,4.7,63,7.667180523153782
7726,2022-11-18 22:00:00,10.9,4.7,65,7.315427601042256
7727,2022-11-18 23:00:00,10.9,5.2,68,7.607250754020805
7728,2022-11-19 00:00:00,10.4,5.2,70,7.336931965907185
7729,2022-11-19 01:00:00,10.4,4.9,69,7.240633223140064
7730,2022-11-19 02:00:00,10.3,5.1,70,7.243772127624206
7731,2022-11-19 03:00:00,10.4,4.9,69,7.240633223140064
7732,2022-11-19 04:00:00,10.3,4.8,69,7.147780951416479
7733,2022-11-19 05:00:00,9.4,5.3,76,6.970340505554763
7734,2022-11-19 06:00:00,9.6,5.6,76,7.160171871317642
7735,2022-11-19 07:00:00,8.8,6.7,86,7.349456834226814
7736,2022-11-19 08:00:00,9.1,7.3,89,7.934969996901808
7737,2022-11-19 09:00:00,9.2,7.6,89,8.033235676403192
7738,2022-11-19 10:00:00,9.2,7.8,91,8.230514723482436
7739,2022-11-19 11:00:00,9.1,7.6,90,8.033219650884549
7740,2022-11-19 12:00:00,9.0,7.3,89,7.836704296220072
7741,2022-11-19 13:00:00,9.6,7.1,85,8.03153791875975
7742,2022-11-19 14:00:00,8.9,6.6,85,7.350480598623012
7743,2022-11-19 15:00:00,8.9,6.8,86,7.446998335522441
7744,2022-11-19 16:00:00,8.9,6.9,88,7.64097644494762
7745,2022-11-19 17:00:00,8.6,6.8,88,7.346894448815114
7746,2022-11-19 18:00:00,8.2,6.6,89,7.050577920430035
7747,2022-11-19 19:00:00,7.1,6.0,93,6.346016562762811
7748,2022-11-19 20:00:00,7.2,5.8,91,6.255832638800253
7749,2022-11-19 21:00:00,7.2,6.0,92,6.350337870830309
7750,2022-11-19 22:00:00,7.0,5.5,90,5.964689280537819
7751,2022-11-19 23:00:00,6.8,5.2,90,5.767685893874678
7752,2022-11-20 00:00:00,6.7,5.2,90,5.66918416750957
7753,2022-11-20 01:00:00,6.5,4.8,89,5.380054700974876
7754,2022-11-20 02:00:00,6.3,4.4,88,5.092259038594827
7755,2022-11-20 03:00:00,6.2,3.8,84,4.634096505707957
7756,2022-11-20 04:00:00,6.1,3.2,82,4.359886071077874
7757,2022-11-20 05:00:00,6.0,2.2,77,3.8288552962063793
7758,2022-11-20 06:00:00,5.8,1.3,73,3.3005426182610655
7759,2022-11-20 07:00:00,5.4,0.3,69,2.5979673545865936
7760,2022-11-20 08:00:00,5.8,-0.2,65,2.6450423729468913
7761,2022-11-20 09:00:00,6.1,0.3,67,3.0830351230268445
7762,2022-11-20 10:00:00,7.6,0.4,61,3.9515005414780884
7763,2022-11-20 11:00:00,9.1,0.4,54,4.6799173893723705
7764,2022-11-20 12:00:00,10.6,0.8,51,5.711314498476945
7765,2022-11-20 13:00:00,11.8,0.9,47,6.351063940050219
7766,2022-11-20 14:00:00,12.6,0.8,44,6.718579680115184
7767,2022-11-20 15:00:00,12.6,0.6,44,6.718579680115184
7768,2022-11-20 16:00:00,12.5,0.6,44,6.635285509487751
7769,2022-11-20 17:00:00,12.0,0.6,45,6.319506189394245
7770,2022-11-20 18:00:00,11.6,1.0,48,6.280199811966948
7771,2022-11-20 19:00:00,9.8,2.5,60,5.8438734324265305
7772,2022-11-20 20:00:00,10.1,1.1,54,5.556096062354616
7773,2022-11-20 21:00:00,10.1,-0.2,48,5.003370305241642
7774,2022-11-20 22:00:00,9.4,-0.6,50,4.585344288786359
7775,2022-11-20 23:00:00,9.4,-0.1,52,4.763737221472823
7776,2022-11-21 00:00:00,9.2,0.1,53,4.678727915382929
7777,2022-11-21 01:00:00,9.3,0.2,53,4.765948740550449
7778,2022-11-21 02:00:00,9.2,0.4,54,4.767535608573137
7779,2022-11-21 03:00:00,8.7,1.5,61,4.943902873205181
7780,2022-11-21 04:00:00,8.6,2.0,64,5.1198931558790886
7781,2022-11-21 05:00:00,8.1,1.9,65,4.751310922841247
7782,2022-11-21 06:00:00,8.1,2.0,65,4.751310922841247
7783,2022-11-21 07:00:00,7.7,4.3,79,5.629021181553965
7784,2022-11-21 08:00:00,7.6,5.3,86,6.178956966526551
7785,2022-11-21 09:00:00,7.4,5.2,86,5.9838733174673795
7786,2022-11-21 10:00:00,7.6,5.1,84,5.992710360152515
7787,2022-11-21 11:00:00,7.8,4.8,81,5.908537293115552
7788,2022-11-21 12:00:00,8.5,5.1,79,6.394945316623579
7789,2022-11-21 13:00:00,8.0,5.2,82,6.194009117332666
7790,2022-11-21 14:00:00,8.1,5.4,83,6.384066430882706
7791,2022-11-21 15:00:00,8.4,5.9,84,6.769058829313142
7792,2022-11-21 16:00:00,9.3,5.8,79,7.160867541362029
7793,2022-11-21 17:00:00,8.9,5.8,81,6.967528196698289
7794,2022-11-21 18:00:00,8.6,6.1,84,6.9631456914804275
7795,2022-11-21 19:00:00,7.7,6.4,91,6.749503932075736
7796,2022-11-21 20:00:00,7.9,6.4,90,6.851203443775283
7797,2022-11-21 21:00:00,8.1,6.8,92,7.241014958778305
7798,2022-11-21 22:00:00,8.2,6.9,92,7.339978979176845
7799,2022-11-21 23:00:00,8.2,7.2,93,7.437120840312245
7800,2022-11-22 00:00:00,8.3,7.1,92,7.438942979698847
7801,2022-11-22 01:00:00,7.8,6.9,94,7.136937549635972
7802,2022-11-22 02:00:00,8.0,7.1,94,7.3357690585350355
7803,2022-11-22 03:00:00,8.1,6.8,92,7.241014958778305
7804,2022-11-22 04:00:00,7.9,6.8,93,7.1395471811928495
7805,2022-11-22 05:00:00,7.9,6.8,93,7.1395471811928495
7806,2022-11-22 06:00:00,7.8,6.6,91,6.848238128087296
7807,2022-11-22 07:00:00,8.1,7.2,93,7.337929639975446
7808,2022-11-22 08:00:00,8.2,7.3,94,7.534600492062513
7809,2022-11-22 09:00:00,8.6,7.5,93,7.833885449297133
7810,2022-11-22 10:00:00,9.1,7.8,92,8.230654275396244
7811,2022-11-22 11:00:00,9.4,7.9,90,8.328723236130553
7812,2022-11-22 12:00:00,11.2,8.0,80,9.080735358675227
7813,2022-11-22 13:00:00,12.1,7.5,74,9.32826172590186
7814,2022-11-22 14:00:00,11.8,7.6,75,9.146673870802134
7815,2022-11-22 15:00:00,12.0,7.8,76,9.438138563108026
7816,2022-11-22 16:00:00,12.5,7.8,73,9.602341894398586
7817,2022-11-22 17:00:00,13.2,7.7,69,9.840481147439833
7818,2022-11-22 18:00:00,12.4,7.6,73,9.508286335532487
7819,2022-11-22 19:00:00,12.2,8.4,78,9.83402204585143
7820,2022-11-22 20:00:00,11.4,8.2,81,9.374313506761455
7821,2022-11-22 21:00:00,11.6,7.6,76,9.058478659843713
7822,2022-11-22 22:00:00,11.6,7.2,74,8.856530897846909
7823,2022-11-22 23:00:00,10.4,6.8,78,8.115589303814158
7824,2022-11-23 00:00:00,9.7,5.9,77,7.351061363064904
7825,2022-11-23 01:00:00,9.3,5.0,75,6.780850235164495
7826,2022-11-23 02:00:00,8.7,4.6,75,6.21304952648596
7827,2022-11-23 03:00:00,8.4,4.3,76,6.0211817323327175
7828,2022-11-23 04:00:00,8.2,4.2,75,5.739881332635969
7829,2022-11-23 05:00:00,8.1,4.1,76,5.736433457164637
7830,2022-11-23 06:00:00,7.7,4.1,78,5.537922415143029
7831,2022-11-23 07:00:00,8.4,4.6,77,6.113534577242024
7832,2022-11-23 08:00:00,8.8,4.4,74,6.214823123594808
7833,2022-11-23 09:00:00,10.3,5.5,72,7.43643368493529
7834,2022-11-23 10:00:00,11.9,6.5,69,8.633412588864385
7835,2022-11-23 11:00:00,13.9,8.4,70,10.597503051353739
7836,2022-11-23 12:00:00,17.2,10.1,63,12.848763570015965
7837,2022-11-23 13:00:00,19.2,12.1,63,14.66683153897132
7838,2022-11-23 14:00:00,20.1,12.7,62,15.35687176152334
7839,2022-11-23 15:00:00,20.5,12.9,62,15.719113232232957
7840,2022-11-23 16:00:00,20.2,13.1,64,15.703949399754023
7841,2022-11-23 17:00:00,19.7,13.1,66,15.499700382413735
7842,2022-11-23 18:00:00,18.8,13.2,70,15.16223387648752
7843,2022-11-23 19:00:00,16.8,12.2,75,13.878265330040527
7844,2022-11-23 20:00:00,16.0,12.0,77,13.34823704023838
7845,2022-11-23 21:00:00,15.6,12.4,82,13.53040802726256
7846,2022-11-23 22:00:00,15.4,13.8,90,14.238758540633778
7847,2022-11-23 23:00:00,15.8,14.6,93,14.975599505011527
7848,2022-11-24 00:00:00,16.0,15.1,95,15.404098276370394
7849,2022-11-24 01:00:00,17.6,16.6,94,16.879600313687693
7850,2022-11-24 02:00:00,18.3,17.5,95,17.695729662886205
7851,2022-11-24 03:00:00,19.1,18.2,95,18.492817112800264
7852,2022-11-24 04:00:00,19.5,18.5,95,18.8913605135272
7853,2022-11-24 05:00:00,19.5,18.6,95,18.8913605135272
7854,2022-11-24 06:00:00,19.2,18.5,96,18.71473639310764
7855,2022-11-24 07:00:00,19.2,18.6,96,18.71473639310764
7856,2022-11-24 08:00:00,18.8,18.4,98,18.55834561842749
7857,2022-11-24 09:00:00,19.1,18.3,95,18.492817112800264
7858,2022-11-24 10:00:00,20.7,19.0,90,19.45923809643304
7859,2022-11-24 11:00:00,21.5,19.4,88,19.992261734998504
7860,2022-11-24 12:00:00,23.0,19.9,83,20.805473698639915
7861,2022-11-24 13:00:00,23.0,20.0,83,20.805473698639915
7862,2022-11-24 14:00:00,23.1,19.9,82,20.770152727234482
7863,2022-11-24 15:00:00,23.6,20.2,81,21.119219463478615
7864,2022-11-24 16:00:00,22.9,20.2,85,20.971432773414488
7865,2022-11-24 17:00:00,21.8,20.1,90,20.542728457323502
7866,2022-11-24 18:00:00,21.4,20.1,93,20.530209319962594
7867,2022-11-24 19:00:00,17.9,16.9,94,17.177842709166267
7868,2022-11-24 20:00:00,18.1,16.9,92,17.137327366324023
7869,2022-11-24 21:00:00,18.0,17.0,93,17.157773059794092
7870,2022-11-24 22:00:00,17.8,16.6,93,16.959393944602926
7871,2022-11-24 23:00:00,17.6,16.0,91,16.52409774184544
7872,2022-11-25 00:00:00,17.0,15.6,91,15.931702936316817
7873,2022-11-25 01:00:00,17.0,14.9,87,15.464419744805454
7874,2022-11-25 02:00:00,17.0,14.6,86,15.347788277375603
7875,2022-11-25 03:00:00,16.7,14.6,87,15.171066830414418
7876,2022-11-25 04:00:00,15.6,14.2,92,14.663265072910473
7877,2022-11-25 05:00:00,15.6,14.2,92,14.663265072910473
7878,2022-11-25 06:00:00,14.6,13.7,95,14.009188457537302
7879,2022-11-25 07:00:00,14.9,14.2,96,14.420949020287473
7880,2022-11-25 08:00:00,14.9,14.2,95,14.308097951210787
7881,2022-11-25 09:00:00,14.9,14.1,95,14.308097951210787
7882,2022-11-25 10:00:00,15.1,14.0,93,14.281270001065575
7883,2022-11-25 11:00:00,15.2,13.8,91,14.154515052118011
7884,2022-11-25 12:00:00,15.8,13.9,88,14.40481123554477
7885,2022-11-25 13:00:00,17.5,14.4,83,15.482188706670936
7886,2022-11-25 14:00:00,17.1,14.4,84,15.211751864675474
7887,2022-11-25 15:00:00,17.4,14.4,83,15.385401183337937
7888,2022-11-25 16:00:00,17.0,14.4,85,15.231220591218225
7889,2022-11-25 17:00:00,16.6,14.9,90,15.420757866740281
7890,2022-11-25 18:00:00,16.1,14.9,92,15.158078312323521
7891,2022-11-25 19:00:00,15.5,14.6,94,14.791899860217733
7892,2022-11-25 20:00:00,15.2,14.2,94,14.493656398832666
7893,2022-11-25 21:00:00,15.0,14.2,95,14.407734418917226
7894,2022-11-25 22:00:00,15.0,14.2,95,14.407734418917226
7895,2022-11-25 23:00:00,15.1,14.4,95,14.50737087159985
7896,2022-11-26 00:00:00,15.3,14.4,94,14.593070901261338
7897,2022-11-26 01:00:00,15.1,14.5,96,14.620660638510078
7898,2022-11-26 02:00:00,15.4,14.8,96,14.920227956576703
7899,2022-11-26 03:00:00,16.0,15.2,95,15.404098276370394
7900,2022-11-26 04:00:00,16.5,15.6,95,15.902279654289249
7901,2022-11-26 05:00:00,17.1,16.5,96,16.617773663734237
7902,2022-11-26 06:00:00,18.6,17.8,95,17.994637558728524
7903,2022-11-26 07:00:00,18.3,17.2,94,17.57549903684615
7904,2022-11-26 08:00:00,17.1,16.6,97,16.735564394410293
7905,2022-11-26 09:00:00,14.6,13.3,92,13.673637384542715
7906,2022-11-26 10:00:00,14.7,12.8,88,13.326524907796166
7907,2022-11-26 11:00:00,15.2,12.8,85,13.479956851122939
7908,2022-11-26 12:00:00,16.2,12.8,80,13.881061189618325
7909,2022-11-26 13:00:00,18.4,12.8,70,14.789605521034698
7910,2022-11-26 14:00:00,19.2,11.2,60,14.2908825954847
7911,2022-11-26 15:00:00,19.0,9.1,53,13.226028230683369
7912,2022-11-26 16:00:00,18.1,8.6,53,12.441097224341704
7913,2022-11-26 17:00:00,16.9,5.1,46,10.546970948470939
7914,2022-11-26 18:00:00,15.3,5.4,52,9.885762063533775
7915,2022-11-26 19:00:00,13.9,4.2,52,8.670389462385025
7916,2022-11-26 20:00:00,12.9,4.5,57,8.319580448494044
7917,2022-11-26 21:00:00,12.4,4.5,59,8.078763930520086
7918,2022-11-26 22:00:00,11.8,4.4,61,7.740635691523371
7919,2022-11-26 23:00:00,11.2,4.4,63,7.394461567237485
7920,2022-11-27 00:00:00,10.9,4.2,63,7.12174217085748
7921,2022-11-27 01:00:00,10.9,4.2,63,7.12174217085748
7922,2022-11-27 02:00:00,10.9,4.2,63,7.12174217085748
7923,2022-11-27 03:00:00,10.9,4.1,63,7.12174217085748
7924,2022-11-27 04:00:00,10.9,4.1,63,7.12174217085748
7925,2022-11-27 05:00:00,11.2,4.5,63,7.394461567237485
7926,2022-11-27 06:00:00,11.4,6.4,72,8.467810713398014
7927,2022-11-27 07:00:00,13.4,8.8,74,10.55475824713566
7928,2022-11-27 08:00:00,13.0,8.7,75,10.282262322460635
7929,2022-11-27 09:00:00,14.1,8.7,70,10.783820095053557
7930,2022-11-27 10:00:00,15.9,9.9,67,12.120900794082033
7931,2022-11-27 11:00:00,17.5,10.8,65,13.359281422461969
7932,2022-11-27 12:00:00,18.8,11.8,64,14.42659150541602
7933,2022-11-27 13:00:00,20.0,12.2,61,15.13821971755408
7934,2022-11-27 14:00:00,20.9,11.5,55,15.153107817644099
7935,2022-11-27 15:00:00,21.3,11.2,53,15.231943681776347
7936,2022-11-27 16:00:00,21.4,10.9,51,15.042474236492449
7937,2022-11-27 17:00:00,20.9,11.1,53,14.883090742421032
7938,2022-11-27 18:00:00,17.4,12.6,74,14.328562881989804
7939,2022-11-27 19:00:00,17.0,11.5,70,13.485402587988943
7940,2022-11-27 20:00:00,16.8,11.4,70,13.299087404036996
7941,2022-11-27 21:00:00,14.0,10.9,82,11.985914375373842
7942,2022-11-27 22:00:00,13.6,10.1,79,11.27766885499423
7943,2022-11-27 23:00:00,12.6,9.3,80,10.424832793597204
7944,2022-11-28 00:00:00,11.9,8.9,82,9.958757627695885
7945,2022-11-28 01:00:00,11.6,8.8,83,9.771688987431975
7946,2022-11-28 02:00:00,11.2,8.8,85,9.588236059326611
7947,2022-11-28 03:00:00,10.9,8.7,86,9.397823544666473
7948,2022-11-28 04:00:00,10.2,8.6,89,9.015891320587516
7949,2022-11-28 05:00:00,9.4,8.2,92,8.527545690405734
7950,2022-11-28 06:00:00,8.9,7.8,93,8.131458705640888
7951,2022-11-28 07:00:00,9.1,8.2,94,8.429341021972103
7952,2022-11-28 08:00:00,8.1,7.6,96,7.6307168953325935
7953,2022-11-28 09:00:00,10.9,9.2,90,9.806238446388228
7954,2022-11-28 10:00:00,13.6,10.8,83,11.70746009530771
7955,2022-11-28 11:00:00,16.5,11.9,74,13.47946069739546
7956,2022-11-28 12:00:00,18.9,12.1,65,14.641289708826687
7957,2022-11-28 13:00:00,20.4,12.1,59,15.23890579448004
7958,2022-11-28 14:00:00,21.2,12.6,58,15.821254480105065
7959,2022-11-28 15:00:00,21.5,12.9,58,16.08865788733763
7960,2022-11-28 16:00:00,21.1,12.9,59,15.865404800979906
7961,2022-11-28 17:00:00,19.8,12.3,62,15.085190279577581
7962,2022-11-28 18:00:00,17.6,12.6,72,14.280953118686892
7963,2022-11-28 19:00:00,16.1,12.8,81,13.899027944786408
7964,2022-11-28 20:00:00,15.4,13.4,88,14.012707370336898
7965,2022-11-28 21:00:00,15.5,14.1,91,14.450713401149105
7966,2022-11-28 22:00:00,16.2,14.9,92,15.257040912539821
7967,2022-11-28 23:00:00,18.0,16.4,90,16.799754081344798
7968,2022-11-29 00:00:00,18.5,17.7,95,17.895001607136333
7969,2022-11-29 01:00:00,19.3,18.6,96,18.814591614749105
7970,2022-11-29 02:00:00,19.9,19.2,96,19.413722671813893
7971,2022-11-29 03:00:00,20.2,19.7,97,19.837800846028
7972,2022-11-29 04:00:00,20.9,20.4,97,20.538304164327716
7973,2022-11-29 05:00:00,21.4,20.7,96,20.91154830693045
7974,2022-11-29 06:00:00,21.6,20.9,96,21.11125817916274
7975,2022-11-29 07:00:00,21.6,21.2,98,21.366362601762045
7976,2022-11-29 08:00:00,22.0,21.2,95,21.382252025699312
7977,2022-11-29 09:00:00,22.0,21.2,95,21.382252025699312
7978,2022-11-29 10:00:00,22.2,21.5,96,21.71038750176593
7979,2022-11-29 11:00:00,22.2,21.1,93,21.323721437599147
7980,2022-11-29 12:00:00,23.8,21.3,86,21.980455818174836
7981,2022-11-29 13:00:00,25.5,21.9,80,22.80952358546141
7982,2022-11-29 14:00:00,25.8,22.0,80,23.097535819842417
7983,2022-11-29 15:00:00,25.9,22.2,81,23.333390773247476
7984,2022-11-29 16:00:00,26.0,21.7,77,22.86736728916429
7985,2022-11-29 17:00:00,25.6,22.1,81,23.044586323076718
7986,2022-11-29 18:00:00,24.6,21.9,84,22.4898157765186
7987,2022-11-29 19:00:00,23.7,22.4,92,22.679193815638197
7988,2022-11-29 20:00:00,23.7,22.5,93,22.811554415295404
7989,2022-11-29 21:00:00,23.2,22.2,94,22.446771420313848
7990,2022-11-29 22:00:00,22.8,22.0,96,22.309516388426744
7991,2022-11-29 23:00:00,22.2,21.7,97,21.83923731999894
7992,2022-11-30 00:00:00,21.8,21.2,97,21.438950410769845
7993,2022-11-30 01:00:00,21.2,20.8,97,20.838519688516723
7994,2022-11-30 02:00:00,20.7,20.4,98,20.463786745382013
7995,2022-11-30 03:00:00,20.4,20.1,98,20.1629279124439
7996,2022-11-30 04:00:00,19.1,17.1,88,17.639657503397004
7997,2022-11-30 05:00:00,13.7,10.6,82,11.696321180096565
7998,2022-11-30 06:00:00,11.2,7.2,76,8.678818280659868
7999,2022-11-30 07:00:00,11.5,7.6,77,9.064551476271914
8000,2022-11-30 08:00:00,10.6,5.2,69,7.426337646911296
8001,2022-11-30 09:00:00,10.6,3.8,63,6.849022328628971
8002,2022-11-30 10:00:00,11.1,2.8,56,6.625179958513808
8003,2022-11-30 11:00:00,12.0,3.2,55,7.320749118511676
8004,2022-11-30 12:00:00,13.2,3.7,53,8.167500140384266
8005,2022-11-30 13:00:00,14.6,3.5,47,8.722001856428442
8006,2022-11-30 14:00:00,15.8,3.7,44,9.383937953294222
8007,2022-11-30 15:00:00,16.2,4.0,44,9.717100674309389
8008,2022-11-30 16:00:00,16.1,3.9,44,9.633810132638015
8009,2022-11-30 17:00:00,15.5,3.3,44,9.134064932677301
8010,2022-11-30 18:00:00,14.1,3.0,47,8.298625279158157
8011,2022-11-30 19:00:00,12.6,1.5,47,7.02848218084508
8012,2022-11-30 20:00:00,11.9,1.2,48,6.535563111375822
8013,2022-11-30 21:00:00,11.3,0.6,48,6.024835662790355
8014,2022-11-30 22:00:00,10.8,0.4,49,5.6941709331301205
8015,2022-11-30 23:00:00,10.2,0.1,50,5.273224475400056
8016,2022-12-01 00:00:00,9.6,-1.1,47,4.488130523517496
8017,2022-12-01 01:00:00,9.0,-2.6,44,3.719915244869224
8018,2022-12-01 02:00:00,8.4,-3.5,43,3.136492119226742
8019,2022-12-01 03:00:00,7.9,-3.9,43,2.7223893972190085
8020,2022-12-01 04:00:00,7.3,-4.2,44,2.3038207539852937
8021,2022-12-01 05:00:00,6.9,-4.1,45,2.047350917786523
8022,2022-12-01 06:00:00,6.6,-3.7,48,2.0240089525534843
8023,2022-12-01 07:00:00,5.4,-2.1,58,1.737371366684057
8024,2022-12-01 08:00:00,5.1,-1.8,61,1.6960122325829499
8025,2022-12-01 09:00:00,6.2,-0.5,62,2.768550501773335
8026,2022-12-01 10:00:00,7.8,0.2,59,3.961529367619775
8027,2022-12-01 11:00:00,9.6,1.1,56,5.299305940410337
8028,2022-12-01 12:00:00,11.2,2.0,53,6.423129151845298
8029,2022-12-01 13:00:00,12.8,3.1,52,7.715444282796874
8030,2022-12-01 14:00:00,13.9,4.0,51,8.562587665796539
8031,2022-12-01 15:00:00,14.6,4.6,51,9.16739251485471
8032,2022-12-01 16:00:00,14.9,5.2,52,9.538514096448925
8033,2022-12-01 17:00:00,14.2,5.8,57,9.47355129600649
8034,2022-12-01 18:00:00,13.2,6.4,64,9.317087117425242
8035,2022-12-01 19:00:00,13.2,6.9,65,9.42163927507725
8036,2022-12-01 20:00:00,12.8,6.9,68,9.365501968259379
8037,2022-12-01 21:00:00,12.4,6.8,69,9.097670465505878
8038,2022-12-01 22:00:00,12.3,6.6,68,8.902805647270002
8039,2022-12-01 23:00:00,11.9,6.7,70,8.734325002586392
8040,2022-12-02 00:00:00,12.2,7.4,73,9.320175121379984
8041,2022-12-02 01:00:00,12.2,9.1,81,10.144481396775161
8042,2022-12-02 02:00:00,12.4,10.4,87,10.966323276331849
8043,2022-12-02 03:00:00,13.2,11.6,90,12.071753326318184
8044,2022-12-02 04:00:00,14.9,13.2,90,13.74625810036876
8045,2022-12-02 05:00:00,16.4,14.5,89,15.108312845998451
8046,2022-12-02 06:00:00,17.0,15.2,89,15.697898345258277
8047,2022-12-02 07:00:00,16.3,15.2,94,15.587215090133444
8048,2022-12-02 08:00:00,17.2,16.1,93,16.364256244929386
8049,2022-12-02 09:00:00,18.3,17.0,92,17.335251936610746
8050,2022-12-02 10:00:00,19.5,18.1,92,18.522798117820095
8051,2022-12-02 11:00:00,21.1,19.3,89,19.726716927298487
8052,2022-12-02 12:00:00,22.5,20.3,88,20.972510874914107
8053,2022-12-02 13:00:00,22.9,20.8,88,21.36461011361849
8054,2022-12-02 14:00:00,24.3,21.0,82,21.928502306571477
8055,2022-12-02 15:00:00,25.9,21.0,75,22.489602232477417
8056,2022-12-02 16:00:00,25.5,20.9,76,22.251420529364776
8057,2022-12-02 17:00:00,25.3,20.9,77,22.201034813709363
8058,2022-12-02 18:00:00,24.2,21.1,83,21.966910657907224
8059,2022-12-02 19:00:00,22.4,21.5,95,21.780793930193912
8060,2022-12-02 20:00:00,21.9,21.4,97,21.539022155892095
8061,2022-12-02 21:00:00,22.1,21.6,97,21.739165610476736
8062,2022-12-02 22:00:00,22.0,21.5,97,21.639093889117742
8063,2022-12-02 23:00:00,22.1,21.6,97,21.739165610476736
8064,2022-12-03 00:00:00,22.1,21.5,96,21.610532645118596
8065,2022-12-03 01:00:00,21.8,21.2,97,21.438950410769845
8066,2022-12-03 02:00:00,21.3,20.9,98,21.065504089233404
8067,2022-12-03 03:00:00,21.5,21.1,98,21.266076442647314
8068,2022-12-03 04:00:00,21.3,21.0,98,21.065504089233404
8069,2022-12-03 05:00:00,21.1,20.8,98,20.864931688709948
8070,2022-12-03 06:00:00,20.9,20.6,98,20.664359240839257
8071,2022-12-03 07:00:00,21.2,21.0,99,21.091939175701402
8072,2022-12-03 08:00:00,21.2,21.0,98,20.965217894875185
8073,2022-12-03 09:00:00,21.4,21.0,98,21.165790271814256
8074,2022-12-03 10:00:00,21.5,21.0,98,21.266076442647314
8075,2022-12-03 11:00:00,21.5,20.6,95,20.88407436391096
8076,2022-12-03 12:00:00,22.2,20.3,89,20.807615066882516
8077,2022-12-03 13:00:00,22.6,20.1,86,20.80999054614374
8078,2022-12-03 14:00:00,23.1,19.8,82,20.770152727234482
8079,2022-12-03 15:00:00,24.2,19.7,76,21.01756664971789
8080,2022-12-03 16:00:00,24.5,19.5,74,21.02696597400485
8081,2022-12-03 17:00:00,24.1,19.2,74,20.649594185732905
8082,2022-12-03 18:00:00,23.4,19.7,80,20.793433578701993
8083,2022-12-03 19:00:00,21.7,19.2,86,19.932140120687674
8084,2022-12-03 20:00:00,21.0,18.4,85,19.122896380682466
8085,2022-12-03 21:00:00,20.0,17.0,82,17.777737951900054
8086,2022-12-03 22:00:00,18.8,15.9,84,16.861455085549327
8087,2022-12-03 23:00:00,17.9,15.2,84,15.988083471866137
8088,2022-12-04 00:00:00,17.1,14.9,87,15.562204013980594
8089,2022-12-04 01:00:00,16.5,14.7,89,15.206577138287525
8090,2022-12-04 02:00:00,16.2,14.6,90,15.026758359504552
8091,2022-12-04 03:00:00,16.2,14.3,88,14.796914814675105
8092,2022-12-04 04:00:00,16.0,13.6,86,14.372389231510965
8093,2022-12-04 05:00:00,16.0,12.9,82,13.916530569169037
8094,2022-12-04 06:00:00,16.1,12.4,78,13.55726336688388
8095,2022-12-04 07:00:00,16.2,12.9,80,13.881061189618325
8096,2022-12-04 08:00:00,15.8,12.8,82,13.723469340967604
8097,2022-12-04 09:00:00,16.4,13.5,83,14.417524853479712
8098,2022-12-04 10:00:00,17.2,14.4,83,15.191826077338785
8099,2022-12-04 11:00:00,18.0,15.1,83,15.966126029019584
8100,2022-12-04 12:00:00,18.5,15.6,83,16.450062866156408
8101,2022-12-04 13:00:00,19.0,16.0,83,16.933999225215945
8102,2022-12-04 14:00:00,19.4,16.5,83,17.3211479729534
8103,2022-12-04 15:00:00,20.2,17.0,82,17.970797498952074
8104,2022-12-04 16:00:00,20.9,17.3,80,18.393315981746298
8105,2022-12-04 17:00:00,21.0,17.4,80,18.489320913340904
8106,2022-12-04 18:00:00,20.6,17.5,82,18.35691636870421
8107,2022-12-04 19:00:00,18.4,17.1,92,17.434214199381433
8108,2022-12-04 20:00:00,17.9,17.0,94,17.177842709166267
8109,2022-12-04 21:00:00,17.9,17.0,95,17.29718560910462
8110,2022-12-04 22:00:00,17.5,17.0,97,17.135853674056936
8111,2022-12-04 23:00:00,18.0,17.1,94,17.27725681239824
8112,2022-12-05 00:00:00,18.2,17.5,96,17.71618345162452
8113,2022-12-05 01:00:00,18.6,18.0,96,18.115604787380718
8114,2022-12-05 02:00:00,18.8,18.2,97,18.436792372324074
8115,2022-12-05 03:00:00,19.0,18.2,95,18.393181229051923
8116,2022-12-05 04:00:00,19.0,18.1,95,18.393181229051923
8117,2022-12-05 05:00:00,19.4,18.1,92,18.423836016328828
8118,2022-12-05 06:00:00,19.2,18.1,94,18.470224951767893
8119,2022-12-05 07:00:00,19.8,19.6,99,19.684963911467044
8120,2022-12-05 08:00:00,19.6,19.3,98,19.360637158909025
8121,2022-12-05 09:00:00,20.4,19.8,96,19.91299819916634
8122,2022-12-05 10:00:00,21.5,20.5,94,20.756741722445643
8123,2022-12-05 11:00:00,23.0,20.6,87,21.33144617529103
8124,2022-12-05 12:00:00,23.5,20.4,83,21.289406054163347
8125,2022-12-05 13:00:00,24.4,20.0,77,21.344320283482233
8126,2022-12-05 14:00:00,25.6,19.6,70,21.496850694356993
8127,2022-12-05 15:00:00,25.7,19.3,68,21.30278279601482
8128,2022-12-05 16:00:00,26.0,18.9,65,21.14280737522212
8129,2022-12-05 17:00:00,25.5,19.0,67,20.973988080145972
8130,2022-12-05 18:00:00,24.0,19.0,73,20.41854286399933
8131,2022-12-05 19:00:00,23.0,19.6,81,20.54160806059489
8132,2022-12-05 20:00:00,22.2,20.2,89,20.807615066882516
8133,2022-12-05 21:00:00,21.6,20.8,95,20.983709921432986
8134,2022-12-05 22:00:00,22.2,21.2,94,21.45263674887784
8135,2022-12-05 23:00:00,22.5,21.1,92,21.491654624500914
8136,2022-12-06 00:00:00,22.4,21.0,92,21.392692939473967
8137,2022-12-06 01:00:00,22.4,20.7,90,21.133722466507955
8138,2022-12-06 02:00:00,22.1,20.4,90,20.838225525794957
8139,2022-12-06 03:00:00,21.8,20.4,92,20.798922547597954
8140,2022-12-06 04:00:00,21.5,20.2,93,20.62939838104901
8141,2022-12-06 05:00:00,20.5,19.7,95,19.887718087684394
8142,2022-12-06 06:00:00,20.2,19.5,95,19.588810953257717
8143,2022-12-06 07:00:00,20.7,20.0,95,20.086989445687333
8144,2022-12-06 08:00:00,20.6,19.9,95,19.987353773158215
8145,2022-12-06 09:00:00,21.8,20.2,91,20.670846145079743
8146,2022-12-06 10:00:00,23.2,20.8,86,21.395223458582723
8147,2022-12-06 11:00:00,23.9,20.9,83,21.67655164032368
8148,2022-12-06 12:00:00,25.2,20.5,75,21.827198035611172
8149,2022-12-06 13:00:00,26.0,20.4,71,22.01329057138457
8150,2022-12-06 14:00:00,26.6,20.1,68,22.135599005283606
8151,2022-12-06 15:00:00,26.9,20.1,67,22.265041927265052
8152,2022-12-06 16:00:00,26.4,20.0,68,21.95052890383084
8153,2022-12-06 17:00:00,26.1,20.1,70,21.962626869728936
8154,2022-12-06 18:00:00,24.8,20.2,76,21.587038080702445
8155,2022-12-06 19:00:00,23.5,20.9,85,21.555179899427124
8156,2022-12-06 20:00:00,23.0,20.8,87,21.33144617529103
8157,2022-12-06 21:00:00,21.5,20.5,93,20.62939838104901
8158,2022-12-06 22:00:00,20.9,20.0,95,20.286260752045504
8159,2022-12-06 23:00:00,20.5,19.6,95,19.887718087684394
8160,2022-12-07 00:00:00,20.1,19.4,95,19.489175215667462
8161,2022-12-07 01:00:00,19.9,19.2,96,19.413722671813893
8162,2022-12-07 02:00:00,19.8,19.2,96,19.313867527942477
8163,2022-12-07 03:00:00,19.7,19.1,97,19.337440960928614
8164,2022-12-07 04:00:00,19.2,18.8,98,18.95949148804367
8165,2022-12-07 05:00:00,18.8,18.5,98,18.55834561842749
8166,2022-12-07 06:00:00,18.6,18.5,99,18.478983255897646
8167,2022-12-07 07:00:00,21.2,21.0,99,21.091939175701402
8168,2022-12-07 08:00:00,21.0,20.5,97,20.638376017884635
8169,2022-12-07 09:00:00,21.6,20.5,93,20.728587428814095
8170,2022-12-07 10:00:00,22.5,21.0,91,21.36196841240409
8171,2022-12-07 11:00:00,24.2,22.0,88,22.638931032335694
8172,2022-12-07 12:00:00,25.5,21.1,77,22.391415613554436
8173,2022-12-07 13:00:00,26.4,20.3,69,22.09656797207173
8174,2022-12-07 14:00:00,27.0,19.7,65,22.058502560010027
8175,2022-12-07 15:00:00,26.7,19.0,63,21.48446596817043
8176,2022-12-07 16:00:00,26.9,18.2,59,21.056327582479547
8177,2022-12-07 17:00:00,25.9,19.1,66,21.197330789494462
8178,2022-12-07 18:00:00,24.5,19.5,73,20.888805053007445
8179,2022-12-07 19:00:00,23.4,21.0,86,21.590300972758374
8180,2022-12-07 20:00:00,22.6,21.0,91,21.460700109881994
8181,2022-12-07 21:00:00,22.4,21.1,93,21.522099335522135
8182,2022-12-07 22:00:00,22.0,21.5,98,21.767507121623506
8183,2022-12-07 23:00:00,22.0,21.6,98,21.767507121623506
8184,2022-12-08 00:00:00,21.5,21.2,98,21.266076442647314
8185,2022-12-08 01:00:00,21.8,21.2,97,21.438950410769845
8186,2022-12-08 02:00:00,21.4,20.8,97,21.038663310711886
8187,2022-12-08 03:00:00,21.0,20.4,96,20.512128413911014
8188,2022-12-08 04:00:00,20.5,20.0,97,20.13801662776982
8189,2022-12-08 05:00:00,20.2,19.8,97,19.837800846028
8190,2022-12-08 06:00:00,20.0,19.6,98,19.761782633044536
8191,2022-12-08 07:00:00,21.1,21.1,100,20.99144101833301
8192,2022-12-08 08:00:00,21.1,20.8,98,20.864931688709948
8193,2022-12-08 09:00:00,21.6,20.9,95,20.983709921432986
8194,2022-12-08 10:00:00,22.2,20.9,92,21.19476952931612
8195,2022-12-08 11:00:00,22.7,21.2,92,21.68957795462565
8196,2022-12-08 12:00:00,24.2,20.7,81,21.696830237330904
8197,2022-12-08 13:00:00,25.5,20.1,72,21.687868819377503
8198,2022-12-08 14:00:00,26.1,19.6,68,21.67292357319167
8199,2022-12-08 15:00:00,26.4,19.5,66,21.656812510409004
8200,2022-12-08 16:00:00,26.1,19.1,65,21.23437701167615
8201,2022-12-08 17:00:00,25.9,19.0,66,21.197330789494462
8202,2022-12-08 18:00:00,24.5,19.5,74,21.02696597400485
8203,2022-12-08 19:00:00,22.9,20.4,86,21.102607072040147
8204,2022-12-08 20:00:00,22.0,20.6,92,20.996846065451827
8205,2022-12-08 21:00:00,21.0,20.3,95,20.38589638594127
8206,2022-12-08 22:00:00,20.4,19.9,97,20.037944712891512
8207,2022-12-08 23:00:00,19.8,19.5,98,19.561209920442767
8208,2022-12-09 00:00:00,19.5,19.2,99,19.38346891063925
8209,2022-12-09 01:00:00,18.9,18.9,100,18.780478583684317
8210,2022-12-09 02:00:00,19.6,19.6,100,19.483967256225537
8211,2022-12-09 03:00:00,19.9,19.8,100,19.785462221182694
8212,2022-12-09 04:00:00,20.1,20.1,100,19.986458804954133
8213,2022-12-09 05:00:00,20.4,20.3,100,20.28795359190955
8214,2022-12-09 06:00:00,20.4,20.4,100,20.28795359190955
8215,2022-12-09 07:00:00,21.3,20.7,96,20.811693352292437
8216,2022-12-09 08:00:00,20.3,19.9,97,19.937872785654786
8217,2022-12-09 09:00:00,21.5,20.4,93,20.62939838104901
8218,2022-12-09 10:00:00,22.4,20.5,90,21.133722466507955
8219,2022-12-09 11:00:00,23.2,20.5,85,21.263306407458664
8220,2022-12-09 12:00:00,23.5,19.8,80,20.889438041845487
8221,2022-12-09 13:00:00,23.1,19.9,82,20.770152727234482
8222,2022-12-09 14:00:00,24.9,20.0,74,21.404337427497236
8223,2022-12-09 15:00:00,25.4,19.8,71,21.45253934378879
8224,2022-12-09 16:00:00,25.4,19.6,71,21.45253934378879
8225,2022-12-09 17:00:00,25.0,19.5,71,21.078704746559353
8226,2022-12-09 18:00:00,23.9,19.4,76,20.73283066668871
8227,2022-12-09 19:00:00,23.0,19.0,78,20.14444956551594
8228,2022-12-09 20:00:00,22.1,19.6,86,20.322296023490384
8229,2022-12-09 21:00:00,21.2,20.1,93,20.33183115768581
8230,2022-12-09 22:00:00,20.7,20.0,96,20.212563363158566
8231,2022-12-09 23:00:00,20.3,19.8,97,19.937872785654786
8232,2022-12-10 00:00:00,20.1,19.8,98,19.862068971073608
8233,2022-12-10 01:00:00,20.0,19.5,97,19.637656929477213
8234,2022-12-10 02:00:00,19.8,19.2,97,19.437512962983927
8235,2022-12-10 03:00:00,19.3,18.8,97,18.937152826561604
8236,2022-12-10 04:00:00,19.1,18.6,97,18.73700868323434
8237,2022-12-10 05:00:00,19.1,18.6,97,18.73700868323434
8238,2022-12-10 06:00:00,18.9,18.4,97,18.536864488794205
8239,2022-12-10 07:00:00,18.8,18.5,99,18.67998015333213
8240,2022-12-10 08:00:00,18.3,18.1,99,18.177487817450995
8241,2022-12-10 09:00:00,19.6,19.0,96,19.11415720153298
8242,2022-12-10 10:00:00,21.4,20.1,93,20.530209319962594
8243,2022-12-10 11:00:00,23.4,20.5,84,21.32533196063241
8244,2022-12-10 12:00:00,24.1,20.5,80,21.465464443779787
8245,2022-12-10 13:00:00,25.1,20.6,76,21.871773531832925
8246,2022-12-10 14:00:00,26.0,20.0,69,21.72517827262641
8247,2022-12-10 15:00:00,24.6,19.9,75,21.259422235281995
8248,2022-12-10 16:00:00,24.5,19.8,75,21.164792864747984
8249,2022-12-10 17:00:00,24.0,19.7,77,20.96355777381662
8250,2022-12-10 18:00:00,21.9,20.1,90,20.641227494406124
8251,2022-12-10 19:00:00,21.9,20.6,93,21.02615449252914
8252,2022-12-10 20:00:00,21.5,20.4,93,20.62939838104901
8253,2022-12-10 21:00:00,21.2,20.1,94,20.4585008028256
8254,2022-12-10 22:00:00,19.8,19.1,96,19.313867527942477
8255,2022-12-10 23:00:00,19.4,19.0,98,19.16006434819324
8256,2022-12-11 00:00:00,19.4,19.1,98,19.16006434819324
8257,2022-12-11 01:00:00,19.2,18.9,98,18.95949148804367
8258,2022-12-11 02:00:00,19.0,18.8,98,18.758918578206828
8259,2022-12-11 03:00:00,19.0,18.6,98,18.758918578206828
8260,2022-12-11 04:00:00,18.8,18.3,97,18.436792372324074
8261,2022-12-11 05:00:00,18.1,17.8,98,17.8563398621767
8262,2022-12-11 06:00:00,18.0,17.7,98,17.756053274719232
8263,2022-12-11 07:00:00,19.4,19.0,97,19.037224879140236
8264,2022-12-11 08:00:00,19.4,18.3,94,18.669052780275376
8265,2022-12-11 09:00:00,18.9,17.9,94,18.17198310552344
8266,2022-12-11 10:00:00,18.8,17.9,94,18.07256912903299
8267,2022-12-11 11:00:00,20.7,18.2,86,18.95674923688033
8268,2022-12-11 12:00:00,22.2,19.0,82,19.901388919503407
8269,2022-12-11 13:00:00,23.4,18.5,74,19.989192738289418
8270,2022-12-11 14:00:00,22.6,18.2,76,19.498972633223854
8271,2022-12-11 15:00:00,22.6,17.6,73,19.10180579337386
8272,2022-12-11 16:00:00,22.2,16.5,70,18.329557051109838
8273,2022-12-11 17:00:00,21.4,15.8,70,17.58430731830154
8274,2022-12-11 18:00:00,20.9,15.6,72,17.374999896270307
8275,2022-12-11 19:00:00,19.5,17.0,85,17.663521278034253
8276,2022-12-11 20:00:00,19.3,17.0,87,17.713453539870056
8277,2022-12-11 21:00:00,19.4,17.0,86,17.68873861976682
8278,2022-12-11 22:00:00,19.0,16.8,87,17.420101817649467
8279,2022-12-11 23:00:00,18.8,16.5,87,17.224533918967424
8280,2022-12-12 00:00:00,18.5,16.5,88,17.051505004561587
8281,2022-12-12 01:00:00,18.5,16.5,89,17.17185947112981
8282,2022-12-12 02:00:00,18.4,16.6,89,17.073595510447344
8283,2022-12-12 03:00:00,18.5,16.6,89,17.17185947112981
8284,2022-12-12 04:00:00,18.3,16.6,90,17.095252861223965
8285,2022-12-12 05:00:00,18.1,16.7,92,17.137327366324023
8286,2022-12-12 06:00:00,18.0,16.8,92,17.038365058726637
8287,2022-12-12 07:00:00,17.0,16.3,96,16.5179181462649
8288,2022-12-12 08:00:00,17.0,16.2,95,16.40046067155949
8289,2022-12-12 09:00:00,17.2,16.3,94,16.481943584783554
8290,2022-12-12 10:00:00,18.2,16.5,90,16.996753283731607
8291,2022-12-12 11:00:00,18.9,16.9,88,17.443606736050846
8292,2022-12-12 12:00:00,20.0,17.4,85,18.149980075397117
8293,2022-12-12 13:00:00,20.6,17.6,83,18.482592442144053
8294,2022-12-12 14:00:00,21.0,17.6,81,18.616232032136658
8295,2022-12-12 15:00:00,20.8,17.8,83,18.67616626611676
8296,2022-12-12 16:00:00,20.5,17.9,85,18.636438440909735
8297,2022-12-12 17:00:00,20.5,17.8,85,18.636438440909735
8298,2022-12-12 18:00:00,20.0,17.8,87,18.397940311223135
8299,2022-12-12 19:00:00,19.5,18.8,96,19.01430201892795
8300,2022-12-12 20:00:00,19.6,18.6,94,18.867880553931844
8301,2022-12-12 21:00:00,19.8,18.7,94,19.066708273026467
8302,2022-12-12 22:00:00,20.1,18.9,93,19.240750297522283
8303,2022-12-12 23:00:00,20.3,19.0,92,19.314494413662988
8304,2022-12-13 00:00:00,20.1,18.9,93,19.240750297522283
8305,2022-12-13 01:00:00,20.1,18.9,93,19.240750297522283
8306,2022-12-13 02:00:00,19.9,18.7,93,19.042371781038725
8307,2022-12-13 03:00:00,20.2,19.0,93,19.33993953501252
8308,2022-12-13 04:00:00,20.0,18.6,92,19.017608409664145
8309,2022-12-13 05:00:00,19.9,18.8,93,19.042371781038725
8310,2022-12-13 06:00:00,20.0,18.9,93,19.141561046209926
8311,2022-12-13 07:00:00,20.8,19.6,93,19.935074671729765
8312,2022-12-13 08:00:00,20.6,19.2,91,19.486063519879348
8313,2022-12-13 09:00:00,21.2,19.8,91,20.0784550873194
8314,2022-12-13 10:00:00,22.5,20.1,87,20.842529500999103
8315,2022-12-13 11:00:00,23.5,20.8,85,21.555179899427124
8316,2022-12-13 12:00:00,24.6,19.9,75,21.259422235281995
8317,2022-12-13 13:00:00,26.4,19.6,66,21.656812510409004
8318,2022-12-13 14:00:00,26.5,19.6,66,21.748708778222404
8319,2022-12-13 15:00:00,26.2,19.4,66,21.47301989866115
8320,2022-12-13 16:00:00,25.5,19.9,71,21.54599793712029
8321,2022-12-13 17:00:00,24.1,20.2,79,21.330138926556295
8322,2022-12-13 18:00:00,23.2,20.5,85,21.263306407458664
8323,2022-12-13 19:00:00,22.1,20.9,93,21.224532469034667
8324,2022-12-13 20:00:00,22.0,20.2,90,20.739726517217214
8325,2022-12-13 21:00:00,21.6,20.4,93,20.728587428814095
8326,2022-12-13 22:00:00,20.1,19.4,95,19.489175215667462
8327,2022-12-13 23:00:00,19.6,18.5,93,18.744803902002865
8328,2022-12-14 00:00:00,19.2,18.6,97,18.83708076127058
8329,2022-12-14 01:00:00,19.0,18.7,98,18.758918578206828
8330,2022-12-14 02:00:00,19.0,18.7,98,18.758918578206828
8331,2022-12-14 03:00:00,19.2,18.6,97,18.83708076127058
8332,2022-12-14 04:00:00,19.1,18.6,97,18.73700868323434
8333,2022-12-14 05:00:00,19.1,18.8,98,18.859205039352073
8334,2022-12-14 06:00:00,19.0,18.9,99,18.880977001834637
8335,2022-12-14 07:00:00,18.9,16.6,87,17.322317876726952
8336,2022-12-14 08:00:00,17.4,14.8,85,15.620389470559708
8337,2022-12-14 09:00:00,16.6,12.3,76,13.804195238383908
8338,2022-12-14 10:00:00,16.8,5.7,48,10.706386918669061
8339,2022-12-14 11:00:00,16.6,5.2,47,10.415487288628785
8340,2022-12-14 12:00:00,16.9,4.2,43,10.175750580870089
8341,2022-12-14 13:00:00,18.5,5.2,42,11.367790767100797
8342,2022-12-14 14:00:00,18.2,5.0,42,11.120832718482353
8343,2022-12-14 15:00:00,19.0,5.0,40,11.505739534572111
8344,2022-12-14 16:00:00,19.0,4.2,37,11.087049118591265
8345,2022-12-14 17:00:00,18.4,4.3,39,10.882609414722463
8346,2022-12-14 18:00:00,16.8,5.1,46,10.46274983470924
8347,2022-12-14 19:00:00,14.4,4.3,51,8.994591488389336
8348,2022-12-14 20:00:00,14.2,3.0,47,8.383300768174564
8349,2022-12-14 21:00:00,13.2,-0.2,40,6.78965244342246
8350,2022-12-14 22:00:00,12.1,-0.2,43,6.200744540643091
8351,2022-12-14 23:00:00,11.6,-0.2,44,5.8856329152662195
8352,2022-12-15 00:00:00,10.8,0.8,50,5.789130753891367
8353,2022-12-15 01:00:00,9.6,1.0,55,5.208569871058126
8354,2022-12-15 02:00:00,8.6,0.9,59,4.677579585862823
8355,2022-12-15 03:00:00,7.7,0.9,62,4.127050078131617
8356,2022-12-15 04:00:00,6.9,0.7,64,3.568729315137274
8357,2022-12-15 05:00:00,6.2,0.7,68,3.2578269321581645
8358,2022-12-15 06:00:00,5.6,0.9,72,3.029589762791913
8359,2022-12-15 07:00:00,6.6,1.2,68,3.627994598608339
8360,2022-12-15 08:00:00,7.6,1.0,63,4.121798134602921
8361,2022-12-15 09:00:00,7.5,2.0,68,4.460869049521474
8362,2022-12-15 10:00:00,9.9,3.6,65,6.399675974418569
8363,2022-12-15 11:00:00,11.8,3.5,57,7.3431358706023975
8364,2022-12-15 12:00:00,13.2,2.3,48,7.642127894020415
8365,2022-12-15 13:00:00,14.1,2.2,45,8.0785425225151
8366,2022-12-15 14:00:00,14.9,1.9,41,8.2884062621532
8367,2022-12-15 15:00:00,15.4,1.7,40,8.57855858107289
8368,2022-12-15 16:00:00,15.6,1.8,39,8.620499003719393
8369,2022-12-15 17:00:00,15.4,1.9,40,8.57855858107289
8370,2022-12-15 18:00:00,13.8,6.4,61,9.544952581407884
8371,2022-12-15 19:00:00,12.6,3.0,52,7.541816944454883
8372,2022-12-15 20:00:00,11.7,2.0,51,6.66174853706174
8373,2022-12-15 21:00:00,10.4,2.7,59,6.288677649827479
8374,2022-12-15 22:00:00,9.1,3.5,68,5.941525531969395
8375,2022-12-15 23:00:00,8.6,3.8,72,5.842478766662323
8376,2022-12-16 00:00:00,8.3,4.2,75,5.834515040341216
8377,2022-12-16 01:00:00,8.2,4.4,77,5.923145365531557
8378,2022-12-16 02:00:00,8.3,4.8,79,6.203464464000836
8379,2022-12-16 03:00:00,7.8,5.2,84,6.186797631850158
8380,2022-12-16 04:00:00,7.8,5.9,87,6.468183633150295
8381,2022-12-16 05:00:00,7.6,5.8,88,6.366619675957436
8382,2022-12-16 06:00:00,7.7,5.2,85,6.182950995889829
8383,2022-12-16 07:00:00,7.9,3.6,74,5.365697032612395
8384,2022-12-16 08:00:00,7.7,3.0,72,4.998615855757064
8385,2022-12-16 09:00:00,8.8,3.4,69,5.754991977795074
8386,2022-12-16 10:00:00,11.2,5.2,67,7.786464761273692
8387,2022-12-16 11:00:00,13.9,7.1,63,9.848916932243831
8388,2022-12-16 12:00:00,16.4,9.5,64,12.236818849580047
8389,2022-12-16 13:00:00,18.0,11.3,65,13.817142307791094
8390,2022-12-16 14:00:00,19.7,11.4,59,14.61240483066599
8391,2022-12-16 15:00:00,20.5,11.4,56,14.933686323160476
8392,2022-12-16 16:00:00,20.6,11.2,55,14.889102435022163
8393,2022-12-16 17:00:00,19.4,12.2,64,14.974031428282288
8394,2022-12-16 18:00:00,16.0,14.1,88,14.600863060663347
8395,2022-12-16 19:00:00,11.4,9.8,90,10.29874253337207
8396,2022-12-16 20:00:00,9.2,7.5,89,8.033235676403192
8397,2022-12-16 21:00:00,8.1,5.9,86,6.666665663814362
8398,2022-12-16 22:00:00,7.6,5.4,87,6.272611267624171
8399,2022-12-16 23:00:00,7.3,5.7,89,6.166184080108817
8400,2022-12-17 00:00:00,7.2,5.3,88,5.974509129987442
8401,2022-12-17 01:00:00,7.3,4.4,82,5.518280760017639
8402,2022-12-17 02:00:00,7.4,4.1,79,5.341799127566922
8403,2022-12-17 03:00:00,7.2,3.6,78,5.060574216849435
8404,2022-12-17 04:00:00,7.3,2.9,74,4.799611340001093
8405,2022-12-17 05:00:00,7.1,1.4,67,4.005285904376317
8406,2022-12-17 06:00:00,6.1,0.4,67,3.0830351230268445
8407,2022-12-17 07:00:00,6.4,-0.8,60,2.7884537317917433
8408,2022-12-17 08:00:00,6.1,-1.9,57,2.283249931253044
8409,2022-12-17 09:00:00,6.2,-1.4,58,2.4505165811455516
8410,2022-12-17 10:00:00,7.5,-1.1,54,3.2780147974164464
8411,2022-12-17 11:00:00,8.8,-0.9,51,4.156036210325881
8412,2022-12-17 12:00:00,9.7,-0.5,49,4.7530374164685885
8413,2022-12-17 13:00:00,11.7,-0.8,42,5.769849139431141
8414,2022-12-17 14:00:00,12.4,-3.0,34,5.5083706800334635
8415,2022-12-17 15:00:00,13.1,-4.1,30,5.60486667333444
8416,2022-12-17 16:00:00,13.3,-4.1,30,5.755944933600562
8417,2022-12-17 17:00:00,12.8,-3.0,33,5.711036930444505
8418,2022-12-17 18:00:00,11.1,-0.6,44,5.469155210300828
8419,2022-12-17 19:00:00,9.1,-0.1,53,4.591507007147076
8420,2022-12-17 20:00:00,8.4,-0.1,55,4.152464511801675
8421,2022-12-17 21:00:00,7.2,0.4,62,3.6742184053854565
8422,2022-12-17 22:00:00,6.2,0.5,67,3.1752604280620123
8423,2022-12-17 23:00:00,6.2,-0.2,64,2.9300101449930303
8424,2022-12-18 00:00:00,5.7,-0.2,66,2.6335826832626896
8425,2022-12-18 01:00:00,5.2,0.4,71,2.573325159010233
8426,2022-12-18 02:00:00,4.8,-0.2,70,2.1199172638348838
8427,2022-12-18 03:00:00,4.4,-1.5,66,1.4388257910049553
8428,2022-12-18 04:00:00,4.1,-2.3,63,0.9399713519119137
8429,2022-12-18 05:00:00,3.5,-2.8,63,0.39450752656220267
8430,2022-12-18 06:00:00,3.2,-2.8,64,0.19260909954601857
8431,2022-12-18 07:00:00,2.6,-2.9,67,-0.14488437253001685
8432,2022-12-18 08:00:00,2.3,-2.8,69,-0.28054507877603996
8433,2022-12-18 09:00:00,4.0,-2.2,64,0.9225881958484505
8434,2022-12-18 10:00:00,6.7,-0.5,60,3.0580525948000554
8435,2022-12-18 11:00:00,8.6,-0.7,52,4.069203984602218
8436,2022-12-18 12:00:00,10.0,-1.5,45,4.6441892607376065
8437,2022-12-18 13:00:00,10.9,-1.4,42,5.111232417673449
8438,2022-12-18 14:00:00,11.7,-0.8,42,5.769849139431141
8439,2022-12-18 15:00:00,12.2,-0.6,41,6.07913503101334
8440,2022-12-18 16:00:00,11.9,-1.1,40,5.732541819115703
8441,2022-12-18 17:00:00,11.4,-0.7,43,5.621034730381114
8442,2022-12-18 18:00:00,10.9,-0.1,47,5.588960883210822
8443,2022-12-18 19:00:00,11.2,0.6,48,5.939714088662189
8444,2022-12-18 20:00:00,11.4,0.4,47,6.0123524756684095
8445,2022-12-18 21:00:00,11.4,0.6,47,6.0123524756684095
8446,2022-12-18 22:00:00,11.2,0.6,48,5.939714088662189
8447,2022-12-18 23:00:00,10.7,0.9,51,5.79771801230552
8448,2022-12-19 00:00:00,10.8,0.7,50,5.789130753891367
8449,2022-12-19 01:00:00,10.6,0.6,50,5.617162354873516
8450,2022-12-19 02:00:00,10.4,0.4,50,5.4451935965696165
8451,2022-12-19 03:00:00,10.1,0.2,50,5.187239777609001
8452,2022-12-19 04:00:00,8.9,3.0,66,5.574484652259933
8453,2022-12-19 05:00:00,8.4,3.4,71,5.564185006429097
8454,2022-12-19 06:00:00,8.3,3.7,73,5.651979422184658
8455,2022-12-19 07:00:00,7.9,4.9,81,6.0048093343105755
8456,2022-12-19 08:00:00,7.7,4.7,81,5.812265223365573
8457,2022-12-19 09:00:00,8.1,4.4,77,5.827950711239609
8458,2022-12-19 10:00:00,8.1,4.9,80,6.104500864867946
8459,2022-12-19 11:00:00,9.1,5.6,78,6.874493188927595
8460,2022-12-19 12:00:00,10.4,6.3,76,7.919496068098281
8461,2022-12-19 13:00:00,10.6,6.8,77,8.207807624441738
8462,2022-12-19 14:00:00,10.7,7.1,78,8.401995396913446
8463,2022-12-19 15:00:00,10.8,7.5,80,8.696706581403777
8464,2022-12-19 16:00:00,11.4,8.2,81,9.374313506761455
8465,2022-12-19 17:00:00,11.0,8.5,85,9.393649112180128
8466,2022-12-19 18:00:00,10.1,8.4,89,8.917625849377853
8467,2022-12-19 19:00:00,8.4,7.6,95,7.831693236283895
8468,2022-12-19 20:00:00,8.8,7.8,94,8.131094344813986
8469,2022-12-19 21:00:00,9.1,8.2,94,8.429341021972103
8470,2022-12-19 22:00:00,9.4,8.2,93,8.627413755648412
8471,2022-12-19 23:00:00,9.9,8.6,92,9.022364332585934
8472,2022-12-20 00:00:00,10.1,9.1,94,9.423495434460637
8473,2022-12-20 01:00:00,10.2,9.5,95,9.625166232874532
8474,2022-12-20 02:00:00,10.4,9.8,95,9.824440661451542
8475,2022-12-20 03:00:00,10.6,9.9,96,10.12713449840112
8476,2022-12-20 04:00:00,10.6,10.0,96,10.12713449840112
8477,2022-12-20 05:00:00,10.4,9.7,96,9.927421479676308
8478,2022-12-20 06:00:00,10.1,9.6,96,9.627851826965497
8479,2022-12-20 07:00:00,9.7,9.2,97,9.330171320877323
8480,2022-12-20 08:00:00,9.3,8.6,96,8.828998679586421
8481,2022-12-20 09:00:00,9.2,8.2,94,8.5287565444614
8482,2022-12-20 10:00:00,9.4,8.1,92,8.527545690405734
8483,2022-12-20 11:00:00,9.8,7.8,88,8.523221253861633
8484,2022-12-20 12:00:00,11.1,8.1,82,9.186504674321924
8485,2022-12-20 13:00:00,12.4,8.1,76,9.817797996912143
8486,2022-12-20 14:00:00,14.1,8.4,69,10.676140413773016
8487,2022-12-20 15:00:00,15.2,8.2,63,11.030680087842756
8488,2022-12-20 16:00:00,15.4,8.1,61,10.988392253183653
8489,2022-12-20 17:00:00,14.8,8.1,64,10.776958215896673
8490,2022-12-20 18:00:00,13.1,8.0,71,9.956937458730492
8491,2022-12-20 19:00:00,11.1,7.9,81,9.085500132033395
8492,2022-12-20 20:00:00,9.9,7.6,86,8.42241207379133
8493,2022-12-20 21:00:00,8.9,7.3,89,7.738438574293088
8494,2022-12-20 22:00:00,8.1,6.9,92,7.241014958778305
8495,2022-12-20 23:00:00,7.6,6.4,92,6.746194556542388
8496,2022-12-21 00:00:00,8.1,6.0,87,6.7615420056006865
8497,2022-12-21 01:00:00,8.2,5.4,83,6.480856079270602
8498,2022-12-21 02:00:00,7.8,4.8,81,5.908537293115552
8499,2022-12-21 03:00:00,7.7,4.5,80,5.720468621288184
8500,2022-12-21 04:00:00,5.3,4.2,92,4.470014068964577
8501,2022-12-21 05:00:00,4.9,3.8,93,4.163800688659991
8502,2022-12-21 06:00:00,4.8,3.8,93,4.064608818089894
8503,2022-12-21 07:00:00,5.3,4.4,94,4.651537143219716
8504,2022-12-21 08:00:00,4.8,4.0,95,4.2447293392223955
8505,2022-12-21 09:00:00,5.3,4.2,93,4.56056795848658
8506,2022-12-21 10:00:00,7.1,4.7,85,5.5991848476766
8507,2022-12-21 11:00:00,8.7,5.0,78,6.492616442900005
8508,2022-12-21 12:00:00,10.1,5.0,71,7.153062329311245
8509,2022-12-21 13:00:00,11.1,5.3,67,7.694241770276218
8510,2022-12-21 14:00:00,11.9,5.8,66,8.331535803592816
8511,2022-12-21 15:00:00,13.1,5.8,61,8.913443924349101
8512,2022-12-21 16:00:00,13.0,6.0,62,8.92698086530535
8513,2022-12-21 17:00:00,12.9,6.1,63,8.939863313613955
8514,2022-12-21 18:00:00,11.9,6.6,70,8.734325002586392
8515,2022-12-21 19:00:00,9.2,6.6,84,7.545405676197284
8516,2022-12-21 20:00:00,8.9,6.2,84,7.254275796066349
8517,2022-12-21 21:00:00,9.1,6.2,82,7.255865260920324
8518,2022-12-21 22:00:00,7.2,5.9,91,6.255832638800253
8519,2022-12-21 23:00:00,6.7,5.8,94,6.043362883358091
8520,2022-12-22 00:00:00,6.6,5.8,95,6.038214377451215
8521,2022-12-22 01:00:00,5.3,4.9,97,4.926922947925197
8522,2022-12-22 02:00:00,5.9,5.4,96,5.4338602622713115
8523,2022-12-22 03:00:00,5.3,4.8,97,4.926922947925197
8524,2022-12-22 04:00:00,7.4,6.1,91,6.453301219008598
8525,2022-12-22 05:00:00,8.8,6.6,86,7.349456834226814
8526,2022-12-22 06:00:00,9.6,7.2,85,8.03153791875975
8527,2022-12-22 07:00:00,8.9,7.1,88,7.64097644494762
8528,2022-12-22 08:00:00,9.2,7.8,91,8.230514723482436
8529,2022-12-22 09:00:00,9.6,8.4,92,8.725473204420584
8530,2022-12-22 10:00:00,10.8,9.4,91,9.810254642011
8531,2022-12-22 11:00:00,12.0,10.2,89,10.784666358607382
8532,2022-12-22 12:00:00,13.2,11.0,87,11.748603857300907
8533,2022-12-22 13:00:00,13.9,11.6,86,12.324045033734649
8534,2022-12-22 14:00:00,15.6,12.4,81,13.417677767449526
8535,2022-12-22 15:00:00,15.6,11.4,76,12.855057304673174
8536,2022-12-22 16:00:00,15.8,10.4,71,12.480399086855808
8537,2022-12-22 17:00:00,9.9,2.4,60,5.9337376378403786
8538,2022-12-22 18:00:00,6.7,-1.5,56,2.73590329373757
8539,2022-12-22 19:00:00,1.4,-5.0,63,-1.5146355842777828
8540,2022-12-22 20:00:00,-0.6,-7.1,61,-3.4466716883236224
8541,2022-12-22 21:00:00,-2.4,-9.8,57,-5.26270295441245
8542,2022-12-22 22:00:00,-3.8,-11.5,55,-6.585385794612908
8543,2022-12-22 23:00:00,-5.2,-14.2,49,-7.996593321006393
8544,2022-12-23 00:00:00,-5.9,-16.2,44,-8.693633336075266
8545,2022-12-23 01:00:00,-6.4,-16.8,44,-9.110296667521997
8546,2022-12-23 02:00:00,-7.2,-19.6,36,-9.801159187484004
8547,2022-12-23 03:00:00,-8.1,-21.2,34,-10.491757806101875
8548,2022-12-23 04:00:00,-8.4,-20.9,36,-10.752116827003743
8549,2022-12-23 05:00:00,-8.6,-21.1,36,-10.910622589999711
8550,2022-12-23 06:00:00,-8.6,-20.1,39,-10.937448831188522
8551,2022-12-23 07:00:00,-8.0,-19.6,39,-10.452266273670325
8552,2022-12-23 08:00:00,-8.2,-18.5,43,-10.614650668556614
8553,2022-12-23 09:00:00,-8.1,-18.2,44,-10.527024611051552
8554,2022-12-23 10:00:00,-7.4,-17.6,44,-9.943651898249833
8555,2022-12-23 11:00:00,-6.1,-17.3,41,-8.898513595853977
8556,2022-12-23 12:00:00,-4.7,-15.7,42,-7.734205933597765
8557,2022-12-23 13:00:00,-3.0,-13.9,43,-6.306236237158722
8558,2022-12-23 14:00:00,-1.8,-13.9,39,-5.439913517791126
8559,2022-12-23 15:00:00,-1.0,-14.1,36,-4.889523542789049
8560,2022-12-23 16:00:00,-0.6,-14.6,34,-4.635627625042239
8561,2022-12-23 17:00:00,-0.7,-15.0,33,-4.742822894479157
8562,2022-12-23 18:00:00,-1.5,-16.0,32,-5.3856633040691735
8563,2022-12-23 19:00:00,-2.0,-16.1,33,-5.749909741462302
8564,2022-12-23 20:00:00,-2.5,-16.0,35,-6.098893671783402
8565,2022-12-23 21:00:00,-3.1,-16.4,35,-6.570773123420201
8566,2022-12-23 22:00:00,-3.5,-16.9,35,-6.885371648853444
8567,2022-12-23 23:00:00,-4.0,-17.5,34,-7.2898707311131705
8568,2022-12-24 00:00:00,-4.2,-17.9,34,-7.44602674118169
8569,2022-12-24 01:00:00,-4.3,-18.2,33,-7.531966290529445
8570,2022-12-24 02:00:00,-4.1,-18.6,31,-7.3900725663109395
8571,2022-12-24 03:00:00,-4.1,-18.7,31,-7.3900725663109395
8572,2022-12-24 04:00:00,-4.4,-18.6,32,-7.615032526123928
8573,2022-12-24 05:00:00,-4.7,-18.3,34,-7.836430097838658
8574,2022-12-24 06:00:00,-5.2,-17.7,37,-8.208759395072402
8575,2022-12-24 07:00:00,-5.3,-16.0,43,-8.211754163802208
8576,2022-12-24 08:00:00,-5.7,-15.4,46,-8.490192757367346
8577,2022-12-24 09:00:00,-4.8,-13.8,49,-7.654270361361373
8578,2022-12-24 10:00:00,-3.3,-13.7,44,-6.527122066707014
8579,2022-12-24 11:00:00,-2.0,-12.6,44,-5.443944182265859
8580,2022-12-24 12:00:00,-0.5,-11.1,45,-4.152164714390825
8581,2022-12-24 13:00:00,0.9,-9.9,44,-3.027782803058877
8582,2022-12-24 14:00:00,2.2,-9.4,42,-2.05188215107428
8583,2022-12-24 15:00:00,3.1,-9.1,41,-1.3677453929555163
8584,2022-12-24 16:00:00,3.7,-9.2,38,-1.0529286556721296
8585,2022-12-24 17:00:00,3.7,-9.6,37,-1.110490550457358
8586,2022-12-24 18:00:00,2.8,-9.6,40,-1.6680327296679804
8587,2022-12-24 19:00:00,2.0,-9.5,42,-2.2165687373387977
8588,2022-12-24 20:00:00,1.0,-8.7,48,-2.7432968256209493
8589,2022-12-24 21:00:00,0.4,-9.4,48,-3.254108293281357
8590,2022-12-24 22:00:00,-0.3,-9.2,51,-3.7072903538768465
8591,2022-12-24 23:00:00,-0.8,-9.6,51,-4.139372779289966
8592,2022-12-25 00:00:00,-1.2,-9.9,52,-4.4393774056174
8593,2022-12-25 01:00:00,-1.9,-9.5,56,-4.866355662344447
8594,2022-12-25 02:00:00,-2.3,-8.7,62,-4.929913145871326
8595,2022-12-25 03:00:00,-2.7,-8.4,65,-5.139278161355522
8596,2022-12-25 04:00:00,-2.8,-8.4,66,-5.178481063584385
8597,2022-12-25 05:00:00,-3.0,-8.7,65,-5.4140285351297255
8598,2022-12-25 06:00:00,-3.2,-9.9,60,-5.839087495512272
8599,2022-12-25 07:00:00,-3.1,-10.9,55,-5.96923187861955
8600,2022-12-25 08:00:00,-3.9,-11.2,57,-6.594423640338488
8601,2022-12-25 09:00:00,-2.7,-10.6,54,-5.659718457056316
8602,2022-12-25 10:00:00,-0.2,-8.8,52,-3.5710996681452967
8603,2022-12-25 11:00:00,2.5,-7.1,50,-1.3479051546236187
8604,2022-12-25 12:00:00,4.6,-7.4,41,-0.14013116712456064
8605,2022-12-25 13:00:00,5.7,-7.3,39,0.6214260984942728
8606,2022-12-25 14:00:00,6.6,-6.4,39,1.348687262265977
8607,2022-12-25 15:00:00,7.2,-6.0,39,1.8335184901989132
8608,2022-12-25 16:00:00,7.4,-5.8,38,1.9173170096568146
8609,2022-12-25 17:00:00,7.4,-6.2,37,1.839664991380034
8610,2022-12-25 18:00:00,7.1,-6.6,37,1.600475976091981
8611,2022-12-25 19:00:00,5.4,-5.7,45,0.7907683096572153
8612,2022-12-25 20:00:00,3.7,-5.6,51,-0.2507601467358107
8613,2022-12-25 21:00:00,3.0,-5.8,53,-0.7291431422525916
8614,2022-12-25 22:00:00,2.5,-5.9,54,-1.1030812279571869
8615,2022-12-25 23:00:00,1.5,-5.3,60,-1.6150878665365829
8616,2022-12-26 00:00:00,1.1,-5.1,64,-1.7236064909576116
8617,2022-12-26 01:00:00,0.8,-4.8,66,-1.8697840506605932
8618,2022-12-26 02:00:00,0.2,-4.6,70,-2.1655987685432168
8619,2022-12-26 03:00:00,-0.2,-4.5,73,-2.3430150255175297
8620,2022-12-26 04:00:00,1.9,-5.0,60,-1.2556079656040913
8621,2022-12-26 05:00:00,0.5,-4.8,67,-2.0816702992884957
8622,2022-12-26 06:00:00,-0.3,-4.8,72,-2.5025423297694074
8623,2022-12-26 07:00:00,3.2,-5.4,53,-0.5546895623406698
8624,2022-12-26 08:00:00,3.7,-5.5,51,-0.2507601467358107
8625,2022-12-26 09:00:00,2.7,-4.2,61,-0.4692972391697978
8626,2022-12-26 10:00:00,5.6,-1.1,62,2.2251467518124457
8627,2022-12-26 11:00:00,8.8,-0.1,54,4.417062252857116
8628,2022-12-26 12:00:00,10.8,1.5,53,6.074251415385245
8629,2022-12-26 13:00:00,12.0,2.9,54,7.220814910475699
8630,2022-12-26 14:00:00,12.8,2.8,51,7.612172759852937
8631,2022-12-26 15:00:00,13.4,0.9,42,7.169382686381743
8632,2022-12-26 16:00:00,13.6,-1.2,36,6.67052170978223
8633,2022-12-26 17:00:00,13.3,-1.0,37,6.543344564515111
8634,2022-12-26 18:00:00,10.6,3.6,62,6.753445633422718
8635,2022-12-26 19:00:00,8.9,0.2,54,4.504680711894924
8636,2022-12-26 20:00:00,9.1,0.0,53,4.591507007147076
8637,2022-12-26 21:00:00,7.9,-0.3,56,3.7966293882274975
8638,2022-12-26 22:00:00,7.0,-0.2,60,3.3276508514790493
8639,2022-12-26 23:00:00,6.7,-0.6,60,3.0580525948000554
8640,2022-12-27 00:00:00,6.0,-0.8,62,2.5874161735244634
8641,2022-12-27 01:00:00,5.1,-0.9,65,2.0039983326124506
8642,2022-12-27 02:00:00,4.3,-0.9,68,1.4995196011000411
8643,2022-12-27 03:00:00,3.6,-0.9,72,1.1543092852603607
8644,2022-12-27 04:00:00,3.7,-0.8,73,1.325316050120513
8645,2022-12-27 05:00:00,3.5,-0.6,75,1.29205561608679
8646,2022-12-27 06:00:00,2.8,-0.2,81,1.0948966973382337
8647,2022-12-27 07:00:00,1.5,-1.1,83,-0.004113333442106182
8648,2022-12-27 08:00:00,1.0,-1.1,86,-0.25885897601648544
8649,2022-12-27 09:00:00,1.4,-0.9,85,0.053357770275084704
8650,2022-12-27 10:00:00,3.2,-0.5,77,1.1633705300219912
8651,2022-12-27 11:00:00,4.9,0.1,71,2.2929297625787637
8652,2022-12-27 12:00:00,6.9,0.6,64,3.568729315137274
8653,2022-12-27 13:00:00,8.6,0.9,58,4.589923907008085
8654,2022-12-27 14:00:00,9.8,1.0,55,5.384586376423652
8655,2022-12-27 15:00:00,10.6,1.8,54,5.994182529857046
8656,2022-12-27 16:00:00,11.1,1.9,53,6.335909831938068
8657,2022-12-27 17:00:00,11.1,1.7,53,6.335909831938068
8658,2022-12-27 18:00:00,9.5,4.5,71,6.592283370540732
8659,2022-12-27 19:00:00,7.6,1.5,66,4.379749474143884
8660,2022-12-27 20:00:00,6.9,1.9,70,4.076313664699777
8661,2022-12-27 21:00:00,6.3,2.2,75,3.9418341441021525
8662,2022-12-27 22:00:00,5.7,2.0,78,3.628524714531313
8663,2022-12-27 23:00:00,5.3,2.3,81,3.5017267248377983
8664,2022-12-28 00:00:00,5.1,3.1,87,3.8279485280974725
8665,2022-12-28 01:00:00,4.9,3.2,89,3.807791497006683
8666,2022-12-28 02:00:00,5.3,3.8,90,4.290157644807968
8667,2022-12-28 03:00:00,4.7,3.6,93,3.9654169261439645
8668,2022-12-28 04:00:00,5.9,4.4,90,4.881169554691475
8669,2022-12-28 05:00:00,6.8,5.1,88,5.582398213207853
8670,2022-12-28 06:00:00,5.4,4.5,94,4.750953398280169
8671,2022-12-28 07:00:00,6.6,5.9,95,6.038214377451215
8672,2022-12-28 08:00:00,6.8,6.3,97,6.428034186386796
8673,2022-12-28 09:00:00,9.9,8.9,93,9.123368340072355
8674,2022-12-28 10:00:00,13.9,11.4,85,12.215151274895206
8675,2022-12-28 11:00:00,17.2,13.9,81,14.957996424576962
8676,2022-12-28 12:00:00,20.3,15.7,75,17.1903401838929
8677,2022-12-28 13:00:00,22.5,15.9,66,18.0728374469073
8678,2022-12-28 14:00:00,23.9,15.1,58,18.22787258305619
8679,2022-12-28 15:00:00,24.2,14.5,55,18.057140894002597
8680,2022-12-28 16:00:00,23.8,15.1,58,18.138739069110436
8681,2022-12-28 17:00:00,23.0,15.9,64,18.25864580527961
8682,2022-12-28 18:00:00,21.6,16.5,72,18.031309256102478
8683,2022-12-28 19:00:00,19.9,18.1,90,18.671243989353577
8684,2022-12-28 20:00:00,19.1,18.0,93,18.248857156300584
8685,2022-12-28 21:00:00,18.4,17.5,94,17.674913083372513
8686,2022-12-28 22:00:00,18.5,17.5,94,17.774327115816934
8687,2022-12-28 23:00:00,18.5,17.5,94,17.774327115816934
8688,2022-12-29 00:00:00,18.8,17.5,92,17.8300631022552
8689,2022-12-29 01:00:00,19.1,17.7,91,18.005082316753462
8690,2022-12-29 02:00:00,19.0,17.7,92,18.027987465327424
8691,2022-12-29 03:00:00,18.9,17.5,92,17.929025291121835
8692,2022-12-29 04:00:00,18.7,17.3,92,17.731100898687778
8693,2022-12-29 05:00:00,18.6,17.2,92,17.632138680379718
8694,2022-12-29 06:00:00,18.7,17.1,91,17.610153432172858
8695,2022-12-29 07:00:00,19.4,18.0,92,18.423836016328828
8696,2022-12-29 08:00:00,18.9,17.4,91,17.80761790459297
8697,2022-12-29 09:00:00,18.8,17.6,93,17.951288938837138
8698,2022-12-29 10:00:00,19.6,18.0,90,18.3757459517494
8699,2022-12-29 11:00:00,22.0,19.1,84,19.966764565116332
8700,2022-12-29 12:00:00,24.2,18.7,71,20.331034462690102
8701,2022-12-29 13:00:00,25.4,16.8,59,19.713858656454573
8702,2022-12-29 14:00:00,25.7,16.5,57,19.681397437996313
8703,2022-12-29 15:00:00,25.0,18.2,66,20.370262061657158
8704,2022-12-29 16:00:00,23.2,18.1,73,19.66612221873589
8705,2022-12-29 17:00:00,19.5,18.1,91,18.400010961604217
8706,2022-12-29 18:00:00,18.8,18.0,95,18.193909421027573
8707,2022-12-29 19:00:00,19.6,19.0,96,19.11415720153298
8708,2022-12-29 20:00:00,18.1,18.0,100,17.976490796588838
8709,2022-12-29 21:00:00,17.8,17.7,100,17.674995171813144
8710,2022-12-29 22:00:00,18.1,17.0,93,17.256962595437685
8711,2022-12-29 23:00:00,17.5,16.6,95,16.898641332989254
8712,2022-12-30 00:00:00,17.6,17.2,98,17.354906796444364
8713,2022-12-30 01:00:00,17.5,17.2,98,17.25462014459759
8714,2022-12-30 02:00:00,17.0,16.9,99,16.871006284501924
8715,2022-12-30 03:00:00,17.0,16.6,97,16.635492040932025
8716,2022-12-30 04:00:00,15.6,15.4,99,15.464023748352147
8717,2022-12-30 05:00:00,15.5,15.4,100,15.36352489723797
8718,2022-12-30 06:00:00,15.8,15.7,100,15.665021410755745
8719,2022-12-30 07:00:00,15.6,15.6,100,15.464023748352147
8720,2022-12-30 08:00:00,15.2,15.1,99,15.062028263827486
8721,2022-12-30 09:00:00,15.1,15.0,100,14.961529359217728
8722,2022-12-30 10:00:00,15.4,15.1,98,15.14859740494877
8723,2022-12-30 11:00:00,16.4,15.2,93,15.570738473715373
8724,2022-12-30 12:00:00,17.7,15.4,86,16.030566517415128
8725,2022-12-30 13:00:00,18.9,15.3,80,16.473213183520453
8726,2022-12-30 14:00:00,20.4,15.7,75,17.284970462761482
8727,2022-12-30 15:00:00,21.0,15.7,72,17.4687584504246
8728,2022-12-30 16:00:00,21.5,15.6,69,17.54701727636847
8729,2022-12-30 17:00:00,21.4,15.4,68,17.32374380846456
8730,2022-12-30 18:00:00,19.7,15.6,77,16.870340391957747
8731,2022-12-30 19:00:00,16.5,15.1,91,15.438040162235996
8732,2022-12-30 20:00:00,15.3,14.4,94,14.593070901261338
8733,2022-12-30 21:00:00,14.6,13.8,95,14.009188457537302
8734,2022-12-30 22:00:00,16.6,14.8,89,15.304841413547376
8735,2022-12-30 23:00:00,16.8,14.9,89,15.501369913172507
8736,2022-12-31 00:00:00,16.5,14.9,90,15.322258014809222
8737,2022-12-31 01:00:00,16.3,15.0,92,15.35600349697004
8738,2022-12-31 02:00:00,15.9,15.0,94,15.189557595696037
8739,2022-12-31 03:00:00,15.4,14.9,97,15.034332525143906
8740,2022-12-31 04:00:00,15.4,14.8,97,15.034332525143906
8741,2022-12-31 05:00:00,15.0,14.6,98,14.747449540890909
8742,2022-12-31 06:00:00,12.8,12.8,100,12.65005076460056
8743,2022-12-31 07:00:00,14.0,13.8,98,13.744578905419264
8744,2022-12-31 08:00:00,13.9,13.8,99,13.755541443642183
8745,2022-12-31 09:00:00,14.2,13.9,98,13.945153145171563
8746,2022-12-31 10:00:00,15.2,13.8,91,14.154515052118011
8747,2022-12-31 11:00:00,16.7,14.0,84,14.823585598484357
8748,2022-12-31 12:00:00,18.2,13.8,75,15.203098876506957
8749,2022-12-31 13:00:00,20.0,13.1,65,15.648577261060417
8750,2022-12-31 14:00:00,21.3,13.2,60,16.17792667204074
8751,2022-12-31 15:00:00,22.4,12.5,54,16.33256458339214
8752,2022-12-31 16:00:00,22.8,12.0,51,16.25201714588287
8753,2022-12-31 17:00:00,22.4,12.4,53,16.19128528096999
8754,2022-12-31 18:00:00,20.5,13.7,65,16.106433927685707
8755,2022-12-31 19:00:00,18.4,13.4,73,15.151566837793634
8756,2022-12-31 20:00:00,17.9,12.9,73,14.681297337460009
8757,2022-12-31 21:00:00,16.6,13.3,81,14.380377576074167
8758,2022-12-31 22:00:00,15.6,14.0,90,14.43575859685345
8759,2022-12-31 23:00:00,15.4,14.6,95,14.806280139912975
