hour,time,temperature_2m,dew_point_2m,relative_humidity_2m,wet_bulb_C
0,2024-01-01 00:00:00,14.9,12.4,86,13.299448102347657
1,2024-01-01 01:00:00,15.2,12.9,86,13.592068640686637
2,2024-01-01 02:00:00,14.3,12.9,91,13.265919098365767
3,2024-01-01 03:00:00,14.6,13.4,93,13.785319881355182
4,2024-01-01 04:00:00,15.9,13.8,87,14.388791599219104
5,2024-01-01 05:00:00,14.1,13.2,95,13.511005663744623
6,2024-01-01 06:00:00,13.4,12.9,97,13.032878041515726
7,2024-01-01 07:00:00,13.4,13.0,97,13.032878041515726
8,2024-01-01 08:00:00,14.8,14.4,98,14.546875525855366
9,2024-01-01 09:00:00,15.1,14.6,97,14.734114719171831
10,2024-01-01 10:00:00,15.7,14.4,92,14.762227752718132
11,2024-01-01 11:00:00,15.8,14.0,89,14.518726731920655
12,2024-01-01 12:00:00,15.6,13.4,86,13.98222908863097
13,2024-01-01 13:00:00,15.7,12.9,83,13.74001021470401
14,2024-01-01 14:00:00,16.3,12.1,76,13.519454126439879
15,2024-01-01 15:00:00,17.8,11.8,68,13.992415793726618
16,2024-01-01 16:00:00,17.9,11.1,65,13.725570201169713
17,2024-01-01 17:00:00,17.2,10.2,63,12.848763570015965
18,2024-01-01 18:00:00,15.7,9.8,68,12.04912247927113
19,2024-01-01 19:00:00,13.8,8.9,72,10.718073606968321
20,2024-01-01 20:00:00,12.6,7.2,70,9.386438922489788
21,2024-01-01 21:00:00,12.1,5.5,64,8.313419323903226
22,2024-01-01 22:00:00,11.1,4.8,65,7.498577371803664
23,2024-01-01 23:00:00,10.4,4.7,68,7.14455066591051
24,2024-01-02 00:00:00,9.6,3.8,67,6.3108917769299495
25,2024-01-02 01:00:00,8.7,2.8,67,5.480877012982386
26,2024-01-02 02:00:00,8.1,2.3,67,4.927531771034362
27,2024-01-02 03:00:00,7.4,2.0,68,4.368327632176953
28,2024-01-02 04:00:00,6.9,1.5,68,3.9056198421102835
29,2024-01-02 05:00:00,6.4,1.0,68,3.4429108624761398
30,2024-01-02 06:00:00,5.9,0.4,68,2.9802006691348764
31,2024-01-02 07:00:00,5.6,-0.2,66,2.54167863883362
32,2024-01-02 08:00:00,5.2,0.1,69,2.412258348004947
33,2024-01-02 09:00:00,5.6,0.3,69,2.783676166982465
34,2024-01-02 10:00:00,7.2,0.9,64,3.8424652561196346
35,2024-01-02 11:00:00,9.1,2.0,61,5.3047746590244245
36,2024-01-02 12:00:00,10.7,3.1,59,6.55719206798878
37,2024-01-02 13:00:00,12.2,4.7,60,8.00059869863191
38,2024-01-02 14:00:00,13.2,6.4,63,9.212579871208506
39,2024-01-02 15:00:00,13.8,7.4,66,10.077648210816855
40,2024-01-02 16:00:00,13.8,7.3,65,9.971082079703166
41,2024-01-02 17:00:00,13.6,7.1,65,9.787934643278899
42,2024-01-02 18:00:00,12.6,8.1,74,9.799991770783226
43,2024-01-02 19:00:00,11.6,8.0,78,9.261212139366709
44,2024-01-02 20:00:00,10.4,7.7,83,8.61022182470566
45,2024-01-02 21:00:00,10.0,7.4,84,8.32175094221844
46,2024-01-02 22:00:00,10.1,8.3,89,8.917625849377853
47,2024-01-02 23:00:00,10.1,8.5,90,9.018230891936835
48,2024-01-03 00:00:00,9.4,8.1,92,8.527545690405734
49,2024-01-03 01:00:00,9.1,7.6,90,8.033219650884549
50,2024-01-03 02:00:00,9.0,7.7,92,8.131690431768423
51,2024-01-03 03:00:00,8.9,7.7,92,8.032726568732588
52,2024-01-03 04:00:00,8.6,6.7,88,7.346894448815114
53,2024-01-03 05:00:00,8.1,6.1,88,6.856757344021876
54,2024-01-03 06:00:00,7.1,5.7,91,6.157098317054686
55,2024-01-03 07:00:00,6.6,5.6,93,5.850059280229546
56,2024-01-03 08:00:00,7.7,6.4,92,6.845158677222738
57,2024-01-03 09:00:00,7.9,6.2,89,6.755780172066261
58,2024-01-03 10:00:00,8.4,6.2,86,6.959290593600858
59,2024-01-03 11:00:00,9.4,6.5,82,7.545461830668646
60,2024-01-03 12:00:00,10.6,6.8,77,8.207807624441738
61,2024-01-03 13:00:00,12.1,7.1,71,9.022315943238963
62,2024-01-03 14:00:00,13.4,7.7,68,9.920736304166903
63,2024-01-03 15:00:00,14.4,7.9,65,10.520523413239427
64,2024-01-03 16:00:00,14.4,7.8,65,10.520523413239427
65,2024-01-03 17:00:00,13.6,7.6,67,9.999804360394293
66,2024-01-03 18:00:00,13.0,7.2,68,9.55058023034803
67,2024-01-03 19:00:00,11.7,7.4,75,9.052041303581554
68,2024-01-03 20:00:00,9.8,7.2,84,8.127664771707366
69,2024-01-03 21:00:00,9.2,6.9,86,7.739622699330191
70,2024-01-03 22:00:00,8.6,6.8,88,7.346894448815114
71,2024-01-03 23:00:00,7.9,6.6,91,6.946972303365449
72,2024-01-04 00:00:00,7.2,6.1,93,6.445207959220822
73,2024-01-04 01:00:00,7.2,5.9,91,6.255832638800253
74,2024-01-04 02:00:00,7.0,5.4,90,5.964689280537819
75,2024-01-04 03:00:00,6.2,4.7,90,5.176675202602004
76,2024-01-04 04:00:00,5.8,4.2,90,4.782667626805891
77,2024-01-04 05:00:00,5.4,3.8,90,4.38865968712291
78,2024-01-04 06:00:00,5.0,3.5,90,3.994651378957272
79,2024-01-04 07:00:00,4.8,3.3,90,3.797647085236065
80,2024-01-04 08:00:00,4.6,3.2,91,3.688733217015404
81,2024-01-04 09:00:00,5.6,3.5,87,4.31688231519313
82,2024-01-04 10:00:00,8.1,4.7,79,6.011983491169483
83,2024-01-04 11:00:00,10.7,5.5,70,7.616411250504887
84,2024-01-04 12:00:00,12.9,5.7,62,8.836417461064924
85,2024-01-04 13:00:00,14.1,5.8,57,9.384784646721597
86,2024-01-04 14:00:00,14.7,6.5,58,10.027417463022534
87,2024-01-04 15:00:00,14.9,6.2,56,9.983996298710727
88,2024-01-04 16:00:00,14.4,6.6,59,9.868828224227641
89,2024-01-04 17:00:00,13.8,5.8,59,9.331811136955544
90,2024-01-04 18:00:00,12.8,5.9,63,8.848957703205544
91,2024-01-04 19:00:00,11.9,6.1,67,8.432024536508024
92,2024-01-04 20:00:00,12.3,3.1,53,7.382536761077784
93,2024-01-04 21:00:00,11.9,4.2,59,7.631244494290247
94,2024-01-04 22:00:00,11.4,4.8,64,7.674718793652296
95,2024-01-04 23:00:00,12.1,5.9,66,8.515337809695177
96,2024-01-05 00:00:00,12.2,7.2,72,9.217900468432866
97,2024-01-05 01:00:00,12.5,8.6,77,10.016486351801623
98,2024-01-05 02:00:00,12.9,9.2,78,10.5022990316969
99,2024-01-05 03:00:00,13.1,9.9,81,11.010918385423093
100,2024-01-05 04:00:00,13.2,11.0,87,11.748603857300907
101,2024-01-05 05:00:00,13.4,11.8,90,12.268754155928104
102,2024-01-05 06:00:00,13.4,11.9,91,12.377321757272309
103,2024-01-05 07:00:00,12.8,11.9,94,12.107703634421195
104,2024-01-05 08:00:00,14.2,13.4,95,13.61064225313191
105,2024-01-05 09:00:00,9.9,9.2,95,9.326254461071033
106,2024-01-05 10:00:00,9.6,8.9,95,9.027342533358718
107,2024-01-05 11:00:00,10.1,9.1,94,9.423495434460637
108,2024-01-05 12:00:00,10.4,8.6,89,9.212422201617732
109,2024-01-05 13:00:00,11.5,9.4,87,10.08625606350111
110,2024-01-05 14:00:00,14.6,10.7,77,12.015540620018033
111,2024-01-05 15:00:00,16.5,10.2,67,12.674227180745596
112,2024-01-05 16:00:00,16.9,8.9,59,12.106380319411532
113,2024-01-05 17:00:00,16.9,8.1,56,11.751760938717098
114,2024-01-05 18:00:00,15.6,7.8,60,11.055907752352375
115,2024-01-05 19:00:00,12.4,6.7,68,8.995344988123323
116,2024-01-05 20:00:00,11.2,5.3,67,7.786464761273692
117,2024-01-05 21:00:00,9.4,5.7,78,7.16090043035388
118,2024-01-05 22:00:00,9.4,5.7,78,7.16090043035388
119,2024-01-05 23:00:00,8.6,5.7,81,6.678712831166685
120,2024-01-06 00:00:00,8.1,5.5,84,6.4779283457586665
121,2024-01-06 01:00:00,6.8,5.2,90,5.767685893874678
122,2024-01-06 02:00:00,6.3,4.9,91,5.367222975112675
123,2024-01-06 03:00:00,6.2,4.9,92,5.360694713913622
124,2024-01-06 04:00:00,6.7,5.1,90,5.66918416750957
125,2024-01-06 05:00:00,6.7,4.7,87,5.392534444883282
126,2024-01-06 06:00:00,5.9,4.0,87,4.6102422846033875
127,2024-01-06 07:00:00,5.8,3.8,87,4.512455653180226
128,2024-01-06 08:00:00,4.4,3.7,95,3.8461762355623996
129,2024-01-06 09:00:00,5.8,4.8,93,5.05652657258638
130,2024-01-06 10:00:00,8.8,6.4,85,7.253186599754933
131,2024-01-06 11:00:00,11.4,6.9,74,8.667838344255546
132,2024-01-06 12:00:00,13.2,6.7,64,9.317087117425242
133,2024-01-06 13:00:00,14.6,6.7,59,10.047833513304901
134,2024-01-06 14:00:00,15.6,6.6,55,10.488947333540938
135,2024-01-06 15:00:00,16.1,6.7,54,10.81302003875641
136,2024-01-06 16:00:00,16.4,6.7,53,10.958437331723886
137,2024-01-06 17:00:00,16.1,6.5,53,10.6967897093195
138,2024-01-06 18:00:00,14.6,8.2,66,10.81284912527462
139,2024-01-06 19:00:00,11.4,7.0,74,8.667838344255546
140,2024-01-06 20:00:00,11.8,6.8,72,8.84285586273089
141,2024-01-06 21:00:00,10.6,6.8,77,8.207807624441738
142,2024-01-06 22:00:00,9.6,6.6,82,7.738526079421018
143,2024-01-06 23:00:00,9.2,5.8,79,7.065127365964543
144,2024-01-07 00:00:00,8.8,5.2,79,6.682166371963206
145,2024-01-07 01:00:00,8.1,5.2,82,6.290541629356799
146,2024-01-07 02:00:00,7.1,5.2,87,5.783679939158848
147,2024-01-07 03:00:00,6.2,4.8,90,5.176675202602004
148,2024-01-07 04:00:00,6.2,4.6,89,5.0852558069636125
149,2024-01-07 05:00:00,5.9,4.2,88,4.70014727013946
150,2024-01-07 06:00:00,5.2,3.7,90,4.191655579390677
151,2024-01-07 07:00:00,4.7,3.3,91,3.7874680883662677
152,2024-01-07 08:00:00,4.9,4.1,95,4.344367564694474
153,2024-01-07 09:00:00,5.9,4.8,92,5.063801357983811
154,2024-01-07 10:00:00,8.9,6.6,85,7.350480598623012
155,2024-01-07 11:00:00,11.6,7.4,75,8.957408705680805
156,2024-01-07 12:00:00,13.6,6.6,63,9.576201316196236
157,2024-01-07 13:00:00,14.9,5.8,54,9.761653840227204
158,2024-01-07 14:00:00,15.4,4.9,49,9.629704260708596
159,2024-01-07 15:00:00,15.5,5.3,51,9.944993665529953
160,2024-01-07 16:00:00,15.2,5.3,52,9.7989501708727
161,2024-01-07 17:00:00,14.1,4.7,53,8.952457937263215
162,2024-01-07 18:00:00,12.6,5.8,63,8.667146344487794
163,2024-01-07 19:00:00,11.4,7.0,75,8.76814341741277
164,2024-01-07 20:00:00,10.6,7.0,78,8.306526727994935
165,2024-01-07 21:00:00,10.6,7.1,78,8.306526727994935
166,2024-01-07 22:00:00,11.4,7.3,76,8.86864853015006
167,2024-01-07 23:00:00,11.9,7.7,75,9.241306407448443
168,2024-01-08 00:00:00,12.3,8.4,77,9.826099602843712
169,2024-01-08 01:00:00,13.2,9.1,76,10.577115481397941
170,2024-01-08 02:00:00,13.9,9.9,77,11.349190512013568
171,2024-01-08 03:00:00,14.1,10.6,79,11.75636353016505
172,2024-01-08 04:00:00,15.1,10.9,76,12.380487367456933
173,2024-01-08 05:00:00,16.2,11.4,73,13.082375990983834
174,2024-01-08 06:00:00,16.5,12.4,77,13.824198855031057
175,2024-01-08 07:00:00,16.3,13.8,85,14.550174324762558
176,2024-01-08 08:00:00,16.0,14.9,93,15.173979222897724
177,2024-01-08 09:00:00,16.8,15.7,94,16.084286623193012
178,2024-01-08 10:00:00,17.6,16.6,94,16.879600313687693
179,2024-01-08 11:00:00,18.4,17.1,92,17.434214199381433
180,2024-01-08 12:00:00,19.1,16.9,87,17.51788574178257
181,2024-01-08 13:00:00,18.6,17.3,92,17.632138680379718
182,2024-01-08 14:00:00,20.8,19.0,89,19.431926213213526
183,2024-01-08 15:00:00,23.1,20.5,85,21.16601521195521
184,2024-01-08 16:00:00,24.2,20.5,80,21.561468781763313
185,2024-01-08 17:00:00,20.5,18.4,87,18.886858942993065
186,2024-01-08 18:00:00,14.2,10.0,76,11.526259806892668
187,2024-01-08 19:00:00,13.1,8.4,73,10.166674579706934
188,2024-01-08 20:00:00,13.4,8.1,70,10.131709847510423
189,2024-01-08 21:00:00,13.7,5.3,57,9.029717490997761
190,2024-01-08 22:00:00,13.8,3.7,51,8.476186683231818
191,2024-01-08 23:00:00,13.1,0.7,43,7.0288913094437415
192,2024-01-09 00:00:00,11.7,1.1,48,6.365321005556158
193,2024-01-09 01:00:00,10.4,3.0,60,6.383057791860031
194,2024-01-09 02:00:00,10.4,1.5,54,5.8189481677435175
195,2024-01-09 03:00:00,9.1,-3.3,41,3.5424437661555768
196,2024-01-09 04:00:00,7.8,-5.9,37,2.158580489694624
197,2024-01-09 05:00:00,7.3,-6.2,37,1.759935549953208
198,2024-01-09 06:00:00,6.2,-6.2,41,1.169271801324049
199,2024-01-09 07:00:00,5.9,-6.2,41,0.9237626047128398
200,2024-01-09 08:00:00,5.7,-5.7,44,0.970986895042433
201,2024-01-09 09:00:00,5.7,-4.8,47,1.1855220948032734
202,2024-01-09 10:00:00,7.1,-3.8,46,2.292848855320477
203,2024-01-09 11:00:00,8.2,-4.2,41,2.8059575802429624
204,2024-01-09 12:00:00,9.3,-3.6,40,3.6182461344299757
205,2024-01-09 13:00:00,10.4,-3.2,39,4.4191683026599335
206,2024-01-09 14:00:00,11.2,-2.8,37,4.8692275961722995
207,2024-01-09 15:00:00,11.7,-2.7,37,5.267833644292452
208,2024-01-09 16:00:00,12.1,-2.4,36,5.4830808982310355
209,2024-01-09 17:00:00,11.9,-2.4,37,5.42727484490036
210,2024-01-09 18:00:00,11.1,-2.3,39,4.9847553437309955
211,2024-01-09 19:00:00,9.5,-3.0,41,3.869766785814699
212,2024-01-09 20:00:00,8.1,-2.0,49,3.3840943972433646
213,2024-01-09 21:00:00,6.5,-1.5,56,2.5591144937107684
214,2024-01-09 22:00:00,5.1,-1.1,64,1.9263028371541635
215,2024-01-09 23:00:00,4.4,-1.0,68,1.5920625554723697
216,2024-01-10 00:00:00,4.1,-0.9,70,1.4677805334034986
217,2024-01-10 01:00:00,3.7,-1.0,72,1.2480737368228763
218,2024-01-10 02:00:00,2.7,-0.6,79,0.8419485607125656
219,2024-01-10 03:00:00,2.5,-0.2,82,0.8846760178921276
220,2024-01-10 04:00:00,2.4,-0.2,83,0.8670098903088643
221,2024-01-10 05:00:00,2.2,-0.8,81,0.5172544003510815
222,2024-01-10 06:00:00,2.1,-1.5,77,0.11620765537464006
223,2024-01-10 07:00:00,2.2,-2.1,73,-0.08557194699609205
224,2024-01-10 08:00:00,2.4,-3.0,67,-0.3293390100735998
225,2024-01-10 09:00:00,4.7,-2.8,59,1.1867927608101088
226,2024-01-10 10:00:00,9.1,-0.4,51,4.415251289860221
227,2024-01-10 11:00:00,13.1,3.8,53,8.080282266972734
228,2024-01-10 12:00:00,16.0,5.1,48,10.025449289888943
229,2024-01-10 13:00:00,17.8,6.4,47,11.43156342969425
230,2024-01-10 14:00:00,18.9,7.4,48,12.49382625445326
231,2024-01-10 15:00:00,19.8,7.6,45,12.852866152761099
232,2024-01-10 16:00:00,20.4,7.1,42,12.93184002576728
233,2024-01-10 17:00:00,19.7,8.5,48,13.174747623875405
234,2024-01-10 18:00:00,18.2,9.6,57,13.02417420374329
235,2024-01-10 19:00:00,16.0,9.9,67,12.213121945527156
236,2024-01-10 20:00:00,14.6,9.6,72,11.468157108166476
237,2024-01-10 21:00:00,13.4,9.9,80,11.19288623990791
238,2024-01-10 22:00:00,12.9,10.4,85,11.24222153832524
239,2024-01-10 23:00:00,12.8,10.8,87,11.357463727750499
240,2024-01-11 00:00:00,12.6,10.9,89,11.374256623620127
241,2024-01-11 01:00:00,12.6,11.0,90,11.480750399147649
242,2024-01-11 02:00:00,12.8,11.2,90,11.677751448354307
243,2024-01-11 03:00:00,12.9,11.4,91,11.883655955038911
244,2024-01-11 04:00:00,12.4,11.4,93,11.603134510318267
245,2024-01-11 05:00:00,11.9,11.1,95,11.31899672483775
246,2024-01-11 06:00:00,11.8,11.1,96,11.32541123697462
247,2024-01-11 07:00:00,12.5,11.9,96,12.024404934617703
248,2024-01-11 08:00:00,14.9,14.0,95,14.308097951210787
249,2024-01-11 09:00:00,15.4,14.8,96,14.920227956576703
250,2024-01-11 10:00:00,17.2,16.4,95,16.59973297856588
251,2024-01-11 11:00:00,17.9,17.1,95,17.29718560910462
252,2024-01-11 12:00:00,20.5,18.2,86,18.76167086405137
253,2024-01-11 13:00:00,22.3,17.8,75,19.082941466541094
254,2024-01-11 14:00:00,23.6,17.0,67,19.221835607528767
255,2024-01-11 15:00:00,23.7,16.6,65,19.03669823180775
256,2024-01-11 16:00:00,23.5,17.6,70,19.540584402969486
257,2024-01-11 17:00:00,22.7,17.6,73,19.195858587731866
258,2024-01-11 18:00:00,21.8,17.4,76,18.739673638292533
259,2024-01-11 19:00:00,19.9,17.5,86,18.176435346765107
260,2024-01-11 20:00:00,20.4,17.6,84,18.41411207522016
261,2024-01-11 21:00:00,20.2,18.1,87,18.593507812581763
262,2024-01-11 22:00:00,20.4,18.4,88,18.91398592019493
263,2024-01-11 23:00:00,19.8,18.1,90,18.572744658605366
264,2024-01-12 00:00:00,19.7,18.0,90,18.474245312751084
265,2024-01-12 01:00:00,19.9,18.4,91,18.794939369318854
266,2024-01-12 02:00:00,20.0,18.6,92,19.017608409664145
267,2024-01-12 03:00:00,20.0,18.8,93,19.141561046209926
268,2024-01-12 04:00:00,20.1,18.9,93,19.240750297522283
269,2024-01-12 05:00:00,18.9,17.3,90,17.6862499971054
270,2024-01-12 06:00:00,17.7,12.3,71,14.256154886247256
271,2024-01-12 07:00:00,16.3,2.8,40,9.310367016211174
272,2024-01-12 08:00:00,16.6,-0.9,30,8.248603553383118
273,2024-01-12 09:00:00,15.1,-2.2,30,7.115606548403557
274,2024-01-12 10:00:00,14.8,0.4,38,7.856987382301703
275,2024-01-12 11:00:00,11.4,-0.2,44,5.719042186570423
276,2024-01-12 12:00:00,10.1,-1.5,44,4.6361907559706275
277,2024-01-12 13:00:00,9.9,-2.6,41,4.197087322554907
278,2024-01-12 14:00:00,9.7,-3.2,40,3.943529308233348
279,2024-01-12 15:00:00,9.8,-3.2,40,4.024849692249775
280,2024-01-12 16:00:00,10.1,-3.5,39,4.176771389759605
281,2024-01-12 17:00:00,9.9,-3.7,38,3.9240690019471387
282,2024-01-12 18:00:00,9.1,-3.8,40,3.4556035508842093
283,2024-01-12 19:00:00,7.8,-4.8,41,2.4786260670956874
284,2024-01-12 20:00:00,7.6,-4.1,43,2.4739259524845973
285,2024-01-12 21:00:00,6.3,-3.6,49,1.8440005028338904
286,2024-01-12 22:00:00,5.2,-3.1,55,1.33612647650496
287,2024-01-12 23:00:00,4.1,-1.8,66,1.1631113060283695
288,2024-01-13 00:00:00,3.7,-1.6,69,1.0194344472452581
289,2024-01-13 01:00:00,3.7,-1.6,68,0.9442607562363721
290,2024-01-13 02:00:00,3.1,-1.1,74,0.8369722339079422
291,2024-01-13 03:00:00,3.1,-0.9,75,0.9135132591654749
292,2024-01-13 04:00:00,2.8,-1.5,73,0.4787844865480384
293,2024-01-13 05:00:00,2.6,-1.6,74,0.36522459043960787
294,2024-01-13 06:00:00,2.3,-0.8,80,0.5359840917397403
295,2024-01-13 07:00:00,2.4,-0.2,83,0.8670098903088643
296,2024-01-13 08:00:00,1.6,-0.8,84,0.17004054109390143
297,2024-01-13 09:00:00,3.3,-0.3,77,1.258566919496566
298,2024-01-13 10:00:00,7.2,1.6,68,4.183244657380143
299,2024-01-13 11:00:00,10.6,3.5,61,6.658035712440659
300,2024-01-13 12:00:00,13.4,3.7,52,8.236324545355355
301,2024-01-13 13:00:00,15.1,3.5,46,9.030978228740675
302,2024-01-13 14:00:00,16.2,3.5,43,9.596076879914074
303,2024-01-13 15:00:00,16.8,4.1,43,10.092940334947697
304,2024-01-13 16:00:00,16.8,4.7,45,10.340098448450563
305,2024-01-13 17:00:00,16.3,4.8,47,10.16146652925652
306,2024-01-13 18:00:00,15.0,5.7,54,9.849268020037563
307,2024-01-13 19:00:00,13.8,5.6,58,9.225177772058128
308,2024-01-13 20:00:00,13.6,5.7,59,9.152805028917824
309,2024-01-13 21:00:00,12.6,6.3,66,8.974842093281543
310,2024-01-13 22:00:00,11.4,6.9,74,8.667838344255546
311,2024-01-13 23:00:00,10.2,7.5,83,8.416643624308946
312,2024-01-14 00:00:00,10.1,7.8,86,8.61749454709315
313,2024-01-14 01:00:00,10.4,8.3,87,9.010616052440856
314,2024-01-14 02:00:00,9.1,7.7,90,8.033219650884549
315,2024-01-14 03:00:00,10.1,7.9,87,8.717259235029676
316,2024-01-14 04:00:00,8.9,7.8,92,8.032726568732588
317,2024-01-14 05:00:00,7.9,7.0,94,7.236353313534686
318,2024-01-14 06:00:00,7.4,6.7,95,6.835316836008641
319,2024-01-14 07:00:00,5.6,3.1,84,4.051831804671842
320,2024-01-14 08:00:00,4.6,-0.3,71,2.0125339546156855
321,2024-01-14 09:00:00,4.6,-1.7,64,1.470069839593089
322,2024-01-14 10:00:00,5.2,-2.2,59,1.6343356796827209
323,2024-01-14 11:00:00,6.6,-0.9,59,2.8874459420502063
324,2024-01-14 12:00:00,8.6,0.2,56,4.415381140540099
325,2024-01-14 13:00:00,9.1,1.2,58,5.035628714875269
326,2024-01-14 14:00:00,9.4,1.5,58,5.303050803140463
327,2024-01-14 15:00:00,9.3,1.8,59,5.304120123878674
328,2024-01-14 16:00:00,8.9,1.8,61,5.124338883187134
329,2024-01-14 17:00:00,8.2,1.5,63,4.667246864140791
330,2024-01-14 18:00:00,7.7,1.2,64,4.298690719725489
331,2024-01-14 19:00:00,7.1,0.9,65,3.835545470594367
332,2024-01-14 20:00:00,2.8,-1.6,73,0.4787844865480384
333,2024-01-14 21:00:00,2.2,-2.0,74,-0.012174324015518323
334,2024-01-14 22:00:00,1.8,-2.2,75,-0.31675409292432644
335,2024-01-14 23:00:00,1.8,-2.1,76,-0.2433555940108061
336,2024-01-15 00:00:00,1.5,-2.2,77,-0.45497414201551045
337,2024-01-15 01:00:00,1.0,-2.8,76,-1.0027051567598582
338,2024-01-15 02:00:00,1.0,-4.0,69,-1.4876785940975719
339,2024-01-15 03:00:00,0.8,-3.8,71,-1.5391840822510798
340,2024-01-15 04:00:00,1.1,-3.8,70,-1.327119324506203
341,2024-01-15 05:00:00,1.1,-3.2,73,-1.1202298341945327
342,2024-01-15 06:00:00,1.5,-2.5,75,-0.6006629891413429
343,2024-01-15 07:00:00,1.4,-2.0,78,-0.47672789234601787
344,2024-01-15 08:00:00,-0.9,-3.0,85,-2.1844595905299347
345,2024-01-15 09:00:00,-1.1,-2.5,91,-1.9391946359377572
346,2024-01-15 10:00:00,-0.6,-2.6,87,-1.7459445933553344
347,2024-01-15 11:00:00,-0.6,-1.8,92,-1.3689383111269113
348,2024-01-15 12:00:00,0.7,-1.4,86,-0.5514899046114508
349,2024-01-15 13:00:00,0.4,-2.0,84,-0.9945064750316401
350,2024-01-15 14:00:00,0.4,-2.0,84,-0.9945064750316401
351,2024-01-15 15:00:00,1.0,-1.9,81,-0.6380339706186291
352,2024-01-15 16:00:00,0.9,-1.6,84,-0.5092779811877977
353,2024-01-15 17:00:00,1.5,-1.4,82,-0.08066750607949125
354,2024-01-15 18:00:00,1.4,-1.7,80,-0.32810631113949995
355,2024-01-15 19:00:00,1.2,-2.8,75,-0.8845722872846995
356,2024-01-15 20:00:00,-2.8,-6.3,77,-4.548489406033234
357,2024-01-15 21:00:00,-3.2,-7.3,73,-5.164861252136898
358,2024-01-15 22:00:00,-3.5,-8.1,70,-5.61273218396701
359,2024-01-15 23:00:00,-4.2,-8.9,70,-6.2649025823358535
360,2024-01-16 00:00:00,-4.6,-9.2,70,-6.637572918239266
361,2024-01-16 01:00:00,-4.9,-9.9,68,-7.014691130829543
362,2024-01-16 02:00:00,-5.1,-11.6,61,-7.506890863677123
363,2024-01-16 03:00:00,-5.1,-12.8,55,-7.72969123162157
364,2024-01-16 04:00:00,-5.2,-13.5,52,-7.912650625783237
365,2024-01-16 05:00:00,-5.4,-14.2,50,-8.14188582125096
366,2024-01-16 06:00:00,-5.8,-15.4,47,-8.554378563702736
367,2024-01-16 07:00:00,-6.3,-17.0,42,-9.052076990599705
368,2024-01-16 08:00:00,-7.4,-17.5,44,-9.943651898249833
369,2024-01-16 09:00:00,-7.2,-17.2,45,-9.76632067486868
370,2024-01-16 10:00:00,-5.8,-15.9,45,-8.593101068432311
371,2024-01-16 11:00:00,-4.6,-14.7,45,-7.587536313717202
372,2024-01-16 12:00:00,-2.8,-13.7,43,-6.140547263340999
373,2024-01-16 13:00:00,-1.5,-13.3,40,-5.165680563796296
374,2024-01-16 14:00:00,-0.4,-12.9,38,-4.344730694908085
375,2024-01-16 15:00:00,0.4,-12.9,36,-3.780733982396626
376,2024-01-16 16:00:00,0.9,-13.4,34,-3.464847806229851
377,2024-01-16 17:00:00,0.9,-13.9,32,-3.5411263624981855
378,2024-01-16 18:00:00,0.1,-15.1,31,-4.187650830249193
379,2024-01-16 19:00:00,-1.3,-15.6,33,-5.207619002829612
380,2024-01-16 20:00:00,-2.0,-13.6,41,-5.542062476503607
381,2024-01-16 21:00:00,-2.7,-14.1,41,-6.115069517215493
382,2024-01-16 22:00:00,-3.2,-14.2,43,-6.471926459446561
383,2024-01-16 23:00:00,-3.8,-14.1,45,-6.9171843022942126
384,2024-01-17 00:00:00,-4.4,-14.1,47,-7.368498805131394
385,2024-01-17 01:00:00,-4.8,-13.9,49,-7.654270361361373
386,2024-01-17 02:00:00,-5.0,-13.4,52,-7.738980169122065
387,2024-01-17 03:00:00,-5.1,-12.9,54,-7.762910390100637
388,2024-01-17 04:00:00,-5.2,-12.4,57,-7.748605788295826
389,2024-01-17 05:00:00,-5.4,-12.1,59,-7.854062343305973
390,2024-01-17 06:00:00,-5.4,-12.0,60,-7.816358352520296
391,2024-01-17 07:00:00,-5.4,-11.9,60,-7.816358352520296
392,2024-01-17 08:00:00,-6.4,-12.8,61,-8.67988394521603
393,2024-01-17 09:00:00,-5.8,-12.9,57,-8.281313330103377
394,2024-01-17 10:00:00,-3.4,-12.9,48,-6.489405520722603
395,2024-01-17 11:00:00,-0.6,-13.1,38,-4.505321050370866
396,2024-01-17 12:00:00,1.9,-12.2,34,-2.684387569070388
397,2024-01-17 13:00:00,3.4,-6.7,48,-0.7001099716100594
398,2024-01-17 14:00:00,4.8,-3.4,56,1.0563961439178087
399,2024-01-17 15:00:00,6.7,-0.6,60,3.0580525948000554
400,2024-01-17 16:00:00,7.4,0.2,60,3.6871142645283843
401,2024-01-17 17:00:00,8.1,0.9,61,4.402593418066042
402,2024-01-17 18:00:00,7.7,1.8,66,4.471652475406808
403,2024-01-17 19:00:00,6.8,1.9,71,4.0687605194940915
404,2024-01-17 20:00:00,5.2,1.5,77,3.0672911434029224
405,2024-01-17 21:00:00,6.5,2.5,75,4.13110288577508
406,2024-01-17 22:00:00,7.5,3.8,78,5.346983231908428
407,2024-01-17 23:00:00,8.2,4.9,80,6.200508852410582
408,2024-01-18 00:00:00,9.1,6.0,81,7.160071635966707
409,2024-01-18 01:00:00,9.9,7.2,84,8.224707869038408
410,2024-01-18 02:00:00,10.8,8.4,86,9.300282497609256
411,2024-01-18 03:00:00,11.1,9.3,89,9.900279647076388
412,2024-01-18 04:00:00,11.2,9.9,92,10.308890608233344
413,2024-01-18 05:00:00,11.4,10.3,93,10.611229366728598
414,2024-01-18 06:00:00,10.9,10.1,95,10.322626434879359
415,2024-01-18 07:00:00,10.0,9.5,97,9.6303915938245
416,2024-01-18 08:00:00,9.9,9.0,94,9.224664695417463
417,2024-01-18 09:00:00,10.2,8.7,90,9.116731905397513
418,2024-01-18 10:00:00,11.2,9.0,86,9.690446554247945
419,2024-01-18 11:00:00,12.9,9.9,82,10.92407165024807
420,2024-01-18 12:00:00,14.1,10.8,80,11.864931715570982
421,2024-01-18 13:00:00,15.6,11.6,77,12.967467141415476
422,2024-01-18 14:00:00,17.5,12.6,73,14.305081258520257
423,2024-01-18 15:00:00,19.4,13.4,68,15.473010794497693
424,2024-01-18 16:00:00,20.0,13.9,68,16.028231920026567
425,2024-01-18 17:00:00,20.8,13.4,63,16.121275490883853
426,2024-01-18 18:00:00,19.4,14.0,71,15.844980231732318
427,2024-01-18 19:00:00,15.9,13.6,86,14.274849224194309
428,2024-01-18 20:00:00,13.9,12.8,92,12.980897023183509
429,2024-01-18 21:00:00,12.6,11.8,95,12.016454951055362
430,2024-01-18 22:00:00,11.9,11.3,96,11.425267527029341
431,2024-01-18 23:00:00,10.8,10.6,99,10.640063238953939
432,2024-01-19 00:00:00,10.0,10.0,100,9.836066554886525
433,2024-01-19 01:00:00,9.6,9.6,100,9.434067843612048
434,2024-01-19 02:00:00,9.9,9.4,96,9.428138641526782
435,2024-01-19 03:00:00,9.4,8.4,93,8.627413755648412
436,2024-01-19 04:00:00,8.9,7.0,88,7.64097644494762
437,2024-01-19 05:00:00,7.8,4.8,82,6.000944010908469
438,2024-01-19 06:00:00,6.8,3.1,77,4.590417210855922
439,2024-01-19 07:00:00,6.2,1.5,72,3.592170506760887
440,2024-01-19 08:00:00,6.3,2.5,76,4.027937337274343
441,2024-01-19 09:00:00,6.4,1.8,72,3.7796970852209117
442,2024-01-19 10:00:00,7.6,1.5,65,4.29342884982724
443,2024-01-19 11:00:00,8.6,0.2,56,4.415381140540099
444,2024-01-19 12:00:00,9.6,-0.1,51,4.847274586843913
445,2024-01-19 13:00:00,10.4,-0.4,47,5.165566716165964
446,2024-01-19 14:00:00,11.1,-0.3,45,5.565619196958943
447,2024-01-19 15:00:00,11.5,0.2,46,5.998904867081315
448,2024-01-19 16:00:00,11.3,-0.3,45,5.733150416880706
449,2024-01-19 17:00:00,10.4,-1.6,43,4.792867244983126
450,2024-01-19 18:00:00,8.9,-2.7,44,3.6366166805504836
451,2024-01-19 19:00:00,7.2,-3.3,47,2.455778358573199
452,2024-01-19 20:00:00,7.5,-3.8,45,2.549974792777239
453,2024-01-19 21:00:00,6.4,-4.7,45,1.6284937644300106
454,2024-01-19 22:00:00,5.6,-5.4,45,0.9583146202730681
455,2024-01-19 23:00:00,4.6,-5.9,46,0.18702363556396673
456,2024-01-20 00:00:00,3.7,-6.4,48,-0.4447178306581625
457,2024-01-20 01:00:00,2.8,-6.9,49,-1.1507398485247249
458,2024-01-20 02:00:00,2.0,-7.4,50,-1.7778735677475135
459,2024-01-20 03:00:00,1.4,-8.1,50,-2.2938403634819124
460,2024-01-20 04:00:00,0.8,-8.7,49,-2.862097102314307
461,2024-01-20 05:00:00,0.2,-9.2,49,-3.375516560090211
462,2024-01-20 06:00:00,-0.2,-9.8,49,-3.7177995412342417
463,2024-01-20 07:00:00,-0.6,-10.4,48,-4.105474960288642
464,2024-01-20 08:00:00,-0.8,-9.6,51,-4.139372779289966
465,2024-01-20 09:00:00,-0.6,-9.3,52,-3.918408990067557
466,2024-01-20 10:00:00,0.5,-8.4,51,-3.0159664014749845
467,2024-01-20 11:00:00,1.8,-6.9,52,-1.8345865434113744
468,2024-01-20 12:00:00,3.3,-5.5,53,-0.467462941589722
469,2024-01-20 13:00:00,4.7,-4.8,50,0.5439161139801012
470,2024-01-20 14:00:00,5.9,-4.2,48,1.4281194986787993
471,2024-01-20 15:00:00,6.9,-3.2,49,2.357369210765693
472,2024-01-20 16:00:00,7.5,-3.2,47,2.709826144859365
473,2024-01-20 17:00:00,7.6,-3.2,46,2.714003491324127
474,2024-01-20 18:00:00,7.2,-3.7,46,2.3770800465086968
475,2024-01-20 19:00:00,5.6,-3.7,51,1.3910203351143373
476,2024-01-20 20:00:00,5.1,-3.0,56,1.3215835430415712
477,2024-01-20 21:00:00,5.2,-2.8,56,1.4099791669042459
478,2024-01-20 22:00:00,5.3,-3.0,55,1.4241383863626238
479,2024-01-20 23:00:00,5.6,-3.8,51,1.3910203351143373
480,2024-01-21 00:00:00,5.2,-5.7,45,0.6232213746407291
481,2024-01-21 01:00:00,4.7,-6.5,44,0.13794481032073413
482,2024-01-21 02:00:00,4.2,-7.1,44,-0.27858265544178984
483,2024-01-21 03:00:00,3.6,-7.8,43,-0.8390631685937207
484,2024-01-21 04:00:00,3.0,-8.2,43,-1.3360369600693813
485,2024-01-21 05:00:00,2.5,-8.8,43,-1.7501874200502687
486,2024-01-21 06:00:00,2.2,-9.1,43,-1.998680230497972
487,2024-01-21 07:00:00,2.0,-9.4,43,-2.164343183606343
488,2024-01-21 08:00:00,2.1,-8.6,45,-1.9738418932533364
489,2024-01-21 09:00:00,2.0,-8.3,46,-2.0031373274851747
490,2024-01-21 10:00:00,2.0,-7.6,49,-1.8352754587211426
491,2024-01-21 11:00:00,2.6,-6.7,50,-1.2619118895273713
492,2024-01-21 12:00:00,3.2,-5.9,51,-0.6828147884467572
493,2024-01-21 13:00:00,3.8,-4.8,54,0.03602767400417051
494,2024-01-21 14:00:00,4.3,-3.2,58,0.7567884588877991
495,2024-01-21 15:00:00,4.4,-1.8,64,1.2875762089643743
496,2024-01-21 16:00:00,4.3,-0.5,71,1.732137730203446
497,2024-01-21 17:00:00,4.5,-0.2,71,1.9190685929954956
498,2024-01-21 18:00:00,4.8,0.6,74,2.440906187963704
499,2024-01-21 19:00:00,5.2,1.0,75,2.9008533747223897
500,2024-01-21 20:00:00,4.3,-0.2,72,1.8106594846827146
501,2024-01-21 21:00:00,4.2,1.4,81,2.442724011393267
502,2024-01-21 22:00:00,4.8,2.2,83,3.1899926568594132
503,2024-01-21 23:00:00,6.2,4.2,86,4.8133693393156385
504,2024-01-22 00:00:00,8.5,6.3,86,7.0568321892233286
505,2024-01-22 01:00:00,9.6,7.8,89,8.426298183893897
506,2024-01-22 02:00:00,10.4,9.1,91,9.415320126362698
507,2024-01-22 03:00:00,11.6,10.4,92,10.704744222852923
508,2024-01-22 04:00:00,12.9,11.6,92,11.99126650022756
509,2024-01-22 05:00:00,13.6,12.5,93,12.79341843239273
510,2024-01-22 06:00:00,14.6,13.3,92,13.673637384542715
511,2024-01-22 07:00:00,15.2,13.9,92,14.267414192714604
512,2024-01-22 08:00:00,13.4,12.4,94,12.704192687610526
513,2024-01-22 09:00:00,13.8,13.0,95,13.212095803020919
514,2024-01-22 10:00:00,14.6,13.7,94,13.897169060291528
515,2024-01-22 11:00:00,16.6,15.4,93,15.769118007321765
516,2024-01-22 12:00:00,18.1,16.5,91,17.017759650041125
517,2024-01-22 13:00:00,18.4,16.9,91,17.313956609833017
518,2024-01-22 14:00:00,18.8,17.2,91,17.70888567593595
519,2024-01-22 15:00:00,18.6,17.1,91,17.511421173262367
520,2024-01-22 16:00:00,18.0,16.8,92,17.038365058726637
521,2024-01-22 17:00:00,17.8,16.7,93,16.959393944602926
522,2024-01-22 18:00:00,17.8,16.6,93,16.959393944602926
523,2024-01-22 19:00:00,17.2,16.0,93,16.364256244929386
524,2024-01-22 20:00:00,17.5,16.5,94,16.780186153139073
525,2024-01-22 21:00:00,17.1,16.2,94,16.38252936629843
526,2024-01-22 22:00:00,17.0,16.1,94,16.283115133231288
527,2024-01-22 23:00:00,16.8,15.7,94,16.084286623193012
528,2024-01-23 00:00:00,16.3,15.5,95,15.703007146671698
529,2024-01-23 01:00:00,15.9,15.2,96,15.419506531245311
530,2024-01-23 02:00:00,16.4,15.6,96,15.918784749118675
531,2024-01-23 03:00:00,17.0,16.1,94,16.283115133231288
532,2024-01-23 04:00:00,17.4,16.2,93,16.562635537491282
533,2024-01-23 05:00:00,17.2,16.3,94,16.481943584783554
534,2024-01-23 06:00:00,17.2,16.5,95,16.59973297856588
535,2024-01-23 07:00:00,17.3,16.4,94,16.58135778872595
536,2024-01-23 08:00:00,17.4,16.5,95,16.799005228942622
537,2024-01-23 09:00:00,17.5,16.4,94,16.780186153139073
538,2024-01-23 10:00:00,17.8,16.5,92,16.840440398419354
539,2024-01-23 11:00:00,20.0,17.6,86,18.27397464146205
540,2024-01-23 12:00:00,20.4,18.2,87,18.78907524901246
541,2024-01-23 13:00:00,20.2,18.9,92,19.215532426500058
542,2024-01-23 14:00:00,19.7,18.8,94,18.967294420281387
543,2024-01-23 15:00:00,20.5,18.5,88,19.012011071902254
544,2024-01-23 16:00:00,21.5,19.2,87,19.864695004837674
545,2024-01-23 17:00:00,20.7,19.0,90,19.45923809643304
546,2024-01-23 18:00:00,19.8,19.0,95,19.190267924075
547,2024-01-23 19:00:00,19.5,18.8,95,18.8913605135272
548,2024-01-23 20:00:00,18.6,17.9,95,17.994637558728524
549,2024-01-23 21:00:00,18.5,17.7,95,17.895001607136333
550,2024-01-23 22:00:00,18.8,18.2,97,18.436792372324074
551,2024-01-23 23:00:00,18.2,17.8,97,17.83635940189694
552,2024-01-24 00:00:00,17.7,17.4,98,17.455193435346434
553,2024-01-24 01:00:00,18.0,17.5,97,17.636214974142472
554,2024-01-24 02:00:00,17.7,17.2,97,17.335998233812003
555,2024-01-24 03:00:00,17.0,16.9,99,16.871006284501924
556,2024-01-24 04:00:00,17.0,16.9,99,16.871006284501924
557,2024-01-24 05:00:00,16.9,16.7,99,16.77050761628283
558,2024-01-24 06:00:00,16.3,16.2,99,16.167515336065346
559,2024-01-24 07:00:00,16.0,16.0,100,15.866019020290505
560,2024-01-24 08:00:00,16.6,16.1,97,16.235202491688927
561,2024-01-24 09:00:00,16.7,16.1,97,16.335274899370614
562,2024-01-24 10:00:00,17.0,16.1,95,16.40046067155949
563,2024-01-24 11:00:00,18.9,16.9,88,17.443606736050846
564,2024-01-24 12:00:00,18.9,16.7,87,17.322317876726952
565,2024-01-24 13:00:00,20.5,15.1,71,16.87303949365472
566,2024-01-24 14:00:00,21.0,14.4,66,16.694374116807204
567,2024-01-24 15:00:00,20.5,15.0,71,16.87303949365472
568,2024-01-24 16:00:00,20.0,16.4,80,17.529270714428367
569,2024-01-24 17:00:00,19.7,15.9,79,17.11770375523455
570,2024-01-24 18:00:00,18.8,16.0,84,16.861455085549327
571,2024-01-24 19:00:00,18.1,15.8,86,16.420725116079023
572,2024-01-24 20:00:00,17.4,16.5,95,16.799005228942622
573,2024-01-24 21:00:00,17.1,16.0,94,16.38252936629843
574,2024-01-24 22:00:00,16.3,15.1,92,15.35600349697004
575,2024-01-24 23:00:00,16.1,14.6,91,15.043109653499915
576,2024-01-25 00:00:00,16.3,14.3,88,14.89494066514374
577,2024-01-25 01:00:00,15.8,14.2,91,14.746911601192458
578,2024-01-25 02:00:00,15.4,14.4,94,14.692485388375712
579,2024-01-25 03:00:00,15.4,14.4,94,14.692485388375712
580,2024-01-25 04:00:00,15.4,14.6,95,14.806280139912975
581,2024-01-25 05:00:00,15.4,14.5,95,14.806280139912975
582,2024-01-25 06:00:00,15.1,14.2,94,14.394241881047588
583,2024-01-25 07:00:00,15.1,13.9,93,14.281270001065575
584,2024-01-25 08:00:00,14.2,12.9,92,13.277785849555542
585,2024-01-25 09:00:00,14.6,13.2,92,13.673637384542715
586,2024-01-25 10:00:00,16.1,14.2,89,14.813519866469829
587,2024-01-25 11:00:00,17.7,14.8,83,15.675763694298315
588,2024-01-25 12:00:00,19.5,14.3,72,16.06237748229449
589,2024-01-25 13:00:00,21.0,13.6,63,16.30308036288452
590,2024-01-25 14:00:00,21.5,13.3,59,16.22340337411739
591,2024-01-25 15:00:00,21.9,13.1,58,16.445195207254734
592,2024-01-25 16:00:00,22.0,13.4,58,16.534329438871474
593,2024-01-25 17:00:00,21.8,13.6,59,16.49190190102585
594,2024-01-25 18:00:00,21.0,15.4,70,17.21168182612117
595,2024-01-25 19:00:00,20.0,13.7,67,15.90194061474578
596,2024-01-25 20:00:00,15.4,12.2,81,13.225137541718055
597,2024-01-25 21:00:00,14.3,12.0,86,12.714206498517935
598,2024-01-25 22:00:00,13.4,12.1,92,12.486081975181882
599,2024-01-25 23:00:00,12.6,11.5,93,11.801515332532599
600,2024-01-26 00:00:00,12.1,11.1,93,11.305563148791526
601,2024-01-26 01:00:00,11.9,11.0,94,11.212968943453191
602,2024-01-26 02:00:00,11.6,10.9,95,11.020085811835228
603,2024-01-26 03:00:00,10.7,10.3,97,10.330904994842998
604,2024-01-26 04:00:00,10.6,10.2,97,10.230831700220175
605,2024-01-26 05:00:00,10.6,10.1,97,10.230831700220175
606,2024-01-26 06:00:00,10.1,9.8,98,9.833369461209132
607,2024-01-26 07:00:00,10.2,9.9,98,9.933657172883626
608,2024-01-26 08:00:00,12.6,12.2,97,12.232294601300648
609,2024-01-26 09:00:00,13.2,12.8,97,12.832732271442442
610,2024-01-26 10:00:00,13.8,13.5,98,13.544004608733445
611,2024-01-26 11:00:00,15.2,13.9,92,14.267414192714604
612,2024-01-26 12:00:00,17.3,14.7,85,15.523097278795632
613,2024-01-26 13:00:00,19.4,15.6,79,16.830490858414638
614,2024-01-26 14:00:00,18.3,15.4,83,16.256488189067333
615,2024-01-26 15:00:00,17.4,15.1,86,15.737947380317319
616,2024-01-26 16:00:00,17.6,15.4,87,16.05112509499068
617,2024-01-26 17:00:00,17.5,15.8,90,16.307255796808022
618,2024-01-26 18:00:00,16.9,16.1,95,16.3008244967253
619,2024-01-26 19:00:00,16.7,16.1,97,16.335274899370614
620,2024-01-26 20:00:00,16.6,16.1,97,16.235202491688927
621,2024-01-26 21:00:00,16.5,15.9,96,16.01864035029652
622,2024-01-26 22:00:00,16.5,15.9,97,16.135130070366802
623,2024-01-26 23:00:00,16.1,15.6,97,15.734840247950483
624,2024-01-27 00:00:00,15.6,15.1,96,15.119939429566461
625,2024-01-27 01:00:00,15.4,14.6,95,14.806280139912975
626,2024-01-27 02:00:00,14.4,13.8,96,13.921669717464834
627,2024-01-27 03:00:00,14.0,13.4,96,13.52224600794425
628,2024-01-27 04:00:00,13.2,12.7,96,12.723397865109256
629,2024-01-27 05:00:00,12.6,12.1,97,12.232294601300648
630,2024-01-27 06:00:00,12.7,12.2,97,12.332367584055358
631,2024-01-27 07:00:00,13.1,12.4,96,12.623541778590752
632,2024-01-27 08:00:00,13.1,12.3,95,12.514638915894597
633,2024-01-27 09:00:00,12.9,11.6,92,11.99126650022756
634,2024-01-27 10:00:00,13.4,11.0,85,11.728686668957295
635,2024-01-27 11:00:00,14.2,10.4,78,11.743381424066193
636,2024-01-27 12:00:00,13.8,9.7,76,11.146602408784661
637,2024-01-27 13:00:00,14.9,9.4,70,11.52908693478873
638,2024-01-27 14:00:00,14.8,9.4,70,11.43592869540036
639,2024-01-27 15:00:00,15.5,8.9,65,11.52782881311721
640,2024-01-27 16:00:00,15.7,8.9,64,11.598131069620766
641,2024-01-27 17:00:00,15.2,8.1,63,11.030680087842756
642,2024-01-27 18:00:00,14.4,7.3,62,10.194863633304942
643,2024-01-27 19:00:00,13.1,6.8,66,9.434345347479319
644,2024-01-27 20:00:00,10.9,6.4,74,8.196106396497555
645,2024-01-27 21:00:00,9.8,6.2,78,7.542776333442443
646,2024-01-27 22:00:00,9.2,6.1,81,7.256343314549971
647,2024-01-27 23:00:00,8.6,5.9,83,6.868014410087689
648,2024-01-28 00:00:00,8.2,5.7,84,6.574971865760695
649,2024-01-28 01:00:00,7.8,5.3,84,6.186797631850158
650,2024-01-28 02:00:00,7.3,5.0,85,5.793773665243254
651,2024-01-28 03:00:00,6.9,4.8,86,5.496163763965752
652,2024-01-28 04:00:00,6.4,4.6,88,5.190286920905686
653,2024-01-28 05:00:00,5.8,4.3,90,4.782667626805891
654,2024-01-28 06:00:00,5.3,3.6,89,4.200857865495573
655,2024-01-28 07:00:00,4.8,2.7,86,3.447776710708723
656,2024-01-28 08:00:00,5.5,3.0,84,3.9547875910821126
657,2024-01-28 09:00:00,5.7,2.7,81,3.8868176796902496
658,2024-01-28 10:00:00,7.1,2.5,72,4.43603881115582
659,2024-01-28 11:00:00,9.0,3.0,66,5.666387019775126
660,2024-01-28 12:00:00,11.1,4.0,62,7.206267859273872
661,2024-01-28 13:00:00,12.9,4.5,56,8.216209203137575
662,2024-01-28 14:00:00,14.2,4.7,53,9.039675135395559
663,2024-01-28 15:00:00,15.1,4.9,51,9.599393847391374
664,2024-01-28 16:00:00,15.6,4.7,48,9.684978656560606
665,2024-01-28 17:00:00,15.5,4.4,48,9.599860804878091
666,2024-01-28 18:00:00,14.6,4.8,52,9.278077421115974
667,2024-01-28 19:00:00,11.6,4.6,62,7.659088805520851
668,2024-01-28 20:00:00,11.6,3.2,56,7.067134605377802
669,2024-01-28 21:00:00,10.4,3.2,61,6.477601630542109
670,2024-01-28 22:00:00,8.8,3.8,71,5.93803950580074
671,2024-01-28 23:00:00,7.6,4.1,78,5.442452839464718
672,2024-01-29 00:00:00,6.7,4.0,83,5.029008536315143
673,2024-01-29 01:00:00,6.0,3.8,86,4.618284989618514
674,2024-01-29 02:00:00,5.1,3.3,89,4.004324729246017
675,2024-01-29 03:00:00,4.7,3.0,89,3.6112581681629994
676,2024-01-29 04:00:00,4.8,3.0,88,3.6218378993681437
677,2024-01-29 05:00:00,3.8,2.6,92,2.985542395319338
678,2024-01-29 06:00:00,3.8,2.6,92,2.985542395319338
679,2024-01-29 07:00:00,3.0,2.2,94,2.364957512586214
680,2024-01-29 08:00:00,2.7,2.0,95,2.1523218622930846
681,2024-01-29 09:00:00,4.3,3.0,92,3.4803668434277597
682,2024-01-29 10:00:00,8.7,4.8,77,6.39911815431941
683,2024-01-29 11:00:00,12.5,6.3,66,8.882941319544654
684,2024-01-29 12:00:00,15.2,5.8,54,10.024496197354956
685,2024-01-29 13:00:00,16.6,5.4,48,10.536152959171627
686,2024-01-29 14:00:00,17.5,5.5,45,10.926417342088227
687,2024-01-29 15:00:00,18.0,5.6,44,11.216315186387728
688,2024-01-29 16:00:00,18.2,5.9,44,11.382892854546093
689,2024-01-29 17:00:00,18.1,5.9,45,11.42897319507297
690,2024-01-29 18:00:00,17.2,8.5,56,12.016923811669756
691,2024-01-29 19:00:00,13.6,7.1,64,9.682055908508804
692,2024-01-29 20:00:00,13.2,6.2,62,9.108107531803295
693,2024-01-29 21:00:00,12.0,6.2,68,8.625187392444522
694,2024-01-29 22:00:00,11.0,5.4,69,7.79774601993779
695,2024-01-29 23:00:00,10.1,4.6,69,6.962076287537043
696,2024-01-30 00:00:00,9.6,4.2,70,6.5916521702919475
697,2024-01-30 01:00:00,9.0,3.5,68,5.848984836358591
698,2024-01-30 02:00:00,8.6,2.7,67,5.3886529222857416
699,2024-01-30 03:00:00,8.2,2.0,65,4.842887183052671
700,2024-01-30 04:00:00,8.4,1.7,63,4.849062661699643
701,2024-01-30 05:00:00,7.9,1.5,64,4.4811805238996385
702,2024-01-30 06:00:00,7.9,1.3,63,4.394522751800597
703,2024-01-30 07:00:00,7.9,1.2,63,4.394522751800597
704,2024-01-30 08:00:00,7.9,1.6,64,4.4811805238996385
705,2024-01-30 09:00:00,8.6,2.6,66,5.298777263465176
706,2024-01-30 10:00:00,11.0,4.8,66,7.504424663557927
707,2024-01-30 11:00:00,13.6,6.0,60,9.25867409977063
708,2024-01-30 12:00:00,16.4,7.4,55,11.192980963293076
709,2024-01-30 13:00:00,18.5,8.1,51,12.536958928152185
710,2024-01-30 14:00:00,19.8,8.1,47,13.125000428552145
711,2024-01-30 15:00:00,20.5,8.1,45,13.439168747879389
712,2024-01-30 16:00:00,20.7,8.1,44,13.465086667055001
713,2024-01-30 17:00:00,20.5,8.3,46,13.578880361119825
714,2024-01-30 18:00:00,19.1,9.8,55,13.56906917403748
715,2024-01-30 19:00:00,15.1,9.4,69,11.604647403270786
716,2024-01-30 20:00:00,15.1,8.1,63,10.93977548513886
717,2024-01-30 21:00:00,13.9,7.6,66,10.169548461292983
718,2024-01-30 22:00:00,12.9,7.3,69,9.561927415355768
719,2024-01-30 23:00:00,12.1,7.1,72,9.124139367548644
720,2024-01-31 00:00:00,11.4,6.8,74,8.667838344255546
721,2024-01-31 01:00:00,10.8,6.8,76,8.299157418978115
722,2024-01-31 02:00:00,10.0,6.8,80,7.928647739078805
723,2024-01-31 03:00:00,9.5,6.7,82,7.641993968095523
724,2024-01-31 04:00:00,8.9,6.6,86,7.446998335522441
725,2024-01-31 05:00:00,8.5,6.6,88,7.2488670724979585
726,2024-01-31 06:00:00,8.2,6.4,88,6.954784809761209
727,2024-01-31 07:00:00,7.9,6.2,89,6.755780172066261
728,2024-01-31 08:00:00,7.8,6.1,89,6.65751421208161
729,2024-01-31 09:00:00,8.9,6.2,83,7.158382884730386
730,2024-01-31 10:00:00,11.6,7.5,76,9.058478659843713
731,2024-01-31 11:00:00,14.4,8.9,69,10.954692870812428
732,2024-01-31 12:00:00,16.8,10.1,64,12.601782445714615
733,2024-01-31 13:00:00,18.8,11.1,61,14.055664290430617
734,2024-01-31 14:00:00,20.4,11.0,55,14.713098615553662
735,2024-01-31 15:00:00,21.3,10.1,49,14.677224815990844
736,2024-01-31 16:00:00,21.5,9.4,46,14.4210611354899
737,2024-01-31 17:00:00,21.4,9.2,46,14.336843355400514
738,2024-01-31 18:00:00,20.4,13.3,64,15.886428555267607
739,2024-01-31 19:00:00,17.6,10.4,63,13.21237836791752
740,2024-01-31 20:00:00,16.4,10.8,69,12.811701481278423
741,2024-01-31 21:00:00,14.9,11.1,78,12.411654760728556
742,2024-01-31 22:00:00,13.9,10.6,81,11.781082963867068
743,2024-01-31 23:00:00,13.2,10.1,81,11.10718904092294
744,2024-02-01 00:00:00,12.6,9.4,81,10.529564746425349
745,2024-02-01 01:00:00,12.1,8.7,80,9.944798573832195
746,2024-02-01 02:00:00,11.9,8.1,78,9.54761721644903
747,2024-02-01 03:00:00,11.2,7.7,79,8.979925465899761
748,2024-02-01 04:00:00,10.7,7.5,81,8.70041527367678
749,2024-02-01 05:00:00,10.6,7.4,81,8.604143994471265
750,2024-02-01 06:00:00,11.7,6.6,71,8.648466368406998
751,2024-02-01 07:00:00,11.1,6.2,72,8.186526489919059
752,2024-02-01 08:00:00,9.2,6.6,84,7.545405676197284
753,2024-02-01 09:00:00,10.6,7.2,80,8.504692032861163
754,2024-02-01 10:00:00,13.7,8.1,69,10.304736649338555
755,2024-02-01 11:00:00,16.5,9.2,62,12.096671450458022
756,2024-02-01 12:00:00,18.5,11.1,62,13.90790001153961
757,2024-02-01 13:00:00,19.8,12.9,65,15.46543436730503
758,2024-02-01 14:00:00,20.9,13.1,61,15.950132718808689
759,2024-02-01 15:00:00,21.6,12.2,55,15.769118785049876
760,2024-02-01 16:00:00,21.2,11.3,53,15.144730520545693
761,2024-02-01 17:00:00,21.1,11.4,54,15.193627102026642
762,2024-02-01 18:00:00,20.5,11.9,58,15.197311780777987
763,2024-02-01 19:00:00,17.8,14.2,80,15.417153151164964
764,2024-02-01 20:00:00,16.1,14.4,89,14.813519866469829
765,2024-02-01 21:00:00,14.9,13.8,93,14.082890000980246
766,2024-02-01 22:00:00,14.4,13.4,94,13.69833982300312
767,2024-02-01 23:00:00,14.6,13.6,93,13.785319881355182
768,2024-02-02 00:00:00,14.8,13.6,93,13.983699977082498
769,2024-02-02 01:00:00,14.0,13.1,95,13.411369058958659
770,2024-02-02 02:00:00,13.4,12.8,96,12.923109992119148
771,2024-02-02 03:00:00,13.1,12.6,96,12.623541778590752
772,2024-02-02 04:00:00,12.6,12.1,96,12.124261114167574
773,2024-02-02 05:00:00,12.4,11.9,96,11.924548739412312
774,2024-02-02 06:00:00,12.5,11.9,96,12.024404934617703
775,2024-02-02 07:00:00,12.6,12.0,96,12.124261114167574
776,2024-02-02 08:00:00,13.4,12.8,96,12.923109992119148
777,2024-02-02 09:00:00,14.4,13.6,95,13.809915385879382
778,2024-02-02 10:00:00,16.2,15.0,92,15.257040912539821
779,2024-02-02 11:00:00,19.0,16.5,85,17.177062042593292
780,2024-02-02 12:00:00,21.2,16.5,74,17.91363831969417
781,2024-02-02 13:00:00,22.2,15.9,68,18.06403383657123
782,2024-02-02 14:00:00,22.5,15.6,65,17.937852733519183
783,2024-02-02 15:00:00,22.1,15.4,66,17.705247874034967
784,2024-02-02 16:00:00,21.1,15.5,70,17.30483823874945
785,2024-02-02 17:00:00,20.9,16.4,75,17.758121513098285
786,2024-02-02 18:00:00,19.9,16.8,82,17.681208150137433
787,2024-02-02 19:00:00,18.0,16.1,89,16.680539505850565
788,2024-02-02 20:00:00,17.5,15.9,90,16.307255796808022
789,2024-02-02 21:00:00,17.0,15.6,91,15.931702936316817
790,2024-02-02 22:00:00,16.7,15.2,91,15.635505319844814
791,2024-02-02 23:00:00,16.5,14.9,91,15.438040162235996
792,2024-02-03 00:00:00,16.6,14.9,89,15.304841413547376
793,2024-02-03 01:00:00,16.5,15.1,91,15.438040162235996
794,2024-02-03 02:00:00,16.5,15.2,92,15.5539286186468
795,2024-02-03 03:00:00,16.4,15.6,95,15.802643407712747
796,2024-02-03 04:00:00,16.5,15.6,94,15.786043747779733
797,2024-02-03 05:00:00,16.9,16.0,95,16.3008244967253
798,2024-02-03 06:00:00,17.4,16.5,94,16.68077197816478
799,2024-02-03 07:00:00,17.8,16.8,94,17.07842859166276
800,2024-02-03 08:00:00,15.4,15.1,98,15.14859740494877
801,2024-02-03 09:00:00,15.9,14.8,93,15.07478937169645
802,2024-02-03 10:00:00,15.4,13.4,88,14.012707370336898
803,2024-02-03 11:00:00,15.1,12.8,86,13.494528480609976
804,2024-02-03 12:00:00,15.4,12.2,81,13.225137541718055
805,2024-02-03 13:00:00,16.0,13.2,83,14.03037375484691
806,2024-02-03 14:00:00,18.7,13.9,74,15.555040086331783
807,2024-02-03 15:00:00,18.4,13.5,73,15.151566837793634
808,2024-02-03 16:00:00,20.5,13.2,63,15.848567927755099
809,2024-02-03 17:00:00,21.4,12.6,57,15.864617662661903
810,2024-02-03 18:00:00,20.6,12.4,59,15.41790570809107
811,2024-02-03 19:00:00,17.3,11.1,67,13.41199377751757
812,2024-02-03 20:00:00,18.9,11.1,61,14.14587745561414
813,2024-02-03 21:00:00,14.2,10.5,78,11.743381424066193
814,2024-02-03 22:00:00,16.0,9.1,64,11.871854637902732
815,2024-02-03 23:00:00,14.1,6.8,62,9.923175225259172
816,2024-02-04 00:00:00,11.4,5.3,66,7.872030045326158
817,2024-02-04 01:00:00,10.2,4.3,67,6.86423294309828
818,2024-02-04 02:00:00,11.1,4.1,62,7.206267859273872
819,2024-02-04 03:00:00,10.8,4.6,65,7.2238526471640085
820,2024-02-04 04:00:00,11.1,4.8,65,7.498577371803664
821,2024-02-04 05:00:00,10.9,5.1,67,7.509795662210767
822,2024-02-04 06:00:00,10.7,5.0,68,7.422170841985876
823,2024-02-04 07:00:00,11.1,2.5,56,6.625179958513808
824,2024-02-04 08:00:00,11.6,3.0,56,7.067134605377802
825,2024-02-04 09:00:00,11.9,2.7,53,7.033662295439264
826,2024-02-04 10:00:00,14.2,4.6,52,8.93082757180866
827,2024-02-04 11:00:00,16.5,4.1,44,9.966971751405232
828,2024-02-04 12:00:00,18.3,4.0,39,10.801821259745811
829,2024-02-04 13:00:00,19.1,4.1,37,11.166759565729679
830,2024-02-04 14:00:00,19.7,5.3,39,11.932846008207548
831,2024-02-04 15:00:00,19.9,6.2,41,12.379436837229267
832,2024-02-04 16:00:00,20.0,6.8,42,12.602569059696307
833,2024-02-04 17:00:00,18.0,7.7,51,12.104968635750229
834,2024-02-04 18:00:00,17.6,7.2,51,11.75937530796742
835,2024-02-04 19:00:00,15.8,7.8,59,11.12186109177462
836,2024-02-04 20:00:00,14.8,8.6,67,11.106465783629758
837,2024-02-04 21:00:00,14.1,8.9,71,10.891555612354528
838,2024-02-04 22:00:00,13.1,8.8,75,10.376894500301198
839,2024-02-04 23:00:00,12.3,8.9,79,10.03305972731937
840,2024-02-05 00:00:00,11.9,8.9,82,9.958757627695885
841,2024-02-05 01:00:00,11.6,8.8,83,9.771688987431975
842,2024-02-05 02:00:00,12.1,8.2,78,9.738553796751262
843,2024-02-05 03:00:00,11.9,7.9,77,9.445325767231894
844,2024-02-05 04:00:00,11.7,7.7,76,9.153393680022916
845,2024-02-05 05:00:00,11.7,7.5,75,9.052041303581554
846,2024-02-05 06:00:00,12.4,7.6,73,9.508286335532487
847,2024-02-05 07:00:00,12.5,7.8,73,9.602341894398586
848,2024-02-05 08:00:00,12.1,9.2,83,10.255632627214746
849,2024-02-05 09:00:00,12.9,9.1,78,10.5022990316969
850,2024-02-05 10:00:00,13.6,9.2,75,10.850054952870185
851,2024-02-05 11:00:00,14.3,8.2,67,10.645357510047646
852,2024-02-05 12:00:00,14.3,8.1,66,10.537149072690275
853,2024-02-05 13:00:00,15.6,7.8,60,11.055907752352375
854,2024-02-05 14:00:00,16.9,8.1,56,11.751760938717098
855,2024-02-05 15:00:00,17.8,8.0,53,12.179452562682236
856,2024-02-05 16:00:00,18.0,8.4,53,12.353882393058516
857,2024-02-05 17:00:00,17.6,8.6,56,12.37047359628443
858,2024-02-05 18:00:00,16.8,8.9,60,12.134238960987272
859,2024-02-05 19:00:00,15.3,8.4,63,11.121584648737784
860,2024-02-05 20:00:00,14.2,8.4,68,10.661046681046171
861,2024-02-05 21:00:00,13.6,8.1,69,10.21188562017439
862,2024-02-05 22:00:00,12.9,7.9,72,9.87422724340667
863,2024-02-05 23:00:00,12.1,7.6,74,9.32826172590186
864,2024-02-06 00:00:00,11.4,7.1,75,8.76814341741277
865,2024-02-06 01:00:00,10.6,6.8,77,8.207807624441738
866,2024-02-06 02:00:00,9.8,6.6,80,7.736632756027655
867,2024-02-06 03:00:00,9.2,6.4,83,7.448751127512052
868,2024-02-06 04:00:00,8.7,6.2,85,7.1558925766585375
869,2024-02-06 05:00:00,8.1,6.1,87,6.7615420056006865
870,2024-02-06 06:00:00,7.7,5.8,88,6.464647255055738
871,2024-02-06 07:00:00,7.2,5.6,90,6.161692579564603
872,2024-02-06 08:00:00,6.9,5.3,89,5.773119571916784
873,2024-02-06 09:00:00,8.5,5.9,84,6.866102273028833
874,2024-02-06 10:00:00,11.1,7.2,77,8.683776723762586
875,2024-02-06 11:00:00,13.5,7.9,69,10.119034555531892
876,2024-02-06 12:00:00,15.4,8.6,64,11.32440714589826
877,2024-02-06 13:00:00,17.0,8.1,55,11.721003872087646
878,2024-02-06 14:00:00,18.1,7.7,51,12.191366814891555
879,2024-02-06 15:00:00,18.7,7.8,49,12.452921705015331
880,2024-02-06 16:00:00,19.0,7.9,49,12.709574195113515
881,2024-02-06 17:00:00,19.0,8.2,50,12.839564312497629
882,2024-02-06 18:00:00,18.6,8.4,51,12.623356806941043
883,2024-02-06 19:00:00,18.1,8.4,53,12.441097224341704
884,2024-02-06 20:00:00,17.9,7.6,51,12.018570395753212
885,2024-02-06 21:00:00,13.4,8.1,71,10.237323252377665
886,2024-02-06 22:00:00,13.2,7.8,70,9.94539232556332
887,2024-02-06 23:00:00,11.8,6.8,71,8.74192881482073
888,2024-02-07 00:00:00,10.6,6.1,74,7.913066836682244
889,2024-02-07 01:00:00,9.1,6.2,83,7.351961738873994
890,2024-02-07 02:00:00,9.1,6.7,85,7.5450685239831365
891,2024-02-07 03:00:00,9.9,7.2,83,8.12627613826992
892,2024-02-07 04:00:00,9.9,7.1,83,8.12627613826992
893,2024-02-07 05:00:00,8.2,6.6,90,7.146707778891512
894,2024-02-07 06:00:00,8.3,6.7,89,7.148843792913274
895,2024-02-07 07:00:00,7.0,5.6,91,6.058363974128767
896,2024-02-07 08:00:00,7.6,5.6,87,6.272611267624171
897,2024-02-07 09:00:00,9.8,6.3,79,7.639567984670913
898,2024-02-07 10:00:00,13.4,9.6,77,10.873225352226319
899,2024-02-07 11:00:00,16.4,10.4,68,12.696888533825774
900,2024-02-07 12:00:00,18.1,11.4,65,13.908714379444522
901,2024-02-07 13:00:00,19.4,11.8,61,14.596942696499354
902,2024-02-07 14:00:00,20.7,12.2,58,15.375581327753306
903,2024-02-07 15:00:00,21.0,11.5,54,15.106016201314112
904,2024-02-07 16:00:00,21.0,11.8,55,15.241109520159341
905,2024-02-07 17:00:00,20.3,11.9,59,15.14940577783656
906,2024-02-07 18:00:00,19.4,13.1,67,15.34862108325115
907,2024-02-07 19:00:00,18.6,13.0,70,14.975919756258797
908,2024-02-07 20:00:00,17.3,13.0,76,14.468590288641
909,2024-02-07 21:00:00,16.4,12.9,80,14.073072993467399
910,2024-02-07 22:00:00,16.5,13.1,80,14.169078861876237
911,2024-02-07 23:00:00,17.1,13.4,79,14.628518910310795
912,2024-02-08 00:00:00,17.3,13.9,80,14.937125013862499
913,2024-02-08 01:00:00,17.4,13.9,80,15.03313068447072
914,2024-02-08 02:00:00,17.2,13.9,81,14.957996424576962
915,2024-02-08 03:00:00,17.4,13.6,79,14.915733300728892
916,2024-02-08 04:00:00,18.3,13.4,73,15.057512990446824
917,2024-02-08 05:00:00,18.0,13.8,76,15.132984132457874
918,2024-02-08 06:00:00,17.8,14.1,79,15.298685509118023
919,2024-02-08 07:00:00,17.5,14.2,81,15.246805562887662
920,2024-02-08 08:00:00,17.6,14.8,83,15.578976210304834
921,2024-02-08 09:00:00,18.0,15.0,83,15.966126029019584
922,2024-02-08 10:00:00,18.9,15.6,81,16.594579079178615
923,2024-02-08 11:00:00,21.2,16.4,74,17.91363831969417
924,2024-02-08 12:00:00,22.4,16.9,71,18.648770842549407
925,2024-02-08 13:00:00,22.3,16.5,70,18.422713152030152
926,2024-02-08 14:00:00,22.1,16.1,69,18.10410839611893
927,2024-02-08 15:00:00,21.9,17.0,74,18.5740431788785
928,2024-02-08 16:00:00,21.8,16.7,73,18.349382608546602
929,2024-02-08 17:00:00,21.7,17.8,78,18.903393180413353
930,2024-02-08 18:00:00,21.4,17.1,77,18.488593722544323
931,2024-02-08 19:00:00,20.1,17.6,86,18.371513919369587
932,2024-02-08 20:00:00,19.3,17.0,86,17.59119922332744
933,2024-02-08 21:00:00,18.8,16.9,89,17.466651256777748
934,2024-02-08 22:00:00,18.4,16.6,90,17.193752422973922
935,2024-02-08 23:00:00,17.6,16.4,92,16.64251567768767
936,2024-02-09 00:00:00,17.1,16.2,94,16.38252936629843
937,2024-02-09 01:00:00,16.8,16.0,96,16.318207069712848
938,2024-02-09 02:00:00,17.0,16.4,96,16.5179181462649
939,2024-02-09 03:00:00,17.5,16.8,95,16.898641332989254
940,2024-02-09 04:00:00,17.6,16.9,95,16.998277422991453
941,2024-02-09 05:00:00,17.7,17.0,95,17.097913498986603
942,2024-02-09 06:00:00,17.6,17.0,96,17.117051044479094
943,2024-02-09 07:00:00,16.5,16.0,97,16.135130070366802
944,2024-02-09 08:00:00,18.3,17.8,97,17.936431596137123
945,2024-02-09 09:00:00,19.0,18.2,95,18.393181229051923
946,2024-02-09 10:00:00,19.4,18.5,95,18.791724683415016
947,2024-02-09 11:00:00,19.8,19.0,95,19.190267924075
948,2024-02-09 12:00:00,22.5,18.3,77,19.535695566316242
949,2024-02-09 13:00:00,23.9,17.7,68,19.63714441275211
950,2024-02-09 14:00:00,24.2,17.5,66,19.63508805665431
951,2024-02-09 15:00:00,24.8,16.5,60,19.322964247851473
952,2024-02-09 16:00:00,24.5,16.0,59,18.90837373378072
953,2024-02-09 17:00:00,23.5,16.9,66,18.991809373344534
954,2024-02-09 18:00:00,22.6,17.2,72,18.968891989686863
955,2024-02-09 19:00:00,20.9,17.0,79,18.26655348767553
956,2024-02-09 20:00:00,19.2,17.5,90,17.981748355436398
957,2024-02-09 21:00:00,18.0,17.1,94,17.27725681239824
958,2024-02-09 22:00:00,18.2,17.5,95,17.59609367015572
959,2024-02-09 23:00:00,17.8,17.2,97,17.436070493794514
960,2024-02-10 00:00:00,17.9,17.2,96,17.416617308950418
961,2024-02-10 01:00:00,17.1,17.0,99,16.971504939909757
962,2024-02-10 02:00:00,16.8,16.5,99,16.670008935219297
963,2024-02-10 03:00:00,16.8,16.4,97,16.43534729344783
964,2024-02-10 04:00:00,17.0,16.5,97,16.635492040932025
965,2024-02-10 05:00:00,17.0,16.6,98,16.75318669001153
966,2024-02-10 06:00:00,17.4,16.8,96,16.917340133355776
967,2024-02-10 07:00:00,17.7,16.6,94,16.97901445984939
968,2024-02-10 08:00:00,19.1,18.5,96,18.614881158386183
969,2024-02-10 09:00:00,19.1,18.0,93,18.248857156300584
970,2024-02-10 10:00:00,20.4,18.3,88,18.91398592019493
971,2024-02-10 11:00:00,21.2,18.8,86,19.4444448816875
972,2024-02-10 12:00:00,22.2,19.0,82,19.901388919503407
973,2024-02-10 13:00:00,22.3,19.0,82,19.997918301498952
974,2024-02-10 14:00:00,23.5,18.5,74,20.083535866601277
975,2024-02-10 15:00:00,23.6,17.6,69,19.496832070450733
976,2024-02-10 16:00:00,23.3,17.4,69,19.218287797825738
977,2024-02-10 17:00:00,22.9,18.1,75,19.650720133255046
978,2024-02-10 18:00:00,22.1,18.4,79,19.415400331621356
979,2024-02-10 19:00:00,21.4,18.8,85,19.512062430000775
980,2024-02-10 20:00:00,20.1,18.7,92,19.116570425179752
981,2024-02-10 21:00:00,19.7,18.4,92,18.720722277564366
982,2024-02-10 22:00:00,19.2,18.1,93,18.34804653368036
983,2024-02-10 23:00:00,19.2,18.8,98,18.95949148804367
984,2024-02-11 00:00:00,19.1,18.6,97,18.73700868323434
985,2024-02-11 01:00:00,18.9,18.0,95,18.293545331806218
986,2024-02-11 02:00:00,19.0,18.4,96,18.515025910550612
987,2024-02-11 03:00:00,19.0,18.8,98,18.758918578206828
988,2024-02-11 04:00:00,19.0,18.7,98,18.758918578206828
989,2024-02-11 05:00:00,19.5,19.2,98,19.26035075971458
990,2024-02-11 06:00:00,20.0,19.6,97,19.637656929477213
991,2024-02-11 07:00:00,20.1,19.7,97,19.737728893979426
992,2024-02-11 08:00:00,20.5,20.1,98,20.2632142020973
993,2024-02-11 09:00:00,20.6,20.2,98,20.363500479733208
994,2024-02-11 10:00:00,20.9,20.4,97,20.538304164327716
995,2024-02-11 11:00:00,21.1,20.2,95,20.48553200702578
996,2024-02-11 12:00:00,22.1,19.9,87,20.451395887661448
997,2024-02-11 13:00:00,20.1,18.7,91,18.992403485050463
998,2024-02-11 14:00:00,19.8,16.6,82,17.584678329476446
999,2024-02-11 15:00:00,22.3,17.1,72,18.68761742105635
1000,2024-02-11 16:00:00,22.9,16.1,66,18.440426558230286
1001,2024-02-11 17:00:00,22.5,14.4,60,17.256230120583247
1002,2024-02-11 18:00:00,21.5,13.8,62,16.624714434336102
1003,2024-02-11 19:00:00,19.1,13.4,69,15.318642887173556
1004,2024-02-11 20:00:00,16.5,12.6,78,13.939132127728417
1005,2024-02-11 21:00:00,13.9,10.3,79,11.5648857349954
1006,2024-02-11 22:00:00,12.6,9.1,79,10.320277605615484
1007,2024-02-11 23:00:00,11.6,7.7,77,9.159745092038014
1008,2024-02-12 00:00:00,10.9,6.5,74,8.196106396497555
1009,2024-02-12 01:00:00,10.2,5.7,73,7.439055713602292
1010,2024-02-12 02:00:00,9.4,4.8,73,6.6866041166549675
1011,2024-02-12 03:00:00,8.4,3.8,73,5.746036395918589
1012,2024-02-12 04:00:00,7.6,3.2,74,5.082654351901837
1013,2024-02-12 05:00:00,7.2,2.3,71,4.442617634557266
1014,2024-02-12 06:00:00,7.5,2.0,68,4.460869049521474
1015,2024-02-12 07:00:00,6.7,1.0,67,3.636386192799856
1016,2024-02-12 08:00:00,6.5,0.9,68,3.53545275471774
1017,2024-02-12 09:00:00,6.8,1.0,67,3.7286111951020366
1018,2024-02-12 10:00:00,7.8,0.9,62,4.217616234534269
1019,2024-02-12 11:00:00,9.6,1.2,56,5.299305940410337
1020,2024-02-12 12:00:00,11.5,1.8,51,6.488943093509409
1021,2024-02-12 13:00:00,12.5,2.5,51,7.3529670979866495
1022,2024-02-12 14:00:00,13.3,3.2,51,8.044180661532465
1023,2024-02-12 15:00:00,14.1,3.7,50,8.626560458916453
1024,2024-02-12 16:00:00,14.6,3.8,48,8.8337965816194
1025,2024-02-12 17:00:00,14.5,3.7,48,8.748677932288693
1026,2024-02-12 18:00:00,13.9,3.5,50,8.454597510587877
1027,2024-02-12 19:00:00,12.4,3.2,53,7.469755197173157
1028,2024-02-12 20:00:00,11.2,3.0,57,6.81052662858761
1029,2024-02-12 21:00:00,10.0,3.1,62,6.210057235798308
1030,2024-02-12 22:00:00,8.7,3.3,69,5.662139045893474
1031,2024-02-12 23:00:00,8.1,3.3,72,5.373666426951253
1032,2024-02-13 00:00:00,7.4,2.9,73,4.8054649675963095
1033,2024-02-13 01:00:00,6.6,2.8,77,4.400026938507292
1034,2024-02-13 02:00:00,5.9,2.8,80,3.9923175601530776
1035,2024-02-13 03:00:00,5.2,2.9,85,3.7505858784221786
1036,2024-02-13 04:00:00,4.6,3.0,89,3.51299146732104
1037,2024-02-13 05:00:00,4.6,2.8,88,3.425781327994084
1038,2024-02-13 06:00:00,5.6,3.0,83,3.964316393235338
1039,2024-02-13 07:00:00,5.6,3.0,84,4.051831804671842
1040,2024-02-13 08:00:00,5.8,3.8,87,4.512455653180226
1041,2024-02-13 09:00:00,6.4,4.6,88,5.190286920905686
1042,2024-02-13 10:00:00,9.6,6.3,80,7.54461766252912
1043,2024-02-13 11:00:00,12.2,5.8,65,8.505897905139257
1044,2024-02-13 12:00:00,13.9,5.1,56,9.100105678307244
1045,2024-02-13 13:00:00,14.9,4.9,51,9.426593524251533
1046,2024-02-13 14:00:00,15.8,4.9,48,9.855214127178026
1047,2024-02-13 15:00:00,16.2,4.7,46,9.9574214435909
1048,2024-02-13 16:00:00,16.5,4.8,46,10.210086007609881
1049,2024-02-13 17:00:00,16.5,4.8,46,10.210086007609881
1050,2024-02-13 18:00:00,16.2,4.7,46,9.9574214435909
1051,2024-02-13 19:00:00,14.2,6.2,59,9.689822732921199
1052,2024-02-13 20:00:00,12.1,5.8,65,8.414323531896642
1053,2024-02-13 21:00:00,10.8,4.9,67,7.417572544818771
1054,2024-02-13 22:00:00,10.2,4.4,68,6.959470341340522
1055,2024-02-13 23:00:00,9.6,4.4,70,6.5916521702919475
1056,2024-02-14 00:00:00,9.2,5.0,75,6.686216867854094
1057,2024-02-14 01:00:00,8.4,5.1,80,6.392524740169986
1058,2024-02-14 02:00:00,7.2,5.1,86,5.7887895702443135
1059,2024-02-14 03:00:00,6.9,4.9,87,5.5881072403232395
1060,2024-02-14 04:00:00,8.8,5.0,77,6.49431261633004
1061,2024-02-14 05:00:00,8.5,5.0,79,6.394945316623579
1062,2024-02-14 06:00:00,8.2,5.1,81,6.293625287526108
1063,2024-02-14 07:00:00,5.7,4.3,91,4.77481555878618
1064,2024-02-14 08:00:00,6.0,4.9,93,5.254909872649149
1065,2024-02-14 09:00:00,8.4,6.5,88,7.150839673929511
1066,2024-02-14 10:00:00,11.8,8.8,82,9.862226093869669
1067,2024-02-14 11:00:00,14.4,8.5,68,10.846123912624586
1068,2024-02-14 12:00:00,15.9,7.7,58,11.097063854005578
1069,2024-02-14 13:00:00,16.8,7.2,53,11.307299992111645
1070,2024-02-14 14:00:00,17.2,7.2,51,11.413780989334786
1071,2024-02-14 15:00:00,17.4,7.1,51,11.586578273593478
1072,2024-02-14 16:00:00,17.5,8.1,54,12.039603400898681
1073,2024-02-14 17:00:00,17.1,8.4,56,11.928536238604266
1074,2024-02-14 18:00:00,15.9,8.6,62,11.553299714154786
1075,2024-02-14 19:00:00,14.1,9.1,72,10.999355154322128
1076,2024-02-14 20:00:00,13.4,9.7,78,10.979638935431176
1077,2024-02-14 21:00:00,14.1,10.1,77,11.539576388958437
1078,2024-02-14 22:00:00,13.9,10.4,79,11.5648857349954
1079,2024-02-14 23:00:00,13.9,10.6,80,11.672918843667635
1080,2024-02-15 00:00:00,14.1,10.8,80,11.864931715570982
1081,2024-02-15 01:00:00,12.8,10.7,87,11.357463727750499
1082,2024-02-15 02:00:00,12.2,10.6,90,11.086748078128139
1083,2024-02-15 03:00:00,11.6,10.4,92,10.704744222852923
1084,2024-02-15 04:00:00,13.0,10.9,87,11.553033832517865
1085,2024-02-15 05:00:00,13.6,11.2,86,12.03142372476616
1086,2024-02-15 06:00:00,13.7,11.8,88,12.346262673205839
1087,2024-02-15 07:00:00,13.8,12.1,89,12.55343510643873
1088,2024-02-15 08:00:00,14.4,12.4,88,13.032446433730186
1089,2024-02-15 09:00:00,15.0,12.9,88,13.620603215718965
1090,2024-02-15 10:00:00,16.8,14.1,84,14.920627194259843
1091,2024-02-15 11:00:00,18.8,14.6,77,16.013615473999646
1092,2024-02-15 12:00:00,20.4,15.1,72,16.906206749791505
1093,2024-02-15 13:00:00,21.5,15.4,68,17.416280158944684
1094,2024-02-15 14:00:00,21.9,15.6,68,17.786425282892832
1095,2024-02-15 15:00:00,21.8,15.7,68,17.693889043415947
1096,2024-02-15 16:00:00,21.6,16.0,70,17.77061990692309
1097,2024-02-15 17:00:00,21.2,15.9,71,17.52725737221241
1098,2024-02-15 18:00:00,20.7,15.8,73,17.314798268794483
1099,2024-02-15 19:00:00,19.6,16.2,81,17.26846435265324
1100,2024-02-15 20:00:00,18.2,16.5,90,16.996753283731607
1101,2024-02-15 21:00:00,17.4,15.9,91,16.32663286958118
1102,2024-02-15 22:00:00,16.9,15.2,90,15.716257323673503
1103,2024-02-15 23:00:00,16.9,15.2,90,15.716257323673503
1104,2024-02-16 00:00:00,17.0,15.2,90,15.8147571098519
1105,2024-02-16 01:00:00,16.6,15.2,91,15.536772749066209
1106,2024-02-16 02:00:00,16.0,15.1,94,15.28897199180027
1107,2024-02-16 03:00:00,16.2,15.4,95,15.603370871127087
1108,2024-02-16 04:00:00,16.2,15.6,96,15.71907350447951
1109,2024-02-16 05:00:00,16.4,15.6,96,15.918784749118675
1110,2024-02-16 06:00:00,16.5,15.9,96,16.01864035029652
1111,2024-02-16 07:00:00,16.5,16.0,97,16.135130070366802
1112,2024-02-16 08:00:00,17.2,16.6,96,16.71762916738145
1113,2024-02-16 09:00:00,17.2,16.5,96,16.71762916738145
1114,2024-02-16 10:00:00,17.0,16.2,96,16.5179181462649
1115,2024-02-16 11:00:00,17.1,16.1,94,16.38252936629843
1116,2024-02-16 12:00:00,17.8,16.6,93,16.959393944602926
1117,2024-02-16 13:00:00,18.6,16.9,90,17.390751499420567
1118,2024-02-16 14:00:00,19.3,17.2,88,17.83570820563321
1119,2024-02-16 15:00:00,19.7,17.3,86,17.981356706812388
1120,2024-02-16 16:00:00,20.8,16.8,78,18.044198308641583
1121,2024-02-16 17:00:00,21.0,16.4,75,17.85275165486602
1122,2024-02-16 18:00:00,20.6,16.1,75,17.474230951481566
1123,2024-02-16 19:00:00,19.1,16.3,84,17.152578623508745
1124,2024-02-16 20:00:00,17.4,16.2,93,16.562635537491282
1125,2024-02-16 21:00:00,16.8,16.1,96,16.318207069712848
1126,2024-02-16 22:00:00,16.2,15.7,97,15.83491272419641
1127,2024-02-16 23:00:00,16.0,15.7,98,15.750318790370795
1128,2024-02-17 00:00:00,15.9,15.6,98,15.650031926752138
1129,2024-02-17 01:00:00,16.6,14.9,89,15.304841413547376
1130,2024-02-17 02:00:00,15.4,11.2,77,12.777082041234284
1131,2024-02-17 03:00:00,13.8,8.4,70,10.504344478781872
1132,2024-02-17 04:00:00,12.5,5.7,63,8.576240595813243
1133,2024-02-17 05:00:00,11.2,3.5,59,7.004714920781279
1134,2024-02-17 06:00:00,10.1,2.0,57,5.834070414676155
1135,2024-02-17 07:00:00,8.8,1.1,58,4.768206031056653
1136,2024-02-17 08:00:00,8.9,1.4,59,4.946097341907796
1137,2024-02-17 09:00:00,8.1,0.6,59,4.230048694287541
1138,2024-02-17 10:00:00,7.9,0.7,60,4.136442063884234
1139,2024-02-17 11:00:00,8.4,1.1,60,4.585768266641132
1140,2024-02-17 12:00:00,8.9,1.1,58,4.857346992329878
1141,2024-02-17 13:00:00,9.4,1.0,56,5.122521557470494
1142,2024-02-17 14:00:00,9.6,0.9,54,5.118007697224748
1143,2024-02-17 15:00:00,10.1,0.9,53,5.463712398807061
1144,2024-02-17 16:00:00,10.1,0.6,52,5.371449261955217
1145,2024-02-17 17:00:00,9.6,0.1,51,4.847274586843913
1146,2024-02-17 18:00:00,9.2,-0.4,51,4.5016561315951105
1147,2024-02-17 19:00:00,8.6,-0.8,52,4.069203984602218
1148,2024-02-17 20:00:00,7.0,-1.4,55,2.920327265141271
1149,2024-02-17 21:00:00,6.2,-1.4,58,2.4505165811455516
1150,2024-02-17 22:00:00,5.8,-1.5,59,2.1713846929913796
1151,2024-02-17 23:00:00,5.3,-2.5,57,1.5730712840030403
1152,2024-02-18 00:00:00,5.1,-3.1,56,1.3215835430415712
1153,2024-02-18 01:00:00,4.8,-3.0,57,1.1292069553302184
1154,2024-02-18 02:00:00,4.3,-2.7,60,0.9012440008514524
1155,2024-02-18 03:00:00,3.9,-2.4,63,0.7581503446660722
1156,2024-02-18 04:00:00,3.5,-2.2,66,0.6116807623060687
1157,2024-02-18 05:00:00,3.0,-2.6,66,0.1521536737772884
1158,2024-02-18 06:00:00,2.7,-3.6,63,-0.33278139257003225
1159,2024-02-18 07:00:00,2.2,-4.4,62,-0.8541870925852422
1160,2024-02-18 08:00:00,1.9,-4.1,64,-0.9936159935622841
1161,2024-02-18 09:00:00,2.8,-3.5,63,-0.24187003429802534
1162,2024-02-18 10:00:00,4.7,-3.5,56,0.9680001669166849
1163,2024-02-18 11:00:00,6.4,-2.6,53,2.236509552521375
1164,2024-02-18 12:00:00,8.1,-1.6,50,3.4675258527813426
1165,2024-02-18 13:00:00,9.6,-1.0,48,4.57775545894053
1166,2024-02-18 14:00:00,10.8,-0.3,46,5.409319971857784
1167,2024-02-18 15:00:00,11.6,-0.1,45,5.984446408211536
1168,2024-02-18 16:00:00,12.0,0.2,44,6.218812982198166
1169,2024-02-18 17:00:00,12.0,0.3,45,6.319506189394245
1170,2024-02-18 18:00:00,11.6,0.2,46,6.083130855686768
1171,2024-02-18 19:00:00,9.2,2.8,64,5.667359085569842
1172,2024-02-18 20:00:00,8.2,2.0,65,4.842887183052671
1173,2024-02-18 21:00:00,6.7,1.8,71,3.9752961349931173
1174,2024-02-18 22:00:00,6.0,1.5,73,3.4886584711842694
1175,2024-02-18 23:00:00,4.8,1.6,80,2.936220252895673
1176,2024-02-19 00:00:00,3.8,1.4,84,2.3050316150934
1177,2024-02-19 01:00:00,3.2,0.7,83,1.6413394590173738
1178,2024-02-19 02:00:00,2.7,0.4,85,1.3182037190835407
1179,2024-02-19 03:00:00,2.2,0.3,87,0.9921196049662528
1180,2024-02-19 04:00:00,2.1,0.2,87,0.8943319909768235
1181,2024-02-19 05:00:00,2.4,0.0,84,0.9464026559682841
1182,2024-02-19 06:00:00,3.8,-0.3,75,1.5759619492362145
1183,2024-02-19 07:00:00,3.3,-0.3,77,1.258566919496566
1184,2024-02-19 08:00:00,3.3,-0.6,75,1.1027845209243825
1185,2024-02-19 09:00:00,4.5,0.7,76,2.3194295907239972
1186,2024-02-19 10:00:00,8.3,3.3,71,5.470721282106137
1187,2024-02-19 11:00:00,11.2,1.5,51,6.229734313102133
1188,2024-02-19 12:00:00,12.9,0.9,44,6.9684615329242945
1189,2024-02-19 13:00:00,14.2,1.4,42,7.827974754198211
1190,2024-02-19 14:00:00,15.2,2.3,42,8.65120473816397
1191,2024-02-19 15:00:00,15.9,3.7,44,9.467228772592971
1192,2024-02-19 16:00:00,16.4,4.9,47,10.246140194032387
1193,2024-02-19 17:00:00,16.6,6.3,51,10.895387615077485
1194,2024-02-19 18:00:00,16.2,7.1,55,11.016972890070372
1195,2024-02-19 19:00:00,14.1,7.7,65,10.245802928265691
1196,2024-02-19 20:00:00,12.8,7.3,70,9.572756864063958
1197,2024-02-19 21:00:00,11.6,7.4,75,8.957408705680805
1198,2024-02-19 22:00:00,10.9,7.5,80,8.792713815566447
1199,2024-02-19 23:00:00,10.4,7.6,83,8.61022182470566
1200,2024-02-20 00:00:00,10.1,7.8,86,8.61749454709315
1201,2024-02-20 01:00:00,9.9,8.1,88,8.621248347090642
1202,2024-02-20 02:00:00,9.6,8.1,90,8.525725524390221
1203,2024-02-20 03:00:00,9.4,8.1,91,8.427982486651182
1204,2024-02-20 04:00:00,8.8,7.8,94,8.131094344813986
1205,2024-02-20 05:00:00,8.1,7.4,95,7.532780508536268
1206,2024-02-20 06:00:00,7.8,7.3,97,7.428772765949782
1207,2024-02-20 07:00:00,7.8,7.4,98,7.526747632796065
1208,2024-02-20 08:00:00,7.5,7.5,100,7.323570445725792
1209,2024-02-20 09:00:00,11.1,10.5,96,10.626416757139555
1210,2024-02-20 10:00:00,14.2,12.6,90,13.056756755016355
1211,2024-02-20 11:00:00,17.0,14.4,85,15.231220591218225
1212,2024-02-20 12:00:00,19.6,15.3,76,16.65159424444788
1213,2024-02-20 13:00:00,21.1,15.7,71,17.433797752479073
1214,2024-02-20 14:00:00,22.1,15.6,67,17.838550511304028
1215,2024-02-20 15:00:00,22.8,15.4,63,17.939318251932388
1216,2024-02-20 16:00:00,23.1,15.1,61,17.93479672353339
1217,2024-02-20 17:00:00,23.1,15.1,61,17.93479672353339
1218,2024-02-20 18:00:00,22.5,15.2,63,17.66661266715329
1219,2024-02-20 19:00:00,20.2,15.5,74,16.970200830303057
1220,2024-02-20 20:00:00,19.1,15.1,78,16.42127004175437
1221,2024-02-20 21:00:00,17.5,14.8,84,15.599917821254202
1222,2024-02-20 22:00:00,16.1,14.2,88,14.69888894653197
1223,2024-02-20 23:00:00,15.2,13.6,90,14.041758416102965
1224,2024-02-21 00:00:00,14.8,13.3,91,13.75958368612756
1225,2024-02-21 01:00:00,14.5,13.1,91,13.463384984510025
1226,2024-02-21 02:00:00,14.2,13.1,92,13.277785849555542
1227,2024-02-21 03:00:00,14.0,13.0,94,13.300681159690459
1228,2024-02-21 04:00:00,13.8,12.9,95,13.212095803020919
1229,2024-02-21 05:00:00,13.8,13.0,95,13.212095803020919
1230,2024-02-21 06:00:00,13.7,13.1,96,13.222678068195481
1231,2024-02-21 07:00:00,13.6,13.1,96,13.122822058039489
1232,2024-02-21 08:00:00,13.8,13.3,97,13.433169403650151
1233,2024-02-21 09:00:00,15.6,14.8,95,15.005552911081733
1234,2024-02-21 10:00:00,18.7,16.4,86,17.005962483318708
1235,2024-02-21 11:00:00,20.8,16.8,78,18.044198308641583
1236,2024-02-21 12:00:00,22.2,16.1,68,18.06403383657123
1237,2024-02-21 13:00:00,23.4,15.6,62,18.34534735501851
1238,2024-02-21 14:00:00,24.1,15.0,57,18.26120852540583
1239,2024-02-21 15:00:00,24.6,15.1,55,18.409141811257072
1240,2024-02-21 16:00:00,24.1,14.9,56,18.115553702712692
1241,2024-02-21 17:00:00,23.3,14.9,59,17.834389493311644
1242,2024-02-21 18:00:00,22.0,14.9,64,17.346257088313607
1243,2024-02-21 19:00:00,20.3,14.9,71,16.686119866141553
1244,2024-02-21 20:00:00,19.4,15.8,80,16.95323963903913
1245,2024-02-21 21:00:00,19.4,15.5,78,16.70766959706551
1246,2024-02-21 22:00:00,18.9,15.1,79,16.351802276442353
1247,2024-02-21 23:00:00,18.6,14.9,79,16.06458887205166
1248,2024-02-22 00:00:00,18.4,14.9,80,15.99318621122448
1249,2024-02-22 01:00:00,17.3,14.7,85,15.523097278795632
1250,2024-02-22 02:00:00,17.0,14.8,87,15.464419744805454
1251,2024-02-22 03:00:00,16.8,15.0,89,15.501369913172507
1252,2024-02-22 04:00:00,17.0,15.1,89,15.697898345258277
1253,2024-02-22 05:00:00,17.0,15.2,89,15.697898345258277
1254,2024-02-22 06:00:00,17.1,15.4,89,15.796162536093245
1255,2024-02-22 07:00:00,17.3,15.6,89,15.992690867584454
1256,2024-02-22 08:00:00,18.1,16.0,88,16.65940300820359
1257,2024-02-22 09:00:00,18.6,16.4,86,16.90842296596126
1258,2024-02-22 10:00:00,20.2,16.6,80,17.721280912279152
1259,2024-02-22 11:00:00,21.5,16.6,74,18.196669111233074
1260,2024-02-22 12:00:00,22.5,16.6,70,18.609025277667264
1261,2024-02-22 13:00:00,23.4,17.0,68,19.174465623254978
1262,2024-02-22 14:00:00,23.5,17.2,68,19.26700143318678
1263,2024-02-22 15:00:00,23.5,17.3,68,19.26700143318678
1264,2024-02-22 16:00:00,24.9,17.3,63,19.84824953141367
1265,2024-02-22 17:00:00,24.5,17.1,63,19.484644603590077
1266,2024-02-22 18:00:00,24.1,17.4,66,19.543191184364538
1267,2024-02-22 19:00:00,21.8,17.6,78,18.99885917557488
1268,2024-02-22 20:00:00,19.9,17.4,85,18.052688350670145
1269,2024-02-22 21:00:00,19.0,17.1,89,17.663179033989717
1270,2024-02-22 22:00:00,18.1,17.0,93,17.256962595437685
1271,2024-02-22 23:00:00,17.6,16.9,96,17.117051044479094
1272,2024-02-23 00:00:00,17.3,16.6,96,16.817484657243146
1273,2024-02-23 01:00:00,17.1,16.4,95,16.500096832160335
1274,2024-02-23 02:00:00,17.0,15.6,91,15.931702936316817
1275,2024-02-23 03:00:00,15.9,12.2,79,13.479659301669585
1276,2024-02-23 04:00:00,15.1,9.9,71,11.826170521227862
1277,2024-02-23 05:00:00,14.9,8.6,66,11.088548834190489
1278,2024-02-23 06:00:00,14.8,8.4,66,10.996648969167671
1279,2024-02-23 07:00:00,14.4,8.6,68,10.846123912624586
1280,2024-02-23 08:00:00,14.4,8.6,68,10.846123912624586
1281,2024-02-23 09:00:00,15.2,9.6,69,11.697497915341824
1282,2024-02-23 10:00:00,17.5,10.9,65,13.359281422461969
1283,2024-02-23 11:00:00,19.4,10.5,56,13.96143788216882
1284,2024-02-23 12:00:00,21.0,9.6,48,14.28123611725853
1285,2024-02-23 13:00:00,22.0,8.6,42,14.248910972701363
1286,2024-02-23 14:00:00,22.5,8.0,39,14.194838686480036
1287,2024-02-23 15:00:00,23.0,7.5,37,14.275384294140338
1288,2024-02-23 16:00:00,22.8,7.0,36,13.95279081918417
1289,2024-02-23 17:00:00,22.2,6.6,36,13.47789060470469
1290,2024-02-23 18:00:00,21.2,7.8,42,13.590378033667509
1291,2024-02-23 19:00:00,19.0,7.4,47,12.4476289877427
1292,2024-02-23 20:00:00,18.0,6.2,46,11.473397981100419
1293,2024-02-23 21:00:00,16.8,6.2,50,10.94803165778216
1294,2024-02-23 22:00:00,15.6,6.4,54,10.37495183010844
1295,2024-02-23 23:00:00,14.8,6.1,56,9.895607493066382
1296,2024-02-24 00:00:00,14.2,5.5,56,9.36527346779756
1297,2024-02-24 01:00:00,13.9,5.0,55,8.992863638500726
1298,2024-02-24 02:00:00,12.4,4.8,60,8.180324379519286
1299,2024-02-24 03:00:00,12.4,4.7,60,8.180324379519286
1300,2024-02-24 04:00:00,10.6,5.2,69,7.426337646911296
1301,2024-02-24 05:00:00,9.9,5.2,73,7.156886628598569
1302,2024-02-24 06:00:00,8.9,5.8,81,6.967528196698289
1303,2024-02-24 07:00:00,8.8,5.8,82,6.966268453149823
1304,2024-02-24 08:00:00,7.9,5.1,82,6.097476577880428
1305,2024-02-24 09:00:00,11.0,6.6,74,8.290452850935836
1306,2024-02-24 10:00:00,15.1,8.6,66,11.272348451090457
1307,2024-02-24 11:00:00,18.9,9.6,55,13.393063918249087
1308,2024-02-24 12:00:00,21.5,7.5,41,13.688517017970511
1309,2024-02-24 13:00:00,22.8,5.4,32,13.280609925646164
1310,2024-02-24 14:00:00,23.5,4.2,28,13.090860140146528
1311,2024-02-24 15:00:00,23.9,4.3,28,13.387605797778491
1312,2024-02-24 16:00:00,24.0,4.5,28,13.461791852711713
1313,2024-02-24 17:00:00,23.9,4.8,29,13.576238000356454
1314,2024-02-24 18:00:00,23.0,7.4,37,14.275384294140338
1315,2024-02-24 19:00:00,19.0,10.1,56,13.607891608081847
1316,2024-02-24 20:00:00,18.4,7.2,48,12.068248238150375
1317,2024-02-24 21:00:00,17.4,3.5,40,10.20478726745887
1318,2024-02-24 22:00:00,16.1,3.4,43,9.51326596969441
1319,2024-02-24 23:00:00,15.2,4.7,49,9.458597673489415
1320,2024-02-25 00:00:00,14.4,5.7,56,9.54205170476567
1321,2024-02-25 01:00:00,13.7,6.3,61,9.454737203832918
1322,2024-02-25 02:00:00,13.1,6.9,66,9.434345347479319
1323,2024-02-25 03:00:00,12.8,7.7,71,9.676551362554159
1324,2024-02-25 04:00:00,12.2,8.4,78,9.83402204585143
1325,2024-02-25 05:00:00,11.9,9.1,83,10.062055241563051
1326,2024-02-25 06:00:00,11.8,9.6,86,10.27569198730901
1327,2024-02-25 07:00:00,11.8,9.9,88,10.483759142482155
1328,2024-02-25 08:00:00,11.6,10.1,91,10.600122767043985
1329,2024-02-25 09:00:00,14.4,11.9,85,12.701615364055815
1330,2024-02-25 10:00:00,17.5,13.8,79,15.011471386134165
1331,2024-02-25 11:00:00,20.5,15.0,71,16.87303949365472
1332,2024-02-25 12:00:00,22.5,15.1,63,17.66661266715329
1333,2024-02-25 13:00:00,24.0,14.1,54,17.734323426887954
1334,2024-02-25 14:00:00,24.7,14.0,51,17.893524169831927
1335,2024-02-25 15:00:00,24.8,14.9,54,18.43519876127237
1336,2024-02-25 16:00:00,24.4,15.2,57,18.52749466065728
1337,2024-02-25 17:00:00,23.6,14.9,58,17.960471931496855
1338,2024-02-25 18:00:00,22.5,14.8,62,17.530312201585375
1339,2024-02-25 19:00:00,21.0,15.0,68,16.95359812576127
1340,2024-02-25 20:00:00,19.8,15.6,77,16.965531938017794
1341,2024-02-25 21:00:00,18.8,16.0,84,16.861455085549327
1342,2024-02-25 22:00:00,18.1,16.1,88,16.65940300820359
1343,2024-02-25 23:00:00,17.7,16.4,92,16.74147804562721
1344,2024-02-26 00:00:00,17.6,16.4,93,16.761014770608508
1345,2024-02-26 01:00:00,17.5,16.4,93,16.661825161460307
1346,2024-02-26 02:00:00,17.5,16.5,94,16.780186153139073
1347,2024-02-26 03:00:00,17.5,16.6,94,16.780186153139073
1348,2024-02-26 04:00:00,17.5,16.7,95,16.898641332989254
1349,2024-02-26 05:00:00,17.5,16.8,95,16.898641332989254
1350,2024-02-26 06:00:00,17.5,16.9,96,17.01719559575569
1351,2024-02-26 07:00:00,17.5,16.9,96,17.01719559575569
1352,2024-02-26 08:00:00,18.0,17.4,96,17.51647270332733
1353,2024-02-26 09:00:00,19.1,18.0,93,18.248857156300584
1354,2024-02-26 10:00:00,19.9,18.1,90,18.671243989353577
1355,2024-02-26 11:00:00,21.7,18.2,81,19.29011447722956
1356,2024-02-26 12:00:00,23.8,18.2,71,19.95719876685831
1357,2024-02-26 13:00:00,25.4,19.0,68,21.025176958188442
1358,2024-02-26 14:00:00,26.5,19.5,65,21.60065529389269
1359,2024-02-26 15:00:00,27.1,19.8,64,21.999408875408758
1360,2024-02-26 16:00:00,27.1,19.7,64,21.999408875408758
1361,2024-02-26 17:00:00,26.2,19.5,66,21.47301989866115
1362,2024-02-26 18:00:00,24.6,19.0,71,20.704869787712305
1363,2024-02-26 19:00:00,22.8,18.5,77,19.821268366689342
1364,2024-02-26 20:00:00,21.2,18.2,83,19.06331369991817
1365,2024-02-26 21:00:00,19.9,18.5,92,18.918646379915195
1366,2024-02-26 22:00:00,20.1,18.9,93,19.240750297522283
1367,2024-02-26 23:00:00,20.5,18.9,91,19.3873315418428
1368,2024-02-27 00:00:00,20.5,18.9,91,19.3873315418428
1369,2024-02-27 01:00:00,20.4,18.9,91,19.288599549380585
1370,2024-02-27 02:00:00,20.4,18.8,91,19.288599549380585
1371,2024-02-27 03:00:00,20.3,18.8,91,19.18986754245383
1372,2024-02-27 04:00:00,20.3,18.7,91,19.18986754245383
1373,2024-02-27 05:00:00,20.2,18.6,91,19.091135521023507
1374,2024-02-27 06:00:00,20.1,18.5,91,18.992403485050463
1375,2024-02-27 07:00:00,19.8,18.5,92,18.819684335894713
1376,2024-02-27 08:00:00,20.0,18.6,92,19.017608409664145
1377,2024-02-27 09:00:00,20.8,18.5,87,19.180209928535415
1378,2024-02-27 10:00:00,22.4,18.5,79,19.70261160329646
1379,2024-02-27 11:00:00,24.3,18.3,69,20.14676782896341
1380,2024-02-27 12:00:00,25.9,19.1,66,21.197330789494462
1381,2024-02-27 13:00:00,26.5,19.5,66,21.748708778222404
1382,2024-02-27 14:00:00,27.2,19.2,62,21.78657915307861
1383,2024-02-27 15:00:00,27.5,18.9,59,21.59331314425805
1384,2024-02-27 16:00:00,27.0,18.9,61,21.453025493582842
1385,2024-02-27 17:00:00,26.3,19.0,64,21.26950757393718
1386,2024-02-27 18:00:00,25.1,19.0,69,20.889550077273814
1387,2024-02-27 19:00:00,23.7,19.1,75,20.40775716453189
1388,2024-02-27 20:00:00,22.8,18.7,78,19.95351803066205
1389,2024-02-27 21:00:00,21.5,18.9,85,19.609353900710932
1390,2024-02-27 22:00:00,20.9,19.0,89,19.530189799626367
1391,2024-02-27 23:00:00,20.6,19.2,92,19.611380290584684
1392,2024-02-28 00:00:00,20.6,19.4,93,19.73669634748225
1393,2024-02-28 01:00:00,20.4,19.5,94,19.663191105800617
1394,2024-02-28 02:00:00,20.2,19.3,95,19.588810953257717
1395,2024-02-28 03:00:00,19.9,19.0,95,19.2899037011104
1396,2024-02-28 04:00:00,19.8,19.0,95,19.190267924075
1397,2024-02-28 05:00:00,19.8,18.9,95,19.190267924075
1398,2024-02-28 06:00:00,19.4,18.7,96,18.914446823344583
1399,2024-02-28 07:00:00,19.9,19.0,95,19.2899037011104
1400,2024-02-28 08:00:00,21.1,20.0,93,20.23264205642515
1401,2024-02-28 09:00:00,21.6,20.0,91,20.47338251528782
1402,2024-02-28 10:00:00,21.4,20.4,94,20.657328095595698
1403,2024-02-28 11:00:00,17.1,12.1,72,13.812155591170853
1404,2024-02-28 12:00:00,18.8,9.1,53,13.051599498906263
1405,2024-02-28 13:00:00,19.4,7.3,45,12.517834489451346
1406,2024-02-28 14:00:00,19.5,6.4,42,12.190978461789339
1407,2024-02-28 15:00:00,19.5,5.7,40,11.912281910228426
1408,2024-02-28 16:00:00,19.4,4.5,38,11.5488140374493
1409,2024-02-28 17:00:00,18.3,3.6,38,10.666008473079142
1410,2024-02-28 18:00:00,17.0,2.4,37,9.492815434601077
1411,2024-02-28 19:00:00,15.6,0.9,37,8.376821950838865
1412,2024-02-28 20:00:00,14.2,-1.3,34,6.9125680737903
1413,2024-02-28 21:00:00,12.9,-2.5,34,5.898431702976474
1414,2024-02-28 22:00:00,11.9,-2.5,36,5.324752484013503
1415,2024-02-28 23:00:00,11.3,-2.4,38,5.047799235064094
1416,2024-02-29 00:00:00,10.9,-2.2,40,4.919363446957826
1417,2024-02-29 01:00:00,10.9,-1.6,41,5.0153781781883495
1418,2024-02-29 02:00:00,11.1,-0.9,43,5.3725858200764645
1419,2024-02-29 03:00:00,11.1,-0.6,44,5.469155210300828
1420,2024-02-29 04:00:00,11.3,-0.6,44,5.635746646215926
1421,2024-02-29 05:00:00,11.2,-1.4,42,5.358214680177035
1422,2024-02-29 06:00:00,10.9,-2.0,40,4.919363446957826
1423,2024-02-29 07:00:00,11.1,-3.0,37,4.789505855592408
1424,2024-02-29 08:00:00,10.6,-2.0,41,4.76989246091628
1425,2024-02-29 09:00:00,10.8,-2.1,41,4.933549749829533
1426,2024-02-29 10:00:00,10.9,-0.9,44,5.30256329646611
1427,2024-02-29 11:00:00,10.8,0.9,50,5.789130753891367
1428,2024-02-29 12:00:00,12.6,2.2,49,7.234183469425073
1429,2024-02-29 13:00:00,13.2,3.3,51,7.95777923300011
1430,2024-02-29 14:00:00,13.6,4.2,53,8.516370948070481
1431,2024-02-29 15:00:00,13.7,5.1,56,8.92332685971635
1432,2024-02-29 16:00:00,13.7,5.7,58,9.136039761529407
1433,2024-02-29 17:00:00,13.1,6.7,65,9.330065328903519
1434,2024-02-29 18:00:00,12.8,6.8,67,9.262027038084167
1435,2024-02-29 19:00:00,12.3,7.9,75,9.619836250391913
1436,2024-02-29 20:00:00,11.3,6.8,74,8.573492019362469
1437,2024-02-29 21:00:00,11.4,7.1,75,8.76814341741277
1438,2024-02-29 22:00:00,11.2,6.8,74,8.479145662253941
1439,2024-02-29 23:00:00,10.9,6.2,73,8.097449035980173
1440,2024-03-01 00:00:00,10.5,6.5,76,8.014411452051634
1441,2024-03-01 01:00:00,10.4,6.6,77,8.017419777210742
1442,2024-03-01 02:00:00,10.2,6.9,80,8.120662612417135
1443,2024-03-01 03:00:00,10.1,7.2,82,8.221186247503034
1444,2024-03-01 04:00:00,9.9,7.6,85,8.323419271593846
1445,2024-03-01 05:00:00,9.8,7.8,87,8.423902221044152
1446,2024-03-01 06:00:00,9.6,8.5,93,8.825795644906888
1447,2024-03-01 07:00:00,9.7,8.4,92,8.824436932800445
1448,2024-03-01 08:00:00,9.4,7.8,89,8.229766972123166
1449,2024-03-01 09:00:00,10.1,8.2,89,8.917625849377853
1450,2024-03-01 10:00:00,11.2,9.0,86,9.690446554247945
1451,2024-03-01 11:00:00,14.2,9.9,75,11.41784654827914
1452,2024-03-01 12:00:00,16.4,10.9,70,12.92645666839124
1453,2024-03-01 13:00:00,17.6,11.8,68,13.807340857952529
1454,2024-03-01 14:00:00,18.6,12.4,67,14.610859967742762
1455,2024-03-01 15:00:00,20.0,13.2,65,15.648577261060417
1456,2024-03-01 16:00:00,20.8,13.8,64,16.251386468151757
1457,2024-03-01 17:00:00,20.5,13.7,65,16.106433927685707
1458,2024-03-01 18:00:00,20.0,13.9,68,16.028231920026567
1459,2024-03-01 19:00:00,18.7,14.9,78,16.039403661907684
1460,2024-03-01 20:00:00,18.1,14.1,77,15.347272600127372
1461,2024-03-01 21:00:00,17.2,14.0,81,14.957996424576962
1462,2024-03-01 22:00:00,15.8,13.4,86,14.177309197979287
1463,2024-03-01 23:00:00,14.8,12.6,87,13.313161232692725
1464,2024-03-02 00:00:00,14.1,12.2,88,12.738367792056675
1465,2024-03-02 01:00:00,13.6,12.1,91,12.574787954798257
1466,2024-03-02 02:00:00,12.6,11.8,94,11.908873819193559
1467,2024-03-02 03:00:00,12.2,11.6,95,11.617907490518544
1468,2024-03-02 04:00:00,12.2,11.7,96,11.724836301861384
1469,2024-03-02 05:00:00,13.4,12.5,95,12.813549104484647
1470,2024-03-02 06:00:00,13.9,12.8,92,12.980897023183509
1471,2024-03-02 07:00:00,14.1,12.9,92,13.17882292418933
1472,2024-03-02 08:00:00,13.9,12.9,94,13.201266454287268
1473,2024-03-02 09:00:00,14.6,13.2,91,13.562117902014055
1474,2024-03-02 10:00:00,15.8,13.8,88,14.40481123554477
1475,2024-03-02 11:00:00,17.0,14.2,84,15.11471032729753
1476,2024-03-02 12:00:00,18.3,14.6,79,15.777375274091892
1477,2024-03-02 13:00:00,20.0,15.4,75,16.906449208381257
1478,2024-03-02 14:00:00,20.6,15.6,73,17.220745002701193
1479,2024-03-02 15:00:00,21.3,16.0,72,17.75003396405398
1480,2024-03-02 16:00:00,21.3,16.2,73,17.879117357635028
1481,2024-03-02 17:00:00,21.0,15.9,73,17.596957921548828
1482,2024-03-02 18:00:00,19.9,15.1,74,16.687169120450786
1483,2024-03-02 19:00:00,19.0,14.7,76,16.082116155111873
1484,2024-03-02 20:00:00,17.9,15.1,84,15.988083471866137
1485,2024-03-02 21:00:00,16.9,15.1,89,15.599634137633895
1486,2024-03-02 22:00:00,17.5,15.2,86,15.835487110701369
1487,2024-03-02 23:00:00,17.3,15.4,88,15.875198208809024
1488,2024-03-03 00:00:00,16.5,15.6,94,15.786043747779733
1489,2024-03-03 01:00:00,16.0,15.6,97,15.634767757882432
1490,2024-03-03 02:00:00,15.4,15.2,99,15.263026032802461
1491,2024-03-03 03:00:00,15.0,14.9,100,14.861030441146067
1492,2024-03-03 04:00:00,15.9,15.9,100,15.765520222114478
1493,2024-03-03 05:00:00,16.4,16.3,100,16.26801408185294
1494,2024-03-03 06:00:00,16.8,16.6,99,16.670008935219297
1495,2024-03-03 07:00:00,17.2,17.1,99,17.072003582539402
1496,2024-03-03 08:00:00,18.2,18.0,98,17.956626436855974
1497,2024-03-03 09:00:00,19.0,18.4,96,18.515025910550612
1498,2024-03-03 10:00:00,19.5,18.7,95,18.8913605135272
1499,2024-03-03 11:00:00,20.1,19.2,94,19.36494974999251
1500,2024-03-03 12:00:00,21.4,19.5,89,20.021507506536192
1501,2024-03-03 13:00:00,22.5,19.8,84,20.451967577459612
1502,2024-03-03 14:00:00,24.8,19.3,72,21.03156579185431
1503,2024-03-03 15:00:00,25.3,18.9,68,20.932641629935954
1504,2024-03-03 16:00:00,25.1,19.2,70,21.031073946830745
1505,2024-03-03 17:00:00,24.6,19.0,71,20.704869787712305
1506,2024-03-03 18:00:00,23.4,19.1,77,20.392413425909442
1507,2024-03-03 19:00:00,21.8,19.5,87,20.15804551611876
1508,2024-03-03 20:00:00,20.7,19.5,93,19.835885516408243
1509,2024-03-03 21:00:00,20.3,19.6,96,19.81314311918642
1510,2024-03-03 22:00:00,19.9,19.4,97,19.5375849524894
1511,2024-03-03 23:00:00,19.3,19.0,98,19.05977792431349
1512,2024-03-04 00:00:00,19.1,19.1,100,18.98147540781408
1513,2024-03-04 01:00:00,19.1,19.1,100,18.98147540781408
1514,2024-03-04 02:00:00,19.1,19.1,100,18.98147540781408
1515,2024-03-04 03:00:00,19.0,19.0,100,18.880977001834637
1516,2024-03-04 04:00:00,19.0,18.7,98,18.758918578206828
1517,2024-03-04 05:00:00,18.7,18.6,100,18.579481710746972
1518,2024-03-04 06:00:00,18.9,18.7,99,18.780478583684317
1519,2024-03-04 07:00:00,18.6,18.4,98,18.357772608448688
1520,2024-03-04 08:00:00,19.6,19.4,98,19.360637158909025
1521,2024-03-04 09:00:00,20.2,19.6,97,19.837800846028
1522,2024-03-04 10:00:00,19.3,18.7,96,18.814591614749105
1523,2024-03-04 11:00:00,19.6,17.9,89,18.252761986053233
1524,2024-03-04 12:00:00,21.5,18.9,85,19.609353900710932
1525,2024-03-04 13:00:00,23.2,19.6,80,20.601424598098813
1526,2024-03-04 14:00:00,24.5,20.4,78,21.57643363377098
1527,2024-03-04 15:00:00,24.5,20.2,77,21.43951086280806
1528,2024-03-04 16:00:00,24.1,20.4,80,21.465464443779787
1529,2024-03-04 17:00:00,24.0,20.2,80,21.369460088070777
1530,2024-03-04 18:00:00,23.1,20.4,85,21.16601521195521
1531,2024-03-04 19:00:00,22.4,20.6,90,21.133722466507955
1532,2024-03-04 20:00:00,21.5,19.6,89,20.119771003172506
1533,2024-03-04 21:00:00,21.2,20.2,94,20.4585008028256
1534,2024-03-04 22:00:00,20.4,19.9,97,20.037944712891512
1535,2024-03-04 23:00:00,20.4,20.0,98,20.1629279124439
1536,2024-03-05 00:00:00,20.5,20.1,98,20.2632142020973
1537,2024-03-05 01:00:00,20.2,20.1,99,20.086957079069737
1538,2024-03-05 02:00:00,20.0,20.0,100,19.88596051900174
1539,2024-03-05 03:00:00,19.8,19.8,100,19.684963911467044
1540,2024-03-05 04:00:00,19.8,19.8,100,19.684963911467044
1541,2024-03-05 05:00:00,20.0,20.0,99,19.88596051900174
1542,2024-03-05 06:00:00,19.1,18.8,98,18.859205039352073
1543,2024-03-05 07:00:00,17.9,17.5,98,17.655766674450515
1544,2024-03-05 08:00:00,18.6,17.8,95,17.994637558728524
1545,2024-03-05 09:00:00,19.5,18.1,92,18.522798117820095
1546,2024-03-05 10:00:00,21.1,18.2,84,19.09339808111766
1547,2024-03-05 11:00:00,22.2,18.6,80,19.641378594942434
1548,2024-03-05 12:00:00,24.2,18.9,72,20.46901948078302
1549,2024-03-05 13:00:00,25.5,18.5,65,20.68495879318426
1550,2024-03-05 14:00:00,26.7,18.6,61,21.182394174797263
1551,2024-03-05 15:00:00,27.5,17.8,55,20.961130066961914
1552,2024-03-05 16:00:00,27.4,17.6,55,20.87313098922628
1553,2024-03-05 17:00:00,26.8,18.4,60,21.12011020032927
1554,2024-03-05 18:00:00,25.2,19.8,72,21.40659622407664
1555,2024-03-05 19:00:00,23.8,19.4,77,20.773176402765028
1556,2024-03-05 20:00:00,20.5,18.3,87,18.886858942993065
1557,2024-03-05 21:00:00,20.0,18.2,90,18.769743305036926
1558,2024-03-05 22:00:00,18.9,18.0,95,18.293545331806218
1559,2024-03-05 23:00:00,18.1,17.5,97,17.736287194576757
1560,2024-03-06 00:00:00,17.3,16.9,97,16.93570906101643
1561,2024-03-06 01:00:00,16.9,16.6,98,16.652899959785866
1562,2024-03-06 02:00:00,16.6,16.4,98,16.352039689874648
1563,2024-03-06 03:00:00,16.2,16.0,99,16.06701657723176
1564,2024-03-06 04:00:00,15.8,15.7,100,15.665021410755745
1565,2024-03-06 05:00:00,15.1,15.1,100,14.961529359217728
1566,2024-03-06 06:00:00,15.6,15.6,100,15.464023748352147
1567,2024-03-06 07:00:00,16.1,16.1,100,15.96651780531819
1568,2024-03-06 08:00:00,17.4,17.3,100,17.27300082959585
1569,2024-03-06 09:00:00,17.8,17.5,99,17.674995171813144
1570,2024-03-06 10:00:00,18.1,17.9,99,17.976490796588838
1571,2024-03-06 11:00:00,19.0,18.0,94,18.271397068118194
1572,2024-03-06 12:00:00,20.0,18.5,91,18.893671434495392
1573,2024-03-06 13:00:00,21.7,18.6,83,19.54724759486788
1574,2024-03-06 14:00:00,23.5,18.7,74,20.083535866601277
1575,2024-03-06 15:00:00,24.8,18.0,66,20.186468721375284
1576,2024-03-06 16:00:00,25.8,17.4,60,20.221538807083867
1577,2024-03-06 17:00:00,25.6,17.4,60,20.041824152066344
1578,2024-03-06 18:00:00,24.1,18.5,71,20.2375755736783
1579,2024-03-06 19:00:00,21.9,18.6,82,19.611800667265637
1580,2024-03-06 20:00:00,20.0,17.9,87,18.397940311223135
1581,2024-03-06 21:00:00,18.4,17.4,94,17.674913083372513
1582,2024-03-06 22:00:00,17.5,16.9,96,17.01719559575569
1583,2024-03-06 23:00:00,17.0,16.6,98,16.75318669001153
1584,2024-03-07 00:00:00,16.9,16.8,100,16.77050761628283
1585,2024-03-07 01:00:00,16.8,16.6,99,16.670008935219297
1586,2024-03-07 02:00:00,16.5,16.5,99,16.368512814628424
1587,2024-03-07 03:00:00,16.4,16.2,99,16.26801408185294
1588,2024-03-07 04:00:00,16.5,16.4,100,16.368512814628424
1589,2024-03-07 05:00:00,16.8,16.8,100,16.670008935219297
1590,2024-03-07 06:00:00,17.2,17.1,99,17.072003582539402
1591,2024-03-07 07:00:00,17.4,17.3,100,17.27300082959585
1592,2024-03-07 08:00:00,18.8,18.6,99,18.67998015333213
1593,2024-03-07 09:00:00,19.8,18.2,91,18.69620728948127
1594,2024-03-07 10:00:00,21.2,18.0,82,18.936094118973678
1595,2024-03-07 11:00:00,23.3,17.5,70,19.354272776146075
1596,2024-03-07 12:00:00,24.5,17.6,66,19.910778510408313
1597,2024-03-07 13:00:00,25.5,17.2,60,19.951966776796336
1598,2024-03-07 14:00:00,25.9,16.4,56,19.706468030465278
1599,2024-03-07 15:00:00,25.5,16.7,58,19.654003945281655
1600,2024-03-07 16:00:00,25.2,16.5,58,19.38660500010706
1601,2024-03-07 17:00:00,23.6,17.5,68,19.35953721701721
1602,2024-03-07 18:00:00,22.5,18.5,78,19.667120581806937
1603,2024-03-07 19:00:00,21.5,19.0,86,19.73706207342209
1604,2024-03-07 20:00:00,20.8,19.5,93,19.935074671729765
1605,2024-03-07 21:00:00,20.6,19.4,93,19.73669634748225
1606,2024-03-07 22:00:00,20.1,19.5,96,19.61343292105659
1607,2024-03-07 23:00:00,20.1,19.2,95,19.489175215667462
1608,2024-03-08 00:00:00,19.6,19.1,97,19.23736894629118
1609,2024-03-08 01:00:00,19.9,19.5,98,19.661496282844585
1610,2024-03-08 02:00:00,20.5,19.9,96,20.01285326646661
1611,2024-03-08 03:00:00,20.5,20.0,97,20.13801662776982
1612,2024-03-08 04:00:00,20.6,20.1,97,20.23808853032123
1613,2024-03-08 05:00:00,20.7,20.3,98,20.463786745382013
1614,2024-03-08 06:00:00,19.9,19.5,98,19.661496282844585
1615,2024-03-08 07:00:00,20.1,19.5,96,19.61343292105659
1616,2024-03-08 08:00:00,21.0,20.5,96,20.512128413911014
1617,2024-03-08 09:00:00,19.4,18.5,95,18.791724683415016
1618,2024-03-08 10:00:00,20.5,18.5,89,19.137135363173098
1619,2024-03-08 11:00:00,21.2,19.9,92,20.205151667237523
1620,2024-03-08 12:00:00,21.0,19.5,91,19.880991288541594
1621,2024-03-08 13:00:00,22.6,19.2,81,20.156533437147406
1622,2024-03-08 14:00:00,24.5,19.1,72,20.750292736450344
1623,2024-03-08 15:00:00,27.0,19.0,61,21.453025493582842
1624,2024-03-08 16:00:00,27.5,18.5,58,21.436655837675364
1625,2024-03-08 17:00:00,27.5,17.8,55,20.961130066961914
1626,2024-03-08 18:00:00,27.0,17.2,55,20.521134319604066
1627,2024-03-08 19:00:00,24.9,17.1,62,19.703733538230626
1628,2024-03-08 20:00:00,22.0,19.1,84,19.966764565116332
1629,2024-03-08 21:00:00,20.7,18.2,86,18.95674923688033
1630,2024-03-08 22:00:00,19.9,17.8,88,18.423859925302278
1631,2024-03-08 23:00:00,18.9,17.3,91,17.80761790459297
1632,2024-03-09 00:00:00,18.1,16.6,91,17.017759650041125
1633,2024-03-09 01:00:00,18.4,15.9,85,16.59331037285418
1634,2024-03-09 02:00:00,17.0,15.1,88,15.581121127779411
1635,2024-03-09 03:00:00,16.0,14.0,88,14.600863060663347
1636,2024-03-09 04:00:00,14.4,11.9,85,12.701615364055815
1637,2024-03-09 05:00:00,13.4,10.4,82,11.406727779492261
1638,2024-03-09 06:00:00,12.2,9.6,84,10.456692594390148
1639,2024-03-09 07:00:00,11.6,8.6,82,9.669162953454649
1640,2024-03-09 08:00:00,11.6,6.8,73,8.755840699355597
1641,2024-03-09 09:00:00,10.5,5.3,70,7.430091765719638
1642,2024-03-09 10:00:00,10.8,5.1,68,7.514710818433992
1643,2024-03-09 11:00:00,12.1,5.7,65,8.414323531896642
1644,2024-03-09 12:00:00,13.4,6.0,61,9.184090782551982
1645,2024-03-09 13:00:00,14.9,6.8,58,10.205692371979294
1646,2024-03-09 14:00:00,15.8,7.2,57,10.893810306899539
1647,2024-03-09 15:00:00,16.9,7.8,55,11.63300018917548
1648,2024-03-09 16:00:00,17.0,7.7,54,11.601539178448604
1649,2024-03-09 17:00:00,17.1,7.6,53,11.568946369232435
1650,2024-03-09 18:00:00,16.5,7.2,54,11.163473559488054
1651,2024-03-09 19:00:00,15.2,7.1,58,10.47310434890957
1652,2024-03-09 20:00:00,13.9,6.7,61,9.635167911211141
1653,2024-03-09 21:00:00,13.2,6.3,63,9.212579871208506
1654,2024-03-09 22:00:00,12.4,6.2,65,8.689046521429875
1655,2024-03-09 23:00:00,11.8,6.2,68,8.440108360884603
1656,2024-03-10 00:00:00,10.9,6.2,73,8.097449035980173
1657,2024-03-10 01:00:00,10.2,6.3,76,7.729665207081281
1658,2024-03-10 02:00:00,9.5,6.2,80,7.448610074130741
1659,2024-03-10 03:00:00,8.9,6.1,82,7.062800748999013
1660,2024-03-10 04:00:00,8.6,5.8,83,6.868014410087689
1661,2024-03-10 05:00:00,8.5,5.4,81,6.582440987185759
1662,2024-03-10 06:00:00,8.2,4.8,79,6.107723992662921
1663,2024-03-10 07:00:00,8.4,4.0,73,5.746036395918589
1664,2024-03-10 08:00:00,7.7,5.2,84,6.089754008966835
1665,2024-03-10 09:00:00,10.3,6.2,76,7.824580653144121
1666,2024-03-10 10:00:00,12.7,5.4,61,8.552580757869226
1667,2024-03-10 11:00:00,14.6,4.9,52,9.278077421115974
1668,2024-03-10 12:00:00,16.2,3.8,43,9.596076879914074
1669,2024-03-10 13:00:00,17.2,4.0,41,10.170311651147983
1670,2024-03-10 14:00:00,18.0,4.6,41,10.824874526321269
1671,2024-03-10 15:00:00,18.6,5.1,41,11.315792580585352
1672,2024-03-10 16:00:00,19.0,5.2,40,11.505739534572111
1673,2024-03-10 17:00:00,19.1,5.3,40,11.587048202391838
1674,2024-03-10 18:00:00,18.9,5.2,41,11.56125032658699
1675,2024-03-10 19:00:00,17.2,8.6,57,12.136526025274986
1676,2024-03-10 20:00:00,15.6,7.2,57,10.716278674316015
1677,2024-03-10 21:00:00,14.5,7.9,65,10.612096828144436
1678,2024-03-10 22:00:00,14.9,6.8,58,10.205692371979294
1679,2024-03-10 23:00:00,13.9,6.2,60,9.528260387507578
1680,2024-03-11 00:00:00,13.8,6.2,60,9.438398341402422
1681,2024-03-11 01:00:00,13.2,6.4,63,9.212579871208506
1682,2024-03-11 02:00:00,12.7,6.8,67,9.169804697281847
1683,2024-03-11 03:00:00,12.6,6.9,69,9.283373355706965
1684,2024-03-11 04:00:00,12.4,7.0,69,9.097670465505878
1685,2024-03-11 05:00:00,12.2,7.2,71,9.115778249526295
1686,2024-03-11 06:00:00,11.8,7.6,75,9.146673870802134
1687,2024-03-11 07:00:00,10.9,8.0,83,9.094166897602285
1688,2024-03-11 08:00:00,12.9,8.1,72,9.87422724340667
1689,2024-03-11 09:00:00,13.7,8.6,71,10.517708746709674
1690,2024-03-11 10:00:00,14.7,9.1,69,11.233245017642332
1691,2024-03-11 11:00:00,16.0,9.2,64,11.871854637902732
1692,2024-03-11 12:00:00,18.3,9.8,57,13.112938759879633
1693,2024-03-11 13:00:00,19.5,10.4,55,13.92107909753695
1694,2024-03-11 14:00:00,20.6,9.8,50,14.215205748770025
1695,2024-03-11 15:00:00,21.7,9.3,45,14.444250861025392
1696,2024-03-11 16:00:00,22.2,8.6,42,14.413543437648087
1697,2024-03-11 17:00:00,21.5,9.1,45,14.276737863587837
1698,2024-03-11 18:00:00,19.1,10.5,57,13.823053538715332
1699,2024-03-11 19:00:00,17.7,9.8,60,12.942983179430453
1700,2024-03-11 20:00:00,16.8,9.9,64,12.601782445714615
1701,2024-03-11 21:00:00,15.9,10.6,71,12.573860187367764
1702,2024-03-11 22:00:00,15.3,11.1,76,12.570315421077463
1703,2024-03-11 23:00:00,14.6,11.3,80,12.344963476705658
1704,2024-03-12 00:00:00,13.9,11.2,84,12.106412747259139
1705,2024-03-12 01:00:00,13.4,11.3,87,11.944173802577563
1706,2024-03-12 02:00:00,13.1,11.4,89,11.865581319611106
1707,2024-03-12 03:00:00,13.1,11.6,90,11.97325288424977
1708,2024-03-12 04:00:00,13.1,11.6,91,12.081122329057937
1709,2024-03-12 05:00:00,13.1,11.8,92,12.189192741833548
1710,2024-03-12 06:00:00,12.8,11.6,93,11.999896086823146
1711,2024-03-12 07:00:00,12.4,11.4,94,11.710043937935595
1712,2024-03-12 08:00:00,13.3,12.5,95,12.713912390711595
1713,2024-03-12 09:00:00,16.6,14.5,87,15.073282489823637
1714,2024-03-12 10:00:00,19.2,15.8,80,16.761229118344893
1715,2024-03-12 11:00:00,21.5,15.5,69,17.54701727636847
1716,2024-03-12 12:00:00,23.2,14.7,59,17.744890576536882
1717,2024-03-12 13:00:00,24.0,13.8,53,17.586681232358966
1718,2024-03-12 14:00:00,24.1,14.1,53,17.67389309967023
1719,2024-03-12 15:00:00,23.5,14.4,57,17.728635239074794
1720,2024-03-12 16:00:00,23.9,14.6,56,17.938784681181314
1721,2024-03-12 17:00:00,23.9,14.6,56,17.938784681181314
1722,2024-03-12 18:00:00,22.5,15.2,63,17.66661266715329
1723,2024-03-12 19:00:00,21.4,15.4,69,17.45416866251192
1724,2024-03-12 20:00:00,19.5,15.7,79,16.926228511590146
1725,2024-03-12 21:00:00,18.3,15.7,85,16.49601836489443
1726,2024-03-12 22:00:00,17.8,16.0,89,16.48401140579556
1727,2024-03-12 23:00:00,17.6,16.3,92,16.64251567768767
1728,2024-03-13 00:00:00,17.5,16.5,94,16.780186153139073
1729,2024-03-13 01:00:00,17.4,16.5,95,16.799005228942622
1730,2024-03-13 02:00:00,17.5,16.5,94,16.780186153139073
1731,2024-03-13 03:00:00,18.2,16.8,91,17.116491985314127
1732,2024-03-13 04:00:00,18.1,16.9,92,17.137327366324023
1733,2024-03-13 05:00:00,17.2,16.4,95,16.59973297856588
1734,2024-03-13 06:00:00,17.4,16.5,95,16.799005228942622
1735,2024-03-13 07:00:00,17.4,16.5,94,16.68077197816478
1736,2024-03-13 08:00:00,19.5,18.0,91,18.400010961604217
1737,2024-03-13 09:00:00,21.0,18.8,87,19.375777172343657
1738,2024-03-13 10:00:00,22.6,19.1,81,20.156533437147406
1739,2024-03-13 11:00:00,23.4,19.1,77,20.392413425909442
1740,2024-03-13 12:00:00,25.0,19.3,71,21.078704746559353
1741,2024-03-13 13:00:00,26.0,19.4,67,21.435079296788913
1742,2024-03-13 14:00:00,27.3,19.0,61,21.723656548299445
1743,2024-03-13 15:00:00,27.9,19.0,59,21.95130289945766
1744,2024-03-13 16:00:00,27.7,19.5,61,22.084497548444542
1745,2024-03-13 17:00:00,27.2,19.5,63,21.938968917342205
1746,2024-03-13 18:00:00,26.0,20.0,69,21.72517827262641
1747,2024-03-13 19:00:00,24.9,20.5,77,21.82027298944781
1748,2024-03-13 20:00:00,22.5,20.9,91,21.36196841240409
1749,2024-03-13 21:00:00,22.0,21.0,94,21.25380966269144
1750,2024-03-13 22:00:00,22.0,21.0,94,21.25380966269144
1751,2024-03-13 23:00:00,21.6,21.0,97,21.238806884715135
1752,2024-03-14 00:00:00,21.9,21.1,96,21.410822895373066
1753,2024-03-14 01:00:00,21.6,21.0,96,21.11125817916274
1754,2024-03-14 02:00:00,21.3,20.8,97,20.938591505653573
1755,2024-03-14 03:00:00,21.0,20.6,98,20.76464547070793
1756,2024-03-14 04:00:00,21.1,20.6,97,20.738447859270675
1757,2024-03-14 05:00:00,21.4,20.8,96,20.91154830693045
1758,2024-03-14 06:00:00,21.3,20.8,97,20.938591505653573
1759,2024-03-14 07:00:00,21.3,20.9,97,20.938591505653573
1760,2024-03-14 08:00:00,19.9,19.0,95,19.2899037011104
1761,2024-03-14 09:00:00,22.1,20.5,91,20.967041485364632
1762,2024-03-14 10:00:00,24.4,21.5,84,22.29573529869599
1763,2024-03-14 11:00:00,25.8,21.5,77,22.67698667419357
1764,2024-03-14 12:00:00,27.4,20.4,66,22.575774061394853
1765,2024-03-14 13:00:00,27.5,20.8,67,22.81834925723874
1766,2024-03-14 14:00:00,27.8,20.6,65,22.791056854810073
1767,2024-03-14 15:00:00,27.2,20.3,66,22.391981950074793
1768,2024-03-14 16:00:00,27.1,20.7,68,22.59827384688673
1769,2024-03-14 17:00:00,26.2,20.8,72,22.34417078973456
1770,2024-03-14 18:00:00,25.8,21.4,76,22.536155576525747
1771,2024-03-14 19:00:00,24.8,21.5,82,22.41114725237524
1772,2024-03-14 20:00:00,21.5,20.2,92,20.50203716896242
1773,2024-03-14 21:00:00,20.6,19.6,94,19.862018609499227
1774,2024-03-14 22:00:00,20.4,19.1,93,19.53831796867289
1775,2024-03-14 23:00:00,20.4,19.1,93,19.53831796867289
1776,2024-03-15 00:00:00,20.3,19.2,93,19.439128758717235
1777,2024-03-15 01:00:00,20.6,19.9,95,19.987353773158215
1778,2024-03-15 02:00:00,21.0,20.2,95,20.38589638594127
1779,2024-03-15 03:00:00,21.1,20.4,95,20.48553200702578
1780,2024-03-15 04:00:00,21.3,20.5,95,20.68480321089319
1781,2024-03-15 05:00:00,21.5,20.7,95,20.88407436391096
1782,2024-03-15 06:00:00,21.5,20.8,96,21.01140324921004
1783,2024-03-15 07:00:00,21.6,21.0,96,21.11125817916274
1784,2024-03-15 08:00:00,23.5,22.7,96,23.00849954730787
1785,2024-03-15 09:00:00,24.0,22.8,93,23.109120667576917
1786,2024-03-15 10:00:00,21.3,19.8,91,20.17718696545328
1787,2024-03-15 11:00:00,23.5,20.5,84,21.422372366338244
1788,2024-03-15 12:00:00,25.5,21.2,77,22.391415613554436
1789,2024-03-15 13:00:00,27.0,20.8,69,22.653651831773896
1790,2024-03-15 14:00:00,26.6,20.4,69,22.282262683324355
1791,2024-03-15 15:00:00,27.2,20.2,66,22.391981950074793
1792,2024-03-15 16:00:00,26.0,20.2,71,22.01329057138457
1793,2024-03-15 17:00:00,22.8,20.8,89,21.39719512522416
1794,2024-03-15 18:00:00,22.2,20.2,89,20.807615066882516
1795,2024-03-15 19:00:00,21.4,20.1,93,20.530209319962594
1796,2024-03-15 20:00:00,21.2,19.4,89,19.824980468639705
1797,2024-03-15 21:00:00,20.5,19.2,93,19.637507164915824
1798,2024-03-15 22:00:00,19.8,18.9,95,19.190267924075
1799,2024-03-15 23:00:00,19.4,18.6,95,18.791724683415016
1800,2024-03-16 00:00:00,19.1,18.5,96,18.614881158386183
1801,2024-03-16 01:00:00,18.9,18.2,96,18.4151706495667
1802,2024-03-16 02:00:00,18.7,18.1,97,18.336720242976188
1803,2024-03-16 03:00:00,18.8,18.3,97,18.436792372324074
1804,2024-03-16 04:00:00,19.1,18.6,97,18.73700868323434
1805,2024-03-16 05:00:00,19.1,18.6,97,18.73700868323434
1806,2024-03-16 06:00:00,18.9,18.4,97,18.536864488794205
1807,2024-03-16 07:00:00,19.2,18.5,95,18.59245298308669
1808,2024-03-16 08:00:00,18.8,18.0,95,18.193909421027573
1809,2024-03-16 09:00:00,19.8,18.6,93,18.94318250197183
1810,2024-03-16 10:00:00,21.0,19.0,88,19.502136596467814
1811,2024-03-16 11:00:00,22.0,19.5,85,20.095811006878712
1812,2024-03-16 12:00:00,21.7,19.6,88,20.188311683503265
1813,2024-03-16 13:00:00,22.5,19.8,84,20.451967577459612
1814,2024-03-16 14:00:00,22.5,20.0,86,20.712451673010985
1815,2024-03-16 15:00:00,22.0,19.8,87,20.353612445935823
1816,2024-03-16 16:00:00,22.6,19.9,84,20.549008130078654
1817,2024-03-16 17:00:00,22.2,19.8,86,20.419834959506016
1818,2024-03-16 18:00:00,22.1,19.9,87,20.451395887661448
1819,2024-03-16 19:00:00,21.4,19.8,90,20.14873216550906
1820,2024-03-16 20:00:00,21.0,19.2,90,19.754735642259103
1821,2024-03-16 21:00:00,20.6,19.2,91,19.486063519879348
1822,2024-03-16 22:00:00,20.5,19.0,92,19.512418345667722
1823,2024-03-16 23:00:00,20.2,18.9,92,19.215532426500058
1824,2024-03-17 00:00:00,20.0,18.6,92,19.017608409664145
1825,2024-03-17 01:00:00,19.8,18.6,93,18.94318250197183
1826,2024-03-17 02:00:00,19.7,18.8,94,18.967294420281387
1827,2024-03-17 03:00:00,19.0,18.5,98,18.758918578206828
1828,2024-03-17 04:00:00,19.3,18.9,97,18.937152826561604
1829,2024-03-17 05:00:00,19.5,19.0,97,19.137296919039226
1830,2024-03-17 06:00:00,19.5,19.0,97,19.137296919039226
1831,2024-03-17 07:00:00,19.4,19.0,98,19.16006434819324
1832,2024-03-17 08:00:00,18.9,18.5,98,18.65863210457599
1833,2024-03-17 09:00:00,19.5,19.0,96,19.01430201892795
1834,2024-03-17 10:00:00,21.1,19.1,88,19.60016165488692
1835,2024-03-17 11:00:00,22.3,18.8,80,19.737383278655706
1836,2024-03-17 12:00:00,22.5,18.0,76,19.404060332538545
1837,2024-03-17 13:00:00,23.0,17.8,72,19.34392441754107
1838,2024-03-17 14:00:00,24.2,17.5,66,19.63508805665431
1839,2024-03-17 15:00:00,25.3,17.5,62,20.06596868100319
1840,2024-03-17 16:00:00,25.8,17.1,59,20.071851085547138
1841,2024-03-17 17:00:00,25.4,16.9,59,19.713858656454573
1842,2024-03-17 18:00:00,24.0,17.4,66,19.45129428473787
1843,2024-03-17 19:00:00,22.0,17.4,75,18.799051841034753
1844,2024-03-17 20:00:00,18.4,17.9,97,18.036503777331315
1845,2024-03-17 21:00:00,18.6,17.8,95,17.994637558728524
1846,2024-03-17 22:00:00,18.6,17.1,91,17.511421173262367
1847,2024-03-17 23:00:00,17.9,16.5,92,16.93940273610543
1848,2024-03-18 00:00:00,17.3,16.1,93,16.463445898661128
1849,2024-03-18 01:00:00,16.6,15.8,95,16.001915886440084
1850,2024-03-18 02:00:00,16.1,15.1,93,15.273169058657917
1851,2024-03-18 03:00:00,16.0,14.6,91,14.944376985735829
1852,2024-03-18 04:00:00,15.9,14.4,91,14.845644301648626
1853,2024-03-18 05:00:00,15.1,13.4,89,13.830875474254011
1854,2024-03-18 06:00:00,14.4,11.7,84,12.591623370206005
1855,2024-03-18 07:00:00,13.6,9.9,78,11.170574713009405
1856,2024-03-18 08:00:00,14.6,10.6,77,12.015540620018033
1857,2024-03-18 09:00:00,14.9,8.6,66,11.088548834190489
1858,2024-03-18 10:00:00,15.6,6.5,55,10.488947333540938
1859,2024-03-18 11:00:00,16.4,4.8,46,10.125864568674867
1860,2024-03-18 12:00:00,18.1,4.2,40,10.773957084275056
1861,2024-03-18 13:00:00,19.1,4.7,39,11.448123570800302
1862,2024-03-18 14:00:00,19.8,3.8,35,11.430317194571277
1863,2024-03-18 15:00:00,20.1,3.8,34,11.514839920550727
1864,2024-03-18 16:00:00,19.8,3.4,34,11.280838064134354
1865,2024-03-18 17:00:00,19.1,3.5,36,11.024178704462939
1866,2024-03-18 18:00:00,18.3,3.3,37,10.529072767308348
1867,2024-03-18 19:00:00,16.8,4.1,43,10.092940334947697
1868,2024-03-18 20:00:00,15.3,3.2,44,8.967482445255893
1869,2024-03-18 21:00:00,13.6,4.2,53,8.516370948070481
1870,2024-03-18 22:00:00,12.9,3.8,54,8.009357044187617
1871,2024-03-18 23:00:00,12.4,3.5,54,7.571278762874094
1872,2024-03-19 00:00:00,11.9,3.8,58,7.531546071793196
1873,2024-03-19 01:00:00,11.1,3.7,60,7.012103607632966
1874,2024-03-19 02:00:00,10.4,2.2,57,6.1003774326092035
1875,2024-03-19 03:00:00,9.8,0.3,52,5.111001753590813
1876,2024-03-19 04:00:00,8.9,-0.2,53,4.41706493986057
1877,2024-03-19 05:00:00,8.0,0.2,58,4.055075900870067
1878,2024-03-19 06:00:00,7.5,0.4,61,3.8612817814571923
1879,2024-03-19 07:00:00,7.0,0.6,64,3.6599746845773904
1880,2024-03-19 08:00:00,7.7,1.8,66,4.471652475406808
1881,2024-03-19 09:00:00,9.9,3.1,62,6.1194923166808035
1882,2024-03-19 10:00:00,12.0,3.0,54,7.220814910475699
1883,2024-03-19 11:00:00,13.8,2.8,47,8.0445982845732
1884,2024-03-19 12:00:00,15.2,1.9,40,8.415933207393403
1885,2024-03-19 13:00:00,16.1,2.3,39,9.024453946604304
1886,2024-03-19 14:00:00,17.0,3.3,40,9.87954505886128
1887,2024-03-19 15:00:00,17.5,3.8,40,10.286097553994312
1888,2024-03-19 16:00:00,17.9,4.2,40,10.61133765418847
1889,2024-03-19 17:00:00,18.0,4.3,41,10.824874526321269
1890,2024-03-19 18:00:00,17.2,5.8,47,10.923526719116746
1891,2024-03-19 19:00:00,16.3,7.8,57,11.337638485265007
1892,2024-03-19 20:00:00,13.9,8.9,72,10.8118341542615
1893,2024-03-19 21:00:00,13.4,9.4,77,10.873225352226319
1894,2024-03-19 22:00:00,13.6,9.1,74,10.743449564657794
1895,2024-03-19 23:00:00,13.6,8.9,74,10.743449564657794
1896,2024-03-20 00:00:00,12.6,9.2,80,10.424832793597204
1897,2024-03-20 01:00:00,11.3,9.2,87,9.89068534322346
1898,2024-03-20 02:00:00,11.1,9.2,88,9.79757182207484
1899,2024-03-20 03:00:00,10.8,9.1,90,9.70773757082448
1900,2024-03-20 04:00:00,10.1,8.9,92,9.220291656777743
1901,2024-03-20 05:00:00,10.1,8.9,93,9.321750044995662
1902,2024-03-20 06:00:00,11.9,9.9,87,10.477397253482529
1903,2024-03-20 07:00:00,12.1,10.5,90,10.988247451179054
1904,2024-03-20 08:00:00,13.8,9.9,78,11.36151038652325
1905,2024-03-20 09:00:00,14.4,10.2,76,11.716088342105508
1906,2024-03-20 10:00:00,15.4,10.4,72,12.218238638859678
1907,2024-03-20 11:00:00,17.4,11.2,67,13.504214450666211
1908,2024-03-20 12:00:00,18.4,11.3,63,13.939606139807466
1909,2024-03-20 13:00:00,19.3,11.2,59,14.254403380923165
1910,2024-03-20 14:00:00,20.3,11.7,58,15.019042068476011
1911,2024-03-20 15:00:00,20.4,12.1,59,15.23890579448004
1912,2024-03-20 16:00:00,20.0,12.6,62,15.266311303848422
1913,2024-03-20 17:00:00,19.0,12.6,66,14.856412316963652
1914,2024-03-20 18:00:00,18.8,12.1,65,14.549717912429081
1915,2024-03-20 19:00:00,18.1,11.4,65,13.908714379444522
1916,2024-03-20 20:00:00,17.6,10.5,63,13.21237836791752
1917,2024-03-20 21:00:00,17.4,10.6,65,13.26770913908842
1918,2024-03-20 22:00:00,17.0,10.7,66,13.018437486850399
1919,2024-03-20 23:00:00,16.9,11.1,69,13.27595159134637
1920,2024-03-21 00:00:00,16.0,11.5,74,13.007736321450928
1921,2024-03-21 01:00:00,15.5,12.2,81,13.321407665709437
1922,2024-03-21 02:00:00,16.1,13.4,84,14.241335610556316
1923,2024-03-21 03:00:00,16.5,14.2,87,14.975498131249516
1924,2024-03-21 04:00:00,16.6,14.8,89,15.304841413547376
1925,2024-03-21 05:00:00,16.5,15.0,91,15.438040162235996
1926,2024-03-21 06:00:00,16.2,15.0,92,15.257040912539821
1927,2024-03-21 07:00:00,15.8,14.8,93,14.975599505011527
1928,2024-03-21 08:00:00,17.6,16.7,94,16.879600313687693
1929,2024-03-21 09:00:00,17.4,16.7,96,16.917340133355776
1930,2024-03-21 10:00:00,17.5,16.3,93,16.661825161460307
1931,2024-03-21 11:00:00,17.8,16.9,94,17.07842859166276
1932,2024-03-21 12:00:00,18.9,17.5,92,17.929025291121835
1933,2024-03-21 13:00:00,20.0,17.6,86,18.27397464146205
1934,2024-03-21 14:00:00,20.9,17.8,83,18.772953151257827
1935,2024-03-21 15:00:00,21.4,18.0,81,19.001307826894777
1936,2024-03-21 16:00:00,22.0,17.8,77,19.059740492225508
1937,2024-03-21 17:00:00,21.0,17.1,79,18.36229083356146
1938,2024-03-21 18:00:00,19.6,16.6,83,17.514722234865246
1939,2024-03-21 19:00:00,19.0,16.9,87,17.420101817649467
1940,2024-03-21 20:00:00,18.0,17.1,95,17.39682164330159
1941,2024-03-21 21:00:00,17.7,16.6,93,16.860204364976042
1942,2024-03-21 22:00:00,17.6,16.6,94,16.879600313687693
1943,2024-03-21 23:00:00,17.5,16.6,95,16.898641332989254
1944,2024-03-22 00:00:00,17.0,16.4,96,16.5179181462649
1945,2024-03-22 01:00:00,16.5,15.9,97,16.135130070366802
1946,2024-03-22 02:00:00,15.4,15.2,99,15.263026032802461
1947,2024-03-22 03:00:00,15.1,15.1,100,14.961529359217728
1948,2024-03-22 04:00:00,15.1,15.1,99,14.961529359217728
1949,2024-03-22 05:00:00,16.1,15.6,97,15.734840247950483
1950,2024-03-22 06:00:00,16.9,16.2,96,16.418062614936723
1951,2024-03-22 07:00:00,17.7,17.0,96,17.216906479562066
1952,2024-03-22 08:00:00,16.7,16.1,97,16.335274899370614
1953,2024-03-22 09:00:00,18.6,17.4,93,17.752910055709176
1954,2024-03-22 10:00:00,19.5,17.4,88,18.03175884312283
1955,2024-03-22 11:00:00,21.1,16.8,76,18.075285896578077
1956,2024-03-22 12:00:00,22.1,16.7,71,18.36839281165937
1957,2024-03-22 13:00:00,22.9,16.0,65,18.304135035222117
1958,2024-03-22 14:00:00,23.7,14.6,57,17.906159819649986
1959,2024-03-22 15:00:00,24.3,14.1,53,17.848316703591227
1960,2024-03-22 16:00:00,24.3,14.2,53,17.848316703591227
1961,2024-03-22 17:00:00,23.4,14.0,56,17.496861438808626
1962,2024-03-22 18:00:00,22.2,13.4,57,16.574721676509352
1963,2024-03-22 19:00:00,20.4,13.5,65,16.01486265879207
1964,2024-03-22 20:00:00,18.6,12.5,67,14.610859967742762
1965,2024-03-22 21:00:00,17.6,12.6,72,14.280953118686892
1966,2024-03-22 22:00:00,16.6,10.9,69,12.997401620828619
1967,2024-03-22 23:00:00,15.4,10.2,71,12.10655437800385
1968,2024-03-23 00:00:00,14.6,9.9,73,11.57750140959459
1969,2024-03-23 01:00:00,14.1,9.9,76,11.431345498462317
1970,2024-03-23 02:00:00,13.4,9.9,79,11.086190809216777
1971,2024-03-23 03:00:00,12.6,9.9,83,10.739575685772339
1972,2024-03-23 04:00:00,12.4,9.9,85,10.755755874919661
1973,2024-03-23 05:00:00,12.2,9.9,86,10.665855180946771
1974,2024-03-23 06:00:00,12.1,10.1,87,10.672967724197559
1975,2024-03-23 07:00:00,12.1,10.4,89,10.882931450961966
1976,2024-03-23 08:00:00,12.9,11.4,91,11.883655955038911
1977,2024-03-23 09:00:00,15.2,12.5,84,13.36795927885722
1978,2024-03-23 10:00:00,17.1,13.2,78,14.511934559658936
1979,2024-03-23 11:00:00,19.0,13.9,73,15.715889374932956
1980,2024-03-23 12:00:00,20.8,14.4,67,16.639698293485772
1981,2024-03-23 13:00:00,22.1,14.0,60,16.896796218678105
1982,2024-03-23 14:00:00,23.0,13.3,54,16.85822545685648
1983,2024-03-23 15:00:00,23.5,12.9,52,17.004138019129897
1984,2024-03-23 16:00:00,23.8,12.9,51,17.115970364065852
1985,2024-03-23 17:00:00,24.0,11.9,47,16.681133434596774
1986,2024-03-23 18:00:00,23.6,11.4,46,16.189619933185202
1987,2024-03-23 19:00:00,22.1,15.9,68,17.971497679379066
1988,2024-03-23 20:00:00,18.8,13.4,71,15.284219261453284
1989,2024-03-23 21:00:00,18.4,13.2,72,15.031027722020223
1990,2024-03-23 22:00:00,17.5,12.6,73,14.305081258520257
1991,2024-03-23 23:00:00,16.7,12.4,76,13.899108891891434
1992,2024-03-24 00:00:00,15.8,12.3,80,13.49703731183568
1993,2024-03-24 01:00:00,15.2,12.1,81,13.032597226703885
1994,2024-03-24 02:00:00,15.4,12.0,80,13.113013070166168
1995,2024-03-24 03:00:00,15.4,12.4,83,13.44964648739126
1996,2024-03-24 04:00:00,15.2,13.1,87,13.70429980928678
1997,2024-03-24 05:00:00,15.3,14.1,92,14.366376936998357
1998,2024-03-24 06:00:00,15.6,14.4,93,14.77721972501963
1999,2024-03-24 07:00:00,15.4,14.1,92,14.465339665095499
2000,2024-03-24 08:00:00,15.9,13.7,87,14.388791599219104
2001,2024-03-24 09:00:00,18.4,14.6,79,15.873113161696548
2002,2024-03-24 10:00:00,20.5,14.1,67,16.36303938832364
2003,2024-03-24 11:00:00,21.7,13.8,61,16.671830686176815
2004,2024-03-24 12:00:00,22.5,13.4,56,16.701397073266815
2005,2024-03-24 13:00:00,22.5,14.1,59,17.118397143731233
2006,2024-03-24 14:00:00,22.9,14.4,59,17.476393609693126
2007,2024-03-24 15:00:00,23.0,14.4,58,17.42566963112847
2008,2024-03-24 16:00:00,23.2,14.7,59,17.744890576536882
2009,2024-03-24 17:00:00,22.8,15.2,62,17.801990880126894
2010,2024-03-24 18:00:00,22.1,15.9,68,17.971497679379066
2011,2024-03-24 19:00:00,21.5,16.2,72,17.937550849908103
2012,2024-03-24 20:00:00,20.2,16.6,80,17.721280912279152
2013,2024-03-24 21:00:00,20.0,16.6,81,17.65354121838865
2014,2024-03-24 22:00:00,19.6,16.9,84,17.637784155885207
2015,2024-03-24 23:00:00,19.9,17.0,84,17.928907259090888
2016,2024-03-25 00:00:00,19.9,17.0,84,17.928907259090888
2017,2024-03-25 01:00:00,19.6,17.1,85,17.760813072352068
2018,2024-03-25 02:00:00,19.8,17.3,86,18.07889603523115
2019,2024-03-25 03:00:00,19.9,17.2,85,18.052688350670145
2020,2024-03-25 04:00:00,19.9,17.0,83,17.805083489010762
2021,2024-03-25 05:00:00,20.0,17.1,83,17.901870536948802
2022,2024-03-25 06:00:00,20.2,17.4,83,18.095444577979862
2023,2024-03-25 07:00:00,20.2,17.6,85,18.34456347307941
2024,2024-03-25 08:00:00,20.5,17.0,81,18.134886864301297
2025,2024-03-25 09:00:00,22.0,17.7,76,18.92949851398019
2026,2024-03-25 10:00:00,22.3,19.1,82,19.997918301498952
2027,2024-03-25 11:00:00,21.7,19.6,88,20.188311683503265
2028,2024-03-25 12:00:00,23.8,20.5,82,21.445856944566877
2029,2024-03-25 13:00:00,25.8,21.1,76,22.536155576525747
2030,2024-03-25 14:00:00,21.1,17.0,77,18.203020055232034
2031,2024-03-25 15:00:00,22.5,16.9,70,18.609025277667264
2032,2024-03-25 16:00:00,23.2,14.6,58,17.603937213598662
2033,2024-03-25 17:00:00,23.6,12.7,50,16.794494967080997
2034,2024-03-25 18:00:00,23.5,12.6,50,16.708519418841185
2035,2024-03-25 19:00:00,21.8,13.6,59,16.49190190102585
2036,2024-03-25 20:00:00,17.8,13.4,75,14.824575509764983
2037,2024-03-25 21:00:00,17.0,13.1,77,14.300160058250832
2038,2024-03-25 22:00:00,15.8,12.9,83,13.836798082130777
2039,2024-03-25 23:00:00,14.4,12.7,89,13.143023348000277
2040,2024-03-26 00:00:00,13.8,12.1,90,12.662755598510998
2041,2024-03-26 01:00:00,14.9,13.1,90,13.74625810036876
2042,2024-03-26 02:00:00,14.8,13.0,89,13.536081813241669
2043,2024-03-26 03:00:00,14.6,10.9,78,12.125252053418329
2044,2024-03-26 04:00:00,14.1,7.8,66,10.35334884480062
2045,2024-03-26 05:00:00,13.1,6.0,62,9.017544222155136
2046,2024-03-26 06:00:00,11.7,4.8,63,7.8489929183492535
2047,2024-03-26 07:00:00,10.5,3.3,61,6.567818698838581
2048,2024-03-26 08:00:00,11.2,5.8,70,8.082209299168678
2049,2024-03-26 09:00:00,11.9,5.2,64,8.130933687653375
2050,2024-03-26 10:00:00,13.2,5.6,60,8.899225013106978
2051,2024-03-26 11:00:00,14.7,5.9,56,9.80721863108969
2052,2024-03-26 12:00:00,16.2,6.6,53,10.7840056436971
2053,2024-03-26 13:00:00,17.5,7.1,50,11.549886330432614
2054,2024-03-26 14:00:00,18.8,7.3,47,12.278285438435162
2055,2024-03-26 15:00:00,19.5,7.2,45,12.601592516680618
2056,2024-03-26 16:00:00,19.9,7.1,44,12.798789933069049
2057,2024-03-26 17:00:00,19.8,7.0,44,12.715502500280646
2058,2024-03-26 18:00:00,19.3,6.8,44,12.299064174403878
2059,2024-03-26 19:00:00,17.9,8.9,56,12.635635407484639
2060,2024-03-26 20:00:00,15.9,7.6,58,11.097063854005578
2061,2024-03-26 21:00:00,15.1,6.6,56,10.160773741952891
2062,2024-03-26 22:00:00,14.0,6.7,61,9.725383193433732
2063,2024-03-26 23:00:00,13.1,6.5,64,9.225844811438407
2064,2024-03-27 00:00:00,12.3,6.2,67,8.800914937649878
2065,2024-03-27 01:00:00,11.6,6.1,69,8.35485741084582
2066,2024-03-27 02:00:00,11.1,6.1,71,8.087690943058467
2067,2024-03-27 03:00:00,10.6,6.4,76,8.109326805111552
2068,2024-03-27 04:00:00,10.2,6.7,79,8.02252782473702
2069,2024-03-27 05:00:00,9.9,6.6,80,7.832640261313088
2070,2024-03-27 06:00:00,9.6,6.2,79,7.448087893691552
2071,2024-03-27 07:00:00,10.3,5.8,74,7.630026979669179
2072,2024-03-27 08:00:00,11.1,6.2,72,8.186526489919059
2073,2024-03-27 09:00:00,11.9,7.0,72,8.936617064818112
2074,2024-03-27 10:00:00,13.4,7.8,69,10.02618345528192
2075,2024-03-27 11:00:00,14.6,8.5,67,10.922022584728573
2076,2024-03-27 12:00:00,16.8,8.8,59,12.016878803736962
2077,2024-03-27 13:00:00,17.0,7.9,55,11.721003872087646
2078,2024-03-27 14:00:00,17.5,8.4,55,12.161021487633466
2079,2024-03-27 15:00:00,17.9,8.6,54,12.390053792944443
2080,2024-03-27 16:00:00,17.6,8.7,56,12.37047359628443
2081,2024-03-27 17:00:00,17.0,8.9,59,12.195881789361003
2082,2024-03-27 18:00:00,17.4,9.1,58,12.434111848577881
2083,2024-03-27 19:00:00,16.8,10.5,66,12.834639250828605
2084,2024-03-27 20:00:00,13.9,10.6,80,11.672918843667635
2085,2024-03-27 21:00:00,13.2,10.6,84,11.427116978232576
2086,2024-03-27 22:00:00,13.6,10.6,82,11.599790069471354
2087,2024-03-27 23:00:00,13.6,11.1,85,11.923272573848816
2088,2024-03-28 00:00:00,12.9,10.9,87,11.455248790162244
2089,2024-03-28 01:00:00,11.9,10.2,89,10.686401246844781
2090,2024-03-28 02:00:00,12.7,10.6,87,11.25967864522229
2091,2024-03-28 03:00:00,12.4,10.4,88,11.071918917470109
2092,2024-03-28 04:00:00,12.1,10.4,89,10.882931450961966
2093,2024-03-28 05:00:00,11.9,10.0,88,10.581785821587381
2094,2024-03-28 06:00:00,10.1,9.4,96,9.627851826965497
2095,2024-03-28 07:00:00,8.5,8.5,100,8.328570091188837
2096,2024-03-28 08:00:00,8.8,8.6,99,8.630069668882168
2097,2024-03-28 09:00:00,11.5,11.1,97,11.131490779292978
2098,2024-03-28 10:00:00,15.5,12.2,81,13.321407665709437
2099,2024-03-28 11:00:00,18.0,11.6,66,13.937426588850684
2100,2024-03-28 12:00:00,19.6,11.6,60,14.650320888756053
2101,2024-03-28 13:00:00,20.8,11.7,56,15.198844041109222
2102,2024-03-28 14:00:00,21.5,11.6,53,15.406369858206645
2103,2024-03-28 15:00:00,22.0,11.8,52,15.702022794102742
2104,2024-03-28 16:00:00,22.6,11.1,48,15.643054045611748
2105,2024-03-28 17:00:00,22.7,10.9,47,15.580436999053916
2106,2024-03-28 18:00:00,22.0,10.6,48,15.132374081299552
2107,2024-03-28 19:00:00,18.6,11.6,63,14.121412709316033
2108,2024-03-28 20:00:00,17.6,11.4,67,13.688655697310818
2109,2024-03-28 21:00:00,16.4,11.6,73,13.270484798445821
2110,2024-03-28 22:00:00,15.6,11.9,79,13.192443878031352
2111,2024-03-28 23:00:00,15.1,12.0,82,13.04775436545491
2112,2024-03-29 00:00:00,14.8,12.2,85,13.090786268523498
2113,2024-03-29 01:00:00,14.6,12.4,86,13.006827388815363
2114,2024-03-29 02:00:00,14.4,12.4,88,13.032446433730186
2115,2024-03-29 03:00:00,14.2,12.4,89,12.946494007061109
2116,2024-03-29 04:00:00,14.0,12.3,89,12.749964593348825
2117,2024-03-29 05:00:00,13.9,12.4,90,12.761255914328057
2118,2024-03-29 06:00:00,13.9,12.4,91,12.870987120167701
2119,2024-03-29 07:00:00,13.7,12.2,91,12.673521027327322
2120,2024-03-29 08:00:00,14.9,13.1,90,13.74625810036876
2121,2024-03-29 09:00:00,17.8,14.8,82,15.654077860126353
2122,2024-03-29 10:00:00,20.6,15.0,70,16.839055909390343
2123,2024-03-29 11:00:00,22.2,13.4,58,16.712597785099927
2124,2024-03-29 12:00:00,23.2,11.9,49,16.302652217566184
2125,2024-03-29 13:00:00,23.7,11.2,46,16.2738363472155
2126,2024-03-29 14:00:00,23.9,10.8,44,16.130228027407544
2127,2024-03-29 15:00:00,23.5,10.3,43,15.64104126968028
2128,2024-03-29 16:00:00,22.9,10.3,45,15.449323269959535
2129,2024-03-29 17:00:00,22.3,11.1,49,15.532715408016074
2130,2024-03-29 18:00:00,21.6,11.9,54,15.631680901310187
2131,2024-03-29 19:00:00,20.3,12.8,62,15.537992568613763
2132,2024-03-29 20:00:00,19.1,12.9,67,15.071960900431353
2133,2024-03-29 21:00:00,18.4,13.2,72,15.031027722020223
2134,2024-03-29 22:00:00,17.5,13.9,79,15.011471386134165
2135,2024-03-29 23:00:00,17.0,14.2,84,15.11471032729753
2136,2024-03-30 00:00:00,16.8,14.5,86,15.152708616320371
2137,2024-03-30 01:00:00,16.5,14.7,89,15.206577138287525
2138,2024-03-30 02:00:00,16.9,14.9,88,15.483095399621217
2139,2024-03-30 03:00:00,17.0,14.8,86,15.347788277375603
2140,2024-03-30 04:00:00,16.5,14.6,89,15.206577138287525
2141,2024-03-30 05:00:00,16.1,14.5,90,14.9282584410762
2142,2024-03-30 06:00:00,15.7,14.3,91,14.648178884321304
2143,2024-03-30 07:00:00,15.1,13.9,92,14.168451432198914
2144,2024-03-30 08:00:00,17.1,15.1,88,15.679146838663975
2145,2024-03-30 09:00:00,19.5,16.1,81,17.17219508726418
2146,2024-03-30 10:00:00,21.8,16.6,73,18.349382608546602
2147,2024-03-30 11:00:00,24.0,15.9,61,18.74669996136216
2148,2024-03-30 12:00:00,24.4,16.0,59,18.81887523894822
2149,2024-03-30 13:00:00,25.1,16.4,59,19.445363985845844
2150,2024-03-30 14:00:00,25.7,16.1,56,19.52970036869625
2151,2024-03-30 15:00:00,25.2,16.7,59,19.53486224283678
2152,2024-03-30 16:00:00,25.1,16.2,58,19.29747194911559
2153,2024-03-30 17:00:00,24.4,15.7,58,18.673539609499905
2154,2024-03-30 18:00:00,24.0,15.9,60,18.60410224498537
2155,2024-03-30 19:00:00,22.7,15.8,65,18.120993943656433
2156,2024-03-30 20:00:00,21.0,16.1,74,17.72495100957975
2157,2024-03-30 21:00:00,19.5,16.5,83,17.41793511319356
2158,2024-03-30 22:00:00,19.2,16.8,86,17.493659809761628
2159,2024-03-30 23:00:00,19.1,16.7,86,17.3961203790205
2160,2024-03-31 00:00:00,18.6,16.8,89,17.27012341571584
2161,2024-03-31 01:00:00,18.2,17.0,92,17.236289658938475
2162,2024-03-31 02:00:00,18.0,17.0,94,17.27725681239824
2163,2024-03-31 03:00:00,18.2,17.2,94,17.476084976200195
2164,2024-03-31 04:00:00,18.8,17.7,94,18.07256912903299
2165,2024-03-31 05:00:00,19.7,18.2,91,18.597475194942906
2166,2024-03-31 06:00:00,19.5,18.4,94,18.768466673941862
2167,2024-03-31 07:00:00,19.2,18.5,95,18.59245298308669
2168,2024-03-31 08:00:00,21.3,20.0,92,20.304113514882772
2169,2024-03-31 09:00:00,22.2,20.4,90,20.936724520177403
2170,2024-03-31 10:00:00,23.6,20.5,83,21.38619247541842
2171,2024-03-31 11:00:00,25.0,20.0,74,21.498680239036506
2172,2024-03-31 12:00:00,25.8,20.3,72,21.969141220513162
2173,2024-03-31 13:00:00,26.6,20.2,68,22.135599005283606
2174,2024-03-31 14:00:00,27.4,20.0,64,22.273121424670745
2175,2024-03-31 15:00:00,26.5,20.3,69,22.189415339176808
2176,2024-03-31 16:00:00,27.0,19.6,64,21.908171306210505
2177,2024-03-31 17:00:00,25.9,19.1,67,21.34286110350049
2178,2024-03-31 18:00:00,25.1,19.5,71,21.172163429592004
2179,2024-03-31 19:00:00,23.8,19.6,78,20.908174933183545
2180,2024-03-31 20:00:00,21.8,19.9,89,20.41456140431701
2181,2024-03-31 21:00:00,21.0,20.0,94,20.25967345773542
2182,2024-03-31 22:00:00,21.6,20.2,92,20.600998975469377
2183,2024-03-31 23:00:00,22.0,20.6,92,20.996846065451827
2184,2024-04-01 00:00:00,22.1,21.0,93,21.224532469034667
2185,2024-04-01 01:00:00,22.3,21.1,93,21.422910393083637
2186,2024-04-01 02:00:00,22.2,21.0,93,21.323721437599147
2187,2024-04-01 03:00:00,22.2,20.9,92,21.19476952931612
2188,2024-04-01 04:00:00,22.1,20.9,93,21.224532469034667
2189,2024-04-01 05:00:00,22.1,21.0,93,21.224532469034667
2190,2024-04-01 06:00:00,22.2,20.9,92,21.19476952931612
2191,2024-04-01 07:00:00,22.0,20.7,92,20.996846065451827
2192,2024-04-01 08:00:00,22.8,21.1,90,21.527718190484894
2193,2024-04-01 09:00:00,23.6,21.0,85,21.652471032047707
2194,2024-04-01 10:00:00,24.8,20.7,78,21.862829940113556
2195,2024-04-01 11:00:00,26.1,20.3,70,21.962626869728936
2196,2024-04-01 12:00:00,27.0,20.4,67,22.357259875524342
2197,2024-04-01 13:00:00,27.3,20.5,66,22.483878018044763
2198,2024-04-01 14:00:00,28.0,20.5,64,22.820545818440618
2199,2024-04-01 15:00:00,28.2,20.5,63,22.847972783370537
2200,2024-04-01 16:00:00,28.1,20.5,64,22.911783127037026
2201,2024-04-01 17:00:00,27.6,20.5,65,22.60791843286152
2202,2024-04-01 18:00:00,26.4,20.6,71,22.387124284018743
2203,2024-04-01 19:00:00,25.3,20.9,77,22.201034813709363
2204,2024-04-01 20:00:00,23.7,21.0,85,21.74976214905598
2205,2024-04-01 21:00:00,23.1,21.1,89,21.691984960689492
2206,2024-04-01 22:00:00,23.1,21.2,89,21.691984960689492
2207,2024-04-01 23:00:00,22.8,21.2,91,21.658163463952466
2208,2024-04-02 00:00:00,22.5,21.2,93,21.621288264948525
2209,2024-04-02 01:00:00,22.4,21.2,93,21.522099335522135
2210,2024-04-02 02:00:00,22.6,21.6,94,21.850290768569874
2211,2024-04-02 03:00:00,21.9,21.0,95,21.282616518441426
2212,2024-04-02 04:00:00,21.1,20.6,97,20.738447859270675
2213,2024-04-02 05:00:00,21.4,20.8,96,20.91154830693045
2214,2024-04-02 06:00:00,22.0,21.1,95,21.382252025699312
2215,2024-04-02 07:00:00,21.1,16.6,76,18.075285896578077
2216,2024-04-02 08:00:00,20.5,15.1,71,16.87303949365472
2217,2024-04-02 09:00:00,21.0,15.7,72,17.4687584504246
2218,2024-04-02 10:00:00,22.3,14.2,60,17.076513241366293
2219,2024-04-02 11:00:00,24.5,14.1,53,18.02274013436758
2220,2024-04-02 12:00:00,25.7,10.9,40,16.953227356745128
2221,2024-04-02 13:00:00,26.4,11.2,39,17.34536072884313
2222,2024-04-02 14:00:00,26.6,10.4,36,16.960414173217607
2223,2024-04-02 15:00:00,26.6,10.0,35,16.77374548559471
2224,2024-04-02 16:00:00,26.1,10.1,37,16.746240300816037
2225,2024-04-02 17:00:00,24.9,11.1,42,16.636053242616963
2226,2024-04-02 18:00:00,23.3,12.1,49,16.388200483384693
2227,2024-04-02 19:00:00,21.4,11.6,54,15.456459521705522
2228,2024-04-02 20:00:00,19.8,10.4,55,14.185086031783737
2229,2024-04-02 21:00:00,18.2,9.9,58,13.147199780301445
2230,2024-04-02 22:00:00,16.9,8.1,56,11.751760938717098
2231,2024-04-02 23:00:00,16.1,7.2,56,11.044657657816721
2232,2024-04-03 00:00:00,15.6,6.4,54,10.37495183010844
2233,2024-04-03 01:00:00,14.8,6.1,56,9.895607493066382
2234,2024-04-03 02:00:00,14.2,5.9,57,9.47355129600649
2235,2024-04-03 03:00:00,13.6,5.9,59,9.152805028917824
2236,2024-04-03 04:00:00,13.0,6.1,63,9.030768878297266
2237,2024-04-03 05:00:00,12.0,6.3,68,8.625187392444522
2238,2024-04-03 06:00:00,11.1,6.5,73,8.285561107276408
2239,2024-04-03 07:00:00,10.6,6.5,76,8.109326805111552
2240,2024-04-03 08:00:00,12.0,7.2,73,9.13206377791098
2241,2024-04-03 09:00:00,14.4,8.0,66,10.629049128641197
2242,2024-04-03 10:00:00,16.4,7.6,56,11.309821782180023
2243,2024-04-03 11:00:00,18.4,7.2,48,12.068248238150375
2244,2024-04-03 12:00:00,20.1,6.4,41,12.543073063165998
2245,2024-04-03 13:00:00,21.4,6.2,37,13.000069781795126
2246,2024-04-03 14:00:00,22.5,6.2,35,13.552029543299078
2247,2024-04-03 15:00:00,23.2,5.8,32,13.587766711566413
2248,2024-04-03 16:00:00,23.6,6.0,32,13.894921596099685
2249,2024-04-03 17:00:00,23.7,6.0,32,13.971710024939615
2250,2024-04-03 18:00:00,23.3,6.3,33,13.838794496472914
2251,2024-04-03 19:00:00,22.0,7.4,39,13.790916641853876
2252,2024-04-03 20:00:00,19.5,7.1,45,12.601592516680618
2253,2024-04-03 21:00:00,18.0,7.7,51,12.104968635750229
2254,2024-04-03 22:00:00,17.0,7.7,54,11.601539178448604
2255,2024-04-03 23:00:00,15.9,7.8,59,11.211363074824606
2256,2024-04-04 00:00:00,14.4,8.9,69,10.954692870812428
2257,2024-04-04 01:00:00,13.2,9.4,77,10.682839099476137
2258,2024-04-04 02:00:00,13.0,9.2,78,10.597767065337447
2259,2024-04-04 03:00:00,12.0,9.0,82,10.05528913737109
2260,2024-04-04 04:00:00,11.5,8.3,81,9.470584580868342
2261,2024-04-04 05:00:00,11.3,7.8,79,9.075665078650825
2262,2024-04-04 06:00:00,11.1,7.8,80,8.98472820411471
2263,2024-04-04 07:00:00,11.4,7.8,79,9.171404664246204
2264,2024-04-04 08:00:00,13.4,8.6,73,10.448840497972894
2265,2024-04-04 09:00:00,16.5,9.4,63,12.212436175802093
2266,2024-04-04 10:00:00,19.5,9.1,51,13.400935078000565
2267,2024-04-04 11:00:00,22.1,8.1,41,14.179416592586222
2268,2024-04-04 12:00:00,23.8,7.9,36,14.74428336274066
2269,2024-04-04 13:00:00,24.9,8.2,35,15.43793126553172
2270,2024-04-04 14:00:00,25.8,8.1,33,15.773760668068949
2271,2024-04-04 15:00:00,26.5,7.9,31,15.925092203161633
2272,2024-04-04 16:00:00,27.0,7.2,29,15.896887558887844
2273,2024-04-04 17:00:00,27.2,6.2,26,15.402554435855112
2274,2024-04-04 18:00:00,26.6,6.8,28,15.39058167491234
2275,2024-04-04 19:00:00,24.1,11.7,46,16.61070141545263
2276,2024-04-04 20:00:00,23.0,9.8,43,15.227015691938355
2277,2024-04-04 21:00:00,19.0,10.8,59,13.98590185685223
2278,2024-04-04 22:00:00,17.8,12.1,69,14.111599811212944
2279,2024-04-04 23:00:00,16.9,11.8,72,13.624636382953312
2280,2024-04-05 00:00:00,16.5,11.1,70,13.01961439853607
2281,2024-04-05 01:00:00,16.1,10.5,69,12.53315103090106
2282,2024-04-05 02:00:00,15.9,9.7,67,12.120900794082033
2283,2024-04-05 03:00:00,15.3,9.5,68,11.678969700588635
2284,2024-04-05 04:00:00,14.7,9.9,73,11.67155628976348
2285,2024-04-05 05:00:00,14.1,10.6,80,11.864931715570982
2286,2024-04-05 06:00:00,13.8,11.1,84,12.009370558998391
2287,2024-04-05 07:00:00,13.9,11.6,86,12.324045033734649
2288,2024-04-05 08:00:00,15.9,12.6,81,13.706487939850835
2289,2024-04-05 09:00:00,18.6,13.9,74,15.46069583891002
2290,2024-04-05 10:00:00,21.1,14.7,67,16.91635693277054
2291,2024-04-05 11:00:00,23.4,14.9,59,17.92388837421876
2292,2024-04-05 12:00:00,25.5,14.8,52,18.740275491588
2293,2024-04-05 13:00:00,27.0,14.1,45,18.883254055828655
2294,2024-04-05 14:00:00,28.0,13.9,42,19.187763982080142
2295,2024-04-05 15:00:00,29.0,13.3,38,19.25282481119603
2296,2024-04-05 16:00:00,29.7,10.1,30,18.14192094291265
2297,2024-04-05 17:00:00,29.1,8.7,28,17.245108679893022
2298,2024-04-05 18:00:00,27.6,8.2,29,16.34603230652429
2299,2024-04-05 19:00:00,25.4,9.6,37,16.188312180999308
2300,2024-04-05 20:00:00,22.0,8.4,42,14.248910972701363
2301,2024-04-05 21:00:00,20.0,9.3,50,13.699341968988136
2302,2024-04-05 22:00:00,18.5,11.4,63,14.03050944302878
2303,2024-04-05 23:00:00,17.5,13.7,78,14.893802381653174
2304,2024-04-06 00:00:00,16.8,15.1,90,15.617757521126144
2305,2024-04-06 01:00:00,16.6,15.4,93,15.769118007321765
2306,2024-04-06 02:00:00,16.6,15.6,94,15.885458054351485
2307,2024-04-06 03:00:00,16.8,15.9,94,16.084286623193012
2308,2024-04-06 04:00:00,16.6,15.7,94,15.885458054351485
2309,2024-04-06 05:00:00,16.6,15.6,94,15.885458054351485
2310,2024-04-06 06:00:00,16.6,15.6,93,15.769118007321765
2311,2024-04-06 07:00:00,16.9,15.7,93,16.066687193917932
2312,2024-04-06 08:00:00,18.5,17.0,91,17.412688899162966
2313,2024-04-06 09:00:00,20.9,18.0,83,18.772953151257827
2314,2024-04-06 10:00:00,23.1,17.4,70,19.167961050842834
2315,2024-04-06 11:00:00,24.9,16.4,59,19.266367370901886
2316,2024-04-06 12:00:00,25.0,16.4,59,19.355865695240933
2317,2024-04-06 13:00:00,25.5,16.4,57,19.50387432980406
2318,2024-04-06 14:00:00,25.2,16.0,57,19.237589400133608
2319,2024-04-06 15:00:00,25.0,15.4,55,18.761142094226216
2320,2024-04-06 16:00:00,25.4,15.4,54,18.960853541389678
2321,2024-04-06 17:00:00,25.3,14.9,53,18.72043215255632
2322,2024-04-06 18:00:00,24.0,16.1,61,18.74669996136216
2323,2024-04-06 19:00:00,23.0,17.6,72,19.34392441754107
2324,2024-04-06 20:00:00,22.0,18.5,81,19.578920961421165
2325,2024-04-06 21:00:00,21.5,18.8,84,19.48156113302879
2326,2024-04-06 22:00:00,21.2,18.6,85,19.3174794387312
2327,2024-04-06 23:00:00,20.8,18.7,88,19.306086433263786
2328,2024-04-07 00:00:00,20.6,18.8,89,19.235398995028316
2329,2024-04-07 01:00:00,20.6,18.8,89,19.235398995028316
2330,2024-04-07 02:00:00,20.2,18.9,92,19.215532426500058
2331,2024-04-07 03:00:00,20.3,19.1,93,19.439128758717235
2332,2024-04-07 04:00:00,21.1,19.6,91,19.979723195028146
2333,2024-04-07 05:00:00,21.5,20.1,91,20.37465067939991
2334,2024-04-07 06:00:00,21.7,20.5,93,20.827776463292686
2335,2024-04-07 07:00:00,21.5,20.5,94,20.756741722445643
2336,2024-04-07 08:00:00,21.5,20.9,96,21.01140324921004
2337,2024-04-07 09:00:00,22.6,21.0,91,21.460700109881994
2338,2024-04-07 10:00:00,23.9,21.4,86,22.077994491660238
2339,2024-04-07 11:00:00,25.4,20.9,76,22.15650880880762
2340,2024-04-07 12:00:00,25.1,20.9,77,22.01065393915377
2341,2024-04-07 13:00:00,26.4,21.0,72,22.531685447391485
2342,2024-04-07 14:00:00,26.8,20.9,70,22.614712570908914
2343,2024-04-07 15:00:00,26.6,20.5,69,22.282262683324355
2344,2024-04-07 16:00:00,26.2,20.8,72,22.34417078973456
2345,2024-04-07 17:00:00,25.9,21.8,78,22.912948323644233
2346,2024-04-07 18:00:00,26.0,20.8,73,22.299588416574395
2347,2024-04-07 19:00:00,25.5,20.5,73,21.8293278211655
2348,2024-04-07 20:00:00,23.6,21.5,88,22.050783218411027
2349,2024-04-07 21:00:00,22.4,21.4,94,21.65146378408321
2350,2024-04-07 22:00:00,21.9,21.1,96,21.410822895373066
2351,2024-04-07 23:00:00,21.4,20.9,97,21.038663310711886
2352,2024-04-08 00:00:00,21.0,20.7,98,20.76464547070793
2353,2024-04-08 01:00:00,21.1,20.7,98,20.864931688709948
2354,2024-04-08 02:00:00,21.5,20.9,96,21.01140324921004
2355,2024-04-08 03:00:00,21.6,21.0,96,21.11125817916274
2356,2024-04-08 04:00:00,21.8,21.1,96,21.310968002212995
2357,2024-04-08 05:00:00,21.7,21.1,97,21.338878653720908
2358,2024-04-08 06:00:00,21.8,21.3,97,21.438950410769845
2359,2024-04-08 07:00:00,21.6,21.3,98,21.366362601762045
2360,2024-04-08 08:00:00,21.8,20.9,95,21.182980998665887
2361,2024-04-08 09:00:00,23.0,21.3,90,21.72471596872833
2362,2024-04-08 10:00:00,24.0,21.8,88,22.442881818063015
2363,2024-04-08 11:00:00,22.9,19.4,81,20.445339431526676
2364,2024-04-08 12:00:00,23.0,19.1,79,20.277033630325217
2365,2024-04-08 13:00:00,23.2,20.3,84,21.131251100751275
2366,2024-04-08 14:00:00,22.7,20.2,86,20.90752940366418
2367,2024-04-08 15:00:00,22.0,20.4,90,20.739726517217214
2368,2024-04-08 16:00:00,22.3,20.6,90,21.035223500402473
2369,2024-04-08 17:00:00,23.6,21.2,86,21.78537842584449
2370,2024-04-08 18:00:00,22.3,20.6,90,21.035223500402473
2371,2024-04-08 19:00:00,22.2,20.6,91,21.065773237766347
2372,2024-04-08 20:00:00,23.0,21.8,93,22.117232718076554
2373,2024-04-08 21:00:00,22.8,21.5,93,21.918854975492117
2374,2024-04-08 22:00:00,22.8,21.5,92,21.788539599792998
2375,2024-04-08 23:00:00,22.9,21.4,91,21.756895120616818
2376,2024-04-09 00:00:00,22.8,21.2,91,21.658163463952466
2377,2024-04-09 01:00:00,22.6,21.1,91,21.460700109881994
2378,2024-04-09 02:00:00,22.4,20.9,92,21.392692939473967
2379,2024-04-09 03:00:00,22.3,20.6,90,21.035223500402473
2380,2024-04-09 04:00:00,22.4,20.5,89,21.004141810751225
2381,2024-04-09 05:00:00,22.5,20.2,87,20.842529500999103
2382,2024-04-09 06:00:00,21.9,20.4,91,20.769577939058117
2383,2024-04-09 07:00:00,21.7,20.1,91,20.57211433716868
2384,2024-04-09 08:00:00,21.9,19.6,87,20.255828988769117
2385,2024-04-09 09:00:00,23.0,19.5,80,20.40941554472251
2386,2024-04-09 10:00:00,24.4,19.6,75,21.070163473915027
2387,2024-04-09 11:00:00,26.0,19.1,66,21.289227184867034
2388,2024-04-09 12:00:00,26.7,20.6,69,22.37511000458633
2389,2024-04-09 13:00:00,26.6,21.1,72,22.71920002109918
2390,2024-04-09 14:00:00,26.8,21.7,74,23.19684738219628
2391,2024-04-09 15:00:00,23.7,21.4,87,22.015928889426483
2392,2024-04-09 16:00:00,23.2,21.1,88,21.658684388565447
2393,2024-04-09 17:00:00,23.9,21.5,87,22.211495245910342
2394,2024-04-09 18:00:00,24.7,22.1,86,22.85830334063724
2395,2024-04-09 19:00:00,23.5,21.5,89,22.085037876084524
2396,2024-04-09 20:00:00,21.0,19.5,92,20.00722793055387
2397,2024-04-09 21:00:00,20.2,19.1,94,19.464363548676726
2398,2024-04-09 22:00:00,19.4,18.2,93,18.54642524600557
2399,2024-04-09 23:00:00,19.5,18.5,94,18.768466673941862
2400,2024-04-10 00:00:00,19.8,18.8,94,19.066708273026467
2401,2024-04-10 01:00:00,20.0,18.9,93,19.141561046209926
2402,2024-04-10 02:00:00,20.0,19.0,94,19.265535937846384
2403,2024-04-10 03:00:00,19.1,18.7,98,18.859205039352073
2404,2024-04-10 04:00:00,19.3,18.6,96,18.814591614749105
2405,2024-04-10 05:00:00,19.4,18.6,95,18.791724683415016
2406,2024-04-10 06:00:00,19.2,18.7,97,18.83708076127058
2407,2024-04-10 07:00:00,19.3,18.9,98,19.05977792431349
2408,2024-04-10 08:00:00,19.0,17.9,93,18.14966776472551
2409,2024-04-10 09:00:00,20.5,17.6,84,18.51115298552368
2410,2024-04-10 10:00:00,21.0,17.9,82,18.74303494222433
2411,2024-04-10 11:00:00,21.1,18.0,83,18.966526868107266
2412,2024-04-10 12:00:00,21.6,17.4,77,18.67897606237568
2413,2024-04-10 13:00:00,21.1,15.4,70,17.30483823874945
2414,2024-04-10 14:00:00,22.5,14.1,59,17.118397143731233
2415,2024-04-10 15:00:00,23.0,14.4,58,17.42566963112847
2416,2024-04-10 16:00:00,22.5,13.7,58,16.980000014109812
2417,2024-04-10 17:00:00,22.5,13.2,56,16.701397073266815
2418,2024-04-10 18:00:00,22.1,12.7,55,16.2091252808436
2419,2024-04-10 19:00:00,21.0,13.2,61,16.040345090728454
2420,2024-04-10 20:00:00,19.0,12.9,68,15.10286277984746
2421,2024-04-10 21:00:00,18.1,12.4,69,14.390148663649029
2422,2024-04-10 22:00:00,17.8,11.5,67,13.87309681186845
2423,2024-04-10 23:00:00,17.1,9.9,63,12.757859774003673
2424,2024-04-11 00:00:00,16.6,7.9,56,11.486597601319925
2425,2024-04-11 01:00:00,16.2,6.0,51,10.549790741703786
2426,2024-04-11 02:00:00,15.9,5.4,50,10.174213663257841
2427,2024-04-11 03:00:00,15.6,5.0,49,9.800810548544758
2428,2024-04-11 04:00:00,15.4,4.8,49,9.629704260708596
2429,2024-04-11 05:00:00,15.2,4.8,50,9.572351322674248
2430,2024-04-11 06:00:00,14.9,4.8,50,9.314409244241205
2431,2024-04-11 07:00:00,14.4,4.8,53,9.21410933432374
2432,2024-04-11 08:00:00,14.9,7.1,60,10.426878156700171
2433,2024-04-11 09:00:00,16.7,8.9,60,12.044378273859532
2434,2024-04-11 10:00:00,18.7,9.6,55,13.217058464307616
2435,2024-04-11 11:00:00,20.7,10.3,51,14.437698946150775
2436,2024-04-11 12:00:00,22.5,10.8,47,15.411098213990059
2437,2024-04-11 13:00:00,24.0,11.1,44,16.213512590747154
2438,2024-04-11 14:00:00,24.9,10.8,41,16.470244661678667
2439,2024-04-11 15:00:00,25.5,10.1,38,16.44415826366462
2440,2024-04-11 16:00:00,25.7,9.1,35,16.066552934958153
2441,2024-04-11 17:00:00,25.2,8.6,35,15.673665076487072
2442,2024-04-11 18:00:00,24.2,10.6,42,16.059851918503032
2443,2024-04-11 19:00:00,22.3,11.2,50,15.676808852848705
2444,2024-04-11 20:00:00,19.6,10.3,55,14.009081457045049
2445,2024-04-11 21:00:00,18.4,9.8,57,13.201703269189366
2446,2024-04-11 22:00:00,17.3,9.6,61,12.702462006920943
2447,2024-04-11 23:00:00,16.1,9.9,66,12.191344308501602
2448,2024-04-12 00:00:00,15.2,10.0,71,11.919631838000786
2449,2024-04-12 01:00:00,14.1,10.1,77,11.539576388958437
2450,2024-04-12 02:00:00,13.0,10.2,83,11.12672972023826
2451,2024-04-12 03:00:00,12.5,10.1,86,10.958477354231508
2452,2024-04-12 04:00:00,12.1,10.1,87,10.672967724197559
2453,2024-04-12 05:00:00,11.6,9.8,88,10.287705723861734
2454,2024-04-12 06:00:00,11.6,9.6,88,10.287705723861734
2455,2024-04-12 07:00:00,11.8,9.8,87,10.379611987150422
2456,2024-04-12 08:00:00,14.6,11.1,80,12.344963476705658
2457,2024-04-12 09:00:00,17.4,12.9,75,14.446051742697495
2458,2024-04-12 10:00:00,20.0,12.4,62,15.266311303848422
2459,2024-04-12 11:00:00,21.9,10.1,47,14.903080421245285
2460,2024-04-12 12:00:00,23.0,8.5,39,14.598758582564813
2461,2024-04-12 13:00:00,23.8,7.8,36,14.74428336274066
2462,2024-04-12 14:00:00,24.3,8.2,36,15.140026099260496
2463,2024-04-12 15:00:00,24.5,9.1,37,15.470970083345446
2464,2024-04-12 16:00:00,24.5,9.2,38,15.641665192160534
2465,2024-04-12 17:00:00,24.0,8.6,38,15.24041560995444
2466,2024-04-12 18:00:00,23.0,8.8,40,14.758015272306384
2467,2024-04-12 19:00:00,21.0,10.9,52,14.833939849957495
2468,2024-04-12 20:00:00,19.0,10.0,56,13.607891608081847
2469,2024-04-12 21:00:00,17.8,10.5,63,13.394185537186505
2470,2024-04-12 22:00:00,17.1,11.6,70,13.578560134366551
2471,2024-04-12 23:00:00,16.1,12.5,79,13.671136133659388
2472,2024-04-13 00:00:00,14.9,12.8,87,13.410945905133318
2473,2024-04-13 01:00:00,14.2,12.6,90,13.056756755016355
2474,2024-04-13 02:00:00,14.6,12.9,90,13.450757628725743
2475,2024-04-13 03:00:00,14.2,12.8,91,13.167186129628334
2476,2024-04-13 04:00:00,14.1,12.9,92,13.17882292418933
2477,2024-04-13 05:00:00,13.2,12.3,94,12.505363068263588
2478,2024-04-13 06:00:00,12.9,12.2,95,12.315365377757725
2479,2024-04-13 07:00:00,13.0,12.4,96,12.523685676673583
2480,2024-04-13 08:00:00,16.2,14.6,90,15.026758359504552
2481,2024-04-13 09:00:00,19.0,16.3,84,17.055537462506138
2482,2024-04-13 10:00:00,21.7,16.6,73,18.255329605602437
2483,2024-04-13 11:00:00,23.2,16.6,66,18.716118092565353
2484,2024-04-13 12:00:00,24.5,16.8,62,19.341497907946597
2485,2024-04-13 13:00:00,25.5,16.0,56,19.35293256027241
2486,2024-04-13 14:00:00,26.0,15.1,51,19.016650887501676
2487,2024-04-13 15:00:00,25.7,15.4,53,19.069277156894056
2488,2024-04-13 16:00:00,25.2,14.6,52,18.479855999362492
2489,2024-04-13 17:00:00,24.5,14.6,54,18.172370821662888
2490,2024-04-13 18:00:00,23.4,14.7,58,17.782204646688736
2491,2024-04-13 19:00:00,22.0,15.3,66,17.613350407962358
2492,2024-04-13 20:00:00,20.4,15.6,74,17.158888517138315
2493,2024-04-13 21:00:00,19.6,16.0,80,17.14525007829206
2494,2024-04-13 22:00:00,18.9,16.0,84,16.95849628320413
2495,2024-04-13 23:00:00,18.6,16.2,86,16.90842296596126
2496,2024-04-14 00:00:00,18.6,16.6,88,17.149530462148892
2497,2024-04-14 01:00:00,18.2,16.8,91,17.116491985314127
2498,2024-04-14 02:00:00,17.9,16.7,93,17.058583509529033
2499,2024-04-14 03:00:00,17.6,16.6,94,16.879600313687693
2500,2024-04-14 04:00:00,17.5,16.6,95,16.898641332989254
2501,2024-04-14 05:00:00,17.5,16.8,95,16.898641332989254
2502,2024-04-14 06:00:00,17.5,16.6,95,16.898641332989254
2503,2024-04-14 07:00:00,17.4,16.5,95,16.799005228942622
2504,2024-04-14 08:00:00,19.2,17.9,92,18.225911769913644
2505,2024-04-14 09:00:00,21.4,18.7,85,19.512062430000775
2506,2024-04-14 10:00:00,23.3,18.5,74,19.894849588337323
2507,2024-04-14 11:00:00,24.8,17.9,66,20.186468721375284
2508,2024-04-14 12:00:00,26.4,16.9,56,20.148386550279614
2509,2024-04-14 13:00:00,27.0,17.2,55,20.521134319604066
2510,2024-04-14 14:00:00,27.6,17.5,54,20.888242340139012
2511,2024-04-14 15:00:00,27.5,17.5,55,20.961130066961914
2512,2024-04-14 16:00:00,27.2,17.2,54,20.537809381239885
2513,2024-04-14 17:00:00,26.7,16.9,55,20.257136437086725
2514,2024-04-14 18:00:00,25.5,17.2,60,19.951966776796336
2515,2024-04-14 19:00:00,24.0,17.7,68,19.72968009302708
2516,2024-04-14 20:00:00,22.4,17.5,74,19.04576025384737
2517,2024-04-14 21:00:00,21.2,17.8,80,18.681330718363597
2518,2024-04-14 22:00:00,20.2,18.2,88,18.717935569640126
2519,2024-04-14 23:00:00,19.6,18.5,93,18.744803902002865
2520,2024-04-15 00:00:00,19.4,18.4,94,18.669052780275376
2521,2024-04-15 01:00:00,19.4,18.3,93,18.54642524600557
2522,2024-04-15 02:00:00,19.3,18.2,94,18.569638872896167
2523,2024-04-15 03:00:00,19.0,18.0,94,18.271397068118194
2524,2024-04-15 04:00:00,19.0,18.1,95,18.393181229051923
2525,2024-04-15 05:00:00,19.6,18.4,93,18.744803902002865
2526,2024-04-15 06:00:00,20.1,18.5,90,18.86824260569645
2527,2024-04-15 07:00:00,20.5,18.6,89,19.137135363173098
2528,2024-04-15 08:00:00,21.4,19.4,88,19.89423673792112
2529,2024-04-15 09:00:00,22.8,19.6,82,20.480564948129718
2530,2024-04-15 10:00:00,23.8,19.7,78,20.908174933183545
2531,2024-04-15 11:00:00,25.1,19.6,72,21.312838648850853
2532,2024-04-15 12:00:00,25.3,20.1,73,21.641223436981466
2533,2024-04-15 13:00:00,26.3,20.1,69,22.00372058193687
2534,2024-04-15 14:00:00,26.5,20.1,68,22.04306396640421
2535,2024-04-15 15:00:00,25.7,20.3,72,21.87538377493146
2536,2024-04-15 16:00:00,26.3,20.2,69,22.00372058193687
2537,2024-04-15 17:00:00,25.2,19.8,72,21.40659622407664
2538,2024-04-15 18:00:00,24.4,19.3,73,20.794752658620137
2539,2024-04-15 19:00:00,23.7,19.2,76,20.54300657782176
2540,2024-04-15 20:00:00,22.6,19.8,84,20.549008130078654
2541,2024-04-15 21:00:00,22.5,19.8,85,20.582267704959936
2542,2024-04-15 22:00:00,21.9,20.0,89,20.512824841910412
2543,2024-04-15 23:00:00,22.0,20.0,89,20.611088264842767
2544,2024-04-16 00:00:00,21.2,20.0,92,20.205151667237523
2545,2024-04-16 01:00:00,21.4,20.1,93,20.530209319962594
2546,2024-04-16 02:00:00,21.2,20.4,95,20.585167615332093
2547,2024-04-16 03:00:00,21.4,20.4,94,20.657328095595698
2548,2024-04-16 04:00:00,21.2,20.2,94,20.4585008028256
2549,2024-04-16 05:00:00,21.4,20.3,94,20.657328095595698
2550,2024-04-16 06:00:00,21.6,20.6,94,20.856155336317247
2551,2024-04-16 07:00:00,22.0,21.0,94,21.25380966269144
2552,2024-04-16 08:00:00,23.1,21.0,88,21.560659644844968
2553,2024-04-16 09:00:00,24.8,20.9,79,22.00029568826898
2554,2024-04-16 10:00:00,25.9,21.4,76,22.63106722092984
2555,2024-04-16 11:00:00,26.0,21.5,77,22.86736728916429
2556,2024-04-16 12:00:00,27.0,21.5,72,23.09422891870167
2557,2024-04-16 13:00:00,27.0,21.4,71,22.947874205077355
2558,2024-04-16 14:00:00,27.8,21.4,68,23.246017650711035
2559,2024-04-16 15:00:00,28.0,21.0,66,23.127149808877594
2560,2024-04-16 16:00:00,27.8,20.7,66,22.94335799017111
2561,2024-04-16 17:00:00,27.4,20.4,66,22.575774061394853
2562,2024-04-16 18:00:00,26.3,21.0,72,22.4379281290887
2563,2024-04-16 19:00:00,25.4,21.0,76,22.15650880880762
2564,2024-04-16 20:00:00,23.4,21.0,87,21.72257924404543
2565,2024-04-16 21:00:00,22.9,21.1,90,21.62621708655446
2566,2024-04-16 22:00:00,23.1,21.4,90,21.823214837043356
2567,2024-04-16 23:00:00,23.3,21.5,90,22.020212532243647
2568,2024-04-17 00:00:00,23.4,21.6,90,22.11871135920197
2569,2024-04-17 01:00:00,23.4,21.6,90,22.11871135920197
2570,2024-04-17 02:00:00,23.4,21.6,90,22.11871135920197
2571,2024-04-17 03:00:00,23.2,21.5,90,21.92171369153626
2572,2024-04-17 04:00:00,23.0,21.5,91,21.855626763748234
2573,2024-04-17 05:00:00,22.9,21.5,92,21.88750123174317
2574,2024-04-17 06:00:00,22.6,21.4,93,21.720477181396575
2575,2024-04-17 07:00:00,22.2,21.4,95,21.581523002790245
2576,2024-04-17 08:00:00,23.0,21.8,93,22.117232718076554
2577,2024-04-17 09:00:00,23.9,21.8,88,22.344857189595682
2578,2024-04-17 10:00:00,25.0,21.6,81,22.466976975767224
2579,2024-04-17 11:00:00,25.9,21.4,76,22.63106722092984
2580,2024-04-17 12:00:00,26.2,21.4,75,22.77348945226576
2581,2024-04-17 13:00:00,26.6,21.1,72,22.71920002109918
2582,2024-04-17 14:00:00,26.5,20.8,71,22.480582657909395
2583,2024-04-17 15:00:00,27.5,20.6,66,22.66767008020406
2584,2024-04-17 16:00:00,28.0,20.4,63,22.666172223848804
2585,2024-04-17 17:00:00,27.4,20.0,64,22.273121424670745
2586,2024-04-17 18:00:00,26.5,20.0,67,21.896169891943078
2587,2024-04-17 19:00:00,25.2,20.1,73,21.54717121334447
2588,2024-04-17 20:00:00,23.0,21.2,90,21.72471596872833
2589,2024-04-17 21:00:00,22.9,21.4,91,21.756895120616818
2590,2024-04-17 22:00:00,23.1,21.6,92,22.085424456129754
2591,2024-04-17 23:00:00,23.2,21.9,92,22.184386048634767
2592,2024-04-18 00:00:00,23.1,22.0,93,22.216421570135296
2593,2024-04-18 01:00:00,22.9,21.9,94,22.14853115077167
2594,2024-04-18 02:00:00,22.6,21.9,95,21.980064808163778
2595,2024-04-18 03:00:00,22.8,21.8,94,22.04911770259834
2596,2024-04-18 04:00:00,22.5,21.9,96,22.009951999175303
2597,2024-04-18 05:00:00,22.6,21.9,96,22.10980680756947
2598,2024-04-18 06:00:00,22.6,21.8,95,21.980064808163778
2599,2024-04-18 07:00:00,22.6,21.8,95,21.980064808163778
2600,2024-04-18 08:00:00,23.2,22.1,94,22.446771420313848
2601,2024-04-18 09:00:00,23.6,21.6,88,22.050783218411027
2602,2024-04-18 10:00:00,25.4,21.5,79,22.57471507173379
2603,2024-04-18 11:00:00,27.2,21.2,70,22.987332485069818
2604,2024-04-18 12:00:00,28.5,21.1,64,23.276732106306106
2605,2024-04-18 13:00:00,29.0,21.5,64,23.732917762551438
2606,2024-04-18 14:00:00,29.7,21.5,61,23.888695793934197
2607,2024-04-18 15:00:00,29.5,21.2,61,23.708276463713773
2608,2024-04-18 16:00:00,29.0,20.9,62,23.416621783224606
2609,2024-04-18 17:00:00,28.1,20.9,65,23.065764300284464
2610,2024-04-18 18:00:00,26.9,21.0,70,22.707867582346683
2611,2024-04-18 19:00:00,25.4,21.0,77,22.296225222943356
2612,2024-04-18 20:00:00,23.5,21.0,86,21.68783970691671
2613,2024-04-18 21:00:00,22.5,21.5,94,21.750877282650062
2614,2024-04-18 22:00:00,23.1,21.6,91,21.954358393382282
2615,2024-04-18 23:00:00,23.3,21.8,91,22.15182161229998
2616,2024-04-19 00:00:00,23.4,22.0,92,22.382309194438815
2617,2024-04-19 01:00:00,23.3,21.9,92,22.283347628059786
2618,2024-04-19 02:00:00,23.0,22.0,94,22.24794458642734
2619,2024-04-19 03:00:00,23.0,22.0,94,22.24794458642734
2620,2024-04-19 04:00:00,23.0,22.0,94,22.24794458642734
2621,2024-04-19 05:00:00,23.0,22.0,94,22.24794458642734
2622,2024-04-19 06:00:00,22.5,21.9,96,22.009951999175303
2623,2024-04-19 07:00:00,22.5,21.5,94,21.750877282650062
2624,2024-04-19 08:00:00,23.5,22.8,96,23.00849954730787
2625,2024-04-19 09:00:00,23.8,22.6,93,22.910743178595023
2626,2024-04-19 10:00:00,24.1,22.0,88,22.540906432297003
2627,2024-04-19 11:00:00,25.0,22.1,84,22.87797654515931
2628,2024-04-19 12:00:00,27.2,21.9,73,23.42821175816955
2629,2024-04-19 13:00:00,28.1,21.4,67,23.371655734196157
2630,2024-04-19 14:00:00,28.1,21.5,67,23.371655734196157
2631,2024-04-19 15:00:00,28.1,21.6,68,23.523621795488314
2632,2024-04-19 16:00:00,28.6,21.4,65,23.523609548218865
2633,2024-04-19 17:00:00,25.2,21.5,80,22.52151119781625
2634,2024-04-19 18:00:00,25.4,21.6,80,22.713519473340327
2635,2024-04-19 19:00:00,24.8,22.0,85,22.81996341793275
2636,2024-04-19 20:00:00,24.1,22.2,89,22.67461682858414
2637,2024-04-19 21:00:00,23.5,22.3,93,22.613176850917405
2638,2024-04-19 22:00:00,22.8,22.2,97,22.43966733021946
2639,2024-04-19 23:00:00,22.6,22.1,97,22.239524040313686
2640,2024-04-20 00:00:00,22.2,21.9,98,21.968079312003145
2641,2024-04-20 01:00:00,22.3,21.9,97,21.939309017714127
2642,2024-04-20 02:00:00,22.4,21.6,96,21.910097178763657
2643,2024-04-20 03:00:00,22.2,21.5,96,21.71038750176593
2644,2024-04-20 04:00:00,22.2,21.4,95,21.581523002790245
2645,2024-04-20 05:00:00,22.2,21.4,95,21.581523002790245
2646,2024-04-20 06:00:00,22.3,21.5,95,21.681158472687105
2647,2024-04-20 07:00:00,22.3,21.5,96,21.810242346304058
2648,2024-04-20 08:00:00,23.1,22.0,94,22.34735800959741
2649,2024-04-20 09:00:00,24.4,21.9,86,22.5656876339329
2650,2024-04-20 10:00:00,25.6,21.6,79,22.766188058428252
2651,2024-04-20 11:00:00,26.6,21.8,75,23.15200547547592
2652,2024-04-20 12:00:00,26.9,21.7,73,23.146056195171305
2653,2024-04-20 13:00:00,24.9,21.1,79,22.096032296579104
2654,2024-04-20 14:00:00,22.9,20.8,88,21.36461011361849
2655,2024-04-20 15:00:00,23.9,21.4,86,22.077994491660238
2656,2024-04-20 16:00:00,23.3,21.4,89,21.888511446626264
2657,2024-04-20 17:00:00,23.3,21.1,87,21.624795999249844
2658,2024-04-20 18:00:00,23.1,21.5,90,21.823214837043356
2659,2024-04-20 19:00:00,23.1,21.5,91,21.954358393382282
2660,2024-04-20 20:00:00,20.3,19.9,97,19.937872785654786
2661,2024-04-20 21:00:00,20.0,19.4,96,19.51357780284087
2662,2024-04-20 22:00:00,18.5,17.5,94,17.774327115816934
2663,2024-04-20 23:00:00,16.4,15.1,92,15.454966065657857
2664,2024-04-21 00:00:00,15.5,13.7,89,14.223933441015998
2665,2024-04-21 01:00:00,16.5,14.6,88,15.09099231326043
2666,2024-04-21 02:00:00,16.9,15.3,91,15.832970413425702
2667,2024-04-21 03:00:00,16.8,15.4,92,15.85081618385318
2668,2024-04-21 04:00:00,14.8,13.9,94,14.095998235130534
2669,2024-04-21 05:00:00,13.3,11.9,92,12.387118914541833
2670,2024-04-21 06:00:00,13.1,11.5,90,11.97325288424977
2671,2024-04-21 07:00:00,12.9,11.1,89,11.669051497965764
2672,2024-04-21 08:00:00,13.0,10.9,87,11.553033832517865
2673,2024-04-21 09:00:00,13.3,10.7,84,11.524159295739171
2674,2024-04-21 10:00:00,14.3,10.8,79,11.94784122621893
2675,2024-04-21 11:00:00,15.4,10.9,75,12.553426716515297
2676,2024-04-21 12:00:00,15.9,10.8,72,12.68703861879795
2677,2024-04-21 13:00:00,17.5,10.9,65,13.359281422461969
2678,2024-04-21 14:00:00,19.4,11.1,59,14.343903805435428
2679,2024-04-21 15:00:00,21.0,10.6,51,14.696888677237055
2680,2024-04-21 16:00:00,20.8,10.1,50,14.387159884932917
2681,2024-04-21 17:00:00,21.0,9.5,48,14.28123611725853
2682,2024-04-21 18:00:00,21.0,9.5,48,14.28123611725853
2683,2024-04-21 19:00:00,19.6,9.8,53,13.749313147573513
2684,2024-04-21 20:00:00,17.6,8.9,57,12.491585873023691
2685,2024-04-21 21:00:00,16.5,9.0,61,11.980750323895851
2686,2024-04-21 22:00:00,15.5,9.3,67,11.75201583607932
2687,2024-04-21 23:00:00,15.1,9.2,68,11.493893104192832
2688,2024-04-22 00:00:00,14.5,8.9,69,11.047543620725035
2689,2024-04-22 01:00:00,13.9,8.6,70,10.597503051353739
2690,2024-04-22 02:00:00,13.7,8.3,70,10.411185872233803
2691,2024-04-22 03:00:00,13.2,8.2,72,10.155509654540847
2692,2024-04-22 04:00:00,12.4,8.4,76,9.817797996912143
2693,2024-04-22 05:00:00,11.9,8.4,79,9.650102188024105
2694,2024-04-22 06:00:00,11.8,8.5,80,9.656777735497734
2695,2024-04-22 07:00:00,11.4,8.6,83,9.578111366707358
2696,2024-04-22 08:00:00,13.4,10.0,80,11.19288623990791
2697,2024-04-22 09:00:00,15.2,10.1,71,11.919631838000786
2698,2024-04-22 10:00:00,17.0,9.4,61,12.43182044259019
2699,2024-04-22 11:00:00,18.2,7.6,50,12.151737817632874
2700,2024-04-22 12:00:00,19.0,6.9,45,12.182801628574893
2701,2024-04-22 13:00:00,19.7,7.8,46,12.905130860996376
2702,2024-04-22 14:00:00,20.2,8.6,47,13.463684529549422
2703,2024-04-22 15:00:00,20.5,8.5,46,13.578880361119825
2704,2024-04-22 16:00:00,20.6,8.7,46,13.663098739475135
2705,2024-04-22 17:00:00,20.4,8.8,47,13.6330261836031
2706,2024-04-22 18:00:00,19.7,8.6,49,13.308427792978442
2707,2024-04-22 19:00:00,18.5,8.6,53,12.789955995582972
2708,2024-04-22 20:00:00,16.9,8.5,58,11.988430381334467
2709,2024-04-22 21:00:00,15.9,8.1,60,11.325491166986975
2710,2024-04-22 22:00:00,15.2,7.8,61,10.807962936983627
2711,2024-04-22 23:00:00,14.6,8.1,65,10.703670203257802
2712,2024-04-23 00:00:00,14.0,8.4,69,10.583289525243163
2713,2024-04-23 01:00:00,13.6,8.8,73,10.636950954965542
2714,2024-04-23 02:00:00,13.2,9.0,75,10.47152664890085
2715,2024-04-23 03:00:00,12.8,9.3,79,10.511756060923293
2716,2024-04-23 04:00:00,12.3,9.6,84,10.553735132701135
2717,2024-04-23 05:00:00,12.5,9.8,83,10.642787120120698
2718,2024-04-23 06:00:00,12.4,10.0,85,10.755755874919661
2719,2024-04-23 07:00:00,12.5,10.5,88,11.169945477135332
2720,2024-04-23 08:00:00,15.8,12.6,81,13.610217904451634
2721,2024-04-23 09:00:00,18.8,14.6,77,16.013615473999646
2722,2024-04-23 10:00:00,21.0,15.1,69,17.082773935526866
2723,2024-04-23 11:00:00,22.9,15.4,63,18.03022005006612
2724,2024-04-23 12:00:00,25.0,15.1,54,18.610417183111
2725,2024-04-23 13:00:00,25.6,15.3,53,18.98206596772826
2726,2024-04-23 14:00:00,24.9,15.8,57,18.97130414647115
2727,2024-04-23 15:00:00,25.1,16.3,58,19.29747194911559
2728,2024-04-23 16:00:00,24.6,16.0,59,18.99787219426956
2729,2024-04-23 17:00:00,24.3,15.9,59,18.72937670964839
2730,2024-04-23 18:00:00,23.9,16.1,62,18.79814353354146
2731,2024-04-23 19:00:00,22.9,16.1,66,18.440426558230286
2732,2024-04-23 20:00:00,21.4,16.8,75,18.231271996632863
2733,2024-04-23 21:00:00,21.2,16.7,76,18.170198496097026
2734,2024-04-23 22:00:00,19.7,16.8,83,17.611509338022692
2735,2024-04-23 23:00:00,19.8,17.0,84,17.83186624258585
2736,2024-04-24 00:00:00,18.9,17.2,90,17.6862499971054
2737,2024-04-24 01:00:00,18.6,17.4,92,17.632138680379718
2738,2024-04-24 02:00:00,19.4,17.8,90,18.17874718413767
2739,2024-04-24 03:00:00,19.1,18.0,93,18.248857156300584
2740,2024-04-24 04:00:00,19.4,18.0,92,18.423836016328828
2741,2024-04-24 05:00:00,19.6,18.2,91,18.498743085663893
2742,2024-04-24 06:00:00,19.8,18.4,91,18.69620728948127
2743,2024-04-24 07:00:00,19.9,18.5,91,18.794939369318854
2744,2024-04-24 08:00:00,20.9,19.2,90,19.656236474991374
2745,2024-04-24 09:00:00,22.0,19.5,86,20.22475707164482
2746,2024-04-24 10:00:00,23.2,19.5,79,20.468507487997062
2747,2024-04-24 11:00:00,25.0,19.1,70,20.9379185278721
2748,2024-04-24 12:00:00,25.5,18.9,67,20.973988080145972
2749,2024-04-24 13:00:00,26.1,19.3,66,21.38112355456142
2750,2024-04-24 14:00:00,26.1,19.3,66,21.38112355456142
2751,2024-04-24 15:00:00,26.9,19.3,63,21.666267230307085
2752,2024-04-24 16:00:00,27.1,19.2,62,21.696020966541024
2753,2024-04-24 17:00:00,26.3,18.8,63,21.12086311070129
2754,2024-04-24 18:00:00,25.1,18.6,67,20.605114652558807
2755,2024-04-24 19:00:00,23.8,18.7,73,20.230437835504286
2756,2024-04-24 20:00:00,22.6,18.8,79,19.894085688421725
2757,2024-04-24 21:00:00,21.5,19.1,86,19.73706207342209
2758,2024-04-24 22:00:00,20.5,19.3,93,19.637507164915824
2759,2024-04-24 23:00:00,20.1,19.1,94,19.36494974999251
2760,2024-04-25 00:00:00,19.9,18.8,93,19.042371781038725
2761,2024-04-25 01:00:00,19.6,18.4,92,18.621760204885693
2762,2024-04-25 02:00:00,19.4,18.2,93,18.54642524600557
2763,2024-04-25 03:00:00,19.5,18.6,95,18.8913605135272
2764,2024-04-25 04:00:00,19.7,19.0,96,19.214012371193306
2765,2024-04-25 05:00:00,20.5,19.6,95,19.887718087684394
2766,2024-04-25 06:00:00,21.2,20.0,93,20.33183115768581
2767,2024-04-25 07:00:00,21.6,20.4,93,20.728587428814095
2768,2024-04-25 08:00:00,22.5,20.8,90,21.232221418531488
2769,2024-04-25 09:00:00,23.1,21.1,89,21.691984960689492
2770,2024-04-25 10:00:00,24.9,21.1,80,22.233498655592143
2771,2024-04-25 11:00:00,26.0,21.2,75,22.58423132512904
2772,2024-04-25 12:00:00,26.4,21.2,73,22.67579652157496
2773,2024-04-25 13:00:00,27.1,20.9,69,22.746499062207175
2774,2024-04-25 14:00:00,27.7,20.9,66,22.851462044514044
2775,2024-04-25 15:00:00,28.0,21.1,67,23.279438046588027
2776,2024-04-25 16:00:00,27.3,21.1,69,22.932193455553108
2777,2024-04-25 17:00:00,27.1,20.7,68,22.59827384688673
2778,2024-04-25 18:00:00,25.6,20.6,74,22.06473667767596
2779,2024-04-25 19:00:00,24.7,20.5,77,21.62989196414817
2780,2024-04-25 20:00:00,23.9,20.9,83,21.67655164032368
2781,2024-04-25 21:00:00,22.9,21.1,90,21.62621708655446
2782,2024-04-25 22:00:00,22.4,21.1,93,21.522099335522135
2783,2024-04-25 23:00:00,22.3,21.0,93,21.422910393083637
2784,2024-04-26 00:00:00,22.1,21.0,93,21.224532469034667
2785,2024-04-26 01:00:00,22.4,21.0,92,21.392692939473967
2786,2024-04-26 02:00:00,22.5,21.0,91,21.36196841240409
2787,2024-04-26 03:00:00,22.5,21.0,91,21.36196841240409
2788,2024-04-26 04:00:00,22.4,20.9,91,21.263236701249674
2789,2024-04-26 05:00:00,22.2,20.8,92,21.19476952931612
2790,2024-04-26 06:00:00,21.9,20.5,92,20.897884313291357
2791,2024-04-26 07:00:00,21.9,20.5,91,20.769577939058117
2792,2024-04-26 08:00:00,23.2,20.8,86,21.395223458582723
2793,2024-04-26 09:00:00,24.3,21.0,82,21.928502306571477
2794,2024-04-26 10:00:00,25.4,20.2,73,21.735275639567103
2795,2024-04-26 11:00:00,26.4,20.0,68,21.95052890383084
2796,2024-04-26 12:00:00,27.0,19.9,65,22.058502560010027
2797,2024-04-26 13:00:00,27.5,19.8,63,22.211670359160113
2798,2024-04-26 14:00:00,26.6,20.3,68,22.135599005283606
2799,2024-04-26 15:00:00,26.5,21.0,72,22.625442744707033
2800,2024-04-26 16:00:00,27.5,20.6,66,22.66767008020406
2801,2024-04-26 17:00:00,27.0,20.6,68,22.50573892535775
2802,2024-04-26 18:00:00,27.0,21.0,70,22.801022571807543
2803,2024-04-26 19:00:00,26.0,21.4,76,22.72597884643557
2804,2024-04-26 20:00:00,22.8,21.9,94,22.04911770259834
2805,2024-04-26 21:00:00,23.2,22.0,93,22.315610409415847
2806,2024-04-26 22:00:00,20.4,20.0,98,20.1629279124439
2807,2024-04-26 23:00:00,23.3,22.2,94,22.54618481860849
2808,2024-04-27 00:00:00,23.3,22.1,93,22.414799235951172
2809,2024-04-27 01:00:00,23.2,22.0,93,22.315610409415847
2810,2024-04-27 02:00:00,23.2,22.0,93,22.315610409415847
2811,2024-04-27 03:00:00,23.0,21.9,93,22.117232718076554
2812,2024-04-27 04:00:00,22.9,21.6,93,22.018043853206557
2813,2024-04-27 05:00:00,22.8,21.5,93,21.918854975492117
2814,2024-04-27 06:00:00,22.6,21.5,93,21.720477181396575
2815,2024-04-27 07:00:00,22.7,21.5,93,21.819666084899925
2816,2024-04-27 08:00:00,23.9,22.0,89,22.47809056676599
2817,2024-04-27 09:00:00,25.4,21.8,81,22.852049940502162
2818,2024-04-27 10:00:00,26.5,21.4,73,22.76984849677022
2819,2024-04-27 11:00:00,27.5,20.8,67,22.81834925723874
2820,2024-04-27 12:00:00,28.2,20.9,65,23.157333399111423
2821,2024-04-27 13:00:00,27.9,21.3,67,23.187220335658015
2822,2024-04-27 14:00:00,27.9,21.6,69,23.48927610044232
2823,2024-04-27 15:00:00,28.1,21.4,67,23.371655734196157
2824,2024-04-27 16:00:00,28.0,21.2,67,23.279438046588027
2825,2024-04-27 17:00:00,27.3,21.3,70,23.080487409006178
2826,2024-04-27 18:00:00,26.5,21.2,73,22.76984849677022
2827,2024-04-27 19:00:00,25.5,21.2,78,22.531087346506805
2828,2024-04-27 20:00:00,24.5,22.4,88,22.933004747658508
2829,2024-04-27 21:00:00,24.0,22.0,89,22.57635370460449
2830,2024-04-27 22:00:00,23.7,21.6,88,22.148807889808083
2831,2024-04-27 23:00:00,23.4,21.2,88,21.854733832417395
2832,2024-04-28 00:00:00,23.2,21.0,87,21.52701273955267
2833,2024-04-28 01:00:00,23.0,20.7,87,21.33144617529103
2834,2024-04-28 02:00:00,22.9,20.5,86,21.102607072040147
2835,2024-04-28 03:00:00,22.6,20.2,87,20.940312866152453
2836,2024-04-28 04:00:00,22.5,20.0,86,20.712451673010985
2837,2024-04-28 05:00:00,22.4,19.9,86,20.614912784222714
2838,2024-04-28 06:00:00,22.4,19.8,85,20.48497639771707
2839,2024-04-28 07:00:00,22.4,19.6,84,20.35492700828649
2840,2024-04-28 08:00:00,23.5,20.6,84,21.422372366338244
2841,2024-04-28 09:00:00,25.0,20.7,77,21.91546347372221
2842,2024-04-28 10:00:00,26.2,20.1,69,21.910873168699656
2843,2024-04-28 11:00:00,26.8,20.2,68,22.32066901226037
2844,2024-04-28 12:00:00,27.9,20.2,63,22.575271904330684
2845,2024-04-28 13:00:00,27.9,20.5,64,22.729308484166022
2846,2024-04-28 14:00:00,26.6,21.5,74,23.008162462758296
2847,2024-04-28 15:00:00,27.3,21.6,71,23.22824887791015
2848,2024-04-28 16:00:00,27.5,21.5,70,23.26679719182461
2849,2024-04-28 17:00:00,26.5,21.6,75,23.057376498414033
2850,2024-04-28 18:00:00,24.5,21.1,81,21.985635391723704
2851,2024-04-28 19:00:00,22.6,21.5,94,21.850290768569874
2852,2024-04-28 20:00:00,22.0,19.9,88,20.48238649275784
2853,2024-04-28 21:00:00,20.6,18.5,88,19.110036207954064
2854,2024-04-28 22:00:00,20.6,18.7,89,19.235398995028316
2855,2024-04-28 23:00:00,20.5,18.9,91,19.3873315418428
2856,2024-04-29 00:00:00,19.9,18.6,92,18.918646379915195
2857,2024-04-29 01:00:00,19.9,18.5,92,18.918646379915195
2858,2024-04-29 02:00:00,20.2,18.9,92,19.215532426500058
2859,2024-04-29 03:00:00,20.0,18.9,93,19.141561046209926
2860,2024-04-29 04:00:00,19.9,18.9,94,19.166122112202896
2861,2024-04-29 05:00:00,20.1,18.9,92,19.116570425179752
2862,2024-04-29 06:00:00,20.4,19.5,94,19.663191105800617
2863,2024-04-29 07:00:00,20.1,19.5,96,19.61343292105659
2864,2024-04-29 08:00:00,20.3,18.1,87,18.691291538890415
2865,2024-04-29 09:00:00,21.8,19.3,86,20.02967912028772
2866,2024-04-29 10:00:00,23.3,20.4,84,21.228291538785147
2867,2024-04-29 11:00:00,25.8,21.2,76,22.536155576525747
2868,2024-04-29 12:00:00,26.7,21.1,72,22.812957276631504
2869,2024-04-29 13:00:00,27.7,21.0,67,23.002784843536908
2870,2024-04-29 14:00:00,28.4,20.5,62,22.873275220802046
2871,2024-04-29 15:00:00,28.9,20.1,59,22.84627516915027
2872,2024-04-29 16:00:00,29.5,19.6,55,22.721104312207597
2873,2024-04-29 17:00:00,27.1,22.3,75,23.62515007591201
2874,2024-04-29 18:00:00,26.1,21.5,76,22.82089045309846
2875,2024-04-29 19:00:00,25.6,21.4,78,22.62655261771425
2876,2024-04-29 20:00:00,22.6,20.0,85,20.679558996106362
2877,2024-04-29 21:00:00,21.5,20.1,92,20.50203716896242
2878,2024-04-29 22:00:00,20.6,19.8,95,19.987353773158215
2879,2024-04-29 23:00:00,20.0,19.5,97,19.637656929477213
2880,2024-04-30 00:00:00,19.5,19.1,98,19.26035075971458
2881,2024-04-30 01:00:00,19.4,19.0,98,19.16006434819324
2882,2024-04-30 02:00:00,18.4,18.1,99,18.277986309281122
2883,2024-04-30 03:00:00,17.8,17.8,100,17.674995171813144
2884,2024-04-30 04:00:00,17.8,17.8,100,17.674995171813144
2885,2024-04-30 05:00:00,18.3,18.3,100,18.177487817450995
2886,2024-04-30 06:00:00,18.6,18.5,100,18.478983255897646
2887,2024-04-30 07:00:00,18.9,18.6,99,18.780478583684317
2888,2024-04-30 08:00:00,20.1,20.0,99,19.986458804954133
2889,2024-04-30 09:00:00,22.0,20.4,90,20.739726517217214
2890,2024-04-30 10:00:00,24.1,20.0,78,21.19457163176572
2891,2024-04-30 11:00:00,25.9,20.2,71,21.919832088622158
2892,2024-04-30 12:00:00,27.4,20.2,65,22.424779910183208
2893,2024-04-30 13:00:00,27.9,20.8,65,22.88262602821396
2894,2024-04-30 14:00:00,28.3,21.1,65,23.248902473239195
2895,2024-04-30 15:00:00,28.0,21.1,66,23.127149808877594
2896,2024-04-30 16:00:00,27.3,21.6,71,23.22824887791015
2897,2024-04-30 17:00:00,26.7,21.5,73,22.957952386324976
2898,2024-04-30 18:00:00,25.8,20.8,74,22.253421994664897
2899,2024-04-30 19:00:00,25.0,20.9,78,22.053760718886572
2900,2024-04-30 20:00:00,23.5,20.5,83,21.289406054163347
2901,2024-04-30 21:00:00,22.6,20.4,87,20.940312866152453
2902,2024-04-30 22:00:00,22.0,20.5,91,20.868309719140797
2903,2024-04-30 23:00:00,21.5,20.6,95,20.88407436391096
2904,2024-05-01 00:00:00,21.1,20.5,96,20.61198340581451
2905,2024-05-01 01:00:00,20.9,20.3,96,20.412273409521916
2906,2024-05-01 02:00:00,21.0,20.3,96,20.512128413911014
2907,2024-05-01 03:00:00,20.8,20.2,97,20.438232298568924
2908,2024-05-01 04:00:00,20.4,20.0,98,20.1629279124439
2909,2024-05-01 05:00:00,20.5,20.1,98,20.2632142020973
2910,2024-05-01 06:00:00,20.9,20.5,98,20.664359240839257
2911,2024-05-01 07:00:00,22.0,21.2,96,21.51067777633127
2912,2024-05-01 08:00:00,23.4,21.5,89,21.98677466839636
2913,2024-05-01 09:00:00,24.9,21.5,82,22.507676192105755
2914,2024-05-01 10:00:00,23.5,21.4,88,21.952758532627048
2915,2024-05-01 11:00:00,25.2,22.2,83,22.934773001593964
2916,2024-05-01 12:00:00,25.1,21.6,81,22.563245242016748
2917,2024-05-01 13:00:00,23.6,21.5,88,22.050783218411027
2918,2024-05-01 14:00:00,25.9,22.0,79,23.05339740755047
2919,2024-05-01 15:00:00,24.8,21.8,84,22.6838961918918
2920,2024-05-01 16:00:00,24.5,21.9,86,22.663226217641782
2921,2024-05-01 17:00:00,24.8,22.1,85,22.81996341793275
2922,2024-05-01 18:00:00,24.0,22.0,89,22.57635370460449
2923,2024-05-01 19:00:00,23.4,21.8,91,22.250553201654164
2924,2024-05-01 20:00:00,23.9,23.1,96,23.40791823678299
2925,2024-05-01 21:00:00,23.5,22.8,96,23.00849954730787
2926,2024-05-01 22:00:00,22.7,21.5,93,21.819666084899925
2927,2024-05-01 23:00:00,22.7,22.0,96,22.209661603976528
2928,2024-05-02 00:00:00,23.7,23.1,97,23.34031156242178
2929,2024-05-02 01:00:00,23.9,23.2,96,23.40791823678299
2930,2024-05-02 02:00:00,23.7,23.0,96,23.20820891536487
2931,2024-05-02 03:00:00,23.5,22.9,96,23.00849954730787
2932,2024-05-02 04:00:00,23.5,22.8,95,22.876783153995458
2933,2024-05-02 05:00:00,23.4,22.3,94,22.64559820451308
2934,2024-05-02 06:00:00,23.2,22.4,95,22.57787714797971
2935,2024-05-02 07:00:00,23.2,22.5,95,22.57787714797971
2936,2024-05-02 08:00:00,24.1,22.5,90,22.80820276597292
2937,2024-05-02 09:00:00,23.6,22.0,91,22.44801634032862
2938,2024-05-02 10:00:00,22.9,21.5,92,21.88750123174317
2939,2024-05-02 11:00:00,23.1,21.3,89,21.691984960689492
2940,2024-05-02 12:00:00,22.9,21.8,94,22.14853115077167
2941,2024-05-02 13:00:00,23.0,22.0,94,22.24794458642734
2942,2024-05-02 14:00:00,23.4,21.2,87,21.72257924404543
2943,2024-05-02 15:00:00,22.7,21.3,92,21.68957795462565
2944,2024-05-02 16:00:00,23.0,21.4,91,21.855626763748234
2945,2024-05-02 17:00:00,24.8,22.5,87,23.09154312890733
2946,2024-05-02 18:00:00,25.1,22.4,85,23.111836171698894
2947,2024-05-02 19:00:00,24.9,22.2,85,22.917254350905985
2948,2024-05-02 20:00:00,23.8,21.3,86,21.980455818174836
2949,2024-05-02 21:00:00,23.2,21.1,88,21.658684388565447
2950,2024-05-02 22:00:00,23.0,21.2,90,21.72471596872833
2951,2024-05-02 23:00:00,22.6,21.5,94,21.850290768569874
2952,2024-05-03 00:00:00,22.8,21.8,94,22.04911770259834
2953,2024-05-03 01:00:00,23.6,22.4,93,22.712365639413665
2954,2024-05-03 02:00:00,23.0,22.3,96,22.509225921577208
2955,2024-05-03 03:00:00,23.0,22.2,96,22.509225921577208
2956,2024-05-03 04:00:00,23.0,22.2,96,22.509225921577208
2957,2024-05-03 05:00:00,21.1,21.0,99,20.99144101833301
2958,2024-05-03 06:00:00,20.6,20.4,98,20.363500479733208
2959,2024-05-03 07:00:00,21.4,20.6,95,20.784438793741895
2960,2024-05-03 08:00:00,21.9,21.2,96,21.410822895373066
2961,2024-05-03 09:00:00,22.2,21.4,95,21.581523002790245
2962,2024-05-03 10:00:00,23.1,21.1,89,21.691984960689492
2963,2024-05-03 11:00:00,25.0,21.6,81,22.466976975767224
2964,2024-05-03 12:00:00,24.8,20.8,78,21.862829940113556
2965,2024-05-03 13:00:00,25.8,20.4,72,21.969141220513162
2966,2024-05-03 14:00:00,26.5,20.2,69,22.189415339176808
2967,2024-05-03 15:00:00,25.6,19.5,69,21.35378820002493
2968,2024-05-03 16:00:00,25.4,19.4,70,21.310540064508714
2969,2024-05-03 17:00:00,25.5,18.9,67,20.973988080145972
2970,2024-05-03 18:00:00,25.0,19.2,70,20.9379185278721
2971,2024-05-03 19:00:00,24.1,18.9,72,20.37526168406683
2972,2024-05-03 20:00:00,23.8,20.6,82,21.445856944566877
2973,2024-05-03 21:00:00,23.2,20.4,84,21.131251100751275
2974,2024-05-03 22:00:00,22.9,20.3,85,20.971432773414488
2975,2024-05-03 23:00:00,22.5,20.0,86,20.712451673010985
2976,2024-05-04 00:00:00,22.2,20.1,88,20.678436290406445
2977,2024-05-04 01:00:00,22.1,20.4,90,20.838225525794957
2978,2024-05-04 02:00:00,21.4,20.6,95,20.784438793741895
2979,2024-05-04 03:00:00,21.1,20.4,96,20.61198340581451
2980,2024-05-04 04:00:00,20.9,20.1,96,20.412273409521916
2981,2024-05-04 05:00:00,21.0,20.5,97,20.638376017884635
2982,2024-05-04 06:00:00,21.7,21.1,96,21.21111309681995
2983,2024-05-04 07:00:00,22.2,21.5,95,21.581523002790245
2984,2024-05-04 08:00:00,23.6,21.5,88,22.050783218411027
2985,2024-05-04 09:00:00,25.0,21.5,81,22.466976975767224
2986,2024-05-04 10:00:00,26.5,21.2,73,22.76984849677022
2987,2024-05-04 11:00:00,27.5,21.2,69,23.117887759337957
2988,2024-05-04 12:00:00,26.1,22.5,80,23.38554790225918
2989,2024-05-04 13:00:00,27.3,22.7,76,23.959828283227953
2990,2024-05-04 14:00:00,27.9,22.0,70,23.639416499104712
2991,2024-05-04 15:00:00,27.9,21.8,69,23.48927610044232
2992,2024-05-04 16:00:00,27.1,22.0,73,23.334159923792914
2993,2024-05-04 17:00:00,26.6,22.1,76,23.29544820569838
2994,2024-05-04 18:00:00,26.0,21.8,77,22.86736728916429
2995,2024-05-04 19:00:00,25.0,21.9,82,22.60420511546731
2996,2024-05-04 20:00:00,23.6,23.0,96,23.108354237180855
2997,2024-05-04 21:00:00,23.5,22.5,94,22.745011578059245
2998,2024-05-04 22:00:00,23.7,23.0,96,23.20820891536487
2999,2024-05-04 23:00:00,23.8,23.1,96,23.308063581889193
3000,2024-05-05 00:00:00,23.6,23.0,96,23.108354237180855
3001,2024-05-05 01:00:00,23.5,22.9,96,23.00849954730787
3002,2024-05-05 02:00:00,23.3,22.5,96,22.80879013237745
3003,2024-05-05 03:00:00,23.2,22.4,95,22.57787714797971
3004,2024-05-05 04:00:00,23.1,22.2,95,22.47824178846359
3005,2024-05-05 05:00:00,23.0,22.0,94,22.24794458642734
3006,2024-05-05 06:00:00,23.0,22.0,94,22.24794458642734
3007,2024-05-05 07:00:00,22.9,21.8,94,22.14853115077167
3008,2024-05-05 08:00:00,21.7,20.8,94,20.95556893724415
3009,2024-05-05 09:00:00,22.2,20.7,91,21.065773237766347
3010,2024-05-05 10:00:00,22.2,21.0,93,21.323721437599147
3011,2024-05-05 11:00:00,22.3,21.0,92,21.293731241090732
3012,2024-05-05 12:00:00,23.4,21.5,89,21.98677466839636
3013,2024-05-05 13:00:00,25.9,21.6,77,22.77217699085533
3014,2024-05-05 14:00:00,23.1,21.5,90,21.823214837043356
3015,2024-05-05 15:00:00,25.1,21.6,81,22.563245242016748
3016,2024-05-05 16:00:00,26.0,21.2,75,22.58423132512904
3017,2024-05-05 17:00:00,26.4,21.0,72,22.531685447391485
3018,2024-05-05 18:00:00,26.1,20.2,70,21.962626869728936
3019,2024-05-05 19:00:00,25.3,20.0,73,21.641223436981466
3020,2024-05-05 20:00:00,23.9,22.2,90,22.61120528902507
3021,2024-05-05 21:00:00,23.5,22.2,93,22.613176850917405
3022,2024-05-05 22:00:00,23.0,22.1,95,22.378606416807475
3023,2024-05-05 23:00:00,23.0,22.2,95,22.378606416807475
3024,2024-05-06 00:00:00,22.5,22.0,97,22.139452377841987
3025,2024-05-06 01:00:00,22.8,22.2,96,22.309516388426744
3026,2024-05-06 02:00:00,23.0,22.2,95,22.378606416807475
3027,2024-05-06 03:00:00,23.0,22.2,95,22.378606416807475
3028,2024-05-06 04:00:00,23.0,22.2,96,22.509225921577208
3029,2024-05-06 05:00:00,23.0,22.2,96,22.509225921577208
3030,2024-05-06 06:00:00,23.0,22.2,95,22.378606416807475
3031,2024-05-06 07:00:00,22.7,22.0,96,22.209661603976528
3032,2024-05-06 08:00:00,24.4,22.8,91,23.23786836632849
3033,2024-05-06 09:00:00,25.1,23.0,88,23.52115180010784
3034,2024-05-06 10:00:00,26.6,22.9,80,23.865567705406427
3035,2024-05-06 11:00:00,27.5,22.6,75,24.003665417747523
3036,2024-05-06 12:00:00,28.5,22.5,70,24.198344822000575
3037,2024-05-06 13:00:00,29.0,22.4,67,24.201613885208644
3038,2024-05-06 14:00:00,29.0,22.2,67,24.201613885208644
3039,2024-05-06 15:00:00,29.1,22.4,67,24.293831343589233
3040,2024-05-06 16:00:00,29.1,21.7,64,23.824154818901476
3041,2024-05-06 17:00:00,28.1,22.4,71,23.97591375053652
3042,2024-05-06 18:00:00,27.6,22.8,75,24.098294206648845
3043,2024-05-06 19:00:00,26.9,23.1,80,24.153579388829545
3044,2024-05-06 20:00:00,25.4,23.5,89,23.952036195699282
3045,2024-05-06 21:00:00,24.8,23.7,94,24.03738432374144
3046,2024-05-06 22:00:00,25.0,23.9,94,24.236210719425056
3047,2024-05-06 23:00:00,25.0,23.8,93,24.101007368427396
3048,2024-05-07 00:00:00,24.9,23.9,94,24.136797527531552
3049,2024-05-07 01:00:00,24.8,24.0,96,24.30660961221891
3050,2024-05-07 02:00:00,24.6,24.0,96,24.106900497814898
3051,2024-05-07 03:00:00,24.6,24.0,96,24.106900497814898
3052,2024-05-07 04:00:00,24.5,24.0,97,24.140883439271978
3053,2024-05-07 05:00:00,24.8,24.0,96,24.30660961221891
3054,2024-05-07 06:00:00,24.8,23.9,95,24.17204127400362
3055,2024-05-07 07:00:00,24.9,23.9,94,24.136797527531552
3056,2024-05-07 08:00:00,25.0,24.1,95,24.371311577927347
3057,2024-05-07 09:00:00,25.5,24.1,93,24.59695026048654
3058,2024-05-07 10:00:00,26.1,24.0,88,24.501395785599847
3059,2024-05-07 11:00:00,28.0,24.0,79,25.063858559388002
3060,2024-05-07 12:00:00,29.0,24.0,74,25.272376441798073
3061,2024-05-07 13:00:00,29.7,24.2,73,25.779501308651962
3062,2024-05-07 14:00:00,30.0,24.5,72,25.90693540834334
3063,2024-05-07 15:00:00,30.5,24.4,70,26.06143386714842
3064,2024-05-07 16:00:00,30.1,24.4,71,25.845070247214053
3065,2024-05-07 17:00:00,29.0,24.5,77,25.72306796198307
3066,2024-05-07 18:00:00,28.5,24.0,77,25.24711893486076
3067,2024-05-07 19:00:00,27.4,23.6,80,24.63359853442938
3068,2024-05-07 20:00:00,26.0,23.1,84,23.84837739176672
3069,2024-05-07 21:00:00,24.7,23.0,91,23.534062660440718
3070,2024-05-07 22:00:00,24.2,23.4,95,23.574230082162668
3071,2024-05-07 23:00:00,24.4,23.6,95,23.77350052635582
3072,2024-05-08 00:00:00,24.6,23.8,95,23.972770923557707
3073,2024-05-08 01:00:00,24.7,23.9,95,24.07240610461051
3074,2024-05-08 02:00:00,24.8,23.9,94,24.03738432374144
3075,2024-05-08 03:00:00,24.8,24.0,95,24.17204127400362
3076,2024-05-08 04:00:00,24.7,24.0,96,24.206755060703063
3077,2024-05-08 05:00:00,24.7,24.0,96,24.206755060703063
3078,2024-05-08 06:00:00,24.7,24.0,96,24.206755060703063
3079,2024-05-08 07:00:00,24.8,24.2,96,24.30660961221891
3080,2024-05-08 08:00:00,25.9,24.7,93,24.993704357633607
3081,2024-05-08 09:00:00,26.9,24.5,87,25.144983728826904
3082,2024-05-08 10:00:00,28.0,24.4,81,25.355017867546064
3083,2024-05-08 11:00:00,29.5,24.5,75,25.896237738653447
3084,2024-05-08 12:00:00,30.4,24.5,71,26.125443042667843
3085,2024-05-08 13:00:00,30.9,24.2,68,26.114584282330792
3086,2024-05-08 14:00:00,31.4,24.1,66,26.251596477519872
3087,2024-05-08 15:00:00,31.2,24.0,65,25.904395224969537
3088,2024-05-08 16:00:00,31.0,24.0,66,25.884015867420132
3089,2024-05-08 17:00:00,30.4,24.0,69,25.810445433876172
3090,2024-05-08 18:00:00,29.0,23.9,74,25.272376441798073
3091,2024-05-08 19:00:00,28.0,23.8,78,24.917713848739805
3092,2024-05-08 20:00:00,27.0,23.6,82,24.53478021458787
3093,2024-05-08 21:00:00,25.6,23.8,90,24.28568214598439
3094,2024-05-08 22:00:00,24.8,24.0,96,24.30660961221891
3095,2024-05-08 23:00:00,24.6,24.1,97,24.24095487341604
3096,2024-05-09 00:00:00,24.5,24.0,98,24.274656247600777
3097,2024-05-09 01:00:00,24.4,24.1,98,24.174370415930344
3098,2024-05-09 02:00:00,24.6,24.2,98,24.374942068392837
3099,2024-05-09 03:00:00,24.7,24.2,97,24.341026296438404
3100,2024-05-09 04:00:00,24.8,24.2,97,24.441097708366474
3101,2024-05-09 05:00:00,24.8,24.4,97,24.441097708366474
3102,2024-05-09 06:00:00,25.0,24.5,97,24.641240499048823
3103,2024-05-09 07:00:00,25.1,24.5,96,24.606173198814272
3104,2024-05-09 08:00:00,26.2,25.1,93,25.29126980547337
3105,2024-05-09 09:00:00,27.0,25.0,89,25.52424155648995
3106,2024-05-09 10:00:00,28.5,24.8,80,25.689639242127175
3107,2024-05-09 11:00:00,29.3,24.8,77,26.00863717640018
3108,2024-05-09 12:00:00,29.5,24.8,76,26.04787425067064
3109,2024-05-09 13:00:00,30.5,25.1,73,26.53191148657347
3110,2024-05-09 14:00:00,29.3,24.8,77,26.00863717640018
3111,2024-05-09 15:00:00,28.7,25.0,81,26.028892032542053
3112,2024-05-09 16:00:00,29.4,25.4,79,26.404161967412954
3113,2024-05-09 17:00:00,29.4,25.0,77,26.103826881181043
3114,2024-05-09 18:00:00,28.7,24.6,79,25.73401065558679
3115,2024-05-09 19:00:00,27.9,24.1,80,25.113617276484863
3116,2024-05-09 20:00:00,26.2,24.6,91,25.015032405829288
3117,2024-05-09 21:00:00,26.2,24.6,91,25.015032405829288
3118,2024-05-09 22:00:00,25.7,24.6,94,24.932102732078743
3119,2024-05-09 23:00:00,25.0,24.5,97,24.641240499048823
3120,2024-05-10 00:00:00,24.9,24.5,97,24.541169109227543
3121,2024-05-10 01:00:00,24.9,23.9,94,24.136797527531552
3122,2024-05-10 02:00:00,24.1,22.6,91,22.941673955106587
3123,2024-05-10 03:00:00,24.0,22.2,90,22.709704034247675
3124,2024-05-10 04:00:00,24.0,22.1,89,22.57635370460449
3125,2024-05-10 05:00:00,23.8,22.0,90,22.512706530269526
3126,2024-05-10 06:00:00,22.6,21.6,94,21.850290768569874
3127,2024-05-10 07:00:00,21.8,21.1,96,21.310968002212995
3128,2024-05-10 08:00:00,23.2,21.1,88,21.658684388565447
3129,2024-05-10 09:00:00,24.6,21.5,83,22.3540557876477
3130,2024-05-10 10:00:00,25.8,21.8,78,22.817483106231094
3131,2024-05-10 11:00:00,27.1,22.0,73,23.334159923792914
3132,2024-05-10 12:00:00,27.9,21.4,68,23.3385523882847
3133,2024-05-10 13:00:00,28.4,21.3,65,23.340471522747087
3134,2024-05-10 14:00:00,29.4,21.4,62,23.77885229297768
3135,2024-05-10 15:00:00,30.3,21.4,59,24.09923142216411
3136,2024-05-10 16:00:00,30.9,21.1,56,24.125614873116927
3137,2024-05-10 17:00:00,30.8,20.0,53,23.516996660021118
3138,2024-05-10 18:00:00,30.1,19.1,52,22.73332849991128
3139,2024-05-10 19:00:00,28.3,20.4,62,22.782717366188812
3140,2024-05-10 20:00:00,25.9,18.5,64,20.904556274314185
3141,2024-05-10 21:00:00,24.8,18.0,66,20.186468721375284
3142,2024-05-10 22:00:00,24.2,17.8,67,19.775147934966434
3143,2024-05-10 23:00:00,24.0,17.4,67,19.590710598857548
3144,2024-05-11 00:00:00,23.5,17.3,68,19.26700143318678
3145,2024-05-11 01:00:00,22.9,16.9,69,18.846895077933862
3146,2024-05-11 02:00:00,22.1,16.5,70,18.23640092467805
3147,2024-05-11 03:00:00,21.5,16.3,72,17.937550849908103
3148,2024-05-11 04:00:00,21.5,16.1,71,17.80763607867449
3149,2024-05-11 05:00:00,20.9,16.4,75,17.758121513098285
3150,2024-05-11 06:00:00,20.8,16.4,76,17.790547966702047
3151,2024-05-11 07:00:00,20.8,16.6,77,17.91744619729499
3152,2024-05-11 08:00:00,22.3,17.5,74,18.95141688377406
3153,2024-05-11 09:00:00,23.5,17.7,70,19.540584402969486
3154,2024-05-11 10:00:00,24.3,17.8,67,19.867366563437784
3155,2024-05-11 11:00:00,25.1,17.6,63,20.030051818275517
3156,2024-05-11 12:00:00,25.9,17.0,58,20.010535391937285
3157,2024-05-11 13:00:00,25.7,17.0,58,19.832269736805976
3158,2024-05-11 14:00:00,26.1,16.8,57,20.036443231201964
3159,2024-05-11 15:00:00,26.5,17.1,56,20.23677014650723
3160,2024-05-11 16:00:00,26.5,17.3,57,20.391488466925168
3161,2024-05-11 17:00:00,25.6,16.9,59,19.89285493704434
3162,2024-05-11 18:00:00,23.9,17.5,67,19.498491891045852
3163,2024-05-11 19:00:00,22.8,18.9,78,19.95351803066205
3164,2024-05-11 20:00:00,22.3,19.4,84,20.257886422512584
3165,2024-05-11 21:00:00,21.9,19.4,86,20.127218103925326
3166,2024-05-11 22:00:00,21.6,19.6,88,20.09028671684534
3167,2024-05-11 23:00:00,21.2,19.8,91,20.0784550873194
3168,2024-05-12 00:00:00,21.2,19.5,90,19.9517339329696
3169,2024-05-12 01:00:00,21.2,19.4,89,19.824980468639705
3170,2024-05-12 02:00:00,21.5,19.7,89,20.119771003172506
3171,2024-05-12 03:00:00,22.0,20.4,90,20.739726517217214
3172,2024-05-12 04:00:00,21.6,20.5,93,20.728587428814095
3173,2024-05-12 05:00:00,21.6,20.3,92,20.600998975469377
3174,2024-05-12 06:00:00,21.9,20.7,93,21.02615449252914
3175,2024-05-12 07:00:00,22.9,22.1,96,22.409371160950283
3176,2024-05-12 08:00:00,21.6,20.2,92,20.600998975469377
3177,2024-05-12 09:00:00,22.8,21.0,90,21.527718190484894
3178,2024-05-12 10:00:00,23.2,21.9,92,22.184386048634767
3179,2024-05-12 11:00:00,22.5,21.1,92,21.491654624500914
3180,2024-05-12 12:00:00,22.9,21.5,92,21.88750123174317
3181,2024-05-12 13:00:00,23.7,22.6,94,22.94383828820231
3182,2024-05-12 14:00:00,24.8,23.1,91,23.632794065944385
3183,2024-05-12 15:00:00,25.6,23.5,88,24.011273963362378
3184,2024-05-12 16:00:00,26.2,23.3,84,24.0424573794788
3185,2024-05-12 17:00:00,27.0,22.5,77,23.819269274495586
3186,2024-05-12 18:00:00,26.9,22.3,76,23.58018263465065
3187,2024-05-12 19:00:00,26.0,22.6,82,23.569493458791765
3188,2024-05-12 20:00:00,25.6,22.9,85,23.598290462190388
3189,2024-05-12 21:00:00,24.9,22.9,89,23.460721325882854
3190,2024-05-12 22:00:00,24.3,23.1,93,23.40668680748741
3191,2024-05-12 23:00:00,24.1,23.2,94,23.341491561567256
3192,2024-05-13 00:00:00,23.8,23.0,96,23.308063581889193
3193,2024-05-13 01:00:00,23.6,23.0,96,23.108354237180855
3194,2024-05-13 02:00:00,23.0,22.8,98,22.770367615212056
3195,2024-05-13 03:00:00,23.0,22.6,98,22.770367615212056
3196,2024-05-13 04:00:00,22.8,22.5,98,22.569795607701042
3197,2024-05-13 05:00:00,22.8,22.4,98,22.569795607701042
3198,2024-05-13 06:00:00,23.0,22.6,98,22.770367615212056
3199,2024-05-13 07:00:00,23.6,23.1,97,23.240240026934895
3200,2024-05-13 08:00:00,24.6,24.5,99,24.508869857821846
3201,2024-05-13 09:00:00,25.1,25.0,99,25.0113586065118
3202,2024-05-13 10:00:00,25.8,25.1,96,25.305154508061875
3203,2024-05-13 11:00:00,25.8,24.6,93,24.894515851267048
3204,2024-05-13 12:00:00,22.6,21.9,96,22.10980680756947
3205,2024-05-13 13:00:00,25.5,22.9,85,23.500999633814498
3206,2024-05-13 14:00:00,26.8,24.0,85,24.765779261151295
3207,2024-05-13 15:00:00,28.5,24.1,77,25.24711893486076
3208,2024-05-13 16:00:00,28.5,23.4,74,24.80066609046037
3209,2024-05-13 17:00:00,28.9,23.8,74,25.178034408343542
3210,2024-05-13 18:00:00,27.1,23.7,81,24.488607112977284
3211,2024-05-13 19:00:00,24.6,23.0,91,23.43533124202589
3212,2024-05-13 20:00:00,22.9,21.4,92,21.88750123174317
3213,2024-05-13 21:00:00,22.0,21.2,96,21.51067777633127
3214,2024-05-13 22:00:00,21.6,21.2,98,21.366362601762045
3215,2024-05-13 23:00:00,21.2,20.9,98,20.965217894875185
3216,2024-05-14 00:00:00,21.0,20.9,99,20.890942849421027
3217,2024-05-14 01:00:00,20.8,20.6,99,20.68994647685065
3218,2024-05-14 02:00:00,20.5,20.2,99,20.38845183069298
3219,2024-05-14 03:00:00,19.6,19.5,99,19.483967256225537
3220,2024-05-14 04:00:00,19.4,19.4,100,19.282970553035486
3221,2024-05-14 05:00:00,19.0,19.0,100,18.880977001834637
3222,2024-05-14 06:00:00,18.9,18.9,100,18.780478583684317
3223,2024-05-14 07:00:00,19.0,18.8,99,18.880977001834637
3224,2024-05-14 08:00:00,20.0,19.7,98,19.761782633044536
3225,2024-05-14 09:00:00,22.0,21.1,95,21.382252025699312
3226,2024-05-14 10:00:00,24.8,21.9,84,22.6838961918918
3227,2024-05-14 11:00:00,26.4,21.2,74,22.819477464758418
3228,2024-05-14 12:00:00,27.6,20.0,63,22.30257078569433
3229,2024-05-14 13:00:00,28.3,19.1,58,22.14971295996565
3230,2024-05-14 14:00:00,28.8,17.5,50,21.265158845528884
3231,2024-05-14 15:00:00,29.0,17.0,48,21.090189313907235
3232,2024-05-14 16:00:00,29.2,17.2,49,21.43546147789226
3233,2024-05-14 17:00:00,29.0,16.6,47,20.914497541749046
3234,2024-05-14 18:00:00,28.6,16.8,49,20.922187944311997
3235,2024-05-14 19:00:00,27.1,19.4,63,21.848068382364463
3236,2024-05-14 20:00:00,24.8,19.3,72,21.03156579185431
3237,2024-05-14 21:00:00,23.5,18.1,72,19.812714428157374
3238,2024-05-14 22:00:00,21.8,17.8,78,18.99885917557488
3239,2024-05-14 23:00:00,22.0,17.5,76,18.92949851398019
3240,2024-05-15 00:00:00,22.4,17.6,75,19.17757129820633
3241,2024-05-15 01:00:00,21.6,17.8,79,18.93671449104737
3242,2024-05-15 02:00:00,21.0,17.7,81,18.616232032136658
3243,2024-05-15 03:00:00,19.5,17.5,88,18.03175884312283
3244,2024-05-15 04:00:00,18.5,17.2,92,17.533176447290987
3245,2024-05-15 05:00:00,18.6,17.5,93,17.752910055709176
3246,2024-05-15 06:00:00,18.1,16.9,92,17.137327366324023
3247,2024-05-15 07:00:00,18.5,17.4,93,17.653720592584108
3248,2024-05-15 08:00:00,21.2,19.4,89,19.824980468639705
3249,2024-05-15 09:00:00,24.0,20.6,82,21.638915139689708
3250,2024-05-15 10:00:00,26.1,20.4,71,22.106749032237964
3251,2024-05-15 11:00:00,27.8,19.8,62,22.329927683973263
3252,2024-05-15 12:00:00,28.9,19.8,58,22.684504492001576
3253,2024-05-15 13:00:00,29.7,20.3,57,23.231831209095727
3254,2024-05-15 14:00:00,30.3,21.0,58,23.932347172889045
3255,2024-05-15 15:00:00,30.6,21.5,58,24.199741283109663
3256,2024-05-15 16:00:00,30.1,21.5,60,24.085374656470226
3257,2024-05-15 17:00:00,29.5,19.5,55,22.721104312207597
3258,2024-05-15 18:00:00,28.6,19.8,59,22.577783801999185
3259,2024-05-15 19:00:00,27.2,21.0,69,22.839346270110184
3260,2024-05-15 20:00:00,25.3,20.4,74,21.7817085502552
3261,2024-05-15 21:00:00,24.2,20.5,80,21.561468781763313
3262,2024-05-15 22:00:00,23.3,20.7,85,21.360597587176045
3263,2024-05-15 23:00:00,22.8,20.8,88,21.266585326033468
3264,2024-05-16 00:00:00,23.2,20.6,85,21.263306407458664
3265,2024-05-16 01:00:00,23.0,20.4,85,21.068724000621817
3266,2024-05-16 02:00:00,22.8,20.1,85,20.87414153028906
3267,2024-05-16 03:00:00,22.5,20.2,87,20.842529500999103
3268,2024-05-16 04:00:00,22.0,20.0,88,20.48238649275784
3269,2024-05-16 05:00:00,21.7,19.9,89,20.316297952022833
3270,2024-05-16 06:00:00,21.7,20.0,90,20.444229405931015
3271,2024-05-16 07:00:00,22.1,20.5,91,20.967041485364632
3272,2024-05-16 08:00:00,23.6,21.8,89,22.183301069728248
3273,2024-05-16 09:00:00,25.7,22.0,80,23.001531758664218
3274,2024-05-16 10:00:00,25.4,21.9,81,22.852049940502162
3275,2024-05-16 11:00:00,25.2,21.9,82,22.797262913266724
3276,2024-05-16 12:00:00,26.5,23.0,81,23.910999232857066
3277,2024-05-16 13:00:00,28.3,23.6,76,24.90894114212598
3278,2024-05-16 14:00:00,27.9,23.8,79,24.968122480716538
3279,2024-05-16 15:00:00,27.1,24.1,83,24.77370714071506
3280,2024-05-16 16:00:00,25.0,23.9,93,24.101007368427396
3281,2024-05-16 17:00:00,24.0,23.0,94,23.242078261513353
3282,2024-05-16 18:00:00,22.4,22.0,98,22.168651456323442
3283,2024-05-16 19:00:00,22.8,22.0,96,22.309516388426744
3284,2024-05-16 20:00:00,23.1,22.5,96,22.609080670337487
3285,2024-05-16 21:00:00,21.0,19.1,89,19.628453370974338
3286,2024-05-16 22:00:00,20.4,18.5,89,19.03887171608734
3287,2024-05-16 23:00:00,20.0,17.8,87,18.397940311223135
3288,2024-05-17 00:00:00,19.8,17.0,84,17.83186624258585
3289,2024-05-17 01:00:00,18.9,16.8,88,17.443606736050846
3290,2024-05-17 02:00:00,18.2,17.0,92,17.236289658938475
3291,2024-05-17 03:00:00,17.9,17.0,95,17.29718560910462
3292,2024-05-17 04:00:00,17.5,16.8,95,16.898641332989254
3293,2024-05-17 05:00:00,17.3,16.5,95,16.699369110814043
3294,2024-05-17 06:00:00,17.0,16.3,96,16.5179181462649
3295,2024-05-17 07:00:00,17.2,16.5,96,16.71762916738145
3296,2024-05-17 08:00:00,21.0,19.1,89,19.628453370974338
3297,2024-05-17 09:00:00,21.6,19.5,87,19.962478524196
3298,2024-05-17 10:00:00,22.2,20.0,87,20.549179313988404
3299,2024-05-17 11:00:00,24.1,21.0,83,21.87012433500538
3300,2024-05-17 12:00:00,25.5,21.6,79,22.670451573842396
3301,2024-05-17 13:00:00,25.9,21.5,77,22.77217699085533
3302,2024-05-17 14:00:00,25.9,21.4,76,22.63106722092984
3303,2024-05-17 15:00:00,25.6,21.2,77,22.486605985597045
3304,2024-05-17 16:00:00,25.3,21.2,78,22.340156749933044
3305,2024-05-17 17:00:00,25.6,21.8,79,22.766188058428252
3306,2024-05-17 18:00:00,25.5,21.9,81,22.94831814006648
3307,2024-05-17 19:00:00,25.0,21.8,82,22.60420511546731
3308,2024-05-17 20:00:00,22.5,21.6,95,21.880429375342292
3309,2024-05-17 21:00:00,22.2,21.5,96,21.71038750176593
3310,2024-05-17 22:00:00,20.6,20.5,99,20.488950057758082
3311,2024-05-17 23:00:00,21.1,21.0,99,20.99144101833301
3312,2024-05-18 00:00:00,21.9,21.6,98,21.667221009089413
3313,2024-05-18 01:00:00,21.8,21.5,98,21.566934884953877
3314,2024-05-18 02:00:00,20.1,20.1,100,19.986458804954133
3315,2024-05-18 03:00:00,19.8,19.8,100,19.684963911467044
3316,2024-05-18 04:00:00,20.6,20.5,99,20.488950057758082
3317,2024-05-18 05:00:00,20.8,20.5,98,20.564072999073975
3318,2024-05-18 06:00:00,21.2,20.8,98,20.965217894875185
3319,2024-05-18 07:00:00,21.0,21.0,99,20.890942849421027
3320,2024-05-18 08:00:00,21.8,21.5,99,21.694927879101527
3321,2024-05-18 09:00:00,22.4,22.1,98,22.168651456323442
3322,2024-05-18 10:00:00,24.6,22.2,87,22.89597703384851
3323,2024-05-18 11:00:00,26.2,22.7,81,23.62219507609651
3324,2024-05-18 12:00:00,27.6,22.8,75,24.098294206648845
3325,2024-05-18 13:00:00,28.7,23.0,72,24.68809810240757
3326,2024-05-18 14:00:00,29.6,22.6,66,24.597480942618375
3327,2024-05-18 15:00:00,30.5,22.2,62,24.77498405066834
3328,2024-05-18 16:00:00,31.1,21.5,57,24.474471064242344
3329,2024-05-18 17:00:00,31.2,21.1,55,24.21707195635377
3330,2024-05-18 18:00:00,31.1,21.0,55,24.12907411469456
3331,2024-05-18 19:00:00,29.5,23.2,69,24.974825991331016
3332,2024-05-18 20:00:00,26.5,23.5,84,24.33357724908168
3333,2024-05-18 21:00:00,25.5,23.5,88,23.91324955813704
3334,2024-05-18 22:00:00,24.4,23.2,94,23.639731389012045
3335,2024-05-18 23:00:00,24.3,23.2,94,23.540318125285875
3336,2024-05-19 00:00:00,24.0,23.2,96,23.507772880075336
3337,2024-05-19 01:00:00,23.2,22.6,96,22.708935407260977
3338,2024-05-19 02:00:00,22.2,21.8,97,21.83923731999894
3339,2024-05-19 03:00:00,22.0,21.5,97,21.639093889117742
3340,2024-05-19 04:00:00,21.4,21.0,98,21.165790271814256
3341,2024-05-19 05:00:00,20.8,20.6,99,20.68994647685065
3342,2024-05-19 06:00:00,20.9,20.9,100,20.790444668936562
3343,2024-05-19 07:00:00,21.1,21.1,100,20.99144101833301
3344,2024-05-19 08:00:00,23.5,23.2,99,23.403393674157567
3345,2024-05-19 09:00:00,24.8,23.4,92,23.76776977267913
3346,2024-05-19 10:00:00,26.7,24.0,85,24.66848860753379
3347,2024-05-19 11:00:00,28.4,23.8,76,25.003852330240914
3348,2024-05-19 12:00:00,29.7,23.4,69,25.160519345629126
3349,2024-05-19 13:00:00,30.2,22.8,64,24.82776082070577
3350,2024-05-19 14:00:00,30.5,22.0,60,24.444798560610458
3351,2024-05-19 15:00:00,30.6,21.5,58,24.199741283109663
3352,2024-05-19 16:00:00,30.2,21.1,58,23.843215744861187
3353,2024-05-19 17:00:00,29.8,20.9,59,23.651747691517116
3354,2024-05-19 18:00:00,29.0,20.5,61,23.25722766450633
3355,2024-05-19 19:00:00,27.6,21.4,69,23.21073487781879
3356,2024-05-19 20:00:00,26.4,20.8,71,22.387124284018743
3357,2024-05-19 21:00:00,25.1,21.2,79,22.28750545976665
3358,2024-05-19 22:00:00,24.2,21.9,86,22.370610421891282
3359,2024-05-19 23:00:00,23.6,21.6,89,22.183301069728248
3360,2024-05-20 00:00:00,23.2,21.5,90,21.92171369153626
3361,2024-05-20 01:00:00,22.9,20.9,89,21.49545841797141
3362,2024-05-20 02:00:00,22.5,20.5,88,20.972510874914107
3363,2024-05-20 03:00:00,22.1,20.7,92,21.09580780411493
3364,2024-05-20 04:00:00,21.8,20.7,93,20.926965484519503
3365,2024-05-20 05:00:00,21.3,20.4,95,20.68480321089319
3366,2024-05-20 06:00:00,21.1,20.5,96,20.61198340581451
3367,2024-05-20 07:00:00,21.6,21.1,97,21.238806884715135
3368,2024-05-20 08:00:00,24.4,23.2,93,23.505875495968443
3369,2024-05-20 09:00:00,26.0,23.2,85,23.987453628286733
3370,2024-05-20 10:00:00,27.3,23.2,78,24.249459518592946
3371,2024-05-20 11:00:00,28.6,22.8,70,24.291499468877362
3372,2024-05-20 12:00:00,29.6,22.5,65,24.43929822490714
3373,2024-05-20 13:00:00,30.2,21.9,61,24.339743652060207
3374,2024-05-20 14:00:00,30.5,21.6,59,24.27822471721178
3375,2024-05-20 15:00:00,29.6,23.1,68,24.911639515154445
3376,2024-05-20 16:00:00,29.0,22.8,69,24.51059223830438
3377,2024-05-20 17:00:00,28.9,22.6,69,24.4177454242221
3378,2024-05-20 18:00:00,28.2,22.8,72,24.219313648902595
3379,2024-05-20 19:00:00,27.2,23.0,78,24.15399454616824
3380,2024-05-20 20:00:00,26.0,23.8,88,24.40337144821836
3381,2024-05-20 21:00:00,25.0,23.8,93,24.101007368427396
3382,2024-05-20 22:00:00,24.8,24.0,95,24.17204127400362
3383,2024-05-20 23:00:00,24.9,24.1,96,24.40646415239066
3384,2024-05-21 00:00:00,25.7,24.4,92,24.658421696935893
3385,2024-05-21 01:00:00,25.3,24.2,94,24.53445022402502
3386,2024-05-21 02:00:00,25.5,24.3,93,24.59695026048654
3387,2024-05-21 03:00:00,25.4,24.4,94,24.633863368630703
3388,2024-05-21 04:00:00,25.0,24.2,95,24.371311577927347
3389,2024-05-21 05:00:00,24.9,24.1,95,24.271676431766206
3390,2024-05-21 06:00:00,25.0,24.1,95,24.371311577927347
3391,2024-05-21 07:00:00,25.5,24.3,93,24.59695026048654
3392,2024-05-21 08:00:00,26.7,24.9,90,25.369165166912584
3393,2024-05-21 09:00:00,27.8,24.9,84,25.595095156436994
3394,2024-05-21 10:00:00,29.0,24.8,78,25.87236146864669
3395,2024-05-21 11:00:00,29.8,24.6,74,26.027112055097966
3396,2024-05-21 12:00:00,29.9,25.0,75,26.274751348603846
3397,2024-05-21 13:00:00,29.9,25.0,75,26.274751348603846
3398,2024-05-21 14:00:00,30.9,24.9,71,26.59273065225522
3399,2024-05-21 15:00:00,30.8,24.6,70,26.34089653256851
3400,2024-05-21 16:00:00,30.0,25.0,75,26.369379707659448
3401,2024-05-21 17:00:00,29.9,24.8,74,26.121453925755528
3402,2024-05-21 18:00:00,29.3,24.4,75,25.706980828741948
3403,2024-05-21 19:00:00,28.6,24.4,78,25.490502619150735
3404,2024-05-21 20:00:00,27.3,25.0,88,25.6776867941653
3405,2024-05-21 21:00:00,26.4,25.2,94,25.6279941733882
3406,2024-05-21 22:00:00,26.2,25.5,95,25.566932437399583
3407,2024-05-21 23:00:00,26.5,25.3,93,25.588835147049327
3408,2024-05-22 00:00:00,26.5,25.1,93,25.588835147049327
3409,2024-05-22 01:00:00,26.1,25.0,94,25.329755053575386
3410,2024-05-22 02:00:00,25.7,24.8,95,25.068757278636607
3411,2024-05-22 03:00:00,25.5,24.5,94,24.733276501488593
3412,2024-05-22 04:00:00,25.6,24.5,93,24.69613880272373
3413,2024-05-22 05:00:00,25.3,24.4,94,24.53445022402502
3414,2024-05-22 06:00:00,25.5,24.2,93,24.59695026048654
3415,2024-05-22 07:00:00,25.4,24.3,94,24.633863368630703
3416,2024-05-22 08:00:00,26.9,25.1,90,25.566161914967317
3417,2024-05-22 09:00:00,27.6,25.1,86,25.68691515559942
3418,2024-05-22 10:00:00,28.8,25.0,80,25.97765001300987
3419,2024-05-22 11:00:00,30.0,24.9,74,26.21579577858507
3420,2024-05-22 12:00:00,31.0,24.8,70,26.527204878465724
3421,2024-05-22 13:00:00,31.2,24.1,66,26.067806216018294
3422,2024-05-22 14:00:00,31.3,24.2,66,26.159701357622595
3423,2024-05-22 15:00:00,31.3,24.2,66,26.159701357622595
3424,2024-05-22 16:00:00,30.9,24.5,69,26.274677741992353
3425,2024-05-22 17:00:00,29.9,24.5,73,25.96760396282391
3426,2024-05-22 18:00:00,29.1,24.4,76,25.668230157806388
3427,2024-05-22 19:00:00,28.5,24.4,78,25.39503786562359
3428,2024-05-22 20:00:00,26.6,24.2,87,24.85163544493022
3429,2024-05-22 21:00:00,26.2,24.4,89,24.738139294674188
3430,2024-05-22 22:00:00,26.1,24.4,90,24.778174619736458
3431,2024-05-22 23:00:00,26.0,24.4,91,24.817569936966933
3432,2024-05-23 00:00:00,25.8,24.5,93,24.894515851267048
3433,2024-05-23 01:00:00,25.8,24.5,93,24.894515851267048
3434,2024-05-23 02:00:00,25.7,24.4,92,24.658421696935893
3435,2024-05-23 03:00:00,25.6,24.4,93,24.69613880272373
3436,2024-05-23 04:00:00,25.2,24.2,94,24.435037067641975
3437,2024-05-23 05:00:00,25.1,24.3,95,24.470946712516007
3438,2024-05-23 06:00:00,25.5,24.4,93,24.59695026048654
3439,2024-05-23 07:00:00,25.8,24.5,92,24.75738296011249
3440,2024-05-23 08:00:00,26.8,24.2,86,24.906609632170106
3441,2024-05-23 09:00:00,28.1,24.4,80,25.30562466156881
3442,2024-05-23 10:00:00,29.2,24.5,76,25.763141206736588
3443,2024-05-23 11:00:00,30.0,24.5,72,25.90693540834334
3444,2024-05-23 12:00:00,30.5,24.0,68,25.744447809448094
3445,2024-05-23 13:00:00,31.2,24.0,65,25.904395224969537
3446,2024-05-23 14:00:00,31.8,24.0,63,26.120365471167695
3447,2024-05-23 15:00:00,31.3,24.3,66,26.159701357622595
3448,2024-05-23 16:00:00,30.8,24.3,69,26.18183132072345
3449,2024-05-23 17:00:00,29.8,24.2,72,25.71942218701984
3450,2024-05-23 18:00:00,28.9,24.0,75,25.328466797026667
3451,2024-05-23 19:00:00,27.9,24.0,79,24.968122480716538
3452,2024-05-23 20:00:00,28.0,24.2,80,25.209620976963805
3453,2024-05-23 21:00:00,26.6,24.5,88,24.99151727128336
3454,2024-05-23 22:00:00,26.0,24.6,93,25.092892852103557
3455,2024-05-23 23:00:00,25.6,24.5,93,24.69613880272373
3456,2024-05-24 00:00:00,25.5,24.2,93,24.59695026048654
3457,2024-05-24 01:00:00,25.2,24.3,94,24.435037067641975
3458,2024-05-24 02:00:00,25.2,24.4,95,24.570581835561075
3459,2024-05-24 03:00:00,25.0,24.4,96,24.506318681246437
3460,2024-05-24 04:00:00,25.0,24.1,95,24.371311577927347
3461,2024-05-24 05:00:00,25.0,24.0,94,24.236210719425056
3462,2024-05-24 06:00:00,24.9,23.9,94,24.136797527531552
3463,2024-05-24 07:00:00,25.2,24.1,94,24.435037067641975
3464,2024-05-24 08:00:00,27.0,24.5,86,25.10168609588793
3465,2024-05-24 09:00:00,28.2,24.7,81,25.547553419831473
3466,2024-05-24 10:00:00,29.5,24.6,75,25.896237738653447
3467,2024-05-24 11:00:00,30.7,24.5,70,26.247742330363263
3468,2024-05-24 12:00:00,31.8,24.2,64,26.287546228110426
3469,2024-05-24 13:00:00,32.0,24.1,63,26.302164139836215
3470,2024-05-24 14:00:00,32.8,24.2,61,26.685182128820728
3471,2024-05-24 15:00:00,32.5,24.2,62,26.58612494263485
3472,2024-05-24 16:00:00,32.3,23.5,60,26.062200868885615
3473,2024-05-24 17:00:00,31.5,23.6,63,25.847667291954814
3474,2024-05-24 18:00:00,30.5,24.0,68,25.744447809448094
3475,2024-05-24 19:00:00,29.5,24.1,73,25.591398580638945
3476,2024-05-24 20:00:00,28.4,24.8,81,25.740088910691103
3477,2024-05-24 21:00:00,27.2,25.1,88,25.5796626160219
3478,2024-05-24 22:00:00,26.5,25.2,93,25.588835147049327
3479,2024-05-24 23:00:00,26.1,25.2,95,25.467297428222974
3480,2024-05-25 00:00:00,25.6,25.0,96,25.105445618308874
3481,2024-05-25 01:00:00,25.8,25.0,96,25.305154508061875
3482,2024-05-25 02:00:00,25.5,24.9,96,25.005591156763533
3483,2024-05-25 03:00:00,25.5,24.8,96,25.005591156763533
3484,2024-05-25 04:00:00,25.4,24.8,96,24.905736684069016
3485,2024-05-25 05:00:00,25.4,24.8,96,24.905736684069016
3486,2024-05-25 06:00:00,25.7,24.9,95,25.068757278636607
3487,2024-05-25 07:00:00,25.9,24.9,94,25.13092891603002
3488,2024-05-25 08:00:00,27.2,25.1,88,25.5796626160219
3489,2024-05-25 09:00:00,28.5,25.1,82,25.982707465937832
3490,2024-05-25 10:00:00,29.8,25.0,75,26.180122972225174
3491,2024-05-25 11:00:00,31.0,25.2,72,26.844500393167078
3492,2024-05-25 12:00:00,32.0,25.5,68,27.132457889344668
3493,2024-05-25 13:00:00,32.5,25.2,66,27.26244138263231
3494,2024-05-25 14:00:00,32.8,24.9,63,27.029357887474085
3495,2024-05-25 15:00:00,32.6,25.0,64,27.017436729837158
3496,2024-05-25 16:00:00,32.2,24.5,64,26.652491658657382
3497,2024-05-25 17:00:00,31.5,24.5,66,26.343491575776916
3498,2024-05-25 18:00:00,30.6,24.7,71,26.31235814364557
3499,2024-05-25 19:00:00,29.2,24.6,76,25.763141206736588
3500,2024-05-25 20:00:00,28.2,24.5,80,25.40162833034388
3501,2024-05-25 21:00:00,27.0,24.7,87,25.242766463012273
3502,2024-05-25 22:00:00,26.5,24.8,91,25.311226016038464
3503,2024-05-25 23:00:00,26.3,25.0,92,25.252189093121316
3504,2024-05-26 00:00:00,26.1,25.0,93,25.192081334706856
3505,2024-05-26 01:00:00,26.6,24.9,90,25.270666774028175
3506,2024-05-26 02:00:00,26.6,24.6,89,25.13119052914079
3507,2024-05-26 03:00:00,26.2,24.6,91,25.015032405829288
3508,2024-05-26 04:00:00,26.5,24.7,90,25.172168368529245
3509,2024-05-26 05:00:00,26.7,24.6,89,25.22945330531144
3510,2024-05-26 06:00:00,26.6,24.5,88,24.99151727128336
3511,2024-05-26 07:00:00,26.8,24.5,87,25.0472009811086
3512,2024-05-26 08:00:00,27.3,24.6,85,25.252232315355368
3513,2024-05-26 09:00:00,28.1,24.6,81,25.4512856513881
3514,2024-05-26 10:00:00,29.5,24.5,75,25.896237738653447
3515,2024-05-26 11:00:00,31.0,24.6,69,26.367524143205134
3516,2024-05-26 12:00:00,32.0,24.2,64,26.470018988585515
3517,2024-05-26 13:00:00,32.7,24.2,61,26.594973268456272
3518,2024-05-26 14:00:00,33.4,24.2,59,26.87361532494594
3519,2024-05-26 15:00:00,33.5,24.0,58,26.78453805467881
3520,2024-05-26 16:00:00,33.5,23.8,57,26.60469762606438
3521,2024-05-26 17:00:00,32.7,24.0,60,26.42162246787133
3522,2024-05-26 18:00:00,31.6,24.1,65,26.270668565172432
3523,2024-05-26 19:00:00,30.3,24.4,71,26.031985463438392
3524,2024-05-26 20:00:00,29.1,24.6,77,25.81825771684835
3525,2024-05-26 21:00:00,28.1,24.5,81,25.4512856513881
3526,2024-05-26 22:00:00,27.5,24.6,84,25.303975857112007
3527,2024-05-26 23:00:00,27.0,25.2,90,25.664660270202106
3528,2024-05-27 00:00:00,26.5,25.5,95,25.865837397647393
3529,2024-05-27 01:00:00,26.2,25.6,97,25.842096325585157
3530,2024-05-27 02:00:00,25.8,25.4,98,25.578371078978694
3531,2024-05-27 03:00:00,25.0,24.9,99,24.910860877801493
3532,2024-05-27 04:00:00,25.0,25.0,100,24.910860877801493
3533,2024-05-27 05:00:00,24.9,24.9,100,24.8103631386028
3534,2024-05-27 06:00:00,24.8,24.6,99,24.709865388890304
3535,2024-05-27 07:00:00,24.8,24.7,100,24.709865388890304
3536,2024-05-27 08:00:00,27.6,25.8,90,26.25565014052798
3537,2024-05-27 09:00:00,28.7,25.7,84,26.468452285787976
3538,2024-05-27 10:00:00,30.1,25.6,77,26.770154352428683
3539,2024-05-27 11:00:00,30.9,25.7,74,27.064871660201288
3540,2024-05-27 12:00:00,32.0,25.5,69,27.29598706535054
3541,2024-05-27 13:00:00,33.0,25.1,63,27.21115609552107
3542,2024-05-27 14:00:00,33.8,25.0,60,27.410029809669037
3543,2024-05-27 15:00:00,34.5,24.5,56,27.30735254555483
3544,2024-05-27 16:00:00,34.7,24.5,56,27.484114684384206
3545,2024-05-27 17:00:00,34.0,25.9,63,28.120145790889897
3546,2024-05-27 18:00:00,33.0,26.1,68,28.05779543017172
3547,2024-05-27 19:00:00,31.8,26.5,74,27.91394613854641
3548,2024-05-27 20:00:00,30.1,27.0,84,27.827005580910015
3549,2024-05-27 21:00:00,28.6,27.0,91,27.38457822785379
3550,2024-05-27 22:00:00,27.9,26.7,93,26.977472025934425
3551,2024-05-27 23:00:00,27.4,26.4,94,26.62212383231468
3552,2024-05-28 00:00:00,27.0,26.2,95,26.364012108774606
3553,2024-05-28 01:00:00,26.8,26.1,97,26.442523658523147
3554,2024-05-28 02:00:00,26.0,25.8,99,25.91583769708015
3555,2024-05-28 03:00:00,25.7,25.5,99,25.6143447599304
3556,2024-05-28 04:00:00,25.5,25.4,99,25.413349416974565
3557,2024-05-28 05:00:00,25.2,25.1,99,25.11185632475905
3558,2024-05-28 06:00:00,25.8,25.5,98,25.578371078978694
3559,2024-05-28 07:00:00,26.0,25.5,97,25.641953795996574
3560,2024-05-28 08:00:00,27.6,26.1,92,26.5386836351843
3561,2024-05-28 09:00:00,29.4,25.8,81,26.702765455285494
3562,2024-05-28 10:00:00,30.8,25.5,73,26.814065004257365
3563,2024-05-28 11:00:00,31.3,25.3,71,26.966560399414217
3564,2024-05-28 12:00:00,31.5,25.0,69,26.83175585052236
3565,2024-05-28 13:00:00,30.5,24.4,70,26.06143386714842
3566,2024-05-28 14:00:00,24.7,22.6,88,23.12905382092215
3567,2024-05-28 15:00:00,23.2,21.4,89,21.790248210736568
3568,2024-05-28 16:00:00,24.1,22.0,88,22.540906432297003
3569,2024-05-28 17:00:00,25.2,22.6,86,23.34599589085975
3570,2024-05-28 18:00:00,25.7,23.0,85,23.69558127578561
3571,2024-05-28 19:00:00,26.0,22.8,83,23.709061737763808
3572,2024-05-28 20:00:00,23.9,20.2,80,21.27345571458511
3573,2024-05-28 21:00:00,23.1,20.0,83,20.90226020313427
3574,2024-05-28 22:00:00,23.4,19.8,80,20.793433578701993
3575,2024-05-28 23:00:00,23.2,20.2,83,20.999046690886637
3576,2024-05-29 00:00:00,22.9,21.0,89,21.49545841797141
3577,2024-05-29 01:00:00,23.0,20.6,87,21.33144617529103
3578,2024-05-29 02:00:00,22.6,21.0,91,21.460700109881994
3579,2024-05-29 03:00:00,22.6,21.0,90,21.33072035651059
3580,2024-05-29 04:00:00,22.5,20.9,91,21.36196841240409
3581,2024-05-29 05:00:00,22.5,20.3,88,20.972510874914107
3582,2024-05-29 06:00:00,22.5,20.1,87,20.842529500999103
3583,2024-05-29 07:00:00,22.8,20.7,88,21.266585326033468
3584,2024-05-29 08:00:00,22.7,21.8,95,22.079700228689784
3585,2024-05-29 09:00:00,22.9,21.5,92,21.88750123174317
3586,2024-05-29 10:00:00,23.2,20.4,84,21.131251100751275
3587,2024-05-29 11:00:00,24.1,21.5,85,22.138926461824447
3588,2024-05-29 12:00:00,27.0,22.6,77,23.819269274495586
3589,2024-05-29 13:00:00,29.0,23.1,71,24.817035161965627
3590,2024-05-29 14:00:00,29.7,23.7,70,25.31619922158155
3591,2024-05-29 15:00:00,29.2,23.5,71,25.003950809661738
3592,2024-05-29 16:00:00,28.4,23.4,74,24.70632396470372
3593,2024-05-29 17:00:00,26.9,22.7,78,23.86759952564578
3594,2024-05-29 18:00:00,25.4,22.5,84,23.266137066739567
3595,2024-05-29 19:00:00,25.0,22.5,86,23.15091891467487
3596,2024-05-29 20:00:00,24.2,21.6,85,22.236217501413662
3597,2024-05-29 21:00:00,23.6,21.1,86,21.78537842584449
3598,2024-05-29 22:00:00,23.0,21.2,90,21.72471596872833
3599,2024-05-29 23:00:00,23.1,22.0,93,22.216421570135296
3600,2024-05-30 00:00:00,23.4,22.7,96,22.908644845716555
3601,2024-05-30 01:00:00,23.4,22.9,97,23.04009692173086
3602,2024-05-30 02:00:00,23.0,22.6,98,22.770367615212056
3603,2024-05-30 03:00:00,22.6,22.3,98,22.36922355481354
3604,2024-05-30 04:00:00,22.8,22.4,98,22.569795607701042
3605,2024-05-30 05:00:00,22.9,22.5,98,22.670081617114537
3606,2024-05-30 06:00:00,23.0,22.7,98,22.770367615212056
3607,2024-05-30 07:00:00,23.4,23.0,97,23.04009692173086
3608,2024-05-30 08:00:00,25.6,24.0,91,24.422644849157766
3609,2024-05-30 09:00:00,27.5,24.2,83,25.160850471226638
3610,2024-05-30 10:00:00,28.6,24.0,76,25.193674653801775
3611,2024-05-30 11:00:00,29.4,23.5,71,25.190866377851457
3612,2024-05-30 12:00:00,30.4,23.0,65,25.171847461942512
3613,2024-05-30 13:00:00,31.1,23.0,62,25.318327350202967
3614,2024-05-30 14:00:00,30.6,22.9,63,25.02957146662985
3615,2024-05-30 15:00:00,30.1,23.5,68,25.37431100178583
3616,2024-05-30 16:00:00,24.8,22.5,88,23.227078336580647
3617,2024-05-30 17:00:00,23.2,21.7,91,22.05309000955442
3618,2024-05-30 18:00:00,23.7,21.7,89,22.281564249364923
3619,2024-05-30 19:00:00,24.6,22.7,89,23.16593224188058
3620,2024-05-30 20:00:00,24.1,22.1,89,22.67461682858414
3621,2024-05-30 21:00:00,23.6,22.0,91,22.44801634032862
3622,2024-05-30 22:00:00,23.5,22.4,94,22.745011578059245
3623,2024-05-30 23:00:00,23.0,22.2,96,22.509225921577208
3624,2024-05-31 00:00:00,23.5,22.5,94,22.745011578059245
3625,2024-05-31 01:00:00,24.0,23.0,94,23.242078261513353
3626,2024-05-31 02:00:00,23.5,22.5,95,22.876783153995458
3627,2024-05-31 03:00:00,23.3,22.5,95,22.677512495386633
3628,2024-05-31 04:00:00,23.8,22.9,95,23.175689051853272
3629,2024-05-31 05:00:00,24.5,23.3,93,23.60506417209106
3630,2024-05-31 06:00:00,25.4,24.0,92,24.36153783369573
3631,2024-05-31 07:00:00,25.4,24.2,93,24.49776170623187
3632,2024-05-31 08:00:00,21.8,21.3,97,21.438950410769845
3633,2024-05-31 09:00:00,21.8,20.0,90,20.542728457323502
3634,2024-05-31 10:00:00,22.0,20.2,90,20.739726517217214
3635,2024-05-31 11:00:00,23.4,20.8,86,21.590300972758374
3636,2024-05-31 12:00:00,24.3,21.7,85,22.33350852564647
3637,2024-05-31 13:00:00,23.6,21.6,89,22.183301069728248
3638,2024-05-31 14:00:00,25.5,21.5,79,22.670451573842396
3639,2024-05-31 15:00:00,27.5,21.3,69,23.117887759337957
3640,2024-05-31 16:00:00,28.5,21.8,67,23.740526252874986
3641,2024-05-31 17:00:00,29.2,22.2,66,24.229898720130606
3642,2024-05-31 18:00:00,29.3,22.4,66,24.321794310333587
3643,2024-05-31 19:00:00,29.0,22.5,68,24.35643302069997
3644,2024-05-31 20:00:00,26.4,22.2,78,23.390274144314013
3645,2024-05-31 21:00:00,25.4,22.0,81,22.852049940502162
3646,2024-05-31 22:00:00,24.8,21.8,83,22.547628256028382
3647,2024-05-31 23:00:00,24.5,21.0,81,21.985635391723704
3648,2024-06-01 00:00:00,23.9,21.0,84,21.810533828644644
3649,2024-06-01 01:00:00,23.6,21.4,87,21.91814568909352
3650,2024-06-01 02:00:00,23.4,21.6,90,22.11871135920197
3651,2024-06-01 03:00:00,22.9,21.8,93,22.018043853206557
3652,2024-06-01 04:00:00,22.6,21.8,95,21.980064808163778
3653,2024-06-01 05:00:00,22.5,21.8,96,22.009951999175303
3654,2024-06-01 06:00:00,22.6,21.9,96,22.10980680756947
3655,2024-06-01 07:00:00,23.5,22.6,95,22.876783153995458
3656,2024-06-01 08:00:00,23.0,21.9,94,22.24794458642734
3657,2024-06-01 09:00:00,22.5,20.9,90,21.232221418531488
3658,2024-06-01 10:00:00,23.1,20.9,87,21.42922946491332
3659,2024-06-01 11:00:00,26.0,22.5,81,23.42965889050505
3660,2024-06-01 12:00:00,28.5,23.9,76,25.098763500782713
3661,2024-06-01 13:00:00,29.4,24.4,75,25.80160929248426
3662,2024-06-01 14:00:00,29.6,24.0,72,25.531908889879706
3663,2024-06-01 15:00:00,29.4,24.4,75,25.80160929248426
3664,2024-06-01 16:00:00,29.9,24.5,73,25.96760396282391
3665,2024-06-01 17:00:00,26.7,23.5,83,24.386563570473644
3666,2024-06-01 18:00:00,26.9,23.4,81,24.296071216728247
3667,2024-06-01 19:00:00,23.8,22.8,94,23.043251624861927
3668,2024-06-01 20:00:00,24.6,23.0,90,23.300696223375212
3669,2024-06-01 21:00:00,24.5,22.9,91,23.33659981066636
3670,2024-06-01 22:00:00,24.1,23.0,93,23.20830939332344
3671,2024-06-01 23:00:00,23.9,23.0,95,23.275324327245595
3672,2024-06-02 00:00:00,23.7,23.1,96,23.20820891536487
3673,2024-06-02 01:00:00,23.8,23.1,96,23.308063581889193
3674,2024-06-02 02:00:00,24.0,23.4,96,23.507772880075336
3675,2024-06-02 03:00:00,23.9,23.5,98,23.672941093465557
3676,2024-06-02 04:00:00,24.5,24.0,97,24.140883439271978
3677,2024-06-02 05:00:00,25.0,24.4,96,24.506318681246437
3678,2024-06-02 06:00:00,24.1,23.9,98,23.87351285538151
3679,2024-06-02 07:00:00,24.8,24.4,98,24.575513677448118
3680,2024-06-02 08:00:00,24.0,23.2,95,23.374959590741316
3681,2024-06-02 09:00:00,23.9,22.4,91,22.744210948778104
3682,2024-06-02 10:00:00,24.8,22.4,86,22.955841880003984
3683,2024-06-02 11:00:00,25.5,22.9,85,23.500999633814498
3684,2024-06-02 12:00:00,25.9,23.0,84,23.75133737539539
3685,2024-06-02 13:00:00,28.0,23.5,76,24.62420747183553
3686,2024-06-02 14:00:00,29.6,24.3,73,25.685449953902573
3687,2024-06-02 15:00:00,30.7,24.5,70,26.247742330363263
3688,2024-06-02 16:00:00,30.9,24.0,67,25.953741808655803
3689,2024-06-02 17:00:00,30.2,23.9,69,25.624752368535365
3690,2024-06-02 18:00:00,29.4,24.0,73,25.49734718880685
3691,2024-06-02 19:00:00,28.1,24.5,81,25.4512856513881
3692,2024-06-02 20:00:00,28.4,24.5,80,25.59363562057946
3693,2024-06-02 21:00:00,27.1,24.6,86,25.19922430694015
3694,2024-06-02 22:00:00,26.8,24.6,88,25.1875657723066
3695,2024-06-02 23:00:00,26.4,24.7,90,25.07366995038328
3696,2024-06-03 00:00:00,26.0,24.8,93,25.092892852103557
3697,2024-06-03 01:00:00,26.1,25.0,93,25.192081334706856
3698,2024-06-03 02:00:00,26.2,25.0,93,25.29126980547337
3699,2024-06-03 03:00:00,26.0,25.0,95,25.36766240778635
3700,2024-06-03 04:00:00,25.8,25.0,96,25.305154508061875
3701,2024-06-03 05:00:00,25.8,25.1,96,25.305154508061875
3702,2024-06-03 06:00:00,25.9,25.2,96,25.405008936324226
3703,2024-06-03 07:00:00,26.2,25.4,95,25.566932437399583
3704,2024-06-03 08:00:00,27.5,24.3,82,25.017423010753113
3705,2024-06-03 09:00:00,28.8,24.5,77,25.532688401836676
3706,2024-06-03 10:00:00,29.5,24.6,75,25.896237738653447
3707,2024-06-03 11:00:00,30.2,24.2,70,25.781971024435077
3708,2024-06-03 12:00:00,30.6,24.8,71,26.31235814364557
3709,2024-06-03 13:00:00,31.3,24.9,69,26.646063227106552
3710,2024-06-03 14:00:00,31.4,24.5,67,26.41482680699892
3711,2024-06-03 15:00:00,31.4,24.4,66,26.251596477519872
3712,2024-06-03 16:00:00,31.0,24.0,66,25.884015867420132
3713,2024-06-03 17:00:00,29.0,23.9,74,25.272376441798073
3714,2024-06-03 18:00:00,28.6,23.9,76,25.193674653801775
3715,2024-06-03 19:00:00,28.5,24.2,78,25.39503786562359
3716,2024-06-03 20:00:00,27.8,24.5,83,25.451207813349306
3717,2024-06-03 21:00:00,26.9,24.8,89,25.42597881895266
3718,2024-06-03 22:00:00,26.8,25.0,90,25.467663547214872
3719,2024-06-03 23:00:00,26.5,25.0,91,25.311226016038464
3720,2024-06-04 00:00:00,26.9,25.2,90,25.566161914967317
3721,2024-06-04 01:00:00,25.0,23.2,90,23.694690749927872
3722,2024-06-04 02:00:00,23.1,22.6,97,22.73988217792162
3723,2024-06-04 03:00:00,23.9,22.4,91,22.744210948778104
3724,2024-06-04 04:00:00,23.1,22.1,94,22.34735800959741
3725,2024-06-04 05:00:00,23.4,22.1,93,22.51398804977411
3726,2024-06-04 06:00:00,24.2,23.0,93,23.30749810661632
3727,2024-06-04 07:00:00,25.5,24.4,93,24.59695026048654
3728,2024-06-04 08:00:00,25.9,24.0,90,24.58117766880238
3729,2024-06-04 09:00:00,26.6,24.5,88,24.99151727128336
3730,2024-06-04 10:00:00,27.9,25.3,86,25.979529500819392
3731,2024-06-04 11:00:00,29.9,26.5,83,27.48370556264545
3732,2024-06-04 12:00:00,28.1,25.3,85,26.030556469796412
3733,2024-06-04 13:00:00,30.8,25.9,75,27.12640596236725
3734,2024-06-04 14:00:00,32.0,24.9,66,26.802966744776835
3735,2024-06-04 15:00:00,32.2,25.1,66,26.986756663202083
3736,2024-06-04 16:00:00,32.0,25.2,67,26.968128113113895
3737,2024-06-04 17:00:00,31.8,25.2,68,26.947390143126658
3738,2024-06-04 18:00:00,31.0,25.1,71,26.68618811725398
3739,2024-06-04 19:00:00,29.8,25.2,77,26.484585534762846
3740,2024-06-04 20:00:00,27.9,25.9,89,26.408605621763844
3741,2024-06-04 21:00:00,27.5,25.8,91,26.29853725354873
3742,2024-06-04 22:00:00,27.4,25.5,89,25.917292378856683
3743,2024-06-04 23:00:00,27.2,25.7,91,26.002344009875852
3744,2024-06-05 00:00:00,27.1,25.9,93,26.183965514594796
3745,2024-06-05 01:00:00,27.0,26.0,94,26.224472104425796
3746,2024-06-05 02:00:00,27.0,26.0,94,26.224472104425796
3747,2024-06-05 03:00:00,27.0,25.8,93,26.084777149031904
3748,2024-06-05 04:00:00,27.0,25.6,92,25.944917172879336
3749,2024-06-05 05:00:00,26.8,25.6,93,25.886400383159717
3750,2024-06-05 06:00:00,26.9,25.6,93,25.985588771896534
3751,2024-06-05 07:00:00,26.6,25.6,94,25.826820195927954
3752,2024-06-05 08:00:00,28.0,25.9,88,26.363855677770616
3753,2024-06-05 09:00:00,23.8,23.0,96,23.308063581889193
3754,2024-06-05 10:00:00,22.5,20.5,89,21.10240516096926
3755,2024-06-05 11:00:00,23.0,21.0,88,21.46263488654246
3756,2024-06-05 12:00:00,24.6,22.2,87,22.89597703384851
3757,2024-06-05 13:00:00,26.0,23.0,84,23.84837739176672
3758,2024-06-05 14:00:00,27.4,24.1,82,24.920894482148817
3759,2024-06-05 15:00:00,29.1,25.1,79,26.116954357413004
3760,2024-06-05 16:00:00,30.4,25.6,76,26.902072468072884
3761,2024-06-05 17:00:00,31.0,25.3,72,26.844500393167078
3762,2024-06-05 18:00:00,31.4,24.5,67,26.41482680699892
3763,2024-06-05 19:00:00,30.9,24.9,70,26.434050715250006
3764,2024-06-05 20:00:00,27.8,22.9,75,24.287551728962796
3765,2024-06-05 21:00:00,26.4,22.5,79,23.53207931028082
3766,2024-06-05 22:00:00,25.7,22.6,83,23.41870357868624
3767,2024-06-05 23:00:00,25.1,22.5,86,23.248457410058325
3768,2024-06-06 00:00:00,25.0,22.3,85,23.014545268814352
3769,2024-06-06 01:00:00,24.7,22.2,86,22.85830334063724
3770,2024-06-06 02:00:00,24.3,22.0,87,22.60262778326113
3771,2024-06-06 03:00:00,23.6,21.9,90,22.315708972016672
3772,2024-06-06 04:00:00,22.8,21.7,94,22.04911770259834
3773,2024-06-06 05:00:00,22.5,21.6,95,21.880429375342292
3774,2024-06-06 06:00:00,22.3,21.6,96,21.810242346304058
3775,2024-06-06 07:00:00,22.9,21.9,94,22.14853115077167
3776,2024-06-06 08:00:00,24.6,23.0,91,23.43533124202589
3777,2024-06-06 09:00:00,26.8,23.5,82,24.341722988330016
3778,2024-06-06 10:00:00,28.4,23.2,74,24.70632396470372
3779,2024-06-06 11:00:00,29.5,22.6,67,24.662700952509272
3780,2024-06-06 12:00:00,30.3,22.4,63,24.756872422059686
3781,2024-06-06 13:00:00,30.9,22.5,61,24.971209548703506
3782,2024-06-06 14:00:00,31.5,22.8,60,25.343356444982007
3783,2024-06-06 15:00:00,32.0,23.1,60,25.7926344029309
3784,2024-06-06 16:00:00,32.4,22.8,57,25.628345790925557
3785,2024-06-06 17:00:00,32.8,22.4,54,25.443820188439812
3786,2024-06-06 18:00:00,33.1,21.8,52,25.33745141044298
3787,2024-06-06 19:00:00,33.2,19.4,44,23.875452478760767
3788,2024-06-06 20:00:00,28.2,20.5,63,22.847972783370537
3789,2024-06-06 21:00:00,25.8,21.6,78,22.817483106231094
3790,2024-06-06 22:00:00,25.5,21.0,76,22.251420529364776
3791,2024-06-06 23:00:00,26.1,20.5,71,22.106749032237964
3792,2024-06-07 00:00:00,25.1,21.4,80,22.425507034315682
3793,2024-06-07 01:00:00,24.7,21.8,84,22.586855991989832
3794,2024-06-07 02:00:00,24.5,21.9,85,22.528090528211134
3795,2024-06-07 03:00:00,24.0,21.8,88,22.442881818063015
3796,2024-06-07 04:00:00,22.9,21.5,92,21.88750123174317
3797,2024-06-07 05:00:00,22.0,21.4,96,21.51067777633127
3798,2024-06-07 06:00:00,21.9,21.1,96,21.410822895373066
3799,2024-06-07 07:00:00,23.0,21.6,92,21.986462850510634
3800,2024-06-07 08:00:00,25.1,22.6,86,23.248457410058325
3801,2024-06-07 09:00:00,27.6,24.0,81,24.969946577340572
3802,2024-06-07 10:00:00,29.5,23.4,70,25.129890359623207
3803,2024-06-07 11:00:00,30.6,23.2,65,25.35498453944228
3804,2024-06-07 12:00:00,31.5,23.2,62,25.680555719902323
3805,2024-06-07 13:00:00,32.1,23.5,61,26.053719593103466
3806,2024-06-07 14:00:00,32.7,23.5,58,26.071492953652086
3807,2024-06-07 15:00:00,32.9,23.3,57,26.07214249197699
3808,2024-06-07 16:00:00,33.0,22.9,56,25.981633014641577
3809,2024-06-07 17:00:00,32.8,22.5,55,25.62503324990093
3810,2024-06-07 18:00:00,32.2,22.8,58,25.625838897403735
3811,2024-06-07 19:00:00,31.1,23.5,64,25.648890846288722
3812,2024-06-07 20:00:00,30.0,24.3,72,25.90693540834334
3813,2024-06-07 21:00:00,28.2,23.7,77,24.96154931462069
3814,2024-06-07 22:00:00,27.2,22.9,77,24.009649456584725
3815,2024-06-07 23:00:00,26.5,22.6,79,23.627815639398335
3816,2024-06-08 00:00:00,25.8,22.8,84,23.654297343959193
3817,2024-06-08 01:00:00,25.1,23.0,88,23.52115180010784
3818,2024-06-08 02:00:00,24.6,23.2,92,23.569846985616714
3819,2024-06-08 03:00:00,24.0,23.0,95,23.374959590741316
3820,2024-06-08 04:00:00,23.0,22.5,97,22.639810573603032
3821,2024-06-08 05:00:00,22.9,22.4,97,22.539738957711972
3822,2024-06-08 06:00:00,23.6,23.0,96,23.108354237180855
3823,2024-06-08 07:00:00,23.9,23.2,96,23.40791823678299
3824,2024-06-08 08:00:00,25.8,24.2,91,24.620107418162082
3825,2024-06-08 09:00:00,27.5,24.6,85,25.44681343793442
3826,2024-06-08 10:00:00,29.0,24.9,79,26.021218455811564
3827,2024-06-08 11:00:00,30.5,24.5,70,26.06143386714842
3828,2024-06-08 12:00:00,31.6,24.0,64,26.105073376664805
3829,2024-06-08 13:00:00,32.2,23.8,61,26.143928600480027
3830,2024-06-08 14:00:00,32.5,23.8,60,26.241911718906845
3831,2024-06-08 15:00:00,32.4,23.5,60,26.15205630656933
3832,2024-06-08 16:00:00,32.2,23.2,59,25.79966329489037
3833,2024-06-08 17:00:00,31.7,23.1,60,25.52306770587029
3834,2024-06-08 18:00:00,30.9,23.1,63,25.302270291742584
3835,2024-06-08 19:00:00,29.9,23.1,67,25.03157020540289
3836,2024-06-08 20:00:00,28.9,23.0,71,24.72357730815347
3837,2024-06-08 21:00:00,27.4,23.4,79,24.489441840901787
3838,2024-06-08 22:00:00,26.6,23.6,84,24.430617175920535
3839,2024-06-08 23:00:00,25.9,23.8,88,24.305347097339506
3840,2024-06-09 00:00:00,25.4,24.0,92,24.36153783369573
3841,2024-06-09 01:00:00,25.0,24.0,94,24.236210719425056
3842,2024-06-09 02:00:00,24.8,24.0,95,24.17204127400362
3843,2024-06-09 03:00:00,24.8,23.9,95,24.17204127400362
3844,2024-06-09 04:00:00,24.6,23.8,95,23.972770923557707
3845,2024-06-09 05:00:00,24.2,23.5,96,23.70748213197148
3846,2024-06-09 06:00:00,23.5,23.0,97,23.14016848004739
3847,2024-06-09 07:00:00,24.1,23.5,96,23.607627511795208
3848,2024-06-09 08:00:00,26.2,24.4,90,24.876673076019678
3849,2024-06-09 09:00:00,27.5,24.4,83,25.160850471226638
3850,2024-06-09 10:00:00,28.5,24.1,77,25.24711893486076
3851,2024-06-09 11:00:00,29.1,23.4,71,24.910492995781762
3852,2024-06-09 12:00:00,30.0,24.5,72,25.90693540834334
3853,2024-06-09 13:00:00,31.0,24.0,66,25.884015867420132
3854,2024-06-09 14:00:00,31.4,24.1,65,26.08753193971233
3855,2024-06-09 15:00:00,31.5,24.1,65,26.179100263568028
3856,2024-06-09 16:00:00,31.4,23.6,64,25.922600433676596
3857,2024-06-09 17:00:00,31.0,23.1,63,25.393169851708297
3858,2024-06-09 18:00:00,30.4,23.6,67,25.492656277539158
3859,2024-06-09 19:00:00,29.7,23.5,69,25.160519345629126
3860,2024-06-09 20:00:00,27.6,23.7,79,24.68091414630412
3861,2024-06-09 21:00:00,27.0,24.0,84,24.81877673586873
3862,2024-06-09 22:00:00,26.7,24.0,85,24.66848860753379
3863,2024-06-09 23:00:00,26.2,24.3,89,24.738139294674188
3864,2024-06-10 00:00:00,25.7,24.0,91,24.521376139950984
3865,2024-06-10 01:00:00,25.6,24.4,93,24.69613880272373
3866,2024-06-10 02:00:00,25.2,24.5,96,24.706027705122093
3867,2024-06-10 03:00:00,25.0,24.4,96,24.506318681246437
3868,2024-06-10 04:00:00,24.4,24.0,98,24.174370415930344
3869,2024-06-10 05:00:00,24.3,23.9,98,24.07408457335485
3870,2024-06-10 06:00:00,24.1,23.9,98,23.87351285538151
3871,2024-06-10 07:00:00,24.5,24.3,99,24.408372076414636
3872,2024-06-10 08:00:00,24.8,21.8,84,22.6838961918918
3873,2024-06-10 09:00:00,25.5,22.6,84,23.36317715884869
3874,2024-06-10 10:00:00,27.0,22.8,78,23.963064549743816
3875,2024-06-10 11:00:00,28.6,23.2,72,24.594341251104996
3876,2024-06-10 12:00:00,29.8,23.4,69,25.253365991551796
3877,2024-06-10 13:00:00,30.6,24.0,68,25.83698195889522
3878,2024-06-10 14:00:00,31.2,23.9,65,25.904395224969537
3879,2024-06-10 15:00:00,31.7,23.9,63,26.02946610166583
3880,2024-06-10 16:00:00,32.0,23.7,62,26.133340632202017
3881,2024-06-10 17:00:00,32.0,23.1,60,25.7926344029309
3882,2024-06-10 18:00:00,30.8,22.6,62,25.046655813026288
3883,2024-06-10 19:00:00,30.6,22.8,63,25.02957146662985
3884,2024-06-10 20:00:00,26.5,23.6,84,24.33357724908168
3885,2024-06-10 21:00:00,26.1,24.1,89,24.639876453442415
3886,2024-06-10 22:00:00,25.0,23.2,90,23.694690749927872
3887,2024-06-10 23:00:00,24.6,22.9,90,23.300696223375212
3888,2024-06-11 00:00:00,24.9,22.6,87,23.189326154952713
3889,2024-06-11 01:00:00,24.6,22.9,90,23.300696223375212
3890,2024-06-11 02:00:00,24.1,23.0,94,23.341491561567256
3891,2024-06-11 03:00:00,23.9,23.0,95,23.275324327245595
3892,2024-06-11 04:00:00,23.7,23.0,96,23.20820891536487
3893,2024-06-11 05:00:00,23.8,23.1,96,23.308063581889193
3894,2024-06-11 06:00:00,23.6,23.0,96,23.108354237180855
3895,2024-06-11 07:00:00,24.1,23.3,95,23.474594842370383
3896,2024-06-11 08:00:00,25.5,24.1,92,24.46049913375888
3897,2024-06-11 09:00:00,27.0,24.4,86,25.10168609588793
3898,2024-06-11 10:00:00,28.4,24.4,79,25.44680271129854
3899,2024-06-11 11:00:00,29.8,24.5,73,25.873552644941135
3900,2024-06-11 12:00:00,30.7,24.5,69,26.08898487933809
3901,2024-06-11 13:00:00,31.5,24.0,65,26.179100263568028
3902,2024-06-11 14:00:00,31.6,23.6,63,25.938566708619785
3903,2024-06-11 15:00:00,32.1,23.5,61,26.053719593103466
3904,2024-06-11 16:00:00,28.0,23.5,76,24.62420747183553
3905,2024-06-11 17:00:00,29.5,23.7,71,25.284324132279735
3906,2024-06-11 18:00:00,30.3,23.7,68,25.559379447719795
3907,2024-06-11 19:00:00,29.2,23.0,69,24.696285802798087
3908,2024-06-11 20:00:00,25.0,23.0,89,23.558984326770084
3909,2024-06-11 21:00:00,24.9,22.9,89,23.460721325882854
3910,2024-06-11 22:00:00,24.5,23.3,93,23.60506417209106
3911,2024-06-11 23:00:00,24.5,23.4,93,23.60506417209106
3912,2024-06-12 00:00:00,24.5,23.9,96,24.00704592352611
3913,2024-06-12 01:00:00,24.5,24.0,97,24.140883439271978
3914,2024-06-12 02:00:00,24.3,23.8,97,23.940740537508777
3915,2024-06-12 03:00:00,23.9,23.4,97,23.54045459930681
3916,2024-06-12 04:00:00,23.5,23.1,98,23.271797436937877
3917,2024-06-12 05:00:00,23.6,23.2,97,23.240240026934895
3918,2024-06-12 06:00:00,23.6,23.1,97,23.240240026934895
3919,2024-06-12 07:00:00,24.2,23.4,95,23.574230082162668
3920,2024-06-12 08:00:00,23.8,22.0,90,22.512706530269526
3921,2024-06-12 09:00:00,25.0,22.8,87,23.287109166726566
3922,2024-06-12 10:00:00,26.6,23.0,80,23.865567705406427
3923,2024-06-12 11:00:00,28.1,23.0,74,24.423297475477426
3924,2024-06-12 12:00:00,29.5,23.4,70,25.129890359623207
3925,2024-06-12 13:00:00,30.4,23.8,68,25.651913639077566
3926,2024-06-12 14:00:00,30.9,23.8,66,25.792120660291324
3927,2024-06-12 15:00:00,31.3,23.8,64,25.831363927673944
3928,2024-06-12 16:00:00,31.5,23.6,63,25.847667291954814
3929,2024-06-12 17:00:00,31.4,23.5,63,25.756767851595875
3930,2024-06-12 18:00:00,30.5,23.1,65,25.263416012171163
3931,2024-06-12 19:00:00,29.5,22.8,67,24.662700952509272
3932,2024-06-12 20:00:00,25.9,24.1,90,24.58117766880238
3933,2024-06-12 21:00:00,25.2,23.5,90,23.891687934176282
3934,2024-06-12 22:00:00,24.8,24.0,95,24.17204127400362
3935,2024-06-12 23:00:00,24.6,24.1,97,24.24095487341604
3936,2024-06-13 00:00:00,24.5,24.0,97,24.140883439271978
3937,2024-06-13 01:00:00,24.6,24.0,96,24.106900497814898
3938,2024-06-13 02:00:00,24.5,24.1,98,24.274656247600777
3939,2024-06-13 03:00:00,24.2,24.0,99,24.10687866839192
3940,2024-06-13 04:00:00,23.9,23.8,99,23.805385164122534
3941,2024-06-13 05:00:00,23.5,23.5,100,23.403393674157567
3942,2024-06-13 06:00:00,23.9,23.8,99,23.805385164122534
3943,2024-06-13 07:00:00,24.4,24.1,98,24.174370415930344
3944,2024-06-13 08:00:00,24.5,22.2,88,22.933004747658508
3945,2024-06-13 09:00:00,25.9,22.4,81,23.333390773247476
3946,2024-06-13 10:00:00,27.9,23.1,75,24.382180462483262
3947,2024-06-13 11:00:00,29.2,23.5,71,25.003950809661738
3948,2024-06-13 12:00:00,30.2,23.7,68,25.466845235310675
3949,2024-06-13 13:00:00,31.1,24.1,67,26.138175871469745
3950,2024-06-13 14:00:00,31.8,24.4,65,26.453805101903164
3951,2024-06-13 15:00:00,32.3,24.4,63,26.57486196810788
3952,2024-06-13 16:00:00,32.2,24.2,63,26.483962715216936
3953,2024-06-13 17:00:00,32.0,23.8,62,26.133340632202017
3954,2024-06-13 18:00:00,30.6,23.2,65,25.35498453944228
3955,2024-06-13 19:00:00,29.7,23.3,69,25.160519345629126
3956,2024-06-13 20:00:00,28.0,23.8,78,24.917713848739805
3957,2024-06-13 21:00:00,27.3,23.7,81,24.681142945906437
3958,2024-06-13 22:00:00,26.4,24.2,88,24.795468717114034
3959,2024-06-13 23:00:00,25.7,24.6,94,24.932102732078743
3960,2024-06-14 00:00:00,25.3,24.4,94,24.53445022402502
3961,2024-06-14 01:00:00,26.0,24.5,91,24.817569936966933
3962,2024-06-14 02:00:00,25.6,24.3,93,24.69613880272373
3963,2024-06-14 03:00:00,25.1,24.2,94,24.335623899451907
3964,2024-06-14 04:00:00,23.9,23.5,98,23.672941093465557
3965,2024-06-14 05:00:00,23.5,23.4,99,23.403393674157567
3966,2024-06-14 06:00:00,23.2,23.0,99,23.101899942553196
3967,2024-06-14 07:00:00,24.0,23.5,97,23.640526100761303
3968,2024-06-14 08:00:00,26.5,24.4,88,24.893493000859365
3969,2024-06-14 09:00:00,28.4,24.5,79,25.44680271129854
3970,2024-06-14 10:00:00,29.6,23.8,71,25.377781867008917
3971,2024-06-14 11:00:00,30.6,22.7,63,25.02957146662985
3972,2024-06-14 12:00:00,31.6,21.7,56,24.744289033062653
3973,2024-06-14 13:00:00,32.5,21.0,51,24.63218034145614
3974,2024-06-14 14:00:00,33.0,20.6,48,24.49455441523487
3975,2024-06-14 15:00:00,33.3,20.6,47,24.55509841425927
3976,2024-06-14 16:00:00,33.6,20.5,46,24.611005055734346
3977,2024-06-14 17:00:00,33.7,20.0,45,24.494611486926072
3978,2024-06-14 18:00:00,33.5,19.9,45,24.327111201603014
3979,2024-06-14 19:00:00,31.2,22.7,61,25.24183740199239
3980,2024-06-14 20:00:00,29.6,23.8,71,25.377781867008917
3981,2024-06-14 21:00:00,28.5,23.4,74,24.80066609046037
3982,2024-06-14 22:00:00,27.9,22.5,73,24.08657404557194
3983,2024-06-14 23:00:00,26.9,22.3,76,23.58018263465065
3984,2024-06-15 00:00:00,26.2,22.5,80,23.481551896184165
3985,2024-06-15 01:00:00,25.5,22.4,83,23.2251313948594
3986,2024-06-15 02:00:00,24.8,22.4,87,23.09154312890733
3987,2024-06-15 03:00:00,24.1,22.5,91,22.941673955106587
3988,2024-06-15 04:00:00,23.9,22.4,91,22.744210948778104
3989,2024-06-15 05:00:00,24.2,22.4,89,22.77287993874167
3990,2024-06-15 06:00:00,23.0,22.1,95,22.378606416807475
3991,2024-06-15 07:00:00,23.7,22.5,93,22.811554415295404
3992,2024-06-15 08:00:00,26.4,23.5,84,24.236537307422005
3993,2024-06-15 09:00:00,28.6,23.4,73,24.744935379106586
3994,2024-06-15 10:00:00,29.8,22.6,66,24.781271916259946
3995,2024-06-15 11:00:00,30.3,22.4,63,24.756872422059686
3996,2024-06-15 12:00:00,30.8,22.7,62,25.046655813026288
3997,2024-06-15 13:00:00,31.6,22.4,58,25.091053129754922
3998,2024-06-15 14:00:00,32.0,22.1,56,25.097816467812134
3999,2024-06-15 15:00:00,32.5,21.8,53,24.99954933284362
4000,2024-06-15 16:00:00,32.2,21.2,52,24.556217749118677
4001,2024-06-15 17:00:00,31.9,21.2,53,24.47629653300675
4002,2024-06-15 18:00:00,31.1,22.0,58,24.645397559787234
4003,2024-06-15 19:00:00,30.2,22.4,63,24.66597269140175
4004,2024-06-15 20:00:00,29.3,23.2,70,24.94358141646884
4005,2024-06-15 21:00:00,28.0,23.1,75,24.476809177650935
4006,2024-06-15 22:00:00,26.9,23.4,81,24.296071216728247
4007,2024-06-15 23:00:00,26.1,23.6,86,24.223841568319838
4008,2024-06-16 00:00:00,25.9,23.8,88,24.305347097339506
4009,2024-06-16 01:00:00,25.6,23.8,89,24.148562049885367
4010,2024-06-16 02:00:00,25.1,23.5,91,23.928988205322003
4011,2024-06-16 03:00:00,24.6,23.0,91,23.43533124202589
4012,2024-06-16 04:00:00,24.5,22.9,90,23.20219755860746
4013,2024-06-16 05:00:00,24.1,22.8,92,23.07503979663569
4014,2024-06-16 06:00:00,24.0,22.8,93,23.109120667576917
4015,2024-06-16 07:00:00,25.0,23.2,90,23.694690749927872
4016,2024-06-16 08:00:00,27.1,23.9,83,24.77370714071506
4017,2024-06-16 09:00:00,28.9,23.8,74,25.178034408343542
4018,2024-06-16 10:00:00,30.1,22.9,65,24.8971416727873
4019,2024-06-16 11:00:00,31.1,22.6,60,24.98393360930022
4020,2024-06-16 12:00:00,32.1,22.2,56,25.186198252896613
4021,2024-06-16 13:00:00,32.8,21.6,52,25.077040486153038
4022,2024-06-16 14:00:00,32.8,21.4,51,24.891354838844894
4023,2024-06-16 15:00:00,32.7,21.8,53,25.17396667566314
4024,2024-06-16 16:00:00,32.5,21.9,54,25.18100078817113
4025,2024-06-16 17:00:00,31.6,22.9,60,25.43321208843415
4026,2024-06-16 18:00:00,31.1,23.0,62,25.318327350202967
4027,2024-06-16 19:00:00,30.4,23.2,66,25.332644293625997
4028,2024-06-16 20:00:00,29.6,23.6,70,25.22304480072132
4029,2024-06-16 21:00:00,28.6,23.9,75,25.044581086223992
4030,2024-06-16 22:00:00,28.2,24.0,78,25.10864350553067
4031,2024-06-16 23:00:00,28.0,23.9,79,25.063858559388002
4032,2024-06-17 00:00:00,27.6,23.5,78,24.535854333303064
4033,2024-06-17 01:00:00,27.3,23.0,78,24.249459518592946
4034,2024-06-17 02:00:00,26.6,22.8,79,23.723551951486627
4035,2024-06-17 03:00:00,26.0,22.9,83,23.709061737763808
4036,2024-06-17 04:00:00,25.3,23.0,87,23.580458116800113
4037,2024-06-17 05:00:00,25.4,23.4,89,23.952036195699282
4038,2024-06-17 06:00:00,25.2,23.0,87,23.48267514761228
4039,2024-06-17 07:00:00,24.9,22.5,87,23.189326154952713
4040,2024-06-17 08:00:00,28.1,23.6,77,24.86635940692182
4041,2024-06-17 09:00:00,29.1,23.2,71,24.910492995781762
4042,2024-06-17 10:00:00,30.4,23.1,65,25.171847461942512
4043,2024-06-17 11:00:00,30.5,22.6,63,24.93867180959492
4044,2024-06-17 12:00:00,30.7,22.5,61,24.79079085117301
4045,2024-06-17 13:00:00,28.0,22.5,73,24.180625722585866
4046,2024-06-17 14:00:00,28.2,23.3,75,24.666066553141267
4047,2024-06-17 15:00:00,29.9,23.3,68,25.18924247113019
4048,2024-06-17 16:00:00,30.5,23.5,66,25.42453961132389
4049,2024-06-17 17:00:00,30.0,22.7,65,24.80557303000291
4050,2024-06-17 18:00:00,29.3,22.7,68,24.63403636560962
4051,2024-06-17 19:00:00,29.6,21.5,62,23.959967390385582
4052,2024-06-17 20:00:00,27.5,22.0,72,23.563014577483234
4053,2024-06-17 21:00:00,26.9,21.2,71,22.8544159383957
4054,2024-06-17 22:00:00,26.5,22.0,76,23.200536692424446
4055,2024-06-17 23:00:00,26.3,22.6,80,23.577555873414404
4056,2024-06-18 00:00:00,26.8,22.2,76,23.485271176757568
4057,2024-06-18 01:00:00,27.0,21.5,72,23.09422891870167
4058,2024-06-18 02:00:00,26.3,22.9,81,23.71846314452158
4059,2024-06-18 03:00:00,26.3,22.5,80,23.577555873414404
4060,2024-06-18 04:00:00,26.1,22.4,80,23.38554790225918
4061,2024-06-18 05:00:00,25.8,22.6,83,23.51548964722424
4062,2024-06-18 06:00:00,25.2,23.2,89,23.75551028808791
4063,2024-06-18 07:00:00,25.1,23.4,90,23.793189348609133
4064,2024-06-18 08:00:00,26.0,23.6,87,24.264938507865303
4065,2024-06-18 09:00:00,27.8,24.1,81,25.162482253496165
4066,2024-06-18 10:00:00,29.6,24.1,72,25.531908889879706
4067,2024-06-18 11:00:00,30.6,23.3,65,25.35498453944228
4068,2024-06-18 12:00:00,30.4,23.6,67,25.492656277539158
4069,2024-06-18 13:00:00,29.3,22.9,68,24.63403636560962
4070,2024-06-18 14:00:00,29.9,23.1,67,25.03157020540289
4071,2024-06-18 15:00:00,31.0,22.9,62,25.227770196029716
4072,2024-06-18 16:00:00,30.9,22.3,60,24.804222033125612
4073,2024-06-18 17:00:00,29.5,22.4,66,24.50558542150506
4074,2024-06-18 18:00:00,28.5,21.8,67,23.740526252874986
4075,2024-06-18 19:00:00,27.9,22.5,73,24.08657404557194
4076,2024-06-18 20:00:00,26.6,22.6,79,23.723551951486627
4077,2024-06-18 21:00:00,26.1,23.0,83,23.805847759850682
4078,2024-06-18 22:00:00,25.6,23.0,85,23.598290462190388
4079,2024-06-18 23:00:00,25.4,22.9,86,23.541072808873597
4080,2024-06-19 00:00:00,25.1,22.9,87,23.38489216426707
4081,2024-06-19 01:00:00,24.7,22.4,87,22.993760088552083
4082,2024-06-19 02:00:00,24.3,22.2,88,22.736955618217007
4083,2024-06-19 03:00:00,24.0,22.2,90,22.709704034247675
4084,2024-06-19 04:00:00,24.0,22.2,89,22.57635370460449
4085,2024-06-19 05:00:00,23.5,22.0,91,22.34928477765206
4086,2024-06-19 06:00:00,23.3,21.8,91,22.15182161229998
4087,2024-06-19 07:00:00,23.4,21.9,91,22.250553201654164
4088,2024-06-19 08:00:00,24.1,22.8,92,23.07503979663569
4089,2024-06-19 09:00:00,24.1,22.9,93,23.20830939332344
4090,2024-06-19 10:00:00,24.4,23.2,93,23.505875495968443
4091,2024-06-19 11:00:00,25.4,24.0,92,24.36153783369573
4092,2024-06-19 12:00:00,25.8,23.8,89,24.345087850925363
4093,2024-06-19 13:00:00,28.0,24.4,81,25.355017867546064
4094,2024-06-19 14:00:00,29.4,25.0,77,26.103826881181043
4095,2024-06-19 15:00:00,29.8,23.9,71,25.56469727760448
4096,2024-06-19 16:00:00,28.9,24.3,76,25.478408008223585
4097,2024-06-19 17:00:00,29.0,24.4,76,25.5733190916518
4098,2024-06-19 18:00:00,27.5,24.6,84,25.303975857112007
4099,2024-06-19 19:00:00,25.6,23.8,90,24.28568214598439
4100,2024-06-19 20:00:00,25.6,24.1,92,24.559460421495128
4101,2024-06-19 21:00:00,25.9,23.9,88,24.305347097339506
4102,2024-06-19 22:00:00,25.8,23.5,88,24.20732273292772
4103,2024-06-19 23:00:00,25.2,23.0,88,23.619176260256992
4104,2024-06-20 00:00:00,25.1,22.8,87,23.38489216426707
4105,2024-06-20 01:00:00,25.0,23.0,88,23.42312732613657
4106,2024-06-20 02:00:00,25.0,23.1,89,23.558984326770084
4107,2024-06-20 03:00:00,25.1,23.0,88,23.52115180010784
4108,2024-06-20 04:00:00,24.9,23.0,89,23.460721325882854
4109,2024-06-20 05:00:00,25.1,23.0,88,23.52115180010784
4110,2024-06-20 06:00:00,25.1,22.8,87,23.38489216426707
4111,2024-06-20 07:00:00,25.1,22.8,87,23.38489216426707
4112,2024-06-20 08:00:00,25.5,23.7,90,24.18718361253367
4113,2024-06-20 09:00:00,26.8,23.8,84,24.624696985296257
4114,2024-06-20 10:00:00,27.4,24.0,82,24.920894482148817
4115,2024-06-20 11:00:00,29.2,24.5,76,25.763141206736588
4116,2024-06-20 12:00:00,30.1,23.8,69,25.531905805170407
4117,2024-06-20 13:00:00,28.7,24.0,76,25.2885857893483
4118,2024-06-20 14:00:00,30.2,24.5,71,25.938527864972816
4119,2024-06-20 15:00:00,30.2,24.7,72,26.09444855429526
4120,2024-06-20 16:00:00,31.3,24.5,67,26.322609849562006
4121,2024-06-20 17:00:00,30.6,23.9,67,25.67709055444261
4122,2024-06-20 18:00:00,30.4,22.7,64,25.01023432523544
4123,2024-06-20 19:00:00,29.6,23.0,68,24.911639515154445
4124,2024-06-20 20:00:00,26.6,23.9,85,24.57119793956796
4125,2024-06-20 21:00:00,25.2,23.5,90,23.891687934176282
4126,2024-06-20 22:00:00,25.2,23.5,90,23.891687934176282
4127,2024-06-20 23:00:00,25.5,23.9,91,24.323913545750028
4128,2024-06-21 00:00:00,25.4,23.9,92,24.36153783369573
4129,2024-06-21 01:00:00,25.1,23.9,93,24.200195971057745
4130,2024-06-21 02:00:00,25.1,23.7,92,24.064653859229136
4131,2024-06-21 03:00:00,24.8,23.2,91,23.632794065944385
4132,2024-06-21 04:00:00,24.5,23.4,93,23.60506417209106
4133,2024-06-21 05:00:00,24.3,23.5,95,23.673865310147928
4134,2024-06-21 06:00:00,24.1,23.4,96,23.607627511795208
4135,2024-06-21 07:00:00,24.2,23.2,94,23.440904849481168
4136,2024-06-21 08:00:00,25.9,24.2,91,24.718838683823336
4137,2024-06-21 09:00:00,27.1,24.1,83,24.77370714071506
4138,2024-06-21 10:00:00,28.6,23.9,76,25.193674653801775
4139,2024-06-21 11:00:00,29.5,24.4,74,25.744086335640414
4140,2024-06-21 12:00:00,27.9,23.9,79,24.968122480716538
4141,2024-06-21 13:00:00,29.7,24.6,74,25.9327701665608
4142,2024-06-21 14:00:00,30.1,24.4,71,25.845070247214053
4143,2024-06-21 15:00:00,30.2,23.9,69,25.624752368535365
4144,2024-06-21 16:00:00,30.4,23.6,67,25.492656277539158
4145,2024-06-21 17:00:00,30.5,23.5,66,25.42453961132389
4146,2024-06-21 18:00:00,30.1,23.4,67,25.21600469971457
4147,2024-06-21 19:00:00,29.2,23.4,71,25.003950809661738
4148,2024-06-21 20:00:00,28.6,23.6,75,25.044581086223992
4149,2024-06-21 21:00:00,27.2,23.9,82,24.727837379081233
4150,2024-06-21 22:00:00,26.4,24.0,86,24.516456537244405
4151,2024-06-21 23:00:00,25.6,24.0,91,24.422644849157766
4152,2024-06-22 00:00:00,25.2,24.0,93,24.2993845615481
4153,2024-06-22 01:00:00,25.0,24.0,94,24.236210719425056
4154,2024-06-22 02:00:00,24.9,24.0,95,24.271676431766206
4155,2024-06-22 03:00:00,24.8,24.0,95,24.17204127400362
4156,2024-06-22 04:00:00,24.6,23.9,95,23.972770923557707
4157,2024-06-22 05:00:00,24.4,23.7,96,23.907191337808293
4158,2024-06-22 06:00:00,24.1,23.5,96,23.607627511795208
4159,2024-06-22 07:00:00,24.5,23.6,95,23.873135730815928
4160,2024-06-22 08:00:00,25.3,24.0,92,24.26257652127417
4161,2024-06-22 09:00:00,27.0,24.4,86,25.10168609588793
4162,2024-06-22 10:00:00,28.7,24.5,78,25.585967356170336
4163,2024-06-22 11:00:00,30.1,23.3,67,25.21600469971457
4164,2024-06-22 12:00:00,31.1,22.0,58,24.645397559787234
4165,2024-06-22 13:00:00,31.8,22.0,57,25.09578882512534
4166,2024-06-22 14:00:00,32.0,22.4,57,25.273307926923735
4167,2024-06-22 15:00:00,32.5,21.9,54,25.18100078817113
4168,2024-06-22 16:00:00,32.3,21.8,54,25.00578770036881
4169,2024-06-22 17:00:00,30.8,21.7,59,24.546714450838238
4170,2024-06-22 18:00:00,30.1,22.1,62,24.412754680106424
4171,2024-06-22 19:00:00,28.8,22.4,69,24.324898588829416
4172,2024-06-22 20:00:00,28.5,23.1,72,24.500584380162014
4173,2024-06-22 21:00:00,27.1,23.0,78,24.05852955656822
4174,2024-06-22 22:00:00,26.4,23.0,82,23.95560834915351
4175,2024-06-22 23:00:00,25.9,23.4,86,24.028764851456618
4176,2024-06-23 00:00:00,25.3,23.5,90,23.99018650666344
4177,2024-06-23 01:00:00,24.6,23.5,94,23.838557880351015
4178,2024-06-23 02:00:00,24.0,23.2,95,23.374959590741316
4179,2024-06-23 03:00:00,24.7,23.4,92,23.668808385438982
4180,2024-06-23 04:00:00,23.5,22.9,97,23.14016848004739
4181,2024-06-23 05:00:00,23.5,23.1,97,23.14016848004739
4182,2024-06-23 06:00:00,23.5,23.1,98,23.271797436937877
4183,2024-06-23 07:00:00,24.0,23.5,96,23.507772880075336
4184,2024-06-23 08:00:00,25.9,24.4,91,24.718838683823336
4185,2024-06-23 09:00:00,27.5,24.4,83,25.160850471226638
4186,2024-06-23 10:00:00,29.0,24.2,75,25.42309533156935
4187,2024-06-23 11:00:00,30.0,24.0,71,25.751612610104797
4188,2024-06-23 12:00:00,31.0,24.0,66,25.884015867420132
4189,2024-06-23 13:00:00,31.5,24.0,64,26.013836916649467
4190,2024-06-23 14:00:00,31.9,24.0,63,26.211264817199783
4191,2024-06-23 15:00:00,31.9,24.5,65,26.545373337166676
4192,2024-06-23 16:00:00,31.0,24.0,66,25.884015867420132
4193,2024-06-23 17:00:00,31.1,24.4,67,26.138175871469745
4194,2024-06-23 18:00:00,31.0,24.2,67,26.045958850685395
4195,2024-06-23 19:00:00,30.3,24.1,70,25.875125325136963
4196,2024-06-23 20:00:00,29.2,24.2,74,25.461060453862117
4197,2024-06-23 21:00:00,28.0,23.9,78,24.917713848739805
4198,2024-06-23 22:00:00,27.4,24.2,83,25.064064660930928
4199,2024-06-23 23:00:00,27.0,24.8,88,25.383614220461
4200,2024-06-24 00:00:00,26.5,25.1,92,25.45011146155967
4201,2024-06-24 01:00:00,26.1,25.2,95,25.467297428222974
4202,2024-06-24 02:00:00,25.8,25.1,96,25.305154508061875
4203,2024-06-24 03:00:00,25.4,24.9,97,25.04152594847719
4204,2024-06-24 04:00:00,25.0,24.7,98,24.7760852433079
4205,2024-06-24 05:00:00,25.0,24.8,99,24.910860877801493
4206,2024-06-24 06:00:00,24.9,24.6,99,24.8103631386028
4207,2024-06-24 07:00:00,25.4,25.1,98,25.17722824628102
4208,2024-06-24 08:00:00,27.2,25.5,90,25.861656943246842
4209,2024-06-24 09:00:00,27.8,25.5,88,26.167807489868352
4210,2024-06-24 10:00:00,29.0,25.6,82,26.465349135200743
4211,2024-06-24 11:00:00,30.4,25.8,76,26.902072468072884
4212,2024-06-24 12:00:00,31.5,25.3,70,26.992975404571204
4213,2024-06-24 13:00:00,32.2,24.9,65,26.820077911367054
4214,2024-06-24 14:00:00,32.7,24.5,62,26.767238500420397
4215,2024-06-24 15:00:00,33.0,24.3,61,26.865599776942016
4216,2024-06-24 16:00:00,32.8,24.1,60,26.51147780466144
4217,2024-06-24 17:00:00,32.3,23.8,61,26.234137583157388
4218,2024-06-24 18:00:00,31.6,24.1,64,26.105073376664805
4219,2024-06-24 19:00:00,30.7,24.2,68,25.92951608748253
4220,2024-06-24 20:00:00,29.4,24.6,76,25.95296325311993
4221,2024-06-24 21:00:00,28.1,24.7,82,25.596593863989686
4222,2024-06-24 22:00:00,27.4,24.8,85,25.349522883685868
4223,2024-06-24 23:00:00,26.8,24.8,89,25.32771606857092
4224,2024-06-25 00:00:00,26.5,24.7,90,25.172168368529245
4225,2024-06-25 01:00:00,26.2,24.7,91,25.015032405829288
4226,2024-06-25 02:00:00,26.0,24.7,92,24.95530544979787
4227,2024-06-25 03:00:00,25.6,24.7,95,24.96912221287965
4228,2024-06-25 04:00:00,25.4,24.7,96,24.905736684069016
4229,2024-06-25 05:00:00,25.0,24.5,97,24.641240499048823
4230,2024-06-25 06:00:00,24.9,24.4,97,24.541169109227543
4231,2024-06-25 07:00:00,25.6,24.7,95,24.96912221287965
4232,2024-06-25 08:00:00,27.5,25.0,87,25.73167993218587
4233,2024-06-25 09:00:00,28.2,24.8,81,25.547553419831473
4234,2024-06-25 10:00:00,29.5,25.0,77,26.199016569361117
4235,2024-06-25 11:00:00,30.6,25.1,72,26.469474621847173
4236,2024-06-25 12:00:00,31.7,24.6,66,26.527281707636046
4237,2024-06-25 13:00:00,32.7,24.5,62,26.767238500420397
4238,2024-06-25 14:00:00,33.2,25.0,62,27.220021984157825
4239,2024-06-25 15:00:00,33.5,24.8,60,27.14046446612965
4240,2024-06-25 16:00:00,31.5,24.2,65,26.179100263568028
4241,2024-06-25 17:00:00,31.9,24.5,65,26.545373337166676
4242,2024-06-25 18:00:00,31.9,24.0,63,26.211264817199783
4243,2024-06-25 19:00:00,31.0,24.1,67,26.045958850685395
4244,2024-06-25 20:00:00,30.0,24.1,71,25.751612610104797
4245,2024-06-25 21:00:00,28.9,24.5,77,25.627878190328378
4246,2024-06-25 22:00:00,28.0,24.6,82,25.500065426147007
4247,2024-06-25 23:00:00,27.5,24.8,85,25.44681343793442
4248,2024-06-26 00:00:00,27.0,24.9,88,25.383614220461
4249,2024-06-26 01:00:00,26.5,24.9,91,25.311226016038464
4250,2024-06-26 02:00:00,26.3,24.9,92,25.252189093121316
4251,2024-06-26 03:00:00,26.0,24.9,93,25.092892852103557
4252,2024-06-26 04:00:00,25.6,24.9,95,24.96912221287965
4253,2024-06-26 05:00:00,25.5,24.8,96,25.005591156763533
4254,2024-06-26 06:00:00,25.4,24.8,97,25.04152594847719
4255,2024-06-26 07:00:00,25.9,24.9,94,25.13092891603002
4256,2024-06-26 08:00:00,26.5,24.5,89,25.032927740025453
4257,2024-06-26 09:00:00,28.0,24.9,83,25.64477930119384
4258,2024-06-26 10:00:00,29.5,25.1,77,26.199016569361117
4259,2024-06-26 11:00:00,30.7,24.8,71,26.405815665506864
4260,2024-06-26 12:00:00,31.8,24.6,66,26.619176741370335
4261,2024-06-26 13:00:00,32.5,24.5,63,26.756660404655292
4262,2024-06-26 14:00:00,32.6,23.9,60,26.331767105980266
4263,2024-06-26 15:00:00,32.5,23.5,59,26.068151652488503
4264,2024-06-26 16:00:00,33.0,23.8,58,26.338885065108535
4265,2024-06-26 17:00:00,32.4,24.0,61,26.32434654121488
4266,2024-06-26 18:00:00,31.5,24.5,67,26.507043743448598
4267,2024-06-26 19:00:00,31.3,24.4,67,26.322609849562006
4268,2024-06-26 20:00:00,28.2,24.5,80,25.40162833034388
4269,2024-06-26 21:00:00,27.7,25.0,85,25.641394504335615
4270,2024-06-26 22:00:00,27.4,25.1,88,25.775710959262714
4271,2024-06-26 23:00:00,27.1,25.1,89,25.622504281215985
4272,2024-06-27 00:00:00,26.8,25.2,91,25.607419515304915
4273,2024-06-27 01:00:00,26.5,25.1,92,25.45011146155967
4274,2024-06-27 02:00:00,26.4,25.0,92,25.35115028336447
4275,2024-06-27 03:00:00,26.0,24.8,93,25.092892852103557
4276,2024-06-27 04:00:00,25.8,24.6,93,24.894515851267048
4277,2024-06-27 05:00:00,25.6,24.5,93,24.69613880272373
4278,2024-06-27 06:00:00,25.5,24.4,94,24.733276501488593
4279,2024-06-27 07:00:00,25.8,24.5,93,24.894515851267048
4280,2024-06-27 08:00:00,27.6,25.1,86,25.68691515559942
4281,2024-06-27 09:00:00,29.0,25.0,79,26.021218455811564
4282,2024-06-27 10:00:00,29.9,24.8,74,26.121453925755528
4283,2024-06-27 11:00:00,31.2,24.4,67,26.230392871073732
4284,2024-06-27 12:00:00,32.3,23.7,61,26.234137583157388
4285,2024-06-27 13:00:00,33.1,23.6,58,26.428015715742504
4286,2024-06-27 14:00:00,33.8,23.4,55,26.505005190733815
4287,2024-06-27 15:00:00,34.3,23.2,52,26.379092218139366
4288,2024-06-27 16:00:00,32.8,23.6,59,26.336639775171964
4289,2024-06-27 17:00:00,32.0,23.8,62,26.133340632202017
4290,2024-06-27 18:00:00,30.5,24.0,69,25.9032919359754
4291,2024-06-27 19:00:00,30.5,24.5,71,26.218900602718033
4292,2024-06-27 20:00:00,28.2,25.4,84,25.983254022042825
4293,2024-06-27 21:00:00,27.9,25.7,88,26.265831590241703
4294,2024-06-27 22:00:00,27.2,25.9,92,26.14283937413021
4295,2024-06-27 23:00:00,27.0,25.7,93,26.084777149031904
4296,2024-06-28 00:00:00,27.0,25.6,92,25.944917172879336
4297,2024-06-28 01:00:00,27.1,25.6,92,26.04387827942317
4298,2024-06-28 02:00:00,26.7,25.3,92,25.648033781927996
4299,2024-06-28 03:00:00,26.5,25.3,93,25.588835147049327
4300,2024-06-28 04:00:00,26.2,25.4,95,25.566932437399583
4301,2024-06-28 05:00:00,26.2,25.4,95,25.566932437399583
4302,2024-06-28 06:00:00,25.9,25.2,96,25.405008936324226
4303,2024-06-28 07:00:00,26.0,25.2,95,25.36766240778635
4304,2024-06-28 08:00:00,27.0,25.0,89,25.52424155648995
4305,2024-06-28 09:00:00,28.3,25.1,83,25.93513642339789
4306,2024-06-28 10:00:00,29.9,25.1,76,26.427518071063577
4307,2024-06-28 11:00:00,30.8,25.4,73,26.814065004257365
4308,2024-06-28 12:00:00,32.0,25.5,69,27.29598706535054
4309,2024-06-28 13:00:00,32.8,25.1,64,27.199909132056327
4310,2024-06-28 14:00:00,32.9,24.7,62,26.948351964028877
4311,2024-06-28 15:00:00,31.0,24.3,68,26.20711834871764
4312,2024-06-28 16:00:00,33.0,25.0,63,27.21115609552107
4313,2024-06-28 17:00:00,31.8,24.2,65,26.453805101903164
4314,2024-06-28 18:00:00,32.0,25.0,67,26.968128113113895
4315,2024-06-28 19:00:00,31.6,24.2,65,26.270668565172432
4316,2024-06-28 20:00:00,30.1,24.7,73,26.15570654358447
4317,2024-06-28 21:00:00,29.4,25.1,78,26.254220056969302
4318,2024-06-28 22:00:00,28.7,25.3,82,26.17576417782521
4319,2024-06-28 23:00:00,28.0,25.5,86,26.07706758877919
4320,2024-06-29 00:00:00,27.7,25.5,88,26.069783376617245
4321,2024-06-29 01:00:00,27.5,25.5,88,25.87373511134802
4322,2024-06-29 02:00:00,27.4,25.5,89,25.917292378856683
4323,2024-06-29 03:00:00,27.3,25.5,90,25.960155261120605
4324,2024-06-29 04:00:00,27.2,25.5,90,25.861656943246842
4325,2024-06-29 05:00:00,27.2,25.5,90,25.861656943246842
4326,2024-06-29 06:00:00,26.5,25.2,93,25.588835147049327
4327,2024-06-29 07:00:00,26.7,25.4,92,25.648033781927996
4328,2024-06-29 08:00:00,28.1,25.3,85,26.030556469796412
4329,2024-06-29 09:00:00,28.0,25.0,84,25.78917461770667
4330,2024-06-29 10:00:00,28.9,25.1,80,26.073653572194104
4331,2024-06-29 11:00:00,31.0,25.9,74,27.159213337543743
4332,2024-06-29 12:00:00,32.3,25.5,67,27.24477848711277
4333,2024-06-29 13:00:00,33.5,25.1,62,27.49169179570797
4334,2024-06-29 14:00:00,34.0,24.8,59,27.410589962219323
4335,2024-06-29 15:00:00,34.6,24.5,56,27.395733628412952
4336,2024-06-29 16:00:00,33.3,23.5,56,26.24677742120919
4337,2024-06-29 17:00:00,33.2,23.9,58,26.517146339929823
4338,2024-06-29 18:00:00,32.5,24.9,65,27.094782289599085
4339,2024-06-29 19:00:00,31.4,25.4,71,27.06001778937257
4340,2024-06-29 20:00:00,30.1,25.0,74,26.31013761363795
4341,2024-06-29 21:00:00,29.0,24.9,79,26.021218455811564
4342,2024-06-29 22:00:00,28.3,25.2,83,25.93513642339789
4343,2024-06-29 23:00:00,28.0,25.2,85,25.933265999256363
4344,2024-06-30 00:00:00,28.0,25.1,85,25.933265999256363
4345,2024-06-30 01:00:00,27.7,25.0,86,25.784453284265272
4346,2024-06-30 02:00:00,27.5,25.1,87,25.73167993218587
4347,2024-06-30 03:00:00,26.9,25.2,91,25.706150657219485
4348,2024-06-30 04:00:00,26.3,25.2,94,25.528581144946283
4349,2024-06-30 05:00:00,26.0,25.2,95,25.36766240778635
4350,2024-06-30 06:00:00,25.8,25.1,96,25.305154508061875
4351,2024-06-30 07:00:00,26.4,25.5,95,25.76620242208409
4352,2024-06-30 08:00:00,28.1,25.8,87,26.318375655964115
4353,2024-06-30 09:00:00,29.5,25.5,79,26.4998978059571
4354,2024-06-30 10:00:00,30.9,25.0,71,26.59273065225522
4355,2024-06-30 11:00:00,31.9,24.2,64,26.37878261968372
4356,2024-06-30 12:00:00,32.8,23.8,59,26.336639775171964
4357,2024-06-30 13:00:00,33.5,23.8,57,26.60469762606438
4358,2024-06-30 14:00:00,34.1,24.1,56,26.953827943463576
4359,2024-06-30 15:00:00,34.5,24.0,55,27.12098384438886
4360,2024-06-30 16:00:00,34.3,24.0,55,26.94499008420965
4361,2024-06-30 17:00:00,34.0,23.8,55,26.680999233117948
4362,2024-06-30 18:00:00,32.8,24.2,61,26.685182128820728
4363,2024-06-30 19:00:00,32.1,24.0,62,26.223897542130967
4364,2024-06-30 20:00:00,31.9,24.8,66,26.71107175372879
4365,2024-06-30 21:00:00,30.7,24.6,70,26.247742330363263
4366,2024-06-30 22:00:00,29.5,25.0,77,26.199016569361117
4367,2024-06-30 23:00:00,28.8,25.4,82,26.272292511637925
4368,2024-07-01 00:00:00,28.3,25.5,85,26.225137369446745
4369,2024-07-01 01:00:00,27.7,25.7,89,26.21208036237986
4370,2024-07-01 02:00:00,27.1,25.9,93,26.183965514594796
4371,2024-07-01 03:00:00,26.5,25.9,96,26.00413527500898
4372,2024-07-01 04:00:00,26.1,25.7,97,25.74202506615092
4373,2024-07-01 05:00:00,25.9,25.5,98,25.678656760740818
4374,2024-07-01 06:00:00,25.5,25.1,98,25.27751397035414
4375,2024-07-01 07:00:00,25.9,25.2,96,25.405008936324226
4376,2024-07-01 08:00:00,27.6,25.5,88,25.97175925045498
4377,2024-07-01 09:00:00,29.4,25.0,77,26.103826881181043
4378,2024-07-01 10:00:00,31.2,23.6,64,25.74012739856894
4379,2024-07-01 11:00:00,32.7,22.5,55,25.537035894985188
4380,2024-07-01 12:00:00,33.7,22.0,50,25.477797890857794
4381,2024-07-01 13:00:00,34.5,21.7,47,25.571066787750386
4382,2024-07-01 14:00:00,35.0,21.5,45,25.583359397304513
4383,2024-07-01 15:00:00,35.5,21.2,44,25.790874096492214
4384,2024-07-01 16:00:00,35.8,20.8,42,25.607964192357684
4385,2024-07-01 17:00:00,35.5,20.5,41,25.142218888773396
4386,2024-07-01 18:00:00,35.0,20.4,43,25.16322661796465
4387,2024-07-01 19:00:00,34.9,20.5,43,25.08042782651309
4388,2024-07-01 20:00:00,29.2,24.6,76,25.763141206736588
4389,2024-07-01 21:00:00,28.6,24.8,79,25.638274690223927
4390,2024-07-01 22:00:00,28.4,24.7,80,25.59363562057946
4391,2024-07-01 23:00:00,28.2,24.8,82,25.693122286849434
4392,2024-07-02 00:00:00,28.1,25.1,84,25.886214326972397
4393,2024-07-02 01:00:00,27.9,24.8,84,25.692134894207598
4394,2024-07-02 02:00:00,27.6,24.4,83,25.25763626670152
4395,2024-07-02 03:00:00,27.2,23.8,81,24.5848750373349
4396,2024-07-02 04:00:00,26.8,23.2,81,24.199803244748658
4397,2024-07-02 05:00:00,26.5,22.6,79,23.627815639398335
4398,2024-07-02 06:00:00,26.0,22.0,78,23.008413523229354
4399,2024-07-02 07:00:00,26.3,22.0,77,23.152938074507315
4400,2024-07-02 08:00:00,27.8,22.8,74,24.14027081716199
4401,2024-07-02 09:00:00,29.0,23.0,70,24.664117848418428
4402,2024-07-02 10:00:00,30.8,23.0,63,25.211370707625875
4403,2024-07-02 11:00:00,32.4,22.0,54,25.093394259770374
4404,2024-07-02 12:00:00,33.5,21.6,50,25.305855146347362
4405,2024-07-02 13:00:00,34.5,22.0,49,25.969315998154933
4406,2024-07-02 14:00:00,35.0,22.4,48,26.19671379235075
4407,2024-07-02 15:00:00,35.4,22.5,47,26.333039564141185
4408,2024-07-02 16:00:00,35.2,22.7,49,26.568119335677178
4409,2024-07-02 17:00:00,35.0,23.0,50,26.595422448611895
4410,2024-07-02 18:00:00,34.3,23.2,52,26.379092218139366
4411,2024-07-02 19:00:00,33.0,22.6,54,25.619032968903607
4412,2024-07-02 20:00:00,32.2,24.0,62,26.31445442806256
4413,2024-07-02 21:00:00,31.0,23.7,65,25.72125842038611
4414,2024-07-02 22:00:00,29.9,23.5,69,25.34621261674106
4415,2024-07-02 23:00:00,29.1,23.4,71,24.910492995781762
4416,2024-07-03 00:00:00,28.1,23.5,76,24.719118712974176
4417,2024-07-03 01:00:00,27.4,24.1,83,25.064064660930928
4418,2024-07-03 02:00:00,26.9,24.5,86,25.00414787097687
4419,2024-07-03 03:00:00,26.5,24.6,89,25.032927740025453
4420,2024-07-03 04:00:00,26.1,24.8,92,25.05426667636875
4421,2024-07-03 05:00:00,26.0,24.9,94,25.230341990588943
4422,2024-07-03 06:00:00,25.7,24.9,95,25.068757278636607
4423,2024-07-03 07:00:00,26.1,25.0,93,25.192081334706856
4424,2024-07-03 08:00:00,28.0,25.7,87,26.220593068320092
4425,2024-07-03 09:00:00,29.6,25.6,79,26.59563362884573
4426,2024-07-03 10:00:00,30.0,25.5,77,26.674964762878474
4427,2024-07-03 11:00:00,31.5,24.5,66,26.343491575776916
4428,2024-07-03 12:00:00,32.7,23.5,59,26.247143760236813
4429,2024-07-03 13:00:00,33.6,23.0,54,26.14467058488463
4430,2024-07-03 14:00:00,34.1,22.7,52,26.205485733061536
4431,2024-07-03 15:00:00,34.7,22.6,50,26.337509586834848
4432,2024-07-03 16:00:00,34.5,23.1,52,26.55269857878199
4433,2024-07-03 17:00:00,34.7,22.9,50,26.337509586834848
4434,2024-07-03 18:00:00,33.6,22.1,51,25.58248534574535
4435,2024-07-03 19:00:00,32.5,22.0,54,25.18100078817113
4436,2024-07-03 20:00:00,31.5,22.8,60,25.343356444982007
4437,2024-07-03 21:00:00,30.2,23.1,66,25.148853591198808
4438,2024-07-03 22:00:00,29.2,23.4,71,25.003950809661738
4439,2024-07-03 23:00:00,28.5,24.0,77,25.24711893486076
4440,2024-07-04 00:00:00,28.0,24.1,80,25.209620976963805
4441,2024-07-04 01:00:00,27.7,24.2,82,25.2104800223117
4442,2024-07-04 02:00:00,27.5,24.4,83,25.160850471226638
4443,2024-07-04 03:00:00,27.4,24.5,84,25.206936061870618
4444,2024-07-04 04:00:00,27.2,24.4,85,25.15494173290528
4445,2024-07-04 05:00:00,27.1,24.3,85,25.057651136297814
4446,2024-07-04 06:00:00,27.0,24.2,85,24.960360525495048
4447,2024-07-04 07:00:00,27.1,24.4,85,25.057651136297814
4448,2024-07-04 08:00:00,28.8,24.8,79,25.829746604942713
4449,2024-07-04 09:00:00,30.0,24.8,74,26.21579577858507
4450,2024-07-04 10:00:00,31.2,24.5,67,26.230392871073732
4451,2024-07-04 11:00:00,32.3,24.1,62,26.405011290073116
4452,2024-07-04 12:00:00,33.2,23.8,58,26.517146339929823
4453,2024-07-04 13:00:00,34.1,23.1,53,26.394884566542125
4454,2024-07-04 14:00:00,34.7,22.9,51,26.532786353750748
4455,2024-07-04 15:00:00,35.1,22.8,49,26.482576103191068
4456,2024-07-04 16:00:00,35.5,22.6,48,26.622251410590717
4457,2024-07-04 17:00:00,35.5,22.4,47,26.417703025522528
4458,2024-07-04 18:00:00,34.8,22.1,48,26.02649850115726
4459,2024-07-04 19:00:00,33.3,22.8,54,25.881851912129687
4460,2024-07-04 20:00:00,31.4,23.8,64,25.922600433676596
4461,2024-07-04 21:00:00,30.4,23.7,67,25.492656277539158
4462,2024-07-04 22:00:00,29.5,24.0,72,25.438152212738363
4463,2024-07-04 23:00:00,28.5,24.2,78,25.39503786562359
4464,2024-07-05 00:00:00,28.1,24.5,81,25.4512856513881
4465,2024-07-05 01:00:00,27.8,24.7,83,25.451207813349306
4466,2024-07-05 02:00:00,27.6,24.7,84,25.40101563792773
4467,2024-07-05 03:00:00,27.1,24.6,86,25.19922430694015
4468,2024-07-05 04:00:00,26.6,24.5,88,24.99151727128336
4469,2024-07-05 05:00:00,26.2,24.4,90,24.876673076019678
4470,2024-07-05 06:00:00,25.9,24.2,91,24.718838683823336
4471,2024-07-05 07:00:00,26.0,24.2,90,24.679676150675046
4472,2024-07-05 08:00:00,27.6,24.6,83,25.25763626670152
4473,2024-07-05 09:00:00,29.2,24.0,74,25.461060453862117
4474,2024-07-05 10:00:00,30.5,23.4,66,25.42453961132389
4475,2024-07-05 11:00:00,31.5,22.9,60,25.343356444982007
4476,2024-07-05 12:00:00,32.5,22.5,55,25.361041096123753
4477,2024-07-05 13:00:00,33.5,22.0,51,25.49609414919944
4478,2024-07-05 14:00:00,34.2,21.5,47,25.317075202305656
4479,2024-07-05 15:00:00,34.8,21.0,44,25.20792200617773
4480,2024-07-05 16:00:00,34.9,20.5,43,25.08042782651309
4481,2024-07-05 17:00:00,35.1,19.8,41,24.81498520904865
4482,2024-07-05 18:00:00,35.0,19.6,41,24.733176676148084
4483,2024-07-05 19:00:00,33.5,22.0,51,25.49609414919944
4484,2024-07-05 20:00:00,32.5,22.6,56,25.539725101816426
4485,2024-07-05 21:00:00,30.9,23.6,66,25.792120660291324
4486,2024-07-05 22:00:00,30.5,23.6,67,25.58487342677775
4487,2024-07-05 23:00:00,29.5,22.8,67,24.662700952509272
4488,2024-07-06 00:00:00,28.8,22.9,71,24.630119434285195
4489,2024-07-06 01:00:00,28.2,23.0,73,24.3687290184472
4490,2024-07-06 02:00:00,27.2,24.2,84,25.012856427955192
4491,2024-07-06 03:00:00,26.9,24.0,85,24.86306990045894
4492,2024-07-06 04:00:00,26.6,23.5,83,24.289777640147946
4493,2024-07-06 05:00:00,26.5,23.0,82,24.052137032387748
4494,2024-07-06 06:00:00,26.2,23.0,83,23.90263376653889
4495,2024-07-06 07:00:00,26.8,23.1,80,24.057575510785554
4496,2024-07-06 08:00:00,25.9,24.0,89,24.443350731602298
4497,2024-07-06 09:00:00,27.8,24.4,82,25.307008505349135
4498,2024-07-06 10:00:00,30.1,24.6,72,26.00069199071307
4499,2024-07-06 11:00:00,32.4,24.0,61,26.32434654121488
4500,2024-07-06 12:00:00,31.9,24.0,63,26.211264817199783
4501,2024-07-06 13:00:00,31.2,24.5,68,26.392186419729587
4502,2024-07-06 14:00:00,29.5,24.8,76,26.04787425067064
4503,2024-07-06 15:00:00,31.2,25.1,70,26.71351314673064
4504,2024-07-06 16:00:00,28.3,24.7,81,25.64382117291844
4505,2024-07-06 17:00:00,27.7,24.8,84,25.498055404356524
4506,2024-07-06 18:00:00,28.4,24.9,81,25.740088910691103
4507,2024-07-06 19:00:00,28.2,24.8,82,25.693122286849434
4508,2024-07-06 20:00:00,27.2,25.3,89,25.72076699316383
4509,2024-07-06 21:00:00,27.0,25.5,92,25.944917172879336
4510,2024-07-06 22:00:00,26.6,25.8,95,25.96547236206153
4511,2024-07-06 23:00:00,26.4,25.8,97,26.04223881239758
4512,2024-07-07 00:00:00,26.3,25.8,97,25.942167574325385
4513,2024-07-07 01:00:00,26.1,25.6,97,25.74202506615092
4514,2024-07-07 02:00:00,26.0,25.5,97,25.641953795996574
4515,2024-07-07 03:00:00,26.2,25.6,97,25.842096325585157
4516,2024-07-07 04:00:00,26.5,25.5,95,25.865837397647393
4517,2024-07-07 05:00:00,26.6,25.4,93,25.688023570765335
4518,2024-07-07 06:00:00,26.6,25.0,91,25.40995719474566
4519,2024-07-07 07:00:00,26.5,24.9,91,25.311226016038464
4520,2024-07-07 08:00:00,26.6,25.4,93,25.688023570765335
4521,2024-07-07 09:00:00,27.0,25.3,90,25.664660270202106
4522,2024-07-07 10:00:00,28.6,25.6,84,26.37141266112794
4523,2024-07-07 11:00:00,30.5,25.9,77,27.15091254830927
4524,2024-07-07 12:00:00,28.7,25.0,81,26.028892032542053
4525,2024-07-07 13:00:00,30.1,25.6,77,26.770154352428683
4526,2024-07-07 14:00:00,28.4,24.8,81,25.740088910691103
4527,2024-07-07 15:00:00,27.6,24.1,81,24.969946577340572
4528,2024-07-07 16:00:00,26.3,24.0,87,24.558287038268908
4529,2024-07-07 17:00:00,27.0,24.1,85,24.960360525495048
4530,2024-07-07 18:00:00,27.6,24.3,82,25.113951524126858
4531,2024-07-07 19:00:00,26.9,24.0,84,24.72173686791302
4532,2024-07-07 20:00:00,26.0,24.9,94,25.230341990588943
4533,2024-07-07 21:00:00,25.9,24.6,93,24.993704357633607
4534,2024-07-07 22:00:00,25.3,24.0,93,24.39857313992925
4535,2024-07-07 23:00:00,24.5,23.2,93,23.60506417209106
4536,2024-07-08 00:00:00,24.7,23.5,93,23.803441487387012
4537,2024-07-08 01:00:00,24.8,23.7,94,24.03738432374144
4538,2024-07-08 02:00:00,25.3,24.0,93,24.39857313992925
4539,2024-07-08 03:00:00,26.0,23.6,87,24.264938507865303
4540,2024-07-08 04:00:00,25.7,23.2,86,23.83368807750713
4541,2024-07-08 05:00:00,24.7,22.6,88,23.12905382092215
4542,2024-07-08 06:00:00,24.8,23.4,92,23.76776977267913
4543,2024-07-08 07:00:00,25.2,23.6,91,24.027719559514033
4544,2024-07-08 08:00:00,25.5,23.8,90,24.18718361253367
4545,2024-07-08 09:00:00,24.1,22.3,89,22.67461682858414
4546,2024-07-08 10:00:00,23.5,21.8,90,22.217210172447576
4547,2024-07-08 11:00:00,23.8,22.2,91,22.645479425856987
4548,2024-07-08 12:00:00,24.8,22.4,87,23.09154312890733
4549,2024-07-08 13:00:00,25.0,22.5,86,23.15091891467487
4550,2024-07-08 14:00:00,25.5,22.5,84,23.36317715884869
4551,2024-07-08 15:00:00,27.6,23.0,76,24.244562328999702
4552,2024-07-08 16:00:00,28.4,22.0,68,23.80122573749146
4553,2024-07-08 17:00:00,29.4,21.6,63,23.93877395023221
4554,2024-07-08 18:00:00,29.2,21.6,64,23.91539185047266
4555,2024-07-08 19:00:00,28.5,22.0,68,23.893760340091756
4556,2024-07-08 20:00:00,27.8,22.9,74,24.14027081716199
4557,2024-07-08 21:00:00,26.2,22.4,80,23.481551896184165
4558,2024-07-08 22:00:00,25.0,22.4,86,23.15091891467487
4559,2024-07-08 23:00:00,24.5,22.1,87,22.79819396475801
4560,2024-07-09 00:00:00,23.9,21.3,86,22.077994491660238
4561,2024-07-09 01:00:00,24.6,20.2,76,21.397214349092945
4562,2024-07-09 02:00:00,23.1,20.8,87,21.42922946491332
4563,2024-07-09 03:00:00,23.0,21.2,90,21.72471596872833
4564,2024-07-09 04:00:00,24.0,20.8,82,21.638915139689708
4565,2024-07-09 05:00:00,23.5,20.5,83,21.289406054163347
4566,2024-07-09 06:00:00,22.5,20.5,88,20.972510874914107
4567,2024-07-09 07:00:00,22.9,20.5,87,21.23366287064492
4568,2024-07-09 08:00:00,24.0,22.1,89,22.57635370460449
4569,2024-07-09 09:00:00,25.1,23.0,88,23.52115180010784
4570,2024-07-09 10:00:00,26.9,24.1,85,24.86306990045894
4571,2024-07-09 11:00:00,28.5,24.8,80,25.689639242127175
4572,2024-07-09 12:00:00,29.9,25.4,77,26.57977515700514
4573,2024-07-09 13:00:00,30.5,24.9,72,26.3757181328664
4574,2024-07-09 14:00:00,31.4,24.8,68,26.577254408806727
4575,2024-07-09 15:00:00,31.9,24.1,64,26.37878261968372
4576,2024-07-09 16:00:00,32.2,22.9,58,25.625838897403735
4577,2024-07-09 17:00:00,32.2,22.5,56,25.27458000874017
4578,2024-07-09 18:00:00,32.0,22.2,57,25.273307926923735
4579,2024-07-09 19:00:00,31.9,22.1,56,25.009434653386965
4580,2024-07-09 20:00:00,29.9,24.4,72,25.81317880713077
4581,2024-07-09 21:00:00,28.1,24.1,79,25.159594621736343
4582,2024-07-09 22:00:00,26.6,24.7,89,25.13119052914079
4583,2024-07-09 23:00:00,25.8,24.5,93,24.894515851267048
4584,2024-07-10 00:00:00,25.5,24.2,93,24.59695026048654
4585,2024-07-10 01:00:00,25.1,24.1,94,24.335623899451907
4586,2024-07-10 02:00:00,24.8,24.0,95,24.17204127400362
4587,2024-07-10 03:00:00,24.5,23.9,96,24.00704592352611
4588,2024-07-10 04:00:00,24.4,23.8,97,24.040811993978746
4589,2024-07-10 05:00:00,24.0,23.5,97,23.640526100761303
4590,2024-07-10 06:00:00,23.9,23.5,98,23.672941093465557
4591,2024-07-10 07:00:00,24.0,23.8,98,23.773226979929863
4592,2024-07-10 08:00:00,25.8,23.8,88,24.20732273292772
4593,2024-07-10 09:00:00,27.5,24.5,84,25.303975857112007
4594,2024-07-10 10:00:00,29.0,25.2,80,26.16965711589468
4595,2024-07-10 11:00:00,30.0,25.2,76,26.5224289839496
4596,2024-07-10 12:00:00,30.9,24.8,70,26.434050715250006
4597,2024-07-10 13:00:00,31.6,22.8,60,25.43321208843415
4598,2024-07-10 14:00:00,32.5,20.6,50,24.446139343188545
4599,2024-07-10 15:00:00,33.2,19.9,46,24.274158399311975
4600,2024-07-10 16:00:00,30.8,21.4,57,24.208191587221126
4601,2024-07-10 17:00:00,27.5,23.9,80,24.729602314943865
4602,2024-07-10 18:00:00,27.5,24.4,83,25.160850471226638
4603,2024-07-10 19:00:00,27.7,24.5,83,25.354422047395737
4604,2024-07-10 20:00:00,28.6,24.8,80,25.78564284801937
4605,2024-07-10 21:00:00,27.1,24.4,85,25.057651136297814
4606,2024-07-10 22:00:00,26.2,23.6,86,24.321379905439475
4607,2024-07-10 23:00:00,25.4,23.2,88,23.81522513923519
4608,2024-07-11 00:00:00,24.8,23.2,91,23.632794065944385
4609,2024-07-11 01:00:00,24.4,23.0,92,23.371924148096095
4610,2024-07-11 02:00:00,24.0,23.0,94,23.242078261513353
4611,2024-07-11 03:00:00,24.1,22.9,93,23.20830939332344
4612,2024-07-11 04:00:00,23.5,22.9,96,23.00849954730787
4613,2024-07-11 05:00:00,23.4,22.8,96,22.908644845716555
4614,2024-07-11 06:00:00,23.2,22.6,96,22.708935407260977
4615,2024-07-11 07:00:00,23.8,23.0,95,23.175689051853272
4616,2024-07-11 08:00:00,25.9,24.4,92,24.85634421105611
4617,2024-07-11 09:00:00,27.6,24.9,85,25.544103978138544
4618,2024-07-11 10:00:00,28.6,24.4,78,25.490502619150735
4619,2024-07-11 11:00:00,29.4,24.8,76,25.95296325311993
4620,2024-07-11 12:00:00,30.1,24.9,74,26.31013761363795
4621,2024-07-11 13:00:00,30.5,24.4,70,26.06143386714842
4622,2024-07-11 14:00:00,27.4,23.1,78,24.344924473891222
4623,2024-07-11 15:00:00,26.5,23.2,82,24.052137032387748
4624,2024-07-11 16:00:00,26.0,23.7,87,24.264938507865303
4625,2024-07-11 17:00:00,26.5,24.6,89,25.032927740025453
4626,2024-07-11 18:00:00,27.4,25.0,87,25.63389726513402
4627,2024-07-11 19:00:00,27.5,25.0,87,25.73167993218587
4628,2024-07-11 20:00:00,26.4,24.6,90,25.07366995038328
4629,2024-07-11 21:00:00,25.8,24.8,94,25.031515829869644
4630,2024-07-11 22:00:00,25.4,24.8,96,24.905736684069016
4631,2024-07-11 23:00:00,25.3,24.5,96,24.80588220019776
4632,2024-07-12 00:00:00,25.1,24.6,97,24.741311877857445
4633,2024-07-12 01:00:00,25.4,24.5,95,24.769852047135462
4634,2024-07-12 02:00:00,25.2,24.5,96,24.706027705122093
4635,2024-07-12 03:00:00,25.0,24.5,97,24.641240499048823
4636,2024-07-12 04:00:00,25.1,24.5,96,24.606173198814272
4637,2024-07-12 05:00:00,24.9,24.5,98,24.675799465764268
4638,2024-07-12 06:00:00,24.9,23.8,93,24.001818753626168
4639,2024-07-12 07:00:00,23.4,23.1,99,23.302895774536758
4640,2024-07-12 08:00:00,24.8,23.1,91,23.632794065944385
4641,2024-07-12 09:00:00,25.1,23.3,90,23.793189348609133
4642,2024-07-12 10:00:00,26.6,23.9,85,24.57119793956796
4643,2024-07-12 11:00:00,27.5,24.0,81,24.87367871586583
4644,2024-07-12 12:00:00,28.8,24.4,77,25.532688401836676
4645,2024-07-12 13:00:00,29.8,24.6,74,26.027112055097966
4646,2024-07-12 14:00:00,30.1,24.8,73,26.15570654358447
4647,2024-07-12 15:00:00,29.8,24.5,73,25.873552644941135
4648,2024-07-12 16:00:00,28.0,23.8,78,24.917713848739805
4649,2024-07-12 17:00:00,27.6,24.0,80,24.8256060793619
4650,2024-07-12 18:00:00,28.0,24.1,79,25.063858559388002
4651,2024-07-12 19:00:00,27.3,24.1,83,24.967278835774092
4652,2024-07-12 20:00:00,26.7,23.9,85,24.66848860753379
4653,2024-07-12 21:00:00,25.8,23.9,90,24.48267917408527
4654,2024-07-12 22:00:00,25.3,23.8,91,24.126450900960837
4655,2024-07-12 23:00:00,24.9,23.6,93,24.001818753626168
4656,2024-07-13 00:00:00,24.5,23.4,93,23.60506417209106
4657,2024-07-13 01:00:00,24.2,23.2,94,23.440904849481168
4658,2024-07-13 02:00:00,25.0,23.1,89,23.558984326770084
4659,2024-07-13 03:00:00,24.8,23.0,90,23.49769351308596
4660,2024-07-13 04:00:00,24.0,23.1,95,23.374959590741316
4661,2024-07-13 05:00:00,23.9,23.3,96,23.40791823678299
4662,2024-07-13 06:00:00,24.2,23.5,96,23.70748213197148
4663,2024-07-13 07:00:00,24.1,23.6,97,23.74059759092785
4664,2024-07-13 08:00:00,24.3,22.8,91,23.139136908978514
4665,2024-07-13 09:00:00,24.3,23.1,93,23.40668680748741
4666,2024-07-13 10:00:00,25.4,23.5,90,24.08868506610461
4667,2024-07-13 11:00:00,27.7,24.9,85,25.641394504335615
4668,2024-07-13 12:00:00,29.0,25.1,80,26.16965711589468
4669,2024-07-13 13:00:00,29.6,25.5,78,26.44514925410072
4670,2024-07-13 14:00:00,25.8,23.2,86,23.93122647163681
4671,2024-07-13 15:00:00,26.1,23.4,85,24.084744383158014
4672,2024-07-13 16:00:00,28.4,24.6,80,25.59363562057946
4673,2024-07-13 17:00:00,29.0,24.8,78,25.87236146864669
4674,2024-07-13 18:00:00,29.1,24.2,75,25.517723848335375
4675,2024-07-13 19:00:00,28.0,24.5,81,25.355017867546064
4676,2024-07-13 20:00:00,26.2,24.0,88,24.59942010951942
4677,2024-07-13 21:00:00,25.6,24.4,93,24.69613880272373
4678,2024-07-13 22:00:00,25.4,24.4,94,24.633863368630703
4679,2024-07-13 23:00:00,25.1,24.4,96,24.606173198814272
4680,2024-07-14 00:00:00,25.1,24.4,96,24.606173198814272
4681,2024-07-14 01:00:00,24.9,24.0,95,24.271676431766206
4682,2024-07-14 02:00:00,24.8,23.9,95,24.17204127400362
4683,2024-07-14 03:00:00,24.7,23.9,95,24.07240610461051
4684,2024-07-14 04:00:00,24.1,23.5,96,23.607627511795208
4685,2024-07-14 05:00:00,23.9,23.4,97,23.54045459930681
4686,2024-07-14 06:00:00,23.9,23.2,96,23.40791823678299
4687,2024-07-14 07:00:00,24.0,23.5,97,23.640526100761303
4688,2024-07-14 08:00:00,24.0,22.7,92,22.976078320636418
4689,2024-07-14 09:00:00,24.5,23.0,91,23.33659981066636
4690,2024-07-14 10:00:00,26.0,24.0,89,24.541613599096525
4691,2024-07-14 11:00:00,27.2,24.6,86,25.296762504170243
4692,2024-07-14 12:00:00,28.6,25.2,82,26.079235829271855
4693,2024-07-14 13:00:00,29.3,25.6,81,26.60649786837349
4694,2024-07-14 14:00:00,29.8,25.8,79,26.787105227829098
4695,2024-07-14 15:00:00,28.4,24.5,79,25.44680271129854
4696,2024-07-14 16:00:00,27.2,24.3,84,25.012856427955192
4697,2024-07-14 17:00:00,27.4,24.5,84,25.206936061870618
4698,2024-07-14 18:00:00,27.8,24.5,83,25.451207813349306
4699,2024-07-14 19:00:00,27.5,24.5,83,25.160850471226638
4700,2024-07-14 20:00:00,26.1,23.3,85,24.084744383158014
4701,2024-07-14 21:00:00,25.1,24.0,93,24.200195971057745
4702,2024-07-14 22:00:00,24.9,24.1,96,24.40646415239066
4703,2024-07-14 23:00:00,25.0,24.0,95,24.371311577927347
4704,2024-07-15 00:00:00,24.9,23.9,94,24.136797527531552
4705,2024-07-15 01:00:00,25.1,23.9,93,24.200195971057745
4706,2024-07-15 02:00:00,25.1,23.9,93,24.200195971057745
4707,2024-07-15 03:00:00,25.2,23.8,92,24.163615196462548
4708,2024-07-15 04:00:00,25.0,23.6,92,23.965692509542087
4709,2024-07-15 05:00:00,24.5,23.5,94,23.739144640690267
4710,2024-07-15 06:00:00,24.5,23.4,94,23.739144640690267
4711,2024-07-15 07:00:00,25.1,23.8,93,24.200195971057745
4712,2024-07-15 08:00:00,26.2,24.9,92,25.153227890799634
4713,2024-07-15 09:00:00,27.5,25.5,89,26.015555052667278
4714,2024-07-15 10:00:00,29.2,25.3,80,26.361664157015
4715,2024-07-15 11:00:00,30.3,24.5,71,26.031985463438392
4716,2024-07-15 12:00:00,31.1,23.9,65,25.812826833942957
4717,2024-07-15 13:00:00,31.7,23.6,62,25.86166975766277
4718,2024-07-15 14:00:00,32.1,23.5,61,26.053719593103466
4719,2024-07-15 15:00:00,32.3,23.3,59,25.889159440334296
4720,2024-07-15 16:00:00,32.6,23.0,57,25.805864554644774
4721,2024-07-15 17:00:00,32.1,22.6,57,25.362067435230664
4722,2024-07-15 18:00:00,31.0,23.5,64,25.557654270760114
4723,2024-07-15 19:00:00,30.3,24.0,69,25.717598911416683
4724,2024-07-15 20:00:00,29.0,24.8,78,25.87236146864669
4725,2024-07-15 21:00:00,27.5,24.4,83,25.160850471226638
4726,2024-07-15 22:00:00,26.6,24.5,88,24.99151727128336
4727,2024-07-15 23:00:00,25.9,24.5,93,24.993704357633607
4728,2024-07-16 00:00:00,25.5,24.5,94,24.733276501488593
4729,2024-07-16 01:00:00,25.3,24.2,94,24.53445022402502
4730,2024-07-16 02:00:00,25.0,23.9,94,24.236210719425056
4731,2024-07-16 03:00:00,24.7,23.5,93,23.803441487387012
4732,2024-07-16 04:00:00,24.5,23.2,92,23.470885573179924
4733,2024-07-16 05:00:00,24.2,23.0,93,23.30749810661632
4734,2024-07-16 06:00:00,23.6,22.7,95,22.976418465258416
4735,2024-07-16 07:00:00,23.9,22.9,94,23.14266494928857
4736,2024-07-16 08:00:00,25.8,23.8,88,24.20732273292772
4737,2024-07-16 09:00:00,27.7,24.6,84,25.498055404356524
4738,2024-07-16 10:00:00,29.2,25.4,80,26.361664157015
4739,2024-07-16 11:00:00,30.5,24.9,72,26.3757181328664
4740,2024-07-16 12:00:00,31.4,24.4,66,26.251596477519872
4741,2024-07-16 13:00:00,31.9,24.0,63,26.211264817199783
4742,2024-07-16 14:00:00,32.5,23.7,60,26.241911718906845
4743,2024-07-16 15:00:00,32.1,23.6,61,26.053719593103466
4744,2024-07-16 16:00:00,28.9,23.8,74,25.178034408343542
4745,2024-07-16 17:00:00,28.5,24.4,79,25.542538708809456
4746,2024-07-16 18:00:00,28.6,24.7,79,25.638274690223927
4747,2024-07-16 19:00:00,28.8,24.9,80,25.97765001300987
4748,2024-07-16 20:00:00,29.8,24.9,75,26.180122972225174
4749,2024-07-16 21:00:00,28.6,24.5,79,25.638274690223927
4750,2024-07-16 22:00:00,27.8,24.4,82,25.307008505349135
4751,2024-07-16 23:00:00,27.0,24.4,86,25.10168609588793
4752,2024-07-17 00:00:00,26.2,24.4,90,24.876673076019678
4753,2024-07-17 01:00:00,26.0,24.4,91,24.817569936966933
4754,2024-07-17 02:00:00,25.5,24.4,93,24.59695026048654
4755,2024-07-17 03:00:00,25.1,24.3,95,24.470946712516007
4756,2024-07-17 04:00:00,25.1,24.3,95,24.470946712516007
4757,2024-07-17 05:00:00,24.6,24.0,96,24.106900497814898
4758,2024-07-17 06:00:00,24.6,24.0,96,24.106900497814898
4759,2024-07-17 07:00:00,24.9,24.3,96,24.40646415239066
4760,2024-07-17 08:00:00,25.4,22.2,83,23.128345279484304
4761,2024-07-17 09:00:00,26.4,22.5,80,23.67355983399696
4762,2024-07-17 10:00:00,27.7,23.4,77,24.485599603389048
4763,2024-07-17 11:00:00,28.9,24.2,76,25.478408008223585
4764,2024-07-17 12:00:00,30.3,24.5,71,26.031985463438392
4765,2024-07-17 13:00:00,31.4,24.2,66,26.251596477519872
4766,2024-07-17 14:00:00,32.2,23.9,62,26.31445442806256
4767,2024-07-17 15:00:00,32.4,23.5,60,26.15205630656933
4768,2024-07-17 16:00:00,30.8,24.6,70,26.34089653256851
4769,2024-07-17 17:00:00,30.4,25.0,73,26.437860278010653
4770,2024-07-17 18:00:00,30.2,25.1,74,26.404479430965345
4771,2024-07-17 19:00:00,29.8,25.1,76,26.332607141340542
4772,2024-07-17 20:00:00,29.5,25.1,77,26.199016569361117
4773,2024-07-17 21:00:00,28.1,25.1,84,25.886214326972397
4774,2024-07-17 22:00:00,27.5,24.9,86,25.589377013293134
4775,2024-07-17 23:00:00,26.9,24.4,86,25.00414787097687
4776,2024-07-18 00:00:00,26.4,24.2,88,24.795468717114034
4777,2024-07-18 01:00:00,26.0,24.2,90,24.679676150675046
4778,2024-07-18 02:00:00,25.6,24.3,93,24.69613880272373
4779,2024-07-18 03:00:00,25.3,24.3,94,24.53445022402502
4780,2024-07-18 04:00:00,25.0,24.3,96,24.506318681246437
4781,2024-07-18 05:00:00,25.2,24.4,95,24.570581835561075
4782,2024-07-18 06:00:00,25.3,24.4,94,24.53445022402502
4783,2024-07-18 07:00:00,25.5,24.4,93,24.59695026048654
4784,2024-07-18 08:00:00,24.5,22.9,91,23.33659981066636
4785,2024-07-18 09:00:00,23.1,22.1,94,22.34735800959741
4786,2024-07-18 10:00:00,23.6,22.4,92,22.580232288194317
4787,2024-07-18 11:00:00,24.1,22.8,92,23.07503979663569
4788,2024-07-18 12:00:00,26.0,24.1,89,24.541613599096525
4789,2024-07-18 13:00:00,28.1,24.9,83,25.741565023164114
4790,2024-07-18 14:00:00,29.0,24.7,77,25.72306796198307
4791,2024-07-18 15:00:00,30.0,24.5,73,26.061655262353888
4792,2024-07-18 16:00:00,30.3,24.7,72,26.18820509914499
4793,2024-07-18 17:00:00,30.3,24.3,70,25.875125325136963
4794,2024-07-18 18:00:00,28.5,24.1,77,25.24711893486076
4795,2024-07-18 19:00:00,28.4,24.6,80,25.59363562057946
4796,2024-07-18 20:00:00,26.7,23.1,81,24.103535256806623
4797,2024-07-18 21:00:00,26.5,23.9,86,24.61399483200513
4798,2024-07-18 22:00:00,26.0,23.8,88,24.40337144821836
4799,2024-07-18 23:00:00,25.3,23.8,91,24.126450900960837
4800,2024-07-19 00:00:00,25.6,23.6,89,24.148562049885367
4801,2024-07-19 01:00:00,24.6,23.5,94,23.838557880351015
4802,2024-07-19 02:00:00,24.4,23.5,95,23.77350052635582
4803,2024-07-19 03:00:00,25.0,23.3,91,23.830256838351783
4804,2024-07-19 04:00:00,22.5,21.9,96,22.009951999175303
4805,2024-07-19 05:00:00,22.9,21.5,92,21.88750123174317
4806,2024-07-19 06:00:00,22.9,22.0,95,22.278971032980476
4807,2024-07-19 07:00:00,23.2,22.2,94,22.446771420313848
4808,2024-07-19 08:00:00,24.2,22.8,92,23.174001259856773
4809,2024-07-19 09:00:00,24.0,22.4,91,22.842942458516518
4810,2024-07-19 10:00:00,25.9,23.2,85,23.890162858793985
4811,2024-07-19 11:00:00,26.9,23.4,81,24.296071216728247
4812,2024-07-19 12:00:00,28.6,24.3,78,25.490502619150735
4813,2024-07-19 13:00:00,29.8,24.1,72,25.71942218701984
4814,2024-07-19 14:00:00,30.3,24.1,70,25.875125325136963
4815,2024-07-19 15:00:00,31.0,24.2,67,26.045958850685395
4816,2024-07-19 16:00:00,31.0,24.0,67,26.045958850685395
4817,2024-07-19 17:00:00,31.3,24.0,65,25.995963593536036
4818,2024-07-19 18:00:00,31.2,23.7,64,25.74012739856894
4819,2024-07-19 19:00:00,30.7,23.5,66,25.608330180034816
4820,2024-07-19 20:00:00,26.6,24.0,86,24.711533112721423
4821,2024-07-19 21:00:00,26.0,24.6,92,24.95530544979787
4822,2024-07-19 22:00:00,25.5,24.8,96,25.005591156763533
4823,2024-07-19 23:00:00,25.3,24.6,96,24.80588220019776
4824,2024-07-20 00:00:00,25.1,24.7,97,24.741311877857445
4825,2024-07-20 01:00:00,24.6,24.2,98,24.374942068392837
4826,2024-07-20 02:00:00,24.5,24.0,97,24.140883439271978
4827,2024-07-20 03:00:00,24.2,23.7,97,23.840669069834394
4828,2024-07-20 04:00:00,24.0,23.6,97,23.640526100761303
4829,2024-07-20 05:00:00,23.9,23.0,95,23.275324327245595
4830,2024-07-20 06:00:00,23.8,23.2,97,23.44038308653634
4831,2024-07-20 07:00:00,23.8,22.8,94,23.043251624861927
4832,2024-07-20 08:00:00,25.0,23.4,91,23.830256838351783
4833,2024-07-20 09:00:00,26.0,24.0,88,24.40337144821836
4834,2024-07-20 10:00:00,27.3,23.9,82,24.824365938272177
4835,2024-07-20 11:00:00,28.8,24.0,75,25.233838244655963
4836,2024-07-20 12:00:00,29.4,23.8,72,25.344395516474368
4837,2024-07-20 13:00:00,30.0,23.8,69,25.439059221259743
4838,2024-07-20 14:00:00,30.6,23.9,67,25.67709055444261
4839,2024-07-20 15:00:00,30.7,24.2,68,25.92951608748253
4840,2024-07-20 16:00:00,30.5,24.4,70,26.06143386714842
4841,2024-07-20 17:00:00,29.0,23.5,72,24.969368539056102
4842,2024-07-20 18:00:00,29.0,23.0,71,24.817035161965627
4843,2024-07-20 19:00:00,27.6,23.1,77,24.390409609073856
4844,2024-07-20 20:00:00,26.5,23.8,85,24.4739072572152
4845,2024-07-20 21:00:00,25.6,24.1,92,24.559460421495128
4846,2024-07-20 22:00:00,25.3,24.0,92,24.26257652127417
4847,2024-07-20 23:00:00,25.4,24.0,93,24.49776170623187
4848,2024-07-21 00:00:00,24.7,24.0,96,24.206755060703063
4849,2024-07-21 01:00:00,24.4,23.8,96,23.907191337808293
4850,2024-07-21 02:00:00,24.3,23.6,96,23.80733674063295
4851,2024-07-21 03:00:00,24.0,23.4,97,23.640526100761303
4852,2024-07-21 04:00:00,23.6,23.1,97,23.240240026934895
4853,2024-07-21 05:00:00,23.8,23.4,97,23.44038308653634
4854,2024-07-21 06:00:00,22.9,22.8,99,22.80040611232012
4855,2024-07-21 07:00:00,23.3,23.2,99,23.202397864010894
4856,2024-07-21 08:00:00,25.0,23.4,91,23.830256838351783
4857,2024-07-21 09:00:00,26.2,23.8,86,24.321379905439475
4858,2024-07-21 10:00:00,27.9,24.2,81,25.25875006826294
4859,2024-07-21 11:00:00,29.0,25.0,79,26.021218455811564
4860,2024-07-21 12:00:00,30.1,24.6,72,26.00069199071307
4861,2024-07-21 13:00:00,30.6,24.5,70,26.15458810857605
4862,2024-07-21 14:00:00,27.4,23.1,78,24.344924473891222
4863,2024-07-21 15:00:00,26.2,23.6,86,24.321379905439475
4864,2024-07-21 16:00:00,29.1,24.2,75,25.517723848335375
4865,2024-07-21 17:00:00,30.0,23.8,69,25.439059221259743
4866,2024-07-21 18:00:00,30.0,23.8,69,25.439059221259743
4867,2024-07-21 19:00:00,29.5,23.5,70,25.129890359623207
4868,2024-07-21 20:00:00,27.5,24.5,84,25.303975857112007
4869,2024-07-21 21:00:00,26.2,24.8,92,25.153227890799634
4870,2024-07-21 22:00:00,25.5,24.8,96,25.005591156763533
4871,2024-07-21 23:00:00,25.2,24.6,96,24.706027705122093
4872,2024-07-22 00:00:00,24.8,24.5,98,24.575513677448118
4873,2024-07-22 01:00:00,24.3,24.1,99,24.207376481725543
4874,2024-07-22 02:00:00,24.1,24.0,100,24.006380844364283
4875,2024-07-22 03:00:00,23.6,23.6,100,23.503891562899998
4876,2024-07-22 04:00:00,23.6,23.6,100,23.503891562899998
4877,2024-07-22 05:00:00,23.5,23.5,100,23.403393674157567
4878,2024-07-22 06:00:00,23.4,23.3,100,23.302895774536758
4879,2024-07-22 07:00:00,23.5,23.4,99,23.403393674157567
4880,2024-07-22 08:00:00,23.9,22.1,90,22.61120528902507
4881,2024-07-22 09:00:00,23.9,22.4,91,22.744210948778104
4882,2024-07-22 10:00:00,26.0,23.5,86,24.1263032170049
4883,2024-07-22 11:00:00,27.6,24.1,82,25.113951524126858
4884,2024-07-22 12:00:00,28.3,24.1,78,25.20410830886036
4885,2024-07-22 13:00:00,29.9,24.7,74,26.121453925755528
4886,2024-07-22 14:00:00,29.9,24.0,71,25.658154953587527
4887,2024-07-22 15:00:00,26.6,23.1,81,24.00726725285765
4888,2024-07-22 16:00:00,28.3,24.0,77,25.05673920514425
4889,2024-07-22 17:00:00,29.2,24.5,76,25.763141206736588
4890,2024-07-22 18:00:00,29.1,23.9,73,25.215192901354207
4891,2024-07-22 19:00:00,28.7,23.9,75,25.13920967440566
4892,2024-07-22 20:00:00,26.0,24.2,90,24.679676150675046
4893,2024-07-22 21:00:00,25.4,24.4,94,24.633863368630703
4894,2024-07-22 22:00:00,25.1,24.2,95,24.470946712516007
4895,2024-07-22 23:00:00,24.8,24.2,97,24.441097708366474
4896,2024-07-23 00:00:00,24.6,24.2,98,24.374942068392837
4897,2024-07-23 01:00:00,24.4,24.1,99,24.307874284391144
4898,2024-07-23 02:00:00,24.4,24.1,99,24.307874284391144
4899,2024-07-23 03:00:00,24.3,24.0,98,24.07408457335485
4900,2024-07-23 04:00:00,24.3,23.8,97,23.940740537508777
4901,2024-07-23 05:00:00,24.0,23.5,97,23.640526100761303
4902,2024-07-23 06:00:00,24.2,23.6,96,23.70748213197148
4903,2024-07-23 07:00:00,24.0,23.0,94,23.242078261513353
4904,2024-07-23 08:00:00,24.6,23.2,92,23.569846985616714
4905,2024-07-23 09:00:00,24.0,22.8,92,22.976078320636418
4906,2024-07-23 10:00:00,24.4,22.3,88,22.83498018997873
4907,2024-07-23 11:00:00,26.7,23.4,82,24.245194351932874
4908,2024-07-23 12:00:00,28.1,24.5,81,25.4512856513881
4909,2024-07-23 13:00:00,28.5,24.0,77,25.24711893486076
4910,2024-07-23 14:00:00,26.6,23.7,84,24.430617175920535
4911,2024-07-23 15:00:00,28.5,24.5,79,25.542538708809456
4912,2024-07-23 16:00:00,28.8,23.3,72,24.781854934128173
4913,2024-07-23 17:00:00,27.0,23.5,81,24.392339172789733
4914,2024-07-23 18:00:00,27.4,23.7,81,24.77741083873557
4915,2024-07-23 19:00:00,26.9,23.3,81,24.296071216728247
4916,2024-07-23 20:00:00,24.5,23.5,95,23.873135730815928
4917,2024-07-23 21:00:00,24.1,23.4,96,23.607627511795208
4918,2024-07-23 22:00:00,24.0,23.2,95,23.374959590741316
4919,2024-07-23 23:00:00,24.0,23.2,95,23.374959590741316
4920,2024-07-24 00:00:00,23.9,23.1,95,23.275324327245595
4921,2024-07-24 01:00:00,23.6,23.0,97,23.240240026934895
4922,2024-07-24 02:00:00,23.5,22.9,96,23.00849954730787
4923,2024-07-24 03:00:00,23.4,22.6,95,22.77714783071502
4924,2024-07-24 04:00:00,23.2,22.6,96,22.708935407260977
4925,2024-07-24 05:00:00,23.2,22.5,96,22.708935407260977
4926,2024-07-24 06:00:00,23.2,22.5,96,22.708935407260977
4927,2024-07-24 07:00:00,23.1,22.5,96,22.609080670337487
4928,2024-07-24 08:00:00,24.0,23.2,95,23.374959590741316
4929,2024-07-24 09:00:00,24.5,22.8,90,23.20219755860746
4930,2024-07-24 10:00:00,25.4,23.5,89,23.952036195699282
4931,2024-07-24 11:00:00,26.5,24.0,86,24.61399483200513
4932,2024-07-24 12:00:00,28.2,23.9,77,24.96154931462069
4933,2024-07-24 13:00:00,29.1,24.0,74,25.366718456953205
4934,2024-07-24 14:00:00,29.3,23.7,72,25.250638801031112
4935,2024-07-24 15:00:00,29.1,23.5,72,25.06312531237916
4936,2024-07-24 16:00:00,29.5,23.9,72,25.438152212738363
4937,2024-07-24 17:00:00,27.0,23.5,81,24.392339172789733
4938,2024-07-24 18:00:00,26.5,23.9,85,24.4739072572152
4939,2024-07-24 19:00:00,26.6,24.0,86,24.711533112721423
4940,2024-07-24 20:00:00,25.9,24.2,91,24.718838683823336
4941,2024-07-24 21:00:00,25.0,24.3,96,24.506318681246437
4942,2024-07-24 22:00:00,24.5,24.0,97,24.140883439271978
4943,2024-07-24 23:00:00,24.2,23.9,98,23.97379871984752
4944,2024-07-25 00:00:00,24.0,23.8,99,23.90588300961654
4945,2024-07-25 01:00:00,24.2,24.0,99,24.10687866839192
4946,2024-07-25 02:00:00,23.7,23.5,99,23.604389440790644
4947,2024-07-25 03:00:00,23.5,22.9,96,23.00849954730787
4948,2024-07-25 04:00:00,23.8,23.1,96,23.308063581889193
4949,2024-07-25 05:00:00,23.6,23.0,97,23.240240026934895
4950,2024-07-25 06:00:00,23.3,22.8,97,22.940025351956802
4951,2024-07-25 07:00:00,23.1,22.5,96,22.609080670337487
4952,2024-07-25 08:00:00,24.0,22.4,91,22.842942458516518
4953,2024-07-25 09:00:00,23.8,21.8,89,22.3798274150318
4954,2024-07-25 10:00:00,23.7,22.0,90,22.414207757945334
4955,2024-07-25 11:00:00,23.8,22.2,91,22.645479425856987
4956,2024-07-25 12:00:00,24.4,22.6,90,23.103698880518373
4957,2024-07-25 13:00:00,25.0,23.1,90,23.694690749927872
4958,2024-07-25 14:00:00,24.8,23.1,91,23.632794065944385
4959,2024-07-25 15:00:00,25.1,23.4,90,23.793189348609133
4960,2024-07-25 16:00:00,26.8,23.4,82,24.341722988330016
4961,2024-07-25 17:00:00,27.0,23.4,81,24.392339172789733
4962,2024-07-25 18:00:00,26.8,22.7,78,23.772134484224672
4963,2024-07-25 19:00:00,26.1,23.1,83,23.805847759850682
4964,2024-07-25 20:00:00,24.1,23.0,94,23.341491561567256
4965,2024-07-25 21:00:00,23.7,22.9,95,23.07605376453426
4966,2024-07-25 22:00:00,23.0,22.1,95,22.378606416807475
4967,2024-07-25 23:00:00,22.5,22.0,98,22.268937511283003
4968,2024-07-26 00:00:00,22.7,22.1,96,22.209661603976528
4969,2024-07-26 01:00:00,23.0,22.2,96,22.509225921577208
4970,2024-07-26 02:00:00,23.0,22.1,95,22.378606416807475
4971,2024-07-26 03:00:00,22.8,22.0,95,22.179335636951617
4972,2024-07-26 04:00:00,22.3,21.9,97,21.939309017714127
4973,2024-07-26 05:00:00,22.1,21.9,98,21.867793222585124
4974,2024-07-26 06:00:00,22.2,21.9,98,21.968079312003145
4975,2024-07-26 07:00:00,22.3,21.9,97,21.939309017714127
4976,2024-07-26 08:00:00,23.6,23.0,96,23.108354237180855
4977,2024-07-26 09:00:00,23.9,22.9,94,23.14266494928857
4978,2024-07-26 10:00:00,23.6,23.0,96,23.108354237180855
4979,2024-07-26 11:00:00,23.9,23.1,96,23.40791823678299
4980,2024-07-26 12:00:00,24.6,23.1,91,23.43533124202589
4981,2024-07-26 13:00:00,25.0,23.2,90,23.694690749927872
4982,2024-07-26 14:00:00,25.2,23.1,88,23.619176260256992
4983,2024-07-26 15:00:00,25.4,23.5,89,23.952036195699282
4984,2024-07-26 16:00:00,25.5,23.6,90,24.18718361253367
4985,2024-07-26 17:00:00,25.5,23.7,90,24.18718361253367
4986,2024-07-26 18:00:00,25.5,23.9,91,24.323913545750028
4987,2024-07-26 19:00:00,25.3,24.0,93,24.39857313992925
4988,2024-07-26 20:00:00,25.1,23.5,90,23.793189348609133
4989,2024-07-26 21:00:00,24.5,23.4,94,23.739144640690267
4990,2024-07-26 22:00:00,24.4,23.4,94,23.639731389012045
4991,2024-07-26 23:00:00,24.4,23.4,94,23.639731389012045
4992,2024-07-27 00:00:00,23.9,23.1,96,23.40791823678299
4993,2024-07-27 01:00:00,23.8,23.1,96,23.308063581889193
4994,2024-07-27 02:00:00,23.6,23.0,96,23.108354237180855
4995,2024-07-27 03:00:00,23.9,23.2,96,23.40791823678299
4996,2024-07-27 04:00:00,23.9,23.3,96,23.40791823678299
4997,2024-07-27 05:00:00,23.9,23.4,97,23.54045459930681
4998,2024-07-27 06:00:00,23.8,23.2,97,23.44038308653634
4999,2024-07-27 07:00:00,23.5,23.1,98,23.271797436937877
5000,2024-07-27 08:00:00,23.0,21.9,94,22.24794458642734
5001,2024-07-27 09:00:00,23.0,21.8,92,21.986462850510634
5002,2024-07-27 10:00:00,23.4,22.1,93,22.51398804977411
5003,2024-07-27 11:00:00,23.4,22.0,92,22.382309194438815
5004,2024-07-27 12:00:00,23.8,22.2,91,22.645479425856987
5005,2024-07-27 13:00:00,23.8,22.6,93,22.910743178595023
5006,2024-07-27 14:00:00,24.5,22.8,90,23.20219755860746
5007,2024-07-27 15:00:00,25.3,22.6,85,23.30641793255994
5008,2024-07-27 16:00:00,26.5,22.8,80,23.769563777978732
5009,2024-07-27 17:00:00,26.8,22.8,79,23.915024524768643
5010,2024-07-27 18:00:00,27.4,22.7,76,24.054739649888955
5011,2024-07-27 19:00:00,27.1,23.0,78,24.05852955656822
5012,2024-07-27 20:00:00,25.4,23.5,89,23.952036195699282
5013,2024-07-27 21:00:00,24.8,23.5,93,23.902630126623077
5014,2024-07-27 22:00:00,24.5,23.5,94,23.739144640690267
5015,2024-07-27 23:00:00,24.4,23.4,94,23.639731389012045
5016,2024-07-28 00:00:00,24.2,23.5,96,23.70748213197148
5017,2024-07-28 01:00:00,24.1,23.1,94,23.341491561567256
5018,2024-07-28 02:00:00,23.8,22.5,92,22.778155330170918
5019,2024-07-28 03:00:00,23.1,22.4,96,22.609080670337487
5020,2024-07-28 04:00:00,23.4,22.6,95,22.77714783071502
5021,2024-07-28 05:00:00,23.4,22.6,96,22.908644845716555
5022,2024-07-28 06:00:00,23.3,22.7,96,22.80879013237745
5023,2024-07-28 07:00:00,23.3,22.9,98,23.07122554188862
5024,2024-07-28 08:00:00,24.1,23.1,94,23.341491561567256
5025,2024-07-28 09:00:00,24.0,23.0,94,23.242078261513353
5026,2024-07-28 10:00:00,24.4,23.5,94,23.639731389012045
5027,2024-07-28 11:00:00,25.2,23.8,92,24.163615196462548
5028,2024-07-28 12:00:00,26.5,24.4,88,24.893493000859365
5029,2024-07-28 13:00:00,29.6,25.4,78,26.44514925410072
5030,2024-07-28 14:00:00,31.2,24.4,67,26.230392871073732
5031,2024-07-28 15:00:00,31.5,24.4,66,26.343491575776916
5032,2024-07-28 16:00:00,29.8,25.0,75,26.180122972225174
5033,2024-07-28 17:00:00,29.9,24.9,75,26.274751348603846
5034,2024-07-28 18:00:00,30.1,25.0,74,26.31013761363795
5035,2024-07-28 19:00:00,29.6,25.3,78,26.44514925410072
5036,2024-07-28 20:00:00,25.9,24.1,90,24.58117766880238
5037,2024-07-28 21:00:00,25.8,24.2,91,24.620107418162082
5038,2024-07-28 22:00:00,25.5,24.3,93,24.59695026048654
5039,2024-07-28 23:00:00,25.1,24.4,96,24.606173198814272
5040,2024-07-29 00:00:00,25.1,24.4,96,24.606173198814272
5041,2024-07-29 01:00:00,25.4,24.6,96,24.905736684069016
5042,2024-07-29 02:00:00,25.7,25.0,96,25.205300068732523
5043,2024-07-29 03:00:00,26.0,25.2,96,25.504863353546792
5044,2024-07-29 04:00:00,26.1,25.2,95,25.467297428222974
5045,2024-07-29 05:00:00,26.1,25.0,94,25.329755053575386
5046,2024-07-29 06:00:00,25.8,24.8,95,25.16839233302124
5047,2024-07-29 07:00:00,25.5,24.6,95,24.86948713572207
5048,2024-07-29 08:00:00,27.0,25.7,93,26.084777149031904
5049,2024-07-29 09:00:00,28.5,25.8,86,26.564757826824934
5050,2024-07-29 10:00:00,29.7,25.1,77,26.389395896105565
5051,2024-07-29 11:00:00,30.7,24.6,70,26.247742330363263
5052,2024-07-29 12:00:00,31.5,24.2,65,26.179100263568028
5053,2024-07-29 13:00:00,31.8,24.3,65,26.453805101903164
5054,2024-07-29 14:00:00,31.8,24.6,66,26.619176741370335
5055,2024-07-29 15:00:00,31.5,25.0,68,26.669788372774118
5056,2024-07-29 16:00:00,31.9,24.7,66,26.71107175372879
5057,2024-07-29 17:00:00,31.6,24.6,67,26.599260658974874
5058,2024-07-29 18:00:00,31.1,24.8,69,26.460370524421897
5059,2024-07-29 19:00:00,30.1,25.0,74,26.31013761363795
5060,2024-07-29 20:00:00,29.2,25.1,79,26.212690243184504
5061,2024-07-29 21:00:00,28.0,25.2,85,25.933265999256363
5062,2024-07-29 22:00:00,27.4,25.3,89,25.917292378856683
5063,2024-07-29 23:00:00,26.8,25.4,92,25.74699492416177
5064,2024-07-30 00:00:00,26.5,25.2,93,25.588835147049327
5065,2024-07-30 01:00:00,26.2,25.0,93,25.29126980547337
5066,2024-07-30 02:00:00,25.8,24.7,94,25.031515829869644
5067,2024-07-30 03:00:00,25.6,24.6,94,24.832689622628155
5068,2024-07-30 04:00:00,25.5,24.6,94,24.733276501488593
5069,2024-07-30 05:00:00,25.6,24.6,94,24.832689622628155
5070,2024-07-30 06:00:00,25.6,24.6,94,24.832689622628155
5071,2024-07-30 07:00:00,25.7,24.7,94,24.932102732078743
5072,2024-07-30 08:00:00,27.0,25.4,91,25.804881786932192
5073,2024-07-30 09:00:00,28.6,25.6,84,26.37141266112794
5074,2024-07-30 10:00:00,30.0,25.2,75,26.369379707659448
5075,2024-07-30 11:00:00,31.0,24.9,70,26.527204878465724
5076,2024-07-30 12:00:00,31.6,24.6,67,26.599260658974874
5077,2024-07-30 13:00:00,32.1,24.5,64,26.56125533488658
5078,2024-07-30 14:00:00,32.5,24.5,63,26.756660404655292
5079,2024-07-30 15:00:00,32.8,24.3,61,26.685182128820728
5080,2024-07-30 16:00:00,32.7,24.1,61,26.594973268456272
5081,2024-07-30 17:00:00,32.5,24.2,62,26.58612494263485
5082,2024-07-30 18:00:00,31.8,24.1,64,26.287546228110426
5083,2024-07-30 19:00:00,30.7,24.6,70,26.247742330363263
5084,2024-07-30 20:00:00,29.4,25.0,77,26.103826881181043
5085,2024-07-30 21:00:00,28.2,25.0,82,25.693122286849434
5086,2024-07-30 22:00:00,27.5,25.2,87,25.73167993218587
5087,2024-07-30 23:00:00,27.0,25.4,91,25.804881786932192
5088,2024-07-31 00:00:00,26.5,25.4,93,25.588835147049327
5089,2024-07-31 01:00:00,26.5,25.4,94,25.727407190372592
5090,2024-07-31 02:00:00,26.5,25.4,94,25.727407190372592
5091,2024-07-31 03:00:00,26.2,25.2,95,25.566932437399583
5092,2024-07-31 04:00:00,25.9,25.1,95,25.268027376061784
5093,2024-07-31 05:00:00,25.6,25.0,96,25.105445618308874
5094,2024-07-31 06:00:00,25.5,24.9,96,25.005591156763533
5095,2024-07-31 07:00:00,25.4,24.8,97,25.04152594847719
5096,2024-07-31 08:00:00,27.1,26.0,93,26.183965514594796
5097,2024-07-31 09:00:00,28.9,26.2,85,26.808879739578288
5098,2024-07-31 10:00:00,29.9,25.9,79,26.882841004009762
5099,2024-07-31 11:00:00,31.0,25.2,72,26.844500393167078
5100,2024-07-31 12:00:00,31.9,24.8,66,26.71107175372879
5101,2024-07-31 13:00:00,32.6,24.6,63,26.847559588456576
5102,2024-07-31 14:00:00,33.2,24.5,60,26.87089890242804
5103,2024-07-31 15:00:00,33.2,24.6,61,27.04601732876689
5104,2024-07-31 16:00:00,33.2,24.4,60,26.87089890242804
5105,2024-07-31 17:00:00,32.8,24.5,62,26.857795243959522
5106,2024-07-31 18:00:00,31.6,24.6,67,26.599260658974874
5107,2024-07-31 19:00:00,30.4,25.1,74,26.593163012647413
5108,2024-07-31 20:00:00,29.6,25.5,78,26.44514925410072
5109,2024-07-31 21:00:00,28.3,25.5,85,26.225137369446745
5110,2024-07-31 22:00:00,27.4,25.6,90,26.058653566604306
5111,2024-07-31 23:00:00,26.8,25.8,95,26.16474225755211
5112,2024-08-01 00:00:00,26.5,25.8,96,26.00413527500898
5113,2024-08-01 01:00:00,26.2,25.7,97,25.842096325585157
5114,2024-08-01 02:00:00,25.6,25.4,98,25.37779968381098
5115,2024-08-01 03:00:00,25.0,24.9,99,24.910860877801493
5116,2024-08-01 04:00:00,24.0,24.0,100,23.90588300961654
5117,2024-08-01 05:00:00,23.9,23.9,100,23.805385164122534
5118,2024-08-01 06:00:00,23.4,23.4,100,23.302895774536758
5119,2024-08-01 07:00:00,24.2,24.1,100,24.10687866839192
5120,2024-08-01 08:00:00,25.6,25.6,100,25.51384709362129
5121,2024-08-01 09:00:00,27.1,25.8,93,26.183965514594796
5122,2024-08-01 10:00:00,28.9,25.6,83,26.515850277256984
5123,2024-08-01 11:00:00,30.0,25.5,77,26.674964762878474
5124,2024-08-01 12:00:00,31.1,25.1,71,26.779645563409904
5125,2024-08-01 13:00:00,31.8,24.8,66,26.619176741370335
5126,2024-08-01 14:00:00,32.5,24.6,63,26.756660404655292
5127,2024-08-01 15:00:00,32.5,24.6,63,26.756660404655292
5128,2024-08-01 16:00:00,31.6,25.5,70,27.08612945219719
5129,2024-08-01 17:00:00,31.4,25.8,72,27.219525871692436
5130,2024-08-01 18:00:00,31.4,25.9,73,27.3783715582595
5131,2024-08-01 19:00:00,30.9,25.4,73,26.908116140990376
5132,2024-08-01 20:00:00,30.1,25.6,77,26.770154352428683
5133,2024-08-01 21:00:00,29.0,25.6,82,26.465349135200743
5134,2024-08-01 22:00:00,28.1,25.5,85,26.030556469796412
5135,2024-08-01 23:00:00,27.4,25.3,88,25.775710959262714
5136,2024-08-02 00:00:00,26.7,25.2,92,25.648033781927996
5137,2024-08-02 01:00:00,26.2,25.1,94,25.42916810501824
5138,2024-08-02 02:00:00,25.8,25.0,95,25.16839233302124
5139,2024-08-02 03:00:00,25.4,24.8,96,24.905736684069016
5140,2024-08-02 04:00:00,25.1,24.5,97,24.741311877857445
5141,2024-08-02 05:00:00,24.5,24.2,98,24.274656247600777
5142,2024-08-02 06:00:00,24.2,24.0,99,24.10687866839192
5143,2024-08-02 07:00:00,24.1,24.0,99,24.006380844364283
5144,2024-08-02 08:00:00,26.5,25.4,94,25.727407190372592
5145,2024-08-02 09:00:00,28.1,26.0,88,26.461879752488272
5146,2024-08-02 10:00:00,29.5,26.1,82,26.947990438919884
5147,2024-08-02 11:00:00,30.6,25.5,74,26.78184652403675
5148,2024-08-02 12:00:00,31.5,25.1,69,26.83175585052236
5149,2024-08-02 13:00:00,32.3,24.6,64,26.743727959968098
5150,2024-08-02 14:00:00,33.0,24.4,61,26.865599776942016
5151,2024-08-02 15:00:00,33.5,24.2,59,26.963111160713467
5152,2024-08-02 16:00:00,33.7,24.0,57,26.782215787324066
5153,2024-08-02 17:00:00,33.8,23.8,56,26.688684205172034
5154,2024-08-02 18:00:00,33.4,24.1,58,26.695407509311657
5155,2024-08-02 19:00:00,32.2,24.9,65,26.820077911367054
5156,2024-08-02 20:00:00,28.4,25.4,84,26.17733336974934
5157,2024-08-02 21:00:00,27.7,25.2,86,25.784453284265272
5158,2024-08-02 22:00:00,27.5,24.2,82,25.017423010753113
5159,2024-08-02 23:00:00,27.0,24.1,84,24.81877673586873
5160,2024-08-03 00:00:00,26.5,24.4,88,24.893493000859365
5161,2024-08-03 01:00:00,26.1,24.6,92,25.05426667636875
5162,2024-08-03 02:00:00,26.0,24.9,94,25.230341990588943
5163,2024-08-03 03:00:00,25.9,25.1,95,25.268027376061784
5164,2024-08-03 04:00:00,25.8,25.1,96,25.305154508061875
5165,2024-08-03 05:00:00,25.7,25.1,97,25.341739920950875
5166,2024-08-03 06:00:00,25.6,25.1,97,25.241668607653626
5167,2024-08-03 07:00:00,25.5,25.2,98,25.27751397035414
5168,2024-08-03 08:00:00,27.1,26.1,94,26.32388505326021
5169,2024-08-03 09:00:00,28.5,26.5,89,26.99818110051387
5170,2024-08-03 10:00:00,29.9,26.3,81,27.184103167732484
5171,2024-08-03 11:00:00,31.2,25.5,72,27.032013168816317
5172,2024-08-03 12:00:00,32.2,25.0,66,26.986756663202083
5173,2024-08-03 13:00:00,32.9,24.6,62,26.948351964028877
5174,2024-08-03 14:00:00,33.5,24.2,58,26.78453805467881
5175,2024-08-03 15:00:00,33.8,23.9,56,26.688684205172034
5176,2024-08-03 16:00:00,34.0,24.0,56,26.865446724825038
5177,2024-08-03 17:00:00,34.0,24.0,56,26.865446724825038
5178,2024-08-03 18:00:00,32.8,23.9,60,26.51147780466144
5179,2024-08-03 19:00:00,32.7,23.6,59,26.247143760236813
5180,2024-08-03 20:00:00,26.6,23.5,83,24.289777640147946
5181,2024-08-03 21:00:00,26.8,23.6,83,24.483349485651935
5182,2024-08-03 22:00:00,26.6,23.8,84,24.430617175920535
5183,2024-08-03 23:00:00,26.2,23.9,87,24.46050420859876
5184,2024-08-04 00:00:00,25.6,24.3,93,24.69613880272373
5185,2024-08-04 01:00:00,25.6,24.0,91,24.422644849157766
5186,2024-08-04 02:00:00,25.4,24.0,92,24.36153783369573
5187,2024-08-04 03:00:00,26.0,23.9,88,24.40337144821836
5188,2024-08-04 04:00:00,25.0,24.1,95,24.371311577927347
5189,2024-08-04 05:00:00,24.4,24.0,98,24.174370415930344
5190,2024-08-04 06:00:00,24.4,24.0,98,24.174370415930344
5191,2024-08-04 07:00:00,24.5,24.2,98,24.274656247600777
5192,2024-08-04 08:00:00,23.8,22.5,93,22.910743178595023
5193,2024-08-04 09:00:00,24.7,23.0,90,23.399194874856473
5194,2024-08-04 10:00:00,27.0,24.0,83,24.676921270731526
5195,2024-08-04 11:00:00,29.4,24.9,77,26.103826881181043
5196,2024-08-04 12:00:00,31.0,24.8,70,26.527204878465724
5197,2024-08-04 13:00:00,32.0,24.4,64,26.470018988585515
5198,2024-08-04 14:00:00,32.6,23.7,60,26.331767105980266
5199,2024-08-04 15:00:00,33.2,23.0,55,25.97702237515234
5200,2024-08-04 16:00:00,33.5,22.4,52,25.684665522486004
5201,2024-08-04 17:00:00,33.5,21.9,51,25.49609414919944
5202,2024-08-04 18:00:00,33.3,21.7,51,25.323311656572834
5203,2024-08-04 19:00:00,32.0,23.6,61,25.963510560948052
5204,2024-08-04 20:00:00,30.0,24.5,72,25.90693540834334
5205,2024-08-04 21:00:00,28.6,24.1,77,25.342308774150922
5206,2024-08-04 22:00:00,27.8,24.0,80,25.01761356008782
5207,2024-08-04 23:00:00,27.0,24.5,86,25.10168609588793
5208,2024-08-05 00:00:00,26.8,24.7,89,25.32771606857092
5209,2024-08-05 01:00:00,26.6,24.4,88,24.99151727128336
5210,2024-08-05 02:00:00,26.0,24.4,91,24.817569936966933
5211,2024-08-05 03:00:00,25.9,24.2,91,24.718838683823336
5212,2024-08-05 04:00:00,25.2,24.1,94,24.435037067641975
5213,2024-08-05 05:00:00,24.5,24.0,97,24.140883439271978
5214,2024-08-05 06:00:00,24.3,23.8,97,23.940740537508777
5215,2024-08-05 07:00:00,24.5,23.8,96,24.00704592352611
5216,2024-08-05 08:00:00,26.5,23.6,84,24.33357724908168
5217,2024-08-05 09:00:00,28.3,23.7,76,24.90894114212598
5218,2024-08-05 10:00:00,30.0,23.0,66,24.96506279893099
5219,2024-08-05 11:00:00,31.5,22.9,60,25.343356444982007
5220,2024-08-05 12:00:00,32.0,22.4,57,25.273307926923735
5221,2024-08-05 13:00:00,32.4,22.4,55,25.273043651974373
5222,2024-08-05 14:00:00,32.8,21.5,51,24.891354838844894
5223,2024-08-05 15:00:00,32.8,21.0,50,24.704054452199262
5224,2024-08-05 16:00:00,33.2,20.8,48,24.664771012201278
5225,2024-08-05 17:00:00,33.2,20.4,47,24.470434135528343
5226,2024-08-05 18:00:00,33.0,20.4,47,24.301105461644173
5227,2024-08-05 19:00:00,32.0,22.4,57,25.273307926923735
5228,2024-08-05 20:00:00,29.0,23.3,72,24.969368539056102
5229,2024-08-05 21:00:00,28.1,23.2,75,24.57143787451921
5230,2024-08-05 22:00:00,27.7,23.5,78,24.631319237513463
5231,2024-08-05 23:00:00,27.0,23.5,81,24.392339172789733
5232,2024-08-06 00:00:00,26.3,23.6,85,24.279325849193803
5233,2024-08-06 01:00:00,25.8,23.3,86,23.93122647163681
5234,2024-08-06 02:00:00,25.6,22.9,85,23.598290462190388
5235,2024-08-06 03:00:00,25.4,22.9,86,23.541072808873597
5236,2024-08-06 04:00:00,25.0,23.0,88,23.42312732613657
5237,2024-08-06 05:00:00,24.6,23.0,91,23.43533124202589
5238,2024-08-06 06:00:00,24.4,23.0,92,23.371924148096095
5239,2024-08-06 07:00:00,24.2,23.0,92,23.174001259856773
5240,2024-08-06 08:00:00,26.2,23.3,84,24.0424573794788
5241,2024-08-06 09:00:00,28.0,24.0,78,24.917713848739805
5242,2024-08-06 10:00:00,30.0,24.0,70,25.59566236334207
5243,2024-08-06 11:00:00,31.4,23.4,62,25.58999866436788
5244,2024-08-06 12:00:00,32.4,22.6,57,25.628345790925557
5245,2024-08-06 13:00:00,32.8,22.4,54,25.443820188439812
5246,2024-08-06 14:00:00,33.0,22.0,53,25.43559245191941
5247,2024-08-06 15:00:00,33.2,22.1,52,25.424254986833812
5248,2024-08-06 16:00:00,33.5,22.0,51,25.49609414919944
5249,2024-08-06 17:00:00,33.2,21.6,51,25.236920360255763
5250,2024-08-06 18:00:00,33.0,21.5,51,25.064137667018898
5251,2024-08-06 19:00:00,32.5,22.0,54,25.18100078817113
5252,2024-08-06 20:00:00,29.5,23.6,71,25.284324132279735
5253,2024-08-06 21:00:00,29.5,23.0,68,24.81910515356874
5254,2024-08-06 22:00:00,29.0,23.0,70,24.664117848418428
5255,2024-08-06 23:00:00,28.2,22.9,73,24.3687290184472
5256,2024-08-07 00:00:00,27.5,23.1,77,24.295219597286124
5257,2024-08-07 01:00:00,27.0,23.8,82,24.53478021458787
5258,2024-08-07 02:00:00,26.6,24.0,85,24.57119793956796
5259,2024-08-07 03:00:00,26.4,24.0,87,24.656069854189994
5260,2024-08-07 04:00:00,26.0,23.9,88,24.40337144821836
5261,2024-08-07 05:00:00,25.5,23.9,90,24.18718361253367
5262,2024-08-07 06:00:00,25.1,23.9,93,24.200195971057745
5263,2024-08-07 07:00:00,24.9,23.9,94,24.136797527531552
5264,2024-08-07 08:00:00,26.8,24.0,85,24.765779261151295
5265,2024-08-07 09:00:00,28.3,24.4,79,25.351066697646193
5266,2024-08-07 10:00:00,30.0,24.8,74,26.21579577858507
5267,2024-08-07 11:00:00,31.6,24.5,66,26.43538665246023
5268,2024-08-07 12:00:00,32.8,23.2,57,25.98338320717547
5269,2024-08-07 13:00:00,33.3,22.5,53,25.69721794525479
5270,2024-08-07 14:00:00,33.8,22.4,51,25.755267639889162
5271,2024-08-07 15:00:00,34.0,22.4,51,25.928049802878213
5272,2024-08-07 16:00:00,34.2,22.2,50,25.90765415754013
5273,2024-08-07 17:00:00,34.3,21.8,48,25.600959654540954
5274,2024-08-07 18:00:00,34.0,21.6,49,25.54159830059774
5275,2024-08-07 19:00:00,33.5,22.8,54,26.05706439051363
5276,2024-08-07 20:00:00,29.4,25.4,79,26.404161967412954
5277,2024-08-07 21:00:00,29.2,24.6,76,25.763141206736588
5278,2024-08-07 22:00:00,28.9,22.5,68,24.263898528668772
5279,2024-08-07 23:00:00,28.4,23.1,73,24.556832237135545
5280,2024-08-08 00:00:00,27.9,24.3,81,25.25875006826294
5281,2024-08-08 01:00:00,27.3,25.0,87,25.536114584725883
5282,2024-08-08 02:00:00,26.8,24.8,89,25.32771606857092
5283,2024-08-08 03:00:00,26.3,24.6,91,25.11376362161186
5284,2024-08-08 04:00:00,25.9,24.7,93,24.993704357633607
5285,2024-08-08 05:00:00,25.6,24.5,94,24.832689622628155
5286,2024-08-08 06:00:00,25.3,24.2,94,24.53445022402502
5287,2024-08-08 07:00:00,25.0,24.0,94,24.236210719425056
5288,2024-08-08 08:00:00,26.6,25.0,91,25.40995719474566
5289,2024-08-08 09:00:00,28.2,25.6,86,26.272143724242145
5290,2024-08-08 10:00:00,29.9,25.5,78,26.73154292952204
5291,2024-08-08 11:00:00,31.5,24.8,68,26.669788372774118
5292,2024-08-08 12:00:00,32.6,24.0,61,26.504764383785847
5293,2024-08-08 13:00:00,33.4,23.1,55,26.153016762529642
5294,2024-08-08 14:00:00,33.9,22.9,53,26.220468094881376
5295,2024-08-08 15:00:00,34.3,22.6,51,26.187222803464294
5296,2024-08-08 16:00:00,34.5,22.5,50,26.1655675146523
5297,2024-08-08 17:00:00,34.6,22.4,49,26.054859434138944
5298,2024-08-08 18:00:00,34.3,22.2,49,25.79822902303226
5299,2024-08-08 19:00:00,34.2,22.5,51,26.100831835635958
5300,2024-08-08 20:00:00,32.0,24.9,66,26.802966744776835
5301,2024-08-08 21:00:00,30.2,24.1,70,25.781971024435077
5302,2024-08-08 22:00:00,29.5,24.0,73,25.591398580638945
5303,2024-08-08 23:00:00,28.9,24.0,75,25.328466797026667
5304,2024-08-09 00:00:00,28.1,23.9,78,25.013178685506233
5305,2024-08-09 01:00:00,27.6,23.6,79,24.68091414630412
5306,2024-08-09 02:00:00,27.1,23.5,81,24.488607112977284
5307,2024-08-09 03:00:00,26.8,23.5,82,24.341722988330016
5308,2024-08-09 04:00:00,26.5,23.6,84,24.33357724908168
5309,2024-08-09 05:00:00,26.2,23.8,86,24.321379905439475
5310,2024-08-09 06:00:00,26.0,23.8,88,24.40337144821836
5311,2024-08-09 07:00:00,25.6,23.9,90,24.28568214598439
5312,2024-08-09 08:00:00,27.2,24.3,84,25.012856427955192
5313,2024-08-09 09:00:00,28.5,24.4,78,25.39503786562359
5314,2024-08-09 10:00:00,29.9,24.5,73,25.96760396282391
5315,2024-08-09 11:00:00,31.4,24.9,68,26.577254408806727
5316,2024-08-09 12:00:00,32.5,25.0,65,27.094782289599085
5317,2024-08-09 13:00:00,32.6,25.1,65,27.186350372440202
5318,2024-08-09 14:00:00,32.8,25.0,63,27.029357887474085
5319,2024-08-09 15:00:00,33.7,24.6,59,27.142102756537977
5320,2024-08-09 16:00:00,34.4,24.0,55,27.03298697829124
5321,2024-08-09 17:00:00,34.3,23.4,53,26.569300917164426
5322,2024-08-09 18:00:00,33.5,22.2,52,25.684665522486004
5323,2024-08-09 19:00:00,32.3,23.1,58,25.71496976278516
5324,2024-08-09 20:00:00,27.5,24.2,82,25.017423010753113
5325,2024-08-09 21:00:00,26.2,24.0,88,24.59942010951942
5326,2024-08-09 22:00:00,26.0,24.4,91,24.817569936966933
5327,2024-08-09 23:00:00,26.1,24.7,92,25.05426667636875
5328,2024-08-10 00:00:00,25.9,24.8,93,24.993704357633607
5329,2024-08-10 01:00:00,26.0,24.6,92,24.95530544979787
5330,2024-08-10 02:00:00,25.8,24.6,93,24.894515851267048
5331,2024-08-10 03:00:00,25.8,24.7,94,25.031515829869644
5332,2024-08-10 04:00:00,25.8,24.9,95,25.16839233302124
5333,2024-08-10 05:00:00,25.4,24.7,96,24.905736684069016
5334,2024-08-10 06:00:00,25.4,24.6,95,24.769852047135462
5335,2024-08-10 07:00:00,25.5,24.1,93,24.59695026048654
5336,2024-08-10 08:00:00,27.1,23.8,82,24.631308804533884
5337,2024-08-10 09:00:00,28.5,22.8,71,24.349745691739013
5338,2024-08-10 10:00:00,29.8,22.9,67,24.93935292531563
5339,2024-08-10 11:00:00,31.1,22.8,61,25.15162814318526
5340,2024-08-10 12:00:00,32.2,22.6,57,25.450826915270046
5341,2024-08-10 13:00:00,32.8,22.6,55,25.62503324990093
5342,2024-08-10 14:00:00,33.2,22.3,53,25.61000947872968
5343,2024-08-10 15:00:00,33.7,21.7,50,25.477797890857794
5344,2024-08-10 16:00:00,34.2,21.2,47,25.317075202305656
5345,2024-08-10 17:00:00,34.2,20.8,45,24.91336148514717
5346,2024-08-10 18:00:00,34.2,20.5,45,24.91336148514717
5347,2024-08-10 19:00:00,33.2,22.3,53,25.61000947872968
5348,2024-08-10 20:00:00,30.0,20.1,55,23.161095764612675
5349,2024-08-10 21:00:00,28.9,19.9,58,22.684504492001576
5350,2024-08-10 22:00:00,28.0,20.2,63,22.666172223848804
5351,2024-08-10 23:00:00,27.5,20.1,64,22.36435888860218
5352,2024-08-11 00:00:00,27.1,19.7,64,21.999408875408758
5353,2024-08-11 01:00:00,26.5,19.7,66,21.748708778222404
5354,2024-08-11 02:00:00,25.6,20.9,75,22.205714837495755
5355,2024-08-11 03:00:00,25.8,21.0,75,22.39497312036002
5356,2024-08-11 04:00:00,25.0,21.5,81,22.466976975767224
5357,2024-08-11 05:00:00,24.9,20.9,78,21.958295338676464
5358,2024-08-11 06:00:00,24.6,21.0,80,21.94548595745923
5359,2024-08-11 07:00:00,24.6,21.1,81,22.081903742398104
5360,2024-08-11 08:00:00,26.4,21.6,75,22.962747502229494
5361,2024-08-11 09:00:00,28.0,22.0,70,23.732571272484815
5362,2024-08-11 10:00:00,29.8,22.6,66,24.781271916259946
5363,2024-08-11 11:00:00,31.2,23.5,64,25.74012739856894
5364,2024-08-11 12:00:00,32.3,23.5,60,26.062200868885615
5365,2024-08-11 13:00:00,33.1,23.3,57,26.249660979112488
5366,2024-08-11 14:00:00,33.5,23.0,54,26.05706439051363
5367,2024-08-11 15:00:00,33.8,22.5,52,25.945075770225575
5368,2024-08-11 16:00:00,33.2,22.5,54,25.794245627911177
5369,2024-08-11 17:00:00,32.8,23.0,56,25.80486993527349
5370,2024-08-11 18:00:00,32.2,23.8,61,26.143928600480027
5371,2024-08-11 19:00:00,31.0,23.7,65,25.72125842038611
5372,2024-08-11 20:00:00,30.2,24.0,69,25.624752368535365
5373,2024-08-11 21:00:00,29.1,23.8,73,25.215192901354207
5374,2024-08-11 22:00:00,28.4,23.6,76,25.003852330240914
5375,2024-08-11 23:00:00,27.6,23.6,79,24.68091414630412
5376,2024-08-12 00:00:00,26.6,23.9,85,24.57119793956796
5377,2024-08-12 01:00:00,25.9,23.9,88,24.305347097339506
5378,2024-08-12 02:00:00,25.5,23.9,91,24.323913545750028
5379,2024-08-12 03:00:00,26.4,23.6,85,24.376616560436773
5380,2024-08-12 04:00:00,26.1,23.5,86,24.223841568319838
5381,2024-08-12 05:00:00,26.0,23.5,87,24.264938507865303
5382,2024-08-12 06:00:00,24.9,23.6,93,24.001818753626168
5383,2024-08-12 07:00:00,24.8,23.8,94,24.03738432374144
5384,2024-08-12 08:00:00,26.7,24.5,88,25.089541528420867
5385,2024-08-12 09:00:00,29.0,25.0,79,26.021218455811564
5386,2024-08-12 10:00:00,30.5,25.2,73,26.53191148657347
5387,2024-08-12 11:00:00,31.4,25.0,69,26.738909548693456
5388,2024-08-12 12:00:00,31.8,24.8,67,26.78369442751132
5389,2024-08-12 13:00:00,32.3,24.8,65,26.911646059129154
5390,2024-08-12 14:00:00,32.8,25.0,64,27.199909132056327
5391,2024-08-12 15:00:00,33.0,25.2,64,27.382381446094886
5392,2024-08-12 16:00:00,33.5,25.4,63,27.66565122135381
5393,2024-08-12 17:00:00,31.2,25.0,69,26.553216885702493
5394,2024-08-12 18:00:00,30.0,25.0,74,26.21579577858507
5395,2024-08-12 19:00:00,30.2,25.3,75,26.558636373998993
5396,2024-08-12 20:00:00,27.6,25.5,89,26.11381771383083
5397,2024-08-12 21:00:00,27.3,25.9,92,26.241800457030234
5398,2024-08-12 22:00:00,27.0,25.9,94,26.224472104425796
5399,2024-08-12 23:00:00,26.9,25.7,93,25.985588771896534
5400,2024-08-13 00:00:00,26.6,25.6,94,25.826820195927954
5401,2024-08-13 01:00:00,26.1,25.5,96,25.60471775975669
5402,2024-08-13 02:00:00,25.8,25.3,97,25.44181122342285
5403,2024-08-13 03:00:00,25.5,25.0,97,25.1415972835046
5404,2024-08-13 04:00:00,25.6,25.0,97,25.241668607653626
5405,2024-08-13 05:00:00,25.5,25.0,97,25.1415972835046
5406,2024-08-13 06:00:00,25.1,24.7,98,24.87637101010527
5407,2024-08-13 07:00:00,25.3,24.9,97,24.94145460254472
5408,2024-08-13 08:00:00,25.2,23.7,91,24.027719559514033
5409,2024-08-13 09:00:00,26.5,24.2,87,24.75385265639836
5410,2024-08-13 10:00:00,28.6,25.0,81,25.93262434046119
5411,2024-08-13 11:00:00,30.0,25.5,77,26.674964762878474
5412,2024-08-13 12:00:00,30.8,25.9,75,27.12640596236725
5413,2024-08-13 13:00:00,31.2,25.9,73,27.19026944442654
5414,2024-08-13 14:00:00,32.0,26.0,71,27.620761739939663
5415,2024-08-13 15:00:00,32.4,25.6,67,27.336995237519577
5416,2024-08-13 16:00:00,32.5,25.1,65,27.094782289599085
5417,2024-08-13 17:00:00,31.7,24.8,67,26.691477553641338
5418,2024-08-13 18:00:00,31.5,25.0,68,26.669788372774118
5419,2024-08-13 19:00:00,31.3,24.1,66,26.159701357622595
5420,2024-08-13 20:00:00,27.9,25.1,85,25.835975514857473
5421,2024-08-13 21:00:00,27.3,25.5,90,25.960155261120605
5422,2024-08-13 22:00:00,26.9,25.4,92,25.845956054468857
5423,2024-08-13 23:00:00,26.5,25.3,93,25.588835147049327
5424,2024-08-14 00:00:00,26.3,25.2,94,25.528581144946283
5425,2024-08-14 01:00:00,26.2,25.0,93,25.29126980547337
5426,2024-08-14 02:00:00,26.0,24.9,93,25.092892852103557
5427,2024-08-14 03:00:00,25.9,24.8,94,25.13092891603002
5428,2024-08-14 04:00:00,25.5,24.8,95,24.86948713572207
5429,2024-08-14 05:00:00,25.2,24.6,96,24.706027705122093
5430,2024-08-14 06:00:00,25.6,24.6,94,24.832689622628155
5431,2024-08-14 07:00:00,25.3,24.5,96,24.80588220019776
5432,2024-08-14 08:00:00,26.9,25.4,92,25.845956054468857
5433,2024-08-14 09:00:00,28.6,25.5,83,26.22549341506902
5434,2024-08-14 10:00:00,30.0,25.5,77,26.674964762878474
5435,2024-08-14 11:00:00,30.8,25.9,75,27.12640596236725
5436,2024-08-14 12:00:00,31.2,25.9,73,27.19026944442654
5437,2024-08-14 13:00:00,32.0,25.8,69,27.29598706535054
5438,2024-08-14 14:00:00,32.8,24.8,63,27.029357887474085
5439,2024-08-14 15:00:00,33.3,24.9,61,27.136226068759612
5440,2024-08-14 16:00:00,33.2,25.0,62,27.220021984157825
5441,2024-08-14 17:00:00,32.8,24.8,63,27.029357887474085
5442,2024-08-14 18:00:00,32.3,23.9,61,26.234137583157388
5443,2024-08-14 19:00:00,31.5,24.1,65,26.179100263568028
5444,2024-08-14 20:00:00,28.0,24.4,80,25.209620976963805
5445,2024-08-14 21:00:00,27.8,24.6,83,25.451207813349306
5446,2024-08-14 22:00:00,27.5,25.0,86,25.589377013293134
5447,2024-08-14 23:00:00,27.2,25.1,88,25.5796626160219
5448,2024-08-15 00:00:00,27.1,25.1,89,25.622504281215985
5449,2024-08-15 01:00:00,26.9,25.1,90,25.566161914967317
5450,2024-08-15 02:00:00,26.6,25.0,91,25.40995719474566
5451,2024-08-15 03:00:00,26.4,24.6,90,25.07366995038328
5452,2024-08-15 04:00:00,26.0,24.2,90,24.679676150675046
5453,2024-08-15 05:00:00,25.4,24.1,93,24.49776170623187
5454,2024-08-15 06:00:00,25.5,24.0,92,24.46049913375888
5455,2024-08-15 07:00:00,26.0,24.0,88,24.40337144821836
5456,2024-08-15 08:00:00,26.8,24.6,88,25.1875657723066
5457,2024-08-15 09:00:00,28.8,24.9,79,25.829746604942713
5458,2024-08-15 10:00:00,30.3,25.0,74,26.49882123061824
5459,2024-08-15 11:00:00,31.3,24.9,69,26.646063227106552
5460,2024-08-15 12:00:00,32.2,24.5,64,26.652491658657382
5461,2024-08-15 13:00:00,33.0,24.1,60,26.691188403262633
5462,2024-08-15 14:00:00,33.3,24.0,58,26.606276937757364
5463,2024-08-15 15:00:00,33.6,23.7,56,26.511921575071657
5464,2024-08-15 16:00:00,32.2,24.6,65,26.820077911367054
5465,2024-08-15 17:00:00,32.5,24.4,62,26.58612494263485
5466,2024-08-15 18:00:00,31.6,24.8,67,26.599260658974874
5467,2024-08-15 19:00:00,31.3,24.5,67,26.322609849562006
5468,2024-08-15 20:00:00,29.0,25.2,80,26.16965711589468
5469,2024-08-15 21:00:00,28.4,25.8,86,26.467219805998656
5470,2024-08-15 22:00:00,28.2,25.7,86,26.272143724242145
5471,2024-08-15 23:00:00,28.0,25.7,87,26.220593068320092
5472,2024-08-16 00:00:00,27.9,25.2,86,25.979529500819392
5473,2024-08-16 01:00:00,27.5,25.0,86,25.589377013293134
5474,2024-08-16 02:00:00,27.0,24.9,88,25.383614220461
5475,2024-08-16 03:00:00,26.5,24.7,90,25.172168368529245
5476,2024-08-16 04:00:00,26.0,24.6,92,24.95530544979787
5477,2024-08-16 05:00:00,25.5,24.5,94,24.733276501488593
5478,2024-08-16 06:00:00,25.3,24.5,95,24.67021694709133
5479,2024-08-16 07:00:00,25.1,24.4,95,24.470946712516007
5480,2024-08-16 08:00:00,27.0,25.1,89,25.52424155648995
5481,2024-08-16 09:00:00,28.9,25.5,82,26.368820830749858
5482,2024-08-16 10:00:00,30.5,25.4,74,26.687504777103452
5483,2024-08-16 11:00:00,31.5,24.9,68,26.669788372774118
5484,2024-08-16 12:00:00,32.7,24.3,62,26.767238500420397
5485,2024-08-16 13:00:00,33.3,23.9,58,26.606276937757364
5486,2024-08-16 14:00:00,34.1,23.5,54,26.582701112599132
5487,2024-08-16 15:00:00,33.0,24.1,60,26.691188403262633
5488,2024-08-16 16:00:00,32.8,24.6,62,26.857795243959522
5489,2024-08-16 17:00:00,33.0,24.0,59,26.51563172758746
5490,2024-08-16 18:00:00,33.0,23.6,58,26.338885065108535
5491,2024-08-16 19:00:00,31.5,24.0,65,26.179100263568028
5492,2024-08-16 20:00:00,30.4,25.2,74,26.593163012647413
5493,2024-08-16 21:00:00,29.7,25.0,76,26.237696194732717
5494,2024-08-16 22:00:00,29.0,24.9,78,25.87236146864669
5495,2024-08-16 23:00:00,28.5,24.9,81,25.83635663319142
5496,2024-08-17 00:00:00,28.0,25.0,83,25.64477930119384
5497,2024-08-17 01:00:00,27.6,24.8,85,25.544103978138544
5498,2024-08-17 02:00:00,27.1,24.5,86,25.19922430694015
5499,2024-08-17 03:00:00,26.9,24.4,86,25.00414787097687
5500,2024-08-17 04:00:00,26.6,24.3,87,24.85163544493022
5501,2024-08-17 05:00:00,26.2,24.4,89,24.738139294674188
5502,2024-08-17 06:00:00,26.0,24.3,90,24.679676150675046
5503,2024-08-17 07:00:00,25.5,24.4,93,24.59695026048654
5504,2024-08-17 08:00:00,27.0,24.5,86,25.10168609588793
5505,2024-08-17 09:00:00,29.0,24.9,79,26.021218455811564
5506,2024-08-17 10:00:00,30.4,24.7,72,26.281961625317148
5507,2024-08-17 11:00:00,31.5,24.6,67,26.507043743448598
5508,2024-08-17 12:00:00,32.2,24.5,64,26.652491658657382
5509,2024-08-17 13:00:00,32.9,24.3,61,26.775390964956873
5510,2024-08-17 14:00:00,33.3,24.4,60,26.960754114922118
5511,2024-08-17 15:00:00,33.8,24.0,57,26.870974827712434
5512,2024-08-17 16:00:00,34.0,24.1,57,27.048492828448367
5513,2024-08-17 17:00:00,33.8,23.9,56,26.688684205172034
5514,2024-08-17 18:00:00,33.3,23.6,57,26.4271793569
5515,2024-08-17 19:00:00,32.6,24.0,60,26.331767105980266
5516,2024-08-17 20:00:00,28.2,23.6,76,24.814029936387325
5517,2024-08-17 21:00:00,28.1,23.9,78,25.013178685506233
5518,2024-08-17 22:00:00,28.0,24.0,79,25.063858559388002
5519,2024-08-17 23:00:00,27.6,24.4,82,25.113951524126858
5520,2024-08-18 00:00:00,27.5,24.7,85,25.44681343793442
5521,2024-08-18 01:00:00,27.2,25.0,88,25.5796626160219
5522,2024-08-18 02:00:00,26.7,25.1,91,25.508688361157372
5523,2024-08-18 03:00:00,26.4,25.2,93,25.48964671161499
5524,2024-08-18 04:00:00,26.3,25.2,94,25.528581144946283
5525,2024-08-18 05:00:00,26.0,25.2,95,25.36766240778635
5526,2024-08-18 06:00:00,25.8,25.2,96,25.305154508061875
5527,2024-08-18 07:00:00,25.5,25.0,98,25.27751397035414
5528,2024-08-18 08:00:00,27.2,25.8,92,26.14283937413021
5529,2024-08-18 09:00:00,28.9,26.4,86,26.954909777264508
5530,2024-08-18 10:00:00,30.5,26.0,77,27.15091254830927
5531,2024-08-18 11:00:00,31.9,25.3,68,27.039924026263723
5532,2024-08-18 12:00:00,32.9,24.5,61,26.775390964956873
5533,2024-08-18 13:00:00,33.7,24.1,57,26.782215787324066
5534,2024-08-18 14:00:00,34.3,23.9,55,26.94499008420965
5535,2024-08-18 15:00:00,34.9,23.5,52,26.899910930197603
5536,2024-08-18 16:00:00,34.7,23.3,52,26.72630481585038
5537,2024-08-18 17:00:00,34.6,23.5,53,26.830925217963998
5538,2024-08-18 18:00:00,34.2,23.6,54,26.670307130018802
5539,2024-08-18 19:00:00,33.6,23.9,57,26.693456720137654
5540,2024-08-18 20:00:00,30.1,24.9,73,26.15570654358447
5541,2024-08-18 21:00:00,29.8,24.9,75,26.180122972225174
5542,2024-08-18 22:00:00,29.2,25.1,78,26.06329079527196
5543,2024-08-18 23:00:00,29.0,25.4,81,26.31769501806543
5544,2024-08-19 00:00:00,28.7,25.5,83,26.322279050133847
5545,2024-08-19 01:00:00,28.1,25.2,84,25.886214326972397
5546,2024-08-19 02:00:00,27.7,24.8,84,25.498055404356524
5547,2024-08-19 03:00:00,27.4,24.2,83,25.064064660930928
5548,2024-08-19 04:00:00,27.0,24.1,84,24.81877673586873
5549,2024-08-19 05:00:00,26.7,24.0,85,24.66848860753379
5550,2024-08-19 06:00:00,26.2,24.0,87,24.46050420859876
5551,2024-08-19 07:00:00,26.0,23.8,87,24.264938507865303
5552,2024-08-19 08:00:00,27.1,23.7,82,24.631308804533884
5553,2024-08-19 09:00:00,29.3,24.0,73,25.403295778351836
5554,2024-08-19 10:00:00,31.0,24.2,67,26.045958850685395
5555,2024-08-19 11:00:00,32.6,23.9,60,26.331767105980266
5556,2024-08-19 12:00:00,33.1,23.2,56,26.070014511733344
5557,2024-08-19 13:00:00,34.6,22.8,50,26.251538567254375
5558,2024-08-19 14:00:00,34.7,22.5,49,26.14040283590236
5559,2024-08-19 15:00:00,35.3,22.5,48,26.452036467194937
5560,2024-08-19 16:00:00,35.6,22.4,47,26.502366451296396
5561,2024-08-19 17:00:00,35.2,22.5,48,26.366928943671805
5562,2024-08-19 18:00:00,34.9,22.5,49,26.31148953725677
5563,2024-08-19 19:00:00,34.0,23.4,54,26.495095065938546
5564,2024-08-19 20:00:00,32.3,24.0,61,26.234137583157388
5565,2024-08-19 21:00:00,31.2,24.4,67,26.230392871073732
5566,2024-08-19 22:00:00,30.0,25.1,75,26.369379707659448
5567,2024-08-19 23:00:00,29.2,25.0,78,26.06329079527196
5568,2024-08-20 00:00:00,28.5,24.9,80,25.689639242127175
5569,2024-08-20 01:00:00,27.9,25.0,84,25.692134894207598
5570,2024-08-20 02:00:00,27.5,24.6,85,25.44681343793442
5571,2024-08-20 03:00:00,27.2,24.1,83,24.87049299571567
5572,2024-08-20 04:00:00,27.0,23.8,83,24.676921270731526
5573,2024-08-20 05:00:00,26.6,23.6,83,24.289777640147946
5574,2024-08-20 06:00:00,26.5,23.4,83,24.192991694633342
5575,2024-08-20 07:00:00,27.0,23.1,80,24.24958325050458
5576,2024-08-20 08:00:00,27.3,24.5,85,25.252232315355368
5577,2024-08-20 09:00:00,28.6,24.6,79,25.638274690223927
5578,2024-08-20 10:00:00,30.3,24.6,72,26.18820509914499
5579,2024-08-20 11:00:00,31.1,24.0,66,25.97591105263992
5580,2024-08-20 12:00:00,33.1,23.2,56,26.070014511733344
5581,2024-08-20 13:00:00,34.5,22.1,49,25.969315998154933
5582,2024-08-20 14:00:00,35.5,21.4,44,25.790874096492214
5583,2024-08-20 15:00:00,36.0,21.0,42,25.772580945322243
5584,2024-08-20 16:00:00,36.4,20.8,40,25.652318332045038
5585,2024-08-20 17:00:00,36.4,20.7,40,25.652318332045038
5586,2024-08-20 18:00:00,36.2,20.6,40,25.489723989054713
5587,2024-08-20 19:00:00,34.8,22.6,49,26.225946203567666
5588,2024-08-20 20:00:00,32.3,23.9,61,26.234137583157388
5589,2024-08-20 21:00:00,31.4,23.4,63,25.756767851595875
5590,2024-08-20 22:00:00,30.6,23.3,65,25.35498453944228
5591,2024-08-20 23:00:00,29.9,24.0,71,25.658154953587527
5592,2024-08-21 00:00:00,29.1,23.8,73,25.215192901354207
5593,2024-08-21 01:00:00,28.0,23.8,78,24.917713848739805
5594,2024-08-21 02:00:00,27.5,24.5,84,25.303975857112007
5595,2024-08-21 03:00:00,27.2,24.4,84,25.012856427955192
5596,2024-08-21 04:00:00,27.2,24.1,83,24.87049299571567
5597,2024-08-21 05:00:00,26.3,24.2,89,24.83640212282597
5598,2024-08-21 06:00:00,26.3,24.6,90,24.975171519557673
5599,2024-08-21 07:00:00,26.4,25.6,95,25.76620242208409
5600,2024-08-21 08:00:00,27.5,25.9,91,26.29853725354873
5601,2024-08-21 09:00:00,28.8,26.0,85,26.711589378597726
5602,2024-08-21 10:00:00,30.4,25.6,76,26.902072468072884
5603,2024-08-21 11:00:00,32.0,25.3,68,27.132457889344668
5604,2024-08-21 12:00:00,33.2,25.2,63,27.39295421316483
5605,2024-08-21 13:00:00,33.6,25.4,62,27.58224835354652
5606,2024-08-21 14:00:00,34.2,25.0,59,27.58958130824475
5607,2024-08-21 15:00:00,34.5,25.0,58,27.675842086739944
5608,2024-08-21 16:00:00,34.2,24.6,58,27.408451146165465
5609,2024-08-21 17:00:00,34.4,24.6,57,27.40352851220862
5610,2024-08-21 18:00:00,34.3,24.5,57,27.314769630765053
5611,2024-08-21 19:00:00,33.0,24.8,62,27.038908660702575
5612,2024-08-21 20:00:00,26.1,24.0,89,24.639876453442415
5613,2024-08-21 21:00:00,26.8,24.0,85,24.765779261151295
5614,2024-08-21 22:00:00,27.0,24.3,85,24.960360525495048
5615,2024-08-21 23:00:00,26.9,24.6,88,25.285590002975148
5616,2024-08-22 00:00:00,26.8,24.6,88,25.1875657723066
5617,2024-08-22 01:00:00,26.9,24.9,89,25.42597881895266
5618,2024-08-22 02:00:00,27.0,25.4,91,25.804881786932192
5619,2024-08-22 03:00:00,27.0,25.9,93,26.084777149031904
5620,2024-08-22 04:00:00,27.1,26.0,93,26.183965514594796
5621,2024-08-22 05:00:00,27.3,25.5,90,25.960155261120605
5622,2024-08-22 06:00:00,26.5,25.1,92,25.45011146155967
5623,2024-08-22 07:00:00,26.1,25.0,93,25.192081334706856
5624,2024-08-22 08:00:00,25.2,23.7,91,24.027719559514033
5625,2024-08-22 09:00:00,25.5,24.3,93,24.59695026048654
5626,2024-08-22 10:00:00,26.8,24.3,86,24.906609632170106
5627,2024-08-22 11:00:00,28.8,25.1,80,25.97765001300987
5628,2024-08-22 12:00:00,30.2,25.5,76,26.71225075940082
5629,2024-08-22 13:00:00,31.0,25.7,73,27.002167259895366
5630,2024-08-22 14:00:00,28.4,24.5,80,25.59363562057946
5631,2024-08-22 15:00:00,28.5,24.8,80,25.689639242127175
5632,2024-08-22 16:00:00,29.5,25.3,78,26.349684663583233
5633,2024-08-22 17:00:00,30.0,25.2,76,26.5224289839496
5634,2024-08-22 18:00:00,30.4,25.3,74,26.593163012647413
5635,2024-08-22 19:00:00,29.9,25.0,75,26.274751348603846
5636,2024-08-22 20:00:00,26.5,24.9,90,25.172168368529245
5637,2024-08-22 21:00:00,26.2,24.7,91,25.015032405829288
5638,2024-08-22 22:00:00,26.2,25.1,94,25.42916810501824
5639,2024-08-22 23:00:00,26.6,25.7,95,25.96547236206153
5640,2024-08-23 00:00:00,27.0,26.1,95,26.364012108774606
5641,2024-08-23 01:00:00,27.4,26.0,92,26.340761528152896
5642,2024-08-23 02:00:00,27.1,25.5,91,25.90361290447402
5643,2024-08-23 03:00:00,27.2,25.5,90,25.861656943246842
5644,2024-08-23 04:00:00,26.8,25.4,92,25.74699492416177
5645,2024-08-23 05:00:00,26.0,25.1,95,25.36766240778635
5646,2024-08-23 06:00:00,26.1,24.4,90,24.778174619736458
5647,2024-08-23 07:00:00,25.7,24.0,90,24.38418066649041
5648,2024-08-23 08:00:00,27.6,26.0,90,26.25565014052798
5649,2024-08-23 09:00:00,29.3,25.7,81,26.60649786837349
5650,2024-08-23 10:00:00,30.8,24.8,71,26.499273168358094
5651,2024-08-23 11:00:00,31.6,24.1,65,26.270668565172432
5652,2024-08-23 12:00:00,32.2,24.0,62,26.31445442806256
5653,2024-08-23 13:00:00,32.2,23.9,61,26.143928600480027
5654,2024-08-23 14:00:00,29.6,24.0,72,25.531908889879706
5655,2024-08-23 15:00:00,30.1,23.9,69,25.531905805170407
5656,2024-08-23 16:00:00,30.4,23.6,67,25.492656277539158
5657,2024-08-23 17:00:00,30.4,24.0,69,25.810445433876172
5658,2024-08-23 18:00:00,30.2,24.0,69,25.624752368535365
5659,2024-08-23 19:00:00,29.7,23.7,70,25.31619922158155
5660,2024-08-23 20:00:00,28.6,24.6,79,25.638274690223927
5661,2024-08-23 21:00:00,27.5,25.1,87,25.73167993218587
5662,2024-08-23 22:00:00,27.5,24.2,82,25.017423010753113
5663,2024-08-23 23:00:00,27.0,24.0,84,24.81877673586873
5664,2024-08-24 00:00:00,26.6,23.5,83,24.289777640147946
5665,2024-08-24 01:00:00,26.4,22.3,78,23.390274144314013
5666,2024-08-24 02:00:00,25.9,21.9,79,23.05339740755047
5667,2024-08-24 03:00:00,25.9,21.5,77,22.77217699085533
5668,2024-08-24 04:00:00,25.7,21.5,77,22.581796339125415
5669,2024-08-24 05:00:00,25.0,21.6,81,22.466976975767224
5670,2024-08-24 06:00:00,24.4,21.9,86,22.5656876339329
5671,2024-08-24 07:00:00,24.5,22.2,87,22.79819396475801
5672,2024-08-24 08:00:00,26.0,23.0,84,23.84837739176672
5673,2024-08-24 09:00:00,27.5,23.5,79,24.585178001879992
5674,2024-08-24 10:00:00,28.5,23.6,75,24.949952480058986
5675,2024-08-24 11:00:00,29.8,23.9,70,25.409353622264735
5676,2024-08-24 12:00:00,30.9,23.6,65,25.629689984228534
5677,2024-08-24 13:00:00,31.9,22.5,58,25.358446137419286
5678,2024-08-24 14:00:00,31.8,22.4,57,25.09578882512534
5679,2024-08-24 15:00:00,31.7,23.0,60,25.52306770587029
5680,2024-08-24 16:00:00,31.9,21.9,56,25.009434653386965
5681,2024-08-24 17:00:00,31.6,21.3,54,24.392540907410524
5682,2024-08-24 18:00:00,30.8,21.9,59,24.546714450838238
5683,2024-08-24 19:00:00,29.5,22.9,67,24.662700952509272
5684,2024-08-24 20:00:00,28.9,22.5,69,24.4177454242221
5685,2024-08-24 21:00:00,27.9,21.8,69,23.48927610044232
5686,2024-08-24 22:00:00,27.1,22.0,73,23.334159923792914
5687,2024-08-24 23:00:00,26.5,22.4,78,23.485739255525633
5688,2024-08-25 00:00:00,26.1,22.2,79,23.244870220266872
5689,2024-08-25 01:00:00,25.7,22.0,80,23.001531758664218
5690,2024-08-25 02:00:00,24.8,22.1,85,22.81996341793275
5691,2024-08-25 03:00:00,25.0,21.8,82,22.60420511546731
5692,2024-08-25 04:00:00,26.4,21.2,73,22.67579652157496
5693,2024-08-25 05:00:00,26.2,21.0,73,22.48769251004208
5694,2024-08-25 06:00:00,23.9,21.5,86,22.077994491660238
5695,2024-08-25 07:00:00,23.5,21.6,90,22.217210172447576
5696,2024-08-25 08:00:00,25.5,22.9,85,23.500999633814498
5697,2024-08-25 09:00:00,27.8,23.9,79,24.872386385676112
5698,2024-08-25 10:00:00,29.5,23.4,70,25.129890359623207
5699,2024-08-25 11:00:00,30.9,23.0,63,25.302270291742584
5700,2024-08-25 12:00:00,31.6,21.3,54,24.392540907410524
5701,2024-08-25 13:00:00,32.5,20.5,49,24.258439898202077
5702,2024-08-25 14:00:00,33.0,19.9,46,24.105734830233583
5703,2024-08-25 15:00:00,33.5,19.6,44,24.12529134209524
5704,2024-08-25 16:00:00,33.4,19.5,44,24.04201176415801
5705,2024-08-25 17:00:00,31.4,22.0,57,24.74075027809263
5706,2024-08-25 18:00:00,30.5,22.6,63,24.93867180959492
5707,2024-08-25 19:00:00,29.3,22.8,68,24.63403636560962
5708,2024-08-25 20:00:00,28.4,23.8,76,25.003852330240914
5709,2024-08-25 21:00:00,27.0,23.2,80,24.24958325050458
5710,2024-08-25 22:00:00,26.0,23.1,84,23.84837739176672
5711,2024-08-25 23:00:00,25.7,23.5,88,24.109298354947285
5712,2024-08-26 00:00:00,25.5,23.8,90,24.18718361253367
5713,2024-08-26 01:00:00,25.2,23.8,92,24.163615196462548
5714,2024-08-26 02:00:00,25.0,23.9,93,24.101007368427396
5715,2024-08-26 03:00:00,25.0,23.9,93,24.101007368427396
5716,2024-08-26 04:00:00,24.9,23.9,94,24.136797527531552
5717,2024-08-26 05:00:00,24.8,23.9,95,24.17204127400362
5718,2024-08-26 06:00:00,24.9,23.8,94,24.136797527531552
5719,2024-08-26 07:00:00,24.8,23.1,91,23.632794065944385
5720,2024-08-26 08:00:00,24.5,23.4,93,23.60506417209106
5721,2024-08-26 09:00:00,25.5,23.3,87,23.77602401285465
5722,2024-08-26 10:00:00,26.1,22.7,81,23.525926991439505
5723,2024-08-26 11:00:00,27.0,23.1,79,24.106497030511296
5724,2024-08-26 12:00:00,28.2,23.9,77,24.96154931462069
5725,2024-08-26 13:00:00,27.9,23.5,77,24.675979539801677
5726,2024-08-26 14:00:00,28.7,23.6,74,24.98935028632249
5727,2024-08-26 15:00:00,25.6,23.0,85,23.598290462190388
5728,2024-08-26 16:00:00,27.2,23.1,78,24.15399454616824
5729,2024-08-26 17:00:00,28.2,23.6,76,24.814029936387325
5730,2024-08-26 18:00:00,27.4,23.4,79,24.489441840901787
5731,2024-08-26 19:00:00,27.1,23.0,78,24.05852955656822
5732,2024-08-26 20:00:00,25.9,22.8,83,23.61227570023585
5733,2024-08-26 21:00:00,25.4,22.6,85,23.403708790617785
5734,2024-08-26 22:00:00,25.1,22.9,87,23.38489216426707
5735,2024-08-26 23:00:00,25.0,23.4,90,23.694690749927872
5736,2024-08-27 00:00:00,24.8,23.6,94,24.03738432374144
5737,2024-08-27 01:00:00,24.3,23.6,96,23.80733674063295
5738,2024-08-27 02:00:00,24.2,23.7,97,23.840669069834394
5739,2024-08-27 03:00:00,24.2,23.6,96,23.70748213197148
5740,2024-08-27 04:00:00,23.8,23.3,97,23.44038308653634
5741,2024-08-27 05:00:00,24.1,23.6,97,23.74059759092785
5742,2024-08-27 06:00:00,24.2,23.6,96,23.70748213197148
5743,2024-08-27 07:00:00,24.0,23.5,98,23.773226979929863
5744,2024-08-27 08:00:00,24.2,23.0,92,23.174001259856773
5745,2024-08-27 09:00:00,24.5,22.8,90,23.20219755860746
5746,2024-08-27 10:00:00,25.0,23.2,90,23.694690749927872
5747,2024-08-27 11:00:00,25.7,23.4,87,23.971589852731327
5748,2024-08-27 12:00:00,27.5,23.5,79,24.585178001879992
5749,2024-08-27 13:00:00,28.7,23.5,74,24.98935028632249
5750,2024-08-27 14:00:00,29.5,24.0,73,25.591398580638945
5751,2024-08-27 15:00:00,30.0,24.8,73,26.061655262353888
5752,2024-08-27 16:00:00,30.2,24.7,72,26.09444855429526
5753,2024-08-27 17:00:00,30.2,24.5,72,26.09444855429526
5754,2024-08-27 18:00:00,29.5,24.3,73,25.591398580638945
5755,2024-08-27 19:00:00,28.7,24.2,77,25.437498596460173
5756,2024-08-27 20:00:00,28.0,23.7,77,24.771169481998566
5757,2024-08-27 21:00:00,27.2,24.0,82,24.727837379081233
5758,2024-08-27 22:00:00,26.5,24.1,87,24.75385265639836
5759,2024-08-27 23:00:00,25.9,24.2,90,24.58117766880238
5760,2024-08-28 00:00:00,25.5,24.1,92,24.46049913375888
5761,2024-08-28 01:00:00,25.7,24.2,91,24.521376139950984
5762,2024-08-28 02:00:00,25.4,24.5,94,24.633863368630703
5763,2024-08-28 03:00:00,25.1,24.5,96,24.606173198814272
5764,2024-08-28 04:00:00,24.9,24.5,97,24.541169109227543
5765,2024-08-28 05:00:00,24.8,24.5,98,24.575513677448118
5766,2024-08-28 06:00:00,24.9,24.5,98,24.675799465764268
5767,2024-08-28 07:00:00,25.0,24.5,97,24.641240499048823
5768,2024-08-28 08:00:00,25.9,24.9,94,25.13092891603002
5769,2024-08-28 09:00:00,27.2,25.1,88,25.5796626160219
5770,2024-08-28 10:00:00,28.5,24.8,80,25.689639242127175
5771,2024-08-28 11:00:00,29.6,24.1,72,25.531908889879706
5772,2024-08-28 12:00:00,31.0,23.8,66,25.884015867420132
5773,2024-08-28 13:00:00,29.2,23.2,70,24.8504269142897
5774,2024-08-28 14:00:00,26.7,23.9,84,24.527657087978717
5775,2024-08-28 15:00:00,27.4,23.8,81,24.77741083873557
5776,2024-08-28 16:00:00,28.5,23.6,75,24.949952480058986
5777,2024-08-28 17:00:00,29.0,23.2,71,24.817035161965627
5778,2024-08-28 18:00:00,28.5,23.7,75,24.949952480058986
5779,2024-08-28 19:00:00,28.1,23.8,78,25.013178685506233
5780,2024-08-28 20:00:00,26.9,23.8,83,24.580135385724162
5781,2024-08-28 21:00:00,26.0,23.5,86,24.1263032170049
5782,2024-08-28 22:00:00,25.6,23.5,88,24.011273963362378
5783,2024-08-28 23:00:00,25.4,23.6,90,24.08868506610461
5784,2024-08-29 00:00:00,25.3,24.0,92,24.26257652127417
5785,2024-08-29 01:00:00,25.2,24.2,94,24.435037067641975
5786,2024-08-29 02:00:00,25.0,24.2,96,24.506318681246437
5787,2024-08-29 03:00:00,25.2,24.3,94,24.435037067641975
5788,2024-08-29 04:00:00,24.8,24.1,96,24.30660961221891
5789,2024-08-29 05:00:00,24.6,23.9,96,24.106900497814898
5790,2024-08-29 06:00:00,24.8,23.3,92,23.76776977267913
5791,2024-08-29 07:00:00,24.5,23.0,91,23.33659981066636
5792,2024-08-29 08:00:00,24.9,23.4,91,23.731525458570307
5793,2024-08-29 09:00:00,26.6,23.8,85,24.57119793956796
5794,2024-08-29 10:00:00,27.8,24.5,82,25.307008505349135
5795,2024-08-29 11:00:00,29.0,24.6,77,25.72306796198307
5796,2024-08-29 12:00:00,28.1,23.6,77,24.86635940692182
5797,2024-08-29 13:00:00,27.9,23.8,79,24.968122480716538
5798,2024-08-29 14:00:00,28.4,24.6,80,25.59363562057946
5799,2024-08-29 15:00:00,27.2,24.1,83,24.87049299571567
5800,2024-08-29 16:00:00,27.6,23.5,78,24.535854333303064
5801,2024-08-29 17:00:00,28.1,23.6,77,24.86635940692182
5802,2024-08-29 18:00:00,27.6,23.5,78,24.535854333303064
5803,2024-08-29 19:00:00,27.1,23.2,79,24.202233258174704
5804,2024-08-29 20:00:00,25.2,24.0,93,24.2993845615481
5805,2024-08-29 21:00:00,24.9,24.0,95,24.271676431766206
5806,2024-08-29 22:00:00,24.5,23.9,96,24.00704592352611
5807,2024-08-29 23:00:00,24.5,23.9,96,24.00704592352611
5808,2024-08-30 00:00:00,24.5,23.6,95,23.873135730815928
5809,2024-08-30 01:00:00,24.0,23.5,97,23.640526100761303
5810,2024-08-30 02:00:00,24.0,23.2,96,23.507772880075336
5811,2024-08-30 03:00:00,23.6,23.0,96,23.108354237180855
5812,2024-08-30 04:00:00,23.6,23.0,96,23.108354237180855
5813,2024-08-30 05:00:00,23.6,23.1,97,23.240240026934895
5814,2024-08-30 06:00:00,23.8,23.1,96,23.308063581889193
5815,2024-08-30 07:00:00,23.8,23.2,97,23.44038308653634
5816,2024-08-30 08:00:00,23.8,23.2,97,23.44038308653634
5817,2024-08-30 09:00:00,24.2,23.2,94,23.440904849481168
5818,2024-08-30 10:00:00,25.0,23.5,91,23.830256838351783
5819,2024-08-30 11:00:00,25.9,24.1,90,24.58117766880238
5820,2024-08-30 12:00:00,26.5,24.3,88,24.893493000859365
5821,2024-08-30 13:00:00,28.0,24.7,83,25.64477930119384
5822,2024-08-30 14:00:00,28.0,24.4,81,25.355017867546064
5823,2024-08-30 15:00:00,28.0,23.9,78,24.917713848739805
5824,2024-08-30 16:00:00,27.6,23.5,78,24.535854333303064
5825,2024-08-30 17:00:00,28.0,23.8,78,24.917713848739805
5826,2024-08-30 18:00:00,27.9,23.6,78,24.822248995183966
5827,2024-08-30 19:00:00,27.0,23.6,82,24.53478021458787
5828,2024-08-30 20:00:00,26.5,23.2,82,24.052137032387748
5829,2024-08-30 21:00:00,25.8,23.4,87,24.069372751696342
5830,2024-08-30 22:00:00,25.6,23.5,88,24.011273963362378
5831,2024-08-30 23:00:00,25.1,23.4,90,23.793189348609133
5832,2024-08-31 00:00:00,24.7,23.2,92,23.668808385438982
5833,2024-08-31 01:00:00,24.3,23.4,95,23.673865310147928
5834,2024-08-31 02:00:00,24.4,23.5,94,23.639731389012045
5835,2024-08-31 03:00:00,24.1,23.1,94,23.341491561567256
5836,2024-08-31 04:00:00,23.6,22.9,95,22.976418465258416
5837,2024-08-31 05:00:00,23.5,22.8,96,23.00849954730787
5838,2024-08-31 06:00:00,23.6,23.1,97,23.240240026934895
5839,2024-08-31 07:00:00,23.5,23.1,97,23.14016848004739
5840,2024-08-31 08:00:00,24.4,23.2,94,23.639731389012045
5841,2024-08-31 09:00:00,25.0,23.5,91,23.830256838351783
5842,2024-08-31 10:00:00,26.1,23.8,87,24.36272136514309
5843,2024-08-31 11:00:00,27.6,24.6,84,25.40101563792773
5844,2024-08-31 12:00:00,28.3,24.3,79,25.351066697646193
5845,2024-08-31 13:00:00,28.8,24.5,78,25.681432076728765
5846,2024-08-31 14:00:00,29.1,24.1,74,25.366718456953205
5847,2024-08-31 15:00:00,29.9,24.2,72,25.81317880713077
5848,2024-08-31 16:00:00,29.5,24.1,73,25.591398580638945
5849,2024-08-31 17:00:00,29.1,24.2,75,25.517723848335375
5850,2024-08-31 18:00:00,28.0,23.5,77,24.771169481998566
5851,2024-08-31 19:00:00,27.0,23.8,83,24.676921270731526
5852,2024-08-31 20:00:00,26.2,23.9,87,24.46050420859876
5853,2024-08-31 21:00:00,25.4,23.8,91,24.225182229695253
5854,2024-08-31 22:00:00,24.9,23.7,93,24.001818753626168
5855,2024-08-31 23:00:00,24.5,23.6,94,23.739144640690267
5856,2024-09-01 00:00:00,24.3,23.6,96,23.80733674063295
5857,2024-09-01 01:00:00,24.2,23.8,97,23.840669069834394
5858,2024-09-01 02:00:00,24.1,23.8,98,23.87351285538151
5859,2024-09-01 03:00:00,24.1,23.7,98,23.87351285538151
5860,2024-09-01 04:00:00,24.0,23.6,98,23.773226979929863
5861,2024-09-01 05:00:00,24.0,23.5,97,23.640526100761303
5862,2024-09-01 06:00:00,23.9,23.2,96,23.40791823678299
5863,2024-09-01 07:00:00,23.6,23.1,97,23.240240026934895
5864,2024-09-01 08:00:00,24.4,23.5,95,23.77350052635582
5865,2024-09-01 09:00:00,25.0,23.8,93,24.101007368427396
5866,2024-09-01 10:00:00,26.0,23.7,87,24.264938507865303
5867,2024-09-01 11:00:00,27.6,24.4,83,25.25763626670152
5868,2024-09-01 12:00:00,28.3,24.4,79,25.351066697646193
5869,2024-09-01 13:00:00,29.3,25.1,78,26.158755434213937
5870,2024-09-01 14:00:00,29.7,24.9,75,26.085494578473792
5871,2024-09-01 15:00:00,29.7,24.9,75,26.085494578473792
5872,2024-09-01 16:00:00,27.4,24.1,82,24.920894482148817
5873,2024-09-01 17:00:00,27.4,24.4,84,25.206936061870618
5874,2024-09-01 18:00:00,27.6,24.2,82,25.113951524126858
5875,2024-09-01 19:00:00,27.0,24.2,85,24.960360525495048
5876,2024-09-01 20:00:00,25.4,24.5,95,24.769852047135462
5877,2024-09-01 21:00:00,24.9,24.1,96,24.40646415239066
5878,2024-09-01 22:00:00,25.0,24.0,94,24.236210719425056
5879,2024-09-01 23:00:00,24.8,24.0,95,24.17204127400362
5880,2024-09-02 00:00:00,24.8,24.1,96,24.30660961221891
5881,2024-09-02 01:00:00,24.8,24.1,96,24.30660961221891
5882,2024-09-02 02:00:00,24.8,24.0,96,24.30660961221891
5883,2024-09-02 03:00:00,24.5,24.0,97,24.140883439271978
5884,2024-09-02 04:00:00,24.6,24.1,97,24.24095487341604
5885,2024-09-02 05:00:00,24.5,23.9,97,24.140883439271978
5886,2024-09-02 06:00:00,24.2,23.6,96,23.70748213197148
5887,2024-09-02 07:00:00,24.0,23.5,96,23.507772880075336
5888,2024-09-02 08:00:00,25.3,24.1,93,24.39857313992925
5889,2024-09-02 09:00:00,26.3,24.0,87,24.558287038268908
5890,2024-09-02 10:00:00,27.1,24.0,83,24.77370714071506
5891,2024-09-02 11:00:00,27.8,24.1,81,25.162482253496165
5892,2024-09-02 12:00:00,28.7,23.8,75,25.13920967440566
5893,2024-09-02 13:00:00,29.5,24.7,75,25.896237738653447
5894,2024-09-02 14:00:00,29.0,24.7,78,25.87236146864669
5895,2024-09-02 15:00:00,26.9,24.4,86,25.00414787097687
5896,2024-09-02 16:00:00,27.0,24.4,86,25.10168609588793
5897,2024-09-02 17:00:00,26.9,24.5,87,25.144983728826904
5898,2024-09-02 18:00:00,26.7,24.5,88,25.089541528420867
5899,2024-09-02 19:00:00,26.5,24.4,88,24.893493000859365
5900,2024-09-02 20:00:00,26.0,23.3,85,23.987453628286733
5901,2024-09-02 21:00:00,25.4,23.4,88,23.81522513923519
5902,2024-09-02 22:00:00,25.1,23.5,91,23.928988205322003
5903,2024-09-02 23:00:00,25.1,23.5,91,23.928988205322003
5904,2024-09-03 00:00:00,25.2,23.5,91,24.027719559514033
5905,2024-09-03 01:00:00,25.1,23.5,91,23.928988205322003
5906,2024-09-03 02:00:00,25.0,23.5,91,23.830256838351783
5907,2024-09-03 03:00:00,24.9,23.4,92,23.86673114736944
5908,2024-09-03 04:00:00,24.5,23.3,93,23.60506417209106
5909,2024-09-03 05:00:00,24.5,23.1,92,23.470885573179924
5910,2024-09-03 06:00:00,24.5,23.0,92,23.470885573179924
5911,2024-09-03 07:00:00,24.2,23.0,93,23.30749810661632
5912,2024-09-03 08:00:00,25.2,24.0,93,24.2993845615481
5913,2024-09-03 09:00:00,26.0,24.2,90,24.679676150675046
5914,2024-09-03 10:00:00,27.2,24.6,86,25.296762504170243
5915,2024-09-03 11:00:00,29.0,25.1,80,26.16965711589468
5916,2024-09-03 12:00:00,30.3,24.5,71,26.031985463438392
5917,2024-09-03 13:00:00,31.2,23.5,64,25.74012739856894
5918,2024-09-03 14:00:00,30.5,23.9,68,25.744447809448094
5919,2024-09-03 15:00:00,29.9,23.9,70,25.50250800283146
5920,2024-09-03 16:00:00,30.0,24.0,71,25.751612610104797
5921,2024-09-03 17:00:00,29.9,24.1,72,25.81317880713077
5922,2024-09-03 18:00:00,29.4,24.3,74,25.649744393153046
5923,2024-09-03 19:00:00,28.6,24.8,80,25.78564284801937
5924,2024-09-03 20:00:00,27.2,24.9,87,25.43833189092637
5925,2024-09-03 21:00:00,27.0,24.5,86,25.10168609588793
5926,2024-09-03 22:00:00,26.8,24.1,85,24.765779261151295
5927,2024-09-03 23:00:00,26.5,24.0,86,24.61399483200513
5928,2024-09-04 00:00:00,26.0,24.0,88,24.40337144821836
5929,2024-09-04 01:00:00,25.4,23.8,91,24.225182229695253
5930,2024-09-04 02:00:00,25.5,23.5,89,24.05029912945299
5931,2024-09-04 03:00:00,25.8,23.0,85,23.792872074640186
5932,2024-09-04 04:00:00,25.2,22.6,86,23.34599589085975
5933,2024-09-04 05:00:00,25.1,22.7,87,23.38489216426707
5934,2024-09-04 06:00:00,24.6,23.0,90,23.300696223375212
5935,2024-09-04 07:00:00,24.9,23.1,90,23.596192138098267
5936,2024-09-04 08:00:00,24.5,23.0,92,23.470885573179924
5937,2024-09-04 09:00:00,24.6,23.4,93,23.704252835886777
5938,2024-09-04 10:00:00,24.2,23.3,95,23.574230082162668
5939,2024-09-04 11:00:00,25.2,24.0,93,24.2993845615481
5940,2024-09-04 12:00:00,27.0,24.2,85,24.960360525495048
5941,2024-09-04 13:00:00,28.2,25.1,83,25.838350730552364
5942,2024-09-04 14:00:00,29.3,25.7,81,26.60649786837349
5943,2024-09-04 15:00:00,29.2,24.9,77,25.913447454971635
5944,2024-09-04 16:00:00,28.5,23.5,75,24.949952480058986
5945,2024-09-04 17:00:00,28.4,24.5,79,25.44680271129854
5946,2024-09-04 18:00:00,27.4,24.4,84,25.206936061870618
5947,2024-09-04 19:00:00,26.4,23.9,86,24.516456537244405
5948,2024-09-04 20:00:00,25.0,24.0,95,24.371311577927347
5949,2024-09-04 21:00:00,24.9,24.0,95,24.271676431766206
5950,2024-09-04 22:00:00,25.1,24.0,94,24.335623899451907
5951,2024-09-04 23:00:00,25.4,24.0,92,24.36153783369573
5952,2024-09-05 00:00:00,24.9,24.0,94,24.136797527531552
5953,2024-09-05 01:00:00,24.9,23.9,94,24.136797527531552
5954,2024-09-05 02:00:00,24.7,24.0,96,24.206755060703063
5955,2024-09-05 03:00:00,24.5,24.0,97,24.140883439271978
5956,2024-09-05 04:00:00,24.3,24.0,98,24.07408457335485
5957,2024-09-05 05:00:00,24.7,23.9,95,24.07240610461051
5958,2024-09-05 06:00:00,24.7,23.9,95,24.07240610461051
5959,2024-09-05 07:00:00,24.5,23.6,95,23.873135730815928
5960,2024-09-05 08:00:00,25.4,24.2,93,24.49776170623187
5961,2024-09-05 09:00:00,25.0,23.8,93,24.101007368427396
5962,2024-09-05 10:00:00,26.4,24.5,90,25.07366995038328
5963,2024-09-05 11:00:00,26.4,25.0,92,25.35115028336447
5964,2024-09-05 12:00:00,28.4,25.2,83,26.031922101739852
5965,2024-09-05 13:00:00,28.1,25.0,83,25.741565023164114
5966,2024-09-05 14:00:00,27.4,24.2,83,25.064064660930928
5967,2024-09-05 15:00:00,28.1,24.8,82,25.596593863989686
5968,2024-09-05 16:00:00,27.4,24.6,85,25.349522883685868
5969,2024-09-05 17:00:00,27.6,24.5,83,25.25763626670152
5970,2024-09-05 18:00:00,27.2,24.2,84,25.012856427955192
5971,2024-09-05 19:00:00,26.4,23.8,86,24.516456537244405
5972,2024-09-05 20:00:00,25.0,24.1,95,24.371311577927347
5973,2024-09-05 21:00:00,24.8,23.9,94,24.03738432374144
5974,2024-09-05 22:00:00,24.6,23.9,96,24.106900497814898
5975,2024-09-05 23:00:00,24.4,23.6,95,23.77350052635582
5976,2024-09-06 00:00:00,24.5,23.6,95,23.873135730815928
5977,2024-09-06 01:00:00,24.2,23.5,96,23.70748213197148
5978,2024-09-06 02:00:00,24.2,23.5,96,23.70748213197148
5979,2024-09-06 03:00:00,24.1,23.5,96,23.607627511795208
5980,2024-09-06 04:00:00,24.1,23.5,96,23.607627511795208
5981,2024-09-06 05:00:00,24.1,23.5,96,23.607627511795208
5982,2024-09-06 06:00:00,24.0,23.4,96,23.507772880075336
5983,2024-09-06 07:00:00,23.9,23.1,96,23.40791823678299
5984,2024-09-06 08:00:00,24.0,23.4,96,23.507772880075336
5985,2024-09-06 09:00:00,24.3,23.3,94,23.540318125285875
5986,2024-09-06 10:00:00,25.1,23.0,88,23.52115180010784
5987,2024-09-06 11:00:00,25.4,23.2,88,23.81522513923519
5988,2024-09-06 12:00:00,26.2,23.6,85,24.18203512344727
5989,2024-09-06 13:00:00,27.8,23.5,78,24.726784124791116
5990,2024-09-06 14:00:00,28.6,24.1,77,25.342308774150922
5991,2024-09-06 15:00:00,29.1,23.5,72,25.06312531237916
5992,2024-09-06 16:00:00,29.3,23.1,69,24.789132553339048
5993,2024-09-06 17:00:00,29.2,22.9,69,24.696285802798087
5994,2024-09-06 18:00:00,29.2,22.5,67,24.38604877943955
5995,2024-09-06 19:00:00,28.4,22.6,71,24.25628773704041
5996,2024-09-06 20:00:00,25.2,22.5,85,23.209127059600508
5997,2024-09-06 21:00:00,25.0,21.9,83,22.741200660559127
5998,2024-09-06 22:00:00,24.1,21.0,82,21.73544421204321
5999,2024-09-06 23:00:00,23.5,20.0,81,21.02295094030664
6000,2024-09-07 00:00:00,22.9,19.2,80,20.313410990611853
6001,2024-09-07 01:00:00,22.6,18.1,76,19.498972633223854
6002,2024-09-07 02:00:00,22.3,17.4,74,18.95141688377406
6003,2024-09-07 03:00:00,22.0,17.0,74,18.668386638933093
6004,2024-09-07 04:00:00,21.7,17.0,75,18.515162018345563
6005,2024-09-07 05:00:00,21.6,17.1,76,18.54984867710127
6006,2024-09-07 06:00:00,21.6,17.2,76,18.54984867710127
6007,2024-09-07 07:00:00,21.6,17.4,77,18.67897606237568
6008,2024-09-07 08:00:00,21.9,17.9,78,19.094325150619945
6009,2024-09-07 09:00:00,23.4,19.2,78,20.526312402786143
6010,2024-09-07 10:00:00,25.1,20.0,73,21.45311896859176
6011,2024-09-07 11:00:00,25.6,20.4,73,21.923379981840494
6012,2024-09-07 12:00:00,27.8,20.5,64,22.63807112412933
6013,2024-09-07 13:00:00,28.6,20.7,62,23.054390848921077
6014,2024-09-07 14:00:00,29.4,20.4,58,23.13016326314043
6015,2024-09-07 15:00:00,29.9,19.8,55,23.073097539709313
6016,2024-09-07 16:00:00,30.0,19.2,52,22.646523861953465
6017,2024-09-07 17:00:00,29.6,19.4,54,22.640398471800957
6018,2024-09-07 18:00:00,28.8,19.8,58,22.59537264678548
6019,2024-09-07 19:00:00,27.1,19.2,62,21.696020966541024
6020,2024-09-07 20:00:00,25.8,18.0,62,20.518761934054833
6021,2024-09-07 21:00:00,25.1,17.9,64,20.1746523481679
6022,2024-09-07 22:00:00,24.5,17.7,66,19.910778510408313
6023,2024-09-07 23:00:00,23.9,17.4,67,19.498491891045852
6024,2024-09-08 00:00:00,23.3,17.1,68,19.081929787136037
6025,2024-09-08 01:00:00,22.9,17.1,70,18.981649226423826
6026,2024-09-08 02:00:00,22.4,17.0,72,18.781375634344062
6027,2024-09-08 03:00:00,22.0,16.6,71,18.274933418577746
6028,2024-09-08 04:00:00,21.7,16.2,71,17.994555089857958
6029,2024-09-08 05:00:00,21.4,15.6,70,17.58430731830154
6030,2024-09-08 06:00:00,21.0,14.8,68,16.95359812576127
6031,2024-09-08 07:00:00,20.5,14.1,66,16.23488483901462
6032,2024-09-08 08:00:00,20.5,14.4,68,16.490915383483493
6033,2024-09-08 09:00:00,21.5,15.0,66,17.15386263547734
6034,2024-09-08 10:00:00,22.7,15.2,63,17.848416422143035
6035,2024-09-08 11:00:00,24.1,15.9,60,18.693960112160266
6036,2024-09-08 12:00:00,25.6,16.9,58,19.743136858154116
6037,2024-09-08 13:00:00,26.9,17.4,56,20.59030417663124
6038,2024-09-08 14:00:00,27.8,17.8,55,21.225127087039926
6039,2024-09-08 15:00:00,28.1,17.9,54,21.326282711787055
6040,2024-09-08 16:00:00,28.4,17.9,53,21.423964254987467
6041,2024-09-08 17:00:00,28.4,17.8,52,21.257644630912676
6042,2024-09-08 18:00:00,27.9,18.6,57,21.634142515522647
6043,2024-09-08 19:00:00,26.5,18.6,62,21.152671250343932
6044,2024-09-08 20:00:00,25.0,16.3,59,19.355865695240933
6045,2024-09-08 21:00:00,24.1,15.3,58,18.406139501893726
6046,2024-09-08 22:00:00,23.4,14.1,56,17.496861438808626
6047,2024-09-08 23:00:00,22.7,13.5,56,16.878167217590384
6048,2024-09-09 00:00:00,22.1,13.2,57,16.485958817254122
6049,2024-09-09 01:00:00,21.5,12.9,58,16.08865788733763
6050,2024-09-09 02:00:00,20.9,12.6,59,15.686405281564014
6051,2024-09-09 03:00:00,20.5,12.2,59,15.328405771181377
6052,2024-09-09 04:00:00,20.1,11.8,59,14.970405624117337
6053,2024-09-09 05:00:00,19.9,11.6,59,14.791405308804379
6054,2024-09-09 06:00:00,19.5,11.4,59,14.433404188457907
6055,2024-09-09 07:00:00,19.4,11.6,60,14.470601822005047
6056,2024-09-09 08:00:00,19.9,12.9,64,15.430230414975433
6057,2024-09-09 09:00:00,21.3,14.2,64,16.707583122363832
6058,2024-09-09 10:00:00,22.8,15.1,62,17.801990880126894
6059,2024-09-09 11:00:00,24.7,16.2,59,19.087370620537808
6060,2024-09-09 12:00:00,26.4,17.1,57,20.302727209819764
6061,2024-09-09 13:00:00,27.8,17.9,55,21.225127087039926
6062,2024-09-09 14:00:00,28.5,18.5,55,21.841118907011694
6063,2024-09-09 15:00:00,29.1,18.6,53,22.034434164048232
6064,2024-09-09 16:00:00,29.5,18.8,53,22.383273314268337
6065,2024-09-09 17:00:00,29.5,18.8,52,22.212500125555067
6066,2024-09-09 18:00:00,29.1,19.8,57,22.69926944699349
6067,2024-09-09 19:00:00,27.8,20.5,65,22.791056854810073
6068,2024-09-09 20:00:00,27.3,19.6,63,22.02986942507386
6069,2024-09-09 21:00:00,26.1,18.8,64,21.087031978799672
6070,2024-09-09 22:00:00,25.9,17.8,61,20.46070934623681
6071,2024-09-09 23:00:00,24.9,16.5,60,19.412821849431904
6072,2024-09-10 00:00:00,24.4,15.8,59,18.81887523894822
6073,2024-09-10 01:00:00,24.0,15.6,60,18.60410224498537
6074,2024-09-10 02:00:00,23.6,15.6,61,18.385854408498243
6075,2024-09-10 03:00:00,23.2,15.4,62,18.164228659676073
6076,2024-09-10 04:00:00,23.0,15.4,62,17.98310983501714
6077,2024-09-10 05:00:00,22.8,15.9,65,18.21256450421009
6078,2024-09-10 06:00:00,22.4,15.8,66,17.980940097204165
6079,2024-09-10 07:00:00,22.3,15.6,66,17.889042718556766
6080,2024-09-10 08:00:00,23.1,17.5,71,19.302985392671125
6081,2024-09-10 09:00:00,24.3,19.5,74,20.838280121971714
6082,2024-09-10 10:00:00,23.8,21.0,84,21.71349348705625
6083,2024-09-10 11:00:00,25.3,22.1,83,23.031559148410334
6084,2024-09-10 12:00:00,27.9,23.6,77,24.675979539801677
6085,2024-09-10 13:00:00,28.5,23.8,76,25.098763500782713
6086,2024-09-10 14:00:00,29.6,24.4,73,25.685449953902573
6087,2024-09-10 15:00:00,30.0,24.1,71,25.751612610104797
6088,2024-09-10 16:00:00,30.2,24.1,70,25.781971024435077
6089,2024-09-10 17:00:00,28.0,23.6,77,24.771169481998566
6090,2024-09-10 18:00:00,26.9,23.2,80,24.153579388829545
6091,2024-09-10 19:00:00,26.4,23.4,83,24.096205733888187
6092,2024-09-10 20:00:00,24.2,23.2,94,23.440904849481168
6093,2024-09-10 21:00:00,24.5,23.1,92,23.470885573179924
6094,2024-09-10 22:00:00,24.1,22.9,93,23.20830939332344
6095,2024-09-10 23:00:00,23.8,22.8,94,23.043251624861927
6096,2024-09-11 00:00:00,23.5,22.5,94,22.745011578059245
6097,2024-09-11 01:00:00,23.6,22.6,94,22.84442493927852
6098,2024-09-11 02:00:00,23.8,22.8,94,23.043251624861927
6099,2024-09-11 03:00:00,23.8,22.8,94,23.043251624861927
6100,2024-09-11 04:00:00,23.6,22.5,94,22.84442493927852
6101,2024-09-11 05:00:00,23.5,22.4,94,22.745011578059245
6102,2024-09-11 06:00:00,23.1,22.4,95,22.47824178846359
6103,2024-09-11 07:00:00,22.9,22.2,96,22.409371160950283
6104,2024-09-11 08:00:00,23.5,22.8,96,23.00849954730787
6105,2024-09-11 09:00:00,24.5,23.1,92,23.470885573179924
6106,2024-09-11 10:00:00,26.0,23.3,85,23.987453628286733
6107,2024-09-11 11:00:00,27.2,24.2,84,25.012856427955192
6108,2024-09-11 12:00:00,27.8,24.1,81,25.162482253496165
6109,2024-09-11 13:00:00,28.6,24.5,78,25.490502619150735
6110,2024-09-11 14:00:00,29.7,24.1,72,25.625665547954807
6111,2024-09-11 15:00:00,30.1,24.0,70,25.688816703856652
6112,2024-09-11 16:00:00,30.2,24.0,69,25.624752368535365
6113,2024-09-11 17:00:00,28.2,23.4,75,24.666066553141267
6114,2024-09-11 18:00:00,28.5,23.5,75,24.949952480058986
6115,2024-09-11 19:00:00,27.2,23.5,80,24.441590924930946
6116,2024-09-11 20:00:00,23.8,22.5,93,22.910743178595023
6117,2024-09-11 21:00:00,23.5,22.6,95,22.876783153995458
6118,2024-09-11 22:00:00,23.2,22.6,96,22.708935407260977
6119,2024-09-11 23:00:00,23.2,22.6,96,22.708935407260977
6120,2024-09-12 00:00:00,23.0,22.5,97,22.639810573603032
6121,2024-09-12 01:00:00,22.6,22.2,98,22.36922355481354
6122,2024-09-12 02:00:00,22.1,21.9,98,21.867793222585124
6123,2024-09-12 03:00:00,21.8,21.5,98,21.566934884953877
6124,2024-09-12 04:00:00,21.5,21.2,98,21.266076442647314
6125,2024-09-12 05:00:00,20.7,20.5,99,20.58944827313421
6126,2024-09-12 06:00:00,20.4,20.3,99,20.28795359190955
6127,2024-09-12 07:00:00,20.0,20.0,100,19.88596051900174
6128,2024-09-12 08:00:00,22.9,22.2,96,22.409371160950283
6129,2024-09-12 09:00:00,23.4,22.4,94,22.64559820451308
6130,2024-09-12 10:00:00,24.0,22.2,90,22.709704034247675
6131,2024-09-12 11:00:00,25.2,22.0,83,22.934773001593964
6132,2024-09-12 12:00:00,27.1,22.0,74,23.47987461506948
6133,2024-09-12 13:00:00,28.2,21.9,68,23.616156465259483
6134,2024-09-12 14:00:00,28.9,21.1,63,23.484273915877825
6135,2024-09-12 15:00:00,29.6,21.0,60,23.63609416051708
6136,2024-09-12 16:00:00,30.0,20.4,56,23.330174468473825
6137,2024-09-12 17:00:00,30.1,20.5,56,23.418556859950936
6138,2024-09-12 18:00:00,29.7,21.1,60,23.725950314931605
6139,2024-09-12 19:00:00,27.9,21.5,68,23.3385523882847
6140,2024-09-12 20:00:00,25.8,20.6,73,22.11148424067438
6141,2024-09-12 21:00:00,24.7,19.9,75,21.35405158557813
6142,2024-09-12 22:00:00,23.9,19.1,75,20.597016213111278
6143,2024-09-12 23:00:00,22.9,18.8,78,20.04898380782188
6144,2024-09-13 00:00:00,21.6,19.1,86,19.834601105080683
6145,2024-09-13 01:00:00,21.1,19.0,88,19.60016165488692
6146,2024-09-13 02:00:00,21.9,18.5,82,19.611800667265637
6147,2024-09-13 03:00:00,21.6,18.5,83,19.450460850923612
6148,2024-09-13 04:00:00,20.2,18.6,91,19.091135521023507
6149,2024-09-13 05:00:00,20.2,18.6,90,18.96674189137304
6150,2024-09-13 06:00:00,19.9,18.6,92,18.918646379915195
6151,2024-09-13 07:00:00,19.9,18.5,92,18.918646379915195
6152,2024-09-13 08:00:00,21.1,19.3,89,19.726716927298487
6153,2024-09-13 09:00:00,24.0,21.0,83,21.773337995826093
6154,2024-09-13 10:00:00,26.2,21.8,76,22.915802040973812
6155,2024-09-13 11:00:00,27.9,22.8,74,24.234613055480324
6156,2024-09-13 12:00:00,29.1,23.7,73,25.215192901354207
6157,2024-09-13 13:00:00,30.4,23.5,67,25.492656277539158
6158,2024-09-13 14:00:00,31.5,22.4,59,25.173189533816835
6159,2024-09-13 15:00:00,32.2,22.1,55,25.097048673725546
6160,2024-09-13 16:00:00,32.7,21.8,53,25.17396667566314
6161,2024-09-13 17:00:00,32.7,21.4,51,24.80496337385425
6162,2024-09-13 18:00:00,32.2,22.3,56,25.27458000874017
6163,2024-09-13 19:00:00,29.6,23.8,71,25.377781867008917
6164,2024-09-13 20:00:00,28.5,24.9,81,25.83635663319142
6165,2024-09-13 21:00:00,27.6,24.9,85,25.544103978138544
6166,2024-09-13 22:00:00,26.9,24.5,87,25.144983728826904
6167,2024-09-13 23:00:00,26.3,24.5,90,24.975171519557673
6168,2024-09-14 00:00:00,25.8,24.3,91,24.620107418162082
6169,2024-09-14 01:00:00,25.3,23.9,92,24.26257652127417
6170,2024-09-14 02:00:00,24.9,23.5,92,23.86673114736944
6171,2024-09-14 03:00:00,24.5,23.4,93,23.60506417209106
6172,2024-09-14 04:00:00,24.4,23.4,94,23.639731389012045
6173,2024-09-14 05:00:00,24.2,23.4,95,23.574230082162668
6174,2024-09-14 06:00:00,24.2,23.5,96,23.70748213197148
6175,2024-09-14 07:00:00,24.4,23.8,96,23.907191337808293
6176,2024-09-14 08:00:00,26.4,25.2,93,25.48964671161499
6177,2024-09-14 09:00:00,27.4,25.1,87,25.63389726513402
6178,2024-09-14 10:00:00,29.0,24.9,78,25.87236146864669
6179,2024-09-14 11:00:00,30.0,25.2,76,26.5224289839496
6180,2024-09-14 12:00:00,31.0,25.1,71,26.68618811725398
6181,2024-09-14 13:00:00,32.0,24.0,63,26.302164139836215
6182,2024-09-14 14:00:00,32.5,23.2,58,25.893231412170966
6183,2024-09-14 15:00:00,32.8,23.0,56,25.80486993527349
6184,2024-09-14 16:00:00,32.8,23.0,56,25.80486993527349
6185,2024-09-14 17:00:00,32.3,23.1,58,25.71496976278516
6186,2024-09-14 18:00:00,32.1,23.3,60,25.8824899171494
6187,2024-09-14 19:00:00,30.7,25.6,74,26.876188253497517
6188,2024-09-14 20:00:00,29.3,24.5,75,25.706980828741948
6189,2024-09-14 21:00:00,28.5,24.1,77,25.24711893486076
6190,2024-09-14 22:00:00,27.9,23.4,77,24.675979539801677
6191,2024-09-14 23:00:00,27.4,23.2,78,24.344924473891222
6192,2024-09-15 00:00:00,26.9,22.9,79,24.010760786058473
6193,2024-09-15 01:00:00,26.0,22.9,83,23.709061737763808
6194,2024-09-15 02:00:00,25.4,23.3,88,23.81522513923519
6195,2024-09-15 03:00:00,25.5,24.0,92,24.46049913375888
6196,2024-09-15 04:00:00,25.6,24.3,93,24.69613880272373
6197,2024-09-15 05:00:00,25.4,24.4,94,24.633863368630703
6198,2024-09-15 06:00:00,25.1,24.4,96,24.606173198814272
6199,2024-09-15 07:00:00,24.4,24.0,98,24.174370415930344
6200,2024-09-15 08:00:00,25.5,24.3,93,24.59695026048654
6201,2024-09-15 09:00:00,26.8,24.4,87,25.0472009811086
6202,2024-09-15 10:00:00,28.0,24.8,83,25.64477930119384
6203,2024-09-15 11:00:00,27.7,23.8,79,24.776650274220703
6204,2024-09-15 12:00:00,29.0,24.5,76,25.5733190916518
6205,2024-09-15 13:00:00,29.4,24.0,73,25.49734718880685
6206,2024-09-15 14:00:00,30.9,23.2,64,25.466417671909625
6207,2024-09-15 15:00:00,31.5,22.5,59,25.173189533816835
6208,2024-09-15 16:00:00,31.9,22.0,56,25.009434653386965
6209,2024-09-15 17:00:00,31.4,22.0,57,24.74075027809263
6210,2024-09-15 18:00:00,28.0,22.9,74,24.328955274900295
6211,2024-09-15 19:00:00,27.1,23.4,80,24.345587095856484
6212,2024-09-15 20:00:00,27.5,24.5,83,25.160850471226638
6213,2024-09-15 21:00:00,27.0,24.1,84,24.81877673586873
6214,2024-09-15 22:00:00,26.5,23.5,84,24.33357724908168
6215,2024-09-15 23:00:00,26.1,23.3,85,24.084744383158014
6216,2024-09-16 00:00:00,25.2,23.6,91,24.027719559514033
6217,2024-09-16 01:00:00,24.9,24.0,95,24.271676431766206
6218,2024-09-16 02:00:00,25.0,24.0,94,24.236210719425056
6219,2024-09-16 03:00:00,24.8,23.8,94,24.03738432374144
6220,2024-09-16 04:00:00,24.3,23.5,95,23.673865310147928
6221,2024-09-16 05:00:00,24.0,23.5,97,23.640526100761303
6222,2024-09-16 06:00:00,23.5,23.2,99,23.403393674157567
6223,2024-09-16 07:00:00,23.2,23.1,99,23.101899942553196
6224,2024-09-16 08:00:00,24.5,24.1,97,24.140883439271978
6225,2024-09-16 09:00:00,25.7,24.5,93,24.79532733297381
6226,2024-09-16 10:00:00,27.2,24.7,86,25.296762504170243
6227,2024-09-16 11:00:00,28.4,24.5,79,25.44680271129854
6228,2024-09-16 12:00:00,29.4,24.5,75,25.80160929248426
6229,2024-09-16 13:00:00,30.2,24.4,71,25.938527864972816
6230,2024-09-16 14:00:00,30.8,24.2,68,26.022050195273362
6231,2024-09-16 15:00:00,31.4,24.0,65,26.08753193971233
6232,2024-09-16 16:00:00,31.8,23.6,62,25.952226740045067
6233,2024-09-16 17:00:00,32.0,23.4,60,25.7926344029309
6234,2024-09-16 18:00:00,31.7,23.1,61,25.692883315006892
6235,2024-09-16 19:00:00,29.9,24.1,71,25.658154953587527
6236,2024-09-16 20:00:00,26.9,23.5,82,24.43825160920077
6237,2024-09-16 21:00:00,26.5,23.7,85,24.4739072572152
6238,2024-09-16 22:00:00,25.6,23.7,89,24.148562049885367
6239,2024-09-16 23:00:00,25.0,23.6,92,23.965692509542087
6240,2024-09-17 00:00:00,25.0,23.2,90,23.694690749927872
6241,2024-09-17 01:00:00,24.9,21.7,83,22.644414466252805
6242,2024-09-17 02:00:00,24.2,20.8,81,21.696830237330904
6243,2024-09-17 03:00:00,23.6,20.2,81,21.119219463478615
6244,2024-09-17 04:00:00,23.0,19.9,83,20.805473698639915
6245,2024-09-17 05:00:00,22.4,20.0,86,20.614912784222714
6246,2024-09-17 06:00:00,22.2,20.0,88,20.678436290406445
6247,2024-09-17 07:00:00,22.0,20.1,89,20.611088264842767
6248,2024-09-17 08:00:00,23.6,21.3,87,21.91814568909352
6249,2024-09-17 09:00:00,25.4,21.9,81,22.852049940502162
6250,2024-09-17 10:00:00,27.1,22.5,76,23.770005495431835
6251,2024-09-17 11:00:00,28.2,23.4,75,24.666066553141267
6252,2024-09-17 12:00:00,29.1,23.5,72,25.06312531237916
6253,2024-09-17 13:00:00,30.2,23.2,66,25.148853591198808
6254,2024-09-17 14:00:00,31.1,22.8,61,25.15162814318526
6255,2024-09-17 15:00:00,31.6,22.3,58,25.091053129754922
6256,2024-09-17 16:00:00,31.8,22.0,57,25.09578882512534
6257,2024-09-17 17:00:00,31.6,21.6,56,24.744289033062653
6258,2024-09-17 18:00:00,31.0,21.5,57,24.38571126794271
6259,2024-09-17 19:00:00,29.4,22.6,67,24.570483583829834
6260,2024-09-17 20:00:00,27.1,23.1,79,24.202233258174704
6261,2024-09-17 21:00:00,26.5,22.9,81,23.910999232857066
6262,2024-09-17 22:00:00,25.9,23.2,86,24.028764851456618
6263,2024-09-17 23:00:00,25.2,23.4,89,23.75551028808791
6264,2024-09-18 00:00:00,24.9,23.4,91,23.731525458570307
6265,2024-09-18 01:00:00,24.5,23.4,94,23.739144640690267
6266,2024-09-18 02:00:00,24.1,23.4,96,23.607627511795208
6267,2024-09-18 03:00:00,23.6,23.1,97,23.240240026934895
6268,2024-09-18 04:00:00,23.4,23.0,98,23.17151149500162
6269,2024-09-18 05:00:00,23.7,23.1,97,23.34031156242178
6270,2024-09-18 06:00:00,24.2,23.5,96,23.70748213197148
6271,2024-09-18 07:00:00,22.8,22.8,100,22.69990814686565
6272,2024-09-18 08:00:00,24.8,24.0,96,24.30660961221891
6273,2024-09-18 09:00:00,26.9,24.5,87,25.144983728826904
6274,2024-09-18 10:00:00,28.4,24.7,80,25.59363562057946
6275,2024-09-18 11:00:00,29.6,24.4,74,25.838428260092275
6276,2024-09-18 12:00:00,30.6,23.9,67,25.67709055444261
6277,2024-09-18 13:00:00,31.4,23.2,62,25.58999866436788
6278,2024-09-18 14:00:00,31.9,23.0,59,25.531174700052038
6279,2024-09-18 15:00:00,32.0,23.1,60,25.7926344029309
6280,2024-09-18 16:00:00,31.8,23.4,61,25.78309242198029
6281,2024-09-18 17:00:00,31.4,23.5,63,25.756767851595875
6282,2024-09-18 18:00:00,30.8,23.5,65,25.53812152539946
6283,2024-09-18 19:00:00,29.5,24.2,73,25.591398580638945
6284,2024-09-18 20:00:00,28.4,23.8,76,25.003852330240914
6285,2024-09-18 21:00:00,27.7,23.8,79,24.776650274220703
6286,2024-09-18 22:00:00,27.1,24.0,83,24.77370714071506
6287,2024-09-18 23:00:00,26.6,24.0,86,24.711533112721423
6288,2024-09-19 00:00:00,26.2,23.9,87,24.46050420859876
6289,2024-09-19 01:00:00,25.9,23.9,89,24.443350731602298
6290,2024-09-19 02:00:00,25.4,24.0,92,24.36153783369573
6291,2024-09-19 03:00:00,25.0,24.0,94,24.236210719425056
6292,2024-09-19 04:00:00,24.4,23.8,96,23.907191337808293
6293,2024-09-19 05:00:00,24.2,23.8,97,23.840669069834394
6294,2024-09-19 06:00:00,24.6,24.2,97,24.24095487341604
6295,2024-09-19 07:00:00,24.4,24.2,99,24.307874284391144
6296,2024-09-19 08:00:00,24.8,24.3,97,24.441097708366474
6297,2024-09-19 09:00:00,27.2,25.4,90,25.861656943246842
6298,2024-09-19 10:00:00,28.8,25.2,81,26.12515970947551
6299,2024-09-19 11:00:00,30.0,24.7,73,26.061655262353888
6300,2024-09-19 12:00:00,31.0,24.1,67,26.045958850685395
6301,2024-09-19 13:00:00,31.5,23.9,64,26.013836916649467
6302,2024-09-19 14:00:00,31.8,23.8,62,25.952226740045067
6303,2024-09-19 15:00:00,32.2,23.5,61,26.143928600480027
6304,2024-09-19 16:00:00,32.1,23.9,62,26.223897542130967
6305,2024-09-19 17:00:00,31.9,24.4,64,26.37878261968372
6306,2024-09-19 18:00:00,31.0,24.1,67,26.045958850685395
6307,2024-09-19 19:00:00,29.2,24.4,75,25.61235234737591
6308,2024-09-19 20:00:00,28.3,24.9,82,25.789650694767
6309,2024-09-19 21:00:00,27.2,23.2,79,24.297969469096124
6310,2024-09-19 22:00:00,26.5,22.5,79,23.627815639398335
6311,2024-09-19 23:00:00,26.1,23.2,84,23.945417393114226
6312,2024-09-20 00:00:00,25.9,24.2,91,24.718838683823336
6313,2024-09-20 01:00:00,25.5,24.7,95,24.86948713572207
6314,2024-09-20 02:00:00,25.4,24.8,97,25.04152594847719
6315,2024-09-20 03:00:00,25.0,24.6,98,24.7760852433079
6316,2024-09-20 04:00:00,24.3,24.1,99,24.207376481725543
6317,2024-09-20 05:00:00,24.5,24.4,99,24.408372076414636
6318,2024-09-20 06:00:00,24.8,24.8,100,24.709865388890304
6319,2024-09-20 07:00:00,24.5,24.4,100,24.408372076414636
6320,2024-09-20 08:00:00,25.5,25.3,99,25.413349416974565
6321,2024-09-20 09:00:00,26.5,25.5,94,25.727407190372592
6322,2024-09-20 10:00:00,28.3,25.0,83,25.93513642339789
6323,2024-09-20 11:00:00,29.7,24.4,73,25.779501308651962
6324,2024-09-20 12:00:00,31.0,22.9,62,25.227770196029716
6325,2024-09-20 13:00:00,31.8,22.4,57,25.09578882512534
6326,2024-09-20 14:00:00,32.3,22.2,55,25.18504617787597
6327,2024-09-20 15:00:00,32.5,22.4,55,25.361041096123753
6328,2024-09-20 16:00:00,32.5,22.6,56,25.539725101816426
6329,2024-09-20 17:00:00,32.2,22.7,57,25.450826915270046
6330,2024-09-20 18:00:00,31.5,22.5,59,25.173189533816835
6331,2024-09-20 19:00:00,29.7,22.9,67,24.847135623183288
6332,2024-09-20 20:00:00,29.2,22.7,68,24.541501939102925
6333,2024-09-20 21:00:00,28.0,23.1,75,24.476809177650935
6334,2024-09-20 22:00:00,27.2,23.9,82,24.727837379081233
6335,2024-09-20 23:00:00,26.5,24.2,87,24.75385265639836
6336,2024-09-21 00:00:00,26.0,24.5,91,24.817569936966933
6337,2024-09-21 01:00:00,25.6,24.6,94,24.832689622628155
6338,2024-09-21 02:00:00,25.4,24.6,95,24.769852047135462
6339,2024-09-21 03:00:00,25.0,24.4,96,24.506318681246437
6340,2024-09-21 04:00:00,24.6,24.1,97,24.24095487341604
6341,2024-09-21 05:00:00,24.6,24.1,97,24.24095487341604
6342,2024-09-21 06:00:00,24.5,24.1,98,24.274656247600777
6343,2024-09-21 07:00:00,24.1,24.0,99,24.006380844364283
6344,2024-09-21 08:00:00,24.6,24.5,99,24.508869857821846
6345,2024-09-21 09:00:00,26.9,25.1,90,25.566161914967317
6346,2024-09-21 10:00:00,27.0,23.7,82,24.53478021458787
6347,2024-09-21 11:00:00,28.1,24.7,82,25.596593863989686
6348,2024-09-21 12:00:00,29.8,24.6,74,26.027112055097966
6349,2024-09-21 13:00:00,30.5,24.1,69,25.9032919359754
6350,2024-09-21 14:00:00,31.2,23.6,64,25.74012739856894
6351,2024-09-21 15:00:00,31.8,22.8,59,25.441678448646186
6352,2024-09-21 16:00:00,31.6,22.6,59,25.262685865617208
6353,2024-09-21 17:00:00,31.1,22.5,60,24.98393360930022
6354,2024-09-21 18:00:00,30.0,23.0,66,24.96506279893099
6355,2024-09-21 19:00:00,28.7,23.2,72,24.68809810240757
6356,2024-09-21 20:00:00,28.0,23.9,78,24.917713848739805
6357,2024-09-21 21:00:00,27.2,24.0,83,24.87049299571567
6358,2024-09-21 22:00:00,26.6,24.0,86,24.711533112721423
6359,2024-09-21 23:00:00,26.2,23.9,87,24.46050420859876
6360,2024-09-22 00:00:00,25.8,23.6,88,24.20732273292772
6361,2024-09-22 01:00:00,25.4,23.4,88,23.81522513923519
6362,2024-09-22 02:00:00,25.1,23.1,89,23.65724731415995
6363,2024-09-22 03:00:00,24.9,23.0,89,23.460721325882854
6364,2024-09-22 04:00:00,24.8,22.9,89,23.362458311462685
6365,2024-09-22 05:00:00,24.6,22.6,89,23.16593224188058
6366,2024-09-22 06:00:00,24.4,22.5,90,23.103698880518373
6367,2024-09-22 07:00:00,23.9,22.5,92,22.87711683182589
6368,2024-09-22 08:00:00,25.1,23.0,88,23.52115180010784
6369,2024-09-22 09:00:00,27.0,23.6,81,24.392339172789733
6370,2024-09-22 10:00:00,28.5,23.6,75,24.949952480058986
6371,2024-09-22 11:00:00,29.5,23.0,68,24.81910515356874
6372,2024-09-22 12:00:00,30.1,22.6,64,24.73652403259739
6373,2024-09-22 13:00:00,30.1,22.8,65,24.8971416727873
6374,2024-09-22 14:00:00,30.8,23.2,64,25.37518104966348
6375,2024-09-22 15:00:00,31.4,22.9,61,25.422255843155042
6376,2024-09-22 16:00:00,31.0,22.4,60,24.89407783447988
6377,2024-09-22 17:00:00,30.7,22.1,60,24.624510350464316
6378,2024-09-22 18:00:00,30.0,22.0,62,24.322197273686804
6379,2024-09-22 19:00:00,28.7,22.4,69,24.232051732060896
6380,2024-09-22 20:00:00,28.1,22.4,71,23.97591375053652
6381,2024-09-22 21:00:00,27.2,22.4,75,23.719778939414745
6382,2024-09-22 22:00:00,26.5,22.4,78,23.485739255525633
6383,2024-09-22 23:00:00,25.9,22.5,82,23.472964696626303
6384,2024-09-23 00:00:00,25.5,22.7,84,23.36317715884869
6385,2024-09-23 01:00:00,25.2,22.9,87,23.48267514761228
6386,2024-09-23 02:00:00,25.0,23.0,89,23.558984326770084
6387,2024-09-23 03:00:00,25.0,23.2,90,23.694690749927872
6388,2024-09-23 04:00:00,25.1,23.2,89,23.65724731415995
6389,2024-09-23 05:00:00,24.8,23.1,90,23.49769351308596
6390,2024-09-23 06:00:00,24.2,23.0,93,23.30749810661632
6391,2024-09-23 07:00:00,24.8,22.9,89,23.362458311462685
6392,2024-09-23 08:00:00,24.9,23.1,90,23.596192138098267
6393,2024-09-23 09:00:00,27.2,23.9,82,24.727837379081233
6394,2024-09-23 10:00:00,28.9,23.5,73,25.02708994920621
6395,2024-09-23 11:00:00,29.8,23.8,70,25.409353622264735
6396,2024-09-23 12:00:00,30.6,23.5,66,25.516434906770492
6397,2024-09-23 13:00:00,31.2,23.0,62,25.408884479597354
6398,2024-09-23 14:00:00,30.4,22.9,64,25.01023432523544
6399,2024-09-23 15:00:00,29.9,22.6,65,24.714004363896645
6400,2024-09-23 16:00:00,30.4,22.3,62,24.684426746129706
6401,2024-09-23 17:00:00,30.4,22.4,62,24.684426746129706
6402,2024-09-23 18:00:00,30.0,22.5,64,24.645287220491646
6403,2024-09-23 19:00:00,28.5,22.8,71,24.349745691739013
6404,2024-09-23 20:00:00,27.3,22.5,75,23.81440778418503
6405,2024-09-23 21:00:00,26.3,23.4,84,24.1394973509012
6406,2024-09-23 22:00:00,26.0,23.4,85,23.987453628286733
6407,2024-09-23 23:00:00,25.8,23.6,88,24.20732273292772
6408,2024-09-24 00:00:00,25.4,23.8,91,24.225182229695253
6409,2024-09-24 01:00:00,25.0,23.9,93,24.101007368427396
6410,2024-09-24 02:00:00,24.6,23.9,96,24.106900497814898
6411,2024-09-24 03:00:00,24.4,23.7,96,23.907191337808293
6412,2024-09-24 04:00:00,24.2,23.6,96,23.70748213197148
6413,2024-09-24 05:00:00,24.0,23.4,97,23.640526100761303
6414,2024-09-24 06:00:00,24.0,23.5,97,23.640526100761303
6415,2024-09-24 07:00:00,23.6,23.2,98,23.372083367724965
6416,2024-09-24 08:00:00,24.2,23.2,94,23.440904849481168
6417,2024-09-24 09:00:00,25.5,23.5,89,24.05029912945299
6418,2024-09-24 10:00:00,27.3,23.5,80,24.537594737773468
6419,2024-09-24 11:00:00,28.9,23.3,72,24.875611746325024
6420,2024-09-24 12:00:00,30.0,23.5,68,25.281776747080638
6421,2024-09-24 13:00:00,30.8,23.5,65,25.53812152539946
6422,2024-09-24 14:00:00,31.2,23.0,62,25.408884479597354
6423,2024-09-24 15:00:00,31.0,22.1,59,24.725707468375752
6424,2024-09-24 16:00:00,31.2,21.5,57,24.56323083130106
6425,2024-09-24 17:00:00,31.6,21.1,54,24.392540907410524
6426,2024-09-24 18:00:00,29.4,22.7,67,24.570483583829834
6427,2024-09-24 19:00:00,28.8,22.6,69,24.324898588829416
6428,2024-09-24 20:00:00,27.0,24.2,85,24.960360525495048
6429,2024-09-24 21:00:00,26.6,24.6,89,25.13119052914079
6430,2024-09-24 22:00:00,26.2,24.5,90,24.876673076019678
6431,2024-09-24 23:00:00,26.0,24.1,90,24.679676150675046
6432,2024-09-25 00:00:00,25.5,23.5,89,24.05029912945299
6433,2024-09-25 01:00:00,25.1,22.4,85,23.111836171698894
6434,2024-09-25 02:00:00,24.8,22.2,86,22.955841880003984
6435,2024-09-25 03:00:00,24.5,22.5,88,22.933004747658508
6436,2024-09-25 04:00:00,24.1,22.6,91,22.941673955106587
6437,2024-09-25 05:00:00,23.8,22.6,94,23.043251624861927
6438,2024-09-25 06:00:00,23.5,22.5,94,22.745011578059245
6439,2024-09-25 07:00:00,23.0,22.2,95,22.378606416807475
6440,2024-09-25 08:00:00,24.9,23.4,92,23.86673114736944
6441,2024-09-25 09:00:00,26.8,24.1,85,24.765779261151295
6442,2024-09-25 10:00:00,28.6,24.6,79,25.638274690223927
6443,2024-09-25 11:00:00,30.5,24.0,69,25.9032919359754
6444,2024-09-25 12:00:00,32.2,22.8,58,25.625838897403735
6445,2024-09-25 13:00:00,32.9,21.5,51,24.977746269859338
6446,2024-09-25 14:00:00,32.9,21.0,50,24.790026084588273
6447,2024-09-25 15:00:00,33.4,20.5,47,24.639762654375797
6448,2024-09-25 16:00:00,33.3,20.1,46,24.358370123406605
6449,2024-09-25 17:00:00,32.7,20.0,47,24.047112157571473
6450,2024-09-25 18:00:00,29.9,23.5,69,25.34621261674106
6451,2024-09-25 19:00:00,28.0,23.9,78,24.917713848739805
6452,2024-09-25 20:00:00,25.3,24.0,93,24.39857313992925
6453,2024-09-25 21:00:00,24.5,23.5,94,23.739144640690267
6454,2024-09-25 22:00:00,24.1,23.1,94,23.341491561567256
6455,2024-09-25 23:00:00,24.5,23.0,92,23.470885573179924
6456,2024-09-26 00:00:00,24.0,22.2,90,22.709704034247675
6457,2024-09-26 01:00:00,23.4,21.5,89,21.98677466839636
6458,2024-09-26 02:00:00,23.0,20.9,87,21.33144617529103
6459,2024-09-26 03:00:00,22.8,20.2,85,20.87414153028906
6460,2024-09-26 04:00:00,22.6,18.8,79,19.894085688421725
6461,2024-09-26 05:00:00,22.9,17.5,72,19.250166345745196
6462,2024-09-26 06:00:00,22.7,16.9,70,18.795337302247628
6463,2024-09-26 07:00:00,22.6,16.5,69,18.56835026780345
6464,2024-09-26 08:00:00,22.8,17.0,70,18.888493276845686
6465,2024-09-26 09:00:00,23.6,17.5,68,19.35953721701721
6466,2024-09-26 10:00:00,25.1,18.0,64,20.1746523481679
6467,2024-09-26 11:00:00,26.9,17.9,58,20.901861655429155
6468,2024-09-26 12:00:00,28.1,17.0,51,20.83091702769041
6469,2024-09-26 13:00:00,29.1,15.4,44,20.460946779776794
6470,2024-09-26 14:00:00,29.9,14.0,38,19.975039650180054
6471,2024-09-26 15:00:00,30.4,13.1,35,19.759596590119994
6472,2024-09-26 16:00:00,30.5,12.4,33,19.41133618235381
6473,2024-09-26 17:00:00,30.4,13.1,35,19.759596590119994
6474,2024-09-26 18:00:00,29.6,14.8,40,20.123999947770468
6475,2024-09-26 19:00:00,26.9,14.6,47,19.13649988327896
6476,2024-09-26 20:00:00,24.6,14.1,52,17.959015837034663
6477,2024-09-26 21:00:00,23.0,14.6,59,17.565892634859622
6478,2024-09-26 22:00:00,22.5,14.4,60,17.256230120583247
6479,2024-09-26 23:00:00,22.3,13.8,59,16.93939868968597
6480,2024-09-27 00:00:00,21.1,14.2,65,16.655860873159288
6481,2024-09-27 01:00:00,20.3,14.6,70,16.559586189837606
6482,2024-09-27 02:00:00,19.9,14.4,71,16.312280295141367
6483,2024-09-27 03:00:00,19.7,13.6,68,15.750621490656005
6484,2024-09-27 04:00:00,19.0,13.8,72,15.593582535175866
6485,2024-09-27 05:00:00,18.6,13.9,74,15.46069583891002
6486,2024-09-27 06:00:00,18.5,13.9,74,15.366351566305898
6487,2024-09-27 07:00:00,18.4,13.8,75,15.392360411362937
6488,2024-09-27 08:00:00,19.0,14.8,77,16.203998946489186
6489,2024-09-27 09:00:00,21.9,16.3,71,18.18147400063726
6490,2024-09-27 10:00:00,25.0,16.8,60,19.502679418339483
6491,2024-09-27 11:00:00,27.6,15.1,46,19.558232819483603
6492,2024-09-27 12:00:00,29.1,14.3,40,19.7174960190814
6493,2024-09-27 13:00:00,29.9,14.3,39,20.172658888992306
6494,2024-09-27 14:00:00,30.5,14.2,37,20.253132663223866
6495,2024-09-27 15:00:00,31.0,13.9,35,20.231036840416095
6496,2024-09-27 16:00:00,31.5,13.4,33,20.1852647635473
6497,2024-09-27 17:00:00,31.2,13.0,33,19.95308698743978
6498,2024-09-27 18:00:00,30.2,15.3,40,20.61180270812606
6499,2024-09-27 19:00:00,26.5,15.9,52,19.608337698661682
6500,2024-09-27 20:00:00,24.6,14.7,54,18.259980175987753
6501,2024-09-27 21:00:00,23.5,14.9,59,18.013387219388626
6502,2024-09-27 22:00:00,23.5,13.2,52,17.004138019129897
6503,2024-09-27 23:00:00,22.4,13.6,58,16.890865976291668
6504,2024-09-28 00:00:00,21.1,15.0,68,17.046134588743566
6505,2024-09-28 01:00:00,20.5,14.1,67,16.36303938832364
6506,2024-09-28 02:00:00,19.8,14.0,69,15.968587097706973
6507,2024-09-28 03:00:00,20.5,13.2,63,15.848567927755099
6508,2024-09-28 04:00:00,20.8,12.7,60,15.728632000530684
6509,2024-09-28 05:00:00,19.5,13.2,67,15.44084108204547
6510,2024-09-28 06:00:00,18.5,13.4,72,15.124786924689953
6511,2024-09-28 07:00:00,18.5,13.1,71,15.003838404788382
6512,2024-09-28 08:00:00,19.6,13.6,68,15.658084621714988
6513,2024-09-28 09:00:00,22.7,15.1,62,17.71143135355679
6514,2024-09-28 10:00:00,25.8,15.6,53,19.15648830504263
6515,2024-09-28 11:00:00,28.4,14.9,44,19.877974171457804
6516,2024-09-28 12:00:00,30.0,14.4,39,20.253437679068902
6517,2024-09-28 13:00:00,31.0,14.5,37,20.651634703723346
6518,2024-09-28 14:00:00,31.5,14.5,36,20.838493850070755
6519,2024-09-28 15:00:00,32.1,14.4,34,20.874147448256295
6520,2024-09-28 16:00:00,32.5,14.1,33,20.959185893194174
6521,2024-09-28 17:00:00,32.5,13.8,32,20.728699906112727
6522,2024-09-28 18:00:00,31.4,16.5,41,21.78803769282523
6523,2024-09-28 19:00:00,27.8,15.4,47,19.89850144962497
6524,2024-09-28 20:00:00,26.5,13.6,45,18.464487156184475
6525,2024-09-28 21:00:00,25.5,12.2,43,17.29712695723215
6526,2024-09-28 22:00:00,25.0,11.2,42,16.718367448004607
6527,2024-09-28 23:00:00,23.1,11.9,49,16.21710389862834
6528,2024-09-29 00:00:00,21.0,12.8,59,15.77590506079714
6529,2024-09-29 01:00:00,20.0,12.2,61,15.13821971755408
6530,2024-09-29 02:00:00,19.0,12.2,64,14.609071619241856
6531,2024-09-29 03:00:00,20.0,11.6,58,14.751637187254225
6532,2024-09-29 04:00:00,18.2,12.3,68,14.362565286287083
6533,2024-09-29 05:00:00,17.7,12.4,71,14.256154886247256
6534,2024-09-29 06:00:00,17.6,12.4,72,14.280953118686892
6535,2024-09-29 07:00:00,17.5,12.2,71,14.06923372201507
6536,2024-09-29 08:00:00,19.1,13.1,68,15.195399828795406
6537,2024-09-29 09:00:00,22.0,14.6,63,17.212102717877173
6538,2024-09-29 10:00:00,25.0,15.8,56,18.91101239047043
6539,2024-09-29 11:00:00,27.8,15.4,47,19.89850144962497
6540,2024-09-29 12:00:00,29.6,13.6,38,19.734301955565506
6541,2024-09-29 13:00:00,30.8,12.5,33,19.643515559965454
6542,2024-09-29 14:00:00,31.4,12.2,31,19.656766108625842
6543,2024-09-29 15:00:00,31.9,12.2,30,19.803198758766445
6544,2024-09-29 16:00:00,32.2,12.1,30,20.029733381569642
6545,2024-09-29 17:00:00,32.0,12.1,30,19.87871038344058
6546,2024-09-29 18:00:00,30.4,14.9,39,20.576552233448275
6547,2024-09-29 19:00:00,27.4,14.3,45,19.218266610031957
6548,2024-09-29 20:00:00,26.8,16.8,54,20.187375824809408
6549,2024-09-29 21:00:00,24.8,18.2,67,20.328459313412544
6550,2024-09-29 22:00:00,24.0,17.6,67,19.590710598857548
6551,2024-09-29 23:00:00,22.9,17.5,72,19.250166345745196
6552,2024-09-30 00:00:00,22.4,17.4,73,18.913700135929165
6553,2024-09-30 01:00:00,21.9,17.7,77,18.964549415831808
6554,2024-09-30 02:00:00,21.1,17.9,81,18.71250100895246
6555,2024-09-30 03:00:00,20.9,17.6,82,18.646505326427153
6556,2024-09-30 04:00:00,20.7,17.2,80,18.20130606010178
6557,2024-09-30 05:00:00,20.4,16.9,80,17.913291030623544
6558,2024-09-30 06:00:00,19.8,16.6,82,17.584678329476446
6559,2024-09-30 07:00:00,19.4,16.2,82,17.19855885673076
6560,2024-09-30 08:00:00,20.5,16.8,79,17.883603902965994
6561,2024-09-30 09:00:00,23.5,18.0,71,19.676821748808507
6562,2024-09-30 10:00:00,26.5,18.5,61,21.001973147560825
6563,2024-09-30 11:00:00,28.7,18.5,54,21.85192996686181
6564,2024-09-30 12:00:00,30.0,18.1,49,22.119823853828397
6565,2024-09-30 13:00:00,30.9,17.6,45,22.149591972062037
6566,2024-09-30 14:00:00,31.3,17.8,45,22.484596865536695
6567,2024-09-30 15:00:00,31.5,17.8,44,22.459691395577334
6568,2024-09-30 16:00:00,31.5,17.8,44,22.459691395577334
6569,2024-09-30 17:00:00,31.0,17.5,45,22.233343263568994
6570,2024-09-30 18:00:00,30.3,17.5,46,21.832000251494005
6571,2024-09-30 19:00:00,28.0,19.7,61,22.355127997367575
6572,2024-09-30 20:00:00,26.8,19.3,64,21.725696088124586
6573,2024-09-30 21:00:00,25.6,19.2,68,21.210247541149403
6574,2024-09-30 22:00:00,24.6,19.7,74,21.121308868604398
6575,2024-09-30 23:00:00,23.7,19.9,79,20.947191805315338
6576,2024-10-01 00:00:00,23.0,20.0,83,20.805473698639915
6577,2024-10-01 01:00:00,22.6,20.2,86,20.80999054614374
6578,2024-10-01 02:00:00,21.9,20.4,91,20.769577939058117
6579,2024-10-01 03:00:00,21.5,20.2,92,20.50203716896242
6580,2024-10-01 04:00:00,21.2,20.1,93,20.33183115768581
6581,2024-10-01 05:00:00,21.0,20.0,94,20.25967345773542
6582,2024-10-01 06:00:00,20.6,19.8,95,19.987353773158215
6583,2024-10-01 07:00:00,20.3,19.5,95,19.688446677767974
6584,2024-10-01 08:00:00,21.4,20.0,92,20.403075348778955
6585,2024-10-01 09:00:00,24.1,20.7,81,21.60056181824779
6586,2024-10-01 10:00:00,27.0,20.1,66,22.20818973995762
6587,2024-10-01 11:00:00,29.5,19.2,54,22.55279099867826
6588,2024-10-01 12:00:00,31.1,18.2,46,22.50570265552151
6589,2024-10-01 13:00:00,32.2,17.5,42,22.64483226792838
6590,2024-10-01 14:00:00,32.8,17.0,39,22.515220022663303
6591,2024-10-01 15:00:00,33.2,16.5,37,22.405025255041604
6592,2024-10-01 16:00:00,33.3,15.7,35,22.038201852035282
6593,2024-10-01 17:00:00,33.2,14.0,31,21.027532767034998
6594,2024-10-01 18:00:00,32.5,16.5,38,22.061409712866432
6595,2024-10-01 19:00:00,30.2,19.9,54,23.166042596171284
6596,2024-10-01 20:00:00,28.0,16.4,49,20.40891287034753
6597,2024-10-01 21:00:00,26.8,16.6,54,20.187375824809408
6598,2024-10-01 22:00:00,25.9,17.0,58,20.010535391937285
6599,2024-10-01 23:00:00,25.1,17.3,62,19.88485117013613
6600,2024-10-02 00:00:00,25.0,17.1,62,19.794292369365344
6601,2024-10-02 01:00:00,24.6,17.1,63,19.575545880061064
6602,2024-10-02 02:00:00,24.0,17.2,66,19.45129428473787
6603,2024-10-02 03:00:00,23.4,17.5,70,19.44742860182822
6604,2024-10-02 04:00:00,22.8,17.7,73,19.289911359275962
6605,2024-10-02 05:00:00,22.4,17.8,75,19.17757129820633
6606,2024-10-02 06:00:00,21.9,17.9,78,19.094325150619945
6607,2024-10-02 07:00:00,21.6,17.9,79,18.93671449104737
6608,2024-10-02 08:00:00,22.4,18.0,76,19.309148010929842
6609,2024-10-02 09:00:00,24.6,18.8,70,20.56529661807932
6610,2024-10-02 10:00:00,27.1,19.0,61,21.543235874362846
6611,2024-10-02 11:00:00,28.9,18.1,52,21.691670421502614
6612,2024-10-02 12:00:00,29.9,17.6,48,21.85617720221478
6613,2024-10-02 13:00:00,30.5,17.8,46,22.000426119059664
6614,2024-10-02 14:00:00,31.1,17.9,45,22.317094509531067
6615,2024-10-02 15:00:00,31.5,17.7,44,22.459691395577334
6616,2024-10-02 16:00:00,31.9,17.2,42,22.397901865956317
6617,2024-10-02 17:00:00,31.7,16.8,41,22.03346841537201
6618,2024-10-02 18:00:00,30.6,17.3,45,21.898337822464953
6619,2024-10-02 19:00:00,28.0,18.2,55,21.401124924101502
6620,2024-10-02 20:00:00,26.8,19.4,64,21.725696088124586
6621,2024-10-02 21:00:00,25.2,19.9,72,21.40659622407664
6622,2024-10-02 22:00:00,24.5,20.0,76,21.302302453856793
6623,2024-10-02 23:00:00,23.9,20.1,79,21.13866540264151
6624,2024-10-03 00:00:00,23.2,20.2,83,20.999046690886637
6625,2024-10-03 01:00:00,22.7,20.4,87,21.0380962161169
6626,2024-10-03 02:00:00,23.4,20.1,82,21.059740351318695
6627,2024-10-03 03:00:00,23.0,20.0,84,20.937170175942207
6628,2024-10-03 04:00:00,21.7,20.0,90,20.444229405931015
6629,2024-10-03 05:00:00,21.0,20.0,93,20.133452941702576
6630,2024-10-03 06:00:00,20.6,19.8,95,19.987353773158215
6631,2024-10-03 07:00:00,20.7,19.9,95,20.086989445687333
6632,2024-10-03 08:00:00,21.5,19.6,89,20.119771003172506
6633,2024-10-03 09:00:00,24.0,19.0,73,20.41854286399933
6634,2024-10-03 10:00:00,26.2,18.5,63,21.029962326373557
6635,2024-10-03 11:00:00,28.4,17.9,53,21.423964254987467
6636,2024-10-03 12:00:00,29.7,17.5,48,21.68595797176526
6637,2024-10-03 13:00:00,30.5,16.9,44,21.626884542686366
6638,2024-10-03 14:00:00,31.2,15.8,39,21.222778487602778
6639,2024-10-03 15:00:00,31.5,15.4,38,21.258964495991208
6640,2024-10-03 16:00:00,31.5,15.4,38,21.258964495991208
6641,2024-10-03 17:00:00,31.0,15.6,40,21.262203161314627
6642,2024-10-03 18:00:00,30.0,16.1,43,21.023231829804505
6643,2024-10-03 19:00:00,28.0,17.2,52,20.910423306810944
6644,2024-10-03 20:00:00,27.5,17.5,55,20.961130066961914
6645,2024-10-03 21:00:00,26.9,17.6,57,20.74653315313794
6646,2024-10-03 22:00:00,25.8,18.9,66,21.105434368359795
6647,2024-10-03 23:00:00,25.0,20.6,77,21.91546347372221
6648,2024-10-04 00:00:00,24.8,21.2,81,22.274440392852345
6649,2024-10-04 01:00:00,24.3,20.8,81,21.793098639238707
6650,2024-10-04 02:00:00,24.1,20.5,80,21.465464443779787
6651,2024-10-04 03:00:00,23.8,19.9,79,21.042928613181623
6652,2024-10-04 04:00:00,23.6,19.1,76,20.448094503153012
6653,2024-10-04 05:00:00,23.5,18.8,75,20.218498032766323
6654,2024-10-04 06:00:00,23.2,19.0,77,20.202031819168447
6655,2024-10-04 07:00:00,23.1,19.5,80,20.505420080533767
6656,2024-10-04 08:00:00,23.4,18.9,76,20.258270293040805
6657,2024-10-04 09:00:00,24.9,19.9,74,21.404337427497236
6658,2024-10-04 10:00:00,26.7,21.2,72,22.812957276631504
6659,2024-10-04 11:00:00,28.5,21.7,66,23.586628935684264
6660,2024-10-04 12:00:00,30.1,21.4,60,24.085374656470226
6661,2024-10-04 13:00:00,31.4,21.5,56,24.567525137626408
6662,2024-10-04 14:00:00,31.7,21.2,54,24.480147686866417
6663,2024-10-04 15:00:00,31.4,21.1,55,24.393067546129405
6664,2024-10-04 16:00:00,29.4,22.5,66,24.413689877434212
6665,2024-10-04 17:00:00,28.8,22.4,68,24.171364014660664
6666,2024-10-04 18:00:00,28.2,22.8,73,24.3687290184472
6667,2024-10-04 19:00:00,27.3,22.8,76,23.959828283227953
6668,2024-10-04 20:00:00,26.9,23.1,80,24.153579388829545
6669,2024-10-04 21:00:00,26.4,23.0,82,23.95560834915351
6670,2024-10-04 22:00:00,25.8,22.8,84,23.654297343959193
6671,2024-10-04 23:00:00,25.1,22.5,86,23.248457410058325
6672,2024-10-05 00:00:00,24.8,22.2,86,22.955841880003984
6673,2024-10-05 01:00:00,24.2,22.2,88,22.638931032335694
6674,2024-10-05 02:00:00,23.9,22.2,91,22.744210948778104
6675,2024-10-05 03:00:00,23.6,22.2,92,22.580232288194317
6676,2024-10-05 04:00:00,23.5,22.2,93,22.613176850917405
6677,2024-10-05 05:00:00,23.1,22.1,94,22.34735800959741
6678,2024-10-05 06:00:00,22.9,22.0,95,22.278971032980476
6679,2024-10-05 07:00:00,22.6,21.9,95,21.980064808163778
6680,2024-10-05 08:00:00,23.4,22.0,92,22.382309194438815
6681,2024-10-05 09:00:00,24.3,22.1,88,22.736955618217007
6682,2024-10-05 10:00:00,25.7,21.9,79,22.86192452554158
6683,2024-10-05 11:00:00,27.8,21.3,68,23.246017650711035
6684,2024-10-05 12:00:00,29.0,20.9,61,23.25722766450633
6685,2024-10-05 13:00:00,29.5,20.5,58,23.21929492710766
6686,2024-10-05 14:00:00,30.0,20.5,57,23.49811167451727
6687,2024-10-05 15:00:00,30.3,20.5,56,23.595321549036253
6688,2024-10-05 16:00:00,30.7,20.4,54,23.6040784442519
6689,2024-10-05 17:00:00,30.1,20.0,54,23.078435326546494
6690,2024-10-05 18:00:00,29.8,19.7,55,22.985099282133103
6691,2024-10-05 19:00:00,28.1,20.1,62,22.60160157540489
6692,2024-10-05 20:00:00,26.5,22.4,78,23.485739255525633
6693,2024-10-05 21:00:00,26.0,21.8,78,23.008413523229354
6694,2024-10-05 22:00:00,25.6,21.5,78,22.62655261771425
6695,2024-10-05 23:00:00,25.2,21.4,79,22.383242014746603
6696,2024-10-06 00:00:00,24.4,21.4,83,22.16048325506042
6697,2024-10-06 01:00:00,24.0,21.4,85,22.041635406836566
6698,2024-10-06 02:00:00,23.8,21.1,85,21.847053250494984
6699,2024-10-06 03:00:00,23.5,21.0,85,21.555179899427124
6700,2024-10-06 04:00:00,23.2,20.8,86,21.395223458582723
6701,2024-10-06 05:00:00,22.9,20.6,87,21.23366287064492
6702,2024-10-06 06:00:00,22.6,20.5,88,21.07053570672122
6703,2024-10-06 07:00:00,22.5,20.1,87,20.842529500999103
6704,2024-10-06 08:00:00,22.9,20.0,84,20.840129689075827
6705,2024-10-06 09:00:00,25.0,20.2,75,21.637939515646355
6706,2024-10-06 10:00:00,27.4,20.1,65,22.424779910183208
6707,2024-10-06 11:00:00,29.2,19.5,56,22.623114195689542
6708,2024-10-06 12:00:00,30.5,18.8,50,22.726696920383862
6709,2024-10-06 13:00:00,31.5,18.4,46,22.842552805054922
6710,2024-10-06 14:00:00,32.2,18.2,44,23.042653417134655
6711,2024-10-06 15:00:00,32.5,17.6,41,22.68794806832936
6712,2024-10-06 16:00:00,32.9,16.5,37,22.16592825103896
6713,2024-10-06 17:00:00,32.7,15.5,36,21.788202444004174
6714,2024-10-06 18:00:00,31.7,16.2,39,21.626668010106638
6715,2024-10-06 19:00:00,28.9,16.4,47,20.8298314555881
6716,2024-10-06 20:00:00,28.4,15.8,46,20.231945324972447
6717,2024-10-06 21:00:00,27.4,15.9,49,19.89563621971529
6718,2024-10-06 22:00:00,26.8,16.2,53,20.02859756449783
6719,2024-10-06 23:00:00,25.9,16.5,56,19.706468030465278
6720,2024-10-07 00:00:00,24.8,16.6,61,19.46838951157282
6721,2024-10-07 01:00:00,23.9,16.7,64,19.079793051139674
6722,2024-10-07 02:00:00,23.2,16.5,66,18.716118092565353
6723,2024-10-07 03:00:00,22.9,16.3,66,18.440426558230286
6724,2024-10-07 04:00:00,22.7,16.3,67,18.391865295362678
6725,2024-10-07 05:00:00,22.4,16.4,69,18.382653597777544
6726,2024-10-07 06:00:00,22.0,16.5,71,18.274933418577746
6727,2024-10-07 07:00:00,21.6,16.5,73,18.161276579114094
6728,2024-10-07 08:00:00,22.1,17.2,74,18.762730076386955
6729,2024-10-07 09:00:00,24.5,18.0,67,20.05180374164683
6730,2024-10-07 10:00:00,27.1,18.3,59,21.235322894753608
6731,2024-10-07 11:00:00,29.2,17.9,50,21.609051191969403
6732,2024-10-07 12:00:00,30.5,16.9,44,21.626884542686366
6733,2024-10-07 13:00:00,31.4,16.1,40,21.58740203964594
6734,2024-10-07 14:00:00,32.0,15.6,37,21.448634050566564
6735,2024-10-07 15:00:00,32.5,15.1,35,21.409626659597045
6736,2024-10-07 16:00:00,32.7,14.9,34,21.34208114584328
6737,2024-10-07 17:00:00,32.6,14.3,33,21.0365776094394
6738,2024-10-07 18:00:00,31.5,15.6,38,21.258964495991208
6739,2024-10-07 19:00:00,27.9,17.0,52,20.823617878523816
6740,2024-10-07 20:00:00,27.5,14.6,45,19.302019616333055
6741,2024-10-07 21:00:00,26.8,14.6,47,19.051832797532317
6742,2024-10-07 22:00:00,25.8,15.1,52,19.000694597242486
6743,2024-10-07 23:00:00,25.1,15.7,56,18.99939649912123
6744,2024-10-08 00:00:00,24.1,16.5,63,19.121039198213623
6745,2024-10-08 01:00:00,23.5,16.8,66,18.991809373344534
6746,2024-10-08 02:00:00,23.4,16.5,65,18.76198725066624
6747,2024-10-08 03:00:00,23.1,16.5,66,18.624220942753002
6748,2024-10-08 04:00:00,22.5,16.5,69,18.475501945841188
6749,2024-10-08 05:00:00,22.0,16.5,71,18.274933418577746
6750,2024-10-08 06:00:00,21.5,16.5,73,18.067223529006828
6751,2024-10-08 07:00:00,21.1,16.4,74,17.819294676261155
6752,2024-10-08 08:00:00,20.9,15.9,73,17.50290472814082
6753,2024-10-08 09:00:00,22.5,14.8,61,17.393526390948633
6754,2024-10-08 10:00:00,24.0,13.9,53,17.586681232358966
6755,2024-10-08 11:00:00,26.0,12.7,44,17.879190868168823
6756,2024-10-08 12:00:00,27.7,11.8,37,18.02149013647084
6757,2024-10-08 13:00:00,29.1,11.2,33,18.32782296491664
6758,2024-10-08 14:00:00,30.2,9.9,28,18.061078751252037
6759,2024-10-08 15:00:00,30.9,8.0,24,17.590520086427333
6760,2024-10-08 16:00:00,30.9,5.8,21,16.79169909876432
6761,2024-10-08 17:00:00,30.1,5.7,21,16.240589078221117
6762,2024-10-08 18:00:00,28.9,6.7,25,16.404625843719877
6763,2024-10-08 19:00:00,26.1,5.3,26,14.602016078589966
6764,2024-10-08 20:00:00,24.1,6.2,31,14.097244988305384
6765,2024-10-08 21:00:00,22.9,6.4,35,13.866350506246093
6766,2024-10-08 22:00:00,21.8,7.6,40,13.782347170282637
6767,2024-10-08 23:00:00,20.7,8.0,44,13.465086667055001
6768,2024-10-09 00:00:00,20.0,7.9,46,13.15778744349236
6769,2024-10-09 01:00:00,19.2,8.1,48,12.749172260610205
6770,2024-10-09 02:00:00,18.5,8.2,51,12.536958928152185
6771,2024-10-09 03:00:00,18.0,8.3,53,12.353882393058516
6772,2024-10-09 04:00:00,17.3,8.5,56,12.105311333762799
6773,2024-10-09 05:00:00,16.8,8.6,59,12.016878803736962
6774,2024-10-09 06:00:00,16.5,8.7,60,11.864656766501788
6775,2024-10-09 07:00:00,16.1,8.9,62,11.734423793707613
6776,2024-10-09 08:00:00,16.2,9.8,66,12.283243693320923
6777,2024-10-09 09:00:00,19.1,10.8,58,13.949420250771247
6778,2024-10-09 10:00:00,22.0,11.1,50,15.418880035669385
6779,2024-10-09 11:00:00,24.5,11.2,44,16.629934459321756
6780,2024-10-09 12:00:00,26.4,10.4,37,16.985351151011265
6781,2024-10-09 13:00:00,28.0,10.0,33,17.476479724724076
6782,2024-10-09 14:00:00,29.4,9.8,30,17.91537964408697
6783,2024-10-09 15:00:00,30.6,9.4,27,18.119590443003933
6784,2024-10-09 16:00:00,31.1,9.3,26,18.240703666864846
6785,2024-10-09 17:00:00,31.0,10.1,28,18.65450378268106
6786,2024-10-09 18:00:00,29.6,12.6,35,19.131005574958447
6787,2024-10-09 19:00:00,26.2,11.2,39,17.183798316355723
6788,2024-10-09 20:00:00,25.6,10.1,38,16.524407135238604
6789,2024-10-09 21:00:00,24.7,9.9,39,15.972070839125895
6790,2024-10-09 22:00:00,23.9,10.1,42,15.812907466447825
6791,2024-10-09 23:00:00,22.8,10.6,46,15.515886464581492
6792,2024-10-10 00:00:00,21.6,11.6,53,15.493582873797706
6793,2024-10-10 01:00:00,20.6,12.4,59,15.41790570809107
6794,2024-10-10 02:00:00,19.9,12.8,64,15.430230414975433
6795,2024-10-10 03:00:00,19.2,13.0,67,15.164180992552211
6796,2024-10-10 04:00:00,18.8,12.9,69,15.040094931730728
6797,2024-10-10 05:00:00,18.4,12.8,70,14.789605521034698
6798,2024-10-10 06:00:00,17.9,12.5,71,14.44307593587249
6799,2024-10-10 07:00:00,17.2,12.6,74,14.139873693173822
6800,2024-10-10 08:00:00,18.1,12.8,71,14.629996871662417
6801,2024-10-10 09:00:00,21.1,13.4,61,16.13055742638554
6802,2024-10-10 10:00:00,23.9,13.2,51,17.202365419936342
6803,2024-10-10 11:00:00,26.1,12.5,43,17.79394770960518
6804,2024-10-10 12:00:00,27.7,11.4,36,17.831019010517707
6805,2024-10-10 13:00:00,28.8,11.2,34,18.30046565069556
6806,2024-10-10 14:00:00,29.8,11.1,31,18.438284533689714
6807,2024-10-10 15:00:00,30.6,10.4,29,18.591698908814536
6808,2024-10-10 16:00:00,31.1,9.6,26,18.240703666864846
6809,2024-10-10 17:00:00,31.0,8.9,26,18.167932802873747
6810,2024-10-10 18:00:00,29.2,12.5,36,19.01819243196844
6811,2024-10-10 19:00:00,25.1,12.4,45,17.29193246911134
6812,2024-10-10 20:00:00,23.5,11.9,48,16.409070173066453
6813,2024-10-10 21:00:00,21.6,12.7,57,16.0421439119212
6814,2024-10-10 22:00:00,20.8,15.1,70,17.02536892117518
6815,2024-10-10 23:00:00,21.9,15.2,66,17.52145291254906
6816,2024-10-11 00:00:00,21.5,15.4,68,17.416280158944684
6817,2024-10-11 01:00:00,21.2,15.4,69,17.26847135351177
6818,2024-10-11 02:00:00,20.8,15.2,71,17.153418739376626
6819,2024-10-11 03:00:00,19.6,15.1,75,16.527927580844864
6820,2024-10-11 04:00:00,17.8,14.8,83,15.772551158709835
6821,2024-10-11 05:00:00,17.4,14.5,83,15.385401183337937
6822,2024-10-11 06:00:00,17.1,14.6,85,15.328512839179869
6823,2024-10-11 07:00:00,16.9,13.9,82,14.78530505187484
6824,2024-10-11 08:00:00,17.6,13.6,78,14.989269279576884
6825,2024-10-11 09:00:00,20.9,14.3,66,16.602476322397717
6826,2024-10-11 10:00:00,24.0,14.3,55,17.881140194508156
6827,2024-10-11 11:00:00,26.4,14.1,47,18.713163955117345
6828,2024-10-11 12:00:00,28.1,14.0,42,19.270076257367364
6829,2024-10-11 13:00:00,29.4,13.6,38,19.57380983605818
6830,2024-10-11 14:00:00,30.0,13.6,37,19.85462899758025
6831,2024-10-11 15:00:00,30.4,13.7,36,19.967919425972713
6832,2024-10-11 16:00:00,30.5,13.4,35,19.83817014193806
6833,2024-10-11 17:00:00,30.2,13.2,35,19.602449271759493
6834,2024-10-11 18:00:00,29.0,14.0,40,19.636195052612162
6835,2024-10-11 19:00:00,26.0,14.6,49,18.697984357578818
6836,2024-10-11 20:00:00,24.8,14.9,54,18.43519876127237
6837,2024-10-11 21:00:00,23.2,17.1,69,19.125439656203245
6838,2024-10-11 22:00:00,22.3,17.9,76,19.214235668333888
6839,2024-10-11 23:00:00,21.5,18.2,82,19.225682747779924
6840,2024-10-12 00:00:00,20.7,18.5,88,19.208061328393555
6841,2024-10-12 01:00:00,19.9,18.6,93,19.042371781038725
6842,2024-10-12 02:00:00,19.5,18.4,94,18.768466673941862
6843,2024-10-12 03:00:00,18.8,17.9,95,18.193909421027573
6844,2024-10-12 04:00:00,18.3,17.5,95,17.695729662886205
6845,2024-10-12 05:00:00,18.1,17.5,96,17.616328084206884
6846,2024-10-12 06:00:00,17.8,17.1,96,17.316761901040564
6847,2024-10-12 07:00:00,17.9,17.1,95,17.29718560910462
6848,2024-10-12 08:00:00,18.0,17.5,96,17.51647270332733
6849,2024-10-12 09:00:00,21.5,19.0,85,19.609353900710932
6850,2024-10-12 10:00:00,24.5,20.0,76,21.302302453856793
6851,2024-10-12 11:00:00,26.6,18.8,62,21.243229607926015
6852,2024-10-12 12:00:00,28.0,17.6,53,21.07512349436676
6853,2024-10-12 13:00:00,29.0,17.0,48,21.090189313907235
6854,2024-10-12 14:00:00,29.9,16.5,45,21.312076511900266
6855,2024-10-12 15:00:00,30.3,16.5,43,21.27163489417908
6856,2024-10-12 16:00:00,30.6,15.6,40,20.93700338923257
6857,2024-10-12 17:00:00,30.5,16.2,42,21.245554005558084
6858,2024-10-12 18:00:00,29.3,17.6,50,21.69502417758297
6859,2024-10-12 19:00:00,26.2,18.2,61,20.731341382600107
6860,2024-10-12 20:00:00,25.1,17.0,61,19.739022567506584
6861,2024-10-12 21:00:00,24.0,17.5,67,19.590710598857548
6862,2024-10-12 22:00:00,23.2,18.0,72,19.531440491240684
6863,2024-10-12 23:00:00,22.7,18.5,77,19.726077453428964
6864,2024-10-13 00:00:00,22.4,18.2,78,19.57165472620187
6865,2024-10-13 01:00:00,22.0,17.8,77,19.059740492225508
6866,2024-10-13 02:00:00,21.5,17.6,78,18.712461129498333
6867,2024-10-13 03:00:00,21.2,17.8,81,18.808769966980726
6868,2024-10-13 04:00:00,20.9,17.9,83,18.772953151257827
6869,2024-10-13 05:00:00,20.6,18.1,86,18.859210058719622
6870,2024-10-13 06:00:00,20.1,18.3,89,18.744080683028
6871,2024-10-13 07:00:00,19.8,18.3,91,18.69620728948127
6872,2024-10-13 08:00:00,20.5,19.0,91,19.3873315418428
6873,2024-10-13 09:00:00,23.2,19.7,81,20.73414526545251
6874,2024-10-13 10:00:00,25.7,20.4,73,22.017432121655677
6875,2024-10-13 11:00:00,27.8,20.5,65,22.791056854810073
6876,2024-10-13 12:00:00,29.5,20.4,58,23.21929492710766
6877,2024-10-13 13:00:00,30.9,20.1,53,23.60420590686378
6878,2024-10-13 14:00:00,31.9,19.6,48,23.558360411631963
6879,2024-10-13 15:00:00,32.5,19.0,45,23.48960726949451
6880,2024-10-13 16:00:00,32.8,18.3,42,23.13869175577978
6881,2024-10-13 17:00:00,32.5,17.6,41,22.68794806832936
6882,2024-10-13 18:00:00,31.8,17.6,43,22.51364347270672
6883,2024-10-13 19:00:00,29.3,17.6,50,21.69502417758297
6884,2024-10-13 20:00:00,26.4,20.5,70,22.24209230402107
6885,2024-10-13 21:00:00,25.5,20.0,71,21.54599793712029
6886,2024-10-13 22:00:00,24.6,19.8,75,21.259422235281995
6887,2024-10-13 23:00:00,23.8,20.1,80,21.177451323271423
6888,2024-10-14 00:00:00,23.1,20.5,85,21.16601521195521
6889,2024-10-14 01:00:00,22.5,20.5,88,20.972510874914107
6890,2024-10-14 02:00:00,21.9,20.5,92,20.897884313291357
6891,2024-10-14 03:00:00,21.6,20.4,93,20.728587428814095
6892,2024-10-14 04:00:00,21.4,20.4,94,20.657328095595698
6893,2024-10-14 05:00:00,21.2,20.4,95,20.585167615332093
6894,2024-10-14 06:00:00,21.3,20.5,95,20.68480321089319
6895,2024-10-14 07:00:00,21.4,20.6,95,20.784438793741895
6896,2024-10-14 08:00:00,21.6,21.2,98,21.366362601762045
6897,2024-10-14 09:00:00,23.9,21.6,87,22.211495245910342
6898,2024-10-14 10:00:00,25.8,21.5,77,22.67698667419357
6899,2024-10-14 11:00:00,28.2,20.5,63,22.847972783370537
6900,2024-10-14 12:00:00,30.6,18.4,48,22.451943185004463
6901,2024-10-14 13:00:00,32.5,16.4,38,22.061409712866432
6902,2024-10-14 14:00:00,34.0,14.8,32,21.88039442091457
6903,2024-10-14 15:00:00,35.0,11.8,25,20.798900132312422
6904,2024-10-14 16:00:00,35.3,10.7,22,20.13117166348273
6905,2024-10-14 17:00:00,34.8,11.6,24,20.37054447419363
6906,2024-10-14 18:00:00,32.5,19.0,45,23.48960726949451
6907,2024-10-14 19:00:00,29.0,14.4,41,19.82457433180056
6908,2024-10-14 20:00:00,29.4,14.4,40,19.961398555984875
6909,2024-10-14 21:00:00,27.1,15.2,48,19.47309196611782
6910,2024-10-14 22:00:00,26.0,15.9,54,19.486506883509886
6911,2024-10-14 23:00:00,25.0,17.1,62,19.794292369365344
6912,2024-10-15 00:00:00,23.8,17.3,67,19.406273156612585
6913,2024-10-15 01:00:00,22.6,17.0,71,18.835689406972794
6914,2024-10-15 02:00:00,21.5,16.5,73,18.067223529006828
6915,2024-10-15 03:00:00,20.7,16.0,75,17.56886116147727
6916,2024-10-15 04:00:00,21.2,15.6,70,17.397994624931076
6917,2024-10-15 05:00:00,21.1,15.4,70,17.30483823874945
6918,2024-10-15 06:00:00,19.2,15.6,79,16.63901548903778
6919,2024-10-15 07:00:00,18.9,15.5,81,16.594579079178615
6920,2024-10-15 08:00:00,19.2,16.6,85,17.3716457897426
6921,2024-10-15 09:00:00,22.2,16.6,71,18.461852179962133
6922,2024-10-15 10:00:00,25.0,17.5,63,19.939150689514943
6923,2024-10-15 11:00:00,27.5,17.5,54,20.80063415595175
6924,2024-10-15 12:00:00,29.9,17.1,46,21.495147974818316
6925,2024-10-15 13:00:00,32.0,16.0,38,21.66018783303154
6926,2024-10-15 14:00:00,33.7,14.1,31,21.408296848600678
6927,2024-10-15 15:00:00,34.5,12.9,27,20.985399035215618
6928,2024-10-15 16:00:00,34.8,12.1,25,20.654831663373347
6929,2024-10-15 17:00:00,34.8,11.3,24,20.37054447419363
6930,2024-10-15 18:00:00,33.0,22.0,52,25.25064780160908
6931,2024-10-15 19:00:00,28.1,16.6,50,20.663345660018265
6932,2024-10-15 20:00:00,27.1,19.0,61,21.543235874362846
6933,2024-10-15 21:00:00,25.8,21.0,75,22.39497312036002
6934,2024-10-15 22:00:00,24.9,20.5,77,21.82027298944781
6935,2024-10-15 23:00:00,24.1,19.5,76,20.92265467533095
6936,2024-10-16 00:00:00,22.5,19.1,81,20.06026473645687
6937,2024-10-16 01:00:00,23.9,18.2,70,19.913207363693502
6938,2024-10-16 02:00:00,23.8,11.6,46,16.35805270220479
6939,2024-10-16 03:00:00,22.7,10.1,45,15.28181185381451
6940,2024-10-16 04:00:00,21.6,7.7,41,13.770333816165476
6941,2024-10-16 05:00:00,20.2,5.3,38,12.190846371167858
6942,2024-10-16 06:00:00,18.2,4.4,40,10.855266646179276
6943,2024-10-16 07:00:00,16.6,4.0,43,9.92731956221448
6944,2024-10-16 08:00:00,15.4,3.8,46,9.283645588037452
6945,2024-10-16 09:00:00,15.9,3.5,44,9.467228772592971
6946,2024-10-16 10:00:00,17.0,3.2,40,9.87954505886128
6947,2024-10-16 11:00:00,18.6,2.7,35,10.487306236865038
6948,2024-10-16 12:00:00,19.9,2.6,32,11.053662312443917
6949,2024-10-16 13:00:00,21.1,1.9,28,11.310335028920338
6950,2024-10-16 14:00:00,22.2,-0.2,23,11.19526125572306
6951,2024-10-16 15:00:00,22.6,-1.0,21,11.073394742724735
6952,2024-10-16 16:00:00,22.8,-1.1,20,11.001045479759568
6953,2024-10-16 17:00:00,22.5,-1.1,21,11.004490983909593
6954,2024-10-16 18:00:00,21.7,-1.1,22,10.649904680381182
6955,2024-10-16 19:00:00,20.1,-0.7,25,10.06444657794248
6956,2024-10-16 20:00:00,17.0,2.3,37,9.492815434601077
6957,2024-10-16 21:00:00,16.6,2.5,39,9.428405902285174
6958,2024-10-16 22:00:00,15.9,1.9,39,8.862872332483391
6959,2024-10-16 23:00:00,15.2,1.5,39,8.297332843094079
6960,2024-10-17 00:00:00,14.4,1.5,41,7.879288632310015
6961,2024-10-17 01:00:00,13.8,1.1,42,7.4986796406563965
6962,2024-10-17 02:00:00,13.2,0.8,43,7.111705353528949
6963,2024-10-17 03:00:00,12.6,0.6,44,6.718579680115184
6964,2024-10-17 04:00:00,11.9,0.5,45,6.235741407422124
6965,2024-10-17 05:00:00,11.4,0.6,47,6.0123524756684095
6966,2024-10-17 06:00:00,11.1,0.8,49,5.950841720688441
6967,2024-10-17 07:00:00,10.8,0.8,50,5.789130753891367
6968,2024-10-17 08:00:00,11.1,1.7,53,6.335909831938068
6969,2024-10-17 09:00:00,13.5,2.8,49,8.004179188529484
6970,2024-10-17 10:00:00,15.8,3.6,44,9.383937953294222
6971,2024-10-17 11:00:00,18.1,4.3,40,10.773957084275056
6972,2024-10-17 12:00:00,19.9,5.1,38,11.950085021052747
6973,2024-10-17 13:00:00,21.1,4.9,35,12.45189268877731
6974,2024-10-17 14:00:00,21.9,3.7,30,12.251529516846148
6975,2024-10-17 15:00:00,22.4,2.5,27,12.093477549329574
6976,2024-10-17 16:00:00,22.4,2.3,27,12.093477549329574
6977,2024-10-17 17:00:00,21.9,1.6,26,11.545247543052184
6978,2024-10-17 18:00:00,20.9,1.7,28,11.161953734322143
6979,2024-10-17 19:00:00,18.2,3.2,37,10.449361392294692
6980,2024-10-17 20:00:00,16.7,4.3,44,10.133552017382245
6981,2024-10-17 21:00:00,14.9,6.8,58,10.205692371979294
6982,2024-10-17 22:00:00,15.3,6.9,57,10.449980833048839
6983,2024-10-17 23:00:00,15.1,7.9,62,10.828801691026444
6984,2024-10-18 00:00:00,15.3,8.6,64,11.233165758306882
6985,2024-10-18 01:00:00,15.4,8.1,62,11.100488772261965
6986,2024-10-18 02:00:00,15.4,6.3,55,10.312938362749211
6987,2024-10-18 03:00:00,15.2,5.8,54,10.024496197354956
6988,2024-10-18 04:00:00,15.1,6.6,57,10.272448674737015
6989,2024-10-18 05:00:00,15.0,7.6,61,10.627533440033526
6990,2024-10-18 06:00:00,14.9,8.2,64,10.868199805483115
6991,2024-10-18 07:00:00,14.9,8.7,66,11.088548834190489
6992,2024-10-18 08:00:00,15.0,9.9,71,11.732709173129013
6993,2024-10-18 09:00:00,17.3,10.4,64,13.057986089114216
6994,2024-10-18 10:00:00,20.0,11.2,57,14.621929198565127
6995,2024-10-18 11:00:00,22.4,11.9,52,16.049254578921495
6996,2024-10-18 12:00:00,24.0,13.3,51,17.288760428226173
6997,2024-10-18 13:00:00,25.1,14.1,50,18.084122285298783
6998,2024-10-18 14:00:00,25.9,13.7,47,18.289826762974098
6999,2024-10-18 15:00:00,25.4,13.9,49,18.184702174245686
7000,2024-10-18 16:00:00,25.2,13.9,49,18.01360772683391
7001,2024-10-18 17:00:00,24.6,13.8,51,17.807129489342195
7002,2024-10-18 18:00:00,23.2,14.6,58,17.603937213598662
7003,2024-10-18 19:00:00,21.7,14.7,64,17.072539865159833
7004,2024-10-18 20:00:00,20.8,14.9,69,16.89707640782914
7005,2024-10-18 21:00:00,20.2,14.6,70,16.466429562461865
7006,2024-10-18 22:00:00,19.8,13.9,69,15.968587097706973
7007,2024-10-18 23:00:00,19.4,13.4,68,15.473010794497693
7008,2024-10-19 00:00:00,18.6,12.9,69,14.854396147227785
7009,2024-10-19 01:00:00,18.1,12.4,69,14.390148663649029
7010,2024-10-19 02:00:00,17.9,12.2,70,14.323819424719307
7011,2024-10-19 03:00:00,17.4,11.4,68,13.62226579466601
7012,2024-10-19 04:00:00,17.2,11.6,70,13.671717650484666
7013,2024-10-19 05:00:00,16.9,12.4,75,13.972896462943151
7014,2024-10-19 06:00:00,17.0,13.4,80,14.649107871527203
7015,2024-10-19 07:00:00,17.0,13.9,82,14.88183544575676
7016,2024-10-19 08:00:00,16.4,13.6,84,14.532460693432068
7017,2024-10-19 09:00:00,18.8,13.7,72,15.406064371199168
7018,2024-10-19 10:00:00,21.1,13.6,62,16.262474372620087
7019,2024-10-19 11:00:00,23.4,14.1,56,17.496861438808626
7020,2024-10-19 12:00:00,25.2,15.1,53,18.633220797746404
7021,2024-10-19 13:00:00,26.4,15.6,52,19.5215316665852
7022,2024-10-19 14:00:00,27.5,15.7,48,19.813534886818292
7023,2024-10-19 15:00:00,27.4,15.4,48,19.728424226790317
7024,2024-10-19 16:00:00,27.1,15.3,48,19.47309196611782
7025,2024-10-19 17:00:00,26.8,15.1,49,19.382357954983203
7026,2024-10-19 18:00:00,25.6,14.9,52,18.82708190287048
7027,2024-10-19 19:00:00,23.2,15.4,62,18.164228659676073
7028,2024-10-19 20:00:00,22.0,15.9,68,17.87896149485
7029,2024-10-19 21:00:00,21.0,16.3,74,17.72495100957975
7030,2024-10-19 22:00:00,20.1,16.8,81,17.74981038615779
7031,2024-10-19 23:00:00,19.4,17.0,87,17.811237413918743
7032,2024-10-20 00:00:00,18.9,17.0,89,17.564915153342785
7033,2024-10-20 01:00:00,18.4,16.2,87,16.833397918600816
7034,2024-10-20 02:00:00,18.1,14.9,81,15.824423276282609
7035,2024-10-20 03:00:00,17.9,13.1,74,14.800285397249048
7036,2024-10-20 04:00:00,17.5,12.0,70,13.951190018319359
7037,2024-10-20 05:00:00,17.0,11.8,71,13.60193030490209
7038,2024-10-20 06:00:00,16.7,11.7,72,13.437117060900466
7039,2024-10-20 07:00:00,16.4,11.6,74,13.38511587651832
7040,2024-10-20 08:00:00,16.9,12.3,75,13.972896462943151
7041,2024-10-20 09:00:00,19.2,13.1,67,15.164180992552211
7042,2024-10-20 10:00:00,22.0,13.4,58,16.534329438871474
7043,2024-10-20 11:00:00,24.4,13.0,49,17.329227963589837
7044,2024-10-20 12:00:00,25.5,12.4,44,17.462773564959495
7045,2024-10-20 13:00:00,26.4,12.4,42,17.870759476890232
7046,2024-10-20 14:00:00,27.0,11.9,39,17.83004626151994
7047,2024-10-20 15:00:00,27.2,11.9,38,17.80837875568469
7048,2024-10-20 16:00:00,27.2,11.8,38,17.80837875568469
7049,2024-10-20 17:00:00,26.9,11.4,38,17.567635525312088
7050,2024-10-20 18:00:00,25.9,11.4,40,17.115833533948102
7051,2024-10-20 19:00:00,22.8,13.2,55,16.825132547398898
7052,2024-10-20 20:00:00,21.0,15.6,71,17.34033810715108
7053,2024-10-20 21:00:00,20.0,15.5,75,16.906449208381257
7054,2024-10-20 22:00:00,18.8,15.6,82,16.619379071084236
7055,2024-10-20 23:00:00,18.6,15.8,84,16.667372634966704
7056,2024-10-21 00:00:00,18.5,15.9,85,16.690602362726064
7057,2024-10-21 01:00:00,17.3,15.5,89,15.992690867584454
7058,2024-10-21 02:00:00,16.4,15.0,91,15.33930755930934
7059,2024-10-21 03:00:00,16.5,14.2,86,14.86008898655447
7060,2024-10-21 04:00:00,15.9,12.9,82,13.819999965723522
7061,2024-10-21 05:00:00,15.8,12.4,80,13.49703731183568
7062,2024-10-21 06:00:00,15.6,12.1,79,13.192443878031352
7063,2024-10-21 07:00:00,15.3,11.6,79,12.905228241820947
7064,2024-10-21 08:00:00,14.9,11.4,80,12.632982249354594
7065,2024-10-21 09:00:00,17.9,11.4,66,13.845527832465763
7066,2024-10-21 10:00:00,21.0,11.9,56,15.375615632102036
7067,2024-10-21 11:00:00,24.0,13.6,52,17.438174073214725
7068,2024-10-21 12:00:00,25.5,14.9,52,18.740275491588
7069,2024-10-21 13:00:00,26.4,15.1,50,19.201790677820956
7070,2024-10-21 14:00:00,27.0,15.1,48,19.387981118407417
7071,2024-10-21 15:00:00,27.1,14.8,47,19.305833906358767
7072,2024-10-21 16:00:00,27.0,13.9,45,18.883254055828655
7073,2024-10-21 17:00:00,26.2,13.6,46,18.379228147316304
7074,2024-10-21 18:00:00,24.8,13.1,48,17.515530133171115
7075,2024-10-21 19:00:00,22.0,14.1,61,16.942466837100923
7076,2024-10-21 20:00:00,21.4,17.2,77,18.488593722544323
7077,2024-10-21 21:00:00,20.2,17.2,83,18.095444577979862
7078,2024-10-21 22:00:00,19.2,17.0,87,17.615669649173686
7079,2024-10-21 23:00:00,18.0,16.5,91,16.919027299369453
7080,2024-10-22 00:00:00,17.0,15.9,93,16.16587689259861
7081,2024-10-22 01:00:00,16.6,15.6,94,15.885458054351485
7082,2024-10-22 02:00:00,16.4,15.4,94,15.686629426387153
7083,2024-10-22 03:00:00,16.6,15.8,95,16.001915886440084
7084,2024-10-22 04:00:00,16.8,16.0,96,16.318207069712848
7085,2024-10-22 05:00:00,16.9,16.3,96,16.418062614936723
7086,2024-10-22 06:00:00,17.1,16.6,97,16.735564394410293
7087,2024-10-22 07:00:00,16.5,16.2,98,16.251752906710845
7088,2024-10-22 08:00:00,16.9,16.3,96,16.418062614936723
7089,2024-10-22 09:00:00,19.9,17.6,87,18.300156536081975
7090,2024-10-22 10:00:00,23.0,19.0,78,20.14444956551594
7091,2024-10-22 11:00:00,25.0,19.8,72,21.21908105178365
7092,2024-10-22 12:00:00,26.5,19.0,63,21.302664595216648
7093,2024-10-22 13:00:00,27.5,18.4,57,21.2790991691924
7094,2024-10-22 14:00:00,28.1,17.4,52,20.997228696047713
7095,2024-10-22 15:00:00,28.2,16.8,50,20.74931909686499
7096,2024-10-22 16:00:00,28.6,16.6,48,20.749749121077993
7097,2024-10-22 17:00:00,28.0,17.0,51,20.74452381748933
7098,2024-10-22 18:00:00,25.4,17.9,63,20.302755029508624
7099,2024-10-22 19:00:00,23.7,18.4,72,20.000230271193264
7100,2024-10-22 20:00:00,23.2,19.5,79,20.468507487997062
7101,2024-10-22 21:00:00,22.4,19.4,83,20.224754317423752
7102,2024-10-22 22:00:00,21.8,19.3,86,20.02967912028772
7103,2024-10-22 23:00:00,21.2,19.3,89,19.824980468639705
7104,2024-10-23 00:00:00,20.5,19.2,92,19.512418345667722
7105,2024-10-23 01:00:00,19.7,18.8,95,19.090632133822414
7106,2024-10-23 02:00:00,19.0,18.4,96,18.515025910550612
7107,2024-10-23 03:00:00,18.9,18.2,96,18.4151706495667
7108,2024-10-23 04:00:00,19.4,18.5,95,18.791724683415016
7109,2024-10-23 05:00:00,18.8,18.2,97,18.436792372324074
7110,2024-10-23 06:00:00,18.0,17.9,99,17.875992267493224
7111,2024-10-23 07:00:00,17.5,17.5,100,17.37349943408824
7112,2024-10-23 08:00:00,17.5,17.3,99,17.37349943408824
7113,2024-10-23 09:00:00,19.4,19.0,98,19.16006434819324
7114,2024-10-23 10:00:00,22.1,20.5,90,20.838225525794957
7115,2024-10-23 11:00:00,25.1,20.7,77,22.01065393915377
7116,2024-10-23 12:00:00,26.9,19.6,65,21.966933158479648
7117,2024-10-23 13:00:00,28.1,18.6,57,21.81166399218594
7118,2024-10-23 14:00:00,28.7,18.0,53,21.685594435729474
7119,2024-10-23 15:00:00,29.0,17.9,51,21.608454119754782
7120,2024-10-23 16:00:00,28.9,18.0,52,21.691670421502614
7121,2024-10-23 17:00:00,28.2,17.8,53,21.249543949367173
7122,2024-10-23 18:00:00,27.0,17.1,55,20.521134319604066
7123,2024-10-23 19:00:00,24.6,17.4,64,19.718461478668935
7124,2024-10-23 20:00:00,23.6,19.2,77,20.582794953618183
7125,2024-10-23 21:00:00,22.5,20.0,86,20.712451673010985
7126,2024-10-23 22:00:00,21.5,20.0,91,20.37465067939991
7127,2024-10-23 23:00:00,20.9,20.0,94,20.160259765484934
7128,2024-10-24 00:00:00,20.5,19.8,96,20.01285326646661
7129,2024-10-24 01:00:00,20.1,19.5,96,19.61343292105659
7130,2024-10-24 02:00:00,19.5,19.1,97,19.137296919039226
7131,2024-10-24 03:00:00,18.8,18.5,98,18.55834561842749
7132,2024-10-24 04:00:00,18.3,18.0,98,18.056912998790022
7133,2024-10-24 05:00:00,19.0,18.8,99,18.880977001834637
7134,2024-10-24 06:00:00,18.9,18.8,100,18.780478583684317
7135,2024-10-24 07:00:00,18.3,18.2,100,18.177487817450995
7136,2024-10-24 08:00:00,16.0,16.0,100,15.866019020290505
7137,2024-10-24 09:00:00,17.5,17.2,98,17.25462014459759
7138,2024-10-24 10:00:00,20.5,20.0,97,20.13801662776982
7139,2024-10-24 11:00:00,24.1,19.7,76,20.92265467533095
7140,2024-10-24 12:00:00,26.0,17.8,61,20.550920055353696
7141,2024-10-24 13:00:00,27.4,16.2,51,20.226163699264944
7142,2024-10-24 14:00:00,28.1,16.2,48,20.324197877828038
7143,2024-10-24 15:00:00,28.4,17.0,50,20.921265845291785
7144,2024-10-24 16:00:00,28.2,17.8,53,21.249543949367173
7145,2024-10-24 17:00:00,27.2,18.1,58,21.169258892034325
7146,2024-10-24 18:00:00,25.8,18.0,63,20.666358906385092
7147,2024-10-24 19:00:00,23.8,18.6,73,20.230437835504286
7148,2024-10-24 20:00:00,23.0,20.1,84,20.937170175942207
7149,2024-10-24 21:00:00,22.4,20.4,88,20.874486028286167
7150,2024-10-24 22:00:00,21.8,20.4,92,20.798922547597954
7151,2024-10-24 23:00:00,21.4,20.2,93,20.530209319962594
7152,2024-10-25 00:00:00,21.0,20.0,94,20.25967345773542
7153,2024-10-25 01:00:00,20.8,19.8,94,20.06084606005174
7154,2024-10-25 02:00:00,20.5,19.3,93,19.637507164915824
7155,2024-10-25 03:00:00,20.0,18.7,93,19.141561046209926
7156,2024-10-25 04:00:00,19.2,18.1,93,18.34804653368036
7157,2024-10-25 05:00:00,19.0,17.8,93,18.14966776472551
7158,2024-10-25 06:00:00,19.0,17.8,93,18.14966776472551
7159,2024-10-25 07:00:00,18.9,17.7,93,18.05047835891709
7160,2024-10-25 08:00:00,19.6,18.5,93,18.744803902002865
7161,2024-10-25 09:00:00,22.9,19.8,82,20.5770942251379
7162,2024-10-25 10:00:00,25.8,20.8,74,22.253421994664897
7163,2024-10-25 11:00:00,27.7,20.5,65,22.69948765638627
7164,2024-10-25 12:00:00,28.5,20.2,61,22.806178179576
7165,2024-10-25 13:00:00,29.4,19.8,56,22.799879455605254
7166,2024-10-25 14:00:00,30.0,19.2,53,22.81932145182272
7167,2024-10-25 15:00:00,30.2,18.8,50,22.468779261894817
7168,2024-10-25 16:00:00,29.8,18.4,50,22.12488850726353
7169,2024-10-25 17:00:00,29.4,18.5,52,22.125695268013594
7170,2024-10-25 18:00:00,27.5,19.7,63,22.211670359160113
7171,2024-10-25 19:00:00,25.6,20.4,73,21.923379981840494
7172,2024-10-25 20:00:00,24.9,20.9,78,21.958295338676464
7173,2024-10-25 21:00:00,24.0,21.5,86,22.175533150080778
7174,2024-10-25 22:00:00,23.2,21.8,92,22.184386048634767
7175,2024-10-25 23:00:00,22.6,21.7,94,21.850290768569874
7176,2024-10-26 00:00:00,22.2,21.5,96,21.71038750176593
7177,2024-10-26 01:00:00,21.8,21.2,97,21.438950410769845
7178,2024-10-26 02:00:00,21.0,20.7,98,20.76464547070793
7179,2024-10-26 03:00:00,20.9,20.5,98,20.664359240839257
7180,2024-10-26 04:00:00,21.0,20.8,98,20.76464547070793
7181,2024-10-26 05:00:00,21.4,21.2,99,21.292935455922443
7182,2024-10-26 06:00:00,21.0,20.9,100,20.890942849421027
7183,2024-10-26 07:00:00,19.9,19.9,100,19.785462221182694
7184,2024-10-26 08:00:00,20.4,20.3,100,20.28795359190955
7185,2024-10-26 09:00:00,21.5,21.2,98,21.266076442647314
7186,2024-10-26 10:00:00,22.7,22.1,97,22.339595691096417
7187,2024-10-26 11:00:00,26.0,22.0,78,23.008413523229354
7188,2024-10-26 12:00:00,27.3,21.4,70,23.080487409006178
7189,2024-10-26 13:00:00,28.5,20.2,61,22.806178179576
7190,2024-10-26 14:00:00,29.5,19.1,54,22.55279099867826
7191,2024-10-26 15:00:00,30.0,18.6,50,22.296833962680253
7192,2024-10-26 16:00:00,30.0,18.5,50,22.296833962680253
7193,2024-10-26 17:00:00,29.2,18.6,53,22.121644005470408
7194,2024-10-26 18:00:00,28.0,18.7,57,21.72290327013314
7195,2024-10-26 19:00:00,25.9,19.9,69,21.632330789643717
7196,2024-10-26 20:00:00,25.1,20.6,76,21.871773531832925
7197,2024-10-26 21:00:00,24.0,20.7,82,21.638915139689708
7198,2024-10-26 22:00:00,23.3,20.8,86,21.4927622233277
7199,2024-10-26 23:00:00,22.7,20.7,88,21.168560523747665
7200,2024-10-27 00:00:00,21.9,20.6,93,21.02615449252914
7201,2024-10-27 01:00:00,21.4,20.5,95,20.784438793741895
7202,2024-10-27 02:00:00,21.0,20.2,96,20.512128413911014
7203,2024-10-27 03:00:00,20.5,20.0,97,20.13801662776982
7204,2024-10-27 04:00:00,20.0,19.6,98,19.761782633044536
7205,2024-10-27 05:00:00,20.4,20.0,97,20.037944712891512
7206,2024-10-27 06:00:00,20.4,20.1,98,20.1629279124439
7207,2024-10-27 07:00:00,20.2,20.1,100,20.086957079069737
7208,2024-10-27 08:00:00,18.2,18.1,100,18.076989313230808
7209,2024-10-27 09:00:00,20.1,19.8,98,19.862068971073608
7210,2024-10-27 10:00:00,22.6,21.1,92,21.59061629620653
7211,2024-10-27 11:00:00,25.5,20.5,74,21.97039398885509
7212,2024-10-27 12:00:00,27.6,17.6,54,20.888242340139012
7213,2024-10-27 13:00:00,28.9,15.8,45,20.474556292832702
7214,2024-10-27 14:00:00,29.6,15.2,42,20.504753558452418
7215,2024-10-27 15:00:00,29.9,15.8,43,20.940430705841813
7216,2024-10-27 16:00:00,29.5,15.6,43,20.609225691814522
7217,2024-10-27 17:00:00,28.4,15.6,46,20.231945324972447
7218,2024-10-27 18:00:00,26.6,15.9,52,19.6951436894067
7219,2024-10-27 19:00:00,24.6,16.5,61,19.287967316188727
7220,2024-10-27 20:00:00,23.5,18.4,73,19.948280127251767
7221,2024-10-27 21:00:00,22.7,19.8,84,20.646048666190154
7222,2024-10-27 22:00:00,22.1,20.1,89,20.70935167315365
7223,2024-10-27 23:00:00,21.6,20.3,92,20.600998975469377
7224,2024-10-28 00:00:00,21.2,20.2,94,20.4585008028256
7225,2024-10-28 01:00:00,20.9,20.0,95,20.286260752045504
7226,2024-10-28 02:00:00,20.5,19.6,95,19.887718087684394
7227,2024-10-28 03:00:00,19.5,18.9,96,19.01430201892795
7228,2024-10-28 04:00:00,20.0,19.1,94,19.265535937846384
7229,2024-10-28 05:00:00,19.7,18.9,95,19.090632133822414
7230,2024-10-28 06:00:00,21.0,19.8,93,20.133452941702576
7231,2024-10-28 07:00:00,20.6,19.8,95,19.987353773158215
7232,2024-10-28 08:00:00,20.5,20.0,97,20.13801662776982
7233,2024-10-28 09:00:00,23.3,21.2,88,21.756709117743203
7234,2024-10-28 10:00:00,26.0,21.0,74,22.44210723118775
7235,2024-10-28 11:00:00,27.8,20.0,63,22.484371558190993
7236,2024-10-28 12:00:00,28.9,19.4,57,22.521748610173628
7237,2024-10-28 13:00:00,29.7,18.8,52,22.386109729971423
7238,2024-10-28 14:00:00,29.9,18.5,51,22.38598804834501
7239,2024-10-28 15:00:00,29.5,18.1,50,21.86697002868113
7240,2024-10-28 16:00:00,29.0,17.9,51,21.608454119754782
7241,2024-10-28 17:00:00,28.0,18.4,56,21.562519888225676
7242,2024-10-28 18:00:00,26.5,18.9,63,21.302664595216648
7243,2024-10-28 19:00:00,25.0,19.1,70,20.9379185278721
7244,2024-10-28 20:00:00,23.7,20.7,83,21.482978880165952
7245,2024-10-28 21:00:00,22.9,20.4,86,21.102607072040147
7246,2024-10-28 22:00:00,23.2,20.8,86,21.395223458582723
7247,2024-10-28 23:00:00,23.5,20.5,83,21.289406054163347
7248,2024-10-29 00:00:00,23.6,20.5,83,21.38619247541842
7249,2024-10-29 01:00:00,23.6,20.2,81,21.119219463478615
7250,2024-10-29 02:00:00,23.5,20.1,81,21.02295094030664
7251,2024-10-29 03:00:00,23.4,20.1,82,21.059740351318695
7252,2024-10-29 04:00:00,23.3,19.9,81,20.83041384134408
7253,2024-10-29 05:00:00,23.2,19.6,80,20.601424598098813
7254,2024-10-29 06:00:00,23.1,19.5,80,20.505420080533767
7255,2024-10-29 07:00:00,23.1,19.5,80,20.505420080533767
7256,2024-10-29 08:00:00,23.6,19.3,77,20.582794953618183
7257,2024-10-29 09:00:00,25.7,19.1,67,21.158424642025317
7258,2024-10-29 10:00:00,27.5,18.6,59,21.59331314425805
7259,2024-10-29 11:00:00,28.7,18.1,53,21.685594435729474
7260,2024-10-29 12:00:00,29.5,17.8,49,21.692097678073697
7261,2024-10-29 13:00:00,29.8,17.4,47,21.59182460636178
7262,2024-10-29 14:00:00,29.9,17.0,46,21.495147974818316
7263,2024-10-29 15:00:00,29.5,16.9,47,21.33782729295184
7264,2024-10-29 16:00:00,29.0,17.0,49,21.264370468992176
7265,2024-10-29 17:00:00,28.3,16.9,50,20.83529249190285
7266,2024-10-29 18:00:00,27.0,18.0,58,20.990994100150367
7267,2024-10-29 19:00:00,26.0,18.2,62,20.699879027772823
7268,2024-10-29 20:00:00,24.9,20.1,75,21.543310225699845
7269,2024-10-29 21:00:00,24.5,20.2,77,21.43951086280806
7270,2024-10-29 22:00:00,24.0,20.4,80,21.369460088070777
7271,2024-10-29 23:00:00,23.9,20.6,82,21.5423860505468
7272,2024-10-30 00:00:00,23.9,20.4,81,21.40802492835916
7273,2024-10-30 01:00:00,23.6,20.9,85,21.652471032047707
7274,2024-10-30 02:00:00,23.5,21.0,86,21.68783970691671
7275,2024-10-30 03:00:00,23.6,21.2,86,21.78537842584449
7276,2024-10-30 04:00:00,23.6,21.3,87,21.91814568909352
7277,2024-10-30 05:00:00,23.5,21.2,87,21.820362473979888
7278,2024-10-30 06:00:00,23.9,21.0,84,21.810533828644644
7279,2024-10-30 07:00:00,24.4,20.9,81,21.889367024020075
7280,2024-10-30 08:00:00,22.8,21.6,93,21.918854975492117
7281,2024-10-30 09:00:00,23.8,22.0,90,22.512706530269526
7282,2024-10-30 10:00:00,24.0,22.0,89,22.57635370460449
7283,2024-10-30 11:00:00,23.5,21.4,88,21.952758532627048
7284,2024-10-30 12:00:00,25.2,22.6,86,23.34599589085975
7285,2024-10-30 13:00:00,27.1,22.5,76,23.770005495431835
7286,2024-10-30 14:00:00,28.6,22.4,69,24.13920485385085
7287,2024-10-30 15:00:00,24.3,21.1,83,22.063696964577126
7288,2024-10-30 16:00:00,25.6,22.2,82,23.183378314443768
7289,2024-10-30 17:00:00,26.5,22.4,78,23.485739255525633
7290,2024-10-30 18:00:00,25.9,22.1,80,23.193539864135815
7291,2024-10-30 19:00:00,25.0,22.2,85,23.014545268814352
7292,2024-10-30 20:00:00,24.0,22.0,89,22.57635370460449
7293,2024-10-30 21:00:00,23.6,22.0,90,22.315708972016672
7294,2024-10-30 22:00:00,23.7,22.1,91,22.54674788971869
7295,2024-10-30 23:00:00,24.1,22.5,91,22.941673955106587
7296,2024-10-31 00:00:00,24.2,22.4,89,22.77287993874167
7297,2024-10-31 01:00:00,24.0,22.4,91,22.842942458516518
7298,2024-10-31 02:00:00,24.5,22.6,89,23.067669186646857
7299,2024-10-31 03:00:00,24.5,22.8,90,23.20219755860746
7300,2024-10-31 04:00:00,24.3,22.8,91,23.139136908978514
7301,2024-10-31 05:00:00,23.8,22.8,94,23.043251624861927
7302,2024-10-31 06:00:00,24.0,22.8,93,23.109120667576917
7303,2024-10-31 07:00:00,23.6,22.9,95,22.976418465258416
7304,2024-10-31 08:00:00,22.2,20.6,91,21.065773237766347
7305,2024-10-31 09:00:00,22.4,20.4,89,21.004141810751225
7306,2024-10-31 10:00:00,23.1,20.7,86,21.297684678481335
7307,2024-10-31 11:00:00,25.5,22.0,81,22.94831814006648
7308,2024-10-31 12:00:00,26.3,22.2,78,23.29480901552926
7309,2024-10-31 13:00:00,25.1,21.8,81,22.563245242016748
7310,2024-10-31 14:00:00,23.6,22.2,92,22.580232288194317
7311,2024-10-31 15:00:00,24.3,22.1,88,22.736955618217007
7312,2024-10-31 16:00:00,24.7,22.0,85,22.72267246985345
7313,2024-10-31 17:00:00,24.5,21.5,83,22.25726952940228
7314,2024-10-31 18:00:00,24.0,21.3,85,22.041635406836566
7315,2024-10-31 19:00:00,23.0,21.3,90,21.72471596872833
7316,2024-10-31 20:00:00,23.6,22.9,96,23.108354237180855
7317,2024-10-31 21:00:00,23.0,22.6,98,22.770367615212056
7318,2024-10-31 22:00:00,22.9,22.5,98,22.670081617114537
7319,2024-10-31 23:00:00,22.7,22.4,98,22.46950958694345
7320,2024-11-01 00:00:00,22.8,22.4,98,22.569795607701042
7321,2024-11-01 01:00:00,23.1,22.4,96,22.609080670337487
7322,2024-11-01 02:00:00,22.6,22.2,98,22.36922355481354
7323,2024-11-01 03:00:00,22.5,22.1,98,22.268937511283003
7324,2024-11-01 04:00:00,22.8,22.0,96,22.309516388426744
7325,2024-11-01 05:00:00,22.5,21.5,94,21.750877282650062
7326,2024-11-01 06:00:00,22.2,21.1,93,21.323721437599147
7327,2024-11-01 07:00:00,22.0,20.8,93,21.125343487356076
7328,2024-11-01 08:00:00,22.1,21.0,93,21.224532469034667
7329,2024-11-01 09:00:00,22.4,20.8,90,21.133722466507955
7330,2024-11-01 10:00:00,23.0,20.7,87,21.33144617529103
7331,2024-11-01 11:00:00,23.9,20.8,83,21.67655164032368
7332,2024-11-01 12:00:00,25.0,20.9,78,22.053760718886572
7333,2024-11-01 13:00:00,26.2,20.9,73,22.48769251004208
7334,2024-11-01 14:00:00,26.5,21.0,72,22.625442744707033
7335,2024-11-01 15:00:00,26.9,21.0,70,22.707867582346683
7336,2024-11-01 16:00:00,27.4,20.9,67,22.726131428586225
7337,2024-11-01 17:00:00,27.0,20.6,68,22.50573892535775
7338,2024-11-01 18:00:00,26.4,20.6,70,22.24209230402107
7339,2024-11-01 19:00:00,24.9,20.6,77,21.82027298944781
7340,2024-11-01 20:00:00,24.0,21.2,84,21.907574154314933
7341,2024-11-01 21:00:00,24.2,20.6,81,21.696830237330904
7342,2024-11-01 22:00:00,23.8,20.0,79,21.042928613181623
7343,2024-11-01 23:00:00,23.3,19.9,81,20.83041384134408
7344,2024-11-02 00:00:00,23.0,19.7,82,20.673623484823008
7345,2024-11-02 01:00:00,22.1,19.5,85,20.193102378959008
7346,2024-11-02 02:00:00,21.4,19.5,89,20.021507506536192
7347,2024-11-02 03:00:00,21.0,19.5,91,19.880991288541594
7348,2024-11-02 04:00:00,21.0,19.6,92,20.00722793055387
7349,2024-11-02 05:00:00,21.1,19.9,93,20.23264205642515
7350,2024-11-02 06:00:00,21.6,20.4,93,20.728587428814095
7351,2024-11-02 07:00:00,22.0,20.8,93,21.125343487356076
7352,2024-11-02 08:00:00,21.7,21.0,96,21.21111309681995
7353,2024-11-02 09:00:00,23.1,21.6,91,21.954358393382282
7354,2024-11-02 10:00:00,23.5,21.3,87,21.820362473979888
7355,2024-11-02 11:00:00,24.5,21.2,82,22.121560334508853
7356,2024-11-02 12:00:00,25.1,21.5,80,22.425507034315682
7357,2024-11-02 13:00:00,27.0,21.9,73,23.240108069480122
7358,2024-11-02 14:00:00,25.7,21.0,75,22.30034398871887
7359,2024-11-02 15:00:00,24.4,22.3,88,22.83498018997873
7360,2024-11-02 16:00:00,24.5,22.0,85,22.528090528211134
7361,2024-11-02 17:00:00,24.6,21.5,83,22.3540557876477
7362,2024-11-02 18:00:00,24.3,21.4,84,22.19869503625805
7363,2024-11-02 19:00:00,23.1,21.1,89,21.691984960689492
7364,2024-11-02 20:00:00,23.1,21.8,92,22.085424456129754
7365,2024-11-02 21:00:00,23.2,21.7,91,22.05309000955442
7366,2024-11-02 22:00:00,23.2,21.5,90,21.92171369153626
7367,2024-11-02 23:00:00,23.5,21.8,90,22.217210172447576
7368,2024-11-03 00:00:00,23.5,21.8,90,22.217210172447576
7369,2024-11-03 01:00:00,23.5,21.8,90,22.217210172447576
7370,2024-11-03 02:00:00,23.2,21.8,92,22.184386048634767
7371,2024-11-03 03:00:00,23.1,21.9,93,22.216421570135296
7372,2024-11-03 04:00:00,23.2,21.9,92,22.184386048634767
7373,2024-11-03 05:00:00,23.2,21.8,92,22.184386048634767
7374,2024-11-03 06:00:00,23.1,21.9,93,22.216421570135296
7375,2024-11-03 07:00:00,23.4,21.9,91,22.250553201654164
7376,2024-11-03 08:00:00,23.6,22.6,94,22.84442493927852
7377,2024-11-03 09:00:00,23.7,22.6,94,22.94383828820231
7378,2024-11-03 10:00:00,25.1,23.0,88,23.52115180010784
7379,2024-11-03 11:00:00,25.2,22.5,85,23.209127059600508
7380,2024-11-03 12:00:00,27.1,23.3,80,24.345587095856484
7381,2024-11-03 13:00:00,27.7,23.1,76,24.339473641553983
7382,2024-11-03 14:00:00,25.2,22.4,84,23.07205683666233
7383,2024-11-03 15:00:00,24.1,21.4,84,22.004614464111288
7384,2024-11-03 16:00:00,27.0,23.0,79,24.106497030511296
7385,2024-11-03 17:00:00,26.6,22.6,78,23.58120434921451
7386,2024-11-03 18:00:00,26.0,22.4,80,23.289543891592203
7387,2024-11-03 19:00:00,25.0,22.2,84,22.87797654515931
7388,2024-11-03 20:00:00,23.4,22.1,93,22.51398804977411
7389,2024-11-03 21:00:00,23.5,22.4,94,22.745011578059245
7390,2024-11-03 22:00:00,24.2,23.0,93,23.30749810661632
7391,2024-11-03 23:00:00,24.0,22.9,94,23.242078261513353
7392,2024-11-04 00:00:00,24.1,22.9,93,23.20830939332344
7393,2024-11-04 01:00:00,24.0,22.9,94,23.242078261513353
7394,2024-11-04 02:00:00,24.1,22.7,92,23.07503979663569
7395,2024-11-04 03:00:00,24.0,23.2,96,23.507772880075336
7396,2024-11-04 04:00:00,24.1,23.1,94,23.341491561567256
7397,2024-11-04 05:00:00,24.2,22.8,92,23.174001259856773
7398,2024-11-04 06:00:00,24.0,22.6,92,22.976078320636418
7399,2024-11-04 07:00:00,24.0,22.6,92,22.976078320636418
7400,2024-11-04 08:00:00,24.4,23.0,92,23.371924148096095
7401,2024-11-04 09:00:00,24.7,23.2,91,23.534062660440718
7402,2024-11-04 10:00:00,26.0,22.0,79,23.14913382254549
7403,2024-11-04 11:00:00,26.9,22.6,78,23.86759952564578
7404,2024-11-04 12:00:00,28.1,22.2,70,23.825726024619673
7405,2024-11-04 13:00:00,28.7,21.6,66,23.77042042001934
7406,2024-11-04 14:00:00,28.4,21.7,67,23.648308657822593
7407,2024-11-04 15:00:00,28.5,22.0,68,23.893760340091756
7408,2024-11-04 16:00:00,28.1,21.8,69,23.674970138859376
7409,2024-11-04 17:00:00,27.0,21.9,73,23.240108069480122
7410,2024-11-04 18:00:00,26.4,22.0,77,23.248128299936983
7411,2024-11-04 19:00:00,25.8,21.5,78,22.817483106231094
7412,2024-11-04 20:00:00,25.8,21.9,79,22.95766097523238
7413,2024-11-04 21:00:00,26.0,21.7,77,22.86736728916429
7414,2024-11-04 22:00:00,25.6,21.7,79,22.766188058428252
7415,2024-11-04 23:00:00,25.6,21.4,77,22.486605985597045
7416,2024-11-05 00:00:00,25.4,22.2,83,23.128345279484304
7417,2024-11-05 01:00:00,25.0,22.1,84,22.87797654515931
7418,2024-11-05 02:00:00,24.9,21.5,82,22.507676192105755
7419,2024-11-05 03:00:00,24.6,22.0,85,22.62538150662674
7420,2024-11-05 04:00:00,24.9,22.0,84,22.780936376267384
7421,2024-11-05 05:00:00,24.9,22.0,84,22.780936376267384
7422,2024-11-05 06:00:00,22.4,21.4,94,21.65146378408321
7423,2024-11-05 07:00:00,21.0,20.7,98,20.76464547070793
7424,2024-11-05 08:00:00,21.3,20.4,95,20.68480321089319
7425,2024-11-05 09:00:00,19.8,18.1,90,18.572744658605366
7426,2024-11-05 10:00:00,19.5,17.5,88,18.03175884312283
7427,2024-11-05 11:00:00,20.2,17.4,83,18.095444577979862
7428,2024-11-05 12:00:00,22.5,17.4,72,18.875133823862445
7429,2024-11-05 13:00:00,24.0,16.5,63,19.030137771480103
7430,2024-11-05 14:00:00,24.5,16.4,60,19.05339124591331
7431,2024-11-05 15:00:00,25.0,15.1,55,18.761142094226216
7432,2024-11-05 16:00:00,25.2,15.0,53,18.633220797746404
7433,2024-11-05 17:00:00,25.0,15.3,55,18.761142094226216
7434,2024-11-05 18:00:00,23.8,16.8,65,19.12826850142205
7435,2024-11-05 19:00:00,21.9,16.1,70,18.05008859494698
7436,2024-11-05 20:00:00,21.4,18.5,83,19.25688731056725
7437,2024-11-05 21:00:00,20.6,15.6,73,17.220745002701193
7438,2024-11-05 22:00:00,19.6,14.1,71,16.031900337668098
7439,2024-11-05 23:00:00,19.1,13.0,68,15.195399828795406
7440,2024-11-06 00:00:00,18.5,11.9,65,14.275002318890824
7441,2024-11-06 01:00:00,18.1,11.6,66,14.029325311501466
7442,2024-11-06 02:00:00,18.3,11.4,64,13.970390602218853
7443,2024-11-06 03:00:00,18.5,11.4,64,14.15287107019163
7444,2024-11-06 04:00:00,18.8,11.4,63,14.303219131630062
7445,2024-11-06 05:00:00,18.9,11.6,63,14.394122287926038
7446,2024-11-06 06:00:00,18.8,11.9,64,14.42659150541602
7447,2024-11-06 07:00:00,18.9,12.5,67,14.887520622102457
7448,2024-11-06 08:00:00,18.0,12.4,70,14.416976702464666
7449,2024-11-06 09:00:00,19.0,13.8,72,15.593582535175866
7450,2024-11-06 10:00:00,20.8,15.7,73,17.408851510581812
7451,2024-11-06 11:00:00,22.8,17.4,72,19.156408250553664
7452,2024-11-06 12:00:00,24.8,17.8,65,20.043969642779928
7453,2024-11-06 13:00:00,25.9,18.2,63,20.757259803974588
7454,2024-11-06 14:00:00,26.6,18.9,63,21.39356529559205
7455,2024-11-06 15:00:00,27.0,19.6,64,21.908171306210505
7456,2024-11-06 16:00:00,27.8,19.2,60,22.01867853574588
7457,2024-11-06 17:00:00,27.5,20.0,64,22.36435888860218
7458,2024-11-06 18:00:00,26.2,21.4,75,22.77348945226576
7459,2024-11-06 19:00:00,24.2,21.0,82,21.831973267654714
7460,2024-11-06 20:00:00,24.0,21.6,86,22.175533150080778
7461,2024-11-06 21:00:00,23.6,21.6,89,22.183301069728248
7462,2024-11-06 22:00:00,23.5,22.0,91,22.34928477765206
7463,2024-11-06 23:00:00,23.3,22.5,95,22.677512495386633
7464,2024-11-07 00:00:00,23.2,22.6,97,22.839953770696614
7465,2024-11-07 01:00:00,23.2,22.8,97,22.839953770696614
7466,2024-11-07 02:00:00,23.4,22.9,97,23.04009692173086
7467,2024-11-07 03:00:00,23.4,22.6,96,22.908644845716555
7468,2024-11-07 04:00:00,23.5,22.8,95,22.876783153995458
7469,2024-11-07 05:00:00,23.6,22.9,95,22.976418465258416
7470,2024-11-07 06:00:00,23.8,22.6,94,23.043251624861927
7471,2024-11-07 07:00:00,23.5,22.9,96,23.00849954730787
7472,2024-11-07 08:00:00,23.4,23.2,99,23.302895774536758
7473,2024-11-07 09:00:00,23.6,22.9,96,23.108354237180855
7474,2024-11-07 10:00:00,25.0,22.8,88,23.42312732613657
7475,2024-11-07 11:00:00,26.2,23.1,83,23.90263376653889
7476,2024-11-07 12:00:00,27.6,22.9,75,24.098294206648845
7477,2024-11-07 13:00:00,28.2,22.5,71,24.06937176650085
7478,2024-11-07 14:00:00,28.5,22.3,69,24.0463579541333
7479,2024-11-07 15:00:00,28.8,21.9,67,24.01717890057451
7480,2024-11-07 16:00:00,28.8,21.6,65,23.706747476154558
7481,2024-11-07 17:00:00,28.2,21.6,67,23.463873398555897
7482,2024-11-07 18:00:00,26.8,22.5,77,23.628889021299624
7483,2024-11-07 19:00:00,25.0,22.2,84,22.87797654515931
7484,2024-11-07 20:00:00,24.1,23.0,93,23.20830939332344
7485,2024-11-07 21:00:00,23.5,22.9,96,23.00849954730787
7486,2024-11-07 22:00:00,23.5,22.6,94,22.745011578059245
7487,2024-11-07 23:00:00,23.5,21.3,87,21.820362473979888
7488,2024-11-08 00:00:00,22.8,20.9,89,21.39719512522416
7489,2024-11-08 01:00:00,22.4,20.9,91,21.263236701249674
7490,2024-11-08 02:00:00,22.3,21.0,93,21.422910393083637
7491,2024-11-08 03:00:00,22.4,21.3,94,21.65146378408321
7492,2024-11-08 04:00:00,23.0,21.7,92,21.986462850510634
7493,2024-11-08 05:00:00,23.4,22.0,92,22.382309194438815
7494,2024-11-08 06:00:00,23.8,22.4,92,22.778155330170918
7495,2024-11-08 07:00:00,24.1,22.7,92,23.07503979663569
7496,2024-11-08 08:00:00,23.2,22.1,94,22.446771420313848
7497,2024-11-08 09:00:00,23.0,22.0,94,22.24794458642734
7498,2024-11-08 10:00:00,25.0,22.5,86,23.15091891467487
7499,2024-11-08 11:00:00,25.0,22.8,88,23.42312732613657
7500,2024-11-08 12:00:00,24.8,22.5,87,23.09154312890733
7501,2024-11-08 13:00:00,25.9,23.1,85,23.890162858793985
7502,2024-11-08 14:00:00,26.0,22.9,83,23.709061737763808
7503,2024-11-08 15:00:00,25.5,22.3,82,23.086849488339208
7504,2024-11-08 16:00:00,25.7,22.9,85,23.69558127578561
7505,2024-11-08 17:00:00,25.5,22.6,85,23.500999633814498
7506,2024-11-08 18:00:00,24.0,22.5,91,22.842942458516518
7507,2024-11-08 19:00:00,24.0,22.8,93,23.109120667576917
7508,2024-11-08 20:00:00,23.6,22.2,92,22.580232288194317
7509,2024-11-08 21:00:00,23.3,22.1,93,22.414799235951172
7510,2024-11-08 22:00:00,23.6,22.2,92,22.580232288194317
7511,2024-11-08 23:00:00,23.5,22.1,92,22.481270747805734
7512,2024-11-09 00:00:00,22.1,21.5,97,21.739165610476736
7513,2024-11-09 01:00:00,22.0,21.1,95,21.382252025699312
7514,2024-11-09 02:00:00,21.9,21.1,96,21.410822895373066
7515,2024-11-09 03:00:00,21.8,21.1,96,21.310968002212995
7516,2024-11-09 04:00:00,21.6,21.1,97,21.238806884715135
7517,2024-11-09 05:00:00,20.8,19.8,94,20.06084606005174
7518,2024-11-09 06:00:00,19.6,18.6,94,18.867880553931844
7519,2024-11-09 07:00:00,18.9,17.4,91,17.80761790459297
7520,2024-11-09 08:00:00,18.8,17.4,92,17.8300631022552
7521,2024-11-09 09:00:00,19.0,16.9,87,17.420101817649467
7522,2024-11-09 10:00:00,19.8,17.4,86,18.07889603523115
7523,2024-11-09 11:00:00,21.1,17.8,81,18.71250100895246
7524,2024-11-09 12:00:00,22.1,18.2,79,19.415400331621356
7525,2024-11-09 13:00:00,23.4,18.8,75,20.123868435530234
7526,2024-11-09 14:00:00,25.0,19.2,70,20.9379185278721
7527,2024-11-09 15:00:00,26.5,19.8,67,21.896169891943078
7528,2024-11-09 16:00:00,27.0,19.8,65,22.058502560010027
7529,2024-11-09 17:00:00,27.5,19.5,62,22.058253544033487
7530,2024-11-09 18:00:00,25.8,20.5,73,22.11148424067438
7531,2024-11-09 19:00:00,23.8,20.8,83,21.57976526845231
7532,2024-11-09 20:00:00,22.9,20.1,85,20.971432773414488
7533,2024-11-09 21:00:00,22.8,20.4,87,21.135879550933943
7534,2024-11-09 22:00:00,23.0,20.9,88,21.46263488654246
7535,2024-11-09 23:00:00,23.0,20.9,88,21.46263488654246
7536,2024-11-10 00:00:00,22.9,20.9,88,21.36461011361849
7537,2024-11-10 01:00:00,22.6,20.9,90,21.33072035651059
7538,2024-11-10 02:00:00,22.6,21.0,91,21.460700109881994
7539,2024-11-10 03:00:00,22.5,21.0,92,21.491654624500914
7540,2024-11-10 04:00:00,22.2,21.2,94,21.45263674887784
7541,2024-11-10 05:00:00,22.1,21.3,95,21.4818875204716
7542,2024-11-10 06:00:00,22.1,21.2,94,21.353223212173734
7543,2024-11-10 07:00:00,22.1,21.0,93,21.224532469034667
7544,2024-11-10 08:00:00,21.3,21.0,98,21.065504089233404
7545,2024-11-10 09:00:00,21.8,21.0,95,21.182980998665887
7546,2024-11-10 10:00:00,22.1,20.9,93,21.224532469034667
7547,2024-11-10 11:00:00,24.0,21.9,88,22.442881818063015
7548,2024-11-10 12:00:00,25.5,21.8,80,22.80952358546141
7549,2024-11-10 13:00:00,26.5,21.5,74,22.913819973607907
7550,2024-11-10 14:00:00,27.5,21.2,69,23.117887759337957
7551,2024-11-10 15:00:00,28.1,20.9,65,23.065764300284464
7552,2024-11-10 16:00:00,28.2,20.5,63,22.847972783370537
7553,2024-11-10 17:00:00,27.7,20.6,65,22.69948765638627
7554,2024-11-10 18:00:00,26.2,21.1,74,22.63079238772628
7555,2024-11-10 19:00:00,24.3,20.6,80,21.657473102072334
7556,2024-11-10 20:00:00,22.8,20.8,88,21.266585326033468
7557,2024-11-10 21:00:00,22.1,20.4,90,20.838225525794957
7558,2024-11-10 22:00:00,21.3,20.0,92,20.304113514882772
7559,2024-11-10 23:00:00,20.9,19.6,92,19.908266041442136
7560,2024-11-11 00:00:00,20.4,19.2,93,19.53831796867289
7561,2024-11-11 01:00:00,19.8,18.8,94,19.066708273026467
7562,2024-11-11 02:00:00,19.1,18.4,95,18.492817112800264
7563,2024-11-11 03:00:00,18.8,18.0,96,18.315315375400083
7564,2024-11-11 04:00:00,18.4,17.8,96,17.915894146215262
7565,2024-11-11 05:00:00,18.0,17.4,96,17.51647270332733
7566,2024-11-11 06:00:00,17.6,17.1,97,17.235925960577713
7567,2024-11-11 07:00:00,17.5,17.0,97,17.135853674056936
7568,2024-11-11 08:00:00,18.1,17.7,97,17.736287194576757
7569,2024-11-11 09:00:00,20.1,18.7,92,19.116570425179752
7570,2024-11-11 10:00:00,22.1,19.8,87,20.451395887661448
7571,2024-11-11 11:00:00,24.0,20.1,79,21.234402173748602
7572,2024-11-11 12:00:00,25.5,20.0,72,21.687868819377503
7573,2024-11-11 13:00:00,26.5,19.5,66,21.748708778222404
7574,2024-11-11 14:00:00,27.0,18.9,61,21.453025493582842
7575,2024-11-11 15:00:00,27.2,17.7,56,20.855454330279773
7576,2024-11-11 16:00:00,27.0,17.0,54,20.362592678269223
7577,2024-11-11 17:00:00,26.5,16.6,55,20.08113766564684
7578,2024-11-11 18:00:00,24.7,17.5,64,19.809699709679073
7579,2024-11-11 19:00:00,22.6,16.1,67,18.299646234490723
7580,2024-11-11 20:00:00,22.0,17.5,76,18.92949851398019
7581,2024-11-11 21:00:00,20.9,15.9,73,17.50290472814082
7582,2024-11-11 22:00:00,20.4,15.2,72,16.906206749791505
7583,2024-11-11 23:00:00,19.5,15.1,75,16.433297115099904
7584,2024-11-12 00:00:00,18.4,14.9,80,15.99318621122448
7585,2024-11-12 01:00:00,17.5,14.8,84,15.599917821254202
7586,2024-11-12 02:00:00,17.2,14.6,85,15.425805068353974
7587,2024-11-12 03:00:00,16.8,14.4,86,15.152708616320371
7588,2024-11-12 04:00:00,16.3,13.9,86,14.665009140624885
7589,2024-11-12 05:00:00,15.9,13.6,86,14.274849224194309
7590,2024-11-12 06:00:00,15.6,13.4,86,13.98222908863097
7591,2024-11-12 07:00:00,15.1,13.2,88,13.718629281689832
7592,2024-11-12 08:00:00,15.4,13.6,89,14.125668975735838
7593,2024-11-12 09:00:00,16.6,14.5,87,15.073282489823637
7594,2024-11-12 10:00:00,18.5,14.9,80,16.089191647403556
7595,2024-11-12 11:00:00,20.4,15.6,74,17.158888517138315
7596,2024-11-12 12:00:00,22.1,15.4,66,17.705247874034967
7597,2024-11-12 13:00:00,23.2,14.6,58,17.603937213598662
7598,2024-11-12 14:00:00,23.9,14.2,55,17.793139784010005
7599,2024-11-12 15:00:00,24.2,14.1,53,17.761104923357895
7600,2024-11-12 16:00:00,24.2,13.9,52,17.611788174766286
7601,2024-11-12 17:00:00,23.9,13.9,54,17.646713822183177
7602,2024-11-12 18:00:00,22.5,16.8,70,18.609025277667264
7603,2024-11-12 19:00:00,21.4,15.1,67,17.193015308884377
7604,2024-11-12 20:00:00,20.8,15.6,72,17.28124131717681
7605,2024-11-12 21:00:00,19.9,15.6,76,16.936332979182456
7606,2024-11-12 22:00:00,18.8,15.5,81,16.49830967465046
7607,2024-11-12 23:00:00,18.2,15.0,81,15.920692822906819
7608,2024-11-13 00:00:00,17.6,14.4,81,15.343075233725884
7609,2024-11-13 01:00:00,17.1,13.8,81,14.861726669661028
7610,2024-11-13 02:00:00,16.8,13.4,81,14.572917277571253
7611,2024-11-13 03:00:00,16.1,13.1,82,14.013061151369307
7612,2024-11-13 04:00:00,15.8,13.2,85,14.06371212990003
7613,2024-11-13 05:00:00,15.2,13.2,88,13.816655329414491
7614,2024-11-13 06:00:00,14.9,13.0,89,13.634346384723354
7615,2024-11-13 07:00:00,14.6,12.9,90,13.450757628725743
7616,2024-11-13 08:00:00,13.6,12.4,92,12.684008045277274
7617,2024-11-13 09:00:00,15.3,13.1,86,13.689608781470106
7618,2024-11-13 10:00:00,18.5,15.4,82,16.329788915467912
7619,2024-11-13 11:00:00,21.4,15.4,69,17.45416866251192
7620,2024-11-13 12:00:00,23.3,16.5,66,18.808015214205117
7621,2024-11-13 13:00:00,24.5,17.6,65,19.769259594542444
7622,2024-11-13 14:00:00,25.6,17.8,62,20.33764472216989
7623,2024-11-13 15:00:00,26.5,16.8,55,20.08113766564684
7624,2024-11-13 16:00:00,26.6,16.1,53,19.85417603215768
7625,2024-11-13 17:00:00,26.2,16.7,56,19.971619250482252
7626,2024-11-13 18:00:00,24.6,18.8,70,20.56529661807932
7627,2024-11-13 19:00:00,23.3,17.6,71,19.489903618430024
7628,2024-11-13 20:00:00,22.8,17.4,72,19.156408250553664
7629,2024-11-13 21:00:00,21.8,17.2,75,18.60979198126432
7630,2024-11-13 22:00:00,21.8,12.8,57,16.21966999648392
7631,2024-11-13 23:00:00,19.9,10.1,53,14.010954897743641
7632,2024-11-14 00:00:00,18.3,9.6,57,13.112938759879633
7633,2024-11-14 01:00:00,17.2,8.9,58,12.255839402910375
7634,2024-11-14 02:00:00,16.6,8.6,59,11.837875634486895
7635,2024-11-14 03:00:00,15.9,8.6,62,11.553299714154786
7636,2024-11-14 04:00:00,15.2,8.6,65,11.253109626647152
7637,2024-11-14 05:00:00,14.6,8.8,68,11.031201001253384
7638,2024-11-14 06:00:00,13.9,8.7,71,10.704632244878075
7639,2024-11-14 07:00:00,13.6,8.4,71,10.424246948326394
7640,2024-11-14 08:00:00,12.5,7.8,73,9.602341894398586
7641,2024-11-14 09:00:00,13.8,8.7,72,10.718073606968321
7642,2024-11-14 10:00:00,15.7,9.2,65,11.710974745553951
7643,2024-11-14 11:00:00,17.6,9.3,58,12.612384107682079
7644,2024-11-14 12:00:00,19.5,8.8,50,13.269453885180408
7645,2024-11-14 13:00:00,20.9,7.9,43,13.48808880629188
7646,2024-11-14 14:00:00,21.8,7.1,39,13.629347210542555
7647,2024-11-14 15:00:00,22.1,6.3,36,13.398740217100745
7648,2024-11-14 16:00:00,22.2,6.2,35,13.31628771900538
7649,2024-11-14 17:00:00,21.8,6.2,36,13.16128844067326
7650,2024-11-14 18:00:00,19.6,9.8,53,13.749313147573513
7651,2024-11-14 19:00:00,17.8,9.6,59,12.911891924281939
7652,2024-11-14 20:00:00,17.2,9.8,62,12.730603264497518
7653,2024-11-14 21:00:00,16.2,9.6,65,12.168838913346477
7654,2024-11-14 22:00:00,15.4,9.4,67,11.659794507882033
7655,2024-11-14 23:00:00,14.8,9.0,68,11.216277947968232
7656,2024-11-15 00:00:00,14.1,9.0,72,10.999355154322128
7657,2024-11-15 01:00:00,13.2,9.1,76,10.577115481397941
7658,2024-11-15 02:00:00,12.8,8.9,77,10.302066266293446
7659,2024-11-15 03:00:00,12.6,8.8,78,10.215894770693264
7660,2024-11-15 04:00:00,12.1,8.5,79,9.841581010565237
7661,2024-11-15 05:00:00,11.6,8.2,80,9.464763714182792
7662,2024-11-15 06:00:00,11.4,8.1,81,9.374313506761455
7663,2024-11-15 07:00:00,11.1,8.1,82,9.186504674321924
7664,2024-11-15 08:00:00,9.4,7.3,87,8.032759226776243
7665,2024-11-15 09:00:00,11.4,8.1,80,9.272749588803466
7666,2024-11-15 10:00:00,14.2,9.1,71,10.985017247370832
7667,2024-11-15 11:00:00,16.9,9.6,62,12.458918445888916
7668,2024-11-15 12:00:00,19.0,9.8,55,13.481066570812029
7669,2024-11-15 13:00:00,20.4,9.5,50,14.043251385356484
7670,2024-11-15 14:00:00,21.1,9.9,49,14.506126014816573
7671,2024-11-15 15:00:00,21.4,9.8,48,14.621692018564445
7672,2024-11-15 16:00:00,21.2,9.2,46,14.168407599054301
7673,2024-11-15 17:00:00,20.5,8.4,46,13.578880361119825
7674,2024-11-15 18:00:00,18.9,10.8,59,13.896401264781304
7675,2024-11-15 19:00:00,17.2,11.1,68,13.437190602969249
7676,2024-11-15 20:00:00,16.9,11.4,70,13.392245011247397
7677,2024-11-15 21:00:00,16.2,11.4,73,13.082375990983834
7678,2024-11-15 22:00:00,15.6,11.3,75,12.742689694719779
7679,2024-11-15 23:00:00,15.1,11.6,79,12.713751031914509
7680,2024-11-16 00:00:00,14.9,11.4,80,12.632982249354594
7681,2024-11-16 01:00:00,14.6,11.2,80,12.344963476705658
7682,2024-11-16 02:00:00,14.4,11.4,82,12.37203831965872
7683,2024-11-16 03:00:00,14.6,11.5,82,12.565100157598145
7684,2024-11-16 04:00:00,14.7,11.6,82,12.661631043259941
7685,2024-11-16 05:00:00,14.4,11.8,84,12.591623370206005
7686,2024-11-16 06:00:00,14.4,12.1,86,12.811746815022115
7687,2024-11-16 07:00:00,14.9,12.4,86,13.299448102347657
7688,2024-11-16 08:00:00,14.9,13.1,88,13.522577131448699
7689,2024-11-16 09:00:00,15.9,13.6,87,14.388791599219104
7690,2024-11-16 10:00:00,18.4,14.8,80,15.99318621122448
7691,2024-11-16 11:00:00,21.4,16.0,72,17.843792419251482
7692,2024-11-16 12:00:00,23.5,16.8,66,18.991809373344534
7693,2024-11-16 13:00:00,25.4,16.5,58,19.564870998065537
7694,2024-11-16 14:00:00,24.1,15.8,60,18.693960112160266
7695,2024-11-16 15:00:00,24.1,15.9,60,18.693960112160266
7696,2024-11-16 16:00:00,25.4,15.1,53,18.80764346571731
7697,2024-11-16 17:00:00,24.6,16.1,59,18.99787219426956
7698,2024-11-16 18:00:00,23.5,17.0,67,19.129616792700975
7699,2024-11-16 19:00:00,22.3,17.0,72,18.68761742105635
7700,2024-11-16 20:00:00,21.6,18.5,82,19.32221225457444
7701,2024-11-16 21:00:00,21.2,18.9,86,19.4444448816875
7702,2024-11-16 22:00:00,21.1,19.3,89,19.726716927298487
7703,2024-11-16 23:00:00,21.6,19.5,88,20.09028671684534
7704,2024-11-17 00:00:00,21.8,19.8,88,20.28633663501379
7705,2024-11-17 01:00:00,22.4,20.8,91,21.263236701249674
7706,2024-11-17 02:00:00,22.4,21.0,92,21.392692939473967
7707,2024-11-17 03:00:00,22.4,21.2,93,21.522099335522135
7708,2024-11-17 04:00:00,22.2,21.5,96,21.71038750176593
7709,2024-11-17 05:00:00,21.9,21.5,98,21.667221009089413
7710,2024-11-17 06:00:00,21.5,21.1,97,21.13873510372225
7711,2024-11-17 07:00:00,21.0,20.8,99,20.890942849421027
7712,2024-11-17 08:00:00,22.0,21.9,99,21.895924022513285
7713,2024-11-17 09:00:00,22.0,21.6,98,21.767507121623506
7714,2024-11-17 10:00:00,21.9,21.8,100,21.79542595646539
7715,2024-11-17 11:00:00,21.9,21.6,99,21.79542595646539
7716,2024-11-17 12:00:00,22.6,22.0,96,22.10980680756947
7717,2024-11-17 13:00:00,24.4,22.8,91,23.23786836632849
7718,2024-11-17 14:00:00,25.3,23.2,88,23.71720070662062
7719,2024-11-17 15:00:00,25.6,22.4,83,23.321917494578976
7720,2024-11-17 16:00:00,25.9,22.4,81,23.333390773247476
7721,2024-11-17 17:00:00,25.5,22.9,85,23.500999633814498
7722,2024-11-17 18:00:00,24.5,22.5,88,22.933004747658508
7723,2024-11-17 19:00:00,24.3,22.2,88,22.736955618217007
7724,2024-11-17 20:00:00,24.4,22.8,91,23.23786836632849
7725,2024-11-17 21:00:00,24.2,22.1,88,22.638931032335694
7726,2024-11-17 22:00:00,24.0,21.8,87,22.309278402140833
7727,2024-11-17 23:00:00,24.1,21.5,85,22.138926461824447
7728,2024-11-18 00:00:00,24.2,20.7,81,21.696830237330904
7729,2024-11-18 01:00:00,24.0,20.1,79,21.234402173748602
7730,2024-11-18 02:00:00,23.9,19.9,79,21.13866540264151
7731,2024-11-18 03:00:00,24.0,19.6,77,20.96355777381662
7732,2024-11-18 04:00:00,23.9,19.7,77,20.868367098023715
7733,2024-11-18 05:00:00,24.1,19.9,77,21.05874843020152
7734,2024-11-18 06:00:00,24.2,20.0,77,21.153939067235925
7735,2024-11-18 07:00:00,24.0,21.0,83,21.773337995826093
7736,2024-11-18 08:00:00,24.2,21.6,86,22.370610421891282
7737,2024-11-18 09:00:00,25.0,21.8,82,22.60420511546731
7738,2024-11-18 10:00:00,25.2,22.2,83,22.934773001593964
7739,2024-11-18 11:00:00,25.8,22.0,79,22.95766097523238
7740,2024-11-18 12:00:00,26.2,22.5,80,23.481551896184165
7741,2024-11-18 13:00:00,26.5,22.8,80,23.769563777978732
7742,2024-11-18 14:00:00,26.4,22.5,79,23.53207931028082
7743,2024-11-18 15:00:00,25.6,22.8,84,23.460217235727264
7744,2024-11-18 16:00:00,25.8,23.4,87,24.069372751696342
7745,2024-11-18 17:00:00,24.8,22.3,86,22.955841880003984
7746,2024-11-18 18:00:00,23.2,21.8,92,22.184386048634767
7747,2024-11-18 19:00:00,23.0,20.6,86,21.200145882981285
7748,2024-11-18 20:00:00,19.2,17.8,91,18.10381450033886
7749,2024-11-18 21:00:00,19.1,18.0,93,18.248857156300584
7750,2024-11-18 22:00:00,19.3,18.2,94,18.569638872896167
7751,2024-11-18 23:00:00,19.1,18.2,94,18.370811016854102
7752,2024-11-19 00:00:00,18.1,17.5,96,17.616328084206884
7753,2024-11-19 01:00:00,17.7,17.0,96,17.216906479562066
7754,2024-11-19 02:00:00,17.1,16.0,94,16.38252936629843
7755,2024-11-19 03:00:00,16.8,14.9,89,15.501369913172507
7756,2024-11-19 04:00:00,16.4,13.9,85,14.647466705797736
7757,2024-11-19 05:00:00,15.6,13.0,84,13.756126739569787
7758,2024-11-19 06:00:00,15.0,12.6,86,13.396988301182827
7759,2024-11-19 07:00:00,14.2,12.2,87,12.726452798046651
7760,2024-11-19 08:00:00,12.2,11.2,93,11.404753619792796
7761,2024-11-19 09:00:00,13.9,12.8,93,13.09098903831795
7762,2024-11-19 10:00:00,16.8,13.9,83,14.804675626343371
7763,2024-11-19 11:00:00,19.3,13.6,70,15.628018679024159
7764,2024-11-19 12:00:00,21.2,13.3,61,16.22076972591226
7765,2024-11-19 13:00:00,22.3,12.6,54,16.2449542819165
7766,2024-11-19 14:00:00,23.1,12.5,51,16.51120362453642
7767,2024-11-19 15:00:00,23.6,11.9,48,16.494182799546984
7768,2024-11-19 16:00:00,23.8,11.9,47,16.511796149095005
7769,2024-11-19 17:00:00,23.5,13.1,52,17.004138019129897
7770,2024-11-19 18:00:00,21.6,14.7,65,17.113715798555578
7771,2024-11-19 19:00:00,20.0,13.4,66,15.77539478886144
7772,2024-11-19 20:00:00,19.5,13.9,70,15.814332402827688
7773,2024-11-19 21:00:00,18.8,13.1,70,15.16223387648752
7774,2024-11-19 22:00:00,18.1,12.5,70,14.510133950869328
7775,2024-11-19 23:00:00,18.0,12.1,68,14.177490602877729
7776,2024-11-20 00:00:00,17.8,11.7,68,13.992415793726618
7777,2024-11-20 01:00:00,17.5,11.1,66,13.477932467161107
7778,2024-11-20 02:00:00,17.1,10.4,64,12.87550474434347
7779,2024-11-20 03:00:00,17.0,8.8,58,12.077566769187406
7780,2024-11-20 04:00:00,16.4,8.5,60,11.774795945923422
7781,2024-11-20 05:00:00,15.9,9.2,64,11.780613487721716
7782,2024-11-20 06:00:00,15.4,9.6,68,11.771507946836731
7783,2024-11-20 07:00:00,14.8,9.1,69,11.326095664892577
7784,2024-11-20 08:00:00,13.3,8.6,73,10.354785223029046
7785,2024-11-20 09:00:00,13.6,7.9,68,10.105814118104322
7786,2024-11-20 10:00:00,14.5,7.5,63,10.394346981868138
7787,2024-11-20 11:00:00,15.4,6.9,57,10.5387468327458
7788,2024-11-20 12:00:00,16.4,6.2,51,10.722589308975527
7789,2024-11-20 13:00:00,17.4,5.4,45,10.842657748953476
7790,2024-11-20 14:00:00,18.1,4.0,39,10.640244630503616
7791,2024-11-20 15:00:00,18.6,2.5,34,10.344818889392993
7792,2024-11-20 16:00:00,18.5,2.2,34,10.26681641710544
7793,2024-11-20 17:00:00,18.0,2.8,36,10.153480077797889
7794,2024-11-20 18:00:00,16.2,3.7,43,9.596076879914074
7795,2024-11-20 19:00:00,14.3,3.5,48,8.578440387598285
7796,2024-11-20 20:00:00,14.1,3.4,49,8.517505965140325
7797,2024-11-20 21:00:00,13.1,3.8,54,8.184587887233477
7798,2024-11-20 22:00:00,12.4,3.8,56,7.774258689791676
7799,2024-11-20 23:00:00,11.8,3.5,57,7.3431358706023975
7800,2024-11-21 00:00:00,11.2,3.1,57,6.81052662858761
7801,2024-11-21 01:00:00,10.6,2.8,59,6.467687321316223
7802,2024-11-21 02:00:00,10.1,2.5,59,6.020162693369272
7803,2024-11-21 03:00:00,9.5,2.3,61,5.6656455162337505
7804,2024-11-21 04:00:00,8.9,2.1,62,5.21384012968635
7805,2024-11-21 05:00:00,8.4,2.0,64,4.937404096958881
7806,2024-11-21 06:00:00,8.0,2.0,66,4.747361180351529
7807,2024-11-21 07:00:00,7.4,2.2,69,4.455046991754925
7808,2024-11-21 08:00:00,5.2,1.7,78,3.151173195469134
7809,2024-11-21 09:00:00,7.1,2.7,74,4.610915812924759
7810,2024-11-21 10:00:00,9.9,4.0,67,6.5875625578582735
7811,2024-11-21 11:00:00,12.7,4.8,59,8.34727493129529
7812,2024-11-21 12:00:00,15.2,5.6,53,9.911843541308759
7813,2024-11-21 13:00:00,17.1,4.9,44,10.466711480304133
7814,2024-11-21 14:00:00,18.2,2.3,35,10.17296515813403
7815,2024-11-21 15:00:00,18.6,1.6,32,10.05533753927911
7816,2024-11-21 16:00:00,18.6,1.9,33,10.200860118216047
7817,2024-11-21 17:00:00,18.3,3.4,37,10.529072767308348
7818,2024-11-21 18:00:00,16.8,7.5,54,11.426313100102078
7819,2024-11-21 19:00:00,14.7,6.5,58,10.027417463022534
7820,2024-11-21 20:00:00,14.6,6.5,58,9.938279930604493
7821,2024-11-21 21:00:00,13.8,5.8,59,9.331811136955544
7822,2024-11-21 22:00:00,13.4,4.7,56,8.65815818838182
7823,2024-11-21 23:00:00,12.6,4.3,57,8.053278098527372
7824,2024-11-22 00:00:00,11.9,5.0,63,8.030805121688614
7825,2024-11-22 01:00:00,11.2,4.9,65,7.590152189046311
7826,2024-11-22 02:00:00,10.6,4.8,67,7.23312618249993
7827,2024-11-22 03:00:00,10.2,4.6,68,6.959470341340522
7828,2024-11-22 04:00:00,9.8,4.3,69,6.683518988345231
7829,2024-11-22 05:00:00,9.2,4.1,70,6.219011325788831
7830,2024-11-22 06:00:00,8.9,4.0,71,6.031503031910477
7831,2024-11-22 07:00:00,8.5,3.8,73,5.840093332582198
7832,2024-11-22 08:00:00,7.4,3.5,77,5.16158721633327
7833,2024-11-22 09:00:00,9.1,4.1,71,6.2184299666853295
7834,2024-11-22 10:00:00,11.8,5.9,67,8.33980183484206
7835,2024-11-22 11:00:00,14.9,7.2,60,10.426878156700171
7836,2024-11-22 12:00:00,17.4,8.0,54,11.951990666721624
7837,2024-11-22 13:00:00,19.0,7.8,48,12.578941656208102
7838,2024-11-22 14:00:00,19.9,7.6,45,12.936623884062797
7839,2024-11-22 15:00:00,20.4,7.4,43,13.074053735829878
7840,2024-11-22 16:00:00,20.5,7.2,42,13.014157560609071
7841,2024-11-22 17:00:00,20.1,7.9,45,13.104139127615522
7842,2024-11-22 18:00:00,18.6,10.6,59,13.627899234152725
7843,2024-11-22 19:00:00,17.1,8.9,59,12.285383213765588
7844,2024-11-22 20:00:00,17.5,8.6,56,12.282086225863551
7845,2024-11-22 21:00:00,16.0,8.6,61,11.529679131364514
7846,2024-11-22 22:00:00,14.8,8.9,68,11.216277947968232
7847,2024-11-22 23:00:00,13.5,8.5,72,10.436791774710892
7848,2024-11-23 00:00:00,12.9,8.1,73,9.978563811080601
7849,2024-11-23 01:00:00,12.4,7.6,72,9.405422569837233
7850,2024-11-23 02:00:00,11.6,7.2,75,8.957408705680805
7851,2024-11-23 03:00:00,11.0,6.9,76,8.488987910547104
7852,2024-11-23 04:00:00,10.6,6.8,78,8.306526727994935
7853,2024-11-23 05:00:00,10.6,7.0,78,8.306526727994935
7854,2024-11-23 06:00:00,10.3,6.8,79,8.118267714084162
7855,2024-11-23 07:00:00,9.9,6.3,79,7.735307987279823
7856,2024-11-23 08:00:00,8.3,5.7,84,6.6720153602512475
7857,2024-11-23 09:00:00,9.8,5.9,77,7.446255513426774
7858,2024-11-23 10:00:00,12.4,7.6,72,9.405422569837233
7859,2024-11-23 11:00:00,15.4,8.8,65,11.436255789479013
7860,2024-11-23 12:00:00,18.2,9.4,57,13.02417420374329
7861,2024-11-23 13:00:00,19.9,10.7,55,14.273088247399489
7862,2024-11-23 14:00:00,21.0,11.6,55,15.241109520159341
7863,2024-11-23 15:00:00,21.4,12.6,57,15.864617662661903
7864,2024-11-23 16:00:00,21.2,13.4,61,16.22076972591226
7865,2024-11-23 17:00:00,20.6,13.2,63,15.939470482977782
7866,2024-11-23 18:00:00,19.0,13.2,69,15.225793598066716
7867,2024-11-23 19:00:00,17.5,12.9,74,14.42290743707403
7868,2024-11-23 20:00:00,17.4,12.1,71,13.975773096678328
7869,2024-11-23 21:00:00,16.9,12.1,74,13.85683971203342
7870,2024-11-23 22:00:00,16.5,12.2,76,13.70928155969403
7871,2024-11-23 23:00:00,16.4,12.2,76,13.614367855740053
7872,2024-11-24 00:00:00,16.4,12.4,77,13.729006541312604
7873,2024-11-24 01:00:00,16.3,12.7,79,13.862612872655319
7874,2024-11-24 02:00:00,15.9,12.9,82,13.819999965723522
7875,2024-11-24 03:00:00,15.9,12.9,82,13.819999965723522
7876,2024-11-24 04:00:00,16.0,12.7,81,13.80275795327313
7877,2024-11-24 05:00:00,16.4,12.6,78,13.843664973247051
7878,2024-11-24 06:00:00,16.5,12.9,80,14.169078861876237
7879,2024-11-24 07:00:00,16.7,13.1,79,14.245566073997363
7880,2024-11-24 08:00:00,15.4,12.7,84,13.562043049934154
7881,2024-11-24 09:00:00,16.7,13.4,81,14.476647437543477
7882,2024-11-24 10:00:00,19.4,15.1,76,16.461768306982567
7883,2024-11-24 11:00:00,22.2,16.6,71,18.461852179962133
7884,2024-11-24 12:00:00,24.6,17.3,64,19.718461478668935
7885,2024-11-24 13:00:00,25.8,15.7,54,19.311289260578807
7886,2024-11-24 14:00:00,26.2,16.1,54,19.661724350238806
7887,2024-11-24 15:00:00,25.6,15.6,54,19.136071480268413
7888,2024-11-24 16:00:00,25.4,16.1,57,19.41511272236129
7889,2024-11-24 17:00:00,24.8,16.1,59,19.17686901270795
7890,2024-11-24 18:00:00,23.5,15.5,61,18.29564293801957
7891,2024-11-24 19:00:00,22.1,15.9,67,17.838550511304028
7892,2024-11-24 20:00:00,21.9,17.7,77,18.964549415831808
7893,2024-11-24 21:00:00,21.5,18.1,81,19.0975767288901
7894,2024-11-24 22:00:00,21.2,18.2,83,19.06331369991817
7895,2024-11-24 23:00:00,20.9,18.0,83,18.772953151257827
7896,2024-11-25 00:00:00,20.4,17.8,85,18.539146802060266
7897,2024-11-25 01:00:00,20.2,17.7,85,18.34456347307941
7898,2024-11-25 02:00:00,20.6,17.4,82,18.35691636870421
7899,2024-11-25 03:00:00,20.7,17.0,79,18.075078735674975
7900,2024-11-25 04:00:00,20.3,16.8,80,17.817285981359927
7901,2024-11-25 05:00:00,19.8,17.0,84,17.83186624258585
7902,2024-11-25 06:00:00,19.7,17.5,87,18.104588936646746
7903,2024-11-25 07:00:00,19.5,17.5,89,18.154498199993046
7904,2024-11-25 08:00:00,18.4,16.6,90,17.193752422973922
7905,2024-11-25 09:00:00,19.5,17.5,89,18.154498199993046
7906,2024-11-25 10:00:00,21.7,18.6,83,19.54724759486788
7907,2024-11-25 11:00:00,23.9,19.4,76,20.73283066668871
7908,2024-11-25 12:00:00,25.7,20.0,71,21.732915057098435
7909,2024-11-25 13:00:00,27.1,19.1,61,21.543235874362846
7910,2024-11-25 14:00:00,28.0,18.4,56,21.562519888225676
7911,2024-11-25 15:00:00,28.5,17.8,52,21.344449865401206
7912,2024-11-25 16:00:00,28.5,17.3,51,21.176489466036482
7913,2024-11-25 17:00:00,28.1,17.4,52,20.997228696047713
7914,2024-11-25 18:00:00,26.5,18.2,61,21.001973147560825
7915,2024-11-25 19:00:00,25.0,18.4,66,20.370262061657158
7916,2024-11-25 20:00:00,23.0,17.1,70,19.074805151062762
7917,2024-11-25 21:00:00,18.0,12.6,70,14.416976702464666
7918,2024-11-25 22:00:00,16.1,10.6,70,12.64698329151991
7919,2024-11-25 23:00:00,14.6,8.9,69,11.140394336293978
7920,2024-11-26 00:00:00,13.6,8.1,69,10.21188562017439
7921,2024-11-26 01:00:00,13.1,7.6,70,9.852233512577538
7922,2024-11-26 02:00:00,12.4,6.9,69,9.097670465505878
7923,2024-11-26 03:00:00,11.9,6.3,69,8.633412588864385
7924,2024-11-26 04:00:00,11.4,6.2,70,8.268528256247377
7925,2024-11-26 05:00:00,11.1,6.1,72,8.186526489919059
7926,2024-11-26 06:00:00,10.6,6.2,74,7.913066836682244
7927,2024-11-26 07:00:00,10.1,6.1,76,7.634749729801388
7928,2024-11-26 08:00:00,8.8,5.8,81,6.871256435830309
7929,2024-11-26 09:00:00,9.5,5.9,78,7.256369450793763
7930,2024-11-26 10:00:00,10.9,6.0,72,7.9990035002650295
7931,2024-11-26 11:00:00,12.5,6.6,67,8.985359897049527
7932,2024-11-26 12:00:00,14.3,7.3,63,10.212537138921554
7933,2024-11-26 13:00:00,15.9,8.1,60,11.325491166986975
7934,2024-11-26 14:00:00,17.3,8.6,57,12.225291060129813
7935,2024-11-26 15:00:00,18.4,9.1,55,12.953049908316
7936,2024-11-26 16:00:00,18.9,9.6,55,13.393063918249087
7937,2024-11-26 17:00:00,18.7,9.8,56,13.342731405567623
7938,2024-11-26 18:00:00,17.9,10.6,62,13.364533106359602
7939,2024-11-26 19:00:00,16.9,11.5,71,13.508469533855184
7940,2024-11-26 20:00:00,16.5,11.7,73,13.36453916015381
7941,2024-11-26 21:00:00,15.9,11.9,77,13.253044603022257
7942,2024-11-26 22:00:00,15.4,11.7,79,13.000966810968627
7943,2024-11-26 23:00:00,15.1,11.2,78,12.602589774104239
7944,2024-11-27 00:00:00,14.8,11.4,80,12.536976015299526
7945,2024-11-27 01:00:00,14.6,12.2,86,13.006827388815363
7946,2024-11-27 02:00:00,14.6,12.8,89,13.339552616587742
7947,2024-11-27 03:00:00,14.6,12.9,90,13.450757628725743
7948,2024-11-27 04:00:00,14.9,13.4,90,13.74625810036876
7949,2024-11-27 05:00:00,15.1,13.6,91,14.05578223578085
7950,2024-11-27 06:00:00,15.1,13.8,92,14.168451432198914
7951,2024-11-27 07:00:00,15.0,13.8,93,14.182080008959876
7952,2024-11-27 08:00:00,16.4,15.1,92,15.454966065657857
7953,2024-11-27 09:00:00,17.4,15.6,89,16.090955008335005
7954,2024-11-27 10:00:00,19.1,16.2,84,17.152578623508745
7955,2024-11-27 11:00:00,21.7,17.4,76,18.644761168417663
7956,2024-11-27 12:00:00,23.8,18.6,73,20.230437835504286
7957,2024-11-27 13:00:00,25.4,19.0,68,21.025176958188442
7958,2024-11-27 14:00:00,26.7,18.0,59,20.877332144024148
7959,2024-11-27 15:00:00,28.0,17.5,53,21.07512349436676
7960,2024-11-27 16:00:00,28.1,17.4,52,20.997228696047713
7961,2024-11-27 17:00:00,27.0,17.8,57,20.83529423974989
7962,2024-11-27 18:00:00,25.9,18.2,63,20.757259803974588
7963,2024-11-27 19:00:00,24.4,19.0,72,20.656535006905035
7964,2024-11-27 20:00:00,23.5,20.3,82,21.1562695251263
7965,2024-11-27 21:00:00,23.0,20.6,86,21.200145882981285
7966,2024-11-27 22:00:00,22.5,20.6,89,21.10240516096926
7967,2024-11-27 23:00:00,22.2,20.5,90,20.936724520177403
7968,2024-11-28 00:00:00,21.9,20.5,92,20.897884313291357
7969,2024-11-28 01:00:00,21.6,20.5,93,20.728587428814095
7970,2024-11-28 02:00:00,21.4,20.5,95,20.784438793741895
7971,2024-11-28 03:00:00,21.1,20.4,95,20.48553200702578
7972,2024-11-28 04:00:00,18.5,13.0,70,14.88276265306989
7973,2024-11-28 05:00:00,17.2,9.4,60,12.493681269846029
7974,2024-11-28 06:00:00,15.8,8.8,63,11.576106831649664
7975,2024-11-28 07:00:00,14.9,8.6,66,11.088548834190489
7976,2024-11-28 08:00:00,15.4,8.6,64,11.32440714589826
7977,2024-11-28 09:00:00,14.9,8.3,65,10.978390091341781
7978,2024-11-28 10:00:00,14.8,7.9,63,10.667061424562139
7979,2024-11-28 11:00:00,15.1,7.3,59,10.495345861988742
7980,2024-11-28 12:00:00,16.3,6.8,53,10.871221517744988
7981,2024-11-28 13:00:00,17.9,6.4,47,11.516235955649936
7982,2024-11-28 14:00:00,18.5,6.4,45,11.764008833935236
7983,2024-11-28 15:00:00,18.4,6.0,44,11.549470190428565
7984,2024-11-28 16:00:00,17.8,6.1,46,11.304957402937461
7985,2024-11-28 17:00:00,16.7,5.9,49,10.741889902313597
7986,2024-11-28 18:00:00,15.4,5.8,53,10.086276457223889
7987,2024-11-28 19:00:00,14.2,5.9,57,9.47355129600649
7988,2024-11-28 20:00:00,13.2,6.7,64,9.317087117425242
7989,2024-11-28 21:00:00,12.9,6.9,67,9.354249339541841
7990,2024-11-28 22:00:00,12.7,6.6,66,9.066742825844484
7991,2024-11-28 23:00:00,12.2,5.3,63,8.303523070315194
7992,2024-11-29 00:00:00,11.7,4.7,62,7.749652843509008
7993,2024-11-29 01:00:00,11.1,4.4,63,7.303555150982017
7994,2024-11-29 02:00:00,10.6,3.8,63,6.849022328628971
7995,2024-11-29 03:00:00,9.6,3.3,65,6.124949567150402
7996,2024-11-29 04:00:00,8.9,3.0,66,5.574484652259933
7997,2024-11-29 05:00:00,8.6,2.8,67,5.3886529222857416
7998,2024-11-29 06:00:00,8.2,2.5,67,5.019756094938833
7999,2024-11-29 07:00:00,7.9,2.2,67,4.743082981431526
8000,2024-11-29 08:00:00,7.4,2.6,71,4.629545940589679
8001,2024-11-29 09:00:00,8.1,2.4,68,5.016116584430488
8002,2024-11-29 10:00:00,9.2,2.3,62,5.485536364138335
8003,2024-11-29 11:00:00,10.7,2.5,57,6.366683862903763
8004,2024-11-29 12:00:00,12.1,2.7,52,7.107747294851698
8005,2024-11-29 13:00:00,13.2,2.5,48,7.642127894020415
8006,2024-11-29 14:00:00,14.1,2.0,44,7.967979330203956
8007,2024-11-29 15:00:00,14.8,1.6,41,8.20658296751048
8008,2024-11-29 16:00:00,14.9,0.9,39,8.05495690696616
8009,2024-11-29 17:00:00,14.5,0.6,39,7.731787201865735
8010,2024-11-29 18:00:00,13.6,0.4,41,7.2246942779590935
8011,2024-11-29 19:00:00,12.3,0.7,45,6.570799889994033
8012,2024-11-29 20:00:00,11.8,0.3,45,6.151976516950864
8013,2024-11-29 21:00:00,11.1,0.2,47,5.758317825423507
8014,2024-11-29 22:00:00,10.4,0.0,49,5.351941905536323
8015,2024-11-29 23:00:00,9.6,0.2,52,4.937369658570191
8016,2024-11-30 00:00:00,9.1,0.2,54,4.6799173893723705
8017,2024-11-30 01:00:00,8.4,0.2,56,4.238595301578787
8018,2024-11-30 02:00:00,7.9,-0.2,57,3.8811335531203763
8019,2024-11-30 03:00:00,7.3,-0.5,57,3.348508412141941
8020,2024-11-30 04:00:00,6.8,-0.9,58,2.985372308755913
8021,2024-11-30 05:00:00,6.4,-1.0,59,2.7084310612258475
8022,2024-11-30 06:00:00,6.1,-1.1,60,2.5188542542009964
8023,2024-11-30 07:00:00,5.9,-1.0,61,2.4177729726341752
8024,2024-11-30 08:00:00,5.3,0.1,69,2.505112875666976
8025,2024-11-30 09:00:00,6.2,0.3,66,3.0931020963427702
8026,2024-11-30 10:00:00,8.0,0.8,60,4.226307431036844
8027,2024-11-30 11:00:00,9.1,1.8,60,5.214822334185561
8028,2024-11-30 12:00:00,11.2,3.3,58,6.907571259741832
8029,2024-11-30 13:00:00,13.1,4.7,57,8.497115055370593
8030,2024-11-30 14:00:00,14.6,5.9,56,9.718829712541346
8031,2024-11-30 15:00:00,15.4,6.7,56,10.425939490229277
8032,2024-11-30 16:00:00,15.6,7.2,58,10.829652938827742
8033,2024-11-30 17:00:00,15.4,7.6,60,10.876185244875437
8034,2024-11-30 18:00:00,14.9,7.8,62,10.647676752365419
8035,2024-11-30 19:00:00,14.1,8.4,68,10.568508011324456
8036,2024-11-30 20:00:00,14.4,8.9,69,10.954692870812428
8037,2024-11-30 21:00:00,13.8,8.8,72,10.718073606968321
8038,2024-11-30 22:00:00,13.9,8.7,71,10.704632244878075
8039,2024-11-30 23:00:00,13.8,9.1,73,10.825061288811483
8040,2024-12-01 00:00:00,13.4,9.5,77,10.873225352226319
8041,2024-12-01 01:00:00,12.6,9.9,83,10.739575685772339
8042,2024-12-01 02:00:00,12.1,9.6,84,10.359650033619076
8043,2024-12-01 03:00:00,11.8,9.2,84,10.068522215842105
8044,2024-12-01 04:00:00,12.2,8.9,80,10.040805468642871
8045,2024-12-01 05:00:00,12.2,9.1,81,10.144481396775161
8046,2024-12-01 06:00:00,12.4,8.5,77,9.921292991314653
8047,2024-12-01 07:00:00,12.5,8.3,76,9.912712782755852
8048,2024-12-01 08:00:00,12.3,7.7,74,9.516953837073075
8049,2024-12-01 09:00:00,12.5,7.6,72,9.499183570594882
8050,2024-12-01 10:00:00,13.4,7.2,66,9.710046813979645
8051,2024-12-01 11:00:00,15.8,6.4,54,10.550179289680248
8052,2024-12-01 12:00:00,17.5,6.5,48,11.302203480307021
8053,2024-12-01 13:00:00,18.6,6.3,45,11.847767547543512
8054,2024-12-01 14:00:00,19.2,5.3,40,11.66835677337929
8055,2024-12-01 15:00:00,18.9,5.1,40,11.424430769427087
8056,2024-12-01 16:00:00,19.0,5.2,40,11.505739534572111
8057,2024-12-01 17:00:00,18.9,5.3,41,11.56125032658699
8058,2024-12-01 18:00:00,18.1,5.9,45,11.42897319507297
8059,2024-12-01 19:00:00,16.9,7.0,52,11.274743620891524
8060,2024-12-01 20:00:00,16.2,6.8,54,10.900633505376604
8061,2024-12-01 21:00:00,15.1,6.8,57,10.272448674737015
8062,2024-12-01 22:00:00,14.1,6.8,62,9.923175225259172
8063,2024-12-01 23:00:00,13.1,6.8,65,9.330065328903519
8064,2024-12-02 00:00:00,12.2,6.3,67,8.708692397885564
8065,2024-12-02 01:00:00,11.4,5.9,69,8.169153768143936
8066,2024-12-02 02:00:00,10.8,5.6,70,7.709570935761887
8067,2024-12-02 03:00:00,10.4,5.2,71,7.433451300782432
8068,2024-12-02 04:00:00,9.9,4.8,71,6.966136161144059
8069,2024-12-02 05:00:00,9.5,4.3,70,6.498492019004328
8070,2024-12-02 06:00:00,9.1,4.0,70,6.125851014428568
8071,2024-12-02 07:00:00,8.7,3.7,71,5.844575940346358
8072,2024-12-02 08:00:00,7.1,3.5,78,4.96510448065634
8073,2024-12-02 09:00:00,8.0,3.3,72,5.279903842875202
8074,2024-12-02 10:00:00,10.2,3.3,62,6.391186913566479
8075,2024-12-02 11:00:00,12.6,3.7,54,7.746510278115121
8076,2024-12-02 12:00:00,14.9,3.5,47,8.97602677318883
8077,2024-12-02 13:00:00,16.7,3.0,40,9.635612271100849
8078,2024-12-02 14:00:00,17.6,2.5,36,9.836858635738666
8079,2024-12-02 15:00:00,18.1,2.3,35,10.094379558466919
8080,2024-12-02 16:00:00,18.2,1.9,33,9.89123497635802
8081,2024-12-02 17:00:00,17.8,1.9,34,9.720795199120966
8082,2024-12-02 18:00:00,16.5,2.9,40,9.472989865295958
8083,2024-12-02 19:00:00,15.0,4.3,49,9.287490784081406
8084,2024-12-02 20:00:00,14.9,4.0,48,9.089152042245676
8085,2024-12-02 21:00:00,14.0,4.3,52,8.757202234955649
8086,2024-12-02 22:00:00,13.1,4.8,57,8.497115055370593
8087,2024-12-02 23:00:00,12.2,4.9,61,8.101500674502113
8088,2024-12-03 00:00:00,11.6,4.9,64,7.85720488988505
8089,2024-12-03 01:00:00,10.9,4.6,65,7.315427601042256
8090,2024-12-03 02:00:00,10.4,4.2,66,6.95301527362146
8091,2024-12-03 03:00:00,9.8,3.8,66,6.401604269585144
8092,2024-12-03 04:00:00,9.6,3.2,65,6.124949567150402
8093,2024-12-03 05:00:00,9.3,3.0,65,5.850222726464201
8094,2024-12-03 06:00:00,9.2,2.6,63,5.5763236731962955
8095,2024-12-03 07:00:00,8.8,2.3,64,5.302382005812603
8096,2024-12-03 08:00:00,7.7,2.3,69,4.733607355221384
8097,2024-12-03 09:00:00,8.7,2.2,63,5.121785946676372
8098,2024-12-03 10:00:00,10.9,2.2,55,6.352671974641233
8099,2024-12-03 11:00:00,13.1,2.5,49,7.661959705015933
8100,2024-12-03 12:00:00,15.1,2.9,44,8.800899574406436
8101,2024-12-03 13:00:00,16.6,3.2,41,9.679385250273814
8102,2024-12-03 14:00:00,18.0,3.1,37,10.289938285126974
8103,2024-12-03 15:00:00,18.6,2.4,34,10.344818889392993
8104,2024-12-03 16:00:00,18.0,2.9,37,10.289938285126974
8105,2024-12-03 17:00:00,17.5,4.0,41,10.415773475627217
8106,2024-12-03 18:00:00,16.5,4.9,46,10.210086007609881
8107,2024-12-03 19:00:00,15.1,5.8,53,9.824626988956599
8108,2024-12-03 20:00:00,15.8,6.2,53,10.435141541578503
8109,2024-12-03 21:00:00,14.8,6.4,57,10.006150036655376
8110,2024-12-03 22:00:00,14.4,6.2,58,9.760004708812843
8111,2024-12-03 23:00:00,14.2,6.5,60,9.79784622939602
8112,2024-12-04 00:00:00,13.6,6.3,62,9.470360302124952
8113,2024-12-04 01:00:00,13.8,6.9,63,9.758011771088935
8114,2024-12-04 02:00:00,13.5,7.8,68,10.013275229602643
8115,2024-12-04 03:00:00,13.4,8.6,73,10.448840497972894
8116,2024-12-04 04:00:00,13.4,9.8,79,11.086190809216777
8117,2024-12-04 05:00:00,14.1,11.1,82,12.08244539517035
8118,2024-12-04 06:00:00,14.9,12.2,84,13.07683346845873
8119,2024-12-04 07:00:00,15.9,14.0,89,14.616991127410305
8120,2024-12-04 08:00:00,14.8,12.2,84,12.9797914904014
8121,2024-12-04 09:00:00,16.4,13.2,81,14.18783778854683
8122,2024-12-04 10:00:00,19.1,14.9,77,16.299190648797477
8123,2024-12-04 11:00:00,22.0,16.5,71,18.274933418577746
8124,2024-12-04 12:00:00,23.6,17.4,68,19.35953721701721
8125,2024-12-04 13:00:00,22.5,17.6,74,19.14010360160008
8126,2024-12-04 14:00:00,21.0,18.6,86,19.24936667278001
8127,2024-12-04 15:00:00,20.1,19.1,94,19.36494974999251
8128,2024-12-04 16:00:00,20.9,19.4,91,19.782259367821695
8129,2024-12-04 17:00:00,19.9,19.0,95,19.2899037011104
8130,2024-12-04 18:00:00,19.8,18.9,95,19.190267924075
8131,2024-12-04 19:00:00,18.8,17.6,93,17.951288938837138
8132,2024-12-04 20:00:00,19.4,19.0,97,19.037224879140236
8133,2024-12-04 21:00:00,19.2,19.0,99,19.08197380165353
8134,2024-12-04 22:00:00,19.5,19.2,99,19.38346891063925
8135,2024-12-04 23:00:00,19.2,19.0,98,18.95949148804367
8136,2024-12-05 00:00:00,19.0,18.7,98,18.758918578206828
8137,2024-12-05 01:00:00,18.8,18.3,97,18.436792372324074
8138,2024-12-05 02:00:00,18.5,18.1,97,18.136575945513396
8139,2024-12-05 03:00:00,18.3,17.9,98,18.056912998790022
8140,2024-12-05 04:00:00,18.0,17.5,97,17.636214974142472
8141,2024-12-05 05:00:00,17.2,16.6,96,16.71762916738145
8142,2024-12-05 06:00:00,16.5,15.9,96,16.01864035029652
8143,2024-12-05 07:00:00,16.2,15.3,94,15.487800738978148
8144,2024-12-05 08:00:00,16.0,15.3,96,15.519362203210704
8145,2024-12-05 09:00:00,15.9,15.1,95,15.304461957079564
8146,2024-12-05 10:00:00,16.0,14.9,93,15.173979222897724
8147,2024-12-05 11:00:00,16.0,14.8,92,15.059115696277289
8148,2024-12-05 12:00:00,16.3,14.4,89,15.010048536631633
8149,2024-12-05 13:00:00,16.1,13.8,86,14.469929219984781
8150,2024-12-05 14:00:00,16.1,12.4,79,13.671136133659388
8151,2024-12-05 15:00:00,16.5,11.3,71,13.13462615424903
8152,2024-12-05 16:00:00,17.2,10.1,63,12.848763570015965
8153,2024-12-05 17:00:00,17.1,8.4,56,11.928536238604266
8154,2024-12-05 18:00:00,16.5,6.8,53,11.045653085893008
8155,2024-12-05 19:00:00,15.9,6.4,53,10.522357658524715
8156,2024-12-05 20:00:00,14.9,8.4,65,10.978390091341781
8157,2024-12-05 21:00:00,13.8,8.2,69,10.39758764315291
8158,2024-12-05 22:00:00,13.5,7.8,69,10.119034555531892
8159,2024-12-05 23:00:00,12.8,6.8,67,9.262027038084167
8160,2024-12-06 00:00:00,12.2,6.0,66,8.607238749711106
8161,2024-12-06 01:00:00,11.5,5.4,66,7.96393128255227
8162,2024-12-06 02:00:00,11.0,5.1,67,7.602018737309109
8163,2024-12-06 03:00:00,10.4,4.4,66,6.95301527362146
8164,2024-12-06 04:00:00,9.6,3.4,65,6.124949567150402
8165,2024-12-06 05:00:00,8.8,2.0,62,5.123274606328641
8166,2024-12-06 06:00:00,7.7,-0.4,57,3.7035921356179866
8167,2024-12-06 07:00:00,6.7,-2.2,53,2.498179204066221
8168,2024-12-06 08:00:00,5.6,-1.0,63,2.3036206291796724
8169,2024-12-06 09:00:00,5.6,-1.6,60,2.0695204029169316
8170,2024-12-06 10:00:00,6.2,-2.2,55,2.2162415261493873
8171,2024-12-06 11:00:00,7.4,-1.9,52,3.0273932763871025
8172,2024-12-06 12:00:00,8.9,-1.1,49,4.068569202710783
8173,2024-12-06 13:00:00,10.3,-0.7,46,4.9881846427863366
8174,2024-12-06 14:00:00,11.4,-0.1,45,5.816915858536756
8175,2024-12-06 15:00:00,12.2,-0.1,43,6.283559744639705
8176,2024-12-06 16:00:00,12.1,0.2,44,6.302107712865052
8177,2024-12-06 17:00:00,12.2,0.4,44,6.385402330326615
8178,2024-12-06 18:00:00,11.2,0.9,49,6.036398465097992
8179,2024-12-06 19:00:00,9.9,2.0,58,5.748752981564461
8180,2024-12-06 20:00:00,11.0,2.2,55,6.440679330723622
8181,2024-12-06 21:00:00,10.3,1.9,56,5.918049066867985
8182,2024-12-06 22:00:00,9.4,1.6,59,5.393625661814758
8183,2024-12-06 23:00:00,8.9,1.6,60,5.035092907548259
8184,2024-12-07 00:00:00,8.6,1.6,62,4.942143390376881
8185,2024-12-07 01:00:00,8.4,0.9,60,4.585768266641132
8186,2024-12-07 02:00:00,8.1,0.9,61,4.402593418066042
8187,2024-12-07 03:00:00,7.9,1.0,62,4.3081823321492365
8188,2024-12-07 04:00:00,7.9,0.4,59,4.051035876509385
8189,2024-12-07 05:00:00,7.9,0.6,60,4.136442063884234
8190,2024-12-07 06:00:00,7.9,0.7,60,4.136442063884234
8191,2024-12-07 07:00:00,7.9,0.5,60,4.136442063884234
8192,2024-12-07 08:00:00,7.7,1.8,66,4.471652475406808
8193,2024-12-07 09:00:00,7.8,1.7,65,4.476581834272311
8194,2024-12-07 10:00:00,8.2,2.3,66,4.931166736624585
8195,2024-12-07 11:00:00,8.6,2.7,66,5.298777263465176
8196,2024-12-07 12:00:00,8.4,4.4,76,6.0211817323327175
8197,2024-12-07 13:00:00,8.6,4.6,76,6.2110137492953825
8198,2024-12-07 14:00:00,8.6,5.5,81,6.678712831166685
8199,2024-12-07 15:00:00,9.1,6.1,81,7.160071635966707
8200,2024-12-07 16:00:00,10.2,7.2,81,8.219058616633518
8201,2024-12-07 17:00:00,9.9,8.1,88,8.621248347090642
8202,2024-12-07 18:00:00,10.1,8.6,91,9.119119038440367
8203,2024-12-07 19:00:00,10.0,8.9,93,9.22255920168371
8204,2024-12-07 20:00:00,11.1,9.3,88,9.79757182207484
8205,2024-12-07 21:00:00,12.5,10.6,88,11.169945477135332
8206,2024-12-07 22:00:00,14.1,12.5,90,12.958256492529461
8207,2024-12-07 23:00:00,15.4,14.0,92,14.465339665095499
8208,2024-12-08 00:00:00,15.1,14.4,95,14.50737087159985
8209,2024-12-08 01:00:00,15.2,14.6,97,14.834187335307309
8210,2024-12-08 02:00:00,15.0,14.5,97,14.634042088841067
8211,2024-12-08 03:00:00,14.1,13.4,96,13.62210195775808
8212,2024-12-08 04:00:00,13.4,13.2,98,13.14285584333479
8213,2024-12-08 05:00:00,13.6,13.4,99,13.454044154559039
8214,2024-12-08 06:00:00,13.6,13.1,97,13.23302375214434
8215,2024-12-08 07:00:00,13.7,13.1,96,13.222678068195481
8216,2024-12-08 08:00:00,11.3,10.9,97,10.931344427985893
8217,2024-12-08 09:00:00,11.6,11.2,98,11.337683498446165
8218,2024-12-08 10:00:00,11.9,11.5,97,11.531783294385477
8219,2024-12-08 11:00:00,13.5,12.8,95,12.913185802558825
8220,2024-12-08 12:00:00,14.7,13.5,93,13.884509937222315
8221,2024-12-08 13:00:00,14.1,13.4,95,13.511005663744623
8222,2024-12-08 14:00:00,14.1,13.2,95,13.511005663744623
8223,2024-12-08 15:00:00,14.6,13.6,94,13.897169060291528
8224,2024-12-08 16:00:00,14.6,13.6,94,13.897169060291528
8225,2024-12-08 17:00:00,14.4,13.9,97,14.033606006614765
8226,2024-12-08 18:00:00,14.2,13.9,98,13.945153145171563
8227,2024-12-08 19:00:00,14.4,14.0,97,14.033606006614765
8228,2024-12-08 20:00:00,14.5,14.1,97,14.133678722921193
8229,2024-12-08 21:00:00,14.5,14.0,97,14.133678722921193
8230,2024-12-08 22:00:00,14.3,13.9,97,13.93353327584379
8231,2024-12-08 23:00:00,14.8,14.2,96,14.32109318920439
8232,2024-12-09 00:00:00,15.1,14.4,96,14.620660638510078
8233,2024-12-09 01:00:00,15.2,14.6,96,14.720516425728622
8234,2024-12-09 02:00:00,15.2,14.5,95,14.607007309299537
8235,2024-12-09 03:00:00,15.2,14.5,95,14.607007309299537
8236,2024-12-09 04:00:00,15.4,14.6,95,14.806280139912975
8237,2024-12-09 05:00:00,15.4,14.5,95,14.806280139912975
8238,2024-12-09 06:00:00,15.2,14.4,95,14.607007309299537
8239,2024-12-09 07:00:00,15.2,14.4,95,14.607007309299537
8240,2024-12-09 08:00:00,15.6,14.9,96,15.119939429566461
8241,2024-12-09 09:00:00,16.0,15.2,95,15.404098276370394
8242,2024-12-09 10:00:00,17.0,15.8,92,16.048741149620444
8243,2024-12-09 11:00:00,19.2,16.5,85,17.3716457897426
8244,2024-12-09 12:00:00,21.6,17.0,75,18.42053203331328
8245,2024-12-09 13:00:00,23.4,17.5,69,19.311135914019566
8246,2024-12-09 14:00:00,24.8,18.0,66,20.186468721375284
8247,2024-12-09 15:00:00,25.4,18.1,64,20.448366529887778
8248,2024-12-09 16:00:00,25.6,18.4,64,20.630842510956985
8249,2024-12-09 17:00:00,25.5,18.5,65,20.68495879318426
8250,2024-12-09 18:00:00,24.1,18.8,72,20.37526168406683
8251,2024-12-09 19:00:00,22.5,18.9,80,19.92939259010417
8252,2024-12-09 20:00:00,21.6,19.0,85,19.706645354867014
8253,2024-12-09 21:00:00,21.0,19.4,90,19.754735642259103
8254,2024-12-09 22:00:00,20.4,19.4,94,19.663191105800617
8255,2024-12-09 23:00:00,19.9,19.1,95,19.2899037011104
8256,2024-12-10 00:00:00,19.6,18.9,95,18.99099633031805
8257,2024-12-10 01:00:00,19.2,18.5,95,18.59245298308669
8258,2024-12-10 02:00:00,18.0,17.5,97,17.636214974142472
8259,2024-12-10 03:00:00,17.4,16.9,97,17.035781374214825
8260,2024-12-10 04:00:00,16.8,16.4,97,16.43534729344783
8261,2024-12-10 05:00:00,15.9,15.6,97,15.534695253955537
8262,2024-12-10 06:00:00,14.1,12.8,92,13.17882292418933
8263,2024-12-10 07:00:00,12.5,11.3,92,11.5954138087403
8264,2024-12-10 08:00:00,14.1,13.2,95,13.511005663744623
8265,2024-12-10 09:00:00,13.8,12.5,92,12.88193404744888
8266,2024-12-10 10:00:00,14.3,11.6,84,12.494581287848337
8267,2024-12-10 11:00:00,15.5,10.9,74,12.5360112597835
8268,2024-12-10 12:00:00,16.6,10.7,68,12.881964248312084
8269,2024-12-10 13:00:00,17.5,10.2,62,13.002287720892543
8270,2024-12-10 14:00:00,17.5,9.7,60,12.763262544619494
8271,2024-12-10 15:00:00,17.2,9.0,59,12.374884592804559
8272,2024-12-10 16:00:00,16.3,8.4,59,11.569370533113098
8273,2024-12-10 17:00:00,15.4,7.8,61,10.988392253183653
8274,2024-12-10 18:00:00,14.5,6.0,57,9.739850912459564
8275,2024-12-10 19:00:00,13.5,4.7,55,8.640841425645757
8276,2024-12-10 20:00:00,12.7,3.5,54,7.834125934073995
8277,2024-12-10 21:00:00,12.0,2.2,51,6.920956095119346
8278,2024-12-10 22:00:00,10.4,0.9,52,5.631896019072833
8279,2024-12-10 23:00:00,9.1,0.0,53,4.591507007147076
8280,2024-12-11 00:00:00,8.3,-0.5,54,3.9789687392347695
8281,2024-12-11 01:00:00,7.8,-1.4,53,3.4576274544351584
8282,2024-12-11 02:00:00,7.3,-2.4,50,2.7796290939141803
8283,2024-12-11 03:00:00,6.9,-2.3,52,2.5933014744734644
8284,2024-12-11 04:00:00,6.7,-2.2,53,2.498179204066221
8285,2024-12-11 05:00:00,6.2,-1.8,57,2.3720219000928644
8286,2024-12-11 06:00:00,5.8,-1.5,60,2.2492541536242436
8287,2024-12-11 07:00:00,5.2,-1.4,62,1.862876294636358
8288,2024-12-11 08:00:00,3.5,-1.0,72,1.0605447874263643
8289,2024-12-11 09:00:00,4.2,-1.1,69,1.4837103466147337
8290,2024-12-11 10:00:00,6.1,-1.3,59,2.43990820317335
8291,2024-12-11 11:00:00,8.3,-1.0,52,3.8087525507653375
8292,2024-12-11 12:00:00,10.6,-0.7,45,5.146789155357649
8293,2024-12-11 13:00:00,12.5,-0.6,40,6.220441925652052
8294,2024-12-11 14:00:00,13.7,-0.8,37,6.862215858273661
8295,2024-12-11 15:00:00,14.4,-1.2,34,7.068586314383964
8296,2024-12-11 16:00:00,14.6,-1.9,32,6.9833959137380095
8297,2024-12-11 17:00:00,14.6,-2.9,30,6.7379302219309825
8298,2024-12-11 18:00:00,13.6,-2.6,32,6.215364046868832
8299,2024-12-11 19:00:00,11.8,-1.4,40,5.651224639104445
8300,2024-12-11 20:00:00,11.9,-1.5,39,5.631131015363193
8301,2024-12-11 21:00:00,11.1,-0.7,44,5.469155210300828
8302,2024-12-11 22:00:00,10.4,-0.4,47,5.165566716165964
8303,2024-12-11 23:00:00,9.6,-0.6,49,4.667479241009188
8304,2024-12-12 00:00:00,9.1,-0.4,51,4.415251289860221
8305,2024-12-12 01:00:00,8.6,-0.4,53,4.155401205788422
8306,2024-12-12 02:00:00,8.1,-0.5,55,3.888436431594691
8307,2024-12-12 03:00:00,7.2,-0.5,58,3.3419413198376215
8308,2024-12-12 04:00:00,6.8,-0.6,59,3.066460539617543
8309,2024-12-12 05:00:00,6.5,-0.6,60,2.8783200873374932
8310,2024-12-12 06:00:00,6.1,-0.5,63,2.7581672456704736
8311,2024-12-12 07:00:00,5.6,-0.2,66,2.54167863883362
8312,2024-12-12 08:00:00,2.8,-0.9,76,0.7058275476027998
8313,2024-12-12 09:00:00,4.2,-0.4,72,1.716895306937742
8314,2024-12-12 10:00:00,7.7,-1.0,54,3.4532537902187954
8315,2024-12-12 11:00:00,11.6,-0.2,44,5.8856329152662195
8316,2024-12-12 12:00:00,14.6,2.2,43,8.271090414209835
8317,2024-12-12 13:00:00,16.3,2.8,41,9.433920645074583
8318,2024-12-12 14:00:00,17.0,2.8,39,9.751565369789502
8319,2024-12-12 15:00:00,17.6,3.2,38,10.104216105796134
8320,2024-12-12 16:00:00,17.9,3.2,38,10.344984948547182
8321,2024-12-12 17:00:00,16.9,3.8,42,10.05067148379956
8322,2024-12-12 18:00:00,14.5,4.8,52,9.19126506106441
8323,2024-12-12 19:00:00,13.4,5.2,57,8.763416531028266
8324,2024-12-12 20:00:00,12.9,5.4,61,8.733012440185703
8325,2024-12-12 21:00:00,12.6,5.8,63,8.667146344487794
8326,2024-12-12 22:00:00,13.1,6.2,63,9.121674397435694
8327,2024-12-12 23:00:00,13.6,6.6,63,9.576201316196236
8328,2024-12-13 00:00:00,14.0,7.2,64,10.047024014999899
8329,2024-12-13 01:00:00,14.0,8.1,68,10.475969305472374
8330,2024-12-13 02:00:00,13.9,8.7,71,10.704632244878075
8331,2024-12-13 03:00:00,14.1,9.6,74,11.21517733970649
8332,2024-12-13 04:00:00,14.4,10.4,77,11.825155006242102
8333,2024-12-13 05:00:00,14.5,11.1,80,12.248957172017715
8334,2024-12-13 06:00:00,14.4,11.6,83,12.481766022363697
8335,2024-12-13 07:00:00,14.3,11.9,85,12.604322587191227
8336,2024-12-13 08:00:00,14.3,12.8,91,13.265919098365767
8337,2024-12-13 09:00:00,14.8,13.3,91,13.75958368612756
8338,2024-12-13 10:00:00,15.6,13.7,88,14.208759338907601
8339,2024-12-13 11:00:00,17.3,13.9,80,14.937125013862499
8340,2024-12-13 12:00:00,18.0,14.1,78,15.371136643131084
8341,2024-12-13 13:00:00,18.8,14.8,78,16.13487028986888
8342,2024-12-13 14:00:00,19.9,15.2,75,16.811818836664838
8343,2024-12-13 15:00:00,19.6,15.6,77,16.775148823784175
8344,2024-12-13 16:00:00,18.8,15.9,83,16.740424738510622
8345,2024-12-13 17:00:00,18.8,16.0,84,16.861455085549327
8346,2024-12-13 18:00:00,18.6,16.2,86,16.90842296596126
8347,2024-12-13 19:00:00,18.2,16.5,90,16.996753283731607
8348,2024-12-13 20:00:00,17.7,17.0,95,17.097913498986603
8349,2024-12-13 21:00:00,17.4,16.5,95,16.799005228942622
8350,2024-12-13 22:00:00,17.5,16.5,94,16.780186153139073
8351,2024-12-13 23:00:00,17.8,16.4,91,16.721562551660295
8352,2024-12-14 00:00:00,18.1,16.1,88,16.65940300820359
8353,2024-12-14 01:00:00,18.4,15.7,85,16.59331037285418
8354,2024-12-14 02:00:00,17.9,15.8,87,16.344477533521985
8355,2024-12-14 03:00:00,18.0,16.1,89,16.680539505850565
8356,2024-12-14 04:00:00,18.5,16.3,87,16.93118194418803
8357,2024-12-14 05:00:00,18.6,16.3,86,16.90842296596126
8358,2024-12-14 06:00:00,19.3,16.3,83,17.224360814090332
8359,2024-12-14 07:00:00,19.5,16.2,81,17.17219508726418
8360,2024-12-14 08:00:00,18.7,17.0,90,17.489251014203816
8361,2024-12-14 09:00:00,18.9,17.1,90,17.6862499971054
8362,2024-12-14 10:00:00,20.0,17.6,86,18.27397464146205
8363,2024-12-14 11:00:00,22.2,17.9,76,19.119323304686585
8364,2024-12-14 12:00:00,23.5,18.0,72,19.812714428157374
8365,2024-12-14 13:00:00,24.5,19.0,71,20.611410990965382
8366,2024-12-14 14:00:00,25.4,18.9,68,21.025176958188442
8367,2024-12-14 15:00:00,25.2,18.8,67,20.697333047640083
8368,2024-12-14 16:00:00,23.7,18.1,71,19.863739784410804
8369,2024-12-14 17:00:00,23.8,18.2,71,19.95719876685831
8370,2024-12-14 18:00:00,23.1,18.4,75,19.83997951764181
8371,2024-12-14 19:00:00,22.5,18.4,77,19.535695566316242
8372,2024-12-14 20:00:00,20.9,20.2,96,20.412273409521916
8373,2024-12-14 21:00:00,20.6,19.8,95,19.987353773158215
8374,2024-12-14 22:00:00,20.0,19.6,98,19.761782633044536
8375,2024-12-14 23:00:00,19.8,19.4,98,19.561209920442767
8376,2024-12-15 00:00:00,19.4,19.0,98,19.16006434819324
8377,2024-12-15 01:00:00,19.6,19.2,97,19.23736894629118
8378,2024-12-15 02:00:00,19.6,19.3,98,19.360637158909025
8379,2024-12-15 03:00:00,19.5,19.3,98,19.26035075971458
8380,2024-12-15 04:00:00,19.2,19.0,98,18.95949148804367
8381,2024-12-15 05:00:00,19.0,18.7,98,18.758918578206828
8382,2024-12-15 06:00:00,18.8,18.5,98,18.55834561842749
8383,2024-12-15 07:00:00,18.6,18.3,98,18.357772608448688
8384,2024-12-15 08:00:00,19.1,18.9,98,18.859205039352073
8385,2024-12-15 09:00:00,19.6,19.2,97,19.23736894629118
8386,2024-12-15 10:00:00,21.4,20.2,93,20.530209319962594
8387,2024-12-15 11:00:00,23.4,20.2,82,21.059740351318695
8388,2024-12-15 12:00:00,25.2,19.3,70,21.124229342540996
8389,2024-12-15 13:00:00,25.9,18.3,63,20.757259803974588
8390,2024-12-15 14:00:00,26.4,17.9,60,20.760682015915286
8391,2024-12-15 15:00:00,26.1,17.8,60,20.49111055246778
8392,2024-12-15 16:00:00,26.1,17.5,59,20.340345062675073
8393,2024-12-15 17:00:00,25.0,18.2,66,20.370262061657158
8394,2024-12-15 18:00:00,23.9,18.5,72,20.18774602297319
8395,2024-12-15 19:00:00,22.5,18.7,79,19.798348655420416
8396,2024-12-15 20:00:00,21.8,19.5,87,20.15804551611876
8397,2024-12-15 21:00:00,21.1,19.2,89,19.726716927298487
8398,2024-12-15 22:00:00,20.4,18.7,90,19.163740417940275
8399,2024-12-15 23:00:00,19.9,18.2,90,18.671243989353577
8400,2024-12-16 00:00:00,19.7,17.9,89,18.351025756501105
8401,2024-12-16 01:00:00,19.4,17.5,89,18.056234398277336
8402,2024-12-16 02:00:00,19.1,17.5,90,17.883248918072205
8403,2024-12-16 03:00:00,18.8,17.5,92,17.8300631022552
8404,2024-12-16 04:00:00,18.6,17.5,93,17.752910055709176
8405,2024-12-16 05:00:00,18.6,17.6,94,17.873741134216917
8406,2024-12-16 06:00:00,18.6,17.8,95,17.994637558728524
8407,2024-12-16 07:00:00,18.9,17.9,94,18.17198310552344
8408,2024-12-16 08:00:00,19.5,18.9,96,19.01430201892795
8409,2024-12-16 09:00:00,20.0,19.1,95,19.389539464963104
8410,2024-12-16 10:00:00,21.4,19.2,88,19.89423673792112
8411,2024-12-16 11:00:00,23.1,19.4,79,20.37277056855491
8412,2024-12-16 12:00:00,24.5,19.3,73,20.888805053007445
8413,2024-12-16 13:00:00,25.1,19.4,71,21.172163429592004
8414,2024-12-16 14:00:00,25.5,18.9,67,20.973988080145972
8415,2024-12-16 15:00:00,25.5,18.5,65,20.68495879318426
8416,2024-12-16 16:00:00,25.6,18.6,65,20.776528563188307
8417,2024-12-16 17:00:00,25.4,19.0,68,21.025176958188442
8418,2024-12-16 18:00:00,24.5,19.2,73,20.888805053007445
8419,2024-12-16 19:00:00,23.0,20.1,83,20.805473698639915
8420,2024-12-16 20:00:00,21.5,19.8,90,20.247231260062467
8421,2024-12-16 21:00:00,20.9,19.8,93,20.03426381348264
8422,2024-12-16 22:00:00,20.3,19.5,95,19.688446677767974
8423,2024-12-16 23:00:00,19.6,19.1,97,19.23736894629118
8424,2024-12-17 00:00:00,19.3,18.7,96,18.814591614749105
8425,2024-12-17 01:00:00,19.0,18.3,96,18.515025910550612
8426,2024-12-17 02:00:00,18.7,18.0,96,18.21546008801629
8427,2024-12-17 03:00:00,18.5,18.0,97,18.136575945513396
8428,2024-12-17 04:00:00,18.6,18.1,97,18.236648100717144
8429,2024-12-17 05:00:00,18.6,18.2,98,18.357772608448688
8430,2024-12-17 06:00:00,18.5,18.0,98,18.2574860845537
8431,2024-12-17 07:00:00,18.0,17.7,98,17.756053274719232
8432,2024-12-17 08:00:00,19.0,18.8,99,18.880977001834637
8433,2024-12-17 09:00:00,19.2,19.2,100,19.08197380165353
8434,2024-12-17 10:00:00,20.5,19.7,95,19.887718087684394
8435,2024-12-17 11:00:00,22.4,19.9,86,20.614912784222714
8436,2024-12-17 12:00:00,24.4,19.0,72,20.656535006905035
8437,2024-12-17 13:00:00,25.0,17.9,65,20.227109536724797
8438,2024-12-17 14:00:00,25.5,17.9,63,20.393656041899728
8439,2024-12-17 15:00:00,24.4,17.9,67,19.959585165635875
8440,2024-12-17 16:00:00,23.7,18.4,72,20.000230271193264
8441,2024-12-17 17:00:00,23.2,19.0,77,20.202031819168447
8442,2024-12-17 18:00:00,22.5,19.0,81,20.06026473645687
8443,2024-12-17 19:00:00,21.4,19.1,87,19.76691146982383
8444,2024-12-17 20:00:00,21.2,19.5,90,19.9517339329696
8445,2024-12-17 21:00:00,20.8,19.8,94,20.06084606005174
8446,2024-12-17 22:00:00,20.3,19.6,96,19.81314311918642
8447,2024-12-17 23:00:00,19.9,19.2,96,19.413722671813893
8448,2024-12-18 00:00:00,19.5,18.9,96,19.01430201892795
8449,2024-12-18 01:00:00,19.0,18.6,97,18.636936592419904
8450,2024-12-18 02:00:00,18.6,18.3,98,18.357772608448688
8451,2024-12-18 03:00:00,18.2,18.0,98,17.956626436855974
8452,2024-12-18 04:00:00,18.0,17.8,98,17.756053274719232
8453,2024-12-18 05:00:00,17.1,16.9,99,16.971504939909757
8454,2024-12-18 06:00:00,16.9,16.9,100,16.77050761628283
8455,2024-12-18 07:00:00,16.5,16.5,100,16.368512814628424
8456,2024-12-18 08:00:00,17.9,17.8,100,17.77549372591201
8457,2024-12-18 09:00:00,18.1,18.0,99,17.976490796588838
8458,2024-12-18 10:00:00,18.7,18.4,98,18.458059119729146
8459,2024-12-18 11:00:00,20.3,18.9,91,19.18986754245383
8460,2024-12-18 12:00:00,22.2,18.7,80,19.641378594942434
8461,2024-12-18 13:00:00,21.9,17.5,76,18.834586086791564
8462,2024-12-18 14:00:00,21.5,17.3,77,18.5837849029217
8463,2024-12-18 15:00:00,20.9,17.2,80,18.393315981746298
8464,2024-12-18 16:00:00,21.8,17.0,74,18.479699696152412
8465,2024-12-18 17:00:00,20.4,14.3,68,16.398378748877963
8466,2024-12-18 18:00:00,18.8,11.8,64,14.42659150541602
8467,2024-12-18 19:00:00,17.4,10.2,63,13.030571045908157
8468,2024-12-18 20:00:00,16.0,10.0,68,12.326736704819059
8469,2024-12-18 21:00:00,15.1,9.2,68,11.493893104192832
8470,2024-12-18 22:00:00,14.3,8.7,69,10.861842086432494
8471,2024-12-18 23:00:00,13.5,8.3,71,10.33078511692151
8472,2024-12-19 00:00:00,12.8,7.8,72,9.780466374502943
8473,2024-12-19 01:00:00,12.1,7.4,73,9.22611946586702
8474,2024-12-19 02:00:00,11.4,7.2,75,8.76814341741277
8475,2024-12-19 03:00:00,10.8,7.1,78,8.497464037180332
8476,2024-12-19 04:00:00,10.2,6.9,80,8.120662612417135
8477,2024-12-19 05:00:00,9.9,6.8,81,7.930244306777102
8478,2024-12-19 06:00:00,9.4,6.7,83,7.64232982833656
8479,2024-12-19 07:00:00,9.1,6.7,85,7.5450685239831365
8480,2024-12-19 08:00:00,8.2,6.7,90,7.146707778891512
8481,2024-12-19 09:00:00,8.6,7.0,90,7.540713263723717
8482,2024-12-19 10:00:00,10.4,7.6,83,8.61022182470566
8483,2024-12-19 11:00:00,12.4,8.6,78,10.024958462403909
8484,2024-12-19 12:00:00,14.1,9.8,75,11.323214686698826
8485,2024-12-19 13:00:00,15.7,10.6,72,12.499518715853043
8486,2024-12-19 14:00:00,16.8,11.1,69,13.183101632866375
8487,2024-12-19 15:00:00,17.4,11.1,67,13.504214450666211
8488,2024-12-19 16:00:00,17.5,11.1,66,13.477932467161107
8489,2024-12-19 17:00:00,17.4,11.1,67,13.504214450666211
8490,2024-12-19 18:00:00,16.3,11.9,75,13.405109276133697
8491,2024-12-19 19:00:00,14.7,12.1,85,12.993493572733033
8492,2024-12-19 20:00:00,14.6,12.1,85,12.896200856765525
8493,2024-12-19 21:00:00,14.1,11.8,86,12.51912580599873
8494,2024-12-19 22:00:00,13.6,11.6,88,12.2482363461076
8495,2024-12-19 23:00:00,12.9,11.5,91,11.883655955038911
8496,2024-12-20 00:00:00,12.6,11.2,91,11.587456260170743
8497,2024-12-20 01:00:00,11.9,10.8,93,11.107182155066596
8498,2024-12-20 02:00:00,11.3,10.4,95,10.721174750263812
8499,2024-12-20 03:00:00,11.3,10.3,94,10.616478393913374
8500,2024-12-20 04:00:00,11.1,9.9,92,10.209927159227071
8501,2024-12-20 05:00:00,10.9,9.4,91,9.908988223397639
8502,2024-12-20 06:00:00,10.2,8.6,89,9.015891320587516
8503,2024-12-20 07:00:00,9.8,7.8,88,8.523221253861633
8504,2024-12-20 08:00:00,8.1,6.8,92,7.241014958778305
8505,2024-12-20 09:00:00,8.8,6.9,88,7.5429491349713516
8506,2024-12-20 10:00:00,11.1,7.8,80,8.98472820411471
8507,2024-12-20 11:00:00,13.4,8.4,72,10.343031100127646
8508,2024-12-20 12:00:00,15.4,7.6,60,10.876185244875437
8509,2024-12-20 13:00:00,16.8,6.8,52,11.187932743540035
8510,2024-12-20 14:00:00,18.0,5.9,45,11.345214087383049
8511,2024-12-20 15:00:00,18.6,5.4,42,11.450109935507228
8512,2024-12-20 16:00:00,19.0,3.8,37,11.087049118591265
8513,2024-12-20 17:00:00,18.5,3.7,37,10.68849516341133
8514,2024-12-20 18:00:00,16.6,5.4,48,10.536152959171627
8515,2024-12-20 19:00:00,14.4,6.2,57,9.651084428643463
8516,2024-12-20 20:00:00,14.4,5.9,56,9.54205170476567
8517,2024-12-20 21:00:00,13.5,4.3,54,8.535048781614865
8518,2024-12-20 22:00:00,12.5,2.8,51,7.3529670979866495
8519,2024-12-20 23:00:00,11.4,1.9,52,6.500046587339629
8520,2024-12-21 00:00:00,10.6,1.8,54,5.994182529857046
8521,2024-12-21 01:00:00,9.8,1.7,57,5.567762801189687
8522,2024-12-21 02:00:00,9.0,1.5,59,5.035603132490419
8523,2024-12-21 03:00:00,8.3,1.2,61,4.583030142700622
8524,2024-12-21 04:00:00,7.7,0.9,62,4.127050078131617
8525,2024-12-21 05:00:00,7.2,0.9,64,3.8424652561196346
8526,2024-12-21 06:00:00,6.8,1.0,67,3.7286111951020366
8527,2024-12-21 07:00:00,6.3,1.2,70,3.5173453143854516
8528,2024-12-21 08:00:00,5.2,1.3,76,2.9838507008326776
8529,2024-12-21 09:00:00,5.5,1.2,74,3.101346103684076
8530,2024-12-21 10:00:00,6.7,0.8,66,3.5526201813783747
8531,2024-12-21 11:00:00,8.1,0.9,60,4.316172734610062
8532,2024-12-21 12:00:00,9.8,0.8,54,5.2932432738464215
8533,2024-12-21 13:00:00,11.3,0.8,48,6.024835662790355
8534,2024-12-21 14:00:00,12.6,0.8,44,6.718579680115184
8535,2024-12-21 15:00:00,13.4,1.5,44,7.38492912512779
8536,2024-12-21 16:00:00,13.8,2.2,45,7.827254342356477
8537,2024-12-21 17:00:00,13.6,2.5,47,7.875246510885743
8538,2024-12-21 18:00:00,12.8,6.3,65,9.055343237917295
8539,2024-12-21 19:00:00,11.2,5.0,65,7.590152189046311
8540,2024-12-21 20:00:00,11.2,4.3,62,7.296832150052726
8541,2024-12-21 21:00:00,10.5,4.6,67,7.140902937244039
8542,2024-12-21 22:00:00,9.9,4.4,69,6.77637146206388
8543,2024-12-21 23:00:00,9.4,4.2,70,6.405331827925066
8544,2024-12-22 00:00:00,8.8,4.2,73,6.1222639215103705
8545,2024-12-22 01:00:00,8.1,3.7,74,5.554391970884078
8546,2024-12-22 02:00:00,7.6,2.8,72,4.904853114595982
8547,2024-12-22 03:00:00,7.0,1.9,70,4.1694749015339845
8548,2024-12-22 04:00:00,6.5,1.5,70,3.7036682759914843
8549,2024-12-22 05:00:00,6.1,1.4,72,3.498407154897544
8550,2024-12-22 06:00:00,5.7,1.4,74,3.2900428620629425
8551,2024-12-22 07:00:00,5.3,1.4,75,2.995488181055677
8552,2024-12-22 08:00:00,4.5,0.9,77,2.40092062191143
8553,2024-12-22 09:00:00,5.1,1.2,76,2.8889335125363216
8554,2024-12-22 10:00:00,7.2,2.0,70,4.355797243991319
8555,2024-12-22 11:00:00,9.7,3.3,65,6.2165250841395405
8556,2024-12-22 12:00:00,12.2,5.2,63,8.303523070315194
8557,2024-12-22 13:00:00,14.1,7.2,63,10.030727122830328
8558,2024-12-22 14:00:00,15.4,9.0,65,11.436255789479013
8559,2024-12-22 15:00:00,16.3,9.6,65,12.2604116343152
8560,2024-12-22 16:00:00,16.6,10.1,65,12.535129574524902
8561,2024-12-22 17:00:00,16.0,10.2,68,12.326736704819059
8562,2024-12-22 18:00:00,14.9,10.3,74,11.969940264340355
8563,2024-12-22 19:00:00,13.6,10.4,81,11.492271424470495
8564,2024-12-22 20:00:00,13.4,10.3,82,11.406727779492261
8565,2024-12-22 21:00:00,12.6,10.5,87,11.161893542517042
8566,2024-12-22 22:00:00,12.1,10.4,90,10.988247451179054
8567,2024-12-22 23:00:00,11.8,10.4,91,10.797589612068261
8568,2024-12-23 00:00:00,11.8,10.5,92,10.902670922053325
8569,2024-12-23 01:00:00,12.1,10.8,92,11.199560836885375
8570,2024-12-23 02:00:00,12.4,11.1,91,11.389989707094912
8571,2024-12-23 03:00:00,12.9,11.4,90,11.776251945321125
8572,2024-12-23 04:00:00,13.1,11.5,90,11.97325288424977
8573,2024-12-23 05:00:00,13.3,11.6,89,12.062111066106073
8574,2024-12-23 06:00:00,13.5,11.6,88,12.150209999943112
8575,2024-12-23 07:00:00,13.8,11.7,87,12.335313456504451
8576,2024-12-23 08:00:00,13.1,11.3,89,11.865581319611106
8577,2024-12-23 09:00:00,13.9,11.6,86,12.324045033734649
8578,2024-12-23 10:00:00,16.0,12.4,79,13.575397729325424
8579,2024-12-23 11:00:00,18.5,13.0,70,14.88276265306989
8580,2024-12-23 12:00:00,20.5,13.1,62,15.719113232232957
8581,2024-12-23 13:00:00,21.5,12.2,56,15.817543846155726
8582,2024-12-23 14:00:00,21.9,12.2,54,15.894512624136375
8583,2024-12-23 15:00:00,21.9,12.4,55,16.033122814593245
8584,2024-12-23 16:00:00,21.5,12.6,57,15.953380807957284
8585,2024-12-23 17:00:00,20.8,12.6,60,15.728632000530684
8586,2024-12-23 18:00:00,19.5,12.9,66,15.315903952799928
8587,2024-12-23 19:00:00,18.7,13.4,71,15.190759003633442
8588,2024-12-23 20:00:00,17.9,15.0,83,15.869338603597594
8589,2024-12-23 21:00:00,17.3,15.1,87,15.757772499205398
8590,2024-12-23 22:00:00,17.2,15.2,88,15.777172532324155
8591,2024-12-23 23:00:00,17.4,15.2,87,15.855556715356826
8592,2024-12-24 00:00:00,17.3,15.4,88,15.875198208809024
8593,2024-12-24 01:00:00,17.5,15.4,88,16.07124951044815
8594,2024-12-24 02:00:00,17.6,15.6,88,16.16927513569962
8595,2024-12-24 03:00:00,17.6,15.8,89,16.28748324008045
8596,2024-12-24 04:00:00,17.7,15.8,88,16.26730074397018
8597,2024-12-24 05:00:00,17.7,16.3,92,16.74147804562721
8598,2024-12-24 06:00:00,17.4,16.1,92,16.444590896200214
8599,2024-12-24 07:00:00,16.9,15.9,94,16.183700885542674
8600,2024-12-24 08:00:00,16.8,16.4,97,16.43534729344783
8601,2024-12-24 09:00:00,16.7,16.2,97,16.335274899370614
8602,2024-12-24 10:00:00,18.1,16.6,91,17.017759650041125
8603,2024-12-24 11:00:00,20.0,17.2,84,18.025948257767904
8604,2024-12-24 12:00:00,21.9,17.8,77,18.964549415831808
8605,2024-12-24 13:00:00,23.0,17.6,72,19.34392441754107
8606,2024-12-24 14:00:00,23.6,17.4,68,19.35953721701721
8607,2024-12-24 15:00:00,21.4,16.9,76,18.36002362987976
8608,2024-12-24 16:00:00,21.5,16.4,72,17.937550849908103
8609,2024-12-24 17:00:00,21.4,16.5,74,18.102325537107408
8610,2024-12-24 18:00:00,20.6,17.0,80,18.105301069935678
8611,2024-12-24 19:00:00,19.0,17.1,88,17.541632127885485
8612,2024-12-24 20:00:00,17.2,16.3,94,16.481943584783554
8613,2024-12-24 21:00:00,17.6,16.5,93,16.761014770608508
8614,2024-12-24 22:00:00,17.3,16.4,94,16.58135778872595
8615,2024-12-24 23:00:00,17.2,16.5,95,16.59973297856588
8616,2024-12-25 00:00:00,16.6,16.1,97,16.235202491688927
8617,2024-12-25 01:00:00,16.5,16.0,97,16.135130070366802
8618,2024-12-25 02:00:00,16.0,15.9,99,15.866019020290505
8619,2024-12-25 03:00:00,16.0,15.7,98,15.750318790370795
8620,2024-12-25 04:00:00,15.9,15.6,98,15.650031926752138
8621,2024-12-25 05:00:00,15.9,15.6,97,15.534695253955537
8622,2024-12-25 06:00:00,16.0,15.4,96,15.519362203210704
8623,2024-12-25 07:00:00,15.6,15.2,98,15.349171254555575
8624,2024-12-25 08:00:00,14.6,13.8,95,14.009188457537302
8625,2024-12-25 09:00:00,14.8,13.8,94,14.095998235130534
8626,2024-12-25 10:00:00,16.1,14.9,93,15.273169058657917
8627,2024-12-25 11:00:00,17.6,15.4,87,16.05112509499068
8628,2024-12-25 12:00:00,18.3,15.9,86,16.615804308852685
8629,2024-12-25 13:00:00,20.0,16.1,79,17.404916464884607
8630,2024-12-25 14:00:00,20.2,15.9,77,17.34629790248746
8631,2024-12-25 15:00:00,20.6,15.9,74,17.347576108895925
8632,2024-12-25 16:00:00,20.6,15.8,74,17.347576108895925
8633,2024-12-25 17:00:00,20.5,15.7,74,17.253232324864104
8634,2024-12-25 18:00:00,20.4,15.9,75,17.284970462761482
8635,2024-12-25 19:00:00,19.4,16.6,84,17.443701997251022
8636,2024-12-25 20:00:00,18.0,15.9,88,16.561377467377
8637,2024-12-25 21:00:00,17.8,16.2,91,16.721562551660295
8638,2024-12-25 22:00:00,17.6,16.5,93,16.761014770608508
8639,2024-12-25 23:00:00,17.2,16.0,92,16.246666053623223
8640,2024-12-26 00:00:00,17.0,15.8,92,16.048741149620444
8641,2024-12-26 01:00:00,17.0,15.9,93,16.16587689259861
8642,2024-12-26 02:00:00,17.1,16.0,93,16.265066576255464
8643,2024-12-26 03:00:00,17.3,16.2,93,16.463445898661128
8644,2024-12-26 04:00:00,17.5,16.5,94,16.780186153139073
8645,2024-12-26 05:00:00,17.5,16.7,95,16.898641332989254
8646,2024-12-26 06:00:00,17.6,17.0,96,17.117051044479094
8647,2024-12-26 07:00:00,18.0,17.3,96,17.51647270332733
8648,2024-12-26 08:00:00,17.5,17.0,97,17.135853674056936
8649,2024-12-26 09:00:00,18.0,17.5,97,17.636214974142472
8650,2024-12-26 10:00:00,19.2,18.2,94,18.470224951767893
8651,2024-12-26 11:00:00,19.1,17.7,92,18.12694962491155
8652,2024-12-26 12:00:00,18.9,17.5,91,17.80761790459297
8653,2024-12-26 13:00:00,18.7,17.2,91,17.610153432172858
8654,2024-12-26 14:00:00,20.7,18.1,85,18.831021667569317
8655,2024-12-26 15:00:00,18.9,17.3,90,17.6862499971054
8656,2024-12-26 16:00:00,18.4,17.6,95,17.795365641867622
8657,2024-12-26 17:00:00,18.7,18.2,97,18.336720242976188
8658,2024-12-26 18:00:00,18.8,18.0,95,18.193909421027573
8659,2024-12-26 19:00:00,18.2,17.6,96,17.71618345162452
8660,2024-12-26 20:00:00,19.7,19.0,96,19.214012371193306
8661,2024-12-26 21:00:00,19.5,19.1,97,19.137296919039226
8662,2024-12-26 22:00:00,19.1,18.8,98,18.859205039352073
8663,2024-12-26 23:00:00,19.4,19.1,99,19.282970553035486
8664,2024-12-27 00:00:00,18.9,18.7,99,18.780478583684317
8665,2024-12-27 01:00:00,17.4,16.4,94,16.68077197816478
8666,2024-12-27 02:00:00,15.8,15.3,97,15.434622736132948
8667,2024-12-27 03:00:00,15.4,14.6,95,14.806280139912975
8668,2024-12-27 04:00:00,14.6,13.6,94,13.897169060291528
8669,2024-12-27 05:00:00,14.0,13.1,94,13.300681159690459
8670,2024-12-27 06:00:00,13.4,12.6,95,12.813549104484647
8671,2024-12-27 07:00:00,12.8,12.1,96,12.323973426473426
8672,2024-12-27 08:00:00,11.1,10.6,97,10.731198013709042
8673,2024-12-27 09:00:00,12.2,11.6,96,11.724836301861384
8674,2024-12-27 10:00:00,14.2,12.8,91,13.167186129628334
8675,2024-12-27 11:00:00,16.3,13.8,85,14.550174324762558
8676,2024-12-27 12:00:00,18.7,14.6,77,15.91842370367657
8677,2024-12-27 13:00:00,20.6,16.0,75,17.474230951481566
8678,2024-12-27 14:00:00,21.9,17.5,76,18.834586086791564
8679,2024-12-27 15:00:00,23.2,18.1,73,19.66612221873589
8680,2024-12-27 16:00:00,23.6,18.0,71,19.770280778419117
8681,2024-12-27 17:00:00,23.5,18.1,72,19.812714428157374
8682,2024-12-27 18:00:00,22.2,18.9,82,19.901388919503407
8683,2024-12-27 19:00:00,20.4,17.7,85,18.539146802060266
8684,2024-12-27 20:00:00,21.0,18.5,86,19.24936667278001
8685,2024-12-27 21:00:00,20.4,18.9,91,19.288599549380585
8686,2024-12-27 22:00:00,20.0,19.0,93,19.141561046209926
8687,2024-12-27 23:00:00,19.9,19.0,95,19.2899037011104
8688,2024-12-28 00:00:00,19.4,19.0,98,19.16006434819324
8689,2024-12-28 01:00:00,19.2,19.0,99,19.08197380165353
8690,2024-12-28 02:00:00,19.2,19.1,99,19.08197380165353
8691,2024-12-28 03:00:00,19.4,19.4,100,19.282970553035486
8692,2024-12-28 04:00:00,19.6,19.5,100,19.483967256225537
8693,2024-12-28 05:00:00,19.7,19.6,99,19.58446558982471
8694,2024-12-28 06:00:00,20.0,19.7,98,19.761782633044536
8695,2024-12-28 07:00:00,19.9,19.5,98,19.661496282844585
8696,2024-12-28 08:00:00,21.0,20.8,99,20.890942849421027
8697,2024-12-28 09:00:00,21.0,20.5,97,20.638376017884635
8698,2024-12-28 10:00:00,21.2,20.5,95,20.585167615332093
8699,2024-12-28 11:00:00,22.0,20.6,92,20.996846065451827
8700,2024-12-28 12:00:00,24.0,20.8,82,21.638915139689708
8701,2024-12-28 13:00:00,23.7,20.5,82,21.349327821702154
8702,2024-12-28 14:00:00,21.1,19.0,88,19.60016165488692
8703,2024-12-28 15:00:00,18.2,17.0,93,17.35615211649925
8704,2024-12-28 16:00:00,19.1,17.5,90,17.883248918072205
8705,2024-12-28 17:00:00,20.4,17.8,85,18.539146802060266
8706,2024-12-28 18:00:00,20.1,17.2,83,17.99865756658744
8707,2024-12-28 19:00:00,19.0,16.9,87,17.420101817649467
8708,2024-12-28 20:00:00,16.7,13.7,82,14.592244202036433
8709,2024-12-28 21:00:00,15.6,13.2,85,13.869127115693015
8710,2024-12-28 22:00:00,14.8,12.5,86,13.201907884046719
8711,2024-12-28 23:00:00,14.1,12.4,89,12.848229309328072
8712,2024-12-29 00:00:00,13.9,12.3,90,12.761255914328057
8713,2024-12-29 01:00:00,13.5,12.1,92,12.585045018744193
8714,2024-12-29 02:00:00,13.6,12.1,91,12.574787954798257
8715,2024-12-29 03:00:00,13.4,12.3,93,12.595037945981876
8716,2024-12-29 04:00:00,13.2,12.4,95,12.614275661196135
8717,2024-12-29 05:00:00,12.9,12.4,97,12.532513504163905
8718,2024-12-29 06:00:00,12.3,12.2,99,12.147554432036053
8719,2024-12-29 07:00:00,11.2,11.2,100,11.04206121710731
8720,2024-12-29 08:00:00,11.2,11.2,100,11.04206121710731
8721,2024-12-29 09:00:00,11.7,11.5,99,11.544558353899433
8722,2024-12-29 10:00:00,12.3,11.9,97,11.932075561736365
8723,2024-12-29 11:00:00,12.9,12.6,98,12.641419560836837
8724,2024-12-29 12:00:00,14.6,12.9,90,13.450757628725743
8725,2024-12-29 13:00:00,16.4,13.4,82,14.302652771146253
8726,2024-12-29 14:00:00,17.9,13.4,75,14.919206388779028
8727,2024-12-29 15:00:00,18.8,14.1,74,15.6493843086526
8728,2024-12-29 16:00:00,19.1,14.4,74,15.93241682581803
8729,2024-12-29 17:00:00,18.9,14.6,76,15.987203059022828
8730,2024-12-29 18:00:00,18.0,14.8,82,15.847138261334504
8731,2024-12-29 19:00:00,16.4,14.2,87,14.877713754639892
8732,2024-12-29 20:00:00,15.2,13.2,88,13.816655329414491
8733,2024-12-29 21:00:00,15.1,13.1,88,13.718629281689832
8734,2024-12-29 22:00:00,14.4,13.1,92,13.475711650250798
8735,2024-12-29 23:00:00,13.7,12.9,95,13.112459151783842
8736,2024-12-30 00:00:00,13.2,12.6,96,12.723397865109256
8737,2024-12-30 01:00:00,12.9,12.2,96,12.423829559315333
8738,2024-12-30 02:00:00,12.8,12.1,96,12.323973426473426
8739,2024-12-30 03:00:00,12.6,12.1,96,12.124261114167574
8740,2024-12-30 04:00:00,12.4,11.9,97,12.032148590182874
8741,2024-12-30 05:00:00,12.6,12.1,96,12.124261114167574
8742,2024-12-30 06:00:00,12.9,12.4,96,12.423829559315333
8743,2024-12-30 07:00:00,13.1,12.8,97,12.732659364012825
8744,2024-12-30 08:00:00,13.3,13.0,98,13.04256861592079
8745,2024-12-30 09:00:00,13.9,13.4,96,13.422390043106596
8746,2024-12-30 10:00:00,16.0,14.9,93,15.173979222897724
8747,2024-12-30 11:00:00,18.4,15.9,86,16.71334387877854
8748,2024-12-30 12:00:00,20.8,16.6,77,17.91744619729499
8749,2024-12-30 13:00:00,22.8,17.1,71,19.022607873860096
8750,2024-12-30 14:00:00,24.2,17.3,65,19.49454929528985
8751,2024-12-30 15:00:00,24.9,16.7,60,19.412821849431904
8752,2024-12-30 16:00:00,24.9,16.4,59,19.266367370901886
8753,2024-12-30 17:00:00,24.0,16.8,64,19.171031485455003
8754,2024-12-30 18:00:00,22.6,17.0,70,18.702181302548624
8755,2024-12-30 19:00:00,21.0,16.9,77,18.107828790519985
8756,2024-12-30 20:00:00,21.3,18.4,83,19.160100514054573
8757,2024-12-30 21:00:00,20.5,18.7,89,19.137135363173098
8758,2024-12-30 22:00:00,20.0,18.7,92,19.017608409664145
8759,2024-12-30 23:00:00,19.6,18.4,93,18.744803902002865
