hour,time,temperature_2m,dew_point_2m,relative_humidity_2m,wet_bulb_C
0,2023-01-01 00:00:00,15.2,14.8,97,14.834187335307309
1,2023-01-01 01:00:00,14.9,14.7,98,14.647162540320988
2,2023-01-01 02:00:00,14.9,14.6,99,14.760531509577039
3,2023-01-01 03:00:00,15.1,14.8,98,14.847736527601992
4,2023-01-01 04:00:00,15.6,15.1,97,15.23447765865259
5,2023-01-01 05:00:00,15.9,15.4,97,15.534695253955537
6,2023-01-01 06:00:00,15.9,15.5,98,15.650031926752138
7,2023-01-01 07:00:00,18.5,18.1,98,18.2574860845537
8,2023-01-01 08:00:00,18.2,17.9,98,17.956626436855974
9,2023-01-01 09:00:00,19.0,18.5,97,18.636936592419904
10,2023-01-01 10:00:00,19.8,19.4,97,19.437512962983927
11,2023-01-01 11:00:00,21.0,20.2,95,20.38589638594127
12,2023-01-01 12:00:00,22.3,20.5,89,20.90587844606865
13,2023-01-01 13:00:00,24.7,20.0,75,21.35405158557813
14,2023-01-01 14:00:00,25.4,19.9,72,21.594111309273043
15,2023-01-01 15:00:00,26.1,19.6,67,21.527297465218474
16,2023-01-01 16:00:00,26.0,18.6,64,20.99579414027098
17,2023-01-01 17:00:00,25.5,18.7,66,20.829744949538714
18,2023-01-01 18:00:00,24.0,18.9,73,20.41854286399933
19,2023-01-01 19:00:00,22.5,20.0,86,20.712451673010985
20,2023-01-01 20:00:00,21.5,20.2,92,20.50203716896242
21,2023-01-01 21:00:00,21.0,20.4,96,20.512128413911014
22,2023-01-01 22:00:00,21.2,20.7,97,20.838519688516723
23,2023-01-01 23:00:00,20.9,20.6,98,20.664359240839257
24,2023-01-02 00:00:00,21.0,20.6,98,20.76464547070793
25,2023-01-02 01:00:00,21.3,20.9,97,20.938591505653573
26,2023-01-02 02:00:00,21.5,21.0,97,21.13873510372225
27,2023-01-02 03:00:00,21.5,20.9,96,21.01140324921004
28,2023-01-02 04:00:00,21.7,21.1,96,21.21111309681995
29,2023-01-02 05:00:00,21.6,21.2,97,21.238806884715135
30,2023-01-02 06:00:00,21.8,21.4,97,21.438950410769845
31,2023-01-02 07:00:00,22.5,21.5,94,21.750877282650062
32,2023-01-02 08:00:00,22.5,21.7,96,22.009951999175303
33,2023-01-02 09:00:00,22.1,21.5,96,21.610532645118596
34,2023-01-02 10:00:00,22.6,21.2,92,21.59061629620653
35,2023-01-02 11:00:00,23.8,21.0,84,21.71349348705625
36,2023-01-02 12:00:00,21.7,20.2,91,20.57211433716868
37,2023-01-02 13:00:00,21.8,20.2,91,20.670846145079743
38,2023-01-02 14:00:00,22.6,20.3,87,20.940312866152453
39,2023-01-02 15:00:00,22.0,20.6,92,20.996846065451827
40,2023-01-02 16:00:00,22.1,20.8,92,21.09580780411493
41,2023-01-02 17:00:00,23.4,21.2,88,21.854733832417395
42,2023-01-02 18:00:00,23.6,21.1,86,21.78537842584449
43,2023-01-02 19:00:00,23.4,21.9,91,22.250553201654164
44,2023-01-02 20:00:00,23.1,21.4,90,21.823214837043356
45,2023-01-02 21:00:00,22.8,21.3,91,21.658163463952466
46,2023-01-02 22:00:00,22.5,21.0,92,21.491654624500914
47,2023-01-02 23:00:00,20.3,19.4,95,19.688446677767974
48,2023-01-03 00:00:00,20.0,18.8,93,19.141561046209926
49,2023-01-03 01:00:00,19.9,18.6,93,19.042371781038725
50,2023-01-03 02:00:00,19.8,18.9,95,19.190267924075
51,2023-01-03 03:00:00,20.5,19.5,94,19.762604864310585
52,2023-01-03 04:00:00,21.2,20.2,94,20.4585008028256
53,2023-01-03 05:00:00,21.6,20.6,94,20.856155336317247
54,2023-01-03 06:00:00,21.6,20.4,93,20.728587428814095
55,2023-01-03 07:00:00,17.8,17.4,97,17.436070493794514
56,2023-01-03 08:00:00,18.0,17.0,94,17.27725681239824
57,2023-01-03 09:00:00,18.9,17.9,94,18.17198310552344
58,2023-01-03 10:00:00,20.8,18.8,88,19.306086433263786
59,2023-01-03 11:00:00,22.4,19.0,81,19.96399601773083
60,2023-01-03 12:00:00,21.9,18.8,83,19.740821030538665
61,2023-01-03 13:00:00,22.6,18.4,77,19.63088651999154
62,2023-01-03 14:00:00,23.9,15.2,59,18.371382245281666
63,2023-01-03 15:00:00,24.5,12.9,49,17.414775608799133
64,2023-01-03 16:00:00,24.2,13.9,52,17.611788174766286
65,2023-01-03 17:00:00,23.4,11.6,47,16.173120900179363
66,2023-01-03 18:00:00,21.4,11.1,52,15.18117363267731
67,2023-01-03 19:00:00,18.8,9.9,56,13.431118187447058
68,2023-01-03 20:00:00,18.1,9.6,57,12.935409600593335
69,2023-01-03 21:00:00,16.7,7.9,56,11.574985432412092
70,2023-01-03 22:00:00,15.8,7.3,57,10.893810306899539
71,2023-01-03 23:00:00,13.9,7.8,66,10.169548461292983
72,2023-01-04 00:00:00,13.7,7.0,64,9.77329799889921
73,2023-01-04 01:00:00,13.7,6.2,61,9.454737203832918
74,2023-01-04 02:00:00,13.5,5.2,57,8.852183574658438
75,2023-01-04 03:00:00,13.3,4.7,56,8.569768511993908
76,2023-01-04 04:00:00,13.4,3.5,51,8.130582014869972
77,2023-01-04 05:00:00,13.1,2.3,48,7.557008061583758
78,2023-01-04 06:00:00,12.1,2.3,51,7.007358454072289
79,2023-01-04 07:00:00,12.6,0.7,44,6.718579680115184
80,2023-01-04 08:00:00,11.6,0.8,48,6.280199811966948
81,2023-01-04 09:00:00,12.4,2.0,49,7.063072379445373
82,2023-01-04 10:00:00,14.9,4.8,50,9.314409244241205
83,2023-01-04 11:00:00,17.1,6.2,49,11.08409843869923
84,2023-01-04 12:00:00,18.4,5.6,43,11.417893363430412
85,2023-01-04 13:00:00,19.2,5.8,41,11.80670723552037
86,2023-01-04 14:00:00,19.9,6.1,41,12.379436837229267
87,2023-01-04 15:00:00,20.2,5.9,39,12.33677865017286
88,2023-01-04 16:00:00,20.3,6.1,39,12.417564887569387
89,2023-01-04 17:00:00,19.8,6.7,42,12.437933075022112
90,2023-01-04 18:00:00,17.5,11.2,67,13.596435090557993
91,2023-01-04 19:00:00,15.6,8.3,62,11.281613277212887
92,2023-01-04 20:00:00,16.2,7.8,57,11.2488729519568
93,2023-01-04 21:00:00,13.4,8.1,70,10.131709847510423
94,2023-01-04 22:00:00,12.4,7.9,75,9.714468635738372
95,2023-01-04 23:00:00,11.6,7.9,79,9.362883754329523
96,2023-01-05 00:00:00,10.9,7.7,81,8.892957754379456
97,2023-01-05 01:00:00,10.4,7.6,83,8.61022182470566
98,2023-01-05 02:00:00,9.8,7.7,87,8.423902221044152
99,2023-01-05 03:00:00,9.4,7.2,86,7.934705492536809
100,2023-01-05 04:00:00,9.4,7.2,86,7.934705492536809
101,2023-01-05 05:00:00,9.0,6.8,86,7.544539813422402
102,2023-01-05 06:00:00,8.8,6.4,85,7.253186599754933
103,2023-01-05 07:00:00,8.5,5.9,84,6.866102273028833
104,2023-01-05 08:00:00,7.5,5.3,86,6.08141515422809
105,2023-01-05 09:00:00,9.8,7.1,83,8.029486926485507
106,2023-01-05 10:00:00,13.4,9.1,75,10.660790858774282
107,2023-01-05 11:00:00,15.3,8.6,64,11.233165758306882
108,2023-01-05 12:00:00,17.0,8.3,57,11.958995808547872
109,2023-01-05 13:00:00,18.4,8.2,52,12.576899592463512
110,2023-01-05 14:00:00,19.4,8.4,49,13.051776626418526
111,2023-01-05 15:00:00,19.9,8.6,48,13.344977316168908
112,2023-01-05 16:00:00,20.0,8.9,49,13.56507840462324
113,2023-01-05 17:00:00,19.7,8.9,50,13.441409295574655
114,2023-01-05 18:00:00,17.8,11.6,67,13.87309681186845
115,2023-01-05 19:00:00,15.7,10.4,71,12.386937955769579
116,2023-01-05 20:00:00,14.6,10.6,77,12.015540620018033
117,2023-01-05 21:00:00,13.3,10.8,85,11.63139368506259
118,2023-01-05 22:00:00,12.8,9.8,82,10.827540354506478
119,2023-01-05 23:00:00,12.1,8.4,79,9.841581010565237
120,2023-01-06 00:00:00,11.4,8.6,83,9.578111366707358
121,2023-01-06 01:00:00,11.4,9.6,89,10.19507539488207
122,2023-01-06 02:00:00,11.4,9.9,91,10.402655847962553
123,2023-01-06 03:00:00,11.2,9.8,90,10.101740956515634
124,2023-01-06 04:00:00,11.0,9.6,91,10.007721785885913
125,2023-01-06 05:00:00,10.4,9.4,94,9.72174141021124
126,2023-01-06 06:00:00,10.1,9.3,94,9.423495434460637
127,2023-01-06 07:00:00,10.4,10.1,98,10.134232548918048
128,2023-01-06 08:00:00,10.4,10.3,100,10.23806501910055
129,2023-01-06 09:00:00,12.3,12.1,99,12.147554432036053
130,2023-01-06 10:00:00,15.4,14.2,93,14.578839882578325
131,2023-01-06 11:00:00,18.4,16.5,89,17.073595510447344
132,2023-01-06 12:00:00,20.9,17.4,80,18.393315981746298
133,2023-01-06 13:00:00,22.6,17.4,72,18.968891989686863
134,2023-01-06 14:00:00,24.0,16.9,64,19.171031485455003
135,2023-01-06 15:00:00,24.4,14.8,55,18.233141432514504
136,2023-01-06 16:00:00,24.1,14.8,56,18.115553702712692
137,2023-01-06 17:00:00,23.3,14.9,59,17.834389493311644
138,2023-01-06 18:00:00,21.8,15.4,67,17.56189273893515
139,2023-01-06 19:00:00,20.2,15.9,76,17.22107150987178
140,2023-01-06 20:00:00,19.1,16.2,83,17.030786440276582
141,2023-01-06 21:00:00,18.1,16.1,88,16.65940300820359
142,2023-01-06 22:00:00,17.7,15.9,89,16.38574733116859
143,2023-01-06 23:00:00,17.6,15.9,90,16.405755485729426
144,2023-01-07 00:00:00,17.5,15.8,90,16.307255796808022
145,2023-01-07 01:00:00,17.4,15.8,90,16.208756091790175
146,2023-01-07 02:00:00,17.6,16.1,91,16.52409774184544
147,2023-01-07 03:00:00,17.5,16.3,93,16.661825161460307
148,2023-01-07 04:00:00,16.8,15.9,94,16.084286623193012
149,2023-01-07 05:00:00,16.0,15.2,95,15.404098276370394
150,2023-01-07 06:00:00,15.5,14.9,96,15.020083700284417
151,2023-01-07 07:00:00,17.0,16.5,97,16.635492040932025
152,2023-01-07 08:00:00,17.0,16.5,97,16.635492040932025
153,2023-01-07 09:00:00,18.4,17.5,95,17.795365641867622
154,2023-01-07 10:00:00,19.1,18.0,93,18.248857156300584
155,2023-01-07 11:00:00,20.3,18.8,91,19.18986754245383
156,2023-01-07 12:00:00,22.0,19.7,87,20.353612445935823
157,2023-01-07 13:00:00,23.4,20.1,82,21.059740351318695
158,2023-01-07 14:00:00,22.6,19.0,80,20.025397217948477
159,2023-01-07 15:00:00,22.5,19.1,81,20.06026473645687
160,2023-01-07 16:00:00,22.8,19.5,82,20.480564948129718
161,2023-01-07 17:00:00,22.8,19.3,81,20.34907078463044
162,2023-01-07 18:00:00,22.1,19.2,84,20.063805200974656
163,2023-01-07 19:00:00,21.2,19.8,91,20.0784550873194
164,2023-01-07 20:00:00,20.4,19.3,94,19.663191105800617
165,2023-01-07 21:00:00,19.5,18.9,96,19.01430201892795
166,2023-01-07 22:00:00,19.0,18.3,96,18.515025910550612
167,2023-01-07 23:00:00,19.1,18.1,94,18.370811016854102
168,2023-01-08 00:00:00,18.0,17.4,96,17.51647270332733
169,2023-01-08 01:00:00,18.1,17.5,96,17.616328084206884
170,2023-01-08 02:00:00,17.8,17.2,97,17.436070493794514
171,2023-01-08 03:00:00,17.5,17.0,98,17.25462014459759
172,2023-01-08 04:00:00,17.6,17.1,97,17.235925960577713
173,2023-01-08 05:00:00,17.0,16.2,95,16.40046067155949
174,2023-01-08 06:00:00,15.1,13.4,90,13.943258328099027
175,2023-01-08 07:00:00,13.5,12.6,94,12.803607473049258
176,2023-01-08 08:00:00,13.3,11.4,88,11.954157250189574
177,2023-01-08 09:00:00,12.9,10.8,87,11.455248790162244
178,2023-01-08 10:00:00,13.3,10.9,86,11.738802233655349
179,2023-01-08 11:00:00,13.6,10.4,82,11.599790069471354
180,2023-01-08 12:00:00,15.9,11.7,76,13.139798954122625
181,2023-01-08 13:00:00,17.1,11.1,67,13.227552330975229
182,2023-01-08 14:00:00,18.8,11.1,61,14.055664290430617
183,2023-01-08 15:00:00,19.6,11.4,59,14.522904530148924
184,2023-01-08 16:00:00,20.0,11.0,56,14.491755897726346
185,2023-01-08 17:00:00,19.8,10.4,55,14.185086031783737
186,2023-01-08 18:00:00,18.4,10.3,59,13.44889766674401
187,2023-01-08 19:00:00,16.1,9.8,66,12.191344308501602
188,2023-01-08 20:00:00,15.1,8.8,66,11.272348451090457
189,2023-01-08 21:00:00,13.9,8.4,69,10.49043860174535
190,2023-01-08 22:00:00,12.9,8.1,73,9.978563811080601
191,2023-01-08 23:00:00,12.0,8.0,77,9.540519268583953
192,2023-01-09 00:00:00,11.6,7.8,78,9.261212139366709
193,2023-01-09 01:00:00,11.1,7.8,80,8.98472820411471
194,2023-01-09 02:00:00,10.6,7.8,83,8.803799926938474
195,2023-01-09 03:00:00,10.6,7.8,83,8.803799926938474
196,2023-01-09 04:00:00,10.4,7.8,84,8.709922994963328
197,2023-01-09 05:00:00,9.7,7.6,87,8.326116505716282
198,2023-01-09 06:00:00,9.9,7.4,85,8.323419271593846
199,2023-01-09 07:00:00,9.9,8.1,89,8.7210948452591
200,2023-01-09 08:00:00,9.3,8.0,92,8.428581904657712
201,2023-01-09 09:00:00,10.2,8.6,90,9.116731905397513
202,2023-01-09 10:00:00,12.1,10.1,87,10.672967724197559
203,2023-01-09 11:00:00,14.4,11.1,80,12.152950843635804
204,2023-01-09 12:00:00,16.4,11.6,73,13.270484798445821
205,2023-01-09 13:00:00,17.8,11.2,65,13.633998059453699
206,2023-01-09 14:00:00,18.5,11.0,62,13.90790001153961
207,2023-01-09 15:00:00,18.7,11.2,62,14.089022005111211
208,2023-01-09 16:00:00,18.5,10.9,61,13.785024558218417
209,2023-01-09 17:00:00,17.7,10.3,62,13.183410492612236
210,2023-01-09 18:00:00,16.4,10.4,68,12.696888533825774
211,2023-01-09 19:00:00,14.9,10.3,74,11.969940264340355
212,2023-01-09 20:00:00,14.0,11.0,82,11.985914375373842
213,2023-01-09 21:00:00,13.4,11.9,91,12.377321757272309
214,2023-01-09 22:00:00,13.3,12.4,94,12.604777886030359
215,2023-01-09 23:00:00,13.1,12.4,96,12.623541778590752
216,2023-01-10 00:00:00,13.0,12.4,96,12.523685676673583
217,2023-01-10 01:00:00,12.7,12.2,97,12.332367584055358
218,2023-01-10 02:00:00,13.2,12.6,96,12.723397865109256
219,2023-01-10 03:00:00,13.2,12.7,96,12.723397865109256
220,2023-01-10 04:00:00,12.8,12.4,97,12.432440551662665
221,2023-01-10 05:00:00,12.6,12.4,98,12.34055761572014
222,2023-01-10 06:00:00,12.8,12.6,99,12.65005076460056
223,2023-01-10 07:00:00,16.0,15.4,96,15.519362203210704
224,2023-01-10 08:00:00,16.6,15.9,95,16.001915886440084
225,2023-01-10 09:00:00,17.0,16.1,95,16.40046067155949
226,2023-01-10 10:00:00,18.4,17.1,92,17.434214199381433
227,2023-01-10 11:00:00,20.1,18.0,88,18.619910370705444
228,2023-01-10 12:00:00,20.8,17.6,82,18.549975692277176
229,2023-01-10 13:00:00,21.7,17.3,76,18.644761168417663
230,2023-01-10 14:00:00,21.9,17.4,75,18.70442192213799
231,2023-01-10 15:00:00,22.5,17.2,72,18.875133823862445
232,2023-01-10 16:00:00,22.9,16.9,69,18.846895077933862
233,2023-01-10 17:00:00,22.8,16.5,67,18.484084328530454
234,2023-01-10 18:00:00,21.6,16.8,74,18.291012662401208
235,2023-01-10 19:00:00,20.0,16.8,82,17.777737951900054
236,2023-01-10 20:00:00,19.5,16.9,85,17.663521278034253
237,2023-01-10 21:00:00,18.5,17.3,93,17.653720592584108
238,2023-01-10 22:00:00,17.4,16.8,96,16.917340133355776
239,2023-01-10 23:00:00,17.0,16.8,98,16.75318669001153
240,2023-01-11 00:00:00,17.3,17.0,98,17.054046801935254
241,2023-01-11 01:00:00,17.4,17.0,98,17.15433347977248
242,2023-01-11 02:00:00,17.4,16.8,96,16.917340133355776
243,2023-01-11 03:00:00,17.5,16.8,95,16.898641332989254
244,2023-01-11 04:00:00,17.8,17.0,96,17.316761901040564
245,2023-01-11 05:00:00,18.1,17.4,96,17.616328084206884
246,2023-01-11 06:00:00,18.2,17.6,96,17.71618345162452
247,2023-01-11 07:00:00,19.2,18.8,97,18.83708076127058
248,2023-01-11 08:00:00,19.6,19.1,97,19.23736894629118
249,2023-01-11 09:00:00,19.8,19.4,98,19.561209920442767
250,2023-01-11 10:00:00,20.4,19.6,95,19.78808238923224
251,2023-01-11 11:00:00,21.5,19.2,87,19.864695004837674
252,2023-01-11 12:00:00,23.0,18.7,77,20.011650132921055
253,2023-01-11 13:00:00,24.5,18.1,68,20.192358110894435
254,2023-01-11 14:00:00,25.5,17.3,61,20.099866204024117
255,2023-01-11 15:00:00,26.0,16.8,57,19.94768183547931
256,2023-01-11 16:00:00,25.5,17.7,62,20.24708607166164
257,2023-01-11 17:00:00,24.7,18.0,67,20.23624081544997
258,2023-01-11 18:00:00,23.4,18.2,73,19.854227513423606
259,2023-01-11 19:00:00,22.1,18.9,82,19.80485951983336
260,2023-01-11 20:00:00,21.4,19.8,90,20.14873216550906
261,2023-01-11 21:00:00,21.4,19.9,91,20.275918829467567
262,2023-01-11 22:00:00,21.5,19.6,89,20.119771003172506
263,2023-01-11 23:00:00,21.2,19.2,89,19.824980468639705
264,2023-01-12 00:00:00,20.2,18.8,91,19.091135521023507
265,2023-01-12 01:00:00,20.0,18.5,92,19.017608409664145
266,2023-01-12 02:00:00,19.9,18.5,92,18.918646379915195
267,2023-01-12 03:00:00,19.7,18.4,92,18.720722277564366
268,2023-01-12 04:00:00,19.4,18.1,92,18.423836016328828
269,2023-01-12 05:00:00,19.6,17.9,89,18.252761986053233
270,2023-01-12 06:00:00,18.8,17.5,92,17.8300631022552
271,2023-01-12 07:00:00,18.4,16.3,88,16.953479530420204
272,2023-01-12 08:00:00,16.7,9.9,64,12.51054160388765
273,2023-01-12 09:00:00,15.4,4.3,48,9.514742875123716
274,2023-01-12 10:00:00,15.4,2.4,42,8.815849435089797
275,2023-01-12 11:00:00,14.6,3.0,45,8.497354225919416
276,2023-01-12 12:00:00,14.6,3.5,47,8.722001856428442
277,2023-01-12 13:00:00,14.9,4.1,48,9.089152042245676
278,2023-01-12 14:00:00,15.6,4.6,48,9.684978656560606
279,2023-01-12 15:00:00,15.9,4.8,48,9.940331746841157
280,2023-01-12 16:00:00,16.1,4.8,47,9.992118962888288
281,2023-01-12 17:00:00,15.3,4.6,49,9.544151004696428
282,2023-01-12 18:00:00,14.4,3.9,49,8.774168274135508
283,2023-01-12 19:00:00,13.9,3.8,51,8.562587665796539
284,2023-01-12 20:00:00,13.5,3.3,50,8.110670691645014
285,2023-01-12 21:00:00,12.9,3.0,51,7.698574492704855
286,2023-01-12 22:00:00,12.4,2.9,52,7.3681893095010516
287,2023-01-12 23:00:00,11.8,2.5,53,6.9464434970463245
288,2023-01-13 00:00:00,10.8,1.8,54,6.1694165953587365
289,2023-01-13 01:00:00,9.9,0.9,54,5.380860946511682
290,2023-01-13 02:00:00,8.9,-0.4,52,4.329654610034492
291,2023-01-13 03:00:00,8.0,-1.5,51,3.464791850501669
292,2023-01-13 04:00:00,7.4,-2.4,50,2.865616554867419
293,2023-01-13 05:00:00,7.0,-3.0,49,2.442930257983363
294,2023-01-13 06:00:00,6.7,-3.0,50,2.26370207741165
295,2023-01-13 07:00:00,6.4,-3.8,48,1.8537554470769733
296,2023-01-13 08:00:00,6.1,-3.5,50,1.747771113048839
297,2023-01-13 09:00:00,6.2,-2.5,54,2.138952812308238
298,2023-01-13 10:00:00,7.9,-0.9,54,3.6284924426043936
299,2023-01-13 11:00:00,9.5,-0.2,51,4.760870108881502
300,2023-01-13 12:00:00,11.2,0.6,48,5.939714088662189
301,2023-01-13 13:00:00,12.8,1.2,45,6.989620606752203
302,2023-01-13 14:00:00,14.0,0.5,40,7.440170798660931
303,2023-01-13 15:00:00,14.6,-0.3,36,7.4621282252663494
304,2023-01-13 16:00:00,14.9,-0.9,34,7.458628850394563
305,2023-01-13 17:00:00,14.5,-1.1,34,7.146595169760097
306,2023-01-13 18:00:00,13.3,-0.1,40,6.870967694665035
307,2023-01-13 19:00:00,11.1,-1.2,42,5.275887393082032
308,2023-01-13 20:00:00,10.2,-0.9,46,4.903957243326371
309,2023-01-13 21:00:00,9.3,-0.5,50,4.499358841269439
310,2023-01-13 22:00:00,8.3,-0.2,55,4.064455230671513
311,2023-01-13 23:00:00,7.8,-0.1,58,3.876792679218248
312,2023-01-14 00:00:00,7.2,0.3,62,3.6742184053854565
313,2023-01-14 01:00:00,6.5,0.5,66,3.3688131049714034
314,2023-01-14 02:00:00,5.9,0.6,69,3.0622390248799167
315,2023-01-14 03:00:00,5.4,0.6,71,2.760255197062678
316,2023-01-14 04:00:00,5.3,0.8,72,2.748298815404681
317,2023-01-14 05:00:00,4.9,1.6,79,2.9482708761463883
318,2023-01-14 06:00:00,4.2,2.2,87,2.9478660917453414
319,2023-01-14 07:00:00,5.1,1.8,79,3.1397538905968467
320,2023-01-14 08:00:00,3.0,1.2,88,1.857325074950639
321,2023-01-14 09:00:00,5.2,2.0,80,3.3202560883877066
322,2023-01-14 10:00:00,7.8,2.8,70,4.914763233814876
323,2023-01-14 11:00:00,10.9,4.7,66,7.4125232090557756
324,2023-01-14 12:00:00,13.2,5.9,61,9.003659592623999
325,2023-01-14 13:00:00,14.6,5.7,55,9.60890016790538
326,2023-01-14 14:00:00,15.5,6.2,54,10.28733801150624
327,2023-01-14 15:00:00,15.9,6.1,52,10.406632052387355
328,2023-01-14 16:00:00,15.8,6.6,55,10.664956077082026
329,2023-01-14 17:00:00,15.1,6.8,57,10.272448674737015
330,2023-01-14 18:00:00,14.0,6.9,63,9.939822049433952
331,2023-01-14 19:00:00,12.1,6.8,70,8.920643445412553
332,2023-01-14 20:00:00,11.1,6.9,76,8.583903110733232
333,2023-01-14 21:00:00,10.9,7.2,78,8.592932648892258
334,2023-01-14 22:00:00,10.9,7.6,80,8.792713815566447
335,2023-01-14 23:00:00,11.0,7.9,81,8.98922895604552
336,2023-01-15 00:00:00,11.2,7.5,78,8.879338313658511
337,2023-01-15 01:00:00,11.2,7.3,77,8.778970455503526
338,2023-01-15 02:00:00,11.1,7.8,80,8.98472820411471
339,2023-01-15 03:00:00,10.9,8.4,85,9.296355604741024
340,2023-01-15 04:00:00,11.0,8.8,86,9.49536456974678
341,2023-01-15 05:00:00,11.0,9.1,88,9.699544980327852
342,2023-01-15 06:00:00,10.8,9.0,89,9.605483719843834
343,2023-01-15 07:00:00,12.2,10.1,87,10.770752928705356
344,2023-01-15 08:00:00,12.9,10.7,86,11.348639959310646
345,2023-01-15 09:00:00,15.3,11.9,80,13.017006952354595
346,2023-01-15 10:00:00,17.9,13.3,75,14.919206388779028
347,2023-01-15 11:00:00,19.5,13.6,69,15.69003975218282
348,2023-01-15 12:00:00,21.4,12.7,58,15.999523458252671
349,2023-01-15 13:00:00,22.3,12.6,54,16.2449542819165
350,2023-01-15 14:00:00,22.2,13.1,56,16.436241546397657
351,2023-01-15 15:00:00,22.7,13.1,54,16.595395219519844
352,2023-01-15 16:00:00,22.1,13.3,57,16.485958817254122
353,2023-01-15 17:00:00,22.0,14.1,61,16.942466837100923
354,2023-01-15 18:00:00,21.1,14.2,65,16.655860873159288
355,2023-01-15 19:00:00,19.1,15.5,80,16.665223827303226
356,2023-01-15 20:00:00,19.1,15.4,79,16.54327777270796
357,2023-01-15 21:00:00,19.2,15.2,78,16.51673658194314
358,2023-01-15 22:00:00,19.0,15.3,79,16.44754003519778
359,2023-01-15 23:00:00,18.8,15.4,81,16.49830967465046
360,2023-01-16 00:00:00,19.0,15.6,81,16.690848463650656
361,2023-01-16 01:00:00,18.3,15.6,84,16.37624882009988
362,2023-01-16 02:00:00,18.7,15.8,83,16.643637466754672
363,2023-01-16 03:00:00,18.7,15.9,84,16.76441386948812
364,2023-01-16 04:00:00,18.5,15.8,84,16.570331381931048
365,2023-01-16 05:00:00,18.3,15.8,85,16.49601836489443
366,2023-01-16 06:00:00,18.2,15.4,83,16.159700821697037
367,2023-01-16 07:00:00,18.3,16.0,86,16.615804308852685
368,2023-01-16 08:00:00,18.6,16.8,89,17.27012341571584
369,2023-01-16 09:00:00,19.6,17.2,86,17.88381736146088
370,2023-01-16 10:00:00,21.5,17.9,80,18.969345281340825
371,2023-01-16 11:00:00,23.0,17.8,72,19.34392441754107
372,2023-01-16 12:00:00,23.2,18.0,72,19.531440491240684
373,2023-01-16 13:00:00,23.5,17.9,71,19.676821748808507
374,2023-01-16 14:00:00,23.9,17.1,66,19.359397357683097
375,2023-01-16 15:00:00,23.2,17.7,71,19.39644451751109
376,2023-01-16 16:00:00,23.2,17.6,71,19.39644451751109
377,2023-01-16 17:00:00,23.0,18.0,74,19.611820007970408
378,2023-01-16 18:00:00,22.4,18.2,77,19.440504592342
379,2023-01-16 19:00:00,20.4,18.6,90,19.163740417940275
380,2023-01-16 20:00:00,19.9,18.7,93,19.042371781038725
381,2023-01-16 21:00:00,20.2,18.9,92,19.215532426500058
382,2023-01-16 22:00:00,19.4,18.6,95,18.791724683415016
383,2023-01-16 23:00:00,18.6,18.2,98,18.357772608448688
384,2023-01-17 00:00:00,18.1,18.0,99,17.976490796588838
385,2023-01-17 01:00:00,17.6,17.6,100,17.473998025933597
386,2023-01-17 02:00:00,17.5,17.5,100,17.37349943408824
387,2023-01-17 03:00:00,17.1,17.0,100,16.971504939909757
388,2023-01-17 04:00:00,16.5,16.5,100,16.368512814628424
389,2023-01-17 05:00:00,16.1,16.1,100,15.96651780531819
390,2023-01-17 06:00:00,16.0,16.0,100,15.866019020290505
391,2023-01-17 07:00:00,17.0,17.0,100,16.871006284501924
392,2023-01-17 08:00:00,17.7,17.6,99,17.57449660516443
393,2023-01-17 09:00:00,17.9,17.8,99,17.77549372591201
394,2023-01-17 10:00:00,18.2,18.0,98,17.956626436855974
395,2023-01-17 11:00:00,18.5,18.2,98,18.2574860845537
396,2023-01-17 12:00:00,19.4,18.2,93,18.54642524600557
397,2023-01-17 13:00:00,20.7,18.8,89,19.333662611694624
398,2023-01-17 14:00:00,22.4,18.4,78,19.57165472620187
399,2023-01-17 15:00:00,23.4,18.5,74,19.989192738289418
400,2023-01-17 16:00:00,23.9,18.4,71,20.050657725836036
401,2023-01-17 17:00:00,24.5,18.2,68,20.192358110894435
402,2023-01-17 18:00:00,23.5,18.9,75,20.218498032766323
403,2023-01-17 19:00:00,21.1,20.0,93,20.23264205642515
404,2023-01-17 20:00:00,19.6,19.4,99,19.483967256225537
405,2023-01-17 21:00:00,19.1,19.0,99,18.98147540781408
406,2023-01-17 22:00:00,19.3,18.9,98,19.05977792431349
407,2023-01-17 23:00:00,19.5,19.0,97,19.137296919039226
408,2023-01-18 00:00:00,20.4,19.5,95,19.78808238923224
409,2023-01-18 01:00:00,20.2,19.5,96,19.71328802649412
410,2023-01-18 02:00:00,20.7,19.9,95,20.086989445687333
411,2023-01-18 03:00:00,20.9,20.1,95,20.286260752045504
412,2023-01-18 04:00:00,21.2,20.3,94,20.4585008028256
413,2023-01-18 05:00:00,21.5,20.5,94,20.756741722445643
414,2023-01-18 06:00:00,21.5,20.4,94,20.756741722445643
415,2023-01-18 07:00:00,21.5,20.7,95,20.88407436391096
416,2023-01-18 08:00:00,21.5,20.8,95,20.88407436391096
417,2023-01-18 09:00:00,21.6,20.6,94,20.856155336317247
418,2023-01-18 10:00:00,22.1,20.6,91,20.967041485364632
419,2023-01-18 11:00:00,23.4,21.0,86,21.590300972758374
420,2023-01-18 12:00:00,22.8,19.1,80,20.2174064181484
421,2023-01-18 13:00:00,21.9,19.2,85,19.998519618475296
422,2023-01-18 14:00:00,23.2,20.0,82,20.866681952421573
423,2023-01-18 15:00:00,21.6,19.7,89,20.218034484988006
424,2023-01-18 16:00:00,20.5,17.4,82,18.26038667917338
425,2023-01-18 17:00:00,20.6,15.8,74,17.347576108895925
426,2023-01-18 18:00:00,20.2,15.1,73,16.844531693703903
427,2023-01-18 19:00:00,18.1,14.5,79,15.585899433694458
428,2023-01-18 20:00:00,17.3,13.8,80,14.937125013862499
429,2023-01-18 21:00:00,17.8,13.2,75,14.824575509764983
430,2023-01-18 22:00:00,17.0,12.9,77,14.300160058250832
431,2023-01-18 23:00:00,14.1,11.5,84,12.300497059914573
432,2023-01-19 00:00:00,15.6,6.2,54,10.37495183010844
433,2023-01-19 01:00:00,15.2,6.0,54,10.024496197354956
434,2023-01-19 02:00:00,13.3,6.2,62,9.19867079443784
435,2023-01-19 03:00:00,12.4,5.3,62,8.383599722316598
436,2023-01-19 04:00:00,12.4,2.2,50,7.164865426152193
437,2023-01-19 05:00:00,11.7,-0.1,44,5.968928104870939
438,2023-01-19 06:00:00,10.8,-1.1,44,5.2192671586944
439,2023-01-19 07:00:00,10.8,-1.5,43,5.124135773722115
440,2023-01-19 08:00:00,10.6,-2.8,39,4.58076541406691
441,2023-01-19 09:00:00,11.1,-1.2,42,5.275887393082032
442,2023-01-19 10:00:00,13.3,2.5,48,7.727247639251342
443,2023-01-19 11:00:00,15.6,2.5,41,8.861166154722621
444,2023-01-19 12:00:00,17.2,2.2,37,9.652240997984102
445,2023-01-19 13:00:00,18.5,2.8,35,10.40872116369329
446,2023-01-19 14:00:00,19.1,3.1,34,10.734829206414265
447,2023-01-19 15:00:00,19.4,3.3,34,10.968833788646002
448,2023-01-19 16:00:00,19.4,3.1,34,10.968833788646002
449,2023-01-19 17:00:00,18.9,3.5,36,10.865870964445905
450,2023-01-19 18:00:00,17.4,5.5,45,10.842657748953476
451,2023-01-19 19:00:00,15.2,4.7,49,9.458597673489415
452,2023-01-19 20:00:00,14.4,4.9,53,9.21410933432374
453,2023-01-19 21:00:00,13.4,4.8,56,8.65815818838182
454,2023-01-19 22:00:00,12.6,4.2,57,8.053278098527372
455,2023-01-19 23:00:00,11.8,4.2,60,7.641146697646347
456,2023-01-20 00:00:00,11.6,4.7,63,7.758086744829951
457,2023-01-20 01:00:00,11.1,5.1,67,7.694241770276218
458,2023-01-20 02:00:00,11.6,5.6,67,8.155356308770312
459,2023-01-20 03:00:00,11.1,5.8,70,7.989049764680841
460,2023-01-20 04:00:00,10.9,5.2,68,7.607250754020805
461,2023-01-20 05:00:00,10.9,4.2,63,7.12174217085748
462,2023-01-20 06:00:00,10.4,3.5,62,6.572316378856092
463,2023-01-20 07:00:00,11.2,3.3,58,6.907571259741832
464,2023-01-20 08:00:00,11.3,3.0,57,6.899294991542105
465,2023-01-20 09:00:00,11.2,3.0,57,6.81052662858761
466,2023-01-20 10:00:00,11.6,4.4,61,7.560202889979108
467,2023-01-20 11:00:00,11.8,5.4,65,8.139600149745746
468,2023-01-20 12:00:00,11.4,5.8,68,8.069949824437812
469,2023-01-20 13:00:00,12.1,5.2,63,8.212617134704299
470,2023-01-20 14:00:00,11.9,5.7,66,8.331535803592816
471,2023-01-20 15:00:00,12.1,5.9,66,8.515337809695177
472,2023-01-20 16:00:00,12.2,6.1,66,8.607238749711106
473,2023-01-20 17:00:00,11.7,6.7,71,8.648466368406998
474,2023-01-20 18:00:00,11.4,6.6,72,8.467810713398014
475,2023-01-20 19:00:00,10.9,7.7,80,8.792713815566447
476,2023-01-20 20:00:00,10.9,7.7,81,8.892957754379456
477,2023-01-20 21:00:00,10.9,7.1,77,8.493389172458189
478,2023-01-20 22:00:00,10.6,6.1,74,7.913066836682244
479,2023-01-20 23:00:00,10.9,5.8,71,7.900765513629201
480,2023-01-21 00:00:00,10.9,5.9,72,7.9990035002650295
481,2023-01-21 01:00:00,10.9,6.0,72,7.9990035002650295
482,2023-01-21 02:00:00,10.4,6.4,76,7.919496068098281
483,2023-01-21 03:00:00,10.5,6.9,78,8.211058030327685
484,2023-01-21 04:00:00,10.5,7.6,82,8.607313920753889
485,2023-01-21 05:00:00,10.5,7.8,83,8.70701088805319
486,2023-01-21 06:00:00,10.5,8.1,85,8.907181347557533
487,2023-01-21 07:00:00,10.1,7.7,85,8.518006723047556
488,2023-01-21 08:00:00,9.9,7.5,85,8.323419271593846
489,2023-01-21 09:00:00,10.1,7.2,82,8.221186247503034
490,2023-01-21 10:00:00,11.0,7.2,77,8.588582962780734
491,2023-01-21 11:00:00,12.2,7.2,71,9.115778249526295
492,2023-01-21 12:00:00,12.6,8.4,76,10.00762753975328
493,2023-01-21 13:00:00,12.8,9.1,78,10.406830971434783
494,2023-01-21 14:00:00,13.0,9.6,80,10.808859715626895
495,2023-01-21 15:00:00,12.7,10.2,85,11.047635337353832
496,2023-01-21 16:00:00,12.4,10.9,90,11.283749275883835
497,2023-01-21 17:00:00,12.5,10.8,89,11.27599162744726
498,2023-01-21 18:00:00,12.4,10.7,89,11.177726612151746
499,2023-01-21 19:00:00,11.1,9.9,92,10.209927159227071
500,2023-01-21 20:00:00,11.1,10.0,93,10.313657483248656
501,2023-01-21 21:00:00,10.9,10.1,95,10.322626434879359
502,2023-01-21 22:00:00,10.5,10.1,97,10.130758389545745
503,2023-01-21 23:00:00,10.0,9.6,97,9.6303915938245
504,2023-01-22 00:00:00,8.9,8.6,98,8.629915673676827
505,2023-01-22 01:00:00,7.6,7.6,100,7.424070484003277
506,2023-01-22 02:00:00,8.4,8.4,100,8.228070199824565
507,2023-01-22 03:00:00,8.0,8.0,100,7.826070472500593
508,2023-01-22 04:00:00,7.6,7.6,100,7.424070484003277
509,2023-01-22 05:00:00,7.3,7.3,100,7.122570319461882
510,2023-01-22 06:00:00,7.8,6.7,93,7.040355922631772
511,2023-01-22 07:00:00,7.3,7.2,99,7.122570319461882
512,2023-01-22 08:00:00,7.1,6.2,94,6.441026668480811
513,2023-01-22 09:00:00,7.2,4.9,85,5.696479269215665
514,2023-01-22 10:00:00,8.4,4.4,76,6.0211817323327175
515,2023-01-22 11:00:00,9.9,3.9,66,6.493506217305587
516,2023-01-22 12:00:00,11.6,3.8,59,7.362732161294096
517,2023-01-22 13:00:00,12.9,3.5,53,7.905846312176454
518,2023-01-22 14:00:00,14.1,3.3,48,8.408202512228922
519,2023-01-22 15:00:00,14.8,2.7,44,8.55102454064929
520,2023-01-22 16:00:00,14.8,2.0,42,8.321914058170325
521,2023-01-22 17:00:00,14.4,1.4,41,7.879288632310015
522,2023-01-22 18:00:00,13.4,2.0,46,7.599181276876912
523,2023-01-22 19:00:00,10.6,2.2,56,6.183223657275997
524,2023-01-22 20:00:00,9.6,2.2,60,5.664144844982449
525,2023-01-22 21:00:00,8.0,2.5,68,4.923575443077635
526,2023-01-22 22:00:00,7.0,2.8,75,4.604274095972629
527,2023-01-22 23:00:00,6.2,3.0,79,4.192908092048663
528,2023-01-23 00:00:00,6.3,3.2,80,4.3763519904242365
529,2023-01-23 01:00:00,6.4,3.2,80,4.472360519948765
530,2023-01-23 02:00:00,6.6,2.6,76,4.3126874774730695
531,2023-01-23 03:00:00,6.7,2.1,73,4.1470626870393374
532,2023-01-23 04:00:00,6.3,1.4,70,3.5173453143854516
533,2023-01-23 05:00:00,5.7,1.0,72,3.1233533261277096
534,2023-01-23 06:00:00,4.8,0.6,75,2.5223137603424597
535,2023-01-23 07:00:00,3.4,0.8,83,1.834921536829869
536,2023-01-23 08:00:00,2.4,0.2,86,1.1067484557015241
537,2023-01-23 09:00:00,4.2,0.9,79,2.2780792527287215
538,2023-01-23 10:00:00,6.8,1.5,69,3.897925049513214
539,2023-01-23 11:00:00,8.7,1.5,61,4.943902873205181
540,2023-01-23 12:00:00,10.2,1.8,56,5.829657399953723
541,2023-01-23 13:00:00,11.6,2.5,54,6.870349945488371
542,2023-01-23 14:00:00,12.7,2.9,51,7.52577095002496
543,2023-01-23 15:00:00,13.3,3.2,50,7.938706815204625
544,2023-01-23 16:00:00,13.4,3.3,51,8.130582014869972
545,2023-01-23 17:00:00,12.9,3.5,53,7.905846312176454
546,2023-01-23 18:00:00,12.2,4.0,57,7.69820746721769
547,2023-01-23 19:00:00,11.2,4.0,61,7.199336658194204
548,2023-01-23 20:00:00,10.3,4.7,68,7.052010524449978
549,2023-01-23 21:00:00,9.1,5.2,76,6.685593215858361
550,2023-01-23 22:00:00,8.6,5.8,83,6.868014410087689
551,2023-01-23 23:00:00,9.2,5.8,79,7.065127365964543
552,2023-01-24 00:00:00,9.3,5.1,75,6.780850235164495
553,2023-01-24 01:00:00,10.1,5.0,70,7.057452335070435
554,2023-01-24 02:00:00,9.4,5.1,75,6.875483569099554
555,2023-01-24 03:00:00,10.1,5.4,73,7.3449993868183014
556,2023-01-24 04:00:00,10.5,5.8,73,7.721224486154455
557,2023-01-24 05:00:00,10.2,6.1,75,7.6325490531675335
558,2023-01-24 06:00:00,9.8,6.8,82,7.931590224109005
559,2023-01-24 07:00:00,10.1,7.2,82,8.221186247503034
560,2023-01-24 08:00:00,10.6,8.2,85,9.004474946110182
561,2023-01-24 09:00:00,11.4,8.9,85,9.782822916632465
562,2023-01-24 10:00:00,11.8,10.4,91,10.797589612068261
563,2023-01-24 11:00:00,13.4,12.4,93,12.595037945981876
564,2023-01-24 12:00:00,15.9,14.4,91,14.845644301648626
565,2023-01-24 13:00:00,17.2,16.4,95,16.59973297856588
566,2023-01-24 14:00:00,19.0,18.0,94,18.271397068118194
567,2023-01-24 15:00:00,19.6,18.4,92,18.621760204885693
568,2023-01-24 16:00:00,18.5,16.9,90,17.292251969025003
569,2023-01-24 17:00:00,13.6,11.9,89,12.356905545902823
570,2023-01-24 18:00:00,13.1,10.6,85,11.43680765405475
571,2023-01-24 19:00:00,10.5,8.6,88,9.2094104612175
572,2023-01-24 20:00:00,9.4,7.8,90,8.328723236130553
573,2023-01-24 21:00:00,9.0,7.1,88,7.73900373294698
574,2023-01-24 22:00:00,8.9,6.3,84,7.254275796066349
575,2023-01-24 23:00:00,8.4,5.8,83,6.674435297053602
576,2023-01-25 00:00:00,8.8,5.0,77,6.49431261633004
577,2023-01-25 01:00:00,8.3,3.8,73,5.651979422184658
578,2023-01-25 02:00:00,7.8,3.0,72,5.092378557425249
579,2023-01-25 03:00:00,7.2,2.0,69,4.2693398589012315
580,2023-01-25 04:00:00,6.0,1.1,71,3.3210442408007914
581,2023-01-25 05:00:00,5.1,0.9,75,2.8062185296301028
582,2023-01-25 06:00:00,4.6,0.9,77,2.4961165204199602
583,2023-01-25 07:00:00,5.1,1.3,76,2.8889335125363216
584,2023-01-25 08:00:00,6.2,1.0,70,3.4241837661558368
585,2023-01-25 09:00:00,6.4,1.3,70,3.610506817605179
586,2023-01-25 10:00:00,6.7,1.6,70,3.889991058965114
587,2023-01-25 11:00:00,7.6,1.6,66,4.379749474143884
588,2023-01-25 12:00:00,8.9,1.6,61,5.124338883187134
589,2023-01-25 13:00:00,10.2,1.5,55,5.736618508233965
590,2023-01-25 14:00:00,11.2,2.2,54,6.519883847441381
591,2023-01-25 15:00:00,11.9,2.0,51,6.834553656221528
592,2023-01-25 16:00:00,11.9,1.8,50,6.73495068182417
593,2023-01-25 17:00:00,11.8,1.4,49,6.549737023300283
594,2023-01-25 18:00:00,11.8,0.7,47,6.351063940050219
595,2023-01-25 19:00:00,8.8,1.7,61,5.034120907590001
596,2023-01-25 20:00:00,7.3,1.7,67,4.189735464534703
597,2023-01-25 21:00:00,6.3,1.9,73,3.770831946812482
598,2023-01-25 22:00:00,5.2,2.0,80,3.3202560883877066
599,2023-01-25 23:00:00,4.2,1.9,84,2.6932102418744046
600,2023-01-26 00:00:00,3.9,1.7,86,2.5698929854530075
601,2023-01-26 01:00:00,3.7,1.6,86,2.374807412789279
602,2023-01-26 02:00:00,3.5,1.8,89,2.4320561313241225
603,2023-01-26 03:00:00,3.3,1.4,87,2.0677815200467133
604,2023-01-26 04:00:00,3.0,1.1,88,1.857325074950639
605,2023-01-26 05:00:00,2.5,0.9,89,1.449384993851064
606,2023-01-26 06:00:00,2.2,0.6,89,1.1545831474784967
607,2023-01-26 07:00:00,2.3,0.6,89,1.2528504558472378
608,2023-01-26 08:00:00,1.5,0.1,90,0.5470622258692472
609,2023-01-26 09:00:00,3.0,0.8,85,1.6100905260649165
610,2023-01-26 10:00:00,5.6,2.0,78,3.533054479406795
611,2023-01-26 11:00:00,7.8,2.8,71,5.0034020560380075
612,2023-01-26 12:00:00,9.8,3.5,65,6.308100553164909
613,2023-01-26 13:00:00,11.3,3.7,59,7.094219316978872
614,2023-01-26 14:00:00,12.4,3.4,54,7.571278762874094
615,2023-01-26 15:00:00,13.1,2.8,49,7.661959705015933
616,2023-01-26 16:00:00,13.4,2.2,47,7.705894377912239
617,2023-01-26 17:00:00,13.2,1.8,46,7.430732809024736
618,2023-01-26 18:00:00,12.6,2.0,49,7.234183469425073
619,2023-01-26 19:00:00,12.2,0.6,45,6.487035430116341
620,2023-01-26 20:00:00,11.1,0.6,49,5.950841720688441
621,2023-01-26 21:00:00,7.5,1.8,67,4.374184829722385
622,2023-01-26 22:00:00,6.4,1.6,71,3.6949027251034536
623,2023-01-26 23:00:00,5.4,1.5,76,3.173684965528416
624,2023-01-27 00:00:00,4.6,1.1,78,2.578350225525564
625,2023-01-27 01:00:00,3.8,0.9,82,2.1396176614162705
626,2023-01-27 02:00:00,2.8,0.8,86,1.4969209536321273
627,2023-01-27 03:00:00,3.1,0.4,83,1.5445483733397332
628,2023-01-27 04:00:00,4.1,0.3,77,2.020136657170731
629,2023-01-27 05:00:00,4.3,0.2,75,2.0491383559760994
630,2023-01-27 06:00:00,4.6,0.2,74,2.25220870374541
631,2023-01-27 07:00:00,4.1,0.1,75,1.8598679146292092
632,2023-01-27 08:00:00,2.0,-0.3,84,0.5582218500186995
633,2023-01-27 09:00:00,4.3,1.1,80,2.4561747198977955
634,2023-01-27 10:00:00,8.4,3.0,69,5.3835799938019395
635,2023-01-27 11:00:00,11.6,3.7,58,7.264128651494378
636,2023-01-27 12:00:00,13.4,2.3,47,7.705894377912239
637,2023-01-27 13:00:00,13.1,2.3,48,7.557008061583758
638,2023-01-27 14:00:00,13.2,3.0,50,7.852724758949588
639,2023-01-27 15:00:00,13.1,3.7,53,8.080282266972734
640,2023-01-27 16:00:00,13.0,4.2,55,8.200812258027282
641,2023-01-27 17:00:00,12.9,4.7,57,8.319580448494044
642,2023-01-27 18:00:00,12.7,4.7,58,8.24465663518264
643,2023-01-27 19:00:00,11.9,4.8,62,7.930780769861151
644,2023-01-27 20:00:00,11.9,4.6,61,7.830852014462874
645,2023-01-27 21:00:00,11.8,4.9,63,7.939899043904788
646,2023-01-27 22:00:00,11.8,5.9,67,8.33980183484206
647,2023-01-27 23:00:00,11.9,7.0,72,8.936617064818112
648,2023-01-28 00:00:00,12.6,8.1,74,9.799991770783226
649,2023-01-28 01:00:00,12.4,9.1,80,10.232819181812618
650,2023-01-28 02:00:00,13.1,9.8,81,11.010918385423093
651,2023-01-28 03:00:00,13.9,10.6,81,11.781082963867068
652,2023-01-28 04:00:00,14.2,11.4,83,12.288189671785464
653,2023-01-28 05:00:00,14.1,12.0,87,12.628667991744418
654,2023-01-28 06:00:00,14.3,12.7,90,13.155256999828747
655,2023-01-28 07:00:00,15.4,13.8,90,14.238758540633778
656,2023-01-28 08:00:00,15.6,14.4,92,14.663265072910473
657,2023-01-28 09:00:00,16.0,14.7,92,15.059115696277289
658,2023-01-28 10:00:00,16.9,15.6,92,15.94977867447864
659,2023-01-28 11:00:00,17.5,16.1,92,16.543553294559217
660,2023-01-28 12:00:00,18.5,16.9,90,17.292251969025003
661,2023-01-28 13:00:00,19.3,16.9,86,17.59119922332744
662,2023-01-28 14:00:00,20.6,16.5,77,17.72706351856639
663,2023-01-28 15:00:00,20.1,16.5,80,17.62527582332184
664,2023-01-28 16:00:00,20.6,16.2,76,17.600722570005768
665,2023-01-28 17:00:00,20.6,16.4,77,17.72706351856639
666,2023-01-28 18:00:00,20.4,15.7,75,17.284970462761482
667,2023-01-28 19:00:00,20.0,17.2,84,18.025948257767904
668,2023-01-28 20:00:00,19.9,17.1,84,17.928907259090888
669,2023-01-28 21:00:00,19.8,17.4,86,18.07889603523115
670,2023-01-28 22:00:00,19.2,17.6,90,17.981748355436398
671,2023-01-28 23:00:00,19.2,17.6,91,18.10381450033886
672,2023-01-29 00:00:00,19.0,17.6,91,17.906350118185127
673,2023-01-29 01:00:00,19.0,17.5,90,17.784749465309343
674,2023-01-29 02:00:00,19.0,17.4,91,17.906350118185127
675,2023-01-29 03:00:00,19.0,17.6,92,18.027987465327424
676,2023-01-29 04:00:00,18.5,17.3,93,17.653720592584108
677,2023-01-29 05:00:00,18.0,17.1,95,17.39682164330159
678,2023-01-29 06:00:00,18.0,17.3,96,17.51647270332733
679,2023-01-29 07:00:00,19.1,18.3,95,18.492817112800264
680,2023-01-29 08:00:00,18.7,17.5,92,17.731100898687778
681,2023-01-29 09:00:00,18.4,17.6,95,17.795365641867622
682,2023-01-29 10:00:00,18.7,18.0,95,18.094273496680284
683,2023-01-29 11:00:00,19.1,18.5,96,18.614881158386183
684,2023-01-29 12:00:00,21.0,18.6,86,19.24936667278001
685,2023-01-29 13:00:00,21.1,18.8,87,19.473560770414792
686,2023-01-29 14:00:00,19.9,18.9,94,19.166122112202896
687,2023-01-29 15:00:00,20.0,19.1,95,19.389539464963104
688,2023-01-29 16:00:00,19.8,19.0,95,19.190267924075
689,2023-01-29 17:00:00,20.4,19.0,92,19.41345638670633
690,2023-01-29 18:00:00,21.0,18.4,85,19.122896380682466
691,2023-01-29 19:00:00,20.2,19.1,93,19.33993953501252
692,2023-01-29 20:00:00,19.6,18.4,92,18.621760204885693
693,2023-01-29 21:00:00,19.0,18.0,94,18.271397068118194
694,2023-01-29 22:00:00,18.1,17.5,96,17.616328084206884
695,2023-01-29 23:00:00,15.6,14.9,96,15.119939429566461
696,2023-01-30 00:00:00,13.9,12.8,93,13.09098903831795
697,2023-01-30 01:00:00,12.8,11.6,93,11.999896086823146
698,2023-01-30 02:00:00,12.2,10.7,90,11.086748078128139
699,2023-01-30 03:00:00,11.9,10.2,89,10.686401246844781
700,2023-01-30 04:00:00,11.6,10.1,90,10.495744033511201
701,2023-01-30 05:00:00,11.6,10.1,91,10.600122767043985
702,2023-01-30 06:00:00,11.2,9.6,90,10.101740956515634
703,2023-01-30 07:00:00,8.7,7.1,90,7.639214582622948
704,2023-01-30 08:00:00,8.1,7.2,94,7.435184784692543
705,2023-01-30 09:00:00,7.8,6.7,93,7.040355922631772
706,2023-01-30 10:00:00,7.6,6.6,93,6.8419733468801365
707,2023-01-30 11:00:00,7.9,6.6,91,6.946972303365449
708,2023-01-30 12:00:00,7.9,6.8,92,7.043086858112883
709,2023-01-30 13:00:00,9.6,7.8,88,8.327167003210413
710,2023-01-30 14:00:00,9.6,7.9,89,8.426298183893897
711,2023-01-30 15:00:00,10.9,8.4,85,9.296355604741024
712,2023-01-30 16:00:00,10.8,8.4,85,9.199062074630422
713,2023-01-30 17:00:00,10.5,8.2,86,9.007659223893022
714,2023-01-30 18:00:00,10.6,8.4,87,9.20618715573536
715,2023-01-30 19:00:00,5.4,3.5,87,4.121308876476283
716,2023-01-30 20:00:00,5.4,4.1,91,4.4786115530079975
717,2023-01-30 21:00:00,5.2,4.3,94,4.552120867737434
718,2023-01-30 22:00:00,5.2,3.8,91,4.281142104334567
719,2023-01-30 23:00:00,5.1,3.8,92,4.272084799677554
720,2023-01-31 00:00:00,5.0,3.7,91,4.083672565820507
721,2023-01-31 01:00:00,4.9,3.5,90,3.8961492437945004
722,2023-01-31 02:00:00,4.8,3.4,90,3.797647085236065
723,2023-01-31 03:00:00,4.7,3.5,92,3.8762259984637666
724,2023-01-31 04:00:00,4.7,3.3,91,3.7874680883662677
725,2023-01-31 05:00:00,4.7,3.2,91,3.7874680883662677
726,2023-01-31 06:00:00,4.7,3.3,91,3.7874680883662677
727,2023-01-31 07:00:00,3.5,2.4,93,2.775112531292102
728,2023-01-31 08:00:00,3.6,2.3,92,2.7876124573734193
729,2023-01-31 09:00:00,3.7,2.5,92,2.8865774377533358
730,2023-01-31 10:00:00,4.8,3.5,92,3.975190731766734
731,2023-01-31 11:00:00,5.3,4.4,94,4.651537143219716
732,2023-01-31 12:00:00,5.9,4.2,89,4.790456704373561
733,2023-01-31 13:00:00,5.8,4.3,90,4.782667626805891
734,2023-01-31 14:00:00,6.4,4.8,89,5.281788426025097
735,2023-01-31 15:00:00,7.0,5.1,87,5.685893601778053
736,2023-01-31 16:00:00,6.9,4.9,87,5.5881072403232395
737,2023-01-31 17:00:00,7.3,4.9,85,5.793773665243254
738,2023-01-31 18:00:00,7.0,4.6,84,5.410447917929162
739,2023-01-31 19:00:00,4.0,2.2,88,2.8376110068660765
740,2023-01-31 20:00:00,3.8,1.8,87,2.5567176606093724
741,2023-01-31 21:00:00,3.6,2.3,91,2.7013832328270873
742,2023-01-31 22:00:00,3.8,2.5,91,2.898853416245302
743,2023-01-31 23:00:00,4.4,3.3,92,3.5793316655984277
744,2023-02-01 00:00:00,4.4,3.4,93,3.667841121392863
745,2023-02-01 01:00:00,4.3,3.3,93,3.56864914328394
746,2023-02-01 02:00:00,4.2,3.2,93,3.4694571434679986
747,2023-02-01 03:00:00,4.2,2.9,92,3.3814019988668935
748,2023-02-01 04:00:00,4.3,3.0,92,3.4803668434277597
749,2023-02-01 05:00:00,4.3,3.2,92,3.4803668434277597
750,2023-02-01 06:00:00,4.5,3.2,91,3.5899983227789676
751,2023-02-01 07:00:00,3.5,2.2,91,2.6026481057269653
752,2023-02-01 08:00:00,3.5,2.6,94,2.862040999118978
753,2023-02-01 09:00:00,3.6,2.6,93,2.874304684950344
754,2023-02-01 10:00:00,3.8,2.7,93,3.0726889257887517
755,2023-02-01 11:00:00,4.2,3.0,92,3.3814019988668935
756,2023-02-01 12:00:00,4.9,3.2,89,3.807791497006683
757,2023-02-01 13:00:00,5.4,3.8,89,4.299124397814813
758,2023-02-01 14:00:00,7.5,4.8,83,5.803327982107685
759,2023-02-01 15:00:00,7.3,5.0,85,5.793773665243254
760,2023-02-01 16:00:00,8.1,5.4,84,6.4779283457586665
761,2023-02-01 17:00:00,8.1,5.6,84,6.4779283457586665
762,2023-02-01 18:00:00,7.8,5.5,85,6.280245265595159
763,2023-02-01 19:00:00,4.6,3.4,92,3.777261243047265
764,2023-02-01 20:00:00,4.4,3.6,94,3.7567899212230103
765,2023-02-01 21:00:00,4.5,3.5,94,3.8562063623263345
766,2023-02-01 22:00:00,4.3,3.2,93,3.56864914328394
767,2023-02-01 23:00:00,4.3,3.2,93,3.56864914328394
768,2023-02-02 00:00:00,4.4,3.6,95,3.8461762355623996
769,2023-02-02 01:00:00,4.7,3.5,93,3.9654169261439645
770,2023-02-02 02:00:00,4.7,3.5,93,3.9654169261439645
771,2023-02-02 03:00:00,4.7,3.7,93,3.9654169261439645
772,2023-02-02 04:00:00,4.7,3.7,94,4.055039181826373
773,2023-02-02 05:00:00,4.6,3.9,95,4.045452827868264
774,2023-02-02 06:00:00,4.8,4.0,95,4.2447293392223955
775,2023-02-02 07:00:00,4.3,3.1,92,3.4803668434277597
776,2023-02-02 08:00:00,4.3,3.3,93,3.56864914328394
777,2023-02-02 09:00:00,4.4,3.4,93,3.667841121392863
778,2023-02-02 10:00:00,4.6,3.1,90,3.6006426976354664
779,2023-02-02 11:00:00,4.9,3.2,89,3.807791497006683
780,2023-02-02 12:00:00,4.9,3.6,91,3.984937762697612
781,2023-02-02 13:00:00,5.8,3.8,87,4.512455653180226
782,2023-02-02 14:00:00,5.9,4.4,90,4.881169554691475
783,2023-02-02 15:00:00,6.4,4.2,86,5.0084535869665014
784,2023-02-02 16:00:00,6.4,4.2,85,4.918123175549159
785,2023-02-02 17:00:00,6.6,4.1,84,5.022272426917386
786,2023-02-02 18:00:00,6.6,3.8,82,4.8425510267944
787,2023-02-02 19:00:00,5.7,3.2,84,4.148875990464546
788,2023-02-02 20:00:00,5.7,3.4,85,4.237060220178474
789,2023-02-02 21:00:00,5.3,3.3,87,4.02352211913961
790,2023-02-02 22:00:00,5.1,3.2,88,3.9159225689807933
791,2023-02-02 23:00:00,5.2,3.2,87,3.925735336374279
792,2023-02-03 00:00:00,5.4,3.4,87,4.121308876476283
793,2023-02-03 01:00:00,5.8,3.5,85,4.334355007779145
794,2023-02-03 02:00:00,4.8,3.7,92,3.975190731766734
795,2023-02-03 03:00:00,4.3,3.0,91,3.392528465361252
796,2023-02-03 04:00:00,4.1,2.7,91,3.1950585155338347
797,2023-02-03 05:00:00,4.2,2.7,90,3.2066336384046235
798,2023-02-03 06:00:00,4.2,2.6,89,3.1199244193290667
799,2023-02-03 07:00:00,4.4,3.1,91,3.491263405585002
800,2023-02-03 08:00:00,4.7,3.2,90,3.699144903207859
801,2023-02-03 09:00:00,5.1,3.5,89,4.004324729246017
802,2023-02-03 10:00:00,5.8,3.8,87,4.512455653180226
803,2023-02-03 11:00:00,7.0,3.8,80,5.048411049819796
804,2023-02-03 12:00:00,9.1,3.2,67,5.849772916701525
805,2023-02-03 13:00:00,10.8,3.8,62,6.934574679002649
806,2023-02-03 14:00:00,12.1,4.2,58,7.7098240588911775
807,2023-02-03 15:00:00,13.2,4.6,56,8.481378775537003
808,2023-02-03 16:00:00,13.9,4.8,54,8.885508635924541
809,2023-02-03 17:00:00,14.3,4.7,52,9.017640136719184
810,2023-02-03 18:00:00,13.9,4.7,54,8.885508635924541
811,2023-02-03 19:00:00,10.1,5.5,73,7.3449993868183014
812,2023-02-03 20:00:00,9.4,5.2,75,6.875483569099554
813,2023-02-03 21:00:00,8.2,4.9,80,6.200508852410582
814,2023-02-03 22:00:00,6.9,4.6,85,5.404595927730977
815,2023-02-03 23:00:00,5.8,4.1,89,4.692190290150501
816,2023-02-04 00:00:00,5.4,3.8,89,4.299124397814813
817,2023-02-04 01:00:00,4.7,3.1,89,3.6112581681629994
818,2023-02-04 02:00:00,3.7,2.3,91,2.8001183363082873
819,2023-02-04 03:00:00,3.0,1.5,90,2.024604144502831
820,2023-02-04 04:00:00,3.0,1.3,88,1.857325074950639
821,2023-02-04 05:00:00,3.6,1.4,86,2.277264584947364
822,2023-02-04 06:00:00,3.4,1.4,86,2.0821788457791985
823,2023-02-04 07:00:00,3.2,1.6,90,2.221609305048629
824,2023-02-04 08:00:00,2.8,1.5,91,1.9115015483519606
825,2023-02-04 09:00:00,4.1,2.2,88,2.9356394574310176
826,2023-02-04 10:00:00,6.8,3.7,80,4.856394329110071
827,2023-02-04 11:00:00,9.8,5.3,74,7.158293215540329
828,2023-02-04 12:00:00,12.2,7.1,71,9.115778249526295
829,2023-02-04 13:00:00,13.8,7.9,68,10.290891784847206
830,2023-02-04 14:00:00,15.0,8.1,64,10.959441354363396
831,2023-02-04 15:00:00,16.0,8.2,60,11.41535221350643
832,2023-02-04 16:00:00,16.6,8.0,57,11.603934781432113
833,2023-02-04 17:00:00,16.6,7.7,55,11.368988816816621
834,2023-02-04 18:00:00,15.9,7.6,58,11.097063854005578
835,2023-02-04 19:00:00,12.9,8.9,76,10.292371638641148
836,2023-02-04 20:00:00,11.6,8.4,81,9.566855629711132
837,2023-02-04 21:00:00,10.8,8.2,84,9.098094667392449
838,2023-02-04 22:00:00,10.3,8.1,87,8.9128304683665
839,2023-02-04 23:00:00,9.8,7.9,88,8.523221253861633
840,2023-02-05 00:00:00,9.4,7.8,89,8.229766972123166
841,2023-02-05 01:00:00,8.6,7.4,92,7.735834862598285
842,2023-02-05 02:00:00,8.3,7.1,92,7.438942979698847
843,2023-02-05 03:00:00,8.2,7.2,93,7.437120840312245
844,2023-02-05 04:00:00,7.7,6.8,94,7.037521766783152
845,2023-02-05 05:00:00,8.1,7.0,93,7.337929639975446
846,2023-02-05 06:00:00,8.3,7.2,93,7.536312021355853
847,2023-02-05 07:00:00,11.1,9.6,90,10.003240139176164
848,2023-02-05 08:00:00,10.9,9.6,91,9.908988223397639
849,2023-02-05 09:00:00,10.6,9.8,94,9.920571972761337
850,2023-02-05 10:00:00,13.7,11.7,88,12.346262673205839
851,2023-02-05 11:00:00,17.0,13.3,79,14.532780735204373
852,2023-02-05 12:00:00,19.2,13.9,71,15.658060017533415
853,2023-02-05 13:00:00,20.7,14.2,66,16.41868064206675
854,2023-02-05 14:00:00,21.1,13.5,62,16.262474372620087
855,2023-02-05 15:00:00,21.6,13.1,58,16.177792276630935
856,2023-02-05 16:00:00,21.9,12.9,57,16.308432977395363
857,2023-02-05 17:00:00,21.7,12.8,57,16.13090697471117
858,2023-02-05 18:00:00,21.0,13.6,63,16.30308036288452
859,2023-02-05 19:00:00,18.0,14.8,82,15.847138261334504
860,2023-02-05 20:00:00,17.1,14.7,86,15.44532808042742
861,2023-02-05 21:00:00,16.8,14.4,86,15.152708616320371
862,2023-02-05 22:00:00,15.9,14.3,90,14.731258553946102
863,2023-02-05 23:00:00,15.2,13.9,92,14.267414192714604
864,2023-02-06 00:00:00,14.8,13.6,93,13.983699977082498
865,2023-02-06 01:00:00,14.6,13.5,93,13.785319881355182
866,2023-02-06 02:00:00,14.1,13.1,93,13.289369360346278
867,2023-02-06 03:00:00,13.6,12.6,93,12.79341843239273
868,2023-02-06 04:00:00,13.2,12.2,93,12.396657393167683
869,2023-02-06 05:00:00,13.1,12.2,94,12.405948234264873
870,2023-02-06 06:00:00,13.2,12.2,93,12.396657393167683
871,2023-02-06 07:00:00,14.1,13.0,93,13.289369360346278
872,2023-02-06 08:00:00,13.8,12.8,93,12.991798852773261
873,2023-02-06 09:00:00,14.8,13.5,92,13.871563052804301
874,2023-02-06 10:00:00,17.0,15.2,90,15.8147571098519
875,2023-02-06 11:00:00,19.4,16.4,83,17.3211479729534
876,2023-02-06 12:00:00,21.5,15.4,68,17.416280158944684
877,2023-02-06 13:00:00,22.2,14.6,62,17.258633224789904
878,2023-02-06 14:00:00,22.8,14.1,58,17.247401898169123
879,2023-02-06 15:00:00,23.0,13.9,56,17.14332212683438
880,2023-02-06 16:00:00,22.1,13.9,59,16.760400086811018
881,2023-02-06 17:00:00,22.1,13.1,57,16.485958817254122
882,2023-02-06 18:00:00,20.9,14.0,65,16.472718684477872
883,2023-02-06 19:00:00,18.3,14.1,77,15.537656393527044
884,2023-02-06 20:00:00,17.2,13.7,80,14.841119321547254
885,2023-02-06 21:00:00,16.8,13.2,80,14.457096333870798
886,2023-02-06 22:00:00,17.2,13.2,77,14.490544370479402
887,2023-02-06 23:00:00,17.5,13.4,77,14.776120659603741
888,2023-02-07 00:00:00,17.8,13.9,78,15.180203006839246
889,2023-02-07 01:00:00,17.9,14.2,79,15.394423505931112
890,2023-02-07 02:00:00,17.5,14.5,82,15.364487107288593
891,2023-02-07 03:00:00,16.6,14.8,89,15.304841413547376
892,2023-02-07 04:00:00,16.4,14.9,91,15.33930755930934
893,2023-02-07 05:00:00,16.2,14.9,92,15.257040912539821
894,2023-02-07 06:00:00,16.5,15.3,93,15.669928248133843
895,2023-02-07 07:00:00,17.4,16.0,92,16.444590896200214
896,2023-02-07 08:00:00,17.7,16.3,92,16.74147804562721
897,2023-02-07 09:00:00,18.3,16.5,89,16.975331533623436
898,2023-02-07 10:00:00,19.5,17.1,86,17.786277999128462
899,2023-02-07 11:00:00,21.0,17.6,81,18.616232032136658
900,2023-02-07 12:00:00,22.9,18.2,75,19.650720133255046
901,2023-02-07 13:00:00,22.5,18.0,75,19.272201108231336
902,2023-02-07 14:00:00,22.0,18.0,78,19.18979110560889
903,2023-02-07 15:00:00,23.0,18.4,75,19.745349836071053
904,2023-02-07 16:00:00,23.6,17.9,70,19.633740179648502
905,2023-02-07 17:00:00,22.0,17.9,77,19.059740492225508
906,2023-02-07 18:00:00,21.9,18.3,80,19.353364431187362
907,2023-02-07 19:00:00,19.3,18.2,94,18.569638872896167
908,2023-02-07 20:00:00,18.6,17.6,94,17.873741134216917
909,2023-02-07 21:00:00,18.2,17.2,94,17.476084976200195
910,2023-02-07 22:00:00,18.0,17.2,95,17.39682164330159
911,2023-02-07 23:00:00,17.6,17.1,97,17.235925960577713
912,2023-02-08 00:00:00,17.9,17.4,97,17.536142740559843
913,2023-02-08 01:00:00,18.2,17.5,96,17.71618345162452
914,2023-02-08 02:00:00,18.1,17.5,96,17.616328084206884
915,2023-02-08 03:00:00,18.0,17.5,97,17.636214974142472
916,2023-02-08 04:00:00,18.8,18.2,96,18.315315375400083
917,2023-02-08 05:00:00,19.0,18.2,95,18.393181229051923
918,2023-02-08 06:00:00,18.7,17.9,95,18.094273496680284
919,2023-02-08 07:00:00,19.1,18.5,97,18.73700868323434
920,2023-02-08 08:00:00,18.2,18.0,99,18.076989313230808
921,2023-02-08 09:00:00,18.8,18.5,98,18.55834561842749
922,2023-02-08 10:00:00,20.6,19.2,91,19.486063519879348
923,2023-02-08 11:00:00,22.5,19.1,81,20.06026473645687
924,2023-02-08 12:00:00,24.5,18.0,67,20.05180374164683
925,2023-02-08 13:00:00,25.0,17.4,63,19.939150689514943
926,2023-02-08 14:00:00,22.1,18.0,78,19.285257040601813
927,2023-02-08 15:00:00,19.9,17.7,87,18.300156536081975
928,2023-02-08 16:00:00,16.0,13.1,83,14.03037375484691
929,2023-02-08 17:00:00,16.0,12.1,78,13.461796116869763
930,2023-02-08 18:00:00,14.1,9.6,74,11.21517733970649
931,2023-02-08 19:00:00,11.8,9.7,87,10.379611987150422
932,2023-02-08 20:00:00,11.7,8.8,82,9.765694535815136
933,2023-02-08 21:00:00,11.2,8.3,82,9.283036379388552
934,2023-02-08 22:00:00,10.4,7.8,84,8.709922994963328
935,2023-02-08 23:00:00,8.7,7.4,92,7.8347987842056135
936,2023-02-09 00:00:00,8.1,6.9,92,7.241014958778305
937,2023-02-09 01:00:00,7.8,6.4,91,6.848238128087296
938,2023-02-09 02:00:00,8.9,6.7,86,7.446998335522441
939,2023-02-09 03:00:00,7.6,6.1,91,6.650769715267696
940,2023-02-09 04:00:00,6.6,5.7,94,5.943946888267735
941,2023-02-09 05:00:00,5.4,5.1,98,5.119828362069553
942,2023-02-09 06:00:00,5.1,4.8,98,4.818962735203062
943,2023-02-09 07:00:00,5.5,4.9,96,5.034430817794073
944,2023-02-09 08:00:00,5.7,4.9,95,5.141472651469108
945,2023-02-09 09:00:00,7.2,6.1,92,6.350337870830309
946,2023-02-09 10:00:00,10.3,8.0,86,8.812576930273629
947,2023-02-09 11:00:00,13.3,9.2,76,10.672030039178281
948,2023-02-09 12:00:00,15.8,9.5,66,11.91564593673154
949,2023-02-09 13:00:00,17.8,9.6,59,12.911891924281939
950,2023-02-09 14:00:00,19.2,9.1,52,13.271377451690544
951,2023-02-09 15:00:00,20.0,7.8,45,13.020381542235306
952,2023-02-09 16:00:00,20.4,6.9,42,12.93184002576728
953,2023-02-09 17:00:00,20.4,6.4,40,12.644052247313592
954,2023-02-09 18:00:00,19.4,8.1,48,12.919402601504377
955,2023-02-09 19:00:00,15.6,6.2,54,10.37495183010844
956,2023-02-09 20:00:00,13.8,7.6,66,10.077648210816855
957,2023-02-09 21:00:00,12.4,7.6,73,9.508286335532487
958,2023-02-09 22:00:00,10.9,7.7,80,8.792713815566447
959,2023-02-09 23:00:00,10.1,7.7,85,8.518006723047556
960,2023-02-10 00:00:00,9.6,7.3,86,8.129788193623973
961,2023-02-10 01:00:00,9.4,6.7,84,7.739492139321936
962,2023-02-10 02:00:00,9.4,6.5,82,7.545461830668646
963,2023-02-10 03:00:00,8.6,6.2,85,7.05859852925618
964,2023-02-10 04:00:00,8.4,6.6,88,7.150839673929511
965,2023-02-10 05:00:00,8.5,6.1,85,6.96130445746989
966,2023-02-10 06:00:00,7.6,5.8,88,6.366619675957436
967,2023-02-10 07:00:00,7.5,4.8,83,5.803327982107685
968,2023-02-10 08:00:00,7.8,4.5,80,5.8164767263949795
969,2023-02-10 09:00:00,8.7,6.1,83,6.964803927538039
970,2023-02-10 10:00:00,10.8,6.8,76,8.299157418978115
971,2023-02-10 11:00:00,12.4,6.7,68,8.995344988123323
972,2023-02-10 12:00:00,13.8,6.9,63,9.758011771088935
973,2023-02-10 13:00:00,14.9,7.1,59,10.316341071331886
974,2023-02-10 14:00:00,15.4,6.9,57,10.5387468327458
975,2023-02-10 15:00:00,15.9,6.3,53,10.522357658524715
976,2023-02-10 16:00:00,15.1,5.9,55,10.048924476212937
977,2023-02-10 17:00:00,13.9,5.5,57,9.207251181049116
978,2023-02-10 18:00:00,11.1,4.2,63,7.303555150982017
979,2023-02-10 19:00:00,11.1,3.4,59,6.915210466794937
980,2023-02-10 20:00:00,9.5,3.3,65,6.033374002004397
981,2023-02-10 21:00:00,8.5,3.2,69,5.476433054062282
982,2023-02-10 22:00:00,7.7,2.4,69,4.733607355221384
983,2023-02-10 23:00:00,7.3,0.6,62,3.764784859555723
984,2023-02-11 00:00:00,6.7,-0.6,60,3.0580525948000554
985,2023-02-11 01:00:00,5.8,-1.0,61,2.3275531169912957
986,2023-02-11 02:00:00,4.8,-0.9,67,1.884101422197352
987,2023-02-11 03:00:00,4.1,-0.8,70,1.4677805334034986
988,2023-02-11 04:00:00,3.6,-0.9,72,1.1543092852603607
989,2023-02-11 05:00:00,3.2,-0.9,74,0.9313216310475703
990,2023-02-11 06:00:00,3.0,-1.0,75,0.8188775654119507
991,2023-02-11 07:00:00,3.0,-0.8,77,0.9729776346505297
992,2023-02-11 08:00:00,2.8,-0.7,78,0.8598735381875526
993,2023-02-11 09:00:00,4.0,0.1,76,1.8448419364714992
994,2023-02-11 10:00:00,5.9,0.6,69,3.0622390248799167
995,2023-02-11 11:00:00,7.6,1.6,66,4.379749474143884
996,2023-02-11 12:00:00,9.1,2.5,63,5.485416235019779
997,2023-02-11 13:00:00,9.4,3.2,65,5.94179838850739
998,2023-02-11 14:00:00,10.6,2.8,58,6.372733356889661
999,2023-02-11 15:00:00,11.1,2.8,56,6.625179958513808
1000,2023-02-11 16:00:00,11.4,3.0,56,6.890352942801378
1001,2023-02-11 17:00:00,11.3,3.2,57,6.899294991542105
1002,2023-02-11 18:00:00,11.1,3.1,58,6.818431761629341
1003,2023-02-11 19:00:00,9.9,3.5,65,6.399675974418569
1004,2023-02-11 20:00:00,8.1,3.5,73,5.463865362957428
1005,2023-02-11 21:00:00,6.6,3.5,81,4.753270543525266
1006,2023-02-11 22:00:00,6.2,3.5,83,4.5450579852664905
1007,2023-02-11 23:00:00,6.2,3.4,83,4.5450579852664905
1008,2023-02-12 00:00:00,5.8,3.3,84,4.2459201485530755
1009,2023-02-12 01:00:00,5.2,3.2,87,3.925735336374279
1010,2023-02-12 02:00:00,4.9,3.2,88,3.7198661474847903
1011,2023-02-12 03:00:00,3.9,2.6,91,2.997588472712547
1012,2023-02-12 04:00:00,3.8,2.6,92,2.985542395319338
1013,2023-02-12 05:00:00,3.4,2.5,93,2.6759203553825675
1014,2023-02-12 06:00:00,3.2,2.5,94,2.5637909724547665
1015,2023-02-12 07:00:00,3.0,2.1,93,2.2791514278409917
1016,2023-02-12 08:00:00,2.8,2.0,95,2.251960523264784
1017,2023-02-12 09:00:00,4.2,2.9,91,3.293793502035151
1018,2023-02-12 10:00:00,7.8,4.8,82,6.000944010908469
1019,2023-02-12 11:00:00,10.6,5.8,72,7.717718752254523
1020,2023-02-12 12:00:00,12.6,5.9,63,8.667146344487794
1021,2023-02-12 13:00:00,14.1,6.1,59,9.60031991091345
1022,2023-02-12 14:00:00,15.2,6.4,56,10.249162380022625
1023,2023-02-12 15:00:00,16.0,6.8,54,10.725406514099866
1024,2023-02-12 16:00:00,16.4,6.9,54,11.075860265496928
1025,2023-02-12 17:00:00,16.5,7.0,54,11.163473559488054
1026,2023-02-12 18:00:00,16.0,7.0,55,10.840964595292384
1027,2023-02-12 19:00:00,13.6,6.9,64,9.682055908508804
1028,2023-02-12 20:00:00,11.8,6.6,70,8.64116572664632
1029,2023-02-12 21:00:00,11.0,6.0,71,7.994228246475176
1030,2023-02-12 22:00:00,10.1,5.2,72,7.248910127600505
1031,2023-02-12 23:00:00,9.2,5.2,76,6.780509011381637
1032,2023-02-13 00:00:00,8.0,5.2,83,6.287276756048154
1033,2023-02-13 01:00:00,7.4,5.2,86,5.9838733174673795
1034,2023-02-13 02:00:00,7.0,5.3,89,5.871385732795494
1035,2023-02-13 03:00:00,6.4,4.9,90,5.373678855457815
1036,2023-02-13 04:00:00,5.8,4.6,92,4.9648368634731845
1037,2023-02-13 05:00:00,5.2,4.1,93,4.461376172768212
1038,2023-02-13 06:00:00,4.9,3.9,93,4.163800688659991
1039,2023-02-13 07:00:00,8.4,6.0,85,6.864010361221354
1040,2023-02-13 08:00:00,8.2,5.9,86,6.764207330972221
1041,2023-02-13 09:00:00,8.6,6.4,86,7.154373761151831
1042,2023-02-13 10:00:00,12.2,9.4,83,10.352421285131266
1043,2023-02-13 11:00:00,15.8,11.6,77,13.157852140866922
1044,2023-02-13 12:00:00,18.1,13.2,73,14.869405216846918
1045,2023-02-13 13:00:00,19.8,12.8,64,15.338990685833608
1046,2023-02-13 14:00:00,20.8,11.9,57,15.332037914005795
1047,2023-02-13 15:00:00,21.4,12.1,55,15.593115876559452
1048,2023-02-13 16:00:00,21.8,11.8,53,15.66800876070231
1049,2023-02-13 17:00:00,21.3,11.6,54,15.368848762034837
1050,2023-02-13 18:00:00,20.0,12.1,60,15.009758547742074
1051,2023-02-13 19:00:00,18.0,13.3,74,14.894629822676439
1052,2023-02-13 20:00:00,15.6,12.9,84,13.756126739569787
1053,2023-02-13 21:00:00,14.5,12.3,87,13.019807101422263
1054,2023-02-13 22:00:00,14.3,12.3,88,12.93442023853488
1055,2023-02-13 23:00:00,14.8,12.7,87,13.313161232692725
1056,2023-02-14 00:00:00,15.9,13.3,85,14.161004607688795
1057,2023-02-14 01:00:00,16.6,13.7,83,14.611100280387411
1058,2023-02-14 02:00:00,17.6,13.5,77,14.871312708489992
1059,2023-02-14 03:00:00,18.0,13.2,74,14.894629822676439
1060,2023-02-14 04:00:00,18.2,13.3,73,14.963459116826755
1061,2023-02-14 05:00:00,18.7,13.4,71,15.190759003633442
1062,2023-02-14 06:00:00,19.0,13.7,71,15.471139694349759
1063,2023-02-14 07:00:00,18.7,14.6,77,15.91842370367657
1064,2023-02-14 08:00:00,19.2,15.6,79,16.63901548903778
1065,2023-02-14 09:00:00,19.7,16.2,80,17.241255267531184
1066,2023-02-14 10:00:00,20.1,17.0,82,17.874267734819835
1067,2023-02-14 11:00:00,20.8,18.4,86,19.054288398579867
1068,2023-02-14 12:00:00,22.1,18.9,82,19.80485951983336
1069,2023-02-14 13:00:00,20.5,18.5,88,19.012011071902254
1070,2023-02-14 14:00:00,23.8,18.1,71,19.95719876685831
1071,2023-02-14 15:00:00,23.6,16.2,63,18.666531759854983
1072,2023-02-14 16:00:00,25.1,14.4,51,18.239102432723424
1073,2023-02-14 17:00:00,25.0,13.4,49,17.842513083662265
1074,2023-02-14 18:00:00,23.8,14.4,56,17.850400111693315
1075,2023-02-14 19:00:00,21.0,14.8,68,16.95359812576127
1076,2023-02-14 20:00:00,19.4,14.6,74,16.2154491199717
1077,2023-02-14 21:00:00,18.7,16.1,85,16.885186288415483
1078,2023-02-14 22:00:00,19.0,17.8,93,18.14966776472551
1079,2023-02-14 23:00:00,18.5,17.5,94,17.774327115816934
1080,2023-02-15 00:00:00,18.0,17.1,95,17.39682164330159
1081,2023-02-15 01:00:00,17.7,17.0,95,17.097913498986603
1082,2023-02-15 02:00:00,17.6,17.0,96,17.117051044479094
1083,2023-02-15 03:00:00,17.3,16.8,97,16.93570906101643
1084,2023-02-15 04:00:00,17.0,16.6,98,16.75318669001153
1085,2023-02-15 05:00:00,16.5,16.4,99,16.368512814628424
1086,2023-02-15 06:00:00,16.4,16.4,100,16.26801408185294
1087,2023-02-15 07:00:00,18.0,18.0,100,17.875992267493224
1088,2023-02-15 08:00:00,18.5,18.5,100,18.378484788752832
1089,2023-02-15 09:00:00,19.0,18.9,100,18.880977001834637
1090,2023-02-15 10:00:00,19.5,19.2,99,19.38346891063925
1091,2023-02-15 11:00:00,20.6,19.9,95,19.987353773158215
1092,2023-02-15 12:00:00,21.8,19.9,89,20.41456140431701
1093,2023-02-15 13:00:00,24.6,19.3,72,20.844050443744354
1094,2023-02-15 14:00:00,24.3,19.9,76,21.112478604228297
1095,2023-02-15 15:00:00,24.5,20.0,76,21.302302453856793
1096,2023-02-15 16:00:00,24.6,20.1,76,21.397214349092945
1097,2023-02-15 17:00:00,24.3,20.5,79,21.52161237748602
1098,2023-02-15 18:00:00,23.5,20.6,84,21.422372366338244
1099,2023-02-15 19:00:00,22.6,21.6,94,21.850290768569874
1100,2023-02-15 20:00:00,22.0,21.3,96,21.51067777633127
1101,2023-02-15 21:00:00,22.2,21.4,95,21.581523002790245
1102,2023-02-15 22:00:00,22.0,21.2,95,21.382252025699312
1103,2023-02-15 23:00:00,22.0,21.1,95,21.382252025699312
1104,2023-02-16 00:00:00,22.0,21.0,94,21.25380966269144
1105,2023-02-16 01:00:00,21.8,21.0,96,21.310968002212995
1106,2023-02-16 02:00:00,21.6,21.0,96,21.11125817916274
1107,2023-02-16 03:00:00,21.6,20.9,96,21.11125817916274
1108,2023-02-16 04:00:00,21.7,20.8,94,20.95556893724415
1109,2023-02-16 05:00:00,21.6,20.8,95,20.983709921432986
1110,2023-02-16 06:00:00,21.2,19.8,92,20.205151667237523
1111,2023-02-16 07:00:00,19.8,18.3,91,18.69620728948127
1112,2023-02-16 08:00:00,18.7,18.0,96,18.21546008801629
1113,2023-02-16 09:00:00,14.8,11.2,79,12.426535036882168
1114,2023-02-16 10:00:00,14.6,8.1,65,10.703670203257802
1115,2023-02-16 11:00:00,14.5,5.3,54,9.411196507099906
1116,2023-02-16 12:00:00,13.9,3.7,50,8.454597510587877
1117,2023-02-16 13:00:00,13.2,4.0,53,8.167500140384266
1118,2023-02-16 14:00:00,13.0,3.8,54,8.09697249894458
1119,2023-02-16 15:00:00,13.3,3.8,53,8.254717944889514
1120,2023-02-16 16:00:00,12.2,2.8,53,7.295318253188469
1121,2023-02-16 17:00:00,11.9,2.8,54,7.133198774325226
1122,2023-02-16 18:00:00,11.8,2.8,54,7.045582568323411
1123,2023-02-16 19:00:00,12.4,1.4,47,6.859128196780954
1124,2023-02-16 20:00:00,12.1,-0.2,43,6.200744540643091
1125,2023-02-16 21:00:00,11.4,-1.9,40,5.325954472804501
1126,2023-02-16 22:00:00,10.5,-1.9,42,4.781920840593903
1127,2023-02-16 23:00:00,10.1,-2.2,42,4.452607053565746
1128,2023-02-17 00:00:00,8.9,-4.4,39,3.2071682584152077
1129,2023-02-17 01:00:00,7.4,-5.0,41,2.151291802540392
1130,2023-02-17 02:00:00,6.3,-5.3,43,1.3972346569757637
1131,2023-02-17 03:00:00,5.7,-5.4,45,1.0420875437387318
1132,2023-02-17 04:00:00,5.3,-5.7,45,0.7069949206643127
1133,2023-02-17 05:00:00,4.7,-5.8,47,0.3386676684196308
1134,2023-02-17 06:00:00,4.1,-5.7,49,-0.038388928677915324
1135,2023-02-17 07:00:00,3.7,-4.8,54,-0.051595451234296874
1136,2023-02-17 08:00:00,3.0,-4.6,57,-0.4687225397985424
1137,2023-02-17 09:00:00,3.3,-4.6,56,-0.26955310142017286
1138,2023-02-17 10:00:00,3.9,-4.8,53,0.05589445149915484
1139,2023-02-17 11:00:00,4.8,-4.2,52,0.7700884472652385
1140,2023-02-17 12:00:00,6.2,-3.2,51,1.909468864597283
1141,2023-02-17 13:00:00,7.4,-2.3,50,2.865616554867419
1142,2023-02-17 14:00:00,8.6,-1.7,48,3.726517852031895
1143,2023-02-17 15:00:00,9.3,-1.5,47,4.234090148224695
1144,2023-02-17 16:00:00,10.1,-0.9,47,4.911528952012951
1145,2023-02-17 17:00:00,10.4,-1.5,44,4.886081386404349
1146,2023-02-17 18:00:00,9.8,-1.9,44,4.386298989487207
1147,2023-02-17 19:00:00,9.2,-1.5,47,4.149409799910998
1148,2023-02-17 20:00:00,7.3,-1.6,53,3.021515983252139
1149,2023-02-17 21:00:00,6.1,-1.2,59,2.43990820317335
1150,2023-02-17 22:00:00,5.4,-1.0,63,2.121801550979068
1151,2023-02-17 23:00:00,4.7,-0.8,68,1.8696911033760149
1152,2023-02-18 00:00:00,4.3,-0.9,69,1.5765653727301405
1153,2023-02-18 01:00:00,3.8,-0.9,71,1.264809750467565
1154,2023-02-18 02:00:00,3.2,-0.6,76,1.0854996512824302
1155,2023-02-18 03:00:00,3.1,-0.3,78,1.1462871505415277
1156,2023-02-18 04:00:00,2.8,-0.3,80,1.0160330539815128
1157,2023-02-18 05:00:00,2.7,-0.6,79,0.8419485607125656
1158,2023-02-18 06:00:00,2.8,-0.9,77,0.7825845830769094
1159,2023-02-18 07:00:00,2.4,0.1,84,0.9464026559682841
1160,2023-02-18 08:00:00,1.8,-0.1,87,0.6009689790213608
1161,2023-02-18 09:00:00,4.2,0.6,77,2.11533270423576
1162,2023-02-18 10:00:00,6.9,1.3,67,3.8208361476646235
1163,2023-02-18 11:00:00,9.1,-0.3,52,4.50328791708727
1164,2023-02-18 12:00:00,10.2,-0.3,48,5.088492966629165
1165,2023-02-18 13:00:00,11.1,-1.0,43,5.3725858200764645
1166,2023-02-18 14:00:00,11.6,-0.9,42,5.687522508619599
1167,2023-02-18 15:00:00,12.4,0.4,44,6.551991228041388
1168,2023-02-18 16:00:00,12.6,1.5,47,7.02848218084508
1169,2023-02-18 17:00:00,12.4,2.0,49,7.063072379445373
1170,2023-02-18 18:00:00,11.9,2.0,51,6.834553656221528
1171,2023-02-18 19:00:00,11.4,2.1,53,6.597567565371598
1172,2023-02-18 20:00:00,10.1,1.0,53,5.463712398807061
1173,2023-02-18 21:00:00,9.6,2.0,59,5.572636550547678
1174,2023-02-18 22:00:00,9.1,3.5,68,5.941525531969395
1175,2023-02-18 23:00:00,8.6,4.1,73,5.934150232311746
1176,2023-02-19 00:00:00,8.1,4.6,79,6.011983491169483
1177,2023-02-19 01:00:00,7.8,5.0,82,6.000944010908469
1178,2023-02-19 02:00:00,7.8,5.5,86,6.374040518049645
1179,2023-02-19 03:00:00,7.8,5.6,86,6.374040518049645
1180,2023-02-19 04:00:00,7.2,5.6,89,6.067917986821188
1181,2023-02-19 05:00:00,9.0,6.2,83,7.255172324641286
1182,2023-02-19 06:00:00,9.3,6.4,82,7.448929667054635
1183,2023-02-19 07:00:00,7.9,6.7,92,7.043086858112883
1184,2023-02-19 08:00:00,8.4,7.1,91,7.440642870945002
1185,2023-02-19 09:00:00,10.5,8.6,88,9.2094104612175
1186,2023-02-19 10:00:00,13.9,11.1,83,11.997824982443525
1187,2023-02-19 11:00:00,16.8,13.1,79,14.34130431711857
1188,2023-02-19 12:00:00,18.6,14.1,75,15.581621848055025
1189,2023-02-19 13:00:00,20.6,13.4,64,16.06890757775317
1190,2023-02-19 14:00:00,21.0,12.9,60,15.908349981862774
1191,2023-02-19 15:00:00,21.2,12.9,59,15.954904502258358
1192,2023-02-19 16:00:00,21.8,13.1,58,16.356060936440862
1193,2023-02-19 17:00:00,21.7,13.2,59,16.40240243014678
1194,2023-02-19 18:00:00,21.4,13.9,62,16.534154470732496
1195,2023-02-19 19:00:00,20.0,16.6,81,17.65354121838865
1196,2023-02-19 20:00:00,18.8,15.9,83,16.740424738510622
1197,2023-02-19 21:00:00,17.6,15.9,89,16.28748324008045
1198,2023-02-19 22:00:00,16.7,15.8,94,15.98487234614257
1199,2023-02-19 23:00:00,16.4,15.6,95,15.802643407712747
1200,2023-02-20 00:00:00,16.4,15.7,96,15.918784749118675
1201,2023-02-20 01:00:00,16.2,15.6,96,15.71907350447951
1202,2023-02-20 02:00:00,16.2,15.6,96,15.71907350447951
1203,2023-02-20 03:00:00,16.1,15.5,96,15.619217860942758
1204,2023-02-20 04:00:00,15.9,15.3,97,15.534695253955537
1205,2023-02-20 05:00:00,15.9,15.4,97,15.534695253955537
1206,2023-02-20 06:00:00,16.0,15.5,97,15.634767757882432
1207,2023-02-20 07:00:00,18.0,17.5,97,17.636214974142472
1208,2023-02-20 08:00:00,17.8,17.2,97,17.436070493794514
1209,2023-02-20 09:00:00,18.8,17.6,93,17.951288938837138
1210,2023-02-20 10:00:00,20.5,18.4,88,19.012011071902254
1211,2023-02-20 11:00:00,22.1,18.8,82,19.80485951983336
1212,2023-02-20 12:00:00,23.0,19.0,78,20.14444956551594
1213,2023-02-20 13:00:00,23.5,19.1,76,20.35318240824638
1214,2023-02-20 14:00:00,24.6,19.1,71,20.704869787712305
1215,2023-02-20 15:00:00,25.2,19.1,69,20.9823977495144
1216,2023-02-20 16:00:00,25.2,19.4,70,21.124229342540996
1217,2023-02-20 17:00:00,25.4,19.7,71,21.45253934378879
1218,2023-02-20 18:00:00,24.9,19.4,72,21.12532343280743
1219,2023-02-20 19:00:00,23.4,19.5,79,20.659981270738886
1220,2023-02-20 20:00:00,22.0,20.1,89,20.611088264842767
1221,2023-02-20 21:00:00,21.2,20.5,96,20.711838385264368
1222,2023-02-20 22:00:00,21.1,20.1,94,20.35908713683757
1223,2023-02-20 23:00:00,21.0,19.6,92,20.00722793055387
1224,2023-02-21 00:00:00,19.9,19.0,95,19.2899037011104
1225,2023-02-21 01:00:00,19.5,18.5,94,18.768466673941862
1226,2023-02-21 02:00:00,19.1,18.2,94,18.370811016854102
1227,2023-02-21 03:00:00,19.0,18.0,94,18.271397068118194
1228,2023-02-21 04:00:00,18.8,18.0,95,18.193909421027573
1229,2023-02-21 05:00:00,18.6,18.0,96,18.115604787380718
1230,2023-02-21 06:00:00,18.8,18.2,96,18.315315375400083
1231,2023-02-21 07:00:00,19.6,19.2,97,19.23736894629118
1232,2023-02-21 08:00:00,19.9,19.3,97,19.5375849524894
1233,2023-02-21 09:00:00,20.3,19.4,95,19.688446677767974
1234,2023-02-21 10:00:00,20.9,19.4,91,19.782259367821695
1235,2023-02-21 11:00:00,22.1,19.0,83,19.934394396916964
1236,2023-02-21 12:00:00,23.8,18.8,74,20.36656512235915
1237,2023-02-21 13:00:00,24.7,19.0,71,20.798328561573655
1238,2023-02-21 14:00:00,26.1,18.5,63,20.939061513873238
1239,2023-02-21 15:00:00,26.5,18.3,61,21.001973147560825
1240,2023-02-21 16:00:00,26.8,18.5,61,21.272604643900518
1241,2023-02-21 17:00:00,26.0,18.6,64,20.99579414027098
1242,2023-02-21 18:00:00,24.9,18.8,69,20.703854660723888
1243,2023-02-21 19:00:00,23.0,20.2,85,21.068724000621817
1244,2023-02-21 20:00:00,21.6,20.1,91,20.47338251528782
1245,2023-02-21 21:00:00,21.2,20.0,93,20.33183115768581
1246,2023-02-21 22:00:00,21.2,19.8,92,20.205151667237523
1247,2023-02-21 23:00:00,21.1,19.6,91,19.979723195028146
1248,2023-02-22 00:00:00,20.7,19.4,92,19.7103422214946
1249,2023-02-22 01:00:00,20.1,19.3,95,19.489175215667462
1250,2023-02-22 02:00:00,20.0,19.2,95,19.389539464963104
1251,2023-02-22 03:00:00,20.0,19.0,94,19.265535937846384
1252,2023-02-22 04:00:00,20.2,19.1,94,19.464363548676726
1253,2023-02-22 05:00:00,20.8,19.5,92,19.80930413843471
1254,2023-02-22 06:00:00,21.0,19.1,89,19.628453370974338
1255,2023-02-22 07:00:00,20.1,18.6,91,18.992403485050463
1256,2023-02-22 08:00:00,20.2,18.3,89,18.84234437605681
1257,2023-02-22 09:00:00,21.5,18.6,84,19.48156113302879
1258,2023-02-22 10:00:00,22.4,19.6,84,20.35492700828649
1259,2023-02-22 11:00:00,23.1,20.2,84,21.034210646485462
1260,2023-02-22 12:00:00,23.5,20.8,85,21.555179899427124
1261,2023-02-22 13:00:00,23.4,20.5,84,21.32533196063241
1262,2023-02-22 14:00:00,26.0,20.5,72,22.156656047614486
1263,2023-02-22 15:00:00,26.4,20.1,69,22.09656797207173
1264,2023-02-22 16:00:00,27.2,19.9,64,22.09064641816035
1265,2023-02-22 17:00:00,27.1,19.7,64,21.999408875408758
1266,2023-02-22 18:00:00,26.3,19.8,67,21.711733727820693
1267,2023-02-22 19:00:00,23.6,21.0,85,21.652471032047707
1268,2023-02-22 20:00:00,22.1,21.1,94,21.353223212173734
1269,2023-02-22 21:00:00,21.5,20.8,96,21.01140324921004
1270,2023-02-22 22:00:00,21.3,20.7,96,20.811693352292437
1271,2023-02-22 23:00:00,21.6,20.9,96,21.11125817916274
1272,2023-02-23 00:00:00,21.5,20.9,96,21.01140324921004
1273,2023-02-23 01:00:00,21.2,20.7,97,20.838519688516723
1274,2023-02-23 02:00:00,21.0,20.6,98,20.76464547070793
1275,2023-02-23 03:00:00,21.0,20.6,98,20.76464547070793
1276,2023-02-23 04:00:00,21.0,20.7,98,20.76464547070793
1277,2023-02-23 05:00:00,20.9,20.6,99,20.790444668936562
1278,2023-02-23 06:00:00,20.8,20.6,99,20.68994647685065
1279,2023-02-23 07:00:00,20.8,20.7,99,20.68994647685065
1280,2023-02-23 08:00:00,21.0,20.7,98,20.76464547070793
1281,2023-02-23 09:00:00,21.5,21.0,96,21.01140324921004
1282,2023-02-23 10:00:00,22.3,20.6,90,21.035223500402473
1283,2023-02-23 11:00:00,24.1,20.2,79,21.330138926556295
1284,2023-02-23 12:00:00,25.4,20.0,72,21.594111309273043
1285,2023-02-23 13:00:00,26.2,19.9,68,21.76545870730042
1286,2023-02-23 14:00:00,27.1,20.2,66,22.300085857405637
1287,2023-02-23 15:00:00,27.0,20.8,69,22.653651831773896
1288,2023-02-23 16:00:00,27.2,21.1,69,22.839346270110184
1289,2023-02-23 17:00:00,26.4,21.8,76,23.105625160582033
1290,2023-02-23 18:00:00,24.6,21.8,84,22.4898157765186
1291,2023-02-23 19:00:00,23.2,20.8,86,21.395223458582723
1292,2023-02-23 20:00:00,21.4,20.5,94,20.657328095595698
1293,2023-02-23 21:00:00,20.5,19.9,97,20.13801662776982
1294,2023-02-23 22:00:00,20.0,19.8,98,19.761782633044536
1295,2023-02-23 23:00:00,19.9,19.6,99,19.785462221182694
1296,2023-02-24 00:00:00,20.0,19.8,99,19.88596051900174
1297,2023-02-24 01:00:00,19.9,19.6,98,19.661496282844585
1298,2023-02-24 02:00:00,19.9,19.5,98,19.661496282844585
1299,2023-02-24 03:00:00,19.9,19.6,98,19.661496282844585
1300,2023-02-24 04:00:00,20.1,19.8,98,19.862068971073608
1301,2023-02-24 05:00:00,20.4,20.0,98,20.1629279124439
1302,2023-02-24 06:00:00,20.4,20.1,98,20.1629279124439
1303,2023-02-24 07:00:00,20.4,20.0,98,20.1629279124439
1304,2023-02-24 08:00:00,20.2,20.1,99,20.086957079069737
1305,2023-02-24 09:00:00,20.6,20.2,98,20.363500479733208
1306,2023-02-24 10:00:00,21.1,20.5,96,20.61198340581451
1307,2023-02-24 11:00:00,21.5,20.9,96,21.01140324921004
1308,2023-02-24 12:00:00,22.5,20.8,90,21.232221418531488
1309,2023-02-24 13:00:00,24.9,20.0,74,21.404337427497236
1310,2023-02-24 14:00:00,25.1,19.8,72,21.312838648850853
1311,2023-02-24 15:00:00,25.6,20.0,71,21.639456508200503
1312,2023-02-24 16:00:00,26.5,19.8,67,21.896169891943078
1313,2023-02-24 17:00:00,26.4,19.3,65,21.509085762705478
1314,2023-02-24 18:00:00,25.1,20.0,73,21.45311896859176
1315,2023-02-24 19:00:00,22.7,20.6,88,21.168560523747665
1316,2023-02-24 20:00:00,21.4,20.5,95,20.784438793741895
1317,2023-02-24 21:00:00,21.0,20.5,97,20.638376017884635
1318,2023-02-24 22:00:00,21.2,20.4,95,20.585167615332093
1319,2023-02-24 23:00:00,21.1,20.1,94,20.35908713683757
1320,2023-02-25 00:00:00,21.0,20.0,94,20.25967345773542
1321,2023-02-25 01:00:00,21.0,20.0,94,20.25967345773542
1322,2023-02-25 02:00:00,21.2,20.1,94,20.4585008028256
1323,2023-02-25 03:00:00,21.4,20.5,95,20.784438793741895
1324,2023-02-25 04:00:00,21.1,20.5,96,20.61198340581451
1325,2023-02-25 05:00:00,20.7,20.2,97,20.338160420577164
1326,2023-02-25 06:00:00,20.5,20.1,98,20.2632142020973
1327,2023-02-25 07:00:00,20.0,19.6,98,19.761782633044536
1328,2023-02-25 08:00:00,19.5,19.2,98,19.26035075971458
1329,2023-02-25 09:00:00,19.5,18.5,94,18.768466673941862
1330,2023-02-25 10:00:00,20.0,18.4,90,18.769743305036926
1331,2023-02-25 11:00:00,20.7,19.0,90,19.45923809643304
1332,2023-02-25 12:00:00,21.5,19.8,90,20.247231260062467
1333,2023-02-25 13:00:00,24.1,18.9,73,20.512595345349386
1334,2023-02-25 14:00:00,25.6,18.1,63,20.48455702544455
1335,2023-02-25 15:00:00,26.3,17.6,59,20.519340885019734
1336,2023-02-25 16:00:00,25.1,18.6,67,20.605114652558807
1337,2023-02-25 17:00:00,23.8,19.5,77,20.773176402765028
1338,2023-02-25 18:00:00,24.0,19.1,75,20.69164570636369
1339,2023-02-25 19:00:00,23.5,20.9,85,21.555179899427124
1340,2023-02-25 20:00:00,22.4,20.8,91,21.263236701249674
1341,2023-02-25 21:00:00,20.5,20.1,98,20.2632142020973
1342,2023-02-25 22:00:00,20.1,19.9,98,19.862068971073608
1343,2023-02-25 23:00:00,19.8,19.6,99,19.684963911467044
1344,2023-02-26 00:00:00,19.6,19.5,99,19.483967256225537
1345,2023-02-26 01:00:00,20.0,19.3,95,19.389539464963104
1346,2023-02-26 02:00:00,19.9,19.3,96,19.413722671813893
1347,2023-02-26 03:00:00,20.0,19.7,98,19.761782633044536
1348,2023-02-26 04:00:00,20.0,19.7,98,19.761782633044536
1349,2023-02-26 05:00:00,20.1,19.7,97,19.737728893979426
1350,2023-02-26 06:00:00,20.0,19.5,98,19.761782633044536
1351,2023-02-26 07:00:00,20.4,20.0,98,20.1629279124439
1352,2023-02-26 08:00:00,20.1,19.6,97,19.737728893979426
1353,2023-02-26 09:00:00,20.6,19.8,95,19.987353773158215
1354,2023-02-26 10:00:00,21.3,19.9,91,20.17718696545328
1355,2023-02-26 11:00:00,22.8,19.9,84,20.743089185840482
1356,2023-02-26 12:00:00,24.6,19.7,74,21.121308868604398
1357,2023-02-26 13:00:00,25.6,18.7,65,20.776528563188307
1358,2023-02-26 14:00:00,26.5,18.2,61,21.001973147560825
1359,2023-02-26 15:00:00,26.4,17.8,59,20.608838747812122
1360,2023-02-26 16:00:00,26.0,15.9,54,19.486506883509886
1361,2023-02-26 17:00:00,25.2,16.0,57,19.237589400133608
1362,2023-02-26 18:00:00,24.1,15.8,60,18.693960112160266
1363,2023-02-26 19:00:00,23.0,17.5,71,19.209526243833796
1364,2023-02-26 20:00:00,21.8,18.7,83,19.64403432138963
1365,2023-02-26 21:00:00,20.9,19.1,90,19.656236474991374
1366,2023-02-26 22:00:00,21.6,19.8,89,20.218034484988006
1367,2023-02-26 23:00:00,20.8,19.8,94,20.06084606005174
1368,2023-02-27 00:00:00,21.4,19.7,90,20.14873216550906
1369,2023-02-27 01:00:00,21.5,19.8,90,20.247231260062467
1370,2023-02-27 02:00:00,21.5,19.9,91,20.37465067939991
1371,2023-02-27 03:00:00,21.5,19.9,91,20.37465067939991
1372,2023-02-27 04:00:00,21.2,19.8,91,20.0784550873194
1373,2023-02-27 05:00:00,21.1,19.6,91,19.979723195028146
1374,2023-02-27 06:00:00,20.9,19.4,91,19.782259367821695
1375,2023-02-27 07:00:00,21.0,20.0,94,20.25967345773542
1376,2023-02-27 08:00:00,21.7,20.2,91,20.57211433716868
1377,2023-02-27 09:00:00,22.5,20.2,87,20.842529500999103
1378,2023-02-27 10:00:00,23.5,20.1,81,21.02295094030664
1379,2023-02-27 11:00:00,24.8,20.2,76,21.587038080702445
1380,2023-02-27 12:00:00,24.5,20.3,77,21.43951086280806
1381,2023-02-27 13:00:00,22.0,10.3,47,14.987750204633269
1382,2023-02-27 14:00:00,24.4,11.6,45,16.705650901241484
1383,2023-02-27 15:00:00,25.8,9.2,35,16.14513023673817
1384,2023-02-27 16:00:00,26.0,8.0,32,15.737813176252963
1385,2023-02-27 17:00:00,25.7,6.8,30,15.12129540784695
1386,2023-02-27 18:00:00,24.5,9.4,38,15.641665192160534
1387,2023-02-27 19:00:00,21.6,10.2,48,14.79191960931664
1388,2023-02-27 20:00:00,20.0,7.5,44,12.882077289242101
1389,2023-02-27 21:00:00,19.1,5.2,40,11.587048202391838
1390,2023-02-27 22:00:00,16.3,7.1,54,10.988246914208048
1391,2023-02-27 23:00:00,15.9,6.8,55,10.752960364234395
1392,2023-02-28 00:00:00,15.1,13.3,89,13.830875474254011
1393,2023-02-28 01:00:00,16.5,15.8,95,15.902279654289249
1394,2023-02-28 02:00:00,17.0,16.6,98,16.75318669001153
1395,2023-02-28 03:00:00,16.2,16.2,100,16.06701657723176
1396,2023-02-28 04:00:00,15.2,15.2,100,15.062028263827486
1397,2023-02-28 05:00:00,15.3,15.3,100,15.162527155010661
1398,2023-02-28 06:00:00,16.6,16.5,100,16.46901153442557
1399,2023-02-28 07:00:00,18.6,18.6,100,18.478983255897646
1400,2023-02-28 08:00:00,18.9,18.8,99,18.780478583684317
1401,2023-02-28 09:00:00,19.4,19.2,99,19.282970553035486
1402,2023-02-28 10:00:00,19.9,19.6,98,19.661496282844585
1403,2023-02-28 11:00:00,21.0,19.8,93,20.133452941702576
1404,2023-02-28 12:00:00,22.4,19.7,85,20.48497639771707
1405,2023-02-28 13:00:00,24.5,19.5,74,21.02696597400485
1406,2023-02-28 14:00:00,26.0,19.2,66,21.289227184867034
1407,2023-02-28 15:00:00,27.5,19.2,61,21.90407710606478
1408,2023-02-28 16:00:00,28.2,18.5,56,21.73928593793701
1409,2023-02-28 17:00:00,28.1,18.3,55,21.489123790117024
1410,2023-02-28 18:00:00,25.8,19.5,68,21.395318026574284
1411,2023-02-28 19:00:00,24.4,19.4,74,20.9326230584819
1412,2023-02-28 20:00:00,22.6,19.2,81,20.156533437147406
1413,2023-02-28 21:00:00,21.3,19.8,91,20.17718696545328
1414,2023-02-28 22:00:00,21.0,20.2,95,20.38589638594127
1415,2023-02-28 23:00:00,21.8,20.5,93,20.926965484519503
1416,2023-03-01 00:00:00,22.0,20.7,93,21.125343487356076
1417,2023-03-01 01:00:00,21.9,20.6,93,21.02615449252914
1418,2023-03-01 02:00:00,21.2,20.6,97,20.838519688516723
1419,2023-03-01 03:00:00,21.2,20.6,96,20.711838385264368
1420,2023-03-01 04:00:00,21.3,20.6,96,20.811693352292437
1421,2023-03-01 05:00:00,21.5,20.6,95,20.88407436391096
1422,2023-03-01 06:00:00,21.5,20.8,96,21.01140324921004
1423,2023-03-01 07:00:00,21.9,21.4,97,21.539022155892095
1424,2023-03-01 08:00:00,22.1,21.5,97,21.739165610476736
1425,2023-03-01 09:00:00,22.6,21.5,93,21.720477181396575
1426,2023-03-01 10:00:00,23.4,21.1,87,21.72257924404543
1427,2023-03-01 11:00:00,24.8,20.8,78,21.862829940113556
1428,2023-03-01 12:00:00,26.7,20.3,68,22.22813402054408
1429,2023-03-01 13:00:00,27.5,20.1,64,22.36435888860218
1430,2023-03-01 14:00:00,27.5,20.4,65,22.516349184154414
1431,2023-03-01 15:00:00,27.5,20.1,64,22.36435888860218
1432,2023-03-01 16:00:00,28.1,19.6,60,22.28824845565836
1433,2023-03-01 17:00:00,27.2,19.4,62,21.78657915307861
1434,2023-03-01 18:00:00,26.3,19.8,67,21.711733727820693
1435,2023-03-01 19:00:00,25.0,20.9,78,22.053760718886572
1436,2023-03-01 20:00:00,23.6,21.4,87,21.91814568909352
1437,2023-03-01 21:00:00,23.3,21.9,92,22.283347628059786
1438,2023-03-01 22:00:00,23.1,22.0,93,22.216421570135296
1439,2023-03-01 23:00:00,23.2,21.9,92,22.184386048634767
1440,2023-03-02 00:00:00,23.1,21.8,92,22.085424456129754
1441,2023-03-02 01:00:00,23.0,21.8,93,22.117232718076554
1442,2023-03-02 02:00:00,22.8,21.8,94,22.04911770259834
1443,2023-03-02 03:00:00,22.8,21.8,94,22.04911770259834
1444,2023-03-02 04:00:00,22.8,21.7,94,22.04911770259834
1445,2023-03-02 05:00:00,22.6,21.7,95,21.980064808163778
1446,2023-03-02 06:00:00,22.4,21.8,97,22.039380703651954
1447,2023-03-02 07:00:00,22.9,22.0,94,22.14853115077167
1448,2023-03-02 08:00:00,22.9,22.0,95,22.278971032980476
1449,2023-03-02 09:00:00,23.3,22.0,93,22.414799235951172
1450,2023-03-02 10:00:00,24.4,21.9,86,22.5656876339329
1451,2023-03-02 11:00:00,24.9,21.7,83,22.644414466252805
1452,2023-03-02 12:00:00,25.6,21.5,78,22.62655261771425
1453,2023-03-02 13:00:00,26.6,21.3,73,22.863900451666535
1454,2023-03-02 14:00:00,26.3,20.9,72,22.4379281290887
1455,2023-03-02 15:00:00,25.3,20.0,72,21.50035377752835
1456,2023-03-02 16:00:00,24.9,20.0,74,21.404337427497236
1457,2023-03-02 17:00:00,24.5,20.5,78,21.57643363377098
1458,2023-03-02 18:00:00,24.2,21.0,82,21.831973267654714
1459,2023-03-02 19:00:00,22.8,21.5,93,21.918854975492117
1460,2023-03-02 20:00:00,22.9,22.0,95,22.278971032980476
1461,2023-03-02 21:00:00,23.0,21.9,93,22.117232718076554
1462,2023-03-02 22:00:00,23.0,21.8,93,22.117232718076554
1463,2023-03-02 23:00:00,23.0,21.5,91,21.855626763748234
1464,2023-03-03 00:00:00,22.8,21.2,91,21.658163463952466
1465,2023-03-03 01:00:00,20.0,18.8,92,19.017608409664145
1466,2023-03-03 02:00:00,16.9,12.8,77,14.20496786606384
1467,2023-03-03 03:00:00,17.1,11.6,70,13.578560134366551
1468,2023-03-03 04:00:00,16.9,9.9,64,12.693023249639452
1469,2023-03-03 05:00:00,15.6,10.1,69,12.068899629869804
1470,2023-03-03 06:00:00,14.7,-1.5,33,7.181906754872214
1471,2023-03-03 07:00:00,13.1,-2.1,35,6.164912049990534
1472,2023-03-03 08:00:00,12.1,-2.0,37,5.586715361899698
1473,2023-03-03 09:00:00,12.5,0.6,44,6.635285509487751
1474,2023-03-03 10:00:00,13.9,1.4,42,7.581003590067663
1475,2023-03-03 11:00:00,15.6,2.5,41,8.861166154722621
1476,2023-03-03 12:00:00,17.0,4.4,43,10.258560733786966
1477,2023-03-03 13:00:00,18.5,5.3,42,11.367790767100797
1478,2023-03-03 14:00:00,19.3,6.3,43,12.163169611066426
1479,2023-03-03 15:00:00,20.0,7.0,43,12.742824269665228
1480,2023-03-03 16:00:00,20.4,7.4,43,13.074053735829878
1481,2023-03-03 17:00:00,20.2,7.8,44,13.048651773173756
1482,2023-03-03 18:00:00,19.6,8.0,47,12.955657976847863
1483,2023-03-03 19:00:00,18.5,9.6,57,13.29046773185852
1484,2023-03-03 20:00:00,16.2,8.8,61,11.710107738572532
1485,2023-03-03 21:00:00,14.9,9.0,68,11.308816368428838
1486,2023-03-03 22:00:00,13.4,9.3,76,10.76694456888055
1487,2023-03-03 23:00:00,12.6,9.4,81,10.529564746425349
1488,2023-03-04 00:00:00,12.0,9.3,84,10.262607450317738
1489,2023-03-04 01:00:00,11.7,9.1,84,9.971479564525978
1490,2023-03-04 02:00:00,11.1,8.9,86,9.592905572918067
1491,2023-03-04 03:00:00,11.1,8.8,85,9.490942597018503
1492,2023-03-04 04:00:00,10.9,9.0,88,9.601518117972848
1493,2023-03-04 05:00:00,10.1,8.8,92,9.220291656777743
1494,2023-03-04 06:00:00,9.6,8.5,93,8.825795644906888
1495,2023-03-04 07:00:00,10.0,8.6,91,9.020385303841596
1496,2023-03-04 08:00:00,8.8,7.6,92,7.933762686230978
1497,2023-03-04 09:00:00,12.2,9.1,81,10.144481396775161
1498,2023-03-04 10:00:00,14.8,10.0,73,11.7656111402896
1499,2023-03-04 11:00:00,17.5,10.3,62,13.002287720892543
1500,2023-03-04 12:00:00,19.4,10.0,55,13.83307668967785
1501,2023-03-04 13:00:00,20.7,10.5,52,14.573513974023907
1502,2023-03-04 14:00:00,21.8,10.9,50,15.24692722343639
1503,2023-03-04 15:00:00,22.7,11.0,48,15.728167172734071
1504,2023-03-04 16:00:00,23.2,11.0,46,15.85275368153615
1505,2023-03-04 17:00:00,23.3,11.3,47,16.088451945312855
1506,2023-03-04 18:00:00,22.5,11.8,50,15.848761132769724
1507,2023-03-04 19:00:00,20.2,12.2,60,15.189477142343264
1508,2023-03-04 20:00:00,17.6,12.0,70,14.044347414434434
1509,2023-03-04 21:00:00,16.2,12.8,80,13.881061189618325
1510,2023-03-04 22:00:00,15.2,12.9,86,13.592068640686637
1511,2023-03-04 23:00:00,14.6,12.7,88,13.22849876830649
1512,2023-03-05 00:00:00,14.2,12.6,90,13.056756755016355
1513,2023-03-05 01:00:00,13.9,12.4,91,12.870987120167701
1514,2023-03-05 02:00:00,13.2,11.9,92,12.28815583677535
1515,2023-03-05 03:00:00,11.9,10.9,94,11.212968943453191
1516,2023-03-05 04:00:00,13.1,11.4,89,11.865581319611106
1517,2023-03-05 05:00:00,13.6,11.7,88,12.2482363461076
1518,2023-03-05 06:00:00,12.6,11.1,91,11.587456260170743
1519,2023-03-05 07:00:00,11.1,10.4,96,10.626416757139555
1520,2023-03-05 08:00:00,10.8,10.2,96,10.326847451095603
1521,2023-03-05 09:00:00,14.5,12.5,88,13.130472610302572
1522,2023-03-05 10:00:00,18.0,14.7,81,15.728153709112686
1523,2023-03-05 11:00:00,20.5,14.9,70,16.74589936321204
1524,2023-03-05 12:00:00,22.0,14.6,63,17.212102717877173
1525,2023-03-05 13:00:00,23.1,14.4,58,17.514803441105144
1526,2023-03-05 14:00:00,23.6,14.2,55,17.52913830765724
1527,2023-03-05 15:00:00,23.6,13.9,55,17.52913830765724
1528,2023-03-05 16:00:00,23.4,13.4,53,17.063409102805373
1529,2023-03-05 17:00:00,22.8,12.8,53,16.54013535915193
1530,2023-03-05 18:00:00,21.6,12.9,58,16.177792276630935
1531,2023-03-05 19:00:00,20.0,12.6,62,15.266311303848422
1532,2023-03-05 20:00:00,17.5,13.6,78,14.893802381653174
1533,2023-03-05 21:00:00,16.4,14.7,90,15.223758146324084
1534,2023-03-05 22:00:00,15.8,14.5,92,14.861190416518848
1535,2023-03-05 23:00:00,15.1,14.1,93,14.281270001065575
1536,2023-03-06 00:00:00,14.7,13.8,94,13.996583655495666
1537,2023-03-06 01:00:00,14.3,13.6,96,13.8218138124777
1538,2023-03-06 02:00:00,15.3,14.6,95,14.70664373205705
1539,2023-03-06 03:00:00,17.1,15.6,91,16.030435443334
1540,2023-03-06 04:00:00,17.5,16.0,91,16.425365313541068
1541,2023-03-06 05:00:00,17.8,16.4,92,16.840440398419354
1542,2023-03-06 06:00:00,18.0,16.8,93,17.157773059794092
1543,2023-03-06 07:00:00,18.5,17.5,94,17.774327115816934
1544,2023-03-06 08:00:00,19.2,18.1,93,18.34804653368036
1545,2023-03-06 09:00:00,20.1,18.8,92,19.116570425179752
1546,2023-03-06 10:00:00,21.1,19.8,92,20.106189805806757
1547,2023-03-06 11:00:00,21.5,20.4,93,20.62939838104901
1548,2023-03-06 12:00:00,22.6,20.3,87,20.940312866152453
1549,2023-03-06 13:00:00,25.2,20.0,73,21.54717121334447
1550,2023-03-06 14:00:00,26.1,19.9,69,21.81802573228723
1551,2023-03-06 15:00:00,26.3,19.7,67,21.711733727820693
1552,2023-03-06 16:00:00,26.4,19.7,67,21.803951822152328
1553,2023-03-06 17:00:00,26.6,19.8,66,21.840605020771708
1554,2023-03-06 18:00:00,26.5,19.5,65,21.60065529389269
1555,2023-03-06 19:00:00,24.4,21.2,83,22.16048325506042
1556,2023-03-06 20:00:00,22.8,20.7,88,21.266585326033468
1557,2023-03-06 21:00:00,21.9,20.5,92,20.897884313291357
1558,2023-03-06 22:00:00,21.1,20.5,96,20.61198340581451
1559,2023-03-06 23:00:00,20.6,20.2,97,20.23808853032123
1560,2023-03-07 00:00:00,20.4,20.2,99,20.28795359190955
1561,2023-03-07 01:00:00,20.9,20.8,99,20.790444668936562
1562,2023-03-07 02:00:00,21.0,20.8,99,20.890942849421027
1563,2023-03-07 03:00:00,21.0,20.6,98,20.76464547070793
1564,2023-03-07 04:00:00,20.8,20.5,98,20.564072999073975
1565,2023-03-07 05:00:00,20.6,20.4,99,20.488950057758082
1566,2023-03-07 06:00:00,20.6,20.4,98,20.363500479733208
1567,2023-03-07 07:00:00,21.2,21.0,99,21.091939175701402
1568,2023-03-07 08:00:00,21.4,21.1,98,21.165790271814256
1569,2023-03-07 09:00:00,21.8,21.2,97,21.438950410769845
1570,2023-03-07 10:00:00,22.5,21.4,93,21.621288264948525
1571,2023-03-07 11:00:00,23.8,20.6,82,21.445856944566877
1572,2023-03-07 12:00:00,25.6,20.4,73,21.923379981840494
1573,2023-03-07 13:00:00,26.5,20.1,68,22.04306396640421
1574,2023-03-07 14:00:00,27.4,20.1,64,22.273121424670745
1575,2023-03-07 15:00:00,27.7,19.9,62,22.239369665061798
1576,2023-03-07 16:00:00,27.9,19.6,61,22.26491787621736
1577,2023-03-07 17:00:00,28.0,19.4,60,22.198391845061636
1578,2023-03-07 18:00:00,27.4,19.1,61,21.813866841654242
1579,2023-03-07 19:00:00,23.7,21.8,89,22.281564249364923
1580,2023-03-07 20:00:00,22.9,21.5,92,21.88750123174317
1581,2023-03-07 21:00:00,22.4,21.6,96,21.910097178763657
1582,2023-03-07 22:00:00,22.4,21.6,96,21.910097178763657
1583,2023-03-07 23:00:00,22.2,21.5,96,21.71038750176593
1584,2023-03-08 00:00:00,21.9,21.1,95,21.282616518441426
1585,2023-03-08 01:00:00,22.0,20.7,93,21.125343487356076
1586,2023-03-08 02:00:00,21.9,20.5,91,20.769577939058117
1587,2023-03-08 03:00:00,21.4,20.0,92,20.403075348778955
1588,2023-03-08 04:00:00,19.4,19.1,98,19.16006434819324
1589,2023-03-08 05:00:00,19.3,19.2,100,19.182472183383776
1590,2023-03-08 06:00:00,20.0,19.9,100,19.88596051900174
1591,2023-03-08 07:00:00,19.9,19.8,100,19.785462221182694
1592,2023-03-08 08:00:00,20.0,19.9,99,19.88596051900174
1593,2023-03-08 09:00:00,20.6,20.2,98,20.363500479733208
1594,2023-03-08 10:00:00,21.8,20.2,91,20.670846145079743
1595,2023-03-08 11:00:00,22.6,20.2,86,20.80999054614374
1596,2023-03-08 12:00:00,23.4,20.6,84,21.32533196063241
1597,2023-03-08 13:00:00,25.5,20.2,73,21.8293278211655
1598,2023-03-08 14:00:00,27.0,19.3,63,21.757167820049826
1599,2023-03-08 15:00:00,28.1,18.1,55,21.489123790117024
1600,2023-03-08 16:00:00,28.5,17.5,51,21.176489466036482
1601,2023-03-08 17:00:00,28.5,17.3,51,21.176489466036482
1602,2023-03-08 18:00:00,27.1,17.9,57,20.9240552926277
1603,2023-03-08 19:00:00,23.6,21.5,88,22.050783218411027
1604,2023-03-08 20:00:00,22.8,21.5,92,21.788539599792998
1605,2023-03-08 21:00:00,21.9,21.0,95,21.282616518441426
1606,2023-03-08 22:00:00,21.4,21.0,98,21.165790271814256
1607,2023-03-08 23:00:00,21.5,21.0,97,21.13873510372225
1608,2023-03-09 00:00:00,21.2,20.8,97,20.838519688516723
1609,2023-03-09 01:00:00,21.0,20.6,97,20.638376017884635
1610,2023-03-09 02:00:00,20.5,20.5,100,20.38845183069298
1611,2023-03-09 03:00:00,20.2,19.9,98,19.962355296962688
1612,2023-03-09 04:00:00,19.9,19.9,100,19.785462221182694
1613,2023-03-09 05:00:00,20.0,20.0,99,19.88596051900174
1614,2023-03-09 06:00:00,20.2,20.1,99,20.086957079069737
1615,2023-03-09 07:00:00,20.4,20.2,99,20.28795359190955
1616,2023-03-09 08:00:00,20.5,20.1,97,20.13801662776982
1617,2023-03-09 09:00:00,21.1,19.9,93,20.23264205642515
1618,2023-03-09 10:00:00,22.9,19.5,81,20.445339431526676
1619,2023-03-09 11:00:00,24.4,19.9,76,21.20739053892154
1620,2023-03-09 12:00:00,26.2,19.1,65,21.32594662168352
1621,2023-03-09 13:00:00,27.5,17.5,55,20.961130066961914
1622,2023-03-09 14:00:00,28.4,17.4,51,21.090096416514637
1623,2023-03-09 15:00:00,29.0,16.8,48,21.090189313907235
1624,2023-03-09 16:00:00,28.6,16.5,48,20.749749121077993
1625,2023-03-09 17:00:00,27.9,16.5,50,20.4913986602543
1626,2023-03-09 18:00:00,26.4,18.0,60,20.760682015915286
1627,2023-03-09 19:00:00,24.9,18.2,67,20.420677785528756
1628,2023-03-09 20:00:00,23.1,18.9,77,20.106840986012834
1629,2023-03-09 21:00:00,21.8,19.6,88,20.28633663501379
1630,2023-03-09 22:00:00,20.9,20.2,96,20.412273409521916
1631,2023-03-09 23:00:00,20.8,20.5,98,20.564072999073975
1632,2023-03-10 00:00:00,21.0,20.8,99,20.890942849421027
1633,2023-03-10 01:00:00,21.0,20.4,96,20.512128413911014
1634,2023-03-10 02:00:00,20.5,20.2,98,20.2632142020973
1635,2023-03-10 03:00:00,20.7,20.2,97,20.338160420577164
1636,2023-03-10 04:00:00,20.6,20.2,98,20.363500479733208
1637,2023-03-10 05:00:00,20.4,19.9,97,20.037944712891512
1638,2023-03-10 06:00:00,20.5,19.4,94,19.762604864310585
1639,2023-03-10 07:00:00,20.4,18.9,91,19.288599549380585
1640,2023-03-10 08:00:00,20.6,19.7,94,19.862018609499227
1641,2023-03-10 09:00:00,21.0,19.9,94,20.25967345773542
1642,2023-03-10 10:00:00,21.5,19.9,91,20.37465067939991
1643,2023-03-10 11:00:00,22.8,19.5,82,20.480564948129718
1644,2023-03-10 12:00:00,23.2,18.8,76,20.068446001487306
1645,2023-03-10 13:00:00,22.6,18.2,76,19.498972633223854
1646,2023-03-10 14:00:00,24.0,18.0,69,19.868224081773572
1647,2023-03-10 15:00:00,25.1,17.4,62,19.88485117013613
1648,2023-03-10 16:00:00,25.3,16.9,60,19.772251930174008
1649,2023-03-10 17:00:00,25.4,16.5,58,19.564870998065537
1650,2023-03-10 18:00:00,25.3,16.0,56,19.176164604111666
1651,2023-03-10 19:00:00,24.4,20.4,78,21.480968161258748
1652,2023-03-10 20:00:00,22.6,19.5,82,20.287506341945413
1653,2023-03-10 21:00:00,21.8,19.6,88,20.28633663501379
1654,2023-03-10 22:00:00,21.4,19.6,89,20.021507506536192
1655,2023-03-10 23:00:00,20.5,19.8,95,19.887718087684394
1656,2023-03-11 00:00:00,20.0,19.6,98,19.761782633044536
1657,2023-03-11 01:00:00,19.5,19.2,99,19.38346891063925
1658,2023-03-11 02:00:00,20.0,19.8,99,19.88596051900174
1659,2023-03-11 03:00:00,20.2,19.8,97,19.837800846028
1660,2023-03-11 04:00:00,20.2,19.5,95,19.588810953257717
1661,2023-03-11 05:00:00,19.8,19.1,96,19.313867527942477
1662,2023-03-11 06:00:00,19.7,19.0,96,19.214012371193306
1663,2023-03-11 07:00:00,20.1,20.0,99,19.986458804954133
1664,2023-03-11 08:00:00,20.5,20.1,98,20.2632142020973
1665,2023-03-11 09:00:00,21.4,20.4,94,20.657328095595698
1666,2023-03-11 10:00:00,22.4,20.1,87,20.7447461206152
1667,2023-03-11 11:00:00,24.7,19.7,74,21.215651742344132
1668,2023-03-11 12:00:00,26.5,18.6,62,21.152671250343932
1669,2023-03-11 13:00:00,27.8,18.0,55,21.225127087039926
1670,2023-03-11 14:00:00,28.6,17.7,52,21.43125506156236
1671,2023-03-11 15:00:00,28.8,17.5,50,21.265158845528884
1672,2023-03-11 16:00:00,28.7,17.7,51,21.34927544585498
1673,2023-03-11 17:00:00,28.0,17.7,54,21.238674710249395
1674,2023-03-11 18:00:00,26.8,18.0,59,20.966829879079654
1675,2023-03-11 19:00:00,25.5,18.6,66,20.829744949538714
1676,2023-03-11 20:00:00,23.9,19.0,75,20.597016213111278
1677,2023-03-11 21:00:00,22.8,20.4,86,21.00506824561536
1678,2023-03-11 22:00:00,23.2,20.5,85,21.263306407458664
1679,2023-03-11 23:00:00,22.5,20.4,88,20.972510874914107
1680,2023-03-12 00:00:00,22.0,20.4,90,20.739726517217214
1681,2023-03-12 01:00:00,21.7,20.0,90,20.444229405931015
1682,2023-03-12 02:00:00,21.5,19.6,89,20.119771003172506
1683,2023-03-12 03:00:00,21.5,19.2,87,19.864695004837674
1684,2023-03-12 04:00:00,21.3,19.0,87,19.669127919111112
1685,2023-03-12 05:00:00,21.2,19.2,88,19.69818669790736
1686,2023-03-12 06:00:00,21.0,19.5,91,19.880991288541594
1687,2023-03-12 07:00:00,22.1,20.8,92,21.09580780411493
1688,2023-03-12 08:00:00,22.5,20.7,90,21.232221418531488
1689,2023-03-12 09:00:00,23.0,20.5,86,21.200145882981285
1690,2023-03-12 10:00:00,24.4,20.3,78,21.480968161258748
1691,2023-03-12 11:00:00,25.7,20.0,71,21.732915057098435
1692,2023-03-12 12:00:00,25.5,17.0,59,19.80335681331894
1693,2023-03-12 13:00:00,26.5,15.9,52,19.608337698661682
1694,2023-03-12 14:00:00,26.9,18.0,58,20.901861655429155
1695,2023-03-12 15:00:00,27.5,17.5,54,20.80063415595175
1696,2023-03-12 16:00:00,26.6,18.0,59,20.787834377202106
1697,2023-03-12 17:00:00,25.2,18.0,64,20.265890436882273
1698,2023-03-12 18:00:00,23.7,17.0,66,19.17560342092238
1699,2023-03-12 19:00:00,19.7,14.4,71,16.125360350261086
1700,2023-03-12 20:00:00,18.8,13.2,70,15.16223387648752
1701,2023-03-12 21:00:00,17.9,12.4,70,14.323819424719307
1702,2023-03-12 22:00:00,17.5,11.9,69,13.8330506836055
1703,2023-03-12 23:00:00,17.4,11.4,68,13.62226579466601
1704,2023-03-13 00:00:00,17.1,10.1,63,12.757859774003673
1705,2023-03-13 01:00:00,16.0,7.3,56,10.956269509975693
1706,2023-03-13 02:00:00,14.6,6.6,59,10.047833513304901
1707,2023-03-13 03:00:00,14.1,6.4,60,9.707984331304408
1708,2023-03-13 04:00:00,13.4,6.0,61,9.184090782551982
1709,2023-03-13 05:00:00,13.0,5.3,60,8.719500164769636
1710,2023-03-13 06:00:00,12.8,4.7,58,8.333795198485207
1711,2023-03-13 07:00:00,12.7,3.7,54,7.834125934073995
1712,2023-03-13 08:00:00,12.5,3.7,55,7.760781500841546
1713,2023-03-13 09:00:00,13.0,4.0,54,8.09697249894458
1714,2023-03-13 10:00:00,14.0,4.2,52,8.757202234955649
1715,2023-03-13 11:00:00,14.8,4.8,51,9.340193258063062
1716,2023-03-13 12:00:00,16.1,5.6,49,10.228574976436562
1717,2023-03-13 13:00:00,16.8,6.1,49,10.827442141346932
1718,2023-03-13 14:00:00,18.8,6.8,46,12.147157271688695
1719,2023-03-13 15:00:00,19.9,6.6,42,12.520251109499984
1720,2023-03-13 16:00:00,20.6,6.0,39,12.659923026551077
1721,2023-03-13 17:00:00,20.8,5.3,36,12.369775707965285
1722,2023-03-13 18:00:00,20.5,4.3,34,11.826840631825213
1723,2023-03-13 19:00:00,18.9,5.9,43,11.831936567448913
1724,2023-03-13 20:00:00,17.0,5.6,47,10.754180548276123
1725,2023-03-13 21:00:00,16.2,5.5,49,10.314127643296997
1726,2023-03-13 22:00:00,15.7,5.2,50,10.002253348598366
1727,2023-03-13 23:00:00,15.0,4.4,49,9.287490784081406
1728,2023-03-14 00:00:00,14.1,6.8,61,9.815598428265686
1729,2023-03-14 01:00:00,13.5,7.3,66,9.801947222726852
1730,2023-03-14 02:00:00,12.9,7.3,69,9.561927415355768
1731,2023-03-14 03:00:00,12.7,7.4,70,9.479597910951776
1732,2023-03-14 04:00:00,12.3,7.4,72,9.311661535822719
1733,2023-03-14 05:00:00,11.6,6.8,72,8.65533335650593
1734,2023-03-14 06:00:00,11.1,6.3,73,8.285561107276408
1735,2023-03-14 07:00:00,11.1,4.8,65,7.498577371803664
1736,2023-03-14 08:00:00,10.7,5.1,68,7.422170841985876
1737,2023-03-14 09:00:00,12.1,5.4,64,8.313419323903226
1738,2023-03-14 10:00:00,13.4,4.4,55,8.552835717614695
1739,2023-03-14 11:00:00,14.6,4.0,49,8.945276087299291
1740,2023-03-14 12:00:00,15.8,3.2,43,9.264832656066337
1741,2023-03-14 13:00:00,17.0,3.3,40,9.87954505886128
1742,2023-03-14 14:00:00,17.8,3.2,38,10.264728782877249
1743,2023-03-14 15:00:00,18.4,3.0,36,10.470099488928367
1744,2023-03-14 16:00:00,18.0,3.0,37,10.289938285126974
1745,2023-03-14 17:00:00,17.8,3.3,38,10.264728782877249
1746,2023-03-14 18:00:00,17.1,3.4,40,9.960855771495018
1747,2023-03-14 19:00:00,17.1,3.2,39,9.832354950599484
1748,2023-03-14 20:00:00,16.4,3.5,42,9.639066665122757
1749,2023-03-14 21:00:00,16.0,4.2,45,9.67001462242577
1750,2023-03-14 22:00:00,15.4,4.5,48,9.514742875123716
1751,2023-03-14 23:00:00,14.7,3.4,47,8.806676913647983
1752,2023-03-15 00:00:00,13.0,3.1,51,7.784976148941423
1753,2023-03-15 01:00:00,11.9,3.3,56,7.332306614596002
1754,2023-03-15 02:00:00,11.2,3.5,59,7.004714920781279
1755,2023-03-15 03:00:00,10.7,3.8,62,6.8440101822282475
1756,2023-03-15 04:00:00,10.1,4.1,66,6.677309975751388
1757,2023-03-15 05:00:00,9.7,3.7,66,6.3097022759584345
1758,2023-03-15 06:00:00,9.4,3.2,65,5.94179838850739
1759,2023-03-15 07:00:00,9.1,3.7,69,6.033550519410582
1760,2023-03-15 08:00:00,8.8,3.3,69,5.754991977795074
1761,2023-03-15 09:00:00,10.5,3.5,62,6.6628810323708105
1762,2023-03-15 10:00:00,12.9,4.6,57,8.319580448494044
1763,2023-03-15 11:00:00,15.6,7.2,58,10.829652938827742
1764,2023-03-15 12:00:00,17.6,9.2,58,12.612384107682079
1765,2023-03-15 13:00:00,19.1,10.7,58,13.949420250771247
1766,2023-03-15 14:00:00,20.1,10.8,55,14.449092536079029
1767,2023-03-15 15:00:00,20.6,10.6,53,14.621450518447869
1768,2023-03-15 16:00:00,20.1,10.8,55,14.449092536079029
1769,2023-03-15 17:00:00,20.1,10.4,54,14.317515939304268
1770,2023-03-15 18:00:00,18.9,10.6,59,13.896401264781304
1771,2023-03-15 19:00:00,17.4,11.4,68,13.62226579466601
1772,2023-03-15 20:00:00,16.4,11.1,71,13.041165234985936
1773,2023-03-15 21:00:00,16.2,11.4,73,13.082375990983834
1774,2023-03-15 22:00:00,17.4,12.5,73,14.211027171567672
1775,2023-03-15 23:00:00,17.8,12.8,73,14.587243357878023
1776,2023-03-16 00:00:00,17.9,13.2,74,14.800285397249048
1777,2023-03-16 01:00:00,18.5,13.6,73,15.24562065895331
1778,2023-03-16 02:00:00,18.3,13.4,73,15.057512990446824
1779,2023-03-16 03:00:00,19.0,13.4,70,15.348547882495971
1780,2023-03-16 04:00:00,19.0,13.7,71,15.471139694349759
1781,2023-03-16 05:00:00,19.0,13.9,73,15.715889374932956
1782,2023-03-16 06:00:00,18.5,14.3,77,15.728040094517013
1783,2023-03-16 07:00:00,19.5,16.8,84,17.540743085585866
1784,2023-03-16 08:00:00,19.8,17.1,85,17.9553966086201
1785,2023-03-16 09:00:00,20.5,17.5,83,18.385805503208683
1786,2023-03-16 10:00:00,21.5,17.7,79,18.84097726424442
1787,2023-03-16 11:00:00,23.1,18.1,73,19.572069537736848
1788,2023-03-16 12:00:00,23.3,18.1,73,19.76017487727485
1789,2023-03-16 13:00:00,23.8,18.4,72,20.093988158454504
1790,2023-03-16 14:00:00,23.3,19.0,77,20.29722263244752
1791,2023-03-16 15:00:00,23.6,19.1,76,20.448094503153012
1792,2023-03-16 16:00:00,22.7,19.4,82,20.38403565374883
1793,2023-03-16 17:00:00,21.8,19.9,89,20.41456140431701
1794,2023-03-16 18:00:00,21.8,19.8,88,20.28633663501379
1795,2023-03-16 19:00:00,21.9,19.6,87,20.255828988769117
1796,2023-03-16 20:00:00,21.5,19.9,90,20.247231260062467
1797,2023-03-16 21:00:00,21.5,20.0,91,20.37465067939991
1798,2023-03-16 22:00:00,20.8,19.5,92,19.80930413843471
1799,2023-03-16 23:00:00,20.5,19.6,95,19.887718087684394
1800,2023-03-17 00:00:00,21.4,19.9,91,20.275918829467567
1801,2023-03-17 01:00:00,21.3,20.2,94,20.55791445573364
1802,2023-03-17 02:00:00,20.0,19.2,96,19.51357780284087
1803,2023-03-17 03:00:00,13.6,12.1,90,12.465754913186316
1804,2023-03-17 04:00:00,11.8,9.6,86,10.27569198730901
1805,2023-03-17 05:00:00,9.6,8.0,89,8.426298183893897
1806,2023-03-17 06:00:00,8.9,6.8,87,7.54382998119609
1807,2023-03-17 07:00:00,8.8,6.8,87,7.4460440643477455
1808,2023-03-17 08:00:00,8.1,6.2,88,6.856757344021876
1809,2023-03-17 09:00:00,7.7,5.6,87,6.3703974621593265
1810,2023-03-17 10:00:00,7.9,5.7,85,6.377539510280581
1811,2023-03-17 11:00:00,7.9,6.2,89,6.755780172066261
1812,2023-03-17 12:00:00,7.7,5.6,86,6.276498754441079
1813,2023-03-17 13:00:00,10.1,5.2,72,7.248910127600505
1814,2023-03-17 14:00:00,10.9,4.5,65,7.315427601042256
1815,2023-03-17 15:00:00,11.6,3.8,59,7.362732161294096
1816,2023-03-17 16:00:00,12.2,2.2,50,6.992899778030363
1817,2023-03-17 17:00:00,13.4,3.0,49,7.918624441457048
1818,2023-03-17 18:00:00,14.1,2.6,46,8.188747935067049
1819,2023-03-17 19:00:00,12.7,2.0,48,7.216527851162947
1820,2023-03-17 20:00:00,11.4,0.7,48,6.109957141062324
1821,2023-03-17 21:00:00,11.2,0.2,47,5.842996143390781
1822,2023-03-17 22:00:00,10.4,0.1,49,5.351941905536323
1823,2023-03-17 23:00:00,11.1,-0.4,45,5.565619196958943
1824,2023-03-18 00:00:00,10.7,-0.4,46,5.325093126513291
1825,2023-03-18 01:00:00,10.3,-0.1,48,5.173615526624165
1826,2023-03-18 02:00:00,10.0,-0.3,49,5.009711351908624
1827,2023-03-18 03:00:00,9.1,-1.2,48,4.152137997628596
1828,2023-03-18 04:00:00,8.8,-0.9,50,4.069430156064438
1829,2023-03-18 05:00:00,9.4,-2.0,45,4.14158504088987
1830,2023-03-18 06:00:00,9.3,-2.7,43,3.881867817293509
1831,2023-03-18 07:00:00,9.1,-0.9,50,4.3273876581806245
1832,2023-03-18 08:00:00,8.9,-0.6,51,4.2424413296881465
1833,2023-03-18 09:00:00,9.1,0.0,53,4.591507007147076
1834,2023-03-18 10:00:00,9.2,-0.2,52,4.590104438946202
1835,2023-03-18 11:00:00,9.6,-0.1,51,4.847274586843913
1836,2023-03-18 12:00:00,10.1,0.2,50,5.187239777609001
1837,2023-03-18 13:00:00,10.6,0.3,49,5.5230566081678365
1838,2023-03-18 14:00:00,11.2,0.3,47,5.842996143390781
1839,2023-03-18 15:00:00,11.5,-0.2,44,5.802337609375858
1840,2023-03-18 16:00:00,11.7,-0.6,43,5.869482523319524
1841,2023-03-18 17:00:00,11.7,-0.8,42,5.769849139431141
1842,2023-03-18 18:00:00,11.2,-0.2,46,5.746226268224298
1843,2023-03-18 19:00:00,11.4,-0.2,45,5.816915858536756
1844,2023-03-18 20:00:00,10.9,0.8,50,5.875114819773803
1845,2023-03-18 21:00:00,10.6,1.5,53,5.899812086733821
1846,2023-03-18 22:00:00,10.4,1.6,55,5.912634140052733
1847,2023-03-18 23:00:00,8.9,1.7,61,5.124338883187134
1848,2023-03-19 00:00:00,8.9,0.2,54,4.504680711894924
1849,2023-03-19 01:00:00,9.1,-1.8,46,3.977448282692322
1850,2023-03-19 02:00:00,8.2,-2.7,46,3.219384779063203
1851,2023-03-19 03:00:00,7.4,-4.0,44,2.387121573959261
1852,2023-03-19 04:00:00,7.0,-4.6,43,1.9769948730074027
1853,2023-03-19 05:00:00,6.1,-4.5,47,1.5242599974394224
1854,2023-03-19 06:00:00,4.9,-4.3,51,0.7861586922732151
1855,2023-03-19 07:00:00,5.2,-4.7,49,0.9028133845764916
1856,2023-03-19 08:00:00,5.8,-4.1,49,1.416190001621482
1857,2023-03-19 09:00:00,6.6,-2.5,53,2.4109560814600073
1858,2023-03-19 10:00:00,7.9,-2.5,47,3.0485548011422186
1859,2023-03-19 11:00:00,8.9,-3.2,42,3.4646519120420223
1860,2023-03-19 12:00:00,10.4,-2.1,42,4.699592602995521
1861,2023-03-19 13:00:00,10.8,-1.5,42,5.028904727840823
1862,2023-03-19 14:00:00,12.1,-0.2,43,6.200744540643091
1863,2023-03-19 15:00:00,12.9,0.2,42,6.75775884373976
1864,2023-03-19 16:00:00,13.4,-0.4,38,6.733334080308774
1865,2023-03-19 17:00:00,13.4,-0.9,37,6.623062621179047
1866,2023-03-19 18:00:00,12.9,-1.2,37,6.224470758116844
1867,2023-03-19 19:00:00,12.1,1.4,48,6.705804845170327
1868,2023-03-19 20:00:00,9.2,0.3,54,4.767535608573137
1869,2023-03-19 21:00:00,8.5,-0.3,54,4.154206389929431
1870,2023-03-19 22:00:00,7.8,0.5,60,4.046576632870988
1871,2023-03-19 23:00:00,6.3,1.5,71,3.601438169125311
1872,2023-03-20 00:00:00,5.4,1.5,76,3.173684965528416
1873,2023-03-20 01:00:00,4.8,1.5,79,2.852529318199201
1874,2023-03-20 02:00:00,5.1,1.4,77,2.9720954636743535
1875,2023-03-20 03:00:00,5.4,0.8,72,2.842062507596628
1876,2023-03-20 04:00:00,4.9,-1.6,63,1.6672527574029
1877,2023-03-20 05:00:00,4.6,-2.5,60,1.1708473479242416
1878,2023-03-20 06:00:00,4.7,-1.9,62,1.4100367386731403
1879,2023-03-20 07:00:00,5.1,-1.4,63,1.8490724644564347
1880,2023-03-20 08:00:00,5.7,-0.3,65,2.5534648238242674
1881,2023-03-20 09:00:00,8.0,1.9,65,4.659734611447952
1882,2023-03-20 10:00:00,10.7,2.2,56,6.271615051658763
1883,2023-03-20 11:00:00,11.7,1.8,50,6.562984196952929
1884,2023-03-20 12:00:00,11.8,3.0,55,7.144735702367418
1885,2023-03-20 13:00:00,12.9,4.1,55,8.11280623487889
1886,2023-03-20 14:00:00,12.8,3.8,54,7.92174152266416
1887,2023-03-20 15:00:00,12.7,3.7,54,7.834125934073995
1888,2023-03-20 16:00:00,12.6,4.3,57,8.053278098527372
1889,2023-03-20 17:00:00,13.2,4.5,55,8.37682411386548
1890,2023-03-20 18:00:00,13.1,5.2,59,8.70528884070333
1891,2023-03-20 19:00:00,12.4,4.3,58,7.977240604880997
1892,2023-03-20 20:00:00,11.8,5.2,64,8.039690801030911
1893,2023-03-20 21:00:00,12.1,5.8,66,8.515337809695177
1894,2023-03-20 22:00:00,12.6,6.4,66,8.974842093281543
1895,2023-03-20 23:00:00,12.8,6.8,67,9.262027038084167
1896,2023-03-21 00:00:00,13.0,7.4,69,9.654778695602364
1897,2023-03-21 01:00:00,14.9,8.5,66,11.088548834190489
1898,2023-03-21 02:00:00,15.3,9.2,67,11.567573143947502
1899,2023-03-21 03:00:00,14.9,10.8,76,12.190659208049404
1900,2023-03-21 04:00:00,14.8,11.9,83,12.86891846436746
1901,2023-03-21 05:00:00,15.4,12.6,84,13.562043049934154
1902,2023-03-21 06:00:00,15.8,13.1,84,13.950210348253684
1903,2023-03-21 07:00:00,15.8,14.2,91,14.746911601192458
1904,2023-03-21 08:00:00,16.1,14.4,90,14.9282584410762
1905,2023-03-21 09:00:00,17.0,15.4,91,15.931702936316817
1906,2023-03-21 10:00:00,18.8,16.1,84,16.861455085549327
1907,2023-03-21 11:00:00,21.4,15.8,70,17.58430731830154
1908,2023-03-21 12:00:00,21.1,15.9,72,17.562516979720026
1909,2023-03-21 13:00:00,21.5,16.7,74,18.196669111233074
1910,2023-03-21 14:00:00,22.8,16.6,68,18.619250210706586
1911,2023-03-21 15:00:00,23.2,16.9,67,18.85296018600234
1912,2023-03-21 16:00:00,22.9,17.0,69,18.846895077933862
1913,2023-03-21 17:00:00,22.2,17.1,73,18.725594386365028
1914,2023-03-21 18:00:00,21.6,17.3,77,18.67897606237568
1915,2023-03-21 19:00:00,20.5,17.6,83,18.385805503208683
1916,2023-03-21 20:00:00,20.0,17.5,86,18.27397464146205
1917,2023-03-21 21:00:00,19.8,17.7,88,18.325834678745622
1918,2023-03-21 22:00:00,19.8,18.0,90,18.572744658605366
1919,2023-03-21 23:00:00,19.9,18.3,91,18.794939369318854
1920,2023-03-22 00:00:00,20.1,18.2,89,18.744080683028
1921,2023-03-22 01:00:00,19.8,17.9,89,18.44928951137972
1922,2023-03-22 02:00:00,19.7,17.9,89,18.351025756501105
1923,2023-03-22 03:00:00,20.0,18.0,88,18.521885155940826
1924,2023-03-22 04:00:00,19.6,18.0,90,18.3757459517494
1925,2023-03-22 05:00:00,19.5,18.0,91,18.400010961604217
1926,2023-03-22 06:00:00,19.9,18.2,90,18.671243989353577
1927,2023-03-22 07:00:00,20.2,19.1,93,19.33993953501252
1928,2023-03-22 08:00:00,20.5,19.5,95,19.887718087684394
1929,2023-03-22 09:00:00,21.1,19.9,93,20.23264205642515
1930,2023-03-22 10:00:00,22.7,20.1,85,20.77685027120118
1931,2023-03-22 11:00:00,24.5,19.8,75,21.164792864747984
1932,2023-03-22 12:00:00,25.8,18.9,66,21.105434368359795
1933,2023-03-22 13:00:00,25.9,18.8,65,21.051237712234165
1934,2023-03-22 14:00:00,25.9,19.2,67,21.34286110350049
1935,2023-03-22 15:00:00,25.8,19.2,67,21.25064288527286
1936,2023-03-22 16:00:00,26.1,19.3,66,21.38112355456142
1937,2023-03-22 17:00:00,25.5,19.1,68,21.117712261900042
1938,2023-03-22 18:00:00,24.6,19.1,72,20.844050443744354
1939,2023-03-22 19:00:00,23.8,19.5,77,20.773176402765028
1940,2023-03-22 20:00:00,22.2,19.7,85,20.290393734761857
1941,2023-03-22 21:00:00,21.0,19.8,93,20.133452941702576
1942,2023-03-22 22:00:00,20.8,19.6,93,19.935074671729765
1943,2023-03-22 23:00:00,20.8,19.5,93,19.935074671729765
1944,2023-03-23 00:00:00,21.0,19.5,91,19.880991288541594
1945,2023-03-23 01:00:00,20.8,19.5,92,19.80930413843471
1946,2023-03-23 02:00:00,20.1,19.4,95,19.489175215667462
1947,2023-03-23 03:00:00,20.5,19.6,94,19.762604864310585
1948,2023-03-23 04:00:00,20.9,19.9,94,20.160259765484934
1949,2023-03-23 05:00:00,21.0,20.0,94,20.25967345773542
1950,2023-03-23 06:00:00,21.1,20.0,93,20.23264205642515
1951,2023-03-23 07:00:00,21.1,20.4,95,20.48553200702578
1952,2023-03-23 08:00:00,21.4,20.5,94,20.657328095595698
1953,2023-03-23 09:00:00,21.6,20.5,93,20.728587428814095
1954,2023-03-23 10:00:00,22.5,19.9,85,20.582267704959936
1955,2023-03-23 11:00:00,24.6,19.5,73,20.982857425821027
1956,2023-03-23 12:00:00,25.8,19.0,66,21.105434368359795
1957,2023-03-23 13:00:00,26.9,18.3,59,21.056327582479547
1958,2023-03-23 14:00:00,27.4,18.3,58,21.347523554601786
1959,2023-03-23 15:00:00,27.2,19.8,64,22.09064641816035
1960,2023-03-23 16:00:00,26.3,20.2,69,22.00372058193687
1961,2023-03-23 17:00:00,26.2,20.9,73,22.48769251004208
1962,2023-03-23 18:00:00,25.2,20.8,77,22.10584438579779
1963,2023-03-23 19:00:00,23.2,21.4,90,21.92171369153626
1964,2023-03-23 20:00:00,22.7,21.4,92,21.68957795462565
1965,2023-03-23 21:00:00,22.6,21.5,94,21.850290768569874
1966,2023-03-23 22:00:00,22.6,21.5,93,21.720477181396575
1967,2023-03-23 23:00:00,22.5,21.3,93,21.621288264948525
1968,2023-03-24 00:00:00,22.4,21.0,92,21.392692939473967
1969,2023-03-24 01:00:00,22.2,20.8,92,21.19476952931612
1970,2023-03-24 02:00:00,22.0,20.6,92,20.996846065451827
1971,2023-03-24 03:00:00,21.7,20.5,93,20.827776463292686
1972,2023-03-24 04:00:00,21.5,20.5,93,20.62939838104901
1973,2023-03-24 05:00:00,21.5,20.4,93,20.62939838104901
1974,2023-03-24 06:00:00,21.7,20.3,92,20.699960768335902
1975,2023-03-24 07:00:00,22.0,20.4,91,20.868309719140797
1976,2023-03-24 08:00:00,22.1,20.4,90,20.838225525794957
1977,2023-03-24 09:00:00,22.6,20.6,88,21.07053570672122
1978,2023-03-24 10:00:00,23.4,20.8,85,21.45788875115102
1979,2023-03-24 11:00:00,24.5,21.1,82,22.121560334508853
1980,2023-03-24 12:00:00,25.3,21.8,81,22.75578172433706
1981,2023-03-24 13:00:00,24.5,22.2,87,22.79819396475801
1982,2023-03-24 14:00:00,25.0,22.0,83,22.741200660559127
1983,2023-03-24 15:00:00,25.5,22.1,82,23.086849488339208
1984,2023-03-24 16:00:00,27.0,21.9,73,23.240108069480122
1985,2023-03-24 17:00:00,27.6,21.1,68,23.060948107264675
1986,2023-03-24 18:00:00,28.1,21.0,66,23.219045682081312
1987,2023-03-24 19:00:00,26.0,21.5,76,22.72597884643557
1988,2023-03-24 20:00:00,23.7,20.5,83,21.482978880165952
1989,2023-03-24 21:00:00,22.9,21.4,91,21.756895120616818
1990,2023-03-24 22:00:00,22.3,21.0,92,21.293731241090732
1991,2023-03-24 23:00:00,22.1,21.0,93,21.224532469034667
1992,2023-03-25 00:00:00,19.8,17.9,89,18.44928951137972
1993,2023-03-25 01:00:00,19.3,17.0,87,17.713453539870056
1994,2023-03-25 02:00:00,18.3,14.9,81,16.016962349047397
1995,2023-03-25 03:00:00,17.9,15.7,87,16.344477533521985
1996,2023-03-25 04:00:00,18.2,15.8,86,16.518264721303108
1997,2023-03-25 05:00:00,18.5,16.9,90,17.292251969025003
1998,2023-03-25 06:00:00,16.6,16.0,97,16.235202491688927
1999,2023-03-25 07:00:00,18.6,15.4,81,16.305770805184174
2000,2023-03-25 08:00:00,18.7,14.9,79,16.160326694934856
2001,2023-03-25 09:00:00,20.7,14.9,70,16.93221242868178
2002,2023-03-25 10:00:00,21.9,11.8,53,15.755221632401021
2003,2023-03-25 11:00:00,23.4,9.1,40,15.083235381542185
2004,2023-03-25 12:00:00,24.6,8.4,36,15.377470643479818
2005,2023-03-25 13:00:00,25.8,8.6,34,15.960678826600358
2006,2023-03-25 14:00:00,26.5,8.1,31,15.925092203161633
2007,2023-03-25 15:00:00,26.9,7.4,29,15.822029706121782
2008,2023-03-25 16:00:00,26.9,7.6,29,15.822029706121782
2009,2023-03-25 17:00:00,26.6,7.3,29,15.597455458809616
2010,2023-03-25 18:00:00,26.3,7.1,29,15.372880164899609
2011,2023-03-25 19:00:00,27.3,4.4,23,14.791732006655145
2012,2023-03-25 20:00:00,21.3,10.6,50,14.817044243665048
2013,2023-03-25 21:00:00,20.7,11.4,55,14.977104275257158
2014,2023-03-25 22:00:00,19.0,10.1,56,13.607891608081847
2015,2023-03-25 23:00:00,17.6,9.8,60,12.853122883417957
2016,2023-03-26 00:00:00,16.5,9.9,65,12.443556964767815
2017,2023-03-26 01:00:00,15.2,10.4,73,12.141830247982483
2018,2023-03-26 02:00:00,17.0,9.4,61,12.43182044259019
2019,2023-03-26 03:00:00,16.8,9.4,62,12.368356758479266
2020,2023-03-26 04:00:00,14.1,10.2,77,11.539576388958437
2021,2023-03-26 05:00:00,14.6,10.7,78,12.125252053418329
2022,2023-03-26 06:00:00,14.0,11.6,85,12.312444133818985
2023,2023-03-26 07:00:00,15.6,12.1,80,13.305025236772217
2024,2023-03-26 08:00:00,17.2,13.5,79,14.724257062886945
2025,2023-03-26 09:00:00,17.9,15.4,85,16.106850151122103
2026,2023-03-26 10:00:00,18.9,16.9,88,17.443606736050846
2027,2023-03-26 11:00:00,20.1,18.8,92,19.116570425179752
2028,2023-03-26 12:00:00,20.1,19.2,95,19.489175215667462
2029,2023-03-26 13:00:00,23.2,21.0,87,21.52701273955267
2030,2023-03-26 14:00:00,25.1,22.4,85,23.111836171698894
2031,2023-03-26 15:00:00,22.0,20.5,91,20.868309719140797
2032,2023-03-26 16:00:00,21.2,18.8,86,19.4444448816875
2033,2023-03-26 17:00:00,21.0,19.8,93,20.133452941702576
2034,2023-03-26 18:00:00,22.2,20.4,90,20.936724520177403
2035,2023-03-26 19:00:00,24.5,22.1,87,22.79819396475801
2036,2023-03-26 20:00:00,22.6,21.4,93,21.720477181396575
2037,2023-03-26 21:00:00,22.0,21.1,95,21.382252025699312
2038,2023-03-26 22:00:00,21.1,20.7,98,20.864931688709948
2039,2023-03-26 23:00:00,20.8,20.5,98,20.564072999073975
2040,2023-03-27 00:00:00,21.0,20.6,98,20.76464547070793
2041,2023-03-27 01:00:00,21.0,20.7,98,20.76464547070793
2042,2023-03-27 02:00:00,20.9,20.7,99,20.790444668936562
2043,2023-03-27 03:00:00,20.6,20.6,100,20.488950057758082
2044,2023-03-27 04:00:00,20.5,20.5,100,20.38845183069298
2045,2023-03-27 05:00:00,20.2,20.0,99,20.086957079069737
2046,2023-03-27 06:00:00,19.6,19.4,99,19.483967256225537
2047,2023-03-27 07:00:00,19.7,19.6,99,19.58446558982471
2048,2023-03-27 08:00:00,19.8,19.1,96,19.313867527942477
2049,2023-03-27 09:00:00,19.9,19.0,95,19.2899037011104
2050,2023-03-27 10:00:00,20.1,18.9,93,19.240750297522283
2051,2023-03-27 11:00:00,20.3,18.9,91,19.18986754245383
2052,2023-03-27 12:00:00,21.4,19.2,88,19.89423673792112
2053,2023-03-27 13:00:00,21.8,19.4,86,20.02967912028772
2054,2023-03-27 14:00:00,22.9,19.8,83,20.708687177356143
2055,2023-03-27 15:00:00,24.6,20.3,77,21.53470142301124
2056,2023-03-27 16:00:00,25.8,20.4,72,21.969141220513162
2057,2023-03-27 17:00:00,25.7,20.4,72,21.87538377493146
2058,2023-03-27 18:00:00,25.1,20.5,76,21.871773531832925
2059,2023-03-27 19:00:00,23.9,20.4,81,21.40802492835916
2060,2023-03-27 20:00:00,22.2,20.2,88,20.678436290406445
2061,2023-03-27 21:00:00,22.0,20.0,88,20.48238649275784
2062,2023-03-27 22:00:00,20.8,19.4,92,19.80930413843471
2063,2023-03-27 23:00:00,20.3,19.5,95,19.688446677767974
2064,2023-03-28 00:00:00,20.4,19.5,95,19.78808238923224
2065,2023-03-28 01:00:00,20.2,18.3,89,18.84234437605681
2066,2023-03-28 02:00:00,19.8,17.5,87,18.202372744571854
2067,2023-03-28 03:00:00,18.9,16.8,88,17.443606736050846
2068,2023-03-28 04:00:00,18.6,16.0,85,16.78789433456244
2069,2023-03-28 05:00:00,18.4,15.6,83,16.3532755372015
2070,2023-03-28 06:00:00,18.3,15.1,82,16.136728713325635
2071,2023-03-28 07:00:00,19.0,16.9,88,17.541632127885485
2072,2023-03-28 08:00:00,18.5,16.1,86,16.81088343113127
2073,2023-03-28 09:00:00,18.7,15.8,83,16.643637466754672
2074,2023-03-28 10:00:00,19.9,14.0,69,16.06143615564273
2075,2023-03-28 11:00:00,20.7,13.6,64,16.160147039404862
2076,2023-03-28 12:00:00,22.1,13.4,58,16.62346363143786
2077,2023-03-28 13:00:00,23.0,13.4,55,17.00113423896594
2078,2023-03-28 14:00:00,23.4,12.6,51,16.770389660941003
2079,2023-03-28 15:00:00,23.0,11.7,49,16.131555526349885
2080,2023-03-28 16:00:00,22.9,11.2,48,15.898393257503066
2081,2023-03-28 17:00:00,22.5,10.5,47,15.411098213990059
2082,2023-03-28 18:00:00,22.0,10.9,49,15.276068820260619
2083,2023-03-28 19:00:00,21.1,11.2,53,15.057517310375342
2084,2023-03-28 20:00:00,19.6,9.6,52,13.618615044389728
2085,2023-03-28 21:00:00,19.4,8.4,49,13.051776626418526
2086,2023-03-28 22:00:00,17.2,10.6,65,13.084564464999193
2087,2023-03-28 23:00:00,16.6,10.9,69,12.997401620828619
2088,2023-03-29 00:00:00,16.0,8.0,59,11.300865010293926
2089,2023-03-29 01:00:00,15.8,7.3,57,10.893810306899539
2090,2023-03-29 02:00:00,15.7,7.0,56,10.691104744177709
2091,2023-03-29 03:00:00,15.4,6.6,56,10.425939490229277
2092,2023-03-29 04:00:00,15.1,6.6,57,10.272448674737015
2093,2023-03-29 05:00:00,14.9,7.0,59,10.316341071331886
2094,2023-03-29 06:00:00,14.3,7.2,62,10.10430087569204
2095,2023-03-29 07:00:00,14.7,9.1,69,11.233245017642332
2096,2023-03-29 08:00:00,14.6,9.9,73,11.57750140959459
2097,2023-03-29 09:00:00,14.9,10.3,74,11.969940264340355
2098,2023-03-29 10:00:00,15.1,9.9,72,11.936958292322341
2099,2023-03-29 11:00:00,15.4,10.4,73,12.329939626580526
2100,2023-03-29 12:00:00,15.0,10.8,76,12.28557330102013
2101,2023-03-29 13:00:00,15.2,11.4,78,12.698057243583797
2102,2023-03-29 14:00:00,15.9,10.9,72,12.68703861879795
2103,2023-03-29 15:00:00,16.6,10.9,69,12.997401620828619
2104,2023-03-29 16:00:00,18.0,11.0,64,13.696669630923143
2105,2023-03-29 17:00:00,18.1,11.2,64,13.78790999077485
2106,2023-03-29 18:00:00,17.9,11.9,68,14.084953214074776
2107,2023-03-29 19:00:00,18.0,10.4,61,13.333957540007443
2108,2023-03-29 20:00:00,17.1,9.6,61,12.522034339283156
2109,2023-03-29 21:00:00,16.8,9.4,61,12.251392522648146
2110,2023-03-29 22:00:00,16.2,10.0,66,12.283243693320923
2111,2023-03-29 23:00:00,16.4,10.6,69,12.811701481278423
2112,2023-03-30 00:00:00,15.9,11.1,73,12.800212568257976
2113,2023-03-30 01:00:00,15.6,11.7,77,12.967467141415476
2114,2023-03-30 02:00:00,15.7,12.5,81,13.513947847007344
2115,2023-03-30 03:00:00,16.0,13.9,87,14.486576066795887
2116,2023-03-30 04:00:00,17.6,15.2,86,15.933026823049918
2117,2023-03-30 05:00:00,18.8,15.8,83,16.740424738510622
2118,2023-03-30 06:00:00,19.3,16.5,84,17.346660890828304
2119,2023-03-30 07:00:00,18.8,17.0,90,17.587750513417802
2120,2023-03-30 08:00:00,19.1,17.5,90,17.883248918072205
2121,2023-03-30 09:00:00,19.9,17.9,88,18.423859925302278
2122,2023-03-30 10:00:00,20.8,18.3,86,19.054288398579867
2123,2023-03-30 11:00:00,21.5,18.7,84,19.48156113302879
2124,2023-03-30 12:00:00,22.4,19.2,82,20.094447665870774
2125,2023-03-30 13:00:00,23.0,19.7,82,20.673623484823008
2126,2023-03-30 14:00:00,22.6,20.0,85,20.679558996106362
2127,2023-03-30 15:00:00,22.8,20.5,87,21.135879550933943
2128,2023-03-30 16:00:00,24.2,21.0,83,21.966910657907224
2129,2023-03-30 17:00:00,24.1,20.9,82,21.73544421204321
2130,2023-03-30 18:00:00,24.5,21.0,81,21.985635391723704
2131,2023-03-30 19:00:00,22.6,21.0,91,21.460700109881994
2132,2023-03-30 20:00:00,22.2,20.9,92,21.19476952931612
2133,2023-03-30 21:00:00,21.8,21.2,97,21.438950410769845
2134,2023-03-30 22:00:00,22.0,21.2,96,21.51067777633127
2135,2023-03-30 23:00:00,21.9,21.0,95,21.282616518441426
2136,2023-03-31 00:00:00,21.6,20.5,93,20.728587428814095
2137,2023-03-31 01:00:00,20.9,20.2,96,20.412273409521916
2138,2023-03-31 02:00:00,21.6,21.1,97,21.238806884715135
2139,2023-03-31 03:00:00,22.2,21.3,94,21.45263674887784
2140,2023-03-31 04:00:00,22.3,21.2,94,21.55205027283672
2141,2023-03-31 05:00:00,22.4,21.1,93,21.522099335522135
2142,2023-03-31 06:00:00,22.3,21.0,92,21.293731241090732
2143,2023-03-31 07:00:00,22.0,20.8,93,21.125343487356076
2144,2023-03-31 08:00:00,22.2,21.0,92,21.19476952931612
2145,2023-03-31 09:00:00,23.0,20.9,88,21.46263488654246
2146,2023-03-31 10:00:00,24.1,20.9,82,21.73544421204321
2147,2023-03-31 11:00:00,25.2,21.1,78,22.244691424461777
2148,2023-03-31 12:00:00,27.0,20.2,67,22.357259875524342
2149,2023-03-31 13:00:00,28.0,20.5,64,22.820545818440618
2150,2023-03-31 14:00:00,28.5,19.9,60,22.647674606627152
2151,2023-03-31 15:00:00,28.5,19.8,59,22.48828662026204
2152,2023-03-31 16:00:00,27.6,20.5,65,22.60791843286152
2153,2023-03-31 17:00:00,26.9,21.2,71,22.8544159383957
2154,2023-03-31 18:00:00,26.1,21.2,74,22.536449819425094
2155,2023-03-31 19:00:00,25.4,21.2,78,22.43562205726386
2156,2023-03-31 20:00:00,24.3,21.4,84,22.19869503625805
2157,2023-03-31 21:00:00,23.2,21.5,90,21.92171369153626
2158,2023-03-31 22:00:00,22.2,21.3,94,21.45263674887784
2159,2023-03-31 23:00:00,21.4,20.9,97,21.038663310711886
2160,2023-04-01 00:00:00,21.1,20.8,98,20.864931688709948
2161,2023-04-01 01:00:00,20.9,20.4,97,20.538304164327716
2162,2023-04-01 02:00:00,21.6,21.1,97,21.238806884715135
2163,2023-04-01 03:00:00,21.4,21.0,98,21.165790271814256
2164,2023-04-01 04:00:00,20.5,20.3,99,20.38845183069298
2165,2023-04-01 05:00:00,19.7,19.7,100,19.58446558982471
2166,2023-04-01 06:00:00,19.2,19.2,100,19.08197380165353
2167,2023-04-01 07:00:00,22.1,21.8,98,21.867793222585124
2168,2023-04-01 08:00:00,22.5,21.2,92,21.491654624500914
2169,2023-04-01 09:00:00,23.0,19.4,80,20.40941554472251
2170,2023-04-01 10:00:00,24.0,18.7,72,20.281503864820376
2171,2023-04-01 11:00:00,25.5,17.5,61,20.099866204024117
2172,2023-04-01 12:00:00,27.0,14.4,46,19.052946339756073
2173,2023-04-01 13:00:00,28.1,10.4,33,17.55387499656576
2174,2023-04-01 14:00:00,28.5,11.1,34,18.066490417465502
2175,2023-04-01 15:00:00,28.8,10.7,32,17.88777913714712
2176,2023-04-01 16:00:00,28.9,8.9,29,17.319165809034768
2177,2023-04-01 17:00:00,28.6,7.9,27,16.649885135137364
2178,2023-04-01 18:00:00,26.8,13.2,43,18.37356916752068
2179,2023-04-01 19:00:00,24.8,14.9,54,18.43519876127237
2180,2023-04-01 20:00:00,21.0,11.1,53,14.970304051066929
2181,2023-04-01 21:00:00,20.0,10.4,54,14.22990455601073
2182,2023-04-01 22:00:00,20.0,14.0,68,16.028231920026567
2183,2023-04-01 23:00:00,18.5,15.9,85,16.690602362726064
2184,2023-04-02 00:00:00,18.9,15.9,83,16.837211991312465
2185,2023-04-02 01:00:00,18.4,16.0,86,16.71334387877854
2186,2023-04-02 02:00:00,18.5,16.4,88,17.051505004561587
2187,2023-04-02 03:00:00,18.0,16.2,90,16.799754081344798
2188,2023-04-02 04:00:00,17.5,16.2,92,16.543553294559217
2189,2023-04-02 05:00:00,17.5,16.5,94,16.780186153139073
2190,2023-04-02 06:00:00,17.3,16.2,93,16.463445898661128
2191,2023-04-02 07:00:00,18.2,17.9,98,17.956626436855974
2192,2023-04-02 08:00:00,20.0,18.8,93,19.141561046209926
2193,2023-04-02 09:00:00,22.0,19.3,84,19.966764565116332
2194,2023-04-02 10:00:00,22.5,19.8,85,20.582267704959936
2195,2023-04-02 11:00:00,21.6,19.2,86,19.834601105080683
2196,2023-04-02 12:00:00,24.2,20.8,81,21.696830237330904
2197,2023-04-02 13:00:00,25.5,21.4,78,22.531087346506805
2198,2023-04-02 14:00:00,26.9,21.6,73,23.146056195171305
2199,2023-04-02 15:00:00,26.9,21.8,74,23.291189812600535
2200,2023-04-02 16:00:00,27.6,21.2,68,23.060948107264675
2201,2023-04-02 17:00:00,26.9,19.9,66,22.11629359765074
2202,2023-04-02 18:00:00,26.1,21.0,74,22.536449819425094
2203,2023-04-02 19:00:00,25.0,20.7,77,21.91546347372221
2204,2023-04-02 20:00:00,24.0,21.0,83,21.773337995826093
2205,2023-04-02 21:00:00,23.0,21.0,88,21.46263488654246
2206,2023-04-02 22:00:00,22.4,21.4,94,21.65146378408321
2207,2023-04-02 23:00:00,22.0,21.4,97,21.639093889117742
2208,2023-04-03 00:00:00,21.8,21.2,97,21.438950410769845
2209,2023-04-03 01:00:00,21.6,21.1,97,21.238806884715135
2210,2023-04-03 02:00:00,21.5,21.0,97,21.13873510372225
2211,2023-04-03 03:00:00,21.5,21.0,97,21.13873510372225
2212,2023-04-03 04:00:00,21.5,21.0,97,21.13873510372225
2213,2023-04-03 05:00:00,21.5,21.0,97,21.13873510372225
2214,2023-04-03 06:00:00,21.4,21.0,98,21.165790271814256
2215,2023-04-03 07:00:00,22.4,21.8,96,21.910097178763657
2216,2023-04-03 08:00:00,22.8,22.0,95,22.179335636951617
2217,2023-04-03 09:00:00,24.0,22.0,89,22.57635370460449
2218,2023-04-03 10:00:00,25.6,21.8,79,22.766188058428252
2219,2023-04-03 11:00:00,27.2,21.5,71,23.134790674769814
2220,2023-04-03 12:00:00,28.6,21.3,65,23.523609548218865
2221,2023-04-03 13:00:00,29.1,21.2,62,23.507179450246063
2222,2023-04-03 14:00:00,30.0,21.2,59,23.83074126876971
2223,2023-04-03 15:00:00,30.0,21.2,59,23.83074126876971
2224,2023-04-03 16:00:00,29.5,21.0,60,23.54623797830553
2225,2023-04-03 17:00:00,28.8,20.8,62,23.235506369492267
2226,2023-04-03 18:00:00,27.5,20.6,66,22.66767008020406
2227,2023-04-03 19:00:00,26.0,20.9,73,22.299588416574395
2228,2023-04-03 20:00:00,24.7,21.0,80,22.04149020757612
2229,2023-04-03 21:00:00,23.3,21.9,92,22.283347628059786
2230,2023-04-03 22:00:00,23.0,22.0,94,22.24794458642734
2231,2023-04-03 23:00:00,23.7,22.4,92,22.679193815638197
2232,2023-04-04 00:00:00,23.7,22.5,93,22.811554415295404
2233,2023-04-04 01:00:00,23.4,22.4,94,22.64559820451308
2234,2023-04-04 02:00:00,23.4,22.0,92,22.382309194438815
2235,2023-04-04 03:00:00,22.5,21.6,95,21.880429375342292
2236,2023-04-04 04:00:00,22.2,21.2,94,21.45263674887784
2237,2023-04-04 05:00:00,22.0,20.9,93,21.125343487356076
2238,2023-04-04 06:00:00,21.9,20.7,93,21.02615449252914
2239,2023-04-04 07:00:00,21.8,21.1,96,21.310968002212995
2240,2023-04-04 08:00:00,22.5,21.5,94,21.750877282650062
2241,2023-04-04 09:00:00,24.0,21.4,85,22.041635406836566
2242,2023-04-04 10:00:00,24.7,21.9,84,22.586855991989832
2243,2023-04-04 11:00:00,26.4,21.8,76,23.105625160582033
2244,2023-04-04 12:00:00,27.4,21.5,70,23.17364231123551
2245,2023-04-04 13:00:00,27.5,21.6,70,23.26679719182461
2246,2023-04-04 14:00:00,28.5,21.6,66,23.586628935684264
2247,2023-04-04 15:00:00,28.5,21.6,66,23.586628935684264
2248,2023-04-04 16:00:00,28.0,22.1,70,23.732571272484815
2249,2023-04-04 17:00:00,27.4,22.3,74,23.762901673786903
2250,2023-04-04 18:00:00,27.0,22.1,75,23.530521193621738
2251,2023-04-04 19:00:00,25.8,22.3,81,23.23712263962094
2252,2023-04-04 20:00:00,24.7,22.0,85,22.72267246985345
2253,2023-04-04 21:00:00,24.3,21.8,86,22.46814903536288
2254,2023-04-04 22:00:00,23.8,22.0,90,22.512706530269526
2255,2023-04-04 23:00:00,24.0,22.0,89,22.57635370460449
2256,2023-04-05 00:00:00,23.8,22.0,90,22.512706530269526
2257,2023-04-05 01:00:00,23.4,21.8,91,22.250553201654164
2258,2023-04-05 02:00:00,23.1,21.6,91,21.954358393382282
2259,2023-04-05 03:00:00,23.2,21.4,89,21.790248210736568
2260,2023-04-05 04:00:00,22.8,21.2,91,21.658163463952466
2261,2023-04-05 05:00:00,22.9,21.2,90,21.62621708655446
2262,2023-04-05 06:00:00,23.0,21.1,89,21.59372169644713
2263,2023-04-05 07:00:00,23.2,21.6,91,22.05309000955442
2264,2023-04-05 08:00:00,23.3,21.7,91,22.15182161229998
2265,2023-04-05 09:00:00,24.9,22.1,85,22.917254350905985
2266,2023-04-05 10:00:00,25.5,22.5,83,23.2251313948594
2267,2023-04-05 11:00:00,27.1,22.6,76,23.770005495431835
2268,2023-04-05 12:00:00,28.0,22.0,70,23.732571272484815
2269,2023-04-05 13:00:00,26.0,21.8,78,23.008413523229354
2270,2023-04-05 14:00:00,20.5,20.1,98,20.2632142020973
2271,2023-04-05 15:00:00,21.5,20.5,94,20.756741722445643
2272,2023-04-05 16:00:00,21.4,17.5,79,18.74524001774237
2273,2023-04-05 17:00:00,20.6,17.2,81,18.23115593588872
2274,2023-04-05 18:00:00,19.5,16.2,81,17.17219508726418
2275,2023-04-05 19:00:00,17.5,15.1,86,15.835487110701369
2276,2023-04-05 20:00:00,17.3,15.1,87,15.757772499205398
2277,2023-04-05 21:00:00,17.4,14.4,83,15.385401183337937
2278,2023-04-05 22:00:00,17.0,13.9,82,14.88183544575676
2279,2023-04-05 23:00:00,16.4,12.3,77,13.729006541312604
2280,2023-04-06 00:00:00,16.1,11.8,76,13.329626591470738
2281,2023-04-06 01:00:00,16.2,13.1,82,14.109591712389218
2282,2023-04-06 02:00:00,15.9,11.7,76,13.139798954122625
2283,2023-04-06 03:00:00,15.1,10.7,75,12.269532045989962
2284,2023-04-06 04:00:00,14.9,11.1,78,12.411654760728556
2285,2023-04-06 05:00:00,14.5,11.4,82,12.46856924975408
2286,2023-04-06 06:00:00,14.8,11.9,83,12.86891846436746
2287,2023-04-06 07:00:00,14.6,13.4,93,13.785319881355182
2288,2023-04-06 08:00:00,14.9,13.5,92,13.970525862289524
2289,2023-04-06 09:00:00,16.2,14.4,89,14.91178421013839
2290,2023-04-06 10:00:00,17.4,15.4,88,15.973223868167455
2291,2023-04-06 11:00:00,18.1,16.0,88,16.65940300820359
2292,2023-04-06 12:00:00,18.3,16.0,87,16.735613875935865
2293,2023-04-06 13:00:00,17.9,15.8,88,16.463351909761002
2294,2023-04-06 14:00:00,19.3,16.6,85,17.46893763678001
2295,2023-04-06 15:00:00,19.9,17.2,85,18.052688350670145
2296,2023-04-06 16:00:00,19.8,17.5,86,18.07889603523115
2297,2023-04-06 17:00:00,19.6,17.1,85,17.760813072352068
2298,2023-04-06 18:00:00,17.8,15.6,87,16.2466934047342
2299,2023-04-06 19:00:00,16.4,15.2,93,15.570738473715373
2300,2023-04-06 20:00:00,16.0,14.7,92,15.059115696277289
2301,2023-04-06 21:00:00,15.6,13.9,90,14.43575859685345
2302,2023-04-06 22:00:00,15.7,13.9,89,14.420462319058299
2303,2023-04-06 23:00:00,15.1,13.7,91,14.05578223578085
2304,2023-04-07 00:00:00,14.8,13.5,92,13.871563052804301
2305,2023-04-07 01:00:00,14.6,13.4,92,13.673637384542715
2306,2023-04-07 02:00:00,14.6,13.4,92,13.673637384542715
2307,2023-04-07 03:00:00,14.4,13.4,93,13.58693972142127
2308,2023-04-07 04:00:00,14.6,13.4,92,13.673637384542715
2309,2023-04-07 05:00:00,14.6,13.6,94,13.897169060291528
2310,2023-04-07 06:00:00,14.6,13.9,95,14.009188457537302
2311,2023-04-07 07:00:00,15.1,14.4,96,14.620660638510078
2312,2023-04-07 08:00:00,14.4,13.8,96,13.921669717464834
2313,2023-04-07 09:00:00,13.9,13.4,97,13.533242207331956
2314,2023-04-07 10:00:00,14.5,13.6,95,13.909551929323616
2315,2023-04-07 11:00:00,15.0,13.8,93,14.182080008959876
2316,2023-04-07 12:00:00,15.8,14.2,90,14.632758585149332
2317,2023-04-07 13:00:00,18.2,15.2,83,16.159700821697037
2318,2023-04-07 14:00:00,18.5,15.6,83,16.450062866156408
2319,2023-04-07 15:00:00,18.9,15.6,82,16.71590908383114
2320,2023-04-07 16:00:00,19.3,15.8,80,16.857234388902924
2321,2023-04-07 17:00:00,18.6,15.4,81,16.305770805184174
2322,2023-04-07 18:00:00,17.5,14.8,84,15.599917821254202
2323,2023-04-07 19:00:00,13.2,12.1,93,12.396657393167683
2324,2023-04-07 20:00:00,13.5,12.4,93,12.694228197464344
2325,2023-04-07 21:00:00,13.7,12.9,95,13.112459151783842
2326,2023-04-07 22:00:00,13.4,12.6,95,12.813549104484647
2327,2023-04-07 23:00:00,12.9,12.2,96,12.423829559315333
2328,2023-04-08 00:00:00,12.8,11.9,95,12.215728584834213
2329,2023-04-08 01:00:00,12.7,11.9,95,12.11609177594826
2330,2023-04-08 02:00:00,12.6,11.9,96,12.124261114167574
2331,2023-04-08 03:00:00,12.6,11.9,95,12.016454951055362
2332,2023-04-08 04:00:00,12.6,11.8,95,12.016454951055362
2333,2023-04-08 05:00:00,12.7,11.7,94,12.008288735037961
2334,2023-04-08 06:00:00,12.8,11.8,94,12.107703634421195
2335,2023-04-08 07:00:00,12.5,11.5,94,11.809458886841615
2336,2023-04-08 08:00:00,12.9,11.4,91,11.883655955038911
2337,2023-04-08 09:00:00,13.6,11.7,88,12.2482363461076
2338,2023-04-08 10:00:00,14.8,12.2,85,13.090786268523498
2339,2023-04-08 11:00:00,15.7,12.9,83,13.74001021470401
2340,2023-04-08 12:00:00,16.8,13.5,81,14.572917277571253
2341,2023-04-08 13:00:00,18.0,14.2,78,15.371136643131084
2342,2023-04-08 14:00:00,18.7,14.6,77,15.91842370367657
2343,2023-04-08 15:00:00,19.8,14.9,74,16.592825168967227
2344,2023-04-08 16:00:00,20.8,15.0,69,16.89707640782914
2345,2023-04-08 17:00:00,21.6,15.0,66,17.245760249260357
2346,2023-04-08 18:00:00,22.0,14.9,64,17.346257088313607
2347,2023-04-08 19:00:00,21.0,16.3,75,17.85275165486602
2348,2023-04-08 20:00:00,19.4,16.1,81,17.075925802176016
2349,2023-04-08 21:00:00,19.2,15.9,81,16.883387172666534
2350,2023-04-08 22:00:00,18.9,15.4,80,16.473213183520453
2351,2023-04-08 23:00:00,18.0,15.2,84,16.085124837133584
2352,2023-04-09 00:00:00,16.3,14.9,91,15.240574940241249
2353,2023-04-09 01:00:00,15.9,14.6,92,14.960153064357122
2354,2023-04-09 02:00:00,16.1,14.7,91,15.043109653499915
2355,2023-04-09 03:00:00,16.2,14.9,91,15.14184230498655
2356,2023-04-09 04:00:00,16.0,14.8,93,15.173979222897724
2357,2023-04-09 05:00:00,15.6,14.6,93,14.77721972501963
2358,2023-04-09 06:00:00,15.9,14.8,93,15.07478937169645
2359,2023-04-09 07:00:00,17.1,15.2,89,15.796162536093245
2360,2023-04-09 08:00:00,17.5,15.2,86,15.835487110701369
2361,2023-04-09 09:00:00,18.0,15.4,85,16.20414223196115
2362,2023-04-09 10:00:00,18.5,15.4,82,16.329788915467912
2363,2023-04-09 11:00:00,20.0,15.6,76,17.031245845322804
2364,2023-04-09 12:00:00,21.1,15.9,72,17.562516979720026
2365,2023-04-09 13:00:00,21.7,15.9,69,17.73271442324256
2366,2023-04-09 14:00:00,22.4,16.0,67,18.11520802926247
2367,2023-04-09 15:00:00,22.6,16.1,67,18.299646234490723
2368,2023-04-09 16:00:00,23.0,15.8,64,18.25864580527961
2369,2023-04-09 17:00:00,22.6,15.7,65,18.029423353460004
2370,2023-04-09 18:00:00,22.4,15.8,66,17.980940097204165
2371,2023-04-09 19:00:00,20.6,14.9,70,16.839055909390343
2372,2023-04-09 20:00:00,19.5,14.8,74,16.309793168835725
2373,2023-04-09 21:00:00,19.1,14.8,76,16.17702922787903
2374,2023-04-09 22:00:00,18.9,14.8,77,16.108807221580165
2375,2023-04-09 23:00:00,18.5,14.9,80,16.089191647403556
2376,2023-04-10 00:00:00,18.1,15.3,83,16.062913435033558
2377,2023-04-10 01:00:00,17.9,15.4,85,16.106850151122103
2378,2023-04-10 02:00:00,17.5,15.1,85,15.717681643700875
2379,2023-04-10 03:00:00,17.4,14.6,84,15.502876360935328
2380,2023-04-10 04:00:00,17.1,14.2,83,15.095038494554096
2381,2023-04-10 05:00:00,16.9,13.9,83,14.901463269116363
2382,2023-04-10 06:00:00,16.7,13.6,82,14.592244202036433
2383,2023-04-10 07:00:00,15.6,13.6,88,14.208759338907601
2384,2023-04-10 08:00:00,16.5,13.9,85,14.744759067653654
2385,2023-04-10 09:00:00,16.9,14.1,84,15.017668770511573
2386,2023-04-10 10:00:00,17.5,14.2,81,15.246805562887662
2387,2023-04-10 11:00:00,18.6,14.3,76,15.702463630085003
2388,2023-04-10 12:00:00,19.9,14.1,69,16.06143615564273
2389,2023-04-10 13:00:00,20.1,13.9,68,16.120768671001574
2390,2023-04-10 14:00:00,20.2,14.1,68,16.21330539273566
2391,2023-04-10 15:00:00,20.5,14.1,67,16.36303938832364
2392,2023-04-10 16:00:00,19.8,14.0,69,15.968587097706973
2393,2023-04-10 17:00:00,19.8,14.1,70,16.093802779587936
2394,2023-04-10 18:00:00,20.0,13.9,68,16.028231920026567
2395,2023-04-10 19:00:00,18.5,14.2,76,15.60755043996743
2396,2023-04-10 20:00:00,17.9,15.0,83,15.869338603597594
2397,2023-04-10 21:00:00,17.7,15.1,85,15.912265934332023
2398,2023-04-10 22:00:00,17.5,14.9,85,15.717681643700875
2399,2023-04-10 23:00:00,17.4,14.8,84,15.502876360935328
2400,2023-04-11 00:00:00,17.2,14.5,84,15.308793382702923
2401,2023-04-11 01:00:00,16.6,14.2,85,14.842051410386915
2402,2023-04-11 02:00:00,15.6,13.9,90,14.43575859685345
2403,2023-04-11 03:00:00,14.9,13.6,92,13.970525862289524
2404,2023-04-11 04:00:00,14.6,13.4,92,13.673637384542715
2405,2023-04-11 05:00:00,16.0,13.5,85,14.258297066011792
2406,2023-04-11 06:00:00,15.9,13.6,86,14.274849224194309
2407,2023-04-11 07:00:00,15.6,13.2,86,13.98222908863097
2408,2023-04-11 08:00:00,16.4,13.6,84,14.532460693432068
2409,2023-04-11 09:00:00,18.0,14.3,79,15.490161480767295
2410,2023-04-11 10:00:00,19.3,14.4,74,16.121105046566793
2411,2023-04-11 11:00:00,20.6,14.7,69,16.711378769684035
2412,2023-04-11 12:00:00,21.8,14.6,64,17.163778971163236
2413,2023-04-11 13:00:00,22.2,14.3,61,17.122890762665072
2414,2023-04-11 14:00:00,22.8,13.7,57,17.107297992180857
2415,2023-04-11 15:00:00,23.1,13.4,55,17.0891350214714
2416,2023-04-11 16:00:00,23.2,13.0,53,16.888984702814437
2417,2023-04-11 17:00:00,23.2,11.6,48,16.153731964536913
2418,2023-04-11 18:00:00,22.8,11.8,50,16.10668915971826
2419,2023-04-11 19:00:00,21.6,14.1,62,16.715274363596052
2420,2023-04-11 20:00:00,19.1,14.4,74,15.93241682581803
2421,2023-04-11 21:00:00,17.6,14.4,81,15.343075233725884
2422,2023-04-11 22:00:00,16.7,14.1,85,14.939343734053931
2423,2023-04-11 23:00:00,16.4,14.1,87,14.877713754639892
2424,2023-04-12 00:00:00,16.3,14.4,88,14.89494066514374
2425,2023-04-12 01:00:00,15.2,13.5,90,14.041758416102965
2426,2023-04-12 02:00:00,14.4,12.9,91,13.364652049976765
2427,2023-04-12 03:00:00,13.7,12.5,92,12.782971054829456
2428,2023-04-12 04:00:00,13.4,12.2,92,12.486081975181882
2429,2023-04-12 05:00:00,13.6,12.4,93,12.79341843239273
2430,2023-04-12 06:00:00,13.4,12.4,94,12.704192687610526
2431,2023-04-12 07:00:00,13.5,12.8,95,12.913185802558825
2432,2023-04-12 08:00:00,15.1,13.6,91,14.05578223578085
2433,2023-04-12 09:00:00,17.4,14.9,85,15.620389470559708
2434,2023-04-12 10:00:00,19.6,15.6,78,16.89860252562666
2435,2023-04-12 11:00:00,21.2,15.2,69,17.26847135351177
2436,2023-04-12 12:00:00,22.0,16.0,69,18.011259942788474
2437,2023-04-12 13:00:00,23.0,15.6,63,18.121121816654647
2438,2023-04-12 14:00:00,23.5,15.3,60,18.15481240067522
2439,2023-04-12 15:00:00,22.0,15.4,66,17.613350407962358
2440,2023-04-12 16:00:00,22.8,13.2,55,16.825132547398898
2441,2023-04-12 17:00:00,20.5,14.9,70,16.74589936321204
2442,2023-04-12 18:00:00,20.1,15.3,74,16.875856951041882
2443,2023-04-12 19:00:00,19.1,16.4,84,17.152578623508745
2444,2023-04-12 20:00:00,18.5,16.3,87,16.93118194418803
2445,2023-04-12 21:00:00,16.4,15.2,93,15.570738473715373
2446,2023-04-12 22:00:00,16.1,14.9,93,15.273169058657917
2447,2023-04-12 23:00:00,15.4,14.3,93,14.578839882578325
2448,2023-04-13 00:00:00,14.6,13.6,94,13.897169060291528
2449,2023-04-13 01:00:00,14.4,13.4,94,13.69833982300312
2450,2023-04-13 02:00:00,14.6,13.3,92,13.673637384542715
2451,2023-04-13 03:00:00,13.9,12.6,92,12.980897023183509
2452,2023-04-13 04:00:00,13.2,12.1,93,12.396657393167683
2453,2023-04-13 05:00:00,12.9,12.0,94,12.207118517389436
2454,2023-04-13 06:00:00,12.6,11.9,95,12.016454951055362
2455,2023-04-13 07:00:00,13.4,12.6,95,12.813549104484647
2456,2023-04-13 08:00:00,14.8,13.5,92,13.871563052804301
2457,2023-04-13 09:00:00,17.0,14.8,87,15.464419744805454
2458,2023-04-13 10:00:00,19.3,15.1,77,16.489573985893443
2459,2023-04-13 11:00:00,20.8,14.9,69,16.89707640782914
2460,2023-04-13 12:00:00,21.9,13.4,59,16.58140133400279
2461,2023-04-13 13:00:00,22.7,12.8,54,16.595395219519844
2462,2023-04-13 14:00:00,23.2,12.5,51,16.59759901887855
2463,2023-04-13 15:00:00,23.6,12.1,48,16.494182799546984
2464,2023-04-13 16:00:00,23.6,12.5,50,16.794494967080997
2465,2023-04-13 17:00:00,23.6,12.9,51,16.943180108817685
2466,2023-04-13 18:00:00,22.4,14.8,62,17.439752575949907
2467,2023-04-13 19:00:00,21.0,15.2,69,17.082773935526866
2468,2023-04-13 20:00:00,20.8,14.6,68,16.768525114612135
2469,2023-04-13 21:00:00,19.8,14.9,74,16.592825168967227
2470,2023-04-13 22:00:00,18.6,15.1,80,16.18519706265923
2471,2023-04-13 23:00:00,18.0,15.1,83,15.966126029019584
2472,2023-04-14 00:00:00,17.3,15.1,87,15.757772499205398
2473,2023-04-14 01:00:00,16.6,15.1,91,15.536772749066209
2474,2023-04-14 02:00:00,16.0,14.8,92,15.059115696277289
2475,2023-04-14 03:00:00,15.8,14.6,92,14.861190416518848
2476,2023-04-14 04:00:00,15.4,14.2,93,14.578839882578325
2477,2023-04-14 05:00:00,14.7,13.6,93,13.884509937222315
2478,2023-04-14 06:00:00,14.2,13.2,94,13.499510522919035
2479,2023-04-14 07:00:00,15.7,14.5,93,14.876409622800207
2480,2023-04-14 08:00:00,17.8,15.8,88,16.36532633530799
2481,2023-04-14 09:00:00,20.6,17.5,83,18.482592442144053
2482,2023-04-14 10:00:00,22.9,18.8,78,20.04898380782188
2483,2023-04-14 11:00:00,25.4,18.3,65,20.593388996204137
2484,2023-04-14 12:00:00,26.2,18.5,62,20.880996004127585
2485,2023-04-14 13:00:00,26.1,18.5,63,20.939061513873238
2486,2023-04-14 14:00:00,26.7,18.8,62,21.333787936759364
2487,2023-04-14 15:00:00,26.5,18.9,63,21.302664595216648
2488,2023-04-14 16:00:00,26.7,18.1,59,20.877332144024148
2489,2023-04-14 17:00:00,25.5,18.2,64,20.539604534367527
2490,2023-04-14 18:00:00,25.3,18.2,65,20.50181917215833
2491,2023-04-14 19:00:00,23.5,19.3,78,20.621778064013117
2492,2023-04-14 20:00:00,23.0,19.4,80,20.40941554472251
2493,2023-04-14 21:00:00,22.4,19.8,86,20.614912784222714
2494,2023-04-14 22:00:00,22.0,20.0,88,20.48238649275784
2495,2023-04-14 23:00:00,21.9,20.1,90,20.641227494406124
2496,2023-04-15 00:00:00,21.8,20.1,90,20.542728457323502
2497,2023-04-15 01:00:00,21.4,20.1,93,20.530209319962594
2498,2023-04-15 02:00:00,21.5,20.2,93,20.62939838104901
2499,2023-04-15 03:00:00,21.0,20.1,95,20.38589638594127
2500,2023-04-15 04:00:00,20.5,19.9,96,20.01285326646661
2501,2023-04-15 05:00:00,20.4,19.7,96,19.91299819916634
2502,2023-04-15 06:00:00,20.4,19.8,96,19.91299819916634
2503,2023-04-15 07:00:00,20.5,20.0,96,20.01285326646661
2504,2023-04-15 08:00:00,21.1,20.5,96,20.61198340581451
2505,2023-04-15 09:00:00,22.8,21.5,93,21.918854975492117
2506,2023-04-15 10:00:00,22.5,20.4,88,20.972510874914107
2507,2023-04-15 11:00:00,25.0,21.6,81,22.466976975767224
2508,2023-04-15 12:00:00,26.1,22.1,79,23.244870220266872
2509,2023-04-15 13:00:00,27.8,22.5,73,23.992522349092237
2510,2023-04-15 14:00:00,28.0,21.9,69,23.58212313060536
2511,2023-04-15 15:00:00,25.5,20.9,75,22.11108566663222
2512,2023-04-15 16:00:00,21.5,19.4,88,19.992261734998504
2513,2023-04-15 17:00:00,21.9,18.5,81,19.48265215172796
2514,2023-04-15 18:00:00,21.5,18.5,84,19.48156113302879
2515,2023-04-15 19:00:00,22.1,20.0,88,20.58041139907361
2516,2023-04-15 20:00:00,20.7,17.9,84,18.705234753612697
2517,2023-04-15 21:00:00,19.9,17.4,86,18.176435346765107
2518,2023-04-15 22:00:00,20.1,18.1,88,18.619910370705444
2519,2023-04-15 23:00:00,20.8,19.4,91,19.683527432830264
2520,2023-04-16 00:00:00,20.4,15.5,73,17.032638397284494
2521,2023-04-16 01:00:00,18.8,11.6,63,14.303219131630062
2522,2023-04-16 02:00:00,18.0,10.4,61,13.333957540007443
2523,2023-04-16 03:00:00,17.1,9.2,60,12.403820758237103
2524,2023-04-16 04:00:00,16.4,8.4,59,11.658872280149932
2525,2023-04-16 05:00:00,15.5,7.6,59,10.853354855225138
2526,2023-04-16 06:00:00,14.4,7.0,61,10.086243850302825
2527,2023-04-16 07:00:00,13.3,6.7,64,9.408329379957742
2528,2023-04-16 08:00:00,14.4,8.6,68,10.846123912624586
2529,2023-04-16 09:00:00,15.8,8.2,61,11.34925034898064
2530,2023-04-16 10:00:00,16.9,7.8,55,11.63300018917548
2531,2023-04-16 11:00:00,18.4,7.7,50,12.323694814003893
2532,2023-04-16 12:00:00,19.9,7.4,44,12.798789933069049
2533,2023-04-16 13:00:00,21.2,6.7,39,13.14463676791075
2534,2023-04-16 14:00:00,22.1,6.7,37,13.558022921416832
2535,2023-04-16 15:00:00,22.8,6.3,35,13.787770421316154
2536,2023-04-16 16:00:00,22.9,6.2,34,13.698804870211916
2537,2023-04-16 17:00:00,22.9,5.9,34,13.698804870211916
2538,2023-04-16 18:00:00,22.3,6.0,35,13.394868433162223
2539,2023-04-16 19:00:00,20.6,10.4,52,14.486705244935479
2540,2023-04-16 20:00:00,17.8,8.4,54,12.30244127617734
2541,2023-04-16 21:00:00,16.4,6.8,53,10.958437331723886
2542,2023-04-16 22:00:00,15.5,5.1,50,9.83029275197292
2543,2023-04-16 23:00:00,14.2,5.3,55,9.25687965542423
2544,2023-04-17 00:00:00,12.9,5.7,61,8.733012440185703
2545,2023-04-17 01:00:00,12.8,6.4,65,9.055343237917295
2546,2023-04-17 02:00:00,12.3,6.3,67,8.800914937649878
2547,2023-04-17 03:00:00,11.7,6.0,68,8.347568786161434
2548,2023-04-17 04:00:00,11.3,5.7,68,7.977410090846062
2549,2023-04-17 05:00:00,10.9,5.7,70,7.802730583116759
2550,2023-04-17 06:00:00,10.8,6.0,72,7.905241952859408
2551,2023-04-17 07:00:00,9.9,6.6,80,7.832640261313088
2552,2023-04-17 08:00:00,12.7,8.0,73,9.790452916272924
2553,2023-04-17 09:00:00,15.6,10.4,71,12.293476794003183
2554,2023-04-17 10:00:00,18.5,10.8,61,13.785024558218417
2555,2023-04-17 11:00:00,20.6,8.1,45,13.522925974279804
2556,2023-04-17 12:00:00,21.8,6.7,38,13.474891828004534
2557,2023-04-17 13:00:00,22.4,5.6,34,13.308817748774093
2558,2023-04-17 14:00:00,22.6,6.7,36,13.794491146383972
2559,2023-04-17 15:00:00,22.8,7.3,37,14.1159713156053
2560,2023-04-17 16:00:00,22.5,7.1,37,13.876851145573802
2561,2023-04-17 17:00:00,21.9,7.6,40,13.863653301644401
2562,2023-04-17 18:00:00,21.0,7.8,42,13.425744014439104
2563,2023-04-17 19:00:00,20.1,9.1,49,13.650628486439224
2564,2023-04-17 20:00:00,18.2,8.9,55,12.777043951878024
2565,2023-04-17 21:00:00,17.1,9.1,60,12.403820758237103
2566,2023-04-17 22:00:00,16.5,9.4,63,12.212436175802093
2567,2023-04-17 23:00:00,15.7,9.8,68,12.04912247927113
2568,2023-04-18 00:00:00,14.6,10.2,75,11.79637371381759
2569,2023-04-18 01:00:00,14.2,10.6,79,11.852102390541585
2570,2023-04-18 02:00:00,14.9,11.1,78,12.411654760728556
2571,2023-04-18 03:00:00,15.1,11.9,81,12.936327035541616
2572,2023-04-18 04:00:00,16.0,12.6,80,13.689049295928616
2573,2023-04-18 05:00:00,15.8,12.6,81,13.610217904451634
2574,2023-04-18 06:00:00,15.7,13.1,85,13.966419632587506
2575,2023-04-18 07:00:00,17.2,15.0,87,15.659988265430247
2576,2023-04-18 08:00:00,19.0,15.8,82,16.81243907711227
2577,2023-04-18 09:00:00,19.0,17.0,88,17.541632127885485
2578,2023-04-18 10:00:00,20.5,18.0,85,18.636438440909735
2579,2023-04-18 11:00:00,21.5,18.1,81,19.0975767288901
2580,2023-04-18 12:00:00,23.0,18.1,74,19.611820007970408
2581,2023-04-18 13:00:00,22.7,15.9,66,18.256632059872267
2582,2023-04-18 14:00:00,22.5,15.2,63,17.66661266715329
2583,2023-04-18 15:00:00,23.5,15.6,61,18.29564293801957
2584,2023-04-18 16:00:00,23.6,16.6,65,18.945127933541833
2585,2023-04-18 17:00:00,23.2,16.9,68,18.989393924743833
2586,2023-04-18 18:00:00,22.7,16.5,68,18.526714215642844
2587,2023-04-18 19:00:00,22.8,17.0,70,18.888493276845686
2588,2023-04-18 20:00:00,20.7,17.0,80,18.20130606010178
2589,2023-04-18 21:00:00,20.2,17.0,82,17.970797498952074
2590,2023-04-18 22:00:00,19.0,16.8,87,17.420101817649467
2591,2023-04-18 23:00:00,18.6,16.8,89,17.27012341571584
2592,2023-04-19 00:00:00,18.2,17.0,92,17.236289658938475
2593,2023-04-19 01:00:00,18.5,17.4,93,17.653720592584108
2594,2023-04-19 02:00:00,19.0,17.9,93,18.14966776472551
2595,2023-04-19 03:00:00,19.2,18.1,93,18.34804653368036
2596,2023-04-19 04:00:00,19.4,18.4,94,18.669052780275376
2597,2023-04-19 05:00:00,19.6,18.5,93,18.744803902002865
2598,2023-04-19 06:00:00,19.6,18.5,93,18.744803902002865
2599,2023-04-19 07:00:00,20.0,18.6,92,19.017608409664145
2600,2023-04-19 08:00:00,21.0,19.0,89,19.628453370974338
2601,2023-04-19 09:00:00,23.0,19.5,80,20.40941554472251
2602,2023-04-19 10:00:00,24.1,19.4,75,20.786275179008083
2603,2023-04-19 11:00:00,25.5,18.9,67,20.973988080145972
2604,2023-04-19 12:00:00,26.8,17.7,57,20.657772032671105
2605,2023-04-19 13:00:00,27.2,18.0,57,21.012816311891537
2606,2023-04-19 14:00:00,27.5,17.5,55,20.961130066961914
2607,2023-04-19 15:00:00,27.1,17.5,56,20.767070980614182
2608,2023-04-19 16:00:00,26.8,17.5,57,20.657772032671105
2609,2023-04-19 17:00:00,26.7,17.4,57,20.569010878228056
2610,2023-04-19 18:00:00,25.5,17.2,60,19.951966776796336
2611,2023-04-19 19:00:00,24.4,18.5,70,20.37898552176723
2612,2023-04-19 20:00:00,22.8,18.8,78,19.95351803066205
2613,2023-04-19 21:00:00,21.9,19.8,88,20.38436157141825
2614,2023-04-19 22:00:00,22.2,19.9,87,20.549179313988404
2615,2023-04-19 23:00:00,22.2,19.9,87,20.549179313988404
2616,2023-04-20 00:00:00,21.9,19.8,88,20.38436157141825
2617,2023-04-20 01:00:00,21.0,19.8,93,20.133452941702576
2618,2023-04-20 02:00:00,20.9,19.7,93,20.03426381348264
2619,2023-04-20 03:00:00,20.9,19.8,93,20.03426381348264
2620,2023-04-20 04:00:00,21.0,19.9,93,20.133452941702576
2621,2023-04-20 05:00:00,21.0,20.0,94,20.25967345773542
2622,2023-04-20 06:00:00,21.0,20.0,94,20.25967345773542
2623,2023-04-20 07:00:00,21.8,20.2,91,20.670846145079743
2624,2023-04-20 08:00:00,22.5,20.4,87,20.842529500999103
2625,2023-04-20 09:00:00,23.5,20.5,84,21.422372366338244
2626,2023-04-20 10:00:00,24.9,20.5,77,21.82027298944781
2627,2023-04-20 11:00:00,24.6,20.5,78,21.671899087714735
2628,2023-04-20 12:00:00,24.7,20.4,77,21.62989196414817
2629,2023-04-20 13:00:00,25.7,20.5,73,22.017432121655677
2630,2023-04-20 14:00:00,25.0,20.6,77,21.91546347372221
2631,2023-04-20 15:00:00,22.8,20.1,85,20.87414153028906
2632,2023-04-20 16:00:00,21.8,20.0,90,20.542728457323502
2633,2023-04-20 17:00:00,22.9,20.3,86,21.102607072040147
2634,2023-04-20 18:00:00,22.6,20.2,86,20.80999054614374
2635,2023-04-20 19:00:00,22.0,20.4,91,20.868309719140797
2636,2023-04-20 20:00:00,20.9,19.5,92,19.908266041442136
2637,2023-04-20 21:00:00,20.8,19.7,94,20.06084606005174
2638,2023-04-20 22:00:00,20.3,19.7,96,19.81314311918642
2639,2023-04-20 23:00:00,20.6,19.5,93,19.73669634748225
2640,2023-04-21 00:00:00,21.2,20.0,93,20.33183115768581
2641,2023-04-21 01:00:00,20.8,19.7,94,20.06084606005174
2642,2023-04-21 02:00:00,20.2,19.4,95,19.588810953257717
2643,2023-04-21 03:00:00,19.5,19.0,97,19.137296919039226
2644,2023-04-21 04:00:00,19.4,18.6,95,18.791724683415016
2645,2023-04-21 05:00:00,19.5,18.5,95,18.8913605135272
2646,2023-04-21 06:00:00,19.5,18.8,96,19.01430201892795
2647,2023-04-21 07:00:00,18.8,17.9,95,18.193909421027573
2648,2023-04-21 08:00:00,19.1,18.3,95,18.492817112800264
2649,2023-04-21 09:00:00,20.6,18.6,88,19.110036207954064
2650,2023-04-21 10:00:00,22.1,17.9,77,19.154931548011188
2651,2023-04-21 11:00:00,23.5,17.6,70,19.540584402969486
2652,2023-04-21 12:00:00,24.5,17.6,65,19.769259594542444
2653,2023-04-21 13:00:00,25.5,17.9,63,20.393656041899728
2654,2023-04-21 14:00:00,26.3,18.1,61,20.82155200093804
2655,2023-04-21 15:00:00,27.0,18.2,59,21.14582525433423
2656,2023-04-21 16:00:00,26.6,18.2,60,20.94039616969563
2657,2023-04-21 17:00:00,26.3,18.2,61,20.82155200093804
2658,2023-04-21 18:00:00,25.9,18.1,62,20.609320495634293
2659,2023-04-21 19:00:00,23.6,19.0,76,20.448094503153012
2660,2023-04-21 20:00:00,21.5,19.5,88,19.992261734998504
2661,2023-04-21 21:00:00,21.2,18.7,86,19.4444448816875
2662,2023-04-21 22:00:00,20.5,18.0,86,18.76167086405137
2663,2023-04-21 23:00:00,19.6,18.0,90,18.3757459517494
2664,2023-04-22 00:00:00,19.2,17.5,90,17.981748355436398
2665,2023-04-22 01:00:00,18.4,16.2,87,16.833397918600816
2666,2023-04-22 02:00:00,17.7,14.2,80,15.32114756671973
2667,2023-04-22 03:00:00,16.9,12.5,75,13.972896462943151
2668,2023-04-22 04:00:00,16.0,12.0,77,13.34823704023838
2669,2023-04-22 05:00:00,15.1,12.4,84,13.270917362624196
2670,2023-04-22 06:00:00,14.8,13.1,89,13.536081813241669
2671,2023-04-22 07:00:00,15.4,10.5,73,12.329939626580526
2672,2023-04-22 08:00:00,16.7,10.4,66,12.742740080048488
2673,2023-04-22 09:00:00,18.6,11.3,62,13.998461027417868
2674,2023-04-22 10:00:00,20.2,11.8,58,14.929907149931203
2675,2023-04-22 11:00:00,22.0,11.0,50,15.418880035669385
2676,2023-04-22 12:00:00,23.1,11.4,48,16.068619117893196
2677,2023-04-22 13:00:00,23.8,11.8,47,16.511796149095005
2678,2023-04-22 14:00:00,24.1,10.9,43,16.137869722910754
2679,2023-04-22 15:00:00,24.3,10.1,41,15.979357791496486
2680,2023-04-22 16:00:00,24.1,9.2,39,15.487375042695746
2681,2023-04-22 17:00:00,23.5,8.7,39,15.002676381655384
2682,2023-04-22 18:00:00,22.6,10.1,45,15.198056049242112
2683,2023-04-22 19:00:00,21.6,12.3,55,15.769118785049876
2684,2023-04-22 20:00:00,19.0,12.6,67,14.97974077698456
2685,2023-04-22 21:00:00,18.1,12.5,70,14.510133950869328
2686,2023-04-22 22:00:00,17.5,12.3,72,14.187193669152041
2687,2023-04-22 23:00:00,17.0,12.6,75,14.067527570083687
2688,2023-04-23 00:00:00,16.6,12.6,77,13.919391144287268
2689,2023-04-23 01:00:00,16.1,12.6,79,13.671136133659388
2690,2023-04-23 02:00:00,16.5,12.9,80,14.169078861876237
2691,2023-04-23 03:00:00,16.0,12.9,82,13.916530569169037
2692,2023-04-23 04:00:00,15.9,12.9,82,13.819999965723522
2693,2023-04-23 05:00:00,15.9,12.8,82,13.819999965723522
2694,2023-04-23 06:00:00,16.1,12.4,79,13.671136133659388
2695,2023-04-23 07:00:00,15.6,12.5,82,13.53040802726256
2696,2023-04-23 08:00:00,16.0,10.2,68,12.326736704819059
2697,2023-04-23 09:00:00,16.7,10.8,68,12.974502055964148
2698,2023-04-23 10:00:00,16.1,12.1,77,13.443429452595645
2699,2023-04-23 11:00:00,16.1,12.6,80,13.7850552540386
2700,2023-04-23 12:00:00,16.0,13.8,87,14.486576066795887
2701,2023-04-23 13:00:00,15.6,13.4,87,14.095438086157337
2702,2023-04-23 14:00:00,16.1,13.0,82,14.013061151369307
2703,2023-04-23 15:00:00,17.3,12.3,72,13.999674686317793
2704,2023-04-23 16:00:00,18.0,12.1,69,14.297299076569246
2705,2023-04-23 17:00:00,18.5,11.7,65,14.275002318890824
2706,2023-04-23 18:00:00,19.1,11.5,61,14.326303668536578
2707,2023-04-23 19:00:00,15.9,12.5,80,13.593043315217898
2708,2023-04-23 20:00:00,15.7,11.6,77,13.062659653691675
2709,2023-04-23 21:00:00,15.1,10.8,75,12.269532045989962
2710,2023-04-23 22:00:00,14.7,10.4,76,12.000830942155186
2711,2023-04-23 23:00:00,14.3,10.0,75,11.512478381686865
2712,2023-04-24 00:00:00,14.2,9.6,74,11.309522806592998
2713,2023-04-24 01:00:00,14.1,9.1,72,10.999355154322128
2714,2023-04-24 02:00:00,13.9,8.8,71,10.704632244878075
2715,2023-04-24 03:00:00,13.9,8.7,71,10.704632244878075
2716,2023-04-24 04:00:00,13.9,8.6,71,10.704632244878075
2717,2023-04-24 05:00:00,13.9,8.6,71,10.704632244878075
2718,2023-04-24 06:00:00,13.8,8.5,71,10.611170512188151
2719,2023-04-24 07:00:00,12.7,8.9,78,10.311362884463044
2720,2023-04-24 08:00:00,13.4,9.1,76,10.76694456888055
2721,2023-04-24 09:00:00,13.6,9.2,75,10.850054952870185
2722,2023-04-24 10:00:00,14.6,9.2,70,11.2496121181417
2723,2023-04-24 11:00:00,15.9,9.6,66,12.007545430339551
2724,2023-04-24 12:00:00,18.5,11.1,62,13.90790001153961
2725,2023-04-24 13:00:00,20.3,12.1,59,15.14940577783656
2726,2023-04-24 14:00:00,21.6,12.8,57,16.0421439119212
2727,2023-04-24 15:00:00,22.6,13.3,56,16.789782166015573
2728,2023-04-24 16:00:00,22.9,13.8,56,17.054937197844257
2729,2023-04-24 17:00:00,22.7,13.8,57,17.01853537213305
2730,2023-04-24 18:00:00,22.3,13.6,58,16.801731900003006
2731,2023-04-24 19:00:00,20.6,13.9,65,16.198005164589407
2732,2023-04-24 20:00:00,20.0,13.1,65,15.648577261060417
2733,2023-04-24 21:00:00,19.0,12.9,68,15.10286277984746
2734,2023-04-24 22:00:00,18.8,12.6,68,14.917788590754828
2735,2023-04-24 23:00:00,18.5,12.7,69,14.761546710410535
2736,2023-04-25 00:00:00,16.1,13.4,84,14.241335610556316
2737,2023-04-25 01:00:00,16.0,13.6,85,14.258297066011792
2738,2023-04-25 02:00:00,16.4,13.0,80,14.073072993467399
2739,2023-04-25 03:00:00,15.5,12.4,82,13.433877338181777
2740,2023-04-25 04:00:00,14.9,12.3,84,13.07683346845873
2741,2023-04-25 05:00:00,14.7,12.4,86,13.104367646222023
2742,2023-04-25 06:00:00,14.9,13.0,88,13.522577131448699
2743,2023-04-25 07:00:00,14.9,12.4,85,13.1880789441975
2744,2023-04-25 08:00:00,16.6,14.1,85,14.842051410386915
2745,2023-04-25 09:00:00,17.9,15.1,84,15.988083471866137
2746,2023-04-25 10:00:00,19.5,16.3,82,17.295088753544803
2747,2023-04-25 11:00:00,21.6,17.1,75,18.42053203331328
2748,2023-04-25 12:00:00,22.8,17.3,71,19.022607873860096
2749,2023-04-25 13:00:00,24.0,17.6,68,19.72968009302708
2750,2023-04-25 14:00:00,24.2,18.0,68,19.91475137662599
2751,2023-04-25 15:00:00,24.2,17.5,66,19.63508805665431
2752,2023-04-25 16:00:00,23.6,17.4,68,19.35953721701721
2753,2023-04-25 17:00:00,24.0,17.2,66,19.45129428473787
2754,2023-04-25 18:00:00,23.1,17.1,69,19.032591489069283
2755,2023-04-25 19:00:00,21.3,18.5,84,19.287479641326183
2756,2023-04-25 20:00:00,20.5,18.8,89,19.137135363173098
2757,2023-04-25 21:00:00,19.9,18.4,91,18.794939369318854
2758,2023-04-25 22:00:00,19.6,18.0,90,18.3757459517494
2759,2023-04-25 23:00:00,19.4,17.5,89,18.056234398277336
2760,2023-04-26 00:00:00,19.0,17.5,91,17.906350118185127
2761,2023-04-26 01:00:00,18.7,17.5,92,17.731100898687778
2762,2023-04-26 02:00:00,18.9,17.9,94,18.17198310552344
2763,2023-04-26 03:00:00,19.2,18.4,95,18.59245298308669
2764,2023-04-26 04:00:00,19.5,18.6,95,18.8913605135272
2765,2023-04-26 05:00:00,19.7,18.9,95,19.090632133822414
2766,2023-04-26 06:00:00,19.9,19.0,95,19.2899037011104
2767,2023-04-26 07:00:00,19.7,18.9,95,19.090632133822414
2768,2023-04-26 08:00:00,20.0,19.0,95,19.389539464963104
2769,2023-04-26 09:00:00,20.3,19.1,93,19.439128758717235
2770,2023-04-26 10:00:00,21.8,20.1,90,20.542728457323502
2771,2023-04-26 11:00:00,22.6,20.5,87,20.940312866152453
2772,2023-04-26 12:00:00,24.9,20.1,75,21.543310225699845
2773,2023-04-26 13:00:00,24.7,19.9,75,21.35405158557813
2774,2023-04-26 14:00:00,25.8,19.5,68,21.395318026574284
2775,2023-04-26 15:00:00,25.4,20.2,73,21.735275639567103
2776,2023-04-26 16:00:00,23.6,19.7,79,20.851454978988837
2777,2023-04-26 17:00:00,21.7,19.4,87,20.060262027942013
2778,2023-04-26 18:00:00,22.5,20.4,87,20.842529500999103
2779,2023-04-26 19:00:00,19.6,18.1,91,18.498743085663893
2780,2023-04-26 20:00:00,20.0,18.5,91,18.893671434495392
2781,2023-04-26 21:00:00,19.7,18.7,94,18.967294420281387
2782,2023-04-26 22:00:00,20.3,19.2,94,19.563777333934357
2783,2023-04-26 23:00:00,20.1,19.5,96,19.61343292105659
2784,2023-04-27 00:00:00,18.7,18.4,98,18.458059119729146
2785,2023-04-27 01:00:00,18.5,18.2,99,18.378484788752832
2786,2023-04-27 02:00:00,18.5,17.8,96,18.01574947345866
2787,2023-04-27 03:00:00,18.5,17.9,96,18.01574947345866
2788,2023-04-27 04:00:00,18.0,17.5,97,17.636214974142472
2789,2023-04-27 05:00:00,18.3,17.5,95,17.695729662886205
2790,2023-04-27 06:00:00,17.7,17.2,97,17.335998233812003
2791,2023-04-27 07:00:00,17.3,16.2,93,16.463445898661128
2792,2023-04-27 08:00:00,17.5,16.2,92,16.543553294559217
2793,2023-04-27 09:00:00,18.8,16.6,88,17.345581327847242
2794,2023-04-27 10:00:00,20.0,17.3,85,18.149980075397117
2795,2023-04-27 11:00:00,21.1,17.1,78,18.330596783588685
2796,2023-04-27 12:00:00,22.7,17.0,70,18.795337302247628
2797,2023-04-27 13:00:00,23.2,16.8,67,18.85296018600234
2798,2023-04-27 14:00:00,24.5,16.9,62,19.341497907946597
2799,2023-04-27 15:00:00,24.6,16.8,61,19.287967316188727
2800,2023-04-27 16:00:00,25.1,16.5,59,19.445363985845844
2801,2023-04-27 17:00:00,25.1,16.0,57,19.14882768508726
2802,2023-04-27 18:00:00,24.4,16.0,60,18.96353351247896
2803,2023-04-27 19:00:00,23.2,17.2,69,19.125439656203245
2804,2023-04-27 20:00:00,22.4,16.2,68,18.24910606930771
2805,2023-04-27 21:00:00,21.9,16.1,70,18.05008859494698
2806,2023-04-27 22:00:00,18.1,16.0,88,16.65940300820359
2807,2023-04-27 23:00:00,17.5,15.6,89,16.189219132484762
2808,2023-04-28 00:00:00,17.0,15.0,88,15.581121127779411
2809,2023-04-28 01:00:00,15.7,14.1,90,14.534258599467769
2810,2023-04-28 02:00:00,15.6,14.0,90,14.43575859685345
2811,2023-04-28 03:00:00,14.7,13.6,93,13.884509937222315
2812,2023-04-28 04:00:00,13.9,13.1,95,13.311732438731621
2813,2023-04-28 05:00:00,13.9,13.1,95,13.311732438731621
2814,2023-04-28 06:00:00,13.6,13.1,96,13.122822058039489
2815,2023-04-28 07:00:00,14.8,14.3,97,14.43389678544131
2816,2023-04-28 08:00:00,17.6,16.2,92,16.64251567768767
2817,2023-04-28 09:00:00,20.4,17.4,83,18.289018546237806
2818,2023-04-28 10:00:00,22.6,18.5,77,19.63088651999154
2819,2023-04-28 11:00:00,24.4,18.3,69,20.23961569534773
2820,2023-04-28 12:00:00,25.5,18.4,65,20.68495879318426
2821,2023-04-28 13:00:00,26.4,18.5,62,21.062112863915562
2822,2023-04-28 14:00:00,26.8,18.5,61,21.272604643900518
2823,2023-04-28 15:00:00,26.4,18.9,63,21.21176386695095
2824,2023-04-28 16:00:00,26.0,18.2,62,20.699879027772823
2825,2023-04-28 17:00:00,25.4,18.2,65,20.593388996204137
2826,2023-04-28 18:00:00,24.8,18.0,66,20.186468721375284
2827,2023-04-28 19:00:00,24.3,18.9,72,20.562777255039126
2828,2023-04-28 20:00:00,22.2,19.5,84,20.160845820090994
2829,2023-04-28 21:00:00,21.5,19.5,88,19.992261734998504
2830,2023-04-28 22:00:00,21.0,19.8,93,20.133452941702576
2831,2023-04-28 23:00:00,20.4,19.0,91,19.288599549380585
2832,2023-04-29 00:00:00,19.0,16.0,83,16.933999225215945
2833,2023-04-29 01:00:00,18.1,15.4,84,16.182166183558195
2834,2023-04-29 02:00:00,17.4,15.1,87,15.855556715356826
2835,2023-04-29 03:00:00,17.4,15.8,91,16.32663286958118
2836,2023-04-29 04:00:00,16.6,14.7,88,15.189018111009467
2837,2023-04-29 05:00:00,15.4,13.0,86,13.787148903017457
2838,2023-04-29 06:00:00,14.2,12.4,89,12.946494007061109
2839,2023-04-29 07:00:00,14.6,12.6,88,13.22849876830649
2840,2023-04-29 08:00:00,14.4,11.9,85,12.701615364055815
2841,2023-04-29 09:00:00,14.8,10.7,77,12.205926129729583
2842,2023-04-29 10:00:00,15.1,10.0,72,11.936958292322341
2843,2023-04-29 11:00:00,16.9,10.0,64,12.693023249639452
2844,2023-04-29 12:00:00,18.7,9.8,56,13.342731405567623
2845,2023-04-29 13:00:00,19.5,10.1,55,13.92107909753695
2846,2023-04-29 14:00:00,19.5,10.1,55,13.92107909753695
2847,2023-04-29 15:00:00,20.2,9.7,51,14.005714973181863
2848,2023-04-29 16:00:00,20.8,9.4,48,14.111007802521083
2849,2023-04-29 17:00:00,20.5,9.5,49,13.9928282103985
2850,2023-04-29 18:00:00,19.9,9.5,51,13.746523926581666
2851,2023-04-29 19:00:00,19.6,10.2,55,14.009081457045049
2852,2023-04-29 20:00:00,18.1,10.1,59,13.180394991821807
2853,2023-04-29 21:00:00,16.3,10.3,68,12.604350626756283
2854,2023-04-29 22:00:00,15.6,10.4,71,12.293476794003183
2855,2023-04-29 23:00:00,14.7,10.2,75,11.891005435475961
2856,2023-04-30 00:00:00,13.9,9.4,75,11.133950878640201
2857,2023-04-30 01:00:00,12.9,8.9,76,10.292371638641148
2858,2023-04-30 02:00:00,11.9,8.6,80,9.752784707343347
2859,2023-04-30 03:00:00,11.4,8.4,81,9.374313506761455
2860,2023-04-30 04:00:00,11.1,8.1,82,9.186504674321924
2861,2023-04-30 05:00:00,11.0,7.7,80,8.88872102310754
2862,2023-04-30 06:00:00,10.8,7.2,78,8.497464037180332
2863,2023-04-30 07:00:00,11.4,6.9,74,8.667838344255546
2864,2023-04-30 08:00:00,14.0,8.4,69,10.583289525243163
2865,2023-04-30 09:00:00,17.2,10.8,66,13.202235582999744
2866,2023-04-30 10:00:00,20.4,12.2,59,15.23890579448004
2867,2023-04-30 11:00:00,23.1,10.1,44,15.463949197731349
2868,2023-04-30 12:00:00,24.9,9.9,39,16.13363548196495
2869,2023-04-30 13:00:00,26.2,10.4,37,16.82594399661147
2870,2023-04-30 14:00:00,27.2,10.4,35,17.24520331831667
2871,2023-04-30 15:00:00,27.9,10.4,34,17.59853772953572
2872,2023-04-30 16:00:00,28.1,10.4,33,17.55387499656576
2873,2023-04-30 17:00:00,28.0,10.6,34,17.67653005253549
2874,2023-04-30 18:00:00,27.5,11.8,38,18.049121336922923
2875,2023-04-30 19:00:00,25.5,14.6,51,18.584679969746286
2876,2023-04-30 20:00:00,22.4,13.0,55,16.473128653463107
2877,2023-04-30 21:00:00,21.1,12.4,57,15.598327977199695
2878,2023-04-30 22:00:00,20.0,9.9,53,14.09816871097443
2879,2023-04-30 23:00:00,19.0,8.0,49,12.709574195113515
2880,2023-05-01 00:00:00,18.5,7.3,48,12.153363976757863
2881,2023-05-01 01:00:00,18.1,7.8,51,12.191366814891555
2882,2023-05-01 02:00:00,17.2,8.7,57,12.136526025274986
2883,2023-05-01 03:00:00,16.1,9.8,66,12.191344308501602
2884,2023-05-01 04:00:00,15.1,10.8,76,12.380487367456933
2885,2023-05-01 05:00:00,14.9,11.4,79,12.522273726018291
2886,2023-05-01 06:00:00,13.4,9.6,78,10.979638935431176
2887,2023-05-01 07:00:00,13.9,9.5,75,11.133950878640201
2888,2023-05-01 08:00:00,16.5,10.6,68,12.789426407638405
2889,2023-05-01 09:00:00,20.1,13.1,64,15.612709771815187
2890,2023-05-01 10:00:00,22.8,13.1,54,16.683005342711446
2891,2023-05-01 11:00:00,24.5,13.1,49,17.414775608799133
2892,2023-05-01 12:00:00,25.5,13.9,49,18.270249325034186
2893,2023-05-01 13:00:00,26.4,14.6,48,18.877315030254955
2894,2023-05-01 14:00:00,26.9,15.2,49,19.46790444615294
2895,2023-05-01 15:00:00,27.2,15.8,49,19.724543646031474
2896,2023-05-01 16:00:00,27.3,15.6,49,19.810089955378327
2897,2023-05-01 17:00:00,27.7,15.3,47,19.813834802591803
2898,2023-05-01 18:00:00,27.1,15.6,49,19.638997291497333
2899,2023-05-01 19:00:00,25.3,17.8,63,20.211853988173257
2900,2023-05-01 20:00:00,23.5,18.5,74,20.083535866601277
2901,2023-05-01 21:00:00,22.2,19.1,83,20.031181054244914
2902,2023-05-01 22:00:00,20.9,19.2,90,19.656236474991374
2903,2023-05-01 23:00:00,20.1,19.2,95,19.489175215667462
2904,2023-05-02 00:00:00,19.5,18.9,96,19.01430201892795
2905,2023-05-02 01:00:00,18.2,17.9,98,17.956626436855974
2906,2023-05-02 02:00:00,19.3,18.8,97,18.937152826561604
2907,2023-05-02 03:00:00,18.9,18.8,99,18.780478583684317
2908,2023-05-02 04:00:00,16.6,16.6,100,16.46901153442557
2909,2023-05-02 05:00:00,17.2,17.2,100,17.072003582539402
2910,2023-05-02 06:00:00,17.2,17.1,100,17.072003582539402
2911,2023-05-02 07:00:00,19.1,19.0,99,18.98147540781408
2912,2023-05-02 08:00:00,19.7,19.5,99,19.58446558982471
2913,2023-05-02 09:00:00,20.4,20.0,98,20.1629279124439
2914,2023-05-02 10:00:00,22.2,20.1,88,20.678436290406445
2915,2023-05-02 11:00:00,24.2,19.3,74,20.743937164410166
2916,2023-05-02 12:00:00,25.5,18.8,66,20.829744949538714
2917,2023-05-02 13:00:00,25.5,18.4,65,20.68495879318426
2918,2023-05-02 14:00:00,26.1,18.2,62,20.790437530570667
2919,2023-05-02 15:00:00,25.8,18.0,62,20.518761934054833
2920,2023-05-02 16:00:00,25.5,18.0,63,20.393656041899728
2921,2023-05-02 17:00:00,25.0,17.0,61,19.64881158033394
2922,2023-05-02 18:00:00,24.1,16.8,64,19.262269890429632
2923,2023-05-02 19:00:00,24.0,18.1,70,20.006363043303303
2924,2023-05-02 20:00:00,22.3,18.5,79,19.60687453199324
2925,2023-05-02 21:00:00,21.0,18.9,88,19.502136596467814
2926,2023-05-02 22:00:00,20.5,19.3,93,19.637507164915824
2927,2023-05-02 23:00:00,20.1,19.4,95,19.489175215667462
2928,2023-05-03 00:00:00,19.7,19.3,98,19.460923545807983
2929,2023-05-03 01:00:00,18.5,18.5,99,18.378484788752832
2930,2023-05-03 02:00:00,17.7,17.7,100,17.57449660516443
2931,2023-05-03 03:00:00,17.2,17.2,100,17.072003582539402
2932,2023-05-03 04:00:00,17.6,17.5,100,17.473998025933597
2933,2023-05-03 05:00:00,18.1,18.0,100,17.976490796588838
2934,2023-05-03 06:00:00,18.4,18.2,99,18.277986309281122
2935,2023-05-03 07:00:00,18.5,18.5,99,18.378484788752832
2936,2023-05-03 08:00:00,19.2,18.9,98,18.95949148804367
2937,2023-05-03 09:00:00,20.5,19.5,94,19.762604864310585
2938,2023-05-03 10:00:00,23.1,19.4,79,20.37277056855491
2939,2023-05-03 11:00:00,25.5,17.4,61,20.099866204024117
2940,2023-05-03 12:00:00,27.0,15.6,49,19.55345089159758
2941,2023-05-03 13:00:00,28.0,15.5,47,20.067834600567224
2942,2023-05-03 14:00:00,28.3,15.5,46,20.147731433775192
2943,2023-05-03 15:00:00,28.4,15.9,47,20.40650033526913
2944,2023-05-03 16:00:00,28.0,16.2,49,20.40891287034753
2945,2023-05-03 17:00:00,27.5,15.6,49,19.981182439218838
2946,2023-05-03 18:00:00,26.6,12.8,42,18.03538589215221
2947,2023-05-03 19:00:00,25.1,13.8,49,17.92806042981712
2948,2023-05-03 20:00:00,23.2,13.9,56,17.320091863312772
2949,2023-05-03 21:00:00,21.9,13.9,60,16.717079051467824
2950,2023-05-03 22:00:00,20.8,14.6,68,16.768525114612135
2951,2023-05-03 23:00:00,20.0,15.6,76,17.031245845322804
2952,2023-05-04 00:00:00,18.3,15.6,85,16.49601836489443
2953,2023-05-04 01:00:00,18.2,15.4,83,16.159700821697037
2954,2023-05-04 02:00:00,17.8,15.3,85,16.009558051930263
2955,2023-05-04 03:00:00,17.8,15.4,86,16.128106193848982
2956,2023-05-04 04:00:00,18.5,15.8,84,16.570331381931048
2957,2023-05-04 05:00:00,17.1,15.9,92,16.147703609321166
2958,2023-05-04 06:00:00,17.5,16.4,94,16.780186153139073
2959,2023-05-04 07:00:00,20.0,19.6,98,19.761782633044536
2960,2023-05-04 08:00:00,21.4,20.2,93,20.530209319962594
2961,2023-05-04 09:00:00,22.6,21.0,90,21.33072035651059
2962,2023-05-04 10:00:00,22.9,21.4,91,21.756895120616818
2963,2023-05-04 11:00:00,23.2,22.0,93,22.315610409415847
2964,2023-05-04 12:00:00,24.5,22.0,86,22.663226217641782
2965,2023-05-04 13:00:00,26.6,21.8,75,23.15200547547592
2966,2023-05-04 14:00:00,27.8,21.5,69,23.396429048302377
2967,2023-05-04 15:00:00,27.4,21.4,70,23.17364231123551
2968,2023-05-04 16:00:00,27.1,21.4,71,23.041332450513764
2969,2023-05-04 17:00:00,27.0,20.8,69,22.653651831773896
2970,2023-05-04 18:00:00,25.8,20.5,73,22.11148424067438
2971,2023-05-04 19:00:00,24.3,21.6,85,22.33350852564647
2972,2023-05-04 20:00:00,23.9,22.0,89,22.47809056676599
2973,2023-05-04 21:00:00,23.2,21.9,92,22.184386048634767
2974,2023-05-04 22:00:00,23.0,22.1,94,22.24794458642734
2975,2023-05-04 23:00:00,23.0,22.4,96,22.509225921577208
2976,2023-05-05 00:00:00,23.2,22.5,96,22.708935407260977
2977,2023-05-05 01:00:00,23.2,22.5,96,22.708935407260977
2978,2023-05-05 02:00:00,23.1,22.5,96,22.609080670337487
2979,2023-05-05 03:00:00,23.0,22.2,95,22.378606416807475
2980,2023-05-05 04:00:00,22.3,21.8,97,21.939309017714127
2981,2023-05-05 05:00:00,22.5,22.0,97,22.139452377841987
2982,2023-05-05 06:00:00,22.8,22.2,97,22.43966733021946
2983,2023-05-05 07:00:00,23.4,23.2,99,23.302895774536758
2984,2023-05-05 08:00:00,24.0,23.4,96,23.507772880075336
2985,2023-05-05 09:00:00,25.5,23.0,86,23.6386112461642
2986,2023-05-05 10:00:00,27.4,22.6,75,23.909036610277735
2987,2023-05-05 11:00:00,28.6,23.0,72,24.594341251104996
2988,2023-05-05 12:00:00,28.8,23.0,71,24.630119434285195
2989,2023-05-05 13:00:00,29.6,23.1,68,24.911639515154445
2990,2023-05-05 14:00:00,30.6,23.0,64,25.192707734687463
2991,2023-05-05 15:00:00,31.5,22.9,60,25.343356444982007
2992,2023-05-05 16:00:00,31.1,22.5,60,24.98393360930022
2993,2023-05-05 17:00:00,31.1,22.9,62,25.318327350202967
2994,2023-05-05 18:00:00,30.8,22.7,62,25.046655813026288
2995,2023-05-05 19:00:00,23.9,21.4,86,22.077994491660238
2996,2023-05-05 20:00:00,24.1,22.0,88,22.540906432297003
2997,2023-05-05 21:00:00,23.9,22.4,91,22.744210948778104
2998,2023-05-05 22:00:00,24.5,23.4,94,23.739144640690267
2999,2023-05-05 23:00:00,23.7,23.4,98,23.47236928739036
3000,2023-05-06 00:00:00,23.8,23.5,98,23.572655195961456
3001,2023-05-06 01:00:00,24.2,23.8,97,23.840669069834394
3002,2023-05-06 02:00:00,24.0,23.6,98,23.773226979929863
3003,2023-05-06 03:00:00,24.4,23.7,96,23.907191337808293
3004,2023-05-06 04:00:00,23.6,23.0,96,23.108354237180855
3005,2023-05-06 05:00:00,23.4,22.8,97,23.04009692173086
3006,2023-05-06 06:00:00,23.2,22.8,98,22.970939577571205
3007,2023-05-06 07:00:00,22.6,22.0,97,22.239524040313686
3008,2023-05-06 08:00:00,23.3,23.0,98,23.07122554188862
3009,2023-05-06 09:00:00,25.0,23.1,89,23.558984326770084
3010,2023-05-06 10:00:00,26.9,23.0,80,24.153579388829545
3011,2023-05-06 11:00:00,29.1,22.4,67,24.293831343589233
3012,2023-05-06 12:00:00,30.6,22.1,60,24.534654468980822
3013,2023-05-06 13:00:00,31.1,22.8,61,25.15162814318526
3014,2023-05-06 14:00:00,30.8,23.1,64,25.37518104966348
3015,2023-05-06 15:00:00,30.8,23.7,66,25.700225431185615
3016,2023-05-06 16:00:00,31.0,23.6,65,25.72125842038611
3017,2023-05-06 17:00:00,30.5,23.0,65,25.263416012171163
3018,2023-05-06 18:00:00,27.9,22.8,74,24.234613055480324
3019,2023-05-06 19:00:00,27.7,23.3,77,24.485599603389048
3020,2023-05-06 20:00:00,25.3,23.2,88,23.71720070662062
3021,2023-05-06 21:00:00,24.6,23.6,94,23.838557880351015
3022,2023-05-06 22:00:00,24.9,23.5,92,23.86673114736944
3023,2023-05-06 23:00:00,24.8,22.5,87,23.09154312890733
3024,2023-05-07 00:00:00,23.7,22.0,90,22.414207757945334
3025,2023-05-07 01:00:00,23.6,22.4,93,22.712365639413665
3026,2023-05-07 02:00:00,23.5,22.3,93,22.613176850917405
3027,2023-05-07 03:00:00,24.0,22.5,92,22.976078320636418
3028,2023-05-07 04:00:00,24.0,22.6,92,22.976078320636418
3029,2023-05-07 05:00:00,24.0,22.7,92,22.976078320636418
3030,2023-05-07 06:00:00,23.9,22.6,93,23.0099319293448
3031,2023-05-07 07:00:00,24.4,23.5,95,23.77350052635582
3032,2023-05-07 08:00:00,24.8,23.7,94,24.03738432374144
3033,2023-05-07 09:00:00,25.1,23.6,91,23.928988205322003
3034,2023-05-07 10:00:00,25.6,23.9,90,24.28568214598439
3035,2023-05-07 11:00:00,25.4,24.0,92,24.36153783369573
3036,2023-05-07 12:00:00,24.8,23.4,92,23.76776977267913
3037,2023-05-07 13:00:00,25.8,23.6,88,24.20732273292772
3038,2023-05-07 14:00:00,26.6,24.4,87,24.85163544493022
3039,2023-05-07 15:00:00,27.0,24.0,84,24.81877673586873
3040,2023-05-07 16:00:00,27.9,23.8,79,24.968122480716538
3041,2023-05-07 17:00:00,28.0,23.5,76,24.62420747183553
3042,2023-05-07 18:00:00,27.5,23.0,77,24.295219597286124
3043,2023-05-07 19:00:00,25.0,20.7,77,21.91546347372221
3044,2023-05-07 20:00:00,24.6,23.4,92,23.569846985616714
3045,2023-05-07 21:00:00,24.0,23.4,96,23.507772880075336
3046,2023-05-07 22:00:00,23.8,22.1,90,22.512706530269526
3047,2023-05-07 23:00:00,23.5,22.0,92,22.481270747805734
3048,2023-05-08 00:00:00,24.3,23.2,94,23.540318125285875
3049,2023-05-08 01:00:00,24.6,23.4,92,23.569846985616714
3050,2023-05-08 02:00:00,24.3,23.1,93,23.40668680748741
3051,2023-05-08 03:00:00,23.8,22.8,94,23.043251624861927
3052,2023-05-08 04:00:00,23.8,22.9,95,23.175689051853272
3053,2023-05-08 05:00:00,23.5,22.9,96,23.00849954730787
3054,2023-05-08 06:00:00,23.2,22.6,96,22.708935407260977
3055,2023-05-08 07:00:00,23.4,22.8,96,22.908644845716555
3056,2023-05-08 08:00:00,21.9,21.0,95,21.282616518441426
3057,2023-05-08 09:00:00,22.9,21.6,93,22.018043853206557
3058,2023-05-08 10:00:00,24.7,22.1,85,22.72267246985345
3059,2023-05-08 11:00:00,23.6,22.4,93,22.712365639413665
3060,2023-05-08 12:00:00,24.5,22.6,89,23.067669186646857
3061,2023-05-08 13:00:00,24.9,22.8,88,23.325102838306456
3062,2023-05-08 14:00:00,24.0,22.6,92,22.976078320636418
3063,2023-05-08 15:00:00,25.2,22.1,83,22.934773001593964
3064,2023-05-08 16:00:00,25.1,21.9,82,22.70073402250574
3065,2023-05-08 17:00:00,24.9,22.4,86,23.053380404669955
3066,2023-05-08 18:00:00,24.9,22.8,88,23.325102838306456
3067,2023-05-08 19:00:00,23.5,22.9,96,23.00849954730787
3068,2023-05-08 20:00:00,23.3,22.1,93,22.414799235951172
3069,2023-05-08 21:00:00,23.0,21.1,89,21.59372169644713
3070,2023-05-08 22:00:00,22.2,21.1,93,21.323721437599147
3071,2023-05-08 23:00:00,22.5,21.4,94,21.750877282650062
3072,2023-05-09 00:00:00,22.0,21.3,96,21.51067777633127
3073,2023-05-09 01:00:00,21.5,21.0,97,21.13873510372225
3074,2023-05-09 02:00:00,22.7,21.9,95,22.079700228689784
3075,2023-05-09 03:00:00,23.0,22.0,95,22.378606416807475
3076,2023-05-09 04:00:00,23.6,22.5,94,22.84442493927852
3077,2023-05-09 05:00:00,23.5,22.5,95,22.876783153995458
3078,2023-05-09 06:00:00,23.0,22.2,95,22.378606416807475
3079,2023-05-09 07:00:00,23.1,22.7,98,22.870653602021637
3080,2023-05-09 08:00:00,23.1,22.4,96,22.609080670337487
3081,2023-05-09 09:00:00,22.1,21.6,97,21.739165610476736
3082,2023-05-09 10:00:00,23.3,21.6,90,22.020212532243647
3083,2023-05-09 11:00:00,23.4,21.9,92,22.382309194438815
3084,2023-05-09 12:00:00,23.9,21.9,89,22.47809056676599
3085,2023-05-09 13:00:00,24.7,21.4,82,22.314618296229742
3086,2023-05-09 14:00:00,24.9,21.2,80,22.233498655592143
3087,2023-05-09 15:00:00,23.0,21.0,88,21.46263488654246
3088,2023-05-09 16:00:00,22.9,21.2,90,21.62621708655446
3089,2023-05-09 17:00:00,24.1,21.0,83,21.87012433500538
3090,2023-05-09 18:00:00,22.8,20.1,85,20.87414153028906
3091,2023-05-09 19:00:00,22.8,20.1,85,20.87414153028906
3092,2023-05-09 20:00:00,22.8,21.1,90,21.527718190484894
3093,2023-05-09 21:00:00,22.2,21.0,93,21.323721437599147
3094,2023-05-09 22:00:00,21.9,21.0,94,21.154396100397886
3095,2023-05-09 23:00:00,21.7,20.6,94,20.95556893724415
3096,2023-05-10 00:00:00,20.6,19.8,95,19.987353773158215
3097,2023-05-10 01:00:00,20.4,19.5,94,19.663191105800617
3098,2023-05-10 02:00:00,21.0,20.0,94,20.25967345773542
3099,2023-05-10 03:00:00,20.9,20.1,95,20.286260752045504
3100,2023-05-10 04:00:00,21.0,20.4,96,20.512128413911014
3101,2023-05-10 05:00:00,20.9,19.8,94,20.160259765484934
3102,2023-05-10 06:00:00,20.6,19.5,93,19.73669634748225
3103,2023-05-10 07:00:00,20.6,19.4,93,19.73669634748225
3104,2023-05-10 08:00:00,20.8,19.6,93,19.935074671729765
3105,2023-05-10 09:00:00,20.8,19.8,94,20.06084606005174
3106,2023-05-10 10:00:00,21.1,20.1,94,20.35908713683757
3107,2023-05-10 11:00:00,21.8,20.5,92,20.798922547597954
3108,2023-05-10 12:00:00,22.5,20.5,89,21.10240516096926
3109,2023-05-10 13:00:00,23.9,20.5,82,21.5423860505468
3110,2023-05-10 14:00:00,23.8,20.7,83,21.57976526845231
3111,2023-05-10 15:00:00,24.8,21.3,81,22.274440392852345
3112,2023-05-10 16:00:00,23.8,21.0,85,21.847053250494984
3113,2023-05-10 17:00:00,23.4,21.0,86,21.590300972758374
3114,2023-05-10 18:00:00,24.2,21.0,83,21.966910657907224
3115,2023-05-10 19:00:00,22.7,20.9,89,21.298931818167052
3116,2023-05-10 20:00:00,21.9,20.8,93,21.02615449252914
3117,2023-05-10 21:00:00,21.6,20.6,94,20.856155336317247
3118,2023-05-10 22:00:00,21.4,20.2,93,20.530209319962594
3119,2023-05-10 23:00:00,21.5,20.4,93,20.62939838104901
3120,2023-05-11 00:00:00,21.6,20.5,93,20.728587428814095
3121,2023-05-11 01:00:00,21.1,19.5,90,19.853234794905365
3122,2023-05-11 02:00:00,20.2,19.2,94,19.464363548676726
3123,2023-05-11 03:00:00,20.4,19.5,95,19.78808238923224
3124,2023-05-11 04:00:00,20.2,19.3,95,19.588810953257717
3125,2023-05-11 05:00:00,20.2,19.3,94,19.464363548676726
3126,2023-05-11 06:00:00,20.5,19.7,95,19.887718087684394
3127,2023-05-11 07:00:00,23.8,23.0,95,23.175689051853272
3128,2023-05-11 08:00:00,24.6,23.6,94,23.838557880351015
3129,2023-05-11 09:00:00,25.0,22.9,88,23.42312732613657
3130,2023-05-11 10:00:00,23.4,21.9,91,22.250553201654164
3131,2023-05-11 11:00:00,24.9,22.3,86,23.053380404669955
3132,2023-05-11 12:00:00,26.6,23.1,81,24.00726725285765
3133,2023-05-11 13:00:00,28.1,23.1,74,24.423297475477426
3134,2023-05-11 14:00:00,28.6,22.6,70,24.291499468877362
3135,2023-05-11 15:00:00,21.5,20.1,91,20.37465067939991
3136,2023-05-11 16:00:00,21.4,19.9,91,20.275918829467567
3137,2023-05-11 17:00:00,22.3,20.5,90,21.035223500402473
3138,2023-05-11 18:00:00,22.9,20.5,86,21.102607072040147
3139,2023-05-11 19:00:00,27.4,23.2,78,24.344924473891222
3140,2023-05-11 20:00:00,25.5,24.2,93,24.59695026048654
3141,2023-05-11 21:00:00,24.8,24.2,97,24.441097708366474
3142,2023-05-11 22:00:00,24.6,24.1,97,24.24095487341604
3143,2023-05-11 23:00:00,24.5,24.0,96,24.00704592352611
3144,2023-05-12 00:00:00,25.1,24.0,93,24.200195971057745
3145,2023-05-12 01:00:00,24.8,23.7,94,24.03738432374144
3146,2023-05-12 02:00:00,24.8,23.7,94,24.03738432374144
3147,2023-05-12 03:00:00,24.5,23.5,94,23.739144640690267
3148,2023-05-12 04:00:00,24.5,23.0,91,23.33659981066636
3149,2023-05-12 05:00:00,23.8,22.1,90,22.512706530269526
3150,2023-05-12 06:00:00,23.2,21.6,91,22.05309000955442
3151,2023-05-12 07:00:00,24.2,23.1,94,23.440904849481168
3152,2023-05-12 08:00:00,25.0,23.1,89,23.558984326770084
3153,2023-05-12 09:00:00,25.8,23.1,85,23.792872074640186
3154,2023-05-12 10:00:00,27.0,23.6,81,24.392339172789733
3155,2023-05-12 11:00:00,27.9,23.2,76,24.529296212920233
3156,2023-05-12 12:00:00,28.2,23.5,76,24.814029936387325
3157,2023-05-12 13:00:00,28.5,23.6,75,24.949952480058986
3158,2023-05-12 14:00:00,27.7,23.2,77,24.485599603389048
3159,2023-05-12 15:00:00,26.9,23.0,79,24.010760786058473
3160,2023-05-12 16:00:00,21.2,19.8,92,20.205151667237523
3161,2023-05-12 17:00:00,21.3,20.4,94,20.55791445573364
3162,2023-05-12 18:00:00,22.2,20.5,90,20.936724520177403
3163,2023-05-12 19:00:00,21.4,19.0,86,19.63952302566705
3164,2023-05-12 20:00:00,22.3,19.8,86,20.517373879735562
3165,2023-05-12 21:00:00,21.2,19.0,87,19.57134435265599
3166,2023-05-12 22:00:00,21.4,19.6,89,20.021507506536192
3167,2023-05-12 23:00:00,22.0,20.7,92,20.996846065451827
3168,2023-05-13 00:00:00,23.5,21.8,90,22.217210172447576
3169,2023-05-13 01:00:00,23.5,22.1,92,22.481270747805734
3170,2023-05-13 02:00:00,23.8,22.2,91,22.645479425856987
3171,2023-05-13 03:00:00,23.0,21.5,91,21.855626763748234
3172,2023-05-13 04:00:00,22.0,20.4,91,20.868309719140797
3173,2023-05-13 05:00:00,21.5,20.3,93,20.62939838104901
3174,2023-05-13 06:00:00,22.2,21.0,93,21.323721437599147
3175,2023-05-13 07:00:00,21.0,19.7,92,20.00722793055387
3176,2023-05-13 08:00:00,22.2,20.3,89,20.807615066882516
3177,2023-05-13 09:00:00,23.7,21.6,88,22.148807889808083
3178,2023-05-13 10:00:00,25.0,22.5,86,23.15091891467487
3179,2023-05-13 11:00:00,26.1,22.4,80,23.38554790225918
3180,2023-05-13 12:00:00,26.7,22.5,78,23.676669425430855
3181,2023-05-13 13:00:00,27.1,22.3,75,23.62515007591201
3182,2023-05-13 14:00:00,23.5,20.7,84,21.422372366338244
3183,2023-05-13 15:00:00,23.1,21.0,88,21.560659644844968
3184,2023-05-13 16:00:00,25.6,21.9,80,22.90552768055327
3185,2023-05-13 17:00:00,26.0,22.2,79,23.14913382254549
3186,2023-05-13 18:00:00,25.8,22.0,80,23.097535819842417
3187,2023-05-13 19:00:00,23.1,21.5,91,21.954358393382282
3188,2023-05-13 20:00:00,22.0,20.8,93,21.125343487356076
3189,2023-05-13 21:00:00,22.0,20.7,93,21.125343487356076
3190,2023-05-13 22:00:00,21.9,20.8,93,21.02615449252914
3191,2023-05-13 23:00:00,21.6,20.6,94,20.856155336317247
3192,2023-05-14 00:00:00,21.5,20.5,94,20.756741722445643
3193,2023-05-14 01:00:00,21.4,20.5,95,20.784438793741895
3194,2023-05-14 02:00:00,21.6,20.8,95,20.983709921432986
3195,2023-05-14 03:00:00,20.8,20.2,97,20.438232298568924
3196,2023-05-14 04:00:00,21.0,20.1,95,20.38589638594127
3197,2023-05-14 05:00:00,21.1,20.4,95,20.48553200702578
3198,2023-05-14 06:00:00,21.6,20.8,95,20.983709921432986
3199,2023-05-14 07:00:00,21.6,20.0,91,20.47338251528782
3200,2023-05-14 08:00:00,22.8,21.0,90,21.527718190484894
3201,2023-05-14 09:00:00,23.1,21.0,88,21.560659644844968
3202,2023-05-14 10:00:00,22.6,21.2,92,21.59061629620653
3203,2023-05-14 11:00:00,21.7,20.8,95,21.083345466340493
3204,2023-05-14 12:00:00,22.5,21.1,92,21.491654624500914
3205,2023-05-14 13:00:00,24.5,21.7,84,22.392775545435054
3206,2023-05-14 14:00:00,27.5,21.6,70,23.26679719182461
3207,2023-05-14 15:00:00,27.9,21.6,69,23.48927610044232
3208,2023-05-14 16:00:00,28.0,22.0,70,23.732571272484815
3209,2023-05-14 17:00:00,28.0,22.0,70,23.732571272484815
3210,2023-05-14 18:00:00,26.4,21.4,74,22.819477464758418
3211,2023-05-14 19:00:00,23.0,21.7,93,22.117232718076554
3212,2023-05-14 20:00:00,22.8,21.8,94,22.04911770259834
3213,2023-05-14 21:00:00,21.5,20.9,96,21.01140324921004
3214,2023-05-14 22:00:00,20.5,19.6,95,19.887718087684394
3215,2023-05-14 23:00:00,20.6,19.5,94,19.862018609499227
3216,2023-05-15 00:00:00,20.9,20.0,95,20.286260752045504
3217,2023-05-15 01:00:00,21.0,20.2,95,20.38589638594127
3218,2023-05-15 02:00:00,20.5,20.1,97,20.13801662776982
3219,2023-05-15 03:00:00,20.6,20.2,98,20.363500479733208
3220,2023-05-15 04:00:00,21.0,20.5,96,20.512128413911014
3221,2023-05-15 05:00:00,20.0,19.8,99,19.88596051900174
3222,2023-05-15 06:00:00,20.8,20.5,98,20.564072999073975
3223,2023-05-15 07:00:00,21.1,21.1,100,20.99144101833301
3224,2023-05-15 08:00:00,21.6,21.0,96,21.11125817916274
3225,2023-05-15 09:00:00,21.4,21.0,98,21.165790271814256
3226,2023-05-15 10:00:00,21.8,20.9,95,21.182980998665887
3227,2023-05-15 11:00:00,22.0,21.0,93,21.125343487356076
3228,2023-05-15 12:00:00,22.5,20.8,90,21.232221418531488
3229,2023-05-15 13:00:00,23.9,21.5,87,22.211495245910342
3230,2023-05-15 14:00:00,26.5,22.5,79,23.627815639398335
3231,2023-05-15 15:00:00,27.4,22.6,76,24.054739649888955
3232,2023-05-15 16:00:00,27.6,22.1,72,23.656771648096697
3233,2023-05-15 17:00:00,27.4,21.9,72,23.46925748657082
3234,2023-05-15 18:00:00,26.2,21.9,77,23.057747830937195
3235,2023-05-15 19:00:00,23.4,22.3,94,22.64559820451308
3236,2023-05-15 20:00:00,20.4,20.0,98,20.1629279124439
3237,2023-05-15 21:00:00,21.0,19.8,93,20.133452941702576
3238,2023-05-15 22:00:00,20.9,19.8,93,20.03426381348264
3239,2023-05-15 23:00:00,20.6,19.8,95,19.987353773158215
3240,2023-05-16 00:00:00,20.9,19.8,93,20.03426381348264
3241,2023-05-16 01:00:00,20.6,19.7,94,19.862018609499227
3242,2023-05-16 02:00:00,20.0,19.5,97,19.637656929477213
3243,2023-05-16 03:00:00,20.0,19.6,97,19.637656929477213
3244,2023-05-16 04:00:00,19.8,19.5,99,19.684963911467044
3245,2023-05-16 05:00:00,19.4,19.3,100,19.282970553035486
3246,2023-05-16 06:00:00,18.6,18.5,100,18.478983255897646
3247,2023-05-16 07:00:00,21.0,20.8,99,20.890942849421027
3248,2023-05-16 08:00:00,21.5,21.1,98,21.266076442647314
3249,2023-05-16 09:00:00,23.4,21.4,89,21.98677466839636
3250,2023-05-16 10:00:00,25.2,21.5,80,22.52151119781625
3251,2023-05-16 11:00:00,26.6,22.0,76,23.29544820569838
3252,2023-05-16 12:00:00,27.6,22.1,72,23.656771648096697
3253,2023-05-16 13:00:00,28.5,22.2,69,24.0463579541333
3254,2023-05-16 14:00:00,28.8,21.5,65,23.706747476154558
3255,2023-05-16 15:00:00,28.5,21.4,65,23.4320405477141
3256,2023-05-16 16:00:00,22.1,20.4,90,20.838225525794957
3257,2023-05-16 17:00:00,23.0,20.5,86,21.200145882981285
3258,2023-05-16 18:00:00,24.8,21.5,82,22.41114725237524
3259,2023-05-16 19:00:00,22.9,20.5,86,21.102607072040147
3260,2023-05-16 20:00:00,22.2,20.5,90,20.936724520177403
3261,2023-05-16 21:00:00,21.6,20.5,94,20.856155336317247
3262,2023-05-16 22:00:00,21.3,20.5,95,20.68480321089319
3263,2023-05-16 23:00:00,21.5,20.5,94,20.756741722445643
3264,2023-05-17 00:00:00,20.9,20.0,94,20.160259765484934
3265,2023-05-17 01:00:00,20.5,19.6,95,19.887718087684394
3266,2023-05-17 02:00:00,20.1,19.5,96,19.61343292105659
3267,2023-05-17 03:00:00,20.0,19.5,96,19.51357780284087
3268,2023-05-17 04:00:00,20.0,19.5,97,19.637656929477213
3269,2023-05-17 05:00:00,19.6,19.1,97,19.23736894629118
3270,2023-05-17 06:00:00,19.3,19.0,98,19.05977792431349
3271,2023-05-17 07:00:00,20.5,20.2,98,20.2632142020973
3272,2023-05-17 08:00:00,21.7,20.7,94,20.95556893724415
3273,2023-05-17 09:00:00,23.0,21.1,89,21.59372169644713
3274,2023-05-17 10:00:00,24.2,20.9,82,21.831973267654714
3275,2023-05-17 11:00:00,25.2,20.3,74,21.687365800353298
3276,2023-05-17 12:00:00,26.2,19.5,66,21.47301989866115
3277,2023-05-17 13:00:00,27.0,19.1,62,21.605462751735892
3278,2023-05-17 14:00:00,27.5,18.2,57,21.2790991691924
3279,2023-05-17 15:00:00,28.2,18.0,54,21.413890677194356
3280,2023-05-17 16:00:00,28.5,17.4,51,21.176489466036482
3281,2023-05-17 17:00:00,28.7,16.5,48,20.83485923557698
3282,2023-05-17 18:00:00,28.6,16.2,47,20.57583292202904
3283,2023-05-17 19:00:00,27.6,20.5,65,22.60791843286152
3284,2023-05-17 20:00:00,26.5,19.8,67,21.896169891943078
3285,2023-05-17 21:00:00,24.2,20.0,77,21.153939067235925
3286,2023-05-17 22:00:00,23.6,20.6,84,21.51941275594763
3287,2023-05-17 23:00:00,21.9,20.9,94,21.154396100397886
3288,2023-05-18 00:00:00,21.4,20.5,95,20.784438793741895
3289,2023-05-18 01:00:00,20.9,20.4,97,20.538304164327716
3290,2023-05-18 02:00:00,20.6,20.2,98,20.363500479733208
3291,2023-05-18 03:00:00,19.9,19.0,95,19.2899037011104
3292,2023-05-18 04:00:00,19.2,18.0,92,18.225911769913644
3293,2023-05-18 05:00:00,18.9,17.6,93,18.05047835891709
3294,2023-05-18 06:00:00,18.8,17.5,92,17.8300631022552
3295,2023-05-18 07:00:00,19.3,18.1,93,18.44723589690276
3296,2023-05-18 08:00:00,21.2,19.1,88,19.69818669790736
3297,2023-05-18 09:00:00,23.2,19.8,81,20.73414526545251
3298,2023-05-18 10:00:00,25.0,19.8,73,21.359066702658694
3299,2023-05-18 11:00:00,26.1,20.0,69,21.81802573228723
3300,2023-05-18 12:00:00,27.2,20.1,65,22.241641286119748
3301,2023-05-18 13:00:00,27.9,20.2,63,22.575271904330684
3302,2023-05-18 14:00:00,28.6,20.3,61,22.896388131970834
3303,2023-05-18 15:00:00,29.0,20.5,60,23.096956647013528
3304,2023-05-18 16:00:00,29.1,20.4,59,23.025269266544434
3305,2023-05-18 17:00:00,29.0,20.4,59,22.935772232517696
3306,2023-05-18 18:00:00,28.9,20.2,60,23.007100296046595
3307,2023-05-18 19:00:00,27.7,21.8,70,23.453106888347854
3308,2023-05-18 20:00:00,26.0,21.3,75,22.58423132512904
3309,2023-05-18 21:00:00,25.0,21.5,81,22.466976975767224
3310,2023-05-18 22:00:00,24.6,21.9,85,22.62538150662674
3311,2023-05-18 23:00:00,24.0,21.5,86,22.175533150080778
3312,2023-05-19 00:00:00,23.2,20.9,86,21.395223458582723
3313,2023-05-19 01:00:00,22.5,20.6,89,21.10240516096926
3314,2023-05-19 02:00:00,21.9,20.5,92,20.897884313291357
3315,2023-05-19 03:00:00,21.5,20.4,93,20.62939838104901
3316,2023-05-19 04:00:00,21.4,20.1,93,20.530209319962594
3317,2023-05-19 05:00:00,21.1,20.0,93,20.23264205642515
3318,2023-05-19 06:00:00,20.9,20.0,95,20.286260752045504
3319,2023-05-19 07:00:00,21.4,20.5,95,20.784438793741895
3320,2023-05-19 08:00:00,23.0,21.6,92,21.986462850510634
3321,2023-05-19 09:00:00,24.6,22.5,88,23.03102929129385
3322,2023-05-19 10:00:00,26.2,22.9,82,23.762550935544887
3323,2023-05-19 11:00:00,27.6,22.9,75,24.098294206648845
3324,2023-05-19 12:00:00,29.0,21.9,66,24.046107470125822
3325,2023-05-19 13:00:00,29.9,21.4,60,23.905662540740554
3326,2023-05-19 14:00:00,30.3,21.1,58,23.932347172889045
3327,2023-05-19 15:00:00,30.7,21.0,56,23.94885055476222
3328,2023-05-19 16:00:00,30.9,20.9,55,23.953078337288964
3329,2023-05-19 17:00:00,30.8,20.7,55,23.865080401323304
3330,2023-05-19 18:00:00,30.6,20.6,55,23.689084434314218
3331,2023-05-19 19:00:00,29.1,22.4,67,24.293831343589233
3332,2023-05-19 20:00:00,27.1,22.5,76,23.770005495431835
3333,2023-05-19 21:00:00,25.9,22.0,79,23.05339740755047
3334,2023-05-19 22:00:00,24.9,21.5,81,22.37070869272829
3335,2023-05-19 23:00:00,24.0,21.6,87,22.309278402140833
3336,2023-05-20 00:00:00,23.3,22.0,92,22.283347628059786
3337,2023-05-20 01:00:00,22.8,21.9,95,22.179335636951617
3338,2023-05-20 02:00:00,22.5,21.9,96,22.009951999175303
3339,2023-05-20 03:00:00,22.4,21.8,96,21.910097178763657
3340,2023-05-20 04:00:00,22.2,21.6,97,21.83923731999894
3341,2023-05-20 05:00:00,22.1,21.6,97,21.739165610476736
3342,2023-05-20 06:00:00,21.5,21.1,98,21.266076442647314
3343,2023-05-20 07:00:00,22.8,21.9,95,22.179335636951617
3344,2023-05-20 08:00:00,23.9,21.9,89,22.47809056676599
3345,2023-05-20 09:00:00,25.0,21.3,80,22.32950285359073
3346,2023-05-20 10:00:00,26.4,21.8,76,23.105625160582033
3347,2023-05-20 11:00:00,27.9,22.1,71,23.788997656908418
3348,2023-05-20 12:00:00,29.2,21.2,62,23.597737090820868
3349,2023-05-20 13:00:00,30.1,21.0,58,23.754084287691757
3350,2023-05-20 14:00:00,30.6,21.3,57,24.03067178833259
3351,2023-05-20 15:00:00,30.9,21.2,56,24.125614873116927
3352,2023-05-20 16:00:00,28.8,21.9,66,23.86231612683324
3353,2023-05-20 17:00:00,28.1,21.5,67,23.371655734196157
3354,2023-05-20 18:00:00,28.6,20.9,63,23.211573586786198
3355,2023-05-20 19:00:00,25.8,22.8,84,23.654297343959193
3356,2023-05-20 20:00:00,25.2,22.4,84,23.07205683666233
3357,2023-05-20 21:00:00,24.0,22.4,91,22.842942458516518
3358,2023-05-20 22:00:00,24.5,22.1,87,22.79819396475801
3359,2023-05-20 23:00:00,24.2,22.1,88,22.638931032335694
3360,2023-05-21 00:00:00,23.5,21.4,88,21.952758532627048
3361,2023-05-21 01:00:00,22.6,20.1,86,20.80999054614374
3362,2023-05-21 02:00:00,21.9,19.2,85,19.998519618475296
3363,2023-05-21 03:00:00,21.2,18.7,85,19.3174794387312
3364,2023-05-21 04:00:00,20.9,18.4,86,19.151827543864417
3365,2023-05-21 05:00:00,21.0,18.2,84,18.99635727520136
3366,2023-05-21 06:00:00,20.6,18.0,85,18.733730062729983
3367,2023-05-21 07:00:00,20.1,19.0,93,19.240750297522283
3368,2023-05-21 08:00:00,20.5,19.2,93,19.637507164915824
3369,2023-05-21 09:00:00,21.2,19.6,90,19.9517339329696
3370,2023-05-21 10:00:00,22.0,19.5,86,20.22475707164482
3371,2023-05-21 11:00:00,22.4,19.5,84,20.35492700828649
3372,2023-05-21 12:00:00,23.5,19.7,79,20.755718134148097
3373,2023-05-21 13:00:00,24.4,19.9,76,21.20739053892154
3374,2023-05-21 14:00:00,25.4,20.0,72,21.594111309273043
3375,2023-05-21 15:00:00,25.6,20.0,71,21.639456508200503
3376,2023-05-21 16:00:00,26.3,19.8,67,21.711733727820693
3377,2023-05-21 17:00:00,26.5,19.5,65,21.60065529389269
3378,2023-05-21 18:00:00,26.5,19.2,65,21.60065529389269
3379,2023-05-21 19:00:00,25.2,19.4,70,21.124229342540996
3380,2023-05-21 20:00:00,24.2,20.0,77,21.153939067235925
3381,2023-05-21 21:00:00,23.0,20.0,83,20.805473698639915
3382,2023-05-21 22:00:00,22.5,19.5,83,20.32154092337222
3383,2023-05-21 23:00:00,21.9,18.3,80,19.353364431187362
3384,2023-05-22 00:00:00,21.6,18.1,81,19.193845612316952
3385,2023-05-22 01:00:00,21.4,17.9,81,19.001307826894777
3386,2023-05-22 02:00:00,21.4,17.5,79,18.74524001774237
3387,2023-05-22 03:00:00,21.3,17.2,77,18.393402521179702
3388,2023-05-22 04:00:00,21.3,16.9,76,18.265111073841904
3389,2023-05-22 05:00:00,21.1,16.8,76,18.075285896578077
3390,2023-05-22 06:00:00,21.0,16.8,77,18.107828790519985
3391,2023-05-22 07:00:00,21.0,18.5,86,19.24936667278001
3392,2023-05-22 08:00:00,21.5,18.6,84,19.48156113302879
3393,2023-05-22 09:00:00,22.6,18.8,79,19.894085688421725
3394,2023-05-22 10:00:00,23.8,19.0,75,20.50238669918829
3395,2023-05-22 11:00:00,24.9,19.3,71,20.98524604092597
3396,2023-05-22 12:00:00,26.1,19.2,66,21.38112355456142
3397,2023-05-22 13:00:00,27.0,19.1,62,21.605462751735892
3398,2023-05-22 14:00:00,27.5,18.8,59,21.59331314425805
3399,2023-05-22 15:00:00,28.1,18.7,57,21.81166399218594
3400,2023-05-22 16:00:00,28.4,18.3,54,21.589106500143934
3401,2023-05-22 17:00:00,28.5,18.2,54,21.676714357947656
3402,2023-05-22 18:00:00,28.2,18.5,56,21.73928593793701
3403,2023-05-22 19:00:00,24.0,21.4,85,22.041635406836566
3404,2023-05-22 20:00:00,23.9,20.9,84,21.810533828644644
3405,2023-05-22 21:00:00,22.9,21.5,92,21.88750123174317
3406,2023-05-22 22:00:00,22.1,21.5,96,21.610532645118596
3407,2023-05-22 23:00:00,21.6,21.2,97,21.238806884715135
3408,2023-05-23 00:00:00,21.5,21.1,98,21.266076442647314
3409,2023-05-23 01:00:00,21.6,21.3,98,21.366362601762045
3410,2023-05-23 02:00:00,21.4,21.2,99,21.292935455922443
3411,2023-05-23 03:00:00,21.0,21.0,100,20.890942849421027
3412,2023-05-23 04:00:00,20.1,20.0,100,19.986458804954133
3413,2023-05-23 05:00:00,19.9,19.8,100,19.785462221182694
3414,2023-05-23 06:00:00,19.8,19.8,100,19.684963911467044
3415,2023-05-23 07:00:00,20.3,20.1,99,20.187455341378325
3416,2023-05-23 08:00:00,21.4,21.0,98,21.165790271814256
3417,2023-05-23 09:00:00,22.7,22.0,96,22.209661603976528
3418,2023-05-23 10:00:00,25.4,21.8,81,22.852049940502162
3419,2023-05-23 11:00:00,27.0,21.2,71,22.947874205077355
3420,2023-05-23 12:00:00,28.1,20.9,65,23.065764300284464
3421,2023-05-23 13:00:00,28.6,20.7,62,23.054390848921077
3422,2023-05-23 14:00:00,29.0,20.4,60,23.096956647013528
3423,2023-05-23 15:00:00,29.0,19.8,57,22.610509044301217
3424,2023-05-23 16:00:00,28.2,19.5,59,22.219794895561137
3425,2023-05-23 17:00:00,28.0,20.0,62,22.51104363905299
3426,2023-05-23 18:00:00,27.8,20.1,63,22.484371558190993
3427,2023-05-23 19:00:00,27.3,22.0,73,23.52226357266964
3428,2023-05-23 20:00:00,25.5,19.4,69,21.260940623013692
3429,2023-05-23 21:00:00,24.2,17.0,64,19.35350826616334
3430,2023-05-23 22:00:00,23.0,17.3,70,19.074805151062762
3431,2023-05-23 23:00:00,22.5,17.9,75,19.272201108231336
3432,2023-05-24 00:00:00,21.7,18.0,79,19.032451698209904
3433,2023-05-24 01:00:00,20.7,18.0,85,18.831021667569317
3434,2023-05-24 02:00:00,20.4,17.9,86,18.664131652829045
3435,2023-05-24 03:00:00,20.1,17.6,86,18.371513919369587
3436,2023-05-24 04:00:00,19.5,17.8,90,18.27724657555881
3437,2023-05-24 05:00:00,19.2,17.9,92,18.225911769913644
3438,2023-05-24 06:00:00,19.2,18.0,92,18.225911769913644
3439,2023-05-24 07:00:00,20.0,17.5,86,18.27397464146205
3440,2023-05-24 08:00:00,21.2,18.0,82,18.936094118973678
3441,2023-05-24 09:00:00,22.7,18.6,78,19.858052233978462
3442,2023-05-24 10:00:00,25.5,19.4,69,21.260940623013692
3443,2023-05-24 11:00:00,27.4,19.0,60,21.659251561802442
3444,2023-05-24 12:00:00,28.0,18.6,57,21.72290327013314
3445,2023-05-24 13:00:00,29.0,18.9,55,22.28111203130075
3446,2023-05-24 14:00:00,29.2,18.9,54,22.289968372752963
3447,2023-05-24 15:00:00,29.8,18.8,52,22.472914477116834
3448,2023-05-24 16:00:00,30.1,18.9,51,22.55877294679425
3449,2023-05-24 17:00:00,30.0,17.0,46,21.579361112125532
3450,2023-05-24 18:00:00,28.8,17.8,51,21.43566837645039
3451,2023-05-24 19:00:00,26.2,21.0,73,22.48769251004208
3452,2023-05-24 20:00:00,25.6,20.5,73,21.923379981840494
3453,2023-05-24 21:00:00,24.0,21.0,83,21.773337995826093
3454,2023-05-24 22:00:00,23.5,21.5,89,22.085037876084524
3455,2023-05-24 23:00:00,23.2,20.7,86,21.395223458582723
3456,2023-05-25 00:00:00,22.4,20.2,87,20.7447461206152
3457,2023-05-25 01:00:00,21.4,20.0,92,20.403075348778955
3458,2023-05-25 02:00:00,21.0,20.0,94,20.25967345773542
3459,2023-05-25 03:00:00,20.8,19.8,94,20.06084606005174
3460,2023-05-25 04:00:00,20.5,19.5,94,19.762604864310585
3461,2023-05-25 05:00:00,20.5,19.5,94,19.762604864310585
3462,2023-05-25 06:00:00,20.2,19.4,95,19.588810953257717
3463,2023-05-25 07:00:00,20.6,19.6,94,19.862018609499227
3464,2023-05-25 08:00:00,21.5,19.5,88,19.992261734998504
3465,2023-05-25 09:00:00,22.7,19.4,81,20.252802119854604
3466,2023-05-25 10:00:00,24.1,19.2,74,20.649594185732905
3467,2023-05-25 11:00:00,25.6,19.0,67,21.066206373676824
3468,2023-05-25 12:00:00,26.6,18.6,62,21.243229607926015
3469,2023-05-25 13:00:00,27.6,18.3,57,21.367860055190704
3470,2023-05-25 14:00:00,28.9,17.8,51,21.52206126770115
3471,2023-05-25 15:00:00,29.2,17.0,48,21.260409146872153
3472,2023-05-25 16:00:00,29.7,16.5,45,21.144572854913623
3473,2023-05-25 17:00:00,30.1,16.5,44,21.293760458422003
3474,2023-05-25 18:00:00,29.9,16.4,44,21.127198122251162
3475,2023-05-25 19:00:00,27.6,18.6,58,21.525788088759004
3476,2023-05-25 20:00:00,25.7,19.0,67,21.158424642025317
3477,2023-05-25 21:00:00,23.7,20.0,80,21.081446914078132
3478,2023-05-25 22:00:00,24.9,18.5,68,20.56250006993235
3479,2023-05-25 23:00:00,23.9,18.6,73,20.324490360740263
3480,2023-05-26 00:00:00,22.8,18.8,78,19.95351803066205
3481,2023-05-26 01:00:00,21.5,19.1,86,19.73706207342209
3482,2023-05-26 02:00:00,20.8,18.9,89,19.431926213213526
3483,2023-05-26 03:00:00,20.5,18.6,89,19.137135363173098
3484,2023-05-26 04:00:00,20.4,18.8,91,19.288599549380585
3485,2023-05-26 05:00:00,19.8,18.2,91,18.69620728948127
3486,2023-05-26 06:00:00,19.7,17.4,87,18.104588936646746
3487,2023-05-26 07:00:00,20.4,17.2,82,18.16385697107408
3488,2023-05-26 08:00:00,22.5,18.1,77,19.535695566316242
3489,2023-05-26 09:00:00,24.6,18.0,67,20.144022291556404
3490,2023-05-26 10:00:00,26.4,17.8,59,20.608838747812122
3491,2023-05-26 11:00:00,28.0,17.5,53,21.07512349436676
3492,2023-05-26 12:00:00,29.0,15.8,45,20.55830853438736
3493,2023-05-26 13:00:00,29.7,15.3,42,20.58706493410014
3494,2023-05-26 14:00:00,30.4,15.1,40,20.774403163275526
3495,2023-05-26 15:00:00,31.0,14.7,37,20.651634703723346
3496,2023-05-26 16:00:00,31.2,14.1,35,20.388183030834377
3497,2023-05-26 17:00:00,31.2,13.6,34,20.1722422076988
3498,2023-05-26 18:00:00,31.1,14.4,36,20.52192226283218
3499,2023-05-26 19:00:00,28.0,16.8,50,20.5773721812019
3500,2023-05-26 20:00:00,25.7,19.1,67,21.158424642025317
3501,2023-05-26 21:00:00,24.1,19.7,76,20.92265467533095
3502,2023-05-26 22:00:00,22.9,19.5,81,20.445339431526676
3503,2023-05-26 23:00:00,23.5,19.0,76,20.35318240824638
3504,2023-05-27 00:00:00,21.8,19.2,85,19.901228213702918
3505,2023-05-27 01:00:00,21.4,19.1,87,19.76691146982383
3506,2023-05-27 02:00:00,20.9,19.2,90,19.656236474991374
3507,2023-05-27 03:00:00,21.5,19.2,87,19.864695004837674
3508,2023-05-27 04:00:00,20.1,19.1,94,19.36494974999251
3509,2023-05-27 05:00:00,19.9,18.9,94,19.166122112202896
3510,2023-05-27 06:00:00,20.4,19.0,92,19.41345638670633
3511,2023-05-27 07:00:00,21.2,19.5,90,19.9517339329696
3512,2023-05-27 08:00:00,23.0,19.6,81,20.54160806059489
3513,2023-05-27 09:00:00,24.0,19.9,78,21.099106084433007
3514,2023-05-27 10:00:00,26.1,20.0,69,21.81802573228723
3515,2023-05-27 11:00:00,27.7,18.6,58,21.61492030796466
3516,2023-05-27 12:00:00,27.9,18.6,57,21.634142515522647
3517,2023-05-27 13:00:00,28.5,17.8,52,21.344449865401206
3518,2023-05-27 14:00:00,29.2,15.9,45,20.725812869683637
3519,2023-05-27 15:00:00,29.8,15.8,43,20.857629530274945
3520,2023-05-27 16:00:00,29.7,15.3,42,20.58706493410014
3521,2023-05-27 17:00:00,29.5,15.1,41,20.23363185649939
3522,2023-05-27 18:00:00,28.6,15.4,45,20.223299270133268
3523,2023-05-27 19:00:00,28.8,17.4,50,21.265158845528884
3524,2023-05-27 20:00:00,26.5,17.8,59,20.698336578502087
3525,2023-05-27 21:00:00,24.5,17.0,63,19.484644603590077
3526,2023-05-27 22:00:00,23.5,17.0,67,19.129616792700975
3527,2023-05-27 23:00:00,23.0,17.5,71,19.209526243833796
3528,2023-05-28 00:00:00,22.4,17.6,75,19.17757129820633
3529,2023-05-28 01:00:00,21.2,18.1,83,19.06331369991817
3530,2023-05-28 02:00:00,21.0,18.0,83,18.869740018570877
3531,2023-05-28 03:00:00,20.5,18.0,85,18.636438440909735
3532,2023-05-28 04:00:00,19.9,17.9,89,18.54755325073194
3533,2023-05-28 05:00:00,20.2,17.7,86,18.46905318053513
3534,2023-05-28 06:00:00,19.2,17.7,91,18.10381450033886
3535,2023-05-28 07:00:00,20.5,18.0,86,18.76167086405137
3536,2023-05-28 08:00:00,22.2,18.9,81,19.771458525962558
3537,2023-05-28 09:00:00,24.5,19.8,75,21.164792864747984
3538,2023-05-28 10:00:00,26.7,19.5,64,21.63445843906122
3539,2023-05-28 11:00:00,28.1,18.1,55,21.489123790117024
3540,2023-05-28 12:00:00,28.8,18.0,52,21.604865339471672
3541,2023-05-28 13:00:00,29.5,17.9,50,21.86697002868113
3542,2023-05-28 14:00:00,29.2,18.1,51,21.78123970685702
3543,2023-05-28 15:00:00,29.1,18.4,52,21.865280472418846
3544,2023-05-28 16:00:00,29.1,17.9,51,21.694846932758058
3545,2023-05-28 17:00:00,28.6,18.0,53,21.598384412325807
3546,2023-05-28 18:00:00,27.7,18.2,56,21.297370560349318
3547,2023-05-28 19:00:00,25.6,20.6,74,22.06473667767596
3548,2023-05-28 20:00:00,25.7,19.1,67,21.158424642025317
3549,2023-05-28 21:00:00,24.0,19.9,77,20.96355777381662
3550,2023-05-28 22:00:00,23.2,20.0,82,20.866681952421573
3551,2023-05-28 23:00:00,22.6,20.0,85,20.679558996106362
3552,2023-05-29 00:00:00,23.0,20.0,83,20.805473698639915
3553,2023-05-29 01:00:00,22.6,20.3,87,20.940312866152453
3554,2023-05-29 02:00:00,22.0,20.5,91,20.868309719140797
3555,2023-05-29 03:00:00,22.5,20.3,87,20.842529500999103
3556,2023-05-29 04:00:00,21.9,20.5,91,20.769577939058117
3557,2023-05-29 05:00:00,21.8,20.5,93,20.926965484519503
3558,2023-05-29 06:00:00,21.6,20.6,94,20.856155336317247
3559,2023-05-29 07:00:00,22.8,21.2,91,21.658163463952466
3560,2023-05-29 08:00:00,21.5,20.0,91,20.37465067939991
3561,2023-05-29 09:00:00,20.9,19.5,91,19.782259367821695
3562,2023-05-29 10:00:00,22.6,20.4,87,20.940312866152453
3563,2023-05-29 11:00:00,24.6,21.2,82,22.21808932362307
3564,2023-05-29 12:00:00,26.3,21.0,72,22.4379281290887
3565,2023-05-29 13:00:00,26.8,20.4,68,22.32066901226037
3566,2023-05-29 14:00:00,26.2,20.1,69,21.910873168699656
3567,2023-05-29 15:00:00,27.2,19.5,63,21.938968917342205
3568,2023-05-29 16:00:00,27.5,19.2,61,21.90407710606478
3569,2023-05-29 17:00:00,27.5,19.0,60,21.74910834995604
3570,2023-05-29 18:00:00,27.1,19.1,62,21.696020966541024
3571,2023-05-29 19:00:00,27.6,18.9,59,21.68281062913152
3572,2023-05-29 20:00:00,25.8,19.9,70,21.683161232662677
3573,2023-05-29 21:00:00,24.5,19.7,74,21.02696597400485
3574,2023-05-29 22:00:00,23.8,19.9,79,21.042928613181623
3575,2023-05-29 23:00:00,23.0,20.1,84,20.937170175942207
3576,2023-05-30 00:00:00,22.2,20.4,89,20.807615066882516
3577,2023-05-30 01:00:00,21.2,20.2,94,20.4585008028256
3578,2023-05-30 02:00:00,21.1,20.1,94,20.35908713683757
3579,2023-05-30 03:00:00,20.3,19.8,97,19.937872785654786
3580,2023-05-30 04:00:00,20.0,19.5,97,19.637656929477213
3581,2023-05-30 05:00:00,19.7,19.3,98,19.460923545807983
3582,2023-05-30 06:00:00,19.4,19.1,98,19.16006434819324
3583,2023-05-30 07:00:00,21.1,20.8,98,20.864931688709948
3584,2023-05-30 08:00:00,22.9,21.4,92,21.88750123174317
3585,2023-05-30 09:00:00,24.5,21.7,84,22.392775545435054
3586,2023-05-30 10:00:00,26.2,21.4,75,22.77348945226576
3587,2023-05-30 11:00:00,27.6,20.9,67,22.910567062197288
3588,2023-05-30 12:00:00,28.4,20.6,63,23.029773237452822
3589,2023-05-30 13:00:00,29.0,21.2,63,23.575173973938366
3590,2023-05-30 14:00:00,29.3,20.9,60,23.366525530117883
3591,2023-05-30 15:00:00,29.6,20.0,56,22.976644587110723
3592,2023-05-30 16:00:00,27.5,20.4,65,22.516349184154414
3593,2023-05-30 17:00:00,26.7,19.6,65,21.783794278048347
3594,2023-05-30 18:00:00,26.5,19.7,66,21.748708778222404
3595,2023-05-30 19:00:00,27.1,19.8,64,21.999408875408758
3596,2023-05-30 20:00:00,25.4,20.8,75,22.01645647606959
3597,2023-05-30 21:00:00,24.1,21.9,88,22.540906432297003
3598,2023-05-30 22:00:00,23.6,21.5,88,22.050783218411027
3599,2023-05-30 23:00:00,23.6,20.5,83,21.38619247541842
3600,2023-05-31 00:00:00,22.9,20.3,85,20.971432773414488
3601,2023-05-31 01:00:00,22.5,20.3,87,20.842529500999103
3602,2023-05-31 02:00:00,22.2,20.3,89,20.807615066882516
3603,2023-05-31 03:00:00,22.0,20.2,90,20.739726517217214
3604,2023-05-31 04:00:00,20.6,20.1,97,20.23808853032123
3605,2023-05-31 05:00:00,20.2,20.0,98,19.962355296962688
3606,2023-05-31 06:00:00,20.0,19.9,99,19.88596051900174
3607,2023-05-31 07:00:00,21.0,19.8,93,20.133452941702576
3608,2023-05-31 08:00:00,21.5,20.1,92,20.50203716896242
3609,2023-05-31 09:00:00,23.9,21.1,85,21.9443443364076
3610,2023-05-31 10:00:00,25.6,21.5,78,22.62655261771425
3611,2023-05-31 11:00:00,27.2,21.0,69,22.839346270110184
3612,2023-05-31 12:00:00,28.2,21.4,66,23.310941531287668
3613,2023-05-31 13:00:00,29.0,21.2,63,23.575173973938366
3614,2023-05-31 14:00:00,29.5,20.8,60,23.54623797830553
3615,2023-05-31 15:00:00,30.0,20.3,56,23.330174468473825
3616,2023-05-31 16:00:00,28.0,19.9,61,22.355127997367575
3617,2023-05-31 17:00:00,28.4,19.5,59,22.39878940867843
3618,2023-05-31 18:00:00,27.9,19.9,62,22.42048567527298
3619,2023-05-31 19:00:00,25.9,21.3,76,22.63106722092984
3620,2023-05-31 20:00:00,25.9,22.5,82,23.472964696626303
3621,2023-05-31 21:00:00,25.1,21.2,79,22.28750545976665
3622,2023-05-31 22:00:00,24.2,20.0,77,21.153939067235925
3623,2023-05-31 23:00:00,23.3,20.2,83,21.095833161944256
3624,2023-06-01 00:00:00,22.4,20.5,90,21.133722466507955
3625,2023-06-01 01:00:00,21.8,20.5,93,20.926965484519503
3626,2023-06-01 02:00:00,21.5,20.4,93,20.62939838104901
3627,2023-06-01 03:00:00,21.0,20.1,95,20.38589638594127
3628,2023-06-01 04:00:00,20.8,20.0,95,20.186625105305293
3629,2023-06-01 05:00:00,20.5,19.8,96,20.01285326646661
3630,2023-06-01 06:00:00,20.4,19.6,96,19.91299819916634
3631,2023-06-01 07:00:00,21.4,20.3,94,20.657328095595698
3632,2023-06-01 08:00:00,23.6,21.1,86,21.78537842584449
3633,2023-06-01 09:00:00,25.9,21.5,77,22.77217699085533
3634,2023-06-01 10:00:00,27.5,21.0,67,22.81834925723874
3635,2023-06-01 11:00:00,28.8,19.9,59,22.756778076341917
3636,2023-06-01 12:00:00,29.6,19.6,55,22.809102668498767
3637,2023-06-01 13:00:00,30.2,19.3,52,22.82013310173873
3638,2023-06-01 14:00:00,30.3,19.2,52,22.906937667567494
3639,2023-06-01 15:00:00,30.5,18.6,49,22.54754901574885
3640,2023-06-01 16:00:00,30.4,18.5,49,22.462004063552346
3641,2023-06-01 17:00:00,30.4,18.5,49,22.462004063552346
3642,2023-06-01 18:00:00,29.5,18.2,51,22.04041779717757
3643,2023-06-01 19:00:00,28.9,18.2,53,21.86001437268047
3644,2023-06-01 20:00:00,27.2,19.1,61,21.633446225901935
3645,2023-06-01 21:00:00,25.7,19.3,68,21.30278279601482
3646,2023-06-01 22:00:00,24.9,19.6,73,21.26501441548038
3647,2023-06-01 23:00:00,24.2,20.0,77,21.153939067235925
3648,2023-06-02 00:00:00,23.2,20.2,83,20.999046690886637
3649,2023-06-02 01:00:00,22.4,20.4,88,20.874486028286167
3650,2023-06-02 02:00:00,22.0,20.5,91,20.868309719140797
3651,2023-06-02 03:00:00,21.6,20.4,93,20.728587428814095
3652,2023-06-02 04:00:00,21.4,20.2,93,20.530209319962594
3653,2023-06-02 05:00:00,22.1,20.3,90,20.838225525794957
3654,2023-06-02 06:00:00,21.6,20.2,92,20.600998975469377
3655,2023-06-02 07:00:00,21.6,20.4,93,20.728587428814095
3656,2023-06-02 08:00:00,23.5,21.1,86,21.68783970691671
3657,2023-06-02 09:00:00,25.6,21.4,78,22.62655261771425
3658,2023-06-02 10:00:00,27.0,21.2,71,22.947874205077355
3659,2023-06-02 11:00:00,28.3,20.9,64,23.09425766752906
3660,2023-06-02 12:00:00,29.5,20.2,58,23.21929492710766
3661,2023-06-02 13:00:00,30.1,19.6,54,23.078435326546494
3662,2023-06-02 14:00:00,30.5,19.4,51,22.904342294996496
3663,2023-06-02 15:00:00,30.9,19.1,50,23.070586595775953
3664,2023-06-02 16:00:00,30.9,19.2,50,23.070586595775953
3665,2023-06-02 17:00:00,30.5,19.2,51,22.904342294996496
3666,2023-06-02 18:00:00,29.8,19.5,54,22.815613315507047
3667,2023-06-02 19:00:00,29.1,19.6,57,22.69926944699349
3668,2023-06-02 20:00:00,28.0,20.1,62,22.51104363905299
3669,2023-06-02 21:00:00,26.4,20.4,69,22.09656797207173
3670,2023-06-02 22:00:00,25.6,20.5,74,22.06473667767596
3671,2023-06-02 23:00:00,24.8,20.6,78,21.862829940113556
3672,2023-06-03 00:00:00,23.8,20.8,83,21.57976526845231
3673,2023-06-03 01:00:00,23.0,20.9,88,21.46263488654246
3674,2023-06-03 02:00:00,22.6,20.9,90,21.33072035651059
3675,2023-06-03 03:00:00,22.5,20.8,90,21.232221418531488
3676,2023-06-03 04:00:00,21.8,20.8,94,21.05498252525989
3677,2023-06-03 05:00:00,21.9,20.6,93,21.02615449252914
3678,2023-06-03 06:00:00,21.6,20.6,94,20.856155336317247
3679,2023-06-03 07:00:00,22.0,20.5,91,20.868309719140797
3680,2023-06-03 08:00:00,23.8,21.2,86,21.980455818174836
3681,2023-06-03 09:00:00,25.3,21.2,78,22.340156749933044
3682,2023-06-03 10:00:00,27.5,21.4,69,23.117887759337957
3683,2023-06-03 11:00:00,29.0,20.8,61,23.25722766450633
3684,2023-06-03 12:00:00,30.1,19.9,54,23.078435326546494
3685,2023-06-03 13:00:00,30.8,19.7,52,23.34095996129519
3686,2023-06-03 14:00:00,31.6,19.7,49,23.48854089623887
3687,2023-06-03 15:00:00,31.6,19.3,48,23.303033959263846
3688,2023-06-03 16:00:00,31.8,18.8,46,23.09518996562063
3689,2023-06-03 17:00:00,29.0,19.0,55,22.28111203130075
3690,2023-06-03 18:00:00,23.9,20.8,83,21.67655164032368
3691,2023-06-03 19:00:00,28.9,19.8,58,22.684504492001576
3692,2023-06-03 20:00:00,27.6,20.1,64,22.455596326432232
3693,2023-06-03 21:00:00,27.0,19.0,61,21.453025493582842
3694,2023-06-03 22:00:00,26.4,19.9,67,21.803951822152328
3695,2023-06-03 23:00:00,25.2,18.6,67,20.697333047640083
3696,2023-06-04 00:00:00,25.0,18.6,68,20.65503549714163
3697,2023-06-04 01:00:00,24.0,18.0,69,19.868224081773572
3698,2023-06-04 02:00:00,23.0,18.2,74,19.611820007970408
3699,2023-06-04 03:00:00,22.5,18.4,78,19.667120581806937
3700,2023-06-04 04:00:00,22.4,18.5,79,19.70261160329646
3701,2023-06-04 05:00:00,21.9,18.2,80,19.353364431187362
3702,2023-06-04 06:00:00,21.6,18.4,82,19.32221225457444
3703,2023-06-04 07:00:00,21.8,19.4,87,20.15804551611876
3704,2023-06-04 08:00:00,22.1,19.8,86,20.322296023490384
3705,2023-06-04 09:00:00,24.0,18.9,73,20.41854286399933
3706,2023-06-04 10:00:00,24.2,18.5,71,20.331034462690102
3707,2023-06-04 11:00:00,24.5,17.8,66,19.910778510408313
3708,2023-06-04 12:00:00,27.0,17.4,56,20.678687596106688
3709,2023-06-04 13:00:00,29.4,17.6,49,21.606552319556048
3710,2023-06-04 14:00:00,29.8,19.2,53,22.644902302595224
3711,2023-06-04 15:00:00,29.1,19.5,56,22.534731517294976
3712,2023-06-04 16:00:00,29.0,19.1,56,22.446348806457333
3713,2023-06-04 17:00:00,28.0,19.0,58,21.882316775425597
3714,2023-06-04 18:00:00,25.1,20.0,73,21.45311896859176
3715,2023-06-04 19:00:00,26.5,19.5,66,21.748708778222404
3716,2023-06-04 20:00:00,24.4,19.5,74,20.9326230584819
3717,2023-06-04 21:00:00,23.3,19.5,79,20.564244388706765
3718,2023-06-04 22:00:00,22.9,19.6,82,20.5770942251379
3719,2023-06-04 23:00:00,22.6,19.9,85,20.679558996106362
3720,2023-06-05 00:00:00,21.9,20.2,91,20.769577939058117
3721,2023-06-05 01:00:00,22.0,19.9,87,20.353612445935823
3722,2023-06-05 02:00:00,21.8,20.2,91,20.670846145079743
3723,2023-06-05 03:00:00,21.8,20.4,92,20.798922547597954
3724,2023-06-05 04:00:00,21.1,20.5,96,20.61198340581451
3725,2023-06-05 05:00:00,20.9,20.5,97,20.538304164327716
3726,2023-06-05 06:00:00,21.0,20.5,97,20.638376017884635
3727,2023-06-05 07:00:00,22.0,20.7,93,21.125343487356076
3728,2023-06-05 08:00:00,23.5,21.3,87,21.820362473979888
3729,2023-06-05 09:00:00,25.5,21.2,77,22.391415613554436
3730,2023-06-05 10:00:00,27.1,21.4,71,23.041332450513764
3731,2023-06-05 11:00:00,24.0,20.0,78,21.099106084433007
3732,2023-06-05 12:00:00,22.9,20.6,87,21.23366287064492
3733,2023-06-05 13:00:00,23.5,21.1,87,21.820362473979888
3734,2023-06-05 14:00:00,25.4,21.5,79,22.57471507173379
3735,2023-06-05 15:00:00,25.0,21.5,81,22.466976975767224
3736,2023-06-05 16:00:00,25.4,21.7,80,22.713519473340327
3737,2023-06-05 17:00:00,25.8,21.8,79,22.95766097523238
3738,2023-06-05 18:00:00,26.2,21.8,76,22.915802040973812
3739,2023-06-05 19:00:00,22.8,19.6,82,20.480564948129718
3740,2023-06-05 20:00:00,22.7,19.8,84,20.646048666190154
3741,2023-06-05 21:00:00,22.4,20.2,88,20.874486028286167
3742,2023-06-05 22:00:00,22.1,20.6,91,20.967041485364632
3743,2023-06-05 23:00:00,22.0,20.9,93,21.125343487356076
3744,2023-06-06 00:00:00,21.8,20.9,95,21.182980998665887
3745,2023-06-06 01:00:00,21.6,21.0,96,21.11125817916274
3746,2023-06-06 02:00:00,21.4,21.0,98,21.165790271814256
3747,2023-06-06 03:00:00,21.8,21.0,95,21.182980998665887
3748,2023-06-06 04:00:00,21.4,20.9,97,21.038663310711886
3749,2023-06-06 05:00:00,20.7,20.3,98,20.463786745382013
3750,2023-06-06 06:00:00,20.2,19.9,98,19.962355296962688
3751,2023-06-06 07:00:00,21.0,20.0,93,20.133452941702576
3752,2023-06-06 08:00:00,21.5,20.4,93,20.62939838104901
3753,2023-06-06 09:00:00,22.6,20.6,88,21.07053570672122
3754,2023-06-06 10:00:00,24.4,20.5,79,21.61734907571382
3755,2023-06-06 11:00:00,25.9,19.6,69,21.632330789643717
3756,2023-06-06 12:00:00,26.9,19.6,65,21.966933158479648
3757,2023-06-06 13:00:00,27.9,20.1,63,22.575271904330684
3758,2023-06-06 14:00:00,28.6,20.2,61,22.896388131970834
3759,2023-06-06 15:00:00,29.0,20.1,59,22.935772232517696
3760,2023-06-06 16:00:00,29.0,19.9,58,22.773636306748806
3761,2023-06-06 17:00:00,29.0,19.1,55,22.28111203130075
3762,2023-06-06 18:00:00,28.8,18.1,53,21.77280442246961
3763,2023-06-06 19:00:00,24.9,21.0,79,22.096032296579104
3764,2023-06-06 20:00:00,24.5,20.8,80,21.8494816898698
3765,2023-06-06 21:00:00,23.1,21.6,91,21.954358393382282
3766,2023-06-06 22:00:00,22.6,21.6,94,21.850290768569874
3767,2023-06-06 23:00:00,22.4,21.5,95,21.780793930193912
3768,2023-06-07 00:00:00,21.6,21.1,97,21.238806884715135
3769,2023-06-07 01:00:00,22.0,21.3,96,21.51067777633127
3770,2023-06-07 02:00:00,21.7,21.2,97,21.338878653720908
3771,2023-06-07 03:00:00,20.4,20.4,100,20.28795359190955
3772,2023-06-07 04:00:00,20.1,20.1,100,19.986458804954133
3773,2023-06-07 05:00:00,19.8,19.7,99,19.684963911467044
3774,2023-06-07 06:00:00,19.6,19.5,99,19.483967256225537
3775,2023-06-07 07:00:00,20.5,20.3,98,20.2632142020973
3776,2023-06-07 08:00:00,21.5,21.2,99,21.393433578832376
3777,2023-06-07 09:00:00,23.4,22.2,93,22.51398804977411
3778,2023-06-07 10:00:00,26.0,22.0,79,23.14913382254549
3779,2023-06-07 11:00:00,27.7,21.1,68,23.153482890394816
3780,2023-06-07 12:00:00,29.0,20.6,61,23.25722766450633
3781,2023-06-07 13:00:00,29.6,20.5,58,23.308426561228423
3782,2023-06-07 14:00:00,30.2,20.5,56,23.506939220102122
3783,2023-06-07 15:00:00,30.6,20.2,54,23.516471340914247
3784,2023-06-07 16:00:00,30.6,19.7,52,23.16735115036888
3785,2023-06-07 17:00:00,29.8,19.6,55,22.985099282133103
3786,2023-06-07 18:00:00,29.2,19.5,56,22.623114195689542
3787,2023-06-07 19:00:00,24.6,21.8,84,22.4898157765186
3788,2023-06-07 20:00:00,25.2,22.1,83,22.934773001593964
3789,2023-06-07 21:00:00,24.9,22.1,85,22.917254350905985
3790,2023-06-07 22:00:00,23.5,21.0,86,21.68783970691671
3791,2023-06-07 23:00:00,22.8,21.1,90,21.527718190484894
3792,2023-06-08 00:00:00,22.4,21.0,92,21.392692939473967
3793,2023-06-08 01:00:00,21.9,21.0,95,21.282616518441426
3794,2023-06-08 02:00:00,21.5,20.9,96,21.01140324921004
3795,2023-06-08 03:00:00,21.4,20.8,96,20.91154830693045
3796,2023-06-08 04:00:00,21.2,20.6,96,20.711838385264368
3797,2023-06-08 05:00:00,20.9,20.5,97,20.538304164327716
3798,2023-06-08 06:00:00,20.7,20.2,97,20.338160420577164
3799,2023-06-08 07:00:00,21.6,20.7,95,20.983709921432986
3800,2023-06-08 08:00:00,24.5,23.0,92,23.470885573179924
3801,2023-06-08 09:00:00,26.1,23.4,85,24.084744383158014
3802,2023-06-08 10:00:00,28.0,23.1,75,24.476809177650935
3803,2023-06-08 11:00:00,28.8,22.7,70,24.47780870011483
3804,2023-06-08 12:00:00,28.7,22.5,69,24.232051732060896
3805,2023-06-08 13:00:00,29.2,22.7,68,24.541501939102925
3806,2023-06-08 14:00:00,29.5,22.5,66,24.50558542150506
3807,2023-06-08 15:00:00,29.8,22.1,64,24.462813523981115
3808,2023-06-08 16:00:00,26.0,21.2,75,22.58423132512904
3809,2023-06-08 17:00:00,24.9,22.1,85,22.917254350905985
3810,2023-06-08 18:00:00,24.7,21.9,84,22.586855991989832
3811,2023-06-08 19:00:00,25.2,22.0,82,22.797262913266724
3812,2023-06-08 20:00:00,26.0,20.8,73,22.299588416574395
3813,2023-06-08 21:00:00,25.5,20.2,73,21.8293278211655
3814,2023-06-08 22:00:00,25.2,20.5,75,21.827198035611172
3815,2023-06-08 23:00:00,23.1,21.0,87,21.42922946491332
3816,2023-06-09 00:00:00,22.8,22.0,95,22.179335636951617
3817,2023-06-09 01:00:00,22.2,21.7,97,21.83923731999894
3818,2023-06-09 02:00:00,22.1,21.5,96,21.610532645118596
3819,2023-06-09 03:00:00,21.4,20.9,97,21.038663310711886
3820,2023-06-09 04:00:00,20.9,20.4,97,20.538304164327716
3821,2023-06-09 05:00:00,21.0,20.5,96,20.512128413911014
3822,2023-06-09 06:00:00,20.6,20.1,97,20.23808853032123
3823,2023-06-09 07:00:00,21.5,21.0,96,21.01140324921004
3824,2023-06-09 08:00:00,23.7,21.2,86,21.882917129583365
3825,2023-06-09 09:00:00,25.8,22.5,83,23.51548964722424
3826,2023-06-09 10:00:00,27.6,23.5,78,24.535854333303064
3827,2023-06-09 11:00:00,29.4,21.9,64,24.097865839596764
3828,2023-06-09 12:00:00,30.6,21.2,57,24.03067178833259
3829,2023-06-09 13:00:00,31.6,20.6,52,24.03539380622744
3830,2023-06-09 14:00:00,32.2,20.1,49,24.001807234906263
3831,2023-06-09 15:00:00,32.5,19.9,47,23.877783090971036
3832,2023-06-09 16:00:00,32.8,20.2,48,24.324337667779307
3833,2023-06-09 17:00:00,32.8,20.3,48,24.324337667779307
3834,2023-06-09 18:00:00,31.5,20.7,53,24.127460681173197
3835,2023-06-09 19:00:00,28.5,22.5,70,24.198344822000575
3836,2023-06-09 20:00:00,28.4,22.4,70,24.105190154200386
3837,2023-06-09 21:00:00,27.3,22.5,75,23.81440778418503
3838,2023-06-09 22:00:00,26.6,22.6,79,23.723551951486627
3839,2023-06-09 23:00:00,26.0,22.9,83,23.709061737763808
3840,2023-06-10 00:00:00,25.3,23.1,88,23.71720070662062
3841,2023-06-10 01:00:00,24.6,23.1,91,23.43533124202589
3842,2023-06-10 02:00:00,24.1,23.1,94,23.341491561567256
3843,2023-06-10 03:00:00,23.9,22.9,94,23.14266494928857
3844,2023-06-10 04:00:00,23.6,22.7,94,22.84442493927852
3845,2023-06-10 05:00:00,23.5,22.6,95,22.876783153995458
3846,2023-06-10 06:00:00,23.4,22.6,96,22.908644845716555
3847,2023-06-10 07:00:00,24.3,23.7,96,23.80733674063295
3848,2023-06-10 08:00:00,26.2,24.1,89,24.738139294674188
3849,2023-06-10 09:00:00,27.4,24.4,83,25.064064660930928
3850,2023-06-10 10:00:00,28.9,24.2,76,25.478408008223585
3851,2023-06-10 11:00:00,30.1,23.2,66,25.056958206330034
3852,2023-06-10 12:00:00,31.3,22.4,59,24.994196789198263
3853,2023-06-10 13:00:00,31.9,22.1,56,25.009434653386965
3854,2023-06-10 14:00:00,32.6,22.0,54,25.268607285678453
3855,2023-06-10 15:00:00,32.8,22.0,53,25.26117529936737
3856,2023-06-10 16:00:00,32.9,22.0,53,25.348383891415992
3857,2023-06-10 17:00:00,30.4,22.1,61,24.52016261018135
3858,2023-06-10 18:00:00,27.0,22.4,76,23.67509407419094
3859,2023-06-10 19:00:00,25.0,22.5,86,23.15091891467487
3860,2023-06-10 20:00:00,25.1,22.2,84,22.975016698610155
3861,2023-06-10 21:00:00,24.6,22.4,87,22.89597703384851
3862,2023-06-10 22:00:00,23.6,22.8,95,22.976418465258416
3863,2023-06-10 23:00:00,23.9,22.6,93,23.0099319293448
3864,2023-06-11 00:00:00,23.5,22.5,94,22.745011578059245
3865,2023-06-11 01:00:00,23.1,22.0,93,22.216421570135296
3866,2023-06-11 02:00:00,23.0,22.0,94,22.24794458642734
3867,2023-06-11 03:00:00,23.1,22.2,95,22.47824178846359
3868,2023-06-11 04:00:00,23.3,22.4,95,22.677512495386633
3869,2023-06-11 05:00:00,23.8,22.9,95,23.175689051853272
3870,2023-06-11 06:00:00,24.0,23.1,95,23.374959590741316
3871,2023-06-11 07:00:00,24.2,22.9,92,23.174001259856773
3872,2023-06-11 08:00:00,25.8,23.3,86,23.93122647163681
3873,2023-06-11 09:00:00,27.7,23.4,77,24.485599603389048
3874,2023-06-11 10:00:00,29.4,22.9,68,24.726570770409293
3875,2023-06-11 11:00:00,30.9,22.5,61,24.971209548703506
3876,2023-06-11 12:00:00,31.9,22.2,57,25.184548390253894
3877,2023-06-11 13:00:00,32.8,21.9,53,25.26117529936737
3878,2023-06-11 14:00:00,33.6,21.4,49,25.199423513868716
3879,2023-06-11 15:00:00,34.1,21.1,47,25.232411265984272
3880,2023-06-11 16:00:00,34.8,20.8,44,25.20792200617773
3881,2023-06-11 17:00:00,34.3,20.9,46,25.20048518392529
3882,2023-06-11 18:00:00,34.2,21.1,46,25.116273854048096
3883,2023-06-11 19:00:00,32.2,22.8,58,25.625838897403735
3884,2023-06-11 20:00:00,30.4,23.8,68,25.651913639077566
3885,2023-06-11 21:00:00,28.5,24.2,78,25.39503786562359
3886,2023-06-11 22:00:00,27.4,23.9,81,24.77741083873557
3887,2023-06-11 23:00:00,26.4,23.7,85,24.376616560436773
3888,2023-06-12 00:00:00,25.6,23.7,89,24.148562049885367
3889,2023-06-12 01:00:00,24.8,23.7,94,24.03738432374144
3890,2023-06-12 02:00:00,24.3,23.5,96,23.80733674063295
3891,2023-06-12 03:00:00,24.2,23.6,96,23.70748213197148
3892,2023-06-12 04:00:00,24.1,23.5,96,23.607627511795208
3893,2023-06-12 05:00:00,22.9,22.5,98,22.670081617114537
3894,2023-06-12 06:00:00,23.4,23.1,99,23.302895774536758
3895,2023-06-12 07:00:00,26.0,24.6,92,24.95530544979787
3896,2023-06-12 08:00:00,26.9,24.2,86,25.00414787097687
3897,2023-06-12 09:00:00,28.0,23.7,78,24.917713848739805
3898,2023-06-12 10:00:00,29.4,23.5,71,25.190866377851457
3899,2023-06-12 11:00:00,30.9,23.0,63,25.302270291742584
3900,2023-06-12 12:00:00,31.9,23.4,61,25.873301503933774
3901,2023-06-12 13:00:00,32.7,23.7,59,26.247143760236813
3902,2023-06-12 14:00:00,33.4,23.9,57,26.515938505015033
3903,2023-06-12 15:00:00,34.0,23.9,56,26.865446724825038
3904,2023-06-12 16:00:00,34.3,23.8,54,26.757913118296887
3905,2023-06-12 17:00:00,33.6,23.7,56,26.511921575071657
3906,2023-06-12 18:00:00,32.0,23.7,62,26.133340632202017
3907,2023-06-12 19:00:00,31.6,24.5,66,26.43538665246023
3908,2023-06-12 20:00:00,29.8,24.0,71,25.56469727760448
3909,2023-06-12 21:00:00,27.9,24.0,80,25.113617276484863
3910,2023-06-12 22:00:00,26.6,24.0,86,24.711533112721423
3911,2023-06-12 23:00:00,25.6,24.1,91,24.422644849157766
3912,2023-06-13 00:00:00,25.0,24.1,94,24.236210719425056
3913,2023-06-13 01:00:00,24.7,24.0,96,24.206755060703063
3914,2023-06-13 02:00:00,24.0,23.5,97,23.640526100761303
3915,2023-06-13 03:00:00,24.1,23.6,97,23.74059759092785
3916,2023-06-13 04:00:00,23.7,23.3,98,23.47236928739036
3917,2023-06-13 05:00:00,23.9,23.5,98,23.672941093465557
3918,2023-06-13 06:00:00,24.5,24.0,97,24.140883439271978
3919,2023-06-13 07:00:00,26.1,24.8,92,25.05426667636875
3920,2023-06-13 08:00:00,27.0,24.2,85,24.960360525495048
3921,2023-06-13 09:00:00,28.0,23.5,77,24.771169481998566
3922,2023-06-13 10:00:00,29.6,23.0,68,24.911639515154445
3923,2023-06-13 11:00:00,31.0,22.7,61,25.061418858783476
3924,2023-06-13 12:00:00,32.4,22.4,55,25.273043651974373
3925,2023-06-13 13:00:00,33.2,22.0,52,25.424254986833812
3926,2023-06-13 14:00:00,34.2,21.6,48,25.515851778134476
3927,2023-06-13 15:00:00,34.2,21.5,47,25.317075202305656
3928,2023-06-13 16:00:00,34.2,21.6,48,25.515851778134476
3929,2023-06-13 17:00:00,33.3,21.6,50,25.13391226446168
3930,2023-06-13 18:00:00,31.9,22.1,56,25.009434653386965
3931,2023-06-13 19:00:00,30.1,23.9,69,25.531905805170407
3932,2023-06-13 20:00:00,28.5,23.9,76,25.098763500782713
3933,2023-06-13 21:00:00,27.6,24.0,81,24.969946577340572
3934,2023-06-13 22:00:00,27.2,24.4,84,25.012856427955192
3935,2023-06-13 23:00:00,27.0,24.5,87,25.242766463012273
3936,2023-06-14 00:00:00,26.4,24.6,90,25.07366995038328
3937,2023-06-14 01:00:00,27.0,24.6,87,25.242766463012273
3938,2023-06-14 02:00:00,26.6,24.4,87,24.85163544493022
3939,2023-06-14 03:00:00,26.6,24.1,86,24.711533112721423
3940,2023-06-14 04:00:00,26.4,23.8,86,24.516456537244405
3941,2023-06-14 05:00:00,26.5,23.6,84,24.33357724908168
3942,2023-06-14 06:00:00,26.6,23.5,83,24.289777640147946
3943,2023-06-14 07:00:00,26.9,24.3,86,25.00414787097687
3944,2023-06-14 08:00:00,27.8,23.8,79,24.872386385676112
3945,2023-06-14 09:00:00,28.9,23.6,73,25.02708994920621
3946,2023-06-14 10:00:00,29.8,23.0,67,24.93935292531563
3947,2023-06-14 11:00:00,31.1,22.7,61,25.15162814318526
3948,2023-06-14 12:00:00,32.6,22.4,55,25.449038510426668
3949,2023-06-14 13:00:00,33.7,22.5,52,25.85827238611607
3950,2023-06-14 14:00:00,34.2,23.0,52,26.29228899120898
3951,2023-06-14 15:00:00,34.5,22.9,51,26.36000464258767
3952,2023-06-14 16:00:00,33.8,22.6,52,25.945075770225575
3953,2023-06-14 17:00:00,34.2,22.6,51,26.100831835635958
3954,2023-06-14 18:00:00,33.2,22.9,55,25.97702237515234
3955,2023-06-14 19:00:00,31.6,23.7,63,25.938566708619785
3956,2023-06-14 20:00:00,30.6,23.5,66,25.516434906770492
3957,2023-06-14 21:00:00,29.0,23.6,73,25.12114143470163
3958,2023-06-14 22:00:00,27.9,24.1,80,25.113617276484863
3959,2023-06-14 23:00:00,27.0,24.9,89,25.52424155648995
3960,2023-06-15 00:00:00,27.0,25.1,90,25.664660270202106
3961,2023-06-15 01:00:00,26.6,25.4,93,25.688023570765335
3962,2023-06-15 02:00:00,26.8,25.6,93,25.886400383159717
3963,2023-06-15 03:00:00,26.6,25.7,95,25.96547236206153
3964,2023-06-15 04:00:00,26.7,25.7,94,25.926233190082694
3965,2023-06-15 05:00:00,26.6,25.8,95,25.96547236206153
3966,2023-06-15 06:00:00,27.0,25.8,93,26.084777149031904
3967,2023-06-15 07:00:00,27.4,26.0,92,26.340761528152896
3968,2023-06-15 08:00:00,28.5,25.6,84,26.274373022460857
3969,2023-06-15 09:00:00,30.0,25.5,77,26.674964762878474
3970,2023-06-15 10:00:00,31.5,25.1,69,26.83175585052236
3971,2023-06-15 11:00:00,33.2,24.5,60,26.87089890242804
3972,2023-06-15 12:00:00,34.5,24.7,57,27.492287367465064
3973,2023-06-15 13:00:00,35.8,23.9,50,27.283188655809752
3974,2023-06-15 14:00:00,36.7,23.1,46,27.221545838768396
3975,2023-06-15 15:00:00,36.9,22.8,44,26.956772477911517
3976,2023-06-15 16:00:00,36.6,22.8,45,26.923347796711774
3977,2023-06-15 17:00:00,35.3,23.0,49,26.653662534668907
3978,2023-06-15 18:00:00,33.8,22.5,52,25.945075770225575
3979,2023-06-15 19:00:00,32.5,23.2,58,25.893231412170966
3980,2023-06-15 20:00:00,30.5,23.9,67,25.58487342677775
3981,2023-06-15 21:00:00,29.1,24.3,75,25.517723848335375
3982,2023-06-15 22:00:00,28.4,24.4,79,25.44680271129854
3983,2023-06-15 23:00:00,27.6,24.9,85,25.544103978138544
3984,2023-06-16 00:00:00,26.7,25.4,93,25.78721198279237
3985,2023-06-16 01:00:00,26.5,25.8,96,26.00413527500898
3986,2023-06-16 02:00:00,26.5,26.0,97,26.142310039827674
3987,2023-06-16 03:00:00,27.2,26.0,93,26.283153868614093
3988,2023-06-16 04:00:00,26.4,25.7,96,25.90428091258029
3989,2023-06-16 05:00:00,25.9,25.5,97,25.541882515095967
3990,2023-06-16 06:00:00,25.9,25.5,98,25.678656760740818
3991,2023-06-16 07:00:00,27.2,26.0,93,26.283153868614093
3992,2023-06-16 08:00:00,27.9,25.8,88,26.265831590241703
3993,2023-06-16 09:00:00,29.0,25.6,82,26.465349135200743
3994,2023-06-16 10:00:00,31.0,25.2,72,26.844500393167078
3995,2023-06-16 11:00:00,32.6,25.0,65,27.186350372440202
3996,2023-06-16 12:00:00,34.2,24.9,59,27.58958130824475
3997,2023-06-16 13:00:00,35.7,23.3,49,26.99583499806438
3998,2023-06-16 14:00:00,36.3,23.4,47,27.095009445474087
3999,2023-06-16 15:00:00,36.7,23.7,48,27.64353822013882
4000,2023-06-16 16:00:00,36.2,24.0,49,27.42354983780398
4001,2023-06-16 17:00:00,35.5,24.0,51,27.22391193654871
4002,2023-06-16 18:00:00,35.0,23.7,52,26.98671394161522
4003,2023-06-16 19:00:00,33.0,24.7,62,27.038908660702575
4004,2023-06-16 20:00:00,31.0,25.0,70,26.527204878465724
4005,2023-06-16 21:00:00,29.4,24.8,76,25.95296325311993
4006,2023-06-16 22:00:00,28.3,24.5,80,25.49763198333287
4007,2023-06-16 23:00:00,27.5,24.5,84,25.303975857112007
4008,2023-06-17 00:00:00,26.8,24.5,88,25.1875657723066
4009,2023-06-17 01:00:00,26.1,24.5,91,24.91630117762493
4010,2023-06-17 02:00:00,25.5,24.6,95,24.86948713572207
4011,2023-06-17 03:00:00,25.4,24.9,97,25.04152594847719
4012,2023-06-17 04:00:00,25.1,24.9,98,24.87637101010527
4013,2023-06-17 05:00:00,24.8,24.6,99,24.709865388890304
4014,2023-06-17 06:00:00,24.6,24.5,100,24.508869857821846
4015,2023-06-17 07:00:00,26.3,26.0,98,26.079799382905033
4016,2023-06-17 08:00:00,27.5,25.9,90,26.15715185972959
4017,2023-06-17 09:00:00,29.0,25.4,81,26.31769501806543
4018,2023-06-17 10:00:00,30.8,25.1,72,26.656987544320028
4019,2023-06-17 11:00:00,32.7,24.5,62,26.767238500420397
4020,2023-06-17 12:00:00,34.0,24.1,56,26.865446724825038
4021,2023-06-17 13:00:00,34.8,24.1,54,27.19594262600877
4022,2023-06-17 14:00:00,35.3,23.9,52,27.247122794101752
4023,2023-06-17 15:00:00,36.5,23.9,49,27.680178352779667
4024,2023-06-17 16:00:00,37.1,23.5,46,27.558387252313405
4025,2023-06-17 17:00:00,37.2,23.1,45,27.42584098730892
4026,2023-06-17 18:00:00,29.4,24.5,75,25.80160929248426
4027,2023-06-17 19:00:00,34.2,25.5,60,27.769449928882064
4028,2023-06-17 20:00:00,31.9,26.3,72,27.688307313257898
4029,2023-06-17 21:00:00,30.1,26.5,81,27.376638149804837
4030,2023-06-17 22:00:00,29.1,26.2,84,26.856610645100623
4031,2023-06-17 23:00:00,28.1,26.0,88,26.461879752488272
4032,2023-06-18 00:00:00,27.5,26.0,92,26.43972258752776
4033,2023-06-18 01:00:00,26.9,26.0,95,26.26437718868325
4034,2023-06-18 02:00:00,26.5,26.0,97,26.142310039827674
4035,2023-06-18 03:00:00,26.0,25.8,99,25.91583769708015
4036,2023-06-18 04:00:00,25.9,25.7,99,25.8153400616351
4037,2023-06-18 05:00:00,26.0,25.6,98,25.77894243198914
4038,2023-06-18 06:00:00,26.0,25.5,97,25.641953795996574
4039,2023-06-18 07:00:00,27.3,26.7,97,26.94287947923434
4040,2023-06-18 08:00:00,28.3,26.4,89,26.801655990575636
4041,2023-06-18 09:00:00,29.9,25.8,79,26.882841004009762
4042,2023-06-18 10:00:00,31.3,25.2,70,26.806667251894666
4043,2023-06-18 11:00:00,33.1,24.7,61,26.955808564853132
4044,2023-06-18 12:00:00,34.1,24.5,57,27.13725178897162
4045,2023-06-18 13:00:00,34.8,24.0,54,27.19594262600877
4046,2023-06-18 14:00:00,36.3,22.8,46,26.884703859613982
4047,2023-06-18 15:00:00,36.5,22.3,44,26.62365942699815
4048,2023-06-18 16:00:00,36.7,21.2,41,26.123915684813966
4049,2023-06-18 17:00:00,35.2,21.6,45,25.750858481880705
4050,2023-06-18 18:00:00,34.2,22.1,50,25.90765415754013
4051,2023-06-18 19:00:00,32.5,24.2,62,26.58612494263485
4052,2023-06-18 20:00:00,31.1,24.4,67,26.138175871469745
4053,2023-06-18 21:00:00,29.8,24.4,73,25.873552644941135
4054,2023-06-18 22:00:00,28.8,24.3,77,25.532688401836676
4055,2023-06-18 23:00:00,27.9,24.8,84,25.692134894207598
4056,2023-06-19 00:00:00,27.2,25.6,91,26.002344009875852
4057,2023-06-19 01:00:00,26.8,25.8,94,26.02564617286512
4058,2023-06-19 02:00:00,26.4,25.8,96,25.90428091258029
4059,2023-06-19 03:00:00,26.1,25.5,97,25.74202506615092
4060,2023-06-19 04:00:00,26.0,25.4,97,25.641953795996574
4061,2023-06-19 05:00:00,25.9,25.4,97,25.541882515095967
4062,2023-06-19 06:00:00,26.0,25.5,97,25.641953795996574
4063,2023-06-19 07:00:00,27.6,26.1,92,26.5386836351843
4064,2023-06-19 08:00:00,29.3,25.8,81,26.60649786837349
4065,2023-06-19 09:00:00,30.6,25.5,75,26.937149500964072
4066,2023-06-19 10:00:00,32.4,25.2,66,27.17054649716418
4067,2023-06-19 11:00:00,33.2,25.0,62,27.220021984157825
4068,2023-06-19 12:00:00,34.8,24.8,56,27.572495713557405
4069,2023-06-19 13:00:00,35.6,24.6,53,27.703004302496343
4070,2023-06-19 14:00:00,36.7,24.4,50,28.05692321983859
4071,2023-06-19 15:00:00,37.6,23.2,44,27.53971886849232
4072,2023-06-19 16:00:00,37.8,22.5,42,27.254124290365247
4073,2023-06-19 17:00:00,37.3,22.5,43,27.067587511644838
4074,2023-06-19 18:00:00,36.3,22.9,46,26.884703859613982
4075,2023-06-19 19:00:00,33.0,25.2,64,27.382381446094886
4076,2023-06-19 20:00:00,31.6,24.7,67,26.599260658974874
4077,2023-06-19 21:00:00,30.4,24.6,71,26.125443042667843
4078,2023-06-19 22:00:00,29.8,24.5,74,26.027112055097966
4079,2023-06-19 23:00:00,29.0,24.9,78,25.87236146864669
4080,2023-06-20 00:00:00,28.7,24.7,79,25.73401065558679
4081,2023-06-20 01:00:00,28.3,25.2,83,25.93513642339789
4082,2023-06-20 02:00:00,27.8,25.4,87,26.025027853552654
4083,2023-06-20 03:00:00,27.0,25.6,92,25.944917172879336
4084,2023-06-20 04:00:00,26.8,25.8,94,26.02564617286512
4085,2023-06-20 05:00:00,26.5,25.8,96,26.00413527500898
4086,2023-06-20 06:00:00,26.6,25.6,94,25.826820195927954
4087,2023-06-20 07:00:00,28.3,26.8,91,27.08838537678688
4088,2023-06-20 08:00:00,28.9,25.9,84,26.662531493235758
4089,2023-06-20 09:00:00,30.4,25.2,74,26.593163012647413
4090,2023-06-20 10:00:00,31.6,25.2,69,26.924602132652165
4091,2023-06-20 11:00:00,33.2,25.0,62,27.220021984157825
4092,2023-06-20 12:00:00,34.8,24.3,55,27.384974275712626
4093,2023-06-20 13:00:00,35.8,23.7,50,27.283188655809752
4094,2023-06-20 14:00:00,36.5,23.9,48,27.473324086446166
4095,2023-06-20 15:00:00,37.6,22.5,42,27.0895090087935
4096,2023-06-20 16:00:00,38.2,21.8,39,26.877113096688404
4097,2023-06-20 17:00:00,37.3,22.2,42,26.842585788745417
4098,2023-06-20 18:00:00,35.7,22.8,47,26.58702984159193
4099,2023-06-20 19:00:00,33.9,24.3,57,26.959733841391188
4100,2023-06-20 20:00:00,31.9,24.0,63,26.211264817199783
4101,2023-06-20 21:00:00,30.2,24.5,72,26.09444855429526
4102,2023-06-20 22:00:00,29.4,25.0,77,26.103826881181043
4103,2023-06-20 23:00:00,28.6,25.1,81,25.93262434046119
4104,2023-06-21 00:00:00,28.0,25.8,88,26.363855677770616
4105,2023-06-21 01:00:00,27.7,26.1,91,26.495999355858956
4106,2023-06-21 02:00:00,27.1,26.0,93,26.183965514594796
4107,2023-06-21 03:00:00,26.4,25.8,97,26.04223881239758
4108,2023-06-21 04:00:00,26.1,25.6,97,25.74202506615092
4109,2023-06-21 05:00:00,25.5,25.2,99,25.413349416974565
4110,2023-06-21 06:00:00,25.5,25.4,100,25.413349416974565
4111,2023-06-21 07:00:00,27.8,26.6,93,26.878283751919653
4112,2023-06-21 08:00:00,28.8,25.8,84,26.56549189647821
4113,2023-06-21 09:00:00,30.2,25.3,75,26.558636373998993
4114,2023-06-21 10:00:00,31.5,25.0,69,26.83175585052236
4115,2023-06-21 11:00:00,32.7,24.9,64,27.108672942003512
4116,2023-06-21 12:00:00,32.4,24.8,64,26.834964238888617
4117,2023-06-21 13:00:00,30.5,24.2,69,25.9032919359754
4118,2023-06-21 14:00:00,32.2,20.5,50,24.188223913706786
4119,2023-06-21 15:00:00,32.8,20.1,47,24.13177663155784
4120,2023-06-21 16:00:00,31.0,20.0,52,23.514568631333237
4121,2023-06-21 17:00:00,32.0,20.3,50,24.016280114276178
4122,2023-06-21 18:00:00,32.5,20.8,50,24.446139343188545
4123,2023-06-21 19:00:00,31.3,25.0,69,26.646063227106552
4124,2023-06-21 20:00:00,28.1,25.5,86,26.174605663241625
4125,2023-06-21 21:00:00,27.3,25.4,89,25.819029692366453
4126,2023-06-21 22:00:00,27.2,26.0,93,26.283153868614093
4127,2023-06-21 23:00:00,27.2,25.8,92,26.14283937413021
4128,2023-06-22 00:00:00,26.5,24.4,88,24.893493000859365
4129,2023-06-22 01:00:00,26.8,24.5,88,25.1875657723066
4130,2023-06-22 02:00:00,26.5,25.0,92,25.45011146155967
4131,2023-06-22 03:00:00,26.0,25.2,95,25.36766240778635
4132,2023-06-22 04:00:00,25.7,25.0,96,25.205300068732523
4133,2023-06-22 05:00:00,25.1,24.6,97,24.741311877857445
4134,2023-06-22 06:00:00,25.0,24.5,96,24.506318681246437
4135,2023-06-22 07:00:00,25.5,25.0,96,25.005591156763533
4136,2023-06-22 08:00:00,26.2,24.6,91,25.015032405829288
4137,2023-06-22 09:00:00,28.2,25.4,85,26.127846926514337
4138,2023-06-22 10:00:00,30.1,25.2,75,26.46400804944141
4139,2023-06-22 11:00:00,32.0,24.8,66,26.802966744776835
4140,2023-06-22 12:00:00,33.7,24.1,57,26.782215787324066
4141,2023-06-22 13:00:00,35.1,23.6,52,27.073516922668905
4142,2023-06-22 14:00:00,35.8,23.0,48,26.877573568413112
4143,2023-06-22 15:00:00,35.2,23.0,49,26.568119335677178
4144,2023-06-22 16:00:00,28.6,24.8,80,25.78564284801937
4145,2023-06-22 17:00:00,28.0,25.1,84,25.78917461770667
4146,2023-06-22 18:00:00,28.2,25.6,86,26.272143724242145
4147,2023-06-22 19:00:00,30.0,25.6,77,26.674964762878474
4148,2023-06-22 20:00:00,29.8,25.6,78,26.636078387025545
4149,2023-06-22 21:00:00,29.0,25.9,83,26.612635869392086
4150,2023-06-22 22:00:00,28.9,25.6,83,26.515850277256984
4151,2023-06-22 23:00:00,28.5,24.6,79,25.542538708809456
4152,2023-06-23 00:00:00,28.1,24.4,80,25.30562466156881
4153,2023-06-23 01:00:00,27.7,24.8,84,25.498055404356524
4154,2023-06-23 02:00:00,26.9,25.2,90,25.566161914967317
4155,2023-06-23 03:00:00,26.6,25.2,92,25.549072627737388
4156,2023-06-23 04:00:00,26.2,25.0,93,25.29126980547337
4157,2023-06-23 05:00:00,26.0,25.0,95,25.36766240778635
4158,2023-06-23 06:00:00,25.6,25.1,97,25.241668607653626
4159,2023-06-23 07:00:00,26.1,25.0,93,25.192081334706856
4160,2023-06-23 08:00:00,27.0,25.6,92,25.944917172879336
4161,2023-06-23 09:00:00,27.9,26.1,90,26.55114490927538
4162,2023-06-23 10:00:00,26.8,24.3,86,24.906609632170106
4163,2023-06-23 11:00:00,25.0,23.4,91,23.830256838351783
4164,2023-06-23 12:00:00,28.5,24.9,81,25.83635663319142
4165,2023-06-23 13:00:00,29.5,24.5,75,25.896237738653447
4166,2023-06-23 14:00:00,28.0,24.4,81,25.355017867546064
4167,2023-06-23 15:00:00,28.8,25.1,80,25.97765001300987
4168,2023-06-23 16:00:00,30.4,24.9,72,26.281961625317148
4169,2023-06-23 17:00:00,30.7,25.0,71,26.405815665506864
4170,2023-06-23 18:00:00,30.8,24.8,71,26.499273168358094
4171,2023-06-23 19:00:00,30.9,24.1,68,26.114584282330792
4172,2023-06-23 20:00:00,28.9,25.0,80,26.073653572194104
4173,2023-06-23 21:00:00,28.8,25.6,83,26.419064670850346
4174,2023-06-23 22:00:00,29.0,25.8,83,26.612635869392086
4175,2023-06-23 23:00:00,28.6,25.8,85,26.51700861589483
4176,2023-06-24 00:00:00,28.4,25.6,85,26.322427798630088
4177,2023-06-24 01:00:00,28.0,25.5,87,26.220593068320092
4178,2023-06-24 02:00:00,27.5,25.4,88,25.87373511134802
4179,2023-06-24 03:00:00,27.0,25.2,90,25.664660270202106
4180,2023-06-24 04:00:00,25.9,25.1,95,25.268027376061784
4181,2023-06-24 05:00:00,26.0,25.2,96,25.504863353546792
4182,2023-06-24 06:00:00,25.9,25.2,96,25.405008936324226
4183,2023-06-24 07:00:00,27.0,26.4,96,26.503406924507377
4184,2023-06-24 08:00:00,28.2,26.1,88,26.559903814427738
4185,2023-06-24 09:00:00,29.5,25.8,80,26.64967460362731
4186,2023-06-24 10:00:00,31.1,25.3,71,26.779645563409904
4187,2023-06-24 11:00:00,32.7,24.6,63,26.93845874937229
4188,2023-06-24 12:00:00,33.5,23.9,57,26.60469762606438
4189,2023-06-24 13:00:00,35.1,23.2,50,26.681393337268467
4190,2023-06-24 14:00:00,35.7,22.6,47,26.58702984159193
4191,2023-06-24 15:00:00,35.8,22.5,46,26.46365057764461
4192,2023-06-24 16:00:00,36.3,22.5,45,26.67210070644064
4193,2023-06-24 17:00:00,35.9,22.7,47,26.756356516261466
4194,2023-06-24 18:00:00,35.3,22.9,49,26.653662534668907
4195,2023-06-24 19:00:00,33.6,23.4,55,26.32901103412942
4196,2023-06-24 20:00:00,31.6,23.7,63,25.938566708619785
4197,2023-06-24 21:00:00,30.2,23.6,68,25.466845235310675
4198,2023-06-24 22:00:00,28.8,25.1,80,25.97765001300987
4199,2023-06-24 23:00:00,28.3,25.4,84,26.08029370295588
4200,2023-06-25 00:00:00,28.0,25.5,87,26.220593068320092
4201,2023-06-25 01:00:00,27.6,25.7,89,26.11381771383083
4202,2023-06-25 02:00:00,27.4,25.6,90,26.058653566604306
4203,2023-06-25 03:00:00,27.0,25.5,92,25.944917172879336
4204,2023-06-25 04:00:00,27.0,25.5,92,25.944917172879336
4205,2023-06-25 05:00:00,26.9,25.5,92,25.845956054468857
4206,2023-06-25 06:00:00,26.9,25.4,92,25.845956054468857
4207,2023-06-25 07:00:00,28.0,25.8,88,26.363855677770616
4208,2023-06-25 08:00:00,28.9,25.6,82,26.368820830749858
4209,2023-06-25 09:00:00,30.2,25.6,76,26.71225075940082
4210,2023-06-25 10:00:00,31.8,25.0,68,26.947390143126658
4211,2023-06-25 11:00:00,33.3,24.4,60,26.960754114922118
4212,2023-06-25 12:00:00,34.8,24.0,54,27.19594262600877
4213,2023-06-25 13:00:00,35.7,23.5,50,27.19721799187758
4214,2023-06-25 14:00:00,36.5,23.4,47,27.264335702029374
4215,2023-06-25 15:00:00,37.0,23.2,45,27.258343402516694
4216,2023-06-25 16:00:00,37.2,23.2,45,27.42584098730892
4217,2023-06-25 17:00:00,36.4,23.5,48,27.388216969950083
4218,2023-06-25 18:00:00,34.8,24.0,54,27.19594262600877
4219,2023-06-25 19:00:00,33.7,24.5,59,27.142102756537977
4220,2023-06-25 20:00:00,31.9,24.5,65,26.545373337166676
4221,2023-06-25 21:00:00,30.6,23.9,67,25.67709055444261
4222,2023-06-25 22:00:00,29.4,23.6,71,25.190866377851457
4223,2023-06-25 23:00:00,28.5,23.9,76,25.098763500782713
4224,2023-06-26 00:00:00,27.8,24.2,81,25.162482253496165
4225,2023-06-26 01:00:00,27.2,24.5,85,25.15494173290528
4226,2023-06-26 02:00:00,26.9,24.7,88,25.285590002975148
4227,2023-06-26 03:00:00,26.5,24.6,89,25.032927740025453
4228,2023-06-26 04:00:00,26.1,24.5,91,24.91630117762493
4229,2023-06-26 05:00:00,25.9,24.6,93,24.993704357633607
4230,2023-06-26 06:00:00,25.9,24.9,95,25.268027376061784
4231,2023-06-26 07:00:00,27.0,25.5,91,25.804881786932192
4232,2023-06-26 08:00:00,28.3,25.1,83,25.93513642339789
4233,2023-06-26 09:00:00,29.8,24.6,74,26.027112055097966
4234,2023-06-26 10:00:00,31.1,24.2,67,26.138175871469745
4235,2023-06-26 11:00:00,32.5,23.9,60,26.241911718906845
4236,2023-06-26 12:00:00,33.6,23.6,56,26.511921575071657
4237,2023-06-26 13:00:00,34.7,23.0,51,26.532786353750748
4238,2023-06-26 14:00:00,35.5,22.6,47,26.417703025522528
4239,2023-06-26 15:00:00,36.5,22.0,43,26.405203523003323
4240,2023-06-26 16:00:00,37.3,22.0,41,26.614761763117766
4241,2023-06-26 17:00:00,37.2,22.0,42,26.760277968744
4242,2023-06-26 18:00:00,36.1,23.0,47,26.92568305055188
4243,2023-06-26 19:00:00,33.3,24.0,58,26.606276937757364
4244,2023-06-26 20:00:00,32.0,23.5,61,25.963510560948052
4245,2023-06-26 21:00:00,30.7,23.2,65,25.44655304382783
4246,2023-06-26 22:00:00,29.5,23.5,70,25.129890359623207
4247,2023-06-26 23:00:00,28.4,23.9,77,25.151929078541375
4248,2023-06-27 00:00:00,27.5,24.5,84,25.303975857112007
4249,2023-06-27 01:00:00,26.9,24.8,89,25.42597881895266
4250,2023-06-27 02:00:00,26.5,24.9,90,25.172168368529245
4251,2023-06-27 03:00:00,26.3,24.9,92,25.252189093121316
4252,2023-06-27 04:00:00,26.0,24.9,93,25.092892852103557
4253,2023-06-27 05:00:00,25.7,24.9,95,25.068757278636607
4254,2023-06-27 06:00:00,25.6,24.9,96,25.105445618308874
4255,2023-06-27 07:00:00,27.6,25.6,89,26.11381771383083
4256,2023-06-27 08:00:00,28.1,25.1,84,25.886214326972397
4257,2023-06-27 09:00:00,29.5,24.7,75,25.896237738653447
4258,2023-06-27 10:00:00,31.1,24.2,67,26.138175871469745
4259,2023-06-27 11:00:00,32.6,23.9,60,26.331767105980266
4260,2023-06-27 12:00:00,33.8,23.8,56,26.688684205172034
4261,2023-06-27 13:00:00,35.0,23.5,52,26.98671394161522
4262,2023-06-27 14:00:00,36.0,23.0,47,26.841019800890646
4263,2023-06-27 15:00:00,36.5,22.6,45,26.83959880360088
4264,2023-06-27 16:00:00,37.0,22.1,43,26.81919380952226
4265,2023-06-27 17:00:00,37.4,21.9,41,26.696569296126018
4266,2023-06-27 18:00:00,37.1,22.2,42,26.677970108497135
4267,2023-06-27 19:00:00,35.7,23.5,49,26.99583499806438
4268,2023-06-27 20:00:00,33.1,23.6,58,26.428015715742504
4269,2023-06-27 21:00:00,31.1,23.5,64,25.648890846288722
4270,2023-06-27 22:00:00,29.6,23.6,70,25.22304480072132
4271,2023-06-27 23:00:00,28.4,24.2,78,25.299573095542367
4272,2023-06-28 00:00:00,27.6,24.4,83,25.25763626670152
4273,2023-06-28 01:00:00,27.0,24.5,86,25.10168609588793
4274,2023-06-28 02:00:00,26.7,24.5,88,25.089541528420867
4275,2023-06-28 03:00:00,26.1,24.5,91,24.91630117762493
4276,2023-06-28 04:00:00,25.6,24.6,94,24.832689622628155
4277,2023-06-28 05:00:00,25.5,24.7,95,24.86948713572207
4278,2023-06-28 06:00:00,25.4,24.6,96,24.905736684069016
4279,2023-06-28 07:00:00,27.4,24.8,86,25.491838857310338
4280,2023-06-28 08:00:00,28.2,24.5,81,25.547553419831473
4281,2023-06-28 09:00:00,29.7,24.2,73,25.779501308651962
4282,2023-06-28 10:00:00,31.0,24.0,66,25.884015867420132
4283,2023-06-28 11:00:00,32.4,23.8,61,26.32434654121488
4284,2023-06-28 12:00:00,33.7,23.6,56,26.600302903973937
4285,2023-06-28 13:00:00,34.5,23.4,52,26.55269857878199
4286,2023-06-28 14:00:00,35.3,23.1,49,26.653662534668907
4287,2023-06-28 15:00:00,36.0,22.6,46,26.63207199908873
4288,2023-06-28 16:00:00,36.8,22.0,43,26.653597813097605
4289,2023-06-28 17:00:00,37.0,21.6,41,26.3693389135589
4290,2023-06-28 18:00:00,36.0,22.0,44,26.20726724989294
4291,2023-06-28 19:00:00,34.5,22.9,51,26.36000464258767
4292,2023-06-28 20:00:00,32.3,23.1,58,25.71496976278516
4293,2023-06-28 21:00:00,30.5,23.8,67,25.58487342677775
4294,2023-06-28 22:00:00,29.5,24.0,72,25.438152212738363
4295,2023-06-28 23:00:00,28.6,24.4,78,25.490502619150735
4296,2023-06-29 00:00:00,28.1,24.8,82,25.596593863989686
4297,2023-06-29 01:00:00,27.8,25.0,85,25.73868501656289
4298,2023-06-29 02:00:00,27.5,25.1,87,25.73167993218587
4299,2023-06-29 03:00:00,27.1,25.1,89,25.622504281215985
4300,2023-06-29 04:00:00,27.0,25.2,90,25.664660270202106
4301,2023-06-29 05:00:00,26.9,25.2,91,25.706150657219485
4302,2023-06-29 06:00:00,26.6,25.2,92,25.549072627737388
4303,2023-06-29 07:00:00,26.4,24.9,91,25.21249482500437
4304,2023-06-29 08:00:00,27.9,25.0,84,25.692134894207598
4305,2023-06-29 09:00:00,29.5,24.8,76,26.04787425067064
4306,2023-06-29 10:00:00,31.0,24.4,68,26.20711834871764
4307,2023-06-29 11:00:00,32.3,23.8,61,26.234137583157388
4308,2023-06-29 12:00:00,33.5,23.5,56,26.42354021837235
4309,2023-06-29 13:00:00,34.8,23.0,50,26.423480573510513
4310,2023-06-29 14:00:00,35.7,22.5,47,26.58702984159193
4311,2023-06-29 15:00:00,36.1,22.4,45,26.504602460450723
4312,2023-06-29 16:00:00,36.1,22.0,44,26.290545762832696
4313,2023-06-29 17:00:00,35.7,21.4,44,25.957431476183682
4314,2023-06-29 18:00:00,34.6,21.5,46,25.45311894244525
4315,2023-06-29 19:00:00,33.5,21.5,49,25.113879728811156
4316,2023-06-29 20:00:00,31.9,21.5,54,24.655361150589517
4317,2023-06-29 21:00:00,30.4,22.0,61,24.52016261018135
4318,2023-06-29 22:00:00,29.0,22.7,69,24.51059223830438
4319,2023-06-29 23:00:00,28.0,23.2,75,24.476809177650935
4320,2023-06-30 00:00:00,27.5,23.8,80,24.729602314943865
4321,2023-06-30 01:00:00,27.0,24.1,84,24.81877673586873
4322,2023-06-30 02:00:00,26.8,24.3,86,24.906609632170106
4323,2023-06-30 03:00:00,26.6,24.4,87,24.85163544493022
4324,2023-06-30 04:00:00,26.5,24.5,89,25.032927740025453
4325,2023-06-30 05:00:00,26.5,24.5,89,25.032927740025453
4326,2023-06-30 06:00:00,26.3,24.6,90,24.975171519557673
4327,2023-06-30 07:00:00,26.4,25.0,92,25.35115028336447
4328,2023-06-30 08:00:00,28.0,25.3,85,25.933265999256363
4329,2023-06-30 09:00:00,29.9,25.1,76,26.427518071063577
4330,2023-06-30 10:00:00,31.0,24.8,70,26.527204878465724
4331,2023-06-30 11:00:00,32.5,24.0,61,26.414555474731486
4332,2023-06-30 12:00:00,33.8,23.5,55,26.505005190733815
4333,2023-06-30 13:00:00,34.8,22.8,50,26.423480573510513
4334,2023-06-30 14:00:00,35.4,22.6,48,26.537143956126492
4335,2023-06-30 15:00:00,36.1,22.0,44,26.290545762832696
4336,2023-06-30 16:00:00,36.7,21.2,41,26.123915684813966
4337,2023-06-30 17:00:00,36.7,20.8,40,25.896209510716456
4338,2023-06-30 18:00:00,34.3,21.9,48,25.600959654540954
4339,2023-06-30 19:00:00,32.7,21.6,52,24.990236779300044
4340,2023-06-30 20:00:00,31.0,21.0,56,24.21399698653828
4341,2023-06-30 21:00:00,29.7,21.4,61,23.888695793934197
4342,2023-06-30 22:00:00,28.6,22.9,71,24.443203626138672
4343,2023-06-30 23:00:00,28.0,24.4,81,25.355017867546064
4344,2023-07-01 00:00:00,27.6,24.7,84,25.40101563792773
4345,2023-07-01 01:00:00,27.3,24.8,86,25.39430068761482
4346,2023-07-01 02:00:00,27.0,24.7,87,25.242766463012273
4347,2023-07-01 03:00:00,26.5,24.6,90,25.172168368529245
4348,2023-07-01 04:00:00,26.2,24.5,90,24.876673076019678
4349,2023-07-01 05:00:00,26.0,24.4,91,24.817569936966933
4350,2023-07-01 06:00:00,25.9,24.2,91,24.718838683823336
4351,2023-07-01 07:00:00,26.1,24.4,90,24.778174619736458
4352,2023-07-01 08:00:00,27.6,24.6,84,25.40101563792773
4353,2023-07-01 09:00:00,29.4,24.8,76,25.95296325311993
4354,2023-07-01 10:00:00,30.9,24.2,68,26.114584282330792
4355,2023-07-01 11:00:00,32.5,23.4,59,26.068151652488503
4356,2023-07-01 12:00:00,34.0,22.4,51,25.928049802878213
4357,2023-07-01 13:00:00,35.0,21.9,47,25.99438535993615
4358,2023-07-01 14:00:00,35.9,21.5,43,25.908413864342513
4359,2023-07-01 15:00:00,36.4,21.1,41,25.878492072474803
4360,2023-07-01 16:00:00,35.9,21.5,43,25.908413864342513
4361,2023-07-01 17:00:00,35.5,22.4,47,26.417703025522528
4362,2023-07-01 18:00:00,35.2,22.5,48,26.366928943671805
4363,2023-07-01 19:00:00,31.6,26.0,72,27.40703850221686
4364,2023-07-01 20:00:00,32.0,24.9,66,26.802966744776835
4365,2023-07-01 21:00:00,31.1,24.4,68,26.299652394496466
4366,2023-07-01 22:00:00,30.5,23.5,66,25.42453961132389
4367,2023-07-01 23:00:00,29.6,23.2,68,24.911639515154445
4368,2023-07-02 00:00:00,29.0,23.5,72,24.969368539056102
4369,2023-07-02 01:00:00,28.4,23.9,77,25.151929078541375
4370,2023-07-02 02:00:00,27.8,24.5,82,25.307008505349135
4371,2023-07-02 03:00:00,27.5,24.9,86,25.589377013293134
4372,2023-07-02 04:00:00,27.2,25.0,88,25.5796626160219
4373,2023-07-02 05:00:00,26.9,25.1,90,25.566161914967317
4374,2023-07-02 06:00:00,26.5,25.1,93,25.588835147049327
4375,2023-07-02 07:00:00,25.7,25.4,98,25.478085386677275
4376,2023-07-02 08:00:00,25.4,24.9,97,25.04152594847719
4377,2023-07-02 09:00:00,25.6,23.6,88,24.011273963362378
4378,2023-07-02 10:00:00,26.9,24.0,84,24.72173686791302
4379,2023-07-02 11:00:00,29.0,24.1,75,25.42309533156935
4380,2023-07-02 12:00:00,31.0,23.8,66,25.884015867420132
4381,2023-07-02 13:00:00,32.2,23.3,59,25.79966329489037
4382,2023-07-02 14:00:00,33.2,23.6,57,26.338420181629292
4383,2023-07-02 15:00:00,33.4,23.4,56,26.335158833782753
4384,2023-07-02 16:00:00,34.0,23.1,53,26.307676345893718
4385,2023-07-02 17:00:00,34.1,22.8,52,26.205485733061536
4386,2023-07-02 18:00:00,33.8,22.0,50,25.563769211904606
4387,2023-07-02 19:00:00,27.8,24.3,81,25.162482253496165
4388,2023-07-02 20:00:00,28.2,24.0,78,25.10864350553067
4389,2023-07-02 21:00:00,28.2,23.9,77,24.96154931462069
4390,2023-07-02 22:00:00,28.2,23.9,77,24.96154931462069
4391,2023-07-02 23:00:00,27.9,23.9,79,24.968122480716538
4392,2023-07-03 00:00:00,27.8,23.5,78,24.726784124791116
4393,2023-07-03 01:00:00,27.5,23.7,80,24.729602314943865
4394,2023-07-03 02:00:00,27.1,24.1,83,24.77370714071506
4395,2023-07-03 03:00:00,26.8,24.5,87,25.0472009811086
4396,2023-07-03 04:00:00,26.4,24.8,91,25.21249482500437
4397,2023-07-03 05:00:00,25.9,25.0,95,25.268027376061784
4398,2023-07-03 06:00:00,25.9,25.2,96,25.405008936324226
4399,2023-07-03 07:00:00,24.8,23.2,91,23.632794065944385
4400,2023-07-03 08:00:00,24.7,23.6,94,23.937971108024644
4401,2023-07-03 09:00:00,25.0,23.7,92,23.965692509542087
4402,2023-07-03 10:00:00,26.8,23.9,84,24.624696985296257
4403,2023-07-03 11:00:00,29.2,24.0,74,25.461060453862117
4404,2023-07-03 12:00:00,31.1,23.8,65,25.812826833942957
4405,2023-07-03 13:00:00,32.7,22.4,55,25.537035894985188
4406,2023-07-03 14:00:00,33.3,21.8,51,25.323311656572834
4407,2023-07-03 15:00:00,33.8,21.1,48,25.175419911201683
4408,2023-07-03 16:00:00,32.0,22.4,57,25.273307926923735
4409,2023-07-03 17:00:00,31.5,22.5,59,25.173189533816835
4410,2023-07-03 18:00:00,32.2,22.0,55,25.097048673725546
4411,2023-07-03 19:00:00,31.5,23.2,61,25.512465025675844
4412,2023-07-03 20:00:00,31.0,23.1,63,25.393169851708297
4413,2023-07-03 21:00:00,30.5,23.1,65,25.263416012171163
4414,2023-07-03 22:00:00,29.9,23.1,67,25.03157020540289
4415,2023-07-03 23:00:00,29.0,23.6,73,25.12114143470163
4416,2023-07-04 00:00:00,28.1,24.0,78,25.013178685506233
4417,2023-07-04 01:00:00,27.6,24.5,83,25.25763626670152
4418,2023-07-04 02:00:00,27.2,24.7,86,25.296762504170243
4419,2023-07-04 03:00:00,27.0,24.9,88,25.383614220461
4420,2023-07-04 04:00:00,26.9,24.9,89,25.42597881895266
4421,2023-07-04 05:00:00,26.8,25.0,90,25.467663547214872
4422,2023-07-04 06:00:00,26.7,25.1,91,25.508688361157372
4423,2023-07-04 07:00:00,25.6,23.1,86,23.73614966902913
4424,2023-07-04 08:00:00,25.8,22.8,84,23.654297343959193
4425,2023-07-04 09:00:00,26.5,23.2,82,24.052137032387748
4426,2023-07-04 10:00:00,29.1,24.0,74,25.366718456953205
4427,2023-07-04 11:00:00,30.6,24.4,69,25.996138417775683
4428,2023-07-04 12:00:00,32.0,24.1,63,26.302164139836215
4429,2023-07-04 13:00:00,33.1,23.4,57,26.249660979112488
4430,2023-07-04 14:00:00,33.7,22.7,53,26.046051501344703
4431,2023-07-04 15:00:00,33.5,22.3,52,25.684665522486004
4432,2023-07-04 16:00:00,31.0,23.0,63,25.393169851708297
4433,2023-07-04 17:00:00,32.1,22.5,57,25.362067435230664
4434,2023-07-04 18:00:00,33.0,22.4,54,25.619032968903607
4435,2023-07-04 19:00:00,27.0,23.9,83,24.676921270731526
4436,2023-07-04 20:00:00,27.7,23.9,80,24.92160982772833
4437,2023-07-04 21:00:00,27.9,24.0,80,25.113617276484863
4438,2023-07-04 22:00:00,27.9,24.1,80,25.113617276484863
4439,2023-07-04 23:00:00,27.6,24.3,82,25.113951524126858
4440,2023-07-05 00:00:00,27.6,24.8,85,25.544103978138544
4441,2023-07-05 01:00:00,27.6,24.8,84,25.40101563792773
4442,2023-07-05 02:00:00,27.2,24.6,85,25.15494173290528
4443,2023-07-05 03:00:00,27.0,24.5,87,25.242766463012273
4444,2023-07-05 04:00:00,26.2,24.8,91,25.015032405829288
4445,2023-07-05 05:00:00,26.0,25.0,94,25.230341990588943
4446,2023-07-05 06:00:00,25.8,25.0,96,25.305154508061875
4447,2023-07-05 07:00:00,27.0,25.6,92,25.944917172879336
4448,2023-07-05 08:00:00,28.0,25.7,87,26.220593068320092
4449,2023-07-05 09:00:00,29.8,25.5,78,26.636078387025545
4450,2023-07-05 10:00:00,27.9,23.9,79,24.968122480716538
4451,2023-07-05 11:00:00,29.3,24.0,73,25.403295778351836
4452,2023-07-05 12:00:00,31.1,24.0,66,25.97591105263992
4453,2023-07-05 13:00:00,32.9,24.0,60,26.60133311643164
4454,2023-07-05 14:00:00,33.5,23.6,56,26.42354021837235
4455,2023-07-05 15:00:00,31.8,23.8,63,26.120365471167695
4456,2023-07-05 16:00:00,30.8,24.0,67,25.861524745315805
4457,2023-07-05 17:00:00,29.7,23.5,69,25.160519345629126
4458,2023-07-05 18:00:00,29.7,24.5,73,25.779501308651962
4459,2023-07-05 19:00:00,27.2,23.0,78,24.15399454616824
4460,2023-07-05 20:00:00,28.5,23.4,74,24.80066609046037
4461,2023-07-05 21:00:00,28.3,23.6,76,24.90894114212598
4462,2023-07-05 22:00:00,27.9,23.4,77,24.675979539801677
4463,2023-07-05 23:00:00,27.5,23.7,80,24.729602314943865
4464,2023-07-06 00:00:00,27.1,23.8,82,24.631308804533884
4465,2023-07-06 01:00:00,26.9,23.8,83,24.580135385724162
4466,2023-07-06 02:00:00,26.8,24.0,85,24.765779261151295
4467,2023-07-06 03:00:00,26.5,24.0,86,24.61399483200513
4468,2023-07-06 04:00:00,26.2,24.1,88,24.59942010951942
4469,2023-07-06 05:00:00,26.1,24.2,90,24.778174619736458
4470,2023-07-06 06:00:00,26.0,24.4,91,24.817569936966933
4471,2023-07-06 07:00:00,25.2,23.8,92,24.163615196462548
4472,2023-07-06 08:00:00,25.4,23.7,91,24.225182229695253
4473,2023-07-06 09:00:00,26.0,23.2,85,23.987453628286733
4474,2023-07-06 10:00:00,27.4,23.9,81,24.77741083873557
4475,2023-07-06 11:00:00,28.0,23.9,79,25.063858559388002
4476,2023-07-06 12:00:00,29.5,24.4,74,25.744086335640414
4477,2023-07-06 13:00:00,29.0,24.1,75,25.42309533156935
4478,2023-07-06 14:00:00,28.0,23.9,78,24.917713848739805
4479,2023-07-06 15:00:00,29.2,24.3,75,25.61235234737591
4480,2023-07-06 16:00:00,30.3,24.0,69,25.717598911416683
4481,2023-07-06 17:00:00,28.0,23.5,76,24.62420747183553
4482,2023-07-06 18:00:00,28.6,24.1,76,25.193674653801775
4483,2023-07-06 19:00:00,27.5,22.8,75,24.003665417747523
4484,2023-07-06 20:00:00,27.5,22.9,76,24.149650998462082
4485,2023-07-06 21:00:00,26.8,23.2,81,24.199803244748658
4486,2023-07-06 22:00:00,26.2,23.5,85,24.18203512344727
4487,2023-07-06 23:00:00,25.8,23.6,88,24.20732273292772
4488,2023-07-07 00:00:00,25.8,23.6,88,24.20732273292772
4489,2023-07-07 01:00:00,25.5,23.8,90,24.18718361253367
4490,2023-07-07 02:00:00,25.5,24.1,92,24.46049913375888
4491,2023-07-07 03:00:00,25.3,24.2,94,24.53445022402502
4492,2023-07-07 04:00:00,25.2,24.2,94,24.435037067641975
4493,2023-07-07 05:00:00,25.0,24.0,94,24.236210719425056
4494,2023-07-07 06:00:00,24.8,23.8,94,24.03738432374144
4495,2023-07-07 07:00:00,25.2,25.0,98,24.97665676618254
4496,2023-07-07 08:00:00,24.7,22.5,88,23.12905382092215
4497,2023-07-07 09:00:00,26.2,23.6,85,24.18203512344727
4498,2023-07-07 10:00:00,26.0,23.3,85,23.987453628286733
4499,2023-07-07 11:00:00,26.6,24.1,86,24.711533112721423
4500,2023-07-07 12:00:00,27.8,24.2,81,25.162482253496165
4501,2023-07-07 13:00:00,27.8,24.5,82,25.307008505349135
4502,2023-07-07 14:00:00,29.9,24.8,74,26.121453925755528
4503,2023-07-07 15:00:00,31.2,24.8,69,26.553216885702493
4504,2023-07-07 16:00:00,29.5,24.2,73,25.591398580638945
4505,2023-07-07 17:00:00,30.1,24.0,70,25.688816703856652
4506,2023-07-07 18:00:00,30.2,24.2,70,25.781971024435077
4507,2023-07-07 19:00:00,28.1,24.2,79,25.159594621736343
4508,2023-07-07 20:00:00,28.0,24.6,82,25.500065426147007
4509,2023-07-07 21:00:00,27.1,24.8,87,25.34054918370028
4510,2023-07-07 22:00:00,26.7,24.5,88,25.089541528420867
4511,2023-07-07 23:00:00,26.1,24.4,90,24.778174619736458
4512,2023-07-08 00:00:00,25.7,24.5,93,24.79532733297381
4513,2023-07-08 01:00:00,25.0,24.3,96,24.506318681246437
4514,2023-07-08 02:00:00,25.1,24.5,96,24.606173198814272
4515,2023-07-08 03:00:00,24.6,24.2,98,24.374942068392837
4516,2023-07-08 04:00:00,25.0,24.4,97,24.641240499048823
4517,2023-07-08 05:00:00,24.7,24.2,97,24.341026296438404
4518,2023-07-08 06:00:00,24.4,24.0,97,24.040811993978746
4519,2023-07-08 07:00:00,25.5,24.5,94,24.733276501488593
4520,2023-07-08 08:00:00,27.0,25.1,90,25.664660270202106
4521,2023-07-08 09:00:00,28.4,25.4,84,26.17733336974934
4522,2023-07-08 10:00:00,28.8,24.2,76,25.383496907472296
4523,2023-07-08 11:00:00,29.0,24.8,78,25.87236146864669
4524,2023-07-08 12:00:00,30.8,25.1,72,26.656987544320028
4525,2023-07-08 13:00:00,32.0,25.2,68,27.132457889344668
4526,2023-07-08 14:00:00,32.5,25.1,65,27.094782289599085
4527,2023-07-08 15:00:00,33.2,24.5,60,26.87089890242804
4528,2023-07-08 16:00:00,30.2,25.0,73,26.24975780656883
4529,2023-07-08 17:00:00,31.3,24.9,69,26.646063227106552
4530,2023-07-08 18:00:00,31.1,24.9,69,26.460370524421897
4531,2023-07-08 19:00:00,27.7,24.9,85,25.641394504335615
4532,2023-07-08 20:00:00,27.9,24.8,83,25.547993564602095
4533,2023-07-08 21:00:00,27.4,24.8,86,25.491838857310338
4534,2023-07-08 22:00:00,27.2,25.0,88,25.5796626160219
4535,2023-07-08 23:00:00,27.0,25.4,90,25.664660270202106
4536,2023-07-09 00:00:00,27.0,25.4,91,25.804881786932192
4537,2023-07-09 01:00:00,26.6,25.4,93,25.688023570765335
4538,2023-07-09 02:00:00,26.5,25.4,94,25.727407190372592
4539,2023-07-09 03:00:00,26.4,25.0,92,25.35115028336447
4540,2023-07-09 04:00:00,26.3,24.8,91,25.11376362161186
4541,2023-07-09 05:00:00,26.0,24.6,92,24.95530544979787
4542,2023-07-09 06:00:00,25.7,24.7,94,24.932102732078743
4543,2023-07-09 07:00:00,26.6,25.9,96,26.103989626559297
4544,2023-07-09 08:00:00,28.0,25.9,88,26.363855677770616
4545,2023-07-09 09:00:00,28.9,26.0,84,26.662531493235758
4546,2023-07-09 10:00:00,30.0,26.2,80,27.12969171058859
4547,2023-07-09 11:00:00,31.2,26.1,74,27.347896640457005
4548,2023-07-09 12:00:00,32.1,25.9,70,27.551899405453764
4549,2023-07-09 13:00:00,32.9,25.7,66,27.630020715905427
4550,2023-07-09 14:00:00,33.0,25.3,64,27.382381446094886
4551,2023-07-09 15:00:00,32.5,25.6,67,27.429211967566122
4552,2023-07-09 16:00:00,33.8,24.6,59,27.231598516758098
4553,2023-07-09 17:00:00,31.8,25.3,69,27.11029463804898
4554,2023-07-09 18:00:00,31.9,24.8,66,26.71107175372879
4555,2023-07-09 19:00:00,30.9,26.8,79,27.8401979211886
4556,2023-07-09 20:00:00,30.8,25.8,75,27.12640596236725
4557,2023-07-09 21:00:00,30.0,24.7,74,26.21579577858507
4558,2023-07-09 22:00:00,28.9,24.7,78,25.77689678087221
4559,2023-07-09 23:00:00,28.1,25.0,83,25.741565023164114
4560,2023-07-10 00:00:00,27.5,25.3,88,25.87373511134802
4561,2023-07-10 01:00:00,27.1,25.4,90,25.763158612951294
4562,2023-07-10 02:00:00,26.8,25.3,92,25.74699492416177
4563,2023-07-10 03:00:00,26.5,25.2,93,25.588835147049327
4564,2023-07-10 04:00:00,26.2,25.1,94,25.42916810501824
4565,2023-07-10 05:00:00,26.0,25.0,94,25.230341990588943
4566,2023-07-10 06:00:00,25.8,25.0,95,25.16839233302124
4567,2023-07-10 07:00:00,27.0,26.5,97,26.642666018247535
4568,2023-07-10 08:00:00,28.4,26.4,89,26.89991855172396
4569,2023-07-10 09:00:00,29.1,26.5,86,27.149985673249756
4570,2023-07-10 10:00:00,30.4,26.3,79,27.36151965350736
4571,2023-07-10 11:00:00,31.6,26.2,73,27.56647360179974
4572,2023-07-10 12:00:00,32.5,26.1,69,27.760217794966902
4573,2023-07-10 13:00:00,33.2,25.9,65,27.73575842012887
4574,2023-07-10 14:00:00,33.4,25.5,63,27.57475224096795
4575,2023-07-10 15:00:00,33.7,25.6,63,27.84744911544068
4576,2023-07-10 16:00:00,34.0,25.7,62,27.944474356760065
4577,2023-07-10 17:00:00,32.0,25.8,70,27.4587454525994
4578,2023-07-10 18:00:00,32.2,25.6,68,27.31752555557836
4579,2023-07-10 19:00:00,32.7,24.3,62,26.767238500420397
4580,2023-07-10 20:00:00,31.3,24.5,67,26.322609849562006
4581,2023-07-10 21:00:00,30.1,23.8,69,25.531905805170407
4582,2023-07-10 22:00:00,29.1,24.0,74,25.366718456953205
4583,2023-07-10 23:00:00,28.4,24.5,79,25.44680271129854
4584,2023-07-11 00:00:00,27.7,24.6,84,25.498055404356524
4585,2023-07-11 01:00:00,27.2,24.8,87,25.43833189092637
4586,2023-07-11 02:00:00,26.9,24.9,89,25.42597881895266
4587,2023-07-11 03:00:00,26.5,25.0,91,25.311226016038464
4588,2023-07-11 04:00:00,26.2,25.1,93,25.29126980547337
4589,2023-07-11 05:00:00,26.1,25.4,95,25.467297428222974
4590,2023-07-11 06:00:00,26.1,25.5,97,25.74202506615092
4591,2023-07-11 07:00:00,27.8,26.5,93,26.878283751919653
4592,2023-07-11 08:00:00,28.9,26.0,85,26.808879739578288
4593,2023-07-11 09:00:00,30.2,25.8,77,26.86534392570145
4594,2023-07-11 10:00:00,31.5,25.4,70,26.992975404571204
4595,2023-07-11 11:00:00,32.4,25.1,65,27.003214185184238
4596,2023-07-11 12:00:00,33.4,24.9,61,27.226434784907312
4597,2023-07-11 13:00:00,33.8,24.6,59,27.231598516758098
4598,2023-07-11 14:00:00,34.5,24.3,55,27.12098384438886
4599,2023-07-11 15:00:00,35.1,24.0,53,27.26696512575288
4600,2023-07-11 16:00:00,35.5,23.8,51,27.22391193654871
4601,2023-07-11 17:00:00,34.8,23.5,52,26.813107888311123
4602,2023-07-11 18:00:00,33.6,24.0,57,26.693456720137654
4603,2023-07-11 19:00:00,29.7,25.4,78,26.540613828566606
4604,2023-07-11 20:00:00,31.1,25.5,72,26.938256790114803
4605,2023-07-11 21:00:00,30.4,24.4,70,25.96827960602169
4606,2023-07-11 22:00:00,29.2,25.1,78,26.06329079527196
4607,2023-07-11 23:00:00,28.5,25.7,85,26.419718214100712
4608,2023-07-12 00:00:00,28.0,26.2,90,26.649643141079277
4609,2023-07-12 01:00:00,27.6,26.2,92,26.5386836351843
4610,2023-07-12 02:00:00,27.2,25.8,92,26.14283937413021
4611,2023-07-12 03:00:00,27.0,25.5,92,25.944917172879336
4612,2023-07-12 04:00:00,26.5,25.4,93,25.588835147049327
4613,2023-07-12 05:00:00,26.2,25.3,95,25.566932437399583
4614,2023-07-12 06:00:00,26.1,25.2,95,25.467297428222974
4615,2023-07-12 07:00:00,28.0,26.0,89,26.506868232663262
4616,2023-07-12 08:00:00,29.0,25.8,83,26.612635869392086
4617,2023-07-12 09:00:00,30.4,25.5,75,26.747892971637103
4618,2023-07-12 10:00:00,31.5,25.2,69,26.83175585052236
4619,2023-07-12 11:00:00,32.4,24.9,65,27.003214185184238
4620,2023-07-12 12:00:00,34.3,24.5,57,27.314769630765053
4621,2023-07-12 13:00:00,35.5,24.2,52,27.420728545325996
4622,2023-07-12 14:00:00,36.3,23.0,46,26.884703859613982
4623,2023-07-12 15:00:00,36.8,22.9,45,27.090845672673083
4624,2023-07-12 16:00:00,37.2,22.8,44,27.20660686910063
4625,2023-07-12 17:00:00,36.8,23.2,46,27.30575624486038
4626,2023-07-12 18:00:00,36.0,23.0,47,26.841019800890646
4627,2023-07-12 19:00:00,32.5,24.9,64,26.926200495488533
4628,2023-07-12 20:00:00,31.4,24.5,67,26.41482680699892
4629,2023-07-12 21:00:00,29.6,25.1,77,26.294206240987112
4630,2023-07-12 22:00:00,29.1,25.2,80,26.265660644154174
4631,2023-07-12 23:00:00,28.7,25.8,84,26.468452285787976
4632,2023-07-13 00:00:00,28.5,26.2,88,26.853975923906038
4633,2023-07-13 01:00:00,28.0,26.1,90,26.649643141079277
4634,2023-07-13 02:00:00,27.5,25.8,90,26.15715185972959
4635,2023-07-13 03:00:00,27.1,25.6,91,25.90361290447402
4636,2023-07-13 04:00:00,26.8,25.5,93,25.886400383159717
4637,2023-07-13 05:00:00,26.6,25.5,93,25.688023570765335
4638,2023-07-13 06:00:00,26.5,25.5,94,25.727407190372592
4639,2023-07-13 07:00:00,28.2,26.4,89,26.703393417037244
4640,2023-07-13 08:00:00,29.0,26.0,84,26.759571076097615
4641,2023-07-13 09:00:00,30.5,25.4,74,26.687504777103452
4642,2023-07-13 10:00:00,31.9,25.1,67,26.875911280647898
4643,2023-07-13 11:00:00,33.4,24.8,61,27.226434784907312
4644,2023-07-13 12:00:00,34.6,24.4,56,27.395733628412952
4645,2023-07-13 13:00:00,35.5,24.0,51,27.22391193654871
4646,2023-07-13 14:00:00,36.3,23.7,48,27.30310982019713
4647,2023-07-13 15:00:00,37.0,23.5,46,27.474176951505914
4648,2023-07-13 16:00:00,36.5,23.2,47,27.264335702029374
4649,2023-07-13 17:00:00,35.9,23.2,48,26.96268088623878
4650,2023-07-13 18:00:00,34.5,23.2,52,26.55269857878199
4651,2023-07-13 19:00:00,32.8,23.2,57,25.98338320717547
4652,2023-07-13 20:00:00,31.4,23.5,63,25.756767851595875
4653,2023-07-13 21:00:00,29.9,23.7,70,25.50250800283146
4654,2023-07-13 22:00:00,29.0,24.0,75,25.42309533156935
4655,2023-07-13 23:00:00,28.1,24.8,82,25.596593863989686
4656,2023-07-14 00:00:00,27.8,25.0,85,25.73868501656289
4657,2023-07-14 01:00:00,27.4,25.2,88,25.775710959262714
4658,2023-07-14 02:00:00,27.1,25.3,90,25.763158612951294
4659,2023-07-14 03:00:00,26.8,25.4,92,25.74699492416177
4660,2023-07-14 04:00:00,26.5,25.5,95,25.865837397647393
4661,2023-07-14 05:00:00,26.4,25.6,96,25.90428091258029
4662,2023-07-14 06:00:00,26.5,25.7,96,26.00413527500898
4663,2023-07-14 07:00:00,28.2,26.0,88,26.559903814427738
4664,2023-07-14 08:00:00,29.0,25.6,82,26.465349135200743
4665,2023-07-14 09:00:00,30.4,25.2,74,26.593163012647413
4666,2023-07-14 10:00:00,32.0,24.9,66,26.802966744776835
4667,2023-07-14 11:00:00,33.5,24.5,59,26.963111160713467
4668,2023-07-14 12:00:00,34.9,24.0,53,27.092549251061264
4669,2023-07-14 13:00:00,35.8,23.0,47,26.671693196537653
4670,2023-07-14 14:00:00,36.8,22.0,43,26.653597813097605
4671,2023-07-14 15:00:00,37.0,21.1,40,26.14010029059681
4672,2023-07-14 16:00:00,36.8,20.8,39,25.746265252963383
4673,2023-07-14 17:00:00,36.2,20.4,40,25.489723989054713
4674,2023-07-14 18:00:00,34.8,20.6,44,25.20792200617773
4675,2023-07-14 19:00:00,33.0,22.4,54,25.619032968903607
4676,2023-07-14 20:00:00,31.4,22.7,60,25.25350077542848
4677,2023-07-14 21:00:00,30.0,22.8,65,24.80557303000291
4678,2023-07-14 22:00:00,29.0,23.0,70,24.664117848418428
4679,2023-07-14 23:00:00,28.1,24.1,79,25.159594621736343
4680,2023-07-15 00:00:00,27.5,25.0,86,25.589377013293134
4681,2023-07-15 01:00:00,27.2,25.4,90,25.861656943246842
4682,2023-07-15 02:00:00,27.0,25.4,91,25.804881786932192
4683,2023-07-15 03:00:00,26.6,25.3,92,25.549072627737388
4684,2023-07-15 04:00:00,26.4,25.4,95,25.76620242208409
4685,2023-07-15 05:00:00,26.2,25.5,95,25.566932437399583
4686,2023-07-15 06:00:00,26.3,25.6,96,25.80442653924654
4687,2023-07-15 07:00:00,27.1,26.0,94,26.32388505326021
4688,2023-07-15 08:00:00,28.8,25.8,84,26.56549189647821
4689,2023-07-15 09:00:00,30.4,25.4,75,26.747892971637103
4690,2023-07-15 10:00:00,31.8,25.0,68,26.947390143126658
4691,2023-07-15 11:00:00,33.2,24.2,59,26.694623577289835
4692,2023-07-15 12:00:00,34.5,23.5,53,26.743717147578124
4693,2023-07-15 13:00:00,35.8,22.5,46,26.46365057764461
4694,2023-07-15 14:00:00,36.9,20.9,40,26.058803407992105
4695,2023-07-15 15:00:00,37.6,20.0,36,25.666091661979173
4696,2023-07-15 16:00:00,37.9,19.2,34,25.397411423288176
4697,2023-07-15 17:00:00,38.0,18.6,32,24.95150599887286
4698,2023-07-15 18:00:00,37.6,18.2,32,24.644399317448023
4699,2023-07-15 19:00:00,35.3,20.9,43,25.41162274017749
4700,2023-07-15 20:00:00,33.6,21.8,50,25.391826535712873
4701,2023-07-15 21:00:00,31.5,23.0,61,25.512465025675844
4702,2023-07-15 22:00:00,29.9,24.4,72,25.81317880713077
4703,2023-07-15 23:00:00,28.9,24.8,78,25.77689678087221
4704,2023-07-16 00:00:00,28.2,25.2,84,25.983254022042825
4705,2023-07-16 01:00:00,27.6,25.5,88,25.97175925045498
4706,2023-07-16 02:00:00,27.1,25.4,90,25.763158612951294
4707,2023-07-16 03:00:00,26.7,25.4,93,25.78721198279237
4708,2023-07-16 04:00:00,26.2,25.3,95,25.566932437399583
4709,2023-07-16 05:00:00,25.9,25.2,96,25.405008936324226
4710,2023-07-16 06:00:00,25.5,25.1,97,25.1415972835046
4711,2023-07-16 07:00:00,27.0,26.1,95,26.364012108774606
4712,2023-07-16 08:00:00,27.8,25.4,87,26.025027853552654
4713,2023-07-16 09:00:00,29.1,24.8,77,25.81825771684835
4714,2023-07-16 10:00:00,30.5,24.4,70,26.06143386714842
4715,2023-07-16 11:00:00,31.8,24.4,65,26.453805101903164
4716,2023-07-16 12:00:00,33.3,24.1,59,26.784119463832216
4717,2023-07-16 13:00:00,34.8,23.0,50,26.423480573510513
4718,2023-07-16 14:00:00,36.1,21.1,42,25.854889258526462
4719,2023-07-16 15:00:00,36.9,19.1,35,24.866742451849184
4720,2023-07-16 16:00:00,37.3,18.0,32,24.41406868465249
4721,2023-07-16 17:00:00,37.5,17.1,30,24.031730903852225
4722,2023-07-16 18:00:00,37.7,16.8,29,23.906124667432106
4723,2023-07-16 19:00:00,33.2,24.0,59,26.694623577289835
4724,2023-07-16 20:00:00,32.8,24.0,60,26.51147780466144
4725,2023-07-16 21:00:00,31.7,24.5,66,26.527281707636046
4726,2023-07-16 22:00:00,31.0,24.2,67,26.045958850685395
4727,2023-07-16 23:00:00,30.0,24.0,70,25.59566236334207
4728,2023-07-17 00:00:00,29.2,24.2,74,25.461060453862117
4729,2023-07-17 01:00:00,28.4,24.8,81,25.740088910691103
4730,2023-07-17 02:00:00,27.8,25.1,85,25.73868501656289
4731,2023-07-17 03:00:00,27.0,25.2,90,25.664660270202106
4732,2023-07-17 04:00:00,26.8,25.4,92,25.74699492416177
4733,2023-07-17 05:00:00,26.5,25.5,94,25.727407190372592
4734,2023-07-17 06:00:00,26.0,25.5,97,25.641953795996574
4735,2023-07-17 07:00:00,26.4,25.8,97,26.04223881239758
4736,2023-07-17 08:00:00,27.9,25.5,87,26.122810467527724
4737,2023-07-17 09:00:00,29.4,25.0,77,26.103826881181043
4738,2023-07-17 10:00:00,30.8,24.4,69,26.18183132072345
4739,2023-07-17 11:00:00,32.0,24.0,63,26.302164139836215
4740,2023-07-17 12:00:00,33.4,23.4,56,26.335158833782753
4741,2023-07-17 13:00:00,34.5,22.7,50,26.1655675146523
4742,2023-07-17 14:00:00,35.4,22.1,46,26.12680729532641
4743,2023-07-17 15:00:00,35.8,21.8,44,26.04071010671557
4744,2023-07-17 16:00:00,36.1,21.4,43,26.07401057841674
4745,2023-07-17 17:00:00,36.3,20.9,41,25.796684115680158
4746,2023-07-17 18:00:00,36.4,20.8,40,25.652318332045038
4747,2023-07-17 19:00:00,32.8,23.0,56,25.80486993527349
4748,2023-07-17 20:00:00,32.8,22.7,55,25.62503324990093
4749,2023-07-17 21:00:00,31.7,23.5,62,25.86166975766277
4750,2023-07-17 22:00:00,30.1,23.8,69,25.531905805170407
4751,2023-07-17 23:00:00,29.1,24.3,75,25.517723848335375
4752,2023-07-18 00:00:00,28.4,24.5,79,25.44680271129854
4753,2023-07-18 01:00:00,27.8,24.7,83,25.451207813349306
4754,2023-07-18 02:00:00,27.3,24.8,86,25.39430068761482
4755,2023-07-18 03:00:00,27.0,24.9,89,25.52424155648995
4756,2023-07-18 04:00:00,26.5,25.0,91,25.311226016038464
4757,2023-07-18 05:00:00,26.3,25.1,93,25.390458264432862
4758,2023-07-18 06:00:00,26.0,25.2,95,25.36766240778635
4759,2023-07-18 07:00:00,28.0,25.8,88,26.363855677770616
4760,2023-07-18 08:00:00,28.6,25.4,83,26.22549341506902
4761,2023-07-18 09:00:00,29.9,25.1,76,26.427518071063577
4762,2023-07-18 10:00:00,31.2,24.8,68,26.392186419729587
4763,2023-07-18 11:00:00,32.7,24.4,62,26.767238500420397
4764,2023-07-18 12:00:00,33.8,24.0,57,26.870974827712434
4765,2023-07-18 13:00:00,34.8,22.9,50,26.423480573510513
4766,2023-07-18 14:00:00,36.0,21.9,44,26.20726724989294
4767,2023-07-18 15:00:00,36.7,21.2,41,26.123915684813966
4768,2023-07-18 16:00:00,37.2,20.6,38,25.83282955271495
4769,2023-07-18 17:00:00,36.7,21.1,41,26.123915684813966
4770,2023-07-18 18:00:00,35.2,23.0,50,26.767364193481967
4771,2023-07-18 19:00:00,34.2,23.3,53,26.482092756931042
4772,2023-07-18 20:00:00,32.5,23.1,58,25.893231412170966
4773,2023-07-18 21:00:00,31.2,22.9,61,25.24183740199239
4774,2023-07-18 22:00:00,30.0,23.4,68,25.281776747080638
4775,2023-07-18 23:00:00,28.9,24.1,76,25.478408008223585
4776,2023-07-19 00:00:00,28.1,24.8,82,25.596593863989686
4777,2023-07-19 01:00:00,27.6,25.4,88,25.97175925045498
4778,2023-07-19 02:00:00,27.3,25.6,91,26.101075103168483
4779,2023-07-19 03:00:00,27.0,25.8,93,26.084777149031904
4780,2023-07-19 04:00:00,26.6,25.7,95,25.96547236206153
4781,2023-07-19 05:00:00,26.4,25.6,96,25.90428091258029
4782,2023-07-19 06:00:00,26.2,25.6,97,25.842096325585157
4783,2023-07-19 07:00:00,28.0,26.0,88,26.363855677770616
4784,2023-07-19 08:00:00,28.8,25.5,82,26.272292511637925
4785,2023-07-19 09:00:00,30.1,24.9,74,26.31013761363795
4786,2023-07-19 10:00:00,31.3,24.2,66,26.159701357622595
4787,2023-07-19 11:00:00,32.8,23.4,58,26.16062368415117
4788,2023-07-19 12:00:00,34.3,22.4,50,25.993625309913362
4789,2023-07-19 13:00:00,35.5,21.5,45,26.002106818412187
4790,2023-07-19 14:00:00,36.4,20.9,41,25.878492072474803
4791,2023-07-19 15:00:00,37.0,20.5,38,25.67234586471283
4792,2023-07-19 16:00:00,37.5,20.1,37,25.83202822631173
4793,2023-07-19 17:00:00,37.5,19.9,36,25.58695235676789
4794,2023-07-19 18:00:00,36.3,20.7,40,25.57102118305482
4795,2023-07-19 19:00:00,34.8,22.0,47,25.825058040784565
4796,2023-07-19 20:00:00,32.5,23.1,58,25.893231412170966
4797,2023-07-19 21:00:00,31.0,23.5,64,25.557654270760114
4798,2023-07-19 22:00:00,29.9,24.1,72,25.81317880713077
4799,2023-07-19 23:00:00,28.8,24.7,79,25.829746604942713
4800,2023-07-20 00:00:00,28.1,24.9,82,25.596593863989686
4801,2023-07-20 01:00:00,27.7,25.1,86,25.784453284265272
4802,2023-07-20 02:00:00,27.4,25.2,88,25.775710959262714
4803,2023-07-20 03:00:00,27.1,25.2,90,25.763158612951294
4804,2023-07-20 04:00:00,26.7,25.1,91,25.508688361157372
4805,2023-07-20 05:00:00,26.2,25.1,94,25.42916810501824
4806,2023-07-20 06:00:00,25.9,25.0,95,25.268027376061784
4807,2023-07-20 07:00:00,26.5,25.4,93,25.588835147049327
4808,2023-07-20 08:00:00,27.8,25.5,88,26.167807489868352
4809,2023-07-20 09:00:00,29.5,25.0,77,26.199016569361117
4810,2023-07-20 10:00:00,31.0,24.2,67,26.045958850685395
4811,2023-07-20 11:00:00,32.2,23.7,61,26.143928600480027
4812,2023-07-20 12:00:00,33.3,22.5,53,25.69721794525479
4813,2023-07-20 13:00:00,34.5,21.2,46,25.368907727980353
4814,2023-07-20 14:00:00,35.5,20.4,41,25.142218888773396
4815,2023-07-20 15:00:00,36.2,19.9,38,25.030409201743737
4816,2023-07-20 16:00:00,36.8,19.4,36,25.032975798844625
4817,2023-07-20 17:00:00,36.8,19.9,37,25.274150548283686
4818,2023-07-20 18:00:00,34.7,22.5,49,26.14040283590236
4819,2023-07-20 19:00:00,34.1,22.0,50,25.821682971672516
4820,2023-07-20 20:00:00,32.4,21.7,53,24.91234061350493
4821,2023-07-20 21:00:00,30.5,22.2,61,24.610372049918162
4822,2023-07-20 22:00:00,29.1,23.5,72,25.06312531237916
4823,2023-07-20 23:00:00,28.5,23.9,76,25.098763500782713
4824,2023-07-21 00:00:00,27.9,24.1,80,25.113617276484863
4825,2023-07-21 01:00:00,27.4,24.4,84,25.206936061870618
4826,2023-07-21 02:00:00,27.0,24.4,85,24.960360525495048
4827,2023-07-21 03:00:00,26.8,24.4,87,25.0472009811086
4828,2023-07-21 04:00:00,26.5,24.5,89,25.032927740025453
4829,2023-07-21 05:00:00,26.1,24.5,91,24.91630117762493
4830,2023-07-21 06:00:00,25.6,24.5,93,24.69613880272373
4831,2023-07-21 07:00:00,26.5,24.6,90,25.172168368529245
4832,2023-07-21 08:00:00,27.6,24.5,83,25.25763626670152
4833,2023-07-21 09:00:00,29.2,24.6,77,25.913447454971635
4834,2023-07-21 10:00:00,30.5,24.4,70,26.06143386714842
4835,2023-07-21 11:00:00,31.9,23.9,63,26.211264817199783
4836,2023-07-21 12:00:00,33.1,23.4,57,26.249660979112488
4837,2023-07-21 13:00:00,34.2,23.0,52,26.29228899120898
4838,2023-07-21 14:00:00,35.2,22.5,48,26.366928943671805
4839,2023-07-21 15:00:00,35.2,22.2,47,26.16371253403636
4840,2023-07-21 16:00:00,35.3,22.3,47,26.248376067022594
4841,2023-07-21 17:00:00,34.3,22.5,50,25.993625309913362
4842,2023-07-21 18:00:00,33.0,23.5,58,26.338885065108535
4843,2023-07-21 19:00:00,27.6,25.0,86,25.68691515559942
4844,2023-07-21 20:00:00,28.6,24.5,79,25.638274690223927
4845,2023-07-21 21:00:00,28.9,24.8,78,25.77689678087221
4846,2023-07-21 22:00:00,29.0,25.1,80,26.16965711589468
4847,2023-07-21 23:00:00,29.2,25.1,79,26.212690243184504
4848,2023-07-22 00:00:00,28.9,25.0,79,25.92548253833619
4849,2023-07-22 01:00:00,28.5,24.6,79,25.542538708809456
4850,2023-07-22 02:00:00,28.2,24.4,80,25.40162833034388
4851,2023-07-22 03:00:00,27.9,24.1,80,25.113617276484863
4852,2023-07-22 04:00:00,27.5,24.0,81,24.87367871586583
4853,2023-07-22 05:00:00,27.2,24.1,83,24.87049299571567
4854,2023-07-22 06:00:00,27.0,24.2,85,24.960360525495048
4855,2023-07-22 07:00:00,26.9,25.0,89,25.42597881895266
4856,2023-07-22 08:00:00,28.4,25.0,82,25.88617908778298
4857,2023-07-22 09:00:00,29.9,24.9,74,26.121453925755528
4858,2023-07-22 10:00:00,31.1,24.4,67,26.138175871469745
4859,2023-07-22 11:00:00,32.4,23.7,60,26.15205630656933
4860,2023-07-22 12:00:00,33.5,22.8,53,25.87163478508686
4861,2023-07-22 13:00:00,34.7,22.3,49,26.14040283590236
4862,2023-07-22 14:00:00,35.2,22.1,47,26.16371253403636
4863,2023-07-22 15:00:00,35.9,21.9,44,26.12398869790282
4864,2023-07-22 16:00:00,36.3,21.6,43,26.23960713089723
4865,2023-07-22 17:00:00,36.3,21.3,42,26.019505759186753
4866,2023-07-22 18:00:00,35.0,21.3,45,25.583359397304513
4867,2023-07-22 19:00:00,34.7,23.1,51,26.532786353750748
4868,2023-07-22 20:00:00,34.3,22.6,51,26.187222803464294
4869,2023-07-22 21:00:00,33.1,22.0,52,25.33745141044298
4870,2023-07-22 22:00:00,31.8,22.5,58,25.269315162507052
4871,2023-07-22 23:00:00,30.5,23.4,66,25.42453961132389
4872,2023-07-23 00:00:00,29.2,23.5,72,25.15688206635173
4873,2023-07-23 01:00:00,28.7,23.9,75,25.13920967440566
4874,2023-07-23 02:00:00,28.1,24.2,80,25.30562466156881
4875,2023-07-23 03:00:00,27.5,24.7,85,25.44681343793442
4876,2023-07-23 04:00:00,27.3,24.9,87,25.536114584725883
4877,2023-07-23 05:00:00,27.0,25.1,90,25.664660270202106
4878,2023-07-23 06:00:00,26.8,25.2,92,25.74699492416177
4879,2023-07-23 07:00:00,25.6,23.8,89,24.148562049885367
4880,2023-07-23 08:00:00,23.9,22.4,91,22.744210948778104
4881,2023-07-23 09:00:00,25.1,22.8,87,23.38489216426707
4882,2023-07-23 10:00:00,27.2,23.5,80,24.441590924930946
4883,2023-07-23 11:00:00,29.0,23.9,74,25.272376441798073
4884,2023-07-23 12:00:00,31.1,24.1,66,25.97591105263992
4885,2023-07-23 13:00:00,32.5,24.1,62,26.58612494263485
4886,2023-07-23 14:00:00,33.7,23.9,57,26.782215787324066
4887,2023-07-23 15:00:00,34.5,23.6,53,26.743717147578124
4888,2023-07-23 16:00:00,34.9,23.2,51,26.70556793784716
4889,2023-07-23 17:00:00,34.8,22.9,50,26.423480573510513
4890,2023-07-23 18:00:00,32.5,23.6,60,26.241911718906845
4891,2023-07-23 19:00:00,28.5,24.0,77,25.24711893486076
4892,2023-07-23 20:00:00,29.0,24.3,76,25.5733190916518
4893,2023-07-23 21:00:00,28.7,24.7,79,25.73401065558679
4894,2023-07-23 22:00:00,28.3,24.8,81,25.64382117291844
4895,2023-07-23 23:00:00,27.8,24.8,84,25.595095156436994
4896,2023-07-24 00:00:00,27.5,24.5,83,25.160850471226638
4897,2023-07-24 01:00:00,27.3,24.4,84,25.10989625216469
4898,2023-07-24 02:00:00,26.8,24.5,88,25.1875657723066
4899,2023-07-24 03:00:00,26.6,24.5,89,25.13119052914079
4900,2023-07-24 04:00:00,26.0,24.6,92,24.95530544979787
4901,2023-07-24 05:00:00,25.5,24.8,96,25.005591156763533
4902,2023-07-24 06:00:00,25.2,24.8,97,24.841383245680422
4903,2023-07-24 07:00:00,26.0,25.1,95,25.36766240778635
4904,2023-07-24 08:00:00,27.1,24.5,85,25.057651136297814
4905,2023-07-24 09:00:00,28.5,24.1,77,25.24711893486076
4906,2023-07-24 10:00:00,30.6,24.4,69,25.996138417775683
4907,2023-07-24 11:00:00,31.9,23.9,63,26.211264817199783
4908,2023-07-24 12:00:00,32.8,24.0,60,26.51147780466144
4909,2023-07-24 13:00:00,33.6,23.5,56,26.511921575071657
4910,2023-07-24 14:00:00,34.3,23.0,52,26.379092218139366
4911,2023-07-24 15:00:00,34.7,22.5,49,26.14040283590236
4912,2023-07-24 16:00:00,34.8,21.3,45,25.415860156526165
4913,2023-07-24 17:00:00,32.5,23.1,58,25.893231412170966
4914,2023-07-24 18:00:00,33.3,21.5,50,25.13391226446168
4915,2023-07-24 19:00:00,32.3,22.9,58,25.71496976278516
4916,2023-07-24 20:00:00,31.9,22.3,57,25.184548390253894
4917,2023-07-24 21:00:00,30.1,24.1,70,25.688816703856652
4918,2023-07-24 22:00:00,29.2,24.6,77,25.913447454971635
4919,2023-07-24 23:00:00,28.5,25.1,82,25.982707465937832
4920,2023-07-25 00:00:00,27.9,25.2,86,25.979529500819392
4921,2023-07-25 01:00:00,27.4,25.2,88,25.775710959262714
4922,2023-07-25 02:00:00,26.9,25.2,91,25.706150657219485
4923,2023-07-25 03:00:00,26.4,25.2,93,25.48964671161499
4924,2023-07-25 04:00:00,25.8,25.2,96,25.305154508061875
4925,2023-07-25 05:00:00,26.1,25.2,95,25.467297428222974
4926,2023-07-25 06:00:00,25.4,25.0,98,25.17722824628102
4927,2023-07-25 07:00:00,26.0,26.0,99,25.91583769708015
4928,2023-07-25 08:00:00,26.2,25.6,97,25.842096325585157
4929,2023-07-25 09:00:00,26.2,25.6,96,25.70457215498096
4930,2023-07-25 10:00:00,28.8,25.0,80,25.97765001300987
4931,2023-07-25 11:00:00,30.5,24.4,70,26.06143386714842
4932,2023-07-25 12:00:00,32.2,22.7,57,25.450826915270046
4933,2023-07-25 13:00:00,33.4,21.2,49,25.02833590814612
4934,2023-07-25 14:00:00,34.0,20.6,46,24.947851077871388
4935,2023-07-25 15:00:00,34.6,19.8,42,24.62026006162357
4936,2023-07-25 16:00:00,34.7,20.0,42,24.70256897975536
4937,2023-07-25 17:00:00,34.5,20.5,44,24.95808478619882
4938,2023-07-25 18:00:00,33.8,20.9,47,24.97841923156468
4939,2023-07-25 19:00:00,33.2,21.2,49,24.857248159473908
4940,2023-07-25 20:00:00,32.3,21.9,54,25.00578770036881
4941,2023-07-25 21:00:00,30.8,23.4,65,25.53812152539946
4942,2023-07-25 22:00:00,29.2,25.3,80,26.361664157015
4943,2023-07-25 23:00:00,28.3,25.5,85,26.225137369446745
4944,2023-07-26 00:00:00,27.8,25.6,88,26.167807489868352
4945,2023-07-26 01:00:00,27.5,25.5,89,26.015555052667278
4946,2023-07-26 02:00:00,27.0,25.4,91,25.804881786932192
4947,2023-07-26 03:00:00,26.5,25.3,93,25.588835147049327
4948,2023-07-26 04:00:00,26.1,25.2,95,25.467297428222974
4949,2023-07-26 05:00:00,25.7,25.0,96,25.205300068732523
4950,2023-07-26 06:00:00,25.4,24.8,96,24.905736684069016
4951,2023-07-26 07:00:00,26.3,25.5,95,25.666567435344046
4952,2023-07-26 08:00:00,27.4,25.1,88,25.775710959262714
4953,2023-07-26 09:00:00,26.5,23.7,85,24.4739072572152
4954,2023-07-26 10:00:00,28.0,24.0,79,25.063858559388002
4955,2023-07-26 11:00:00,30.8,23.4,65,25.53812152539946
4956,2023-07-26 12:00:00,32.2,22.2,56,25.27458000874017
4957,2023-07-26 13:00:00,33.1,21.5,51,25.150529030444314
4958,2023-07-26 14:00:00,34.0,20.9,47,25.147747292179744
4959,2023-07-26 15:00:00,34.7,20.4,43,24.91483011656575
4960,2023-07-26 16:00:00,35.0,20.0,42,24.94949546898402
4961,2023-07-26 17:00:00,34.8,19.9,42,24.78487785357763
4962,2023-07-26 18:00:00,33.6,20.0,45,24.410861364851517
4963,2023-07-26 19:00:00,32.5,21.4,52,24.816629266762835
4964,2023-07-26 20:00:00,31.8,21.9,56,24.92105280952087
4965,2023-07-26 21:00:00,30.5,23.1,65,25.263416012171163
4966,2023-07-26 22:00:00,29.5,24.2,73,25.591398580638945
4967,2023-07-26 23:00:00,28.6,23.9,76,25.193674653801775
4968,2023-07-27 00:00:00,27.9,23.5,77,24.675979539801677
4969,2023-07-27 01:00:00,27.2,23.5,80,24.441590924930946
4970,2023-07-27 02:00:00,26.6,23.5,83,24.289777640147946
4971,2023-07-27 03:00:00,26.0,23.8,87,24.264938507865303
4972,2023-07-27 04:00:00,25.6,24.0,91,24.422644849157766
4973,2023-07-27 05:00:00,25.2,24.2,94,24.435037067641975
4974,2023-07-27 06:00:00,24.8,24.2,97,24.441097708366474
4975,2023-07-27 07:00:00,26.0,25.2,95,25.36766240778635
4976,2023-07-27 08:00:00,27.5,25.5,89,26.015555052667278
4977,2023-07-27 09:00:00,29.0,25.1,80,26.16965711589468
4978,2023-07-27 10:00:00,29.0,24.6,77,25.72306796198307
4979,2023-07-27 11:00:00,25.5,23.0,86,23.6386112461642
4980,2023-07-27 12:00:00,29.9,22.7,66,24.873167368931217
4981,2023-07-27 13:00:00,31.8,22.8,59,25.441678448646186
4982,2023-07-27 14:00:00,33.2,21.7,51,25.236920360255763
4983,2023-07-27 15:00:00,33.8,21.5,49,25.370510977677363
4984,2023-07-27 16:00:00,34.2,21.1,47,25.317075202305656
4985,2023-07-27 17:00:00,32.6,21.2,51,24.718571874765495
4986,2023-07-27 18:00:00,32.4,21.0,51,24.54578877380313
4987,2023-07-27 19:00:00,32.6,20.3,48,24.154120768714556
4988,2023-07-27 20:00:00,32.0,19.6,48,23.64346915049681
4989,2023-07-27 21:00:00,30.6,20.6,55,23.689084434314218
4990,2023-07-27 22:00:00,29.5,21.8,63,24.02967388073358
4991,2023-07-27 23:00:00,28.6,22.3,69,24.13920485385085
4992,2023-07-28 00:00:00,27.9,22.5,72,23.93804273875291
4993,2023-07-28 01:00:00,27.0,22.5,76,23.67509407419094
4994,2023-07-28 02:00:00,26.0,22.9,83,23.709061737763808
4995,2023-07-28 03:00:00,25.5,23.0,86,23.6386112461642
4996,2023-07-28 04:00:00,25.0,23.0,89,23.558984326770084
4997,2023-07-28 05:00:00,24.8,23.0,90,23.49769351308596
4998,2023-07-28 06:00:00,24.5,23.0,91,23.33659981066636
4999,2023-07-28 07:00:00,25.1,23.9,93,24.200195971057745
5000,2023-07-28 08:00:00,26.9,24.0,84,24.72173686791302
5001,2023-07-28 09:00:00,28.6,23.9,75,25.044581086223992
5002,2023-07-28 10:00:00,30.0,22.5,65,24.80557303000291
5003,2023-07-28 11:00:00,31.3,21.8,57,24.651990569218203
5004,2023-07-28 12:00:00,32.4,20.9,51,24.54578877380313
5005,2023-07-28 13:00:00,33.2,20.4,47,24.470434135528343
5006,2023-07-28 14:00:00,34.0,20.5,45,24.745861607669294
5007,2023-07-28 15:00:00,34.2,20.6,45,24.91336148514717
5008,2023-07-28 16:00:00,34.5,20.9,45,25.16461099990133
5009,2023-07-28 17:00:00,34.3,21.0,46,25.20048518392529
5010,2023-07-28 18:00:00,33.6,20.8,47,24.809091019340425
5011,2023-07-28 19:00:00,29.8,22.8,66,24.781271916259946
5012,2023-07-28 20:00:00,29.9,22.6,65,24.714004363896645
5013,2023-07-28 21:00:00,29.4,23.2,69,24.881979282828652
5014,2023-07-28 22:00:00,29.0,22.7,69,24.51059223830438
5015,2023-07-28 23:00:00,28.4,22.4,70,24.105190154200386
5016,2023-07-29 00:00:00,27.9,23.0,75,24.382180462483262
5017,2023-07-29 01:00:00,27.5,23.5,79,24.585178001879992
5018,2023-07-29 02:00:00,27.0,23.7,82,24.53478021458787
5019,2023-07-29 03:00:00,26.5,23.9,86,24.61399483200513
5020,2023-07-29 04:00:00,26.0,24.0,89,24.541613599096525
5021,2023-07-29 05:00:00,25.8,24.1,91,24.620107418162082
5022,2023-07-29 06:00:00,26.3,24.0,87,24.558287038268908
5023,2023-07-29 07:00:00,26.4,24.5,90,25.07366995038328
5024,2023-07-29 08:00:00,27.9,24.0,80,25.113617276484863
5025,2023-07-29 09:00:00,29.1,23.9,73,25.215192901354207
5026,2023-07-29 10:00:00,30.0,23.8,69,25.439059221259743
5027,2023-07-29 11:00:00,31.0,23.4,64,25.557654270760114
5028,2023-07-29 12:00:00,32.1,22.9,58,25.536708004776212
5029,2023-07-29 13:00:00,32.7,22.3,55,25.537035894985188
5030,2023-07-29 14:00:00,33.5,22.0,51,25.49609414919944
5031,2023-07-29 15:00:00,34.1,21.5,48,25.430743865729298
5032,2023-07-29 16:00:00,34.5,21.2,46,25.368907727980353
5033,2023-07-29 17:00:00,34.8,21.0,45,25.415860156526165
5034,2023-07-29 18:00:00,34.0,20.9,46,24.947851077871388
5035,2023-07-29 19:00:00,30.5,22.6,63,24.93867180959492
5036,2023-07-29 20:00:00,30.3,22.0,61,24.42995314425741
5037,2023-07-29 21:00:00,29.6,22.2,65,24.43929822490714
5038,2023-07-29 22:00:00,29.2,23.0,69,24.696285802798087
5039,2023-07-29 23:00:00,29.0,23.1,71,24.817035161965627
5040,2023-07-30 00:00:00,28.5,22.9,71,24.349745691739013
5041,2023-07-30 01:00:00,28.0,23.0,74,24.328955274900295
5042,2023-07-30 02:00:00,27.5,23.1,77,24.295219597286124
5043,2023-07-30 03:00:00,27.1,23.2,79,24.202233258174704
5044,2023-07-30 04:00:00,26.8,23.2,81,24.199803244748658
5045,2023-07-30 05:00:00,26.4,23.3,83,24.096205733888187
5046,2023-07-30 06:00:00,25.9,23.4,86,24.028764851456618
5047,2023-07-30 07:00:00,26.0,23.5,86,24.1263032170049
5048,2023-07-30 08:00:00,27.4,23.6,80,24.63359853442938
5049,2023-07-30 09:00:00,29.0,24.1,75,25.42309533156935
5050,2023-07-30 10:00:00,30.5,24.0,68,25.744447809448094
5051,2023-07-30 11:00:00,32.0,23.0,59,25.620670924836315
5052,2023-07-30 12:00:00,33.4,22.0,52,25.597862042742037
5053,2023-07-30 13:00:00,34.4,21.2,46,25.28469647518809
5054,2023-07-30 14:00:00,35.2,20.6,43,25.32882407463567
5055,2023-07-30 15:00:00,35.7,20.4,41,25.30583545998313
5056,2023-07-30 16:00:00,36.0,20.1,40,25.32712946531431
5057,2023-07-30 17:00:00,36.0,19.8,39,25.10006247631965
5058,2023-07-30 18:00:00,35.8,19.7,39,24.938511312000166
5059,2023-07-30 19:00:00,33.5,22.0,51,25.49609414919944
5060,2023-07-30 20:00:00,33.2,21.2,50,25.047940771693604
5061,2023-07-30 21:00:00,32.2,21.3,53,24.737923078407253
5062,2023-07-30 22:00:00,31.2,21.0,55,24.21707195635377
5063,2023-07-30 23:00:00,30.2,21.4,59,24.009734732570216
5064,2023-07-31 00:00:00,29.4,22.0,65,24.256160680943562
5065,2023-07-31 01:00:00,28.6,22.4,69,24.13920485385085
5066,2023-07-31 02:00:00,28.1,22.5,72,24.12555669880882
5067,2023-07-31 03:00:00,27.6,22.9,75,24.098294206648845
5068,2023-07-31 04:00:00,27.2,23.1,78,24.15399454616824
5069,2023-07-31 05:00:00,27.0,23.2,80,24.24958325050458
5070,2023-07-31 06:00:00,26.8,23.5,82,24.341722988330016
5071,2023-07-31 07:00:00,26.5,24.2,87,24.75385265639836
5072,2023-07-31 08:00:00,27.6,24.5,83,25.25763626670152
5073,2023-07-31 09:00:00,29.2,24.5,76,25.763141206736588
5074,2023-07-31 10:00:00,30.9,23.6,65,25.629689984228534
5075,2023-07-31 11:00:00,32.8,22.5,55,25.62503324990093
5076,2023-07-31 12:00:00,34.4,21.8,48,25.686067495079794
5077,2023-07-31 13:00:00,35.8,21.2,43,25.825615446323333
5078,2023-07-31 14:00:00,36.7,20.1,38,25.43161997680226
5079,2023-07-31 15:00:00,37.1,19.9,37,25.513241276161267
5080,2023-07-31 16:00:00,37.3,20.0,36,25.428673595086323
5081,2023-07-31 17:00:00,37.4,19.6,36,25.507813001205616
5082,2023-07-31 18:00:00,37.1,19.4,36,25.27039463034698
5083,2023-07-31 19:00:00,36.2,20.4,40,25.489723989054713
5084,2023-07-31 20:00:00,34.4,21.5,47,25.48640296305144
5085,2023-07-31 21:00:00,33.2,21.6,51,25.236920360255763
5086,2023-07-31 22:00:00,31.9,21.6,55,24.833055979924758
5087,2023-07-31 23:00:00,29.6,22.5,66,24.597480942618375
5088,2023-08-01 00:00:00,29.2,23.6,72,25.15688206635173
5089,2023-08-01 01:00:00,28.6,24.1,76,25.193674653801775
5090,2023-08-01 02:00:00,28.5,23.4,74,24.80066609046037
5091,2023-08-01 03:00:00,28.0,22.6,72,24.031799728778875
5092,2023-08-01 04:00:00,27.5,22.5,74,23.857243988258297
5093,2023-08-01 05:00:00,27.2,22.7,76,23.864916898426504
5094,2023-08-01 06:00:00,26.7,23.0,80,23.961571616326577
5095,2023-08-01 07:00:00,26.0,23.2,85,23.987453628286733
5096,2023-08-01 08:00:00,25.7,23.4,87,23.971589852731327
5097,2023-08-01 09:00:00,26.7,24.3,87,24.949418219821645
5098,2023-08-01 10:00:00,29.0,24.5,77,25.72306796198307
5099,2023-08-01 11:00:00,31.0,24.1,67,26.045958850685395
5100,2023-08-01 12:00:00,32.6,23.8,60,26.331767105980266
5101,2023-08-01 13:00:00,34.0,23.0,53,26.307676345893718
5102,2023-08-01 14:00:00,35.1,22.4,48,26.281821385432227
5103,2023-08-01 15:00:00,35.7,21.8,45,26.16960551755655
5104,2023-08-01 16:00:00,36.1,21.2,42,25.854889258526462
5105,2023-08-01 17:00:00,36.3,20.7,40,25.57102118305482
5106,2023-08-01 18:00:00,36.2,20.5,40,25.489723989054713
5107,2023-08-01 19:00:00,36.0,21.1,42,25.772580945322243
5108,2023-08-01 20:00:00,34.2,22.1,49,25.712685483645686
5109,2023-08-01 21:00:00,33.0,22.3,53,25.43559245191941
5110,2023-08-01 22:00:00,31.6,22.3,58,25.091053129754922
5111,2023-08-01 23:00:00,30.5,22.6,63,24.93867180959492
5112,2023-08-02 00:00:00,29.6,23.2,69,25.06767267890998
5113,2023-08-02 01:00:00,28.9,23.7,74,25.178034408343542
5114,2023-08-02 02:00:00,28.4,23.9,76,25.003852330240914
5115,2023-08-02 03:00:00,28.0,23.7,78,24.917713848739805
5116,2023-08-02 04:00:00,27.5,23.8,80,24.729602314943865
5117,2023-08-02 05:00:00,26.7,24.0,85,24.66848860753379
5118,2023-08-02 06:00:00,26.2,24.0,87,24.46050420859876
5119,2023-08-02 07:00:00,26.0,23.8,87,24.264938507865303
5120,2023-08-02 08:00:00,27.5,23.9,80,24.729602314943865
5121,2023-08-02 09:00:00,29.2,24.0,73,25.30924434921925
5122,2023-08-02 10:00:00,31.0,23.5,64,25.557654270760114
5123,2023-08-02 11:00:00,32.8,22.4,54,25.443820188439812
5124,2023-08-02 12:00:00,34.1,21.4,47,25.232411265984272
5125,2023-08-02 13:00:00,35.3,20.6,42,25.196421564063673
5126,2023-08-02 14:00:00,36.3,19.8,38,25.11065145384885
5127,2023-08-02 15:00:00,36.9,18.5,34,24.617552563325024
5128,2023-08-02 16:00:00,36.9,17.5,32,24.106960332058314
5129,2023-08-02 17:00:00,36.1,17.8,34,23.993661447285913
5130,2023-08-02 18:00:00,35.0,17.3,35,23.37391097215168
5131,2023-08-02 19:00:00,34.1,19.1,41,23.996897808695874
5132,2023-08-02 20:00:00,32.4,20.5,50,24.360167569142003
5133,2023-08-02 21:00:00,30.8,22.6,62,25.046655813026288
5134,2023-08-02 22:00:00,29.6,23.9,71,25.377781867008917
5135,2023-08-02 23:00:00,28.9,24.5,77,25.627878190328378
5136,2023-08-03 00:00:00,28.5,24.8,80,25.689639242127175
5137,2023-08-03 01:00:00,28.2,25.0,83,25.838350730552364
5138,2023-08-03 02:00:00,27.9,25.2,85,25.835975514857473
5139,2023-08-03 03:00:00,27.7,25.2,87,25.927245226360405
5140,2023-08-03 04:00:00,27.5,25.2,88,25.87373511134802
5141,2023-08-03 05:00:00,27.0,25.4,91,25.804881786932192
5142,2023-08-03 06:00:00,26.8,25.4,92,25.74699492416177
5143,2023-08-03 07:00:00,27.0,25.5,91,25.804881786932192
5144,2023-08-03 08:00:00,28.3,25.6,85,26.225137369446745
5145,2023-08-03 09:00:00,30.0,25.6,77,26.674964762878474
5146,2023-08-03 10:00:00,31.4,25.2,70,26.89982133782257
5147,2023-08-03 11:00:00,32.5,24.8,64,26.926200495488533
5148,2023-08-03 12:00:00,33.8,24.2,58,27.05192953451312
5149,2023-08-03 13:00:00,35.0,23.5,51,26.791958682522356
5150,2023-08-03 14:00:00,36.0,23.0,47,26.841019800890646
5151,2023-08-03 15:00:00,36.5,23.0,46,27.05312492040645
5152,2023-08-03 16:00:00,37.0,22.8,44,27.040050645883685
5153,2023-08-03 17:00:00,35.5,22.8,48,26.622251410590717
5154,2023-08-03 18:00:00,34.8,23.1,51,26.619177161626755
5155,2023-08-03 19:00:00,33.7,22.9,53,26.046051501344703
5156,2023-08-03 20:00:00,32.7,22.5,55,25.537035894985188
5157,2023-08-03 21:00:00,31.6,23.0,60,25.43321208843415
5158,2023-08-03 22:00:00,30.5,24.2,70,26.06143386714842
5159,2023-08-03 23:00:00,29.5,24.8,76,26.04787425067064
5160,2023-08-04 00:00:00,28.7,25.0,80,25.881646438299253
5161,2023-08-04 01:00:00,28.1,25.2,84,25.886214326972397
5162,2023-08-04 02:00:00,27.8,25.5,87,26.025027853552654
5163,2023-08-04 03:00:00,27.5,25.5,89,26.015555052667278
5164,2023-08-04 04:00:00,27.4,25.5,90,26.058653566604306
5165,2023-08-04 05:00:00,27.2,25.5,90,25.861656943246842
5166,2023-08-04 06:00:00,27.0,25.5,91,25.804881786932192
5167,2023-08-04 07:00:00,27.6,25.4,88,25.97175925045498
5168,2023-08-04 08:00:00,28.5,25.2,82,25.982707465937832
5169,2023-08-04 09:00:00,30.0,25.2,76,26.5224289839496
5170,2023-08-04 10:00:00,31.4,25.0,69,26.738909548693456
5171,2023-08-04 11:00:00,33.0,24.4,61,26.865599776942016
5172,2023-08-04 12:00:00,34.2,23.6,54,26.670307130018802
5173,2023-08-04 13:00:00,35.4,23.0,49,26.739205700285304
5174,2023-08-04 14:00:00,36.5,22.4,44,26.62365942699815
5175,2023-08-04 15:00:00,37.0,21.9,42,26.595662207852037
5176,2023-08-04 16:00:00,37.2,21.4,40,26.30269392459513
5177,2023-08-04 17:00:00,37.3,21.2,39,26.15014049038311
5178,2023-08-04 18:00:00,37.2,21.1,40,26.30269392459513
5179,2023-08-04 19:00:00,34.1,22.9,52,26.205485733061536
5180,2023-08-04 20:00:00,33.3,22.1,52,25.511058530895642
5181,2023-08-04 21:00:00,32.3,22.5,56,25.362961735442145
5182,2023-08-04 22:00:00,30.9,24.2,68,26.114584282330792
5183,2023-08-04 23:00:00,29.9,24.9,75,26.274751348603846
5184,2023-08-05 00:00:00,29.2,25.0,78,26.06329079527196
5185,2023-08-05 01:00:00,28.7,25.1,81,26.028892032542053
5186,2023-08-05 02:00:00,28.4,25.2,83,26.031922101739852
5187,2023-08-05 03:00:00,28.0,25.2,85,25.933265999256363
5188,2023-08-05 04:00:00,27.8,25.1,86,25.881991399326655
5189,2023-08-05 05:00:00,27.5,25.1,87,25.73167993218587
5190,2023-08-05 06:00:00,27.2,25.1,88,25.5796626160219
5191,2023-08-05 07:00:00,27.9,25.6,87,26.122810467527724
5192,2023-08-05 08:00:00,29.0,25.7,82,26.465349135200743
5193,2023-08-05 09:00:00,30.5,25.3,74,26.687504777103452
5194,2023-08-05 10:00:00,32.1,24.2,63,26.39306343915077
5195,2023-08-05 11:00:00,33.7,23.0,54,26.232276749511236
5196,2023-08-05 12:00:00,35.1,21.9,46,25.87417444482044
5197,2023-08-05 13:00:00,36.1,21.4,43,26.07401057841674
5198,2023-08-05 14:00:00,36.8,21.0,40,25.977506481422626
5199,2023-08-05 15:00:00,37.2,20.6,38,25.83282955271495
5200,2023-08-05 16:00:00,37.5,20.3,37,25.83202822631173
5201,2023-08-05 17:00:00,38.0,20.1,36,25.98264838339592
5202,2023-08-05 18:00:00,38.2,19.1,33,25.370409428346644
5203,2023-08-05 19:00:00,34.5,22.7,51,26.36000464258767
5204,2023-08-05 20:00:00,33.4,22.1,52,25.597862042742037
5205,2023-08-05 21:00:00,32.1,22.3,56,25.186198252896613
5206,2023-08-05 22:00:00,30.9,23.6,65,25.629689984228534
5207,2023-08-05 23:00:00,29.9,24.1,71,25.658154953587527
5208,2023-08-06 00:00:00,29.1,24.5,76,25.668230157806388
5209,2023-08-06 01:00:00,28.6,24.9,80,25.78564284801937
5210,2023-08-06 02:00:00,28.3,24.9,82,25.789650694767
5211,2023-08-06 03:00:00,28.0,24.9,84,25.78917461770667
5212,2023-08-06 04:00:00,27.6,25.0,86,25.68691515559942
5213,2023-08-06 05:00:00,27.4,25.0,87,25.63389726513402
5214,2023-08-06 06:00:00,27.2,25.0,88,25.5796626160219
5215,2023-08-06 07:00:00,27.9,25.6,88,26.265831590241703
5216,2023-08-06 08:00:00,29.5,25.5,79,26.4998978059571
5217,2023-08-06 09:00:00,30.8,25.4,73,26.814065004257365
5218,2023-08-06 10:00:00,32.3,24.6,64,26.743727959968098
5219,2023-08-06 11:00:00,34.0,23.8,55,26.680999233117948
5220,2023-08-06 12:00:00,35.1,23.0,50,26.681393337268467
5221,2023-08-06 13:00:00,36.0,21.5,43,25.991212241655532
5222,2023-08-06 14:00:00,37.2,21.3,40,26.30269392459513
5223,2023-08-06 15:00:00,37.8,20.7,37,26.07111793054677
5224,2023-08-06 16:00:00,38.0,20.5,36,25.98264838339592
5225,2023-08-06 17:00:00,38.2,20.5,36,26.14092644727353
5226,2023-08-06 18:00:00,37.6,20.8,38,26.153796366044954
5227,2023-08-06 19:00:00,34.8,22.5,49,26.225946203567666
5228,2023-08-06 20:00:00,33.5,21.2,49,25.113879728811156
5229,2023-08-06 21:00:00,32.1,21.5,53,24.650714262421697
5230,2023-08-06 22:00:00,30.5,23.6,67,25.58487342677775
5231,2023-08-06 23:00:00,29.4,24.6,76,25.95296325311993
5232,2023-08-07 00:00:00,28.9,25.1,80,26.073653572194104
5233,2023-08-07 01:00:00,28.6,25.3,82,26.079235829271855
5234,2023-08-07 02:00:00,28.4,25.3,84,26.17733336974934
5235,2023-08-07 03:00:00,28.1,25.2,84,25.886214326972397
5236,2023-08-07 04:00:00,28.0,25.1,85,25.933265999256363
5237,2023-08-07 05:00:00,27.8,25.1,85,25.73868501656289
5238,2023-08-07 06:00:00,27.6,25.0,86,25.68691515559942
5239,2023-08-07 07:00:00,27.8,25.2,86,25.881991399326655
5240,2023-08-07 08:00:00,29.5,25.1,78,26.349684663583233
5241,2023-08-07 09:00:00,31.0,25.1,71,26.68618811725398
5242,2023-08-07 10:00:00,32.7,24.6,63,26.93845874937229
5243,2023-08-07 11:00:00,34.2,24.0,56,27.04220913476522
5244,2023-08-07 12:00:00,35.2,23.5,51,26.964740077676186
5245,2023-08-07 13:00:00,36.1,23.2,48,27.132895420446182
5246,2023-08-07 14:00:00,36.8,22.5,44,26.873494272177584
5247,2023-08-07 15:00:00,37.4,22.0,41,26.696569296126018
5248,2023-08-07 16:00:00,37.9,21.6,39,26.63478929183038
5249,2023-08-07 17:00:00,37.9,21.2,38,26.394520989539163
5250,2023-08-07 18:00:00,37.2,21.4,40,26.30269392459513
5251,2023-08-07 19:00:00,34.7,24.2,55,27.296977493006498
5252,2023-08-07 20:00:00,32.8,23.7,59,26.336639775171964
5253,2023-08-07 21:00:00,31.2,24.3,67,26.230392871073732
5254,2023-08-07 22:00:00,30.1,25.0,74,26.31013761363795
5255,2023-08-07 23:00:00,29.5,25.2,78,26.349684663583233
5256,2023-08-08 00:00:00,29.2,25.2,79,26.212690243184504
5257,2023-08-08 01:00:00,29.0,25.2,80,26.16965711589468
5258,2023-08-08 02:00:00,28.6,25.2,82,26.079235829271855
5259,2023-08-08 03:00:00,28.3,25.1,83,25.93513642339789
5260,2023-08-08 04:00:00,28.0,25.0,84,25.78917461770667
5261,2023-08-08 05:00:00,28.0,25.0,84,25.78917461770667
5262,2023-08-08 06:00:00,27.9,24.9,84,25.692134894207598
5263,2023-08-08 07:00:00,28.0,25.1,85,25.933265999256363
5264,2023-08-08 08:00:00,29.5,25.0,77,26.199016569361117
5265,2023-08-08 09:00:00,30.6,24.9,71,26.31235814364557
5266,2023-08-08 10:00:00,32.5,24.1,62,26.58612494263485
5267,2023-08-08 11:00:00,33.9,23.8,56,26.77706547875839
5268,2023-08-08 12:00:00,35.3,23.2,50,26.85333501736647
5269,2023-08-08 13:00:00,36.5,22.4,44,26.62365942699815
5270,2023-08-08 14:00:00,37.3,21.6,40,26.38399067632815
5271,2023-08-08 15:00:00,38.0,21.1,38,26.47476243901183
5272,2023-08-08 16:00:00,38.8,20.8,35,26.359554500968347
5273,2023-08-08 17:00:00,37.9,21.1,38,26.394520989539163
5274,2023-08-08 18:00:00,35.1,23.1,50,26.681393337268467
5275,2023-08-08 19:00:00,33.5,23.4,56,26.42354021837235
5276,2023-08-08 20:00:00,32.3,23.2,59,25.889159440334296
5277,2023-08-08 21:00:00,30.8,24.4,69,26.18183132072345
5278,2023-08-08 22:00:00,30.0,24.6,73,26.061655262353888
5279,2023-08-08 23:00:00,29.5,24.8,76,26.04787425067064
5280,2023-08-09 00:00:00,29.0,25.2,80,26.16965711589468
5281,2023-08-09 01:00:00,28.6,25.5,83,26.22549341506902
5282,2023-08-09 02:00:00,28.4,25.5,85,26.322427798630088
5283,2023-08-09 03:00:00,28.0,25.5,86,26.07706758877919
5284,2023-08-09 04:00:00,28.0,25.5,86,26.07706758877919
5285,2023-08-09 05:00:00,28.1,25.2,84,25.886214326972397
5286,2023-08-09 06:00:00,28.0,25.1,84,25.78917461770667
5287,2023-08-09 07:00:00,29.1,25.8,82,26.56187742503016
5288,2023-08-09 08:00:00,29.5,25.7,80,26.64967460362731
5289,2023-08-09 09:00:00,30.7,25.6,75,27.031777740132036
5290,2023-08-09 10:00:00,32.5,25.1,65,27.094782289599085
5291,2023-08-09 11:00:00,34.3,24.3,56,27.130590298820767
5292,2023-08-09 12:00:00,36.2,22.4,45,26.588351602118117
5293,2023-08-09 13:00:00,37.5,21.4,39,26.311690269033463
5294,2023-08-09 14:00:00,38.3,21.0,37,26.46959981802783
5295,2023-08-09 15:00:00,38.4,20.4,35,26.04527982005273
5296,2023-08-09 16:00:00,38.2,20.4,36,26.14092644727353
5297,2023-08-09 17:00:00,37.5,20.7,38,26.07355473258105
5298,2023-08-09 18:00:00,36.1,21.2,42,25.854889258526462
5299,2023-08-09 19:00:00,33.9,23.2,54,26.407488989937267
5300,2023-08-09 20:00:00,31.9,23.5,61,25.873301503933774
5301,2023-08-09 21:00:00,30.8,23.8,66,25.700225431185615
5302,2023-08-09 22:00:00,30.1,24.4,72,26.00069199071307
5303,2023-08-09 23:00:00,29.6,25.1,77,26.294206240987112
5304,2023-08-10 00:00:00,29.3,25.4,79,26.30842611316993
5305,2023-08-10 01:00:00,29.1,25.0,79,26.116954357413004
5306,2023-08-10 02:00:00,28.9,25.0,80,26.073653572194104
5307,2023-08-10 03:00:00,28.6,24.9,80,25.78564284801937
5308,2023-08-10 04:00:00,28.3,24.8,81,25.64382117291844
5309,2023-08-10 05:00:00,28.2,24.8,82,25.693122286849434
5310,2023-08-10 06:00:00,28.1,24.9,82,25.596593863989686
5311,2023-08-10 07:00:00,28.0,25.0,84,25.78917461770667
5312,2023-08-10 08:00:00,29.5,24.6,75,25.896237738653447
5313,2023-08-10 09:00:00,31.1,23.9,66,25.97591105263992
5314,2023-08-10 10:00:00,32.8,22.9,56,25.80486993527349
5315,2023-08-10 11:00:00,34.3,22.7,51,26.187222803464294
5316,2023-08-10 12:00:00,36.0,22.0,45,26.420853281300186
5317,2023-08-10 13:00:00,37.3,21.4,40,26.38399067632815
5318,2023-08-10 14:00:00,38.0,21.5,39,26.71556393718675
5319,2023-08-10 15:00:00,38.3,21.6,38,26.71548651487664
5320,2023-08-10 16:00:00,38.5,21.5,38,26.875969006773207
5321,2023-08-10 17:00:00,37.9,21.8,40,26.87177028355465
5322,2023-08-10 18:00:00,36.7,21.9,43,26.570799755942076
5323,2023-08-10 19:00:00,35.0,23.6,52,26.98671394161522
5324,2023-08-10 20:00:00,33.0,23.7,58,26.338885065108535
5325,2023-08-10 21:00:00,31.6,23.9,63,25.938566708619785
5326,2023-08-10 22:00:00,30.7,24.4,69,26.08898487933809
5327,2023-08-10 23:00:00,30.1,24.8,73,26.15570654358447
5328,2023-08-11 00:00:00,29.5,25.2,78,26.349684663583233
5329,2023-08-11 01:00:00,28.9,25.4,81,26.2214273713029
5330,2023-08-11 02:00:00,28.7,25.3,82,26.17576417782521
5331,2023-08-11 03:00:00,28.5,25.2,83,26.12870776561727
5332,2023-08-11 04:00:00,28.2,25.1,83,25.838350730552364
5333,2023-08-11 05:00:00,28.1,25.1,84,25.886214326972397
5334,2023-08-11 06:00:00,28.1,25.1,84,25.886214326972397
5335,2023-08-11 07:00:00,28.6,25.9,85,26.51700861589483
5336,2023-08-11 08:00:00,29.4,26.0,82,26.85146220718332
5337,2023-08-11 09:00:00,31.0,25.7,73,27.002167259895366
5338,2023-08-11 10:00:00,33.0,25.1,63,27.21115609552107
5339,2023-08-11 11:00:00,34.7,24.5,55,27.296977493006498
5340,2023-08-11 12:00:00,36.2,23.6,49,27.42354983780398
5341,2023-08-11 13:00:00,37.5,22.2,41,26.778376787644472
5342,2023-08-11 14:00:00,38.3,21.0,37,26.46959981802783
5343,2023-08-11 15:00:00,38.7,20.5,35,26.280985905856955
5344,2023-08-11 16:00:00,39.0,20.2,34,26.255249964186092
5345,2023-08-11 17:00:00,38.4,20.5,36,26.299204315391258
5346,2023-08-11 18:00:00,36.4,22.4,45,26.755849773555916
5347,2023-08-11 19:00:00,34.3,24.0,55,26.94499008420965
5348,2023-08-11 20:00:00,32.2,24.0,62,26.31445442806256
5349,2023-08-11 21:00:00,31.1,24.0,66,25.97591105263992
5350,2023-08-11 22:00:00,30.2,24.5,72,26.09444855429526
5351,2023-08-11 23:00:00,29.5,25.1,77,26.199016569361117
5352,2023-08-12 00:00:00,29.0,25.4,80,26.16965711589468
5353,2023-08-12 01:00:00,28.9,25.6,83,26.515850277256984
5354,2023-08-12 02:00:00,29.0,25.8,83,26.612635869392086
5355,2023-08-12 03:00:00,28.6,25.8,85,26.51700861589483
5356,2023-08-12 04:00:00,28.5,25.7,85,26.419718214100712
5357,2023-08-12 05:00:00,28.5,25.7,85,26.419718214100712
5358,2023-08-12 06:00:00,28.4,25.8,86,26.467219805998656
5359,2023-08-12 07:00:00,29.2,26.4,85,27.100750741464527
5360,2023-08-12 08:00:00,29.7,26.1,81,26.991568127015796
5361,2023-08-12 09:00:00,31.5,25.5,71,27.15347516070801
5362,2023-08-12 10:00:00,33.3,24.9,61,27.136226068759612
5363,2023-08-12 11:00:00,35.2,24.1,53,27.35417301918743
5364,2023-08-12 12:00:00,36.5,23.2,47,27.264335702029374
5365,2023-08-12 13:00:00,37.4,22.6,43,27.150385334930526
5366,2023-08-12 14:00:00,38.4,21.2,37,26.549296054293187
5367,2023-08-12 15:00:00,39.3,20.4,34,26.489204838622687
5368,2023-08-12 16:00:00,39.5,20.1,33,26.376451050784578
5369,2023-08-12 17:00:00,39.3,20.0,33,26.221676005812316
5370,2023-08-12 18:00:00,37.2,21.8,41,26.532954188460607
5371,2023-08-12 19:00:00,35.2,23.6,51,26.964740077676186
5372,2023-08-12 20:00:00,32.3,24.4,63,26.57486196810788
5373,2023-08-12 21:00:00,30.5,25.0,73,26.53191148657347
5374,2023-08-12 22:00:00,29.6,25.4,78,26.44514925410072
5375,2023-08-12 23:00:00,29.2,25.5,80,26.361664157015
5376,2023-08-13 00:00:00,28.9,25.5,82,26.368820830749858
5377,2023-08-13 01:00:00,28.4,25.4,84,26.17733336974934
5378,2023-08-13 02:00:00,27.9,25.1,85,25.835975514857473
5379,2023-08-13 03:00:00,27.4,25.0,87,25.63389726513402
5380,2023-08-13 04:00:00,27.0,25.0,89,25.52424155648995
5381,2023-08-13 05:00:00,26.7,25.1,91,25.508688361157372
5382,2023-08-13 06:00:00,26.5,25.1,92,25.45011146155967
5383,2023-08-13 07:00:00,27.4,25.7,90,26.058653566604306
5384,2023-08-13 08:00:00,29.0,25.8,82,26.465349135200743
5385,2023-08-13 09:00:00,30.5,25.4,74,26.687504777103452
5386,2023-08-13 10:00:00,32.3,24.6,64,26.743727959968098
5387,2023-08-13 11:00:00,34.0,24.0,56,26.865446724825038
5388,2023-08-13 12:00:00,35.2,23.2,50,26.767364193481967
5389,2023-08-13 13:00:00,36.7,22.0,43,26.570799755942076
5390,2023-08-13 14:00:00,38.0,20.6,37,26.230510827523112
5391,2023-08-13 15:00:00,38.8,19.4,32,25.565716579741895
5392,2023-08-13 16:00:00,39.5,18.6,30,25.54186863591335
5393,2023-08-13 17:00:00,38.7,19.9,34,26.021294627210587
5394,2023-08-13 18:00:00,36.3,22.8,46,26.884703859613982
5395,2023-08-13 19:00:00,35.3,24.5,54,27.63397141982502
5396,2023-08-13 20:00:00,33.2,24.8,61,27.04601732876689
5397,2023-08-13 21:00:00,31.4,25.0,69,26.738909548693456
5398,2023-08-13 22:00:00,30.0,25.1,75,26.369379707659448
5399,2023-08-13 23:00:00,29.1,25.1,79,26.116954357413004
5400,2023-08-14 00:00:00,28.6,25.2,82,26.079235829271855
5401,2023-08-14 01:00:00,28.5,25.3,83,26.12870776561727
5402,2023-08-14 02:00:00,28.2,25.3,84,25.983254022042825
5403,2023-08-14 03:00:00,28.0,25.1,85,25.933265999256363
5404,2023-08-14 04:00:00,27.6,25.0,86,25.68691515559942
5405,2023-08-14 05:00:00,27.4,25.0,87,25.63389726513402
5406,2023-08-14 06:00:00,27.1,24.9,88,25.481638424798504
5407,2023-08-14 07:00:00,26.6,25.5,93,25.688023570765335
5408,2023-08-14 08:00:00,28.2,25.5,85,26.127846926514337
5409,2023-08-14 09:00:00,30.0,25.2,76,26.5224289839496
5410,2023-08-14 10:00:00,31.9,24.5,65,26.545373337166676
5411,2023-08-14 11:00:00,33.6,23.6,56,26.511921575071657
5412,2023-08-14 12:00:00,35.2,22.8,49,26.568119335677178
5413,2023-08-14 13:00:00,36.7,21.8,42,26.34873826198769
5414,2023-08-14 14:00:00,37.6,21.1,39,26.392465091284055
5415,2023-08-14 15:00:00,38.2,20.5,36,26.14092644727353
5416,2023-08-14 16:00:00,38.7,19.5,33,25.757349594224493
5417,2023-08-14 17:00:00,39.2,18.4,30,25.315349546436607
5418,2023-08-14 18:00:00,38.8,18.5,31,25.291992019429813
5419,2023-08-14 19:00:00,34.8,25.2,58,27.943232799935426
5420,2023-08-14 20:00:00,32.5,25.8,68,27.595126906002715
5421,2023-08-14 21:00:00,32.4,26.1,70,27.831361151511782
5422,2023-08-14 22:00:00,31.5,26.1,73,27.472422588790987
5423,2023-08-14 23:00:00,30.9,25.8,74,27.064871660201288
5424,2023-08-15 00:00:00,30.4,26.0,77,27.055723023596492
5425,2023-08-15 01:00:00,30.0,25.7,78,26.827007456100432
5426,2023-08-15 02:00:00,29.5,25.6,79,26.4998978059571
5427,2023-08-15 03:00:00,29.2,25.6,81,26.5102302665599
5428,2023-08-15 04:00:00,28.9,25.5,82,26.368820830749858
5429,2023-08-15 05:00:00,28.8,25.4,82,26.272292511637925
5430,2023-08-15 06:00:00,28.7,25.1,81,26.028892032542053
5431,2023-08-15 07:00:00,28.9,25.5,82,26.368820830749858
5432,2023-08-15 08:00:00,29.9,25.0,75,26.274751348603846
5433,2023-08-15 09:00:00,31.5,24.0,65,26.179100263568028
5434,2023-08-15 10:00:00,32.7,23.5,58,26.071492953652086
5435,2023-08-15 11:00:00,34.1,22.9,52,26.205485733061536
5436,2023-08-15 12:00:00,35.5,22.1,46,26.211018171171627
5437,2023-08-15 13:00:00,36.5,21.5,42,26.18412209325055
5438,2023-08-15 14:00:00,37.4,21.0,39,26.230915402124992
5439,2023-08-15 15:00:00,38.3,20.4,36,26.220065405703597
5440,2023-08-15 16:00:00,39.2,20.0,33,26.144288404086684
5441,2023-08-15 17:00:00,39.5,19.5,32,26.10314787604697
5442,2023-08-15 18:00:00,39.2,18.4,30,25.315349546436607
5443,2023-08-15 19:00:00,38.5,17.5,29,24.504909662250668
5444,2023-08-15 20:00:00,36.3,20.0,39,25.342388867839084
5445,2023-08-15 21:00:00,32.7,21.1,51,24.80496337385425
5446,2023-08-15 22:00:00,32.2,20.8,51,24.373005534970876
5447,2023-08-15 23:00:00,31.6,20.9,53,24.21466969354733
5448,2023-08-16 00:00:00,30.8,21.4,57,24.208191587221126
5449,2023-08-16 01:00:00,30.5,18.7,50,22.726696920383862
5450,2023-08-16 02:00:00,30.1,13.2,36,19.73048862054749
5451,2023-08-16 03:00:00,29.1,12.8,37,19.137318186375424
5452,2023-08-16 04:00:00,28.5,13.1,39,19.041749286652653
5453,2023-08-16 05:00:00,27.8,13.7,42,19.023139256399173
5454,2023-08-16 06:00:00,27.2,14.1,45,19.050760439169586
5455,2023-08-16 07:00:00,26.9,16.6,53,20.11580827157681
5456,2023-08-16 08:00:00,27.4,17.0,53,20.551861221939294
5457,2023-08-16 09:00:00,29.0,16.8,48,21.090189313907235
5458,2023-08-16 10:00:00,30.9,16.6,42,21.574797275120936
5459,2023-08-16 11:00:00,32.4,16.1,38,21.981165451985966
5460,2023-08-16 12:00:00,33.8,14.8,32,21.72683608004557
5461,2023-08-16 13:00:00,34.9,13.8,28,21.547365991491013
5462,2023-08-16 14:00:00,35.7,13.5,26,21.58805581203821
5463,2023-08-16 15:00:00,36.2,13.4,26,21.951886806261214
5464,2023-08-16 16:00:00,36.4,13.2,25,21.80736925265448
5465,2023-08-16 17:00:00,36.4,13.1,25,21.80736925265448
5466,2023-08-16 18:00:00,36.3,12.7,24,21.43974303620382
5467,2023-08-16 19:00:00,35.1,15.0,30,22.219531063075916
5468,2023-08-16 20:00:00,31.3,20.1,52,23.77498137444426
5469,2023-08-16 21:00:00,30.4,21.0,57,23.853151870466032
5470,2023-08-16 22:00:00,29.6,22.0,64,24.280339730556978
5471,2023-08-16 23:00:00,29.0,22.5,68,24.35643302069997
5472,2023-08-17 00:00:00,28.1,22.3,71,23.97591375053652
5473,2023-08-17 01:00:00,27.5,22.0,72,23.563014577483234
5474,2023-08-17 02:00:00,27.0,21.7,73,23.240108069480122
5475,2023-08-17 03:00:00,26.5,21.9,76,23.200536692424446
5476,2023-08-17 04:00:00,26.0,22.2,80,23.289543891592203
5477,2023-08-17 05:00:00,25.3,22.5,84,23.1690969593581
5478,2023-08-17 06:00:00,25.0,22.7,87,23.287109166726566
5479,2023-08-17 07:00:00,25.0,23.9,93,24.101007368427396
5480,2023-08-17 08:00:00,26.6,23.8,85,24.57119793956796
5481,2023-08-17 09:00:00,28.6,23.4,73,24.744935379106586
5482,2023-08-17 10:00:00,31.0,23.2,63,25.393169851708297
5483,2023-08-17 11:00:00,33.5,22.0,51,25.49609414919944
5484,2023-08-17 12:00:00,35.8,18.8,37,24.477178191157332
5485,2023-08-17 13:00:00,37.1,16.8,30,23.72970030903689
5486,2023-08-17 14:00:00,38.0,16.2,28,23.84673201728874
5487,2023-08-17 15:00:00,38.5,16.1,27,23.92455378044897
5488,2023-08-17 16:00:00,39.1,15.9,26,24.062067126907465
5489,2023-08-17 17:00:00,39.0,15.6,25,23.680196389610067
5490,2023-08-17 18:00:00,36.3,21.3,42,26.019505759186753
5491,2023-08-17 19:00:00,34.0,22.8,52,26.11868244358816
5492,2023-08-17 20:00:00,33.8,21.5,49,25.370510977677363
5493,2023-08-17 21:00:00,32.2,21.3,52,24.556217749118677
5494,2023-08-17 22:00:00,31.4,22.1,58,24.912790985814272
5495,2023-08-17 23:00:00,29.8,24.3,72,25.71942218701984
5496,2023-08-18 00:00:00,28.8,25.5,82,26.272292511637925
5497,2023-08-18 01:00:00,28.4,25.5,85,26.322427798630088
5498,2023-08-18 02:00:00,28.1,25.4,85,26.030556469796412
5499,2023-08-18 03:00:00,27.8,25.3,86,25.881991399326655
5500,2023-08-18 04:00:00,27.5,25.3,88,25.87373511134802
5501,2023-08-18 05:00:00,27.0,25.5,91,25.804881786932192
5502,2023-08-18 06:00:00,26.6,25.7,95,25.96547236206153
5503,2023-08-18 07:00:00,27.9,25.7,88,26.265831590241703
5504,2023-08-18 08:00:00,28.3,25.4,84,26.08029370295588
5505,2023-08-18 09:00:00,29.6,24.8,75,25.990866167299885
5506,2023-08-18 10:00:00,31.2,24.2,67,26.230392871073732
5507,2023-08-18 11:00:00,33.0,23.1,56,25.981633014641577
5508,2023-08-18 12:00:00,34.8,21.5,46,25.62154125696204
5509,2023-08-18 13:00:00,36.2,20.3,40,25.489723989054713
5510,2023-08-18 14:00:00,37.2,19.5,35,25.10245086993146
5511,2023-08-18 15:00:00,38.1,18.8,33,25.293021229932354
5512,2023-08-18 16:00:00,38.8,18.4,31,25.291992019429813
5513,2023-08-18 17:00:00,38.4,18.6,32,25.258611747703338
5514,2023-08-18 18:00:00,37.3,17.6,31,24.149746233279973
5515,2023-08-18 19:00:00,35.7,17.2,34,23.681714504207854
5516,2023-08-18 20:00:00,33.2,18.5,42,23.467930456312935
5517,2023-08-18 21:00:00,31.0,20.5,53,23.691415119851555
5518,2023-08-18 22:00:00,29.6,21.6,62,23.959967390385582
5519,2023-08-18 23:00:00,28.6,23.0,72,24.594341251104996
5520,2023-08-19 00:00:00,27.9,24.0,80,25.113617276484863
5521,2023-08-19 01:00:00,27.4,24.5,84,25.206936061870618
5522,2023-08-19 02:00:00,27.0,24.9,88,25.383614220461
5523,2023-08-19 03:00:00,26.8,24.9,90,25.467663547214872
5524,2023-08-19 04:00:00,26.5,25.0,91,25.311226016038464
5525,2023-08-19 05:00:00,26.2,25.0,93,25.29126980547337
5526,2023-08-19 06:00:00,26.0,25.0,94,25.230341990588943
5527,2023-08-19 07:00:00,27.6,26.0,91,26.3972683106974
5528,2023-08-19 08:00:00,28.5,25.4,84,26.274373022460857
5529,2023-08-19 09:00:00,30.0,24.6,73,26.061655262353888
5530,2023-08-19 10:00:00,31.6,23.9,63,25.938566708619785
5531,2023-08-19 11:00:00,33.5,22.4,52,25.684665522486004
5532,2023-08-19 12:00:00,35.2,20.6,43,25.32882407463567
5533,2023-08-19 13:00:00,36.5,19.0,36,24.79555650098166
5534,2023-08-19 14:00:00,37.5,18.5,33,24.82869086309283
5535,2023-08-19 15:00:00,38.2,18.6,32,25.105058988866304
5536,2023-08-19 16:00:00,38.8,18.4,31,25.291992019429813
5537,2023-08-19 17:00:00,38.7,16.9,28,24.365934098645702
5538,2023-08-19 18:00:00,37.4,18.6,33,24.751302270333262
5539,2023-08-19 19:00:00,35.3,24.0,52,27.247122794101752
5540,2023-08-19 20:00:00,33.7,24.0,57,26.782215787324066
5541,2023-08-19 21:00:00,32.4,23.5,59,25.97865555950497
5542,2023-08-19 22:00:00,31.5,22.9,60,25.343356444982007
5543,2023-08-19 23:00:00,30.4,22.9,64,25.01023432523544
5544,2023-08-20 00:00:00,29.5,23.4,70,25.129890359623207
5545,2023-08-20 01:00:00,29.0,24.0,75,25.42309533156935
5546,2023-08-20 02:00:00,28.5,24.5,79,25.542538708809456
5547,2023-08-20 03:00:00,28.1,24.6,81,25.4512856513881
5548,2023-08-20 04:00:00,27.8,24.6,83,25.451207813349306
5549,2023-08-20 05:00:00,27.6,24.6,84,25.40101563792773
5550,2023-08-20 06:00:00,27.5,24.7,85,25.44681343793442
5551,2023-08-20 07:00:00,27.9,25.0,84,25.692134894207598
5552,2023-08-20 08:00:00,28.6,25.0,81,25.93262434046119
5553,2023-08-20 09:00:00,30.1,25.0,74,26.31013761363795
5554,2023-08-20 10:00:00,32.2,23.8,61,26.143928600480027
5555,2023-08-20 11:00:00,34.8,22.1,48,26.02649850115726
5556,2023-08-20 12:00:00,37.2,20.0,37,25.592938086911413
5557,2023-08-20 13:00:00,38.8,19.2,32,25.565716579741895
5558,2023-08-20 14:00:00,39.1,19.1,31,25.52043956148606
5559,2023-08-20 15:00:00,38.5,18.2,31,25.063543948275726
5560,2023-08-20 16:00:00,39.3,17.5,28,24.810961822528135
5561,2023-08-20 17:00:00,39.8,16.9,26,24.57141154389216
5562,2023-08-20 18:00:00,39.7,16.9,26,24.49864826884821
5563,2023-08-20 19:00:00,39.2,17.5,28,24.736790700893124
5564,2023-08-20 20:00:00,36.7,20.2,39,25.665490068482466
5565,2023-08-20 21:00:00,34.8,21.5,46,25.62154125696204
5566,2023-08-20 22:00:00,33.9,22.3,51,25.841658737720113
5567,2023-08-20 23:00:00,32.6,21.8,53,25.08675802019237
5568,2023-08-21 00:00:00,31.9,21.0,52,24.295805930021768
5569,2023-08-21 01:00:00,31.4,21.1,55,24.393067546129405
5570,2023-08-21 02:00:00,30.8,21.4,58,24.37800387934976
5571,2023-08-21 03:00:00,29.9,21.8,62,24.231639841589
5572,2023-08-21 04:00:00,29.2,22.1,66,24.229898720130606
5573,2023-08-21 05:00:00,28.6,22.8,70,24.291499468877362
5574,2023-08-21 06:00:00,28.2,23.5,75,24.666066553141267
5575,2023-08-21 07:00:00,28.3,24.3,79,25.351066697646193
5576,2023-08-21 08:00:00,29.1,24.6,77,25.81825771684835
5577,2023-08-21 09:00:00,31.0,23.9,66,25.884015867420132
5578,2023-08-21 10:00:00,32.5,24.1,61,26.414555474731486
5579,2023-08-21 11:00:00,34.3,21.8,48,25.600959654540954
5580,2023-08-21 12:00:00,36.5,19.9,38,25.27113581202808
5581,2023-08-21 13:00:00,37.5,19.8,36,25.58695235676789
5582,2023-08-21 14:00:00,38.2,19.1,33,25.370409428346644
5583,2023-08-21 15:00:00,38.5,19.1,32,25.335388041052816
5584,2023-08-21 16:00:00,38.3,18.7,32,25.181835397056098
5585,2023-08-21 17:00:00,35.0,21.4,45,25.583359397304513
5586,2023-08-21 18:00:00,33.8,22.6,52,25.945075770225575
5587,2023-08-21 19:00:00,32.5,23.2,58,25.893231412170966
5588,2023-08-21 20:00:00,31.2,23.5,64,25.74012739856894
5589,2023-08-21 21:00:00,30.9,23.7,66,25.792120660291324
5590,2023-08-21 22:00:00,30.8,24.0,67,25.861524745315805
5591,2023-08-21 23:00:00,30.6,24.4,69,25.996138417775683
5592,2023-08-22 00:00:00,30.3,24.8,72,26.18820509914499
5593,2023-08-22 01:00:00,30.0,25.0,74,26.21579577858507
5594,2023-08-22 02:00:00,29.8,24.9,75,26.180122972225174
5595,2023-08-22 03:00:00,29.4,24.6,76,25.95296325311993
5596,2023-08-22 04:00:00,29.0,24.0,75,25.42309533156935
5597,2023-08-22 05:00:00,28.7,23.5,74,24.98935028632249
5598,2023-08-22 06:00:00,28.4,23.1,73,24.556832237135545
5599,2023-08-22 07:00:00,28.1,23.8,77,24.86635940692182
5600,2023-08-22 08:00:00,29.0,24.0,74,25.272376441798073
5601,2023-08-22 09:00:00,30.0,24.4,72,25.90693540834334
5602,2023-08-22 10:00:00,31.5,23.5,62,25.680555719902323
5603,2023-08-22 11:00:00,33.5,22.9,54,26.05706439051363
5604,2023-08-22 12:00:00,34.8,21.9,47,25.825058040784565
5605,2023-08-22 13:00:00,33.5,22.2,52,25.684665522486004
5606,2023-08-22 14:00:00,35.0,21.9,46,25.789963419869643
5607,2023-08-22 15:00:00,34.7,22.2,48,25.94139080279129
5608,2023-08-22 16:00:00,34.6,23.0,51,26.446395514108197
5609,2023-08-22 17:00:00,34.2,22.8,52,26.29228899120898
5610,2023-08-22 18:00:00,33.2,23.1,56,26.15839598055756
5611,2023-08-22 19:00:00,31.6,24.5,66,26.43538665246023
5612,2023-08-22 20:00:00,31.0,24.6,69,26.367524143205134
5613,2023-08-22 21:00:00,30.7,24.6,70,26.247742330363263
5614,2023-08-22 22:00:00,30.3,24.7,72,26.18820509914499
5615,2023-08-22 23:00:00,29.8,24.8,75,26.180122972225174
5616,2023-08-23 00:00:00,29.4,24.7,76,25.95296325311993
5617,2023-08-23 01:00:00,29.3,24.5,75,25.706980828741948
5618,2023-08-23 02:00:00,29.1,24.3,75,25.517723848335375
5619,2023-08-23 03:00:00,28.7,24.3,77,25.437498596460173
5620,2023-08-23 04:00:00,28.2,24.4,80,25.40162833034388
5621,2023-08-23 05:00:00,27.5,24.5,84,25.303975857112007
5622,2023-08-23 06:00:00,27.3,24.6,85,25.252232315355368
5623,2023-08-23 07:00:00,27.2,24.8,87,25.43833189092637
5624,2023-08-23 08:00:00,28.8,25.0,80,25.97765001300987
5625,2023-08-23 09:00:00,30.7,24.6,70,26.247742330363263
5626,2023-08-23 10:00:00,32.2,23.9,62,26.31445442806256
5627,2023-08-23 11:00:00,33.6,23.0,54,26.14467058488463
5628,2023-08-23 12:00:00,35.1,21.9,46,25.87417444482044
5629,2023-08-23 13:00:00,36.3,20.4,39,25.342388867839084
5630,2023-08-23 14:00:00,37.2,18.2,33,24.59652491267605
5631,2023-08-23 15:00:00,37.7,17.9,31,24.454346452465987
5632,2023-08-23 16:00:00,37.7,17.9,31,24.454346452465987
5633,2023-08-23 17:00:00,37.3,18.5,33,24.673913620275933
5634,2023-08-23 18:00:00,36.6,19.4,37,25.11475648133484
5635,2023-08-23 19:00:00,35.8,19.8,39,24.938511312000166
5636,2023-08-23 20:00:00,34.3,20.2,44,24.791526433150093
5637,2023-08-23 21:00:00,32.8,20.5,49,24.515072229087338
5638,2023-08-23 22:00:00,31.6,20.8,53,24.21466969354733
5639,2023-08-23 23:00:00,30.9,20.9,55,23.953078337288964
5640,2023-08-24 00:00:00,30.0,21.1,59,23.83074126876971
5641,2023-08-24 01:00:00,29.2,21.8,64,23.91539185047266
5642,2023-08-24 02:00:00,28.6,22.1,68,23.986294920440752
5643,2023-08-24 03:00:00,28.2,22.0,69,23.767817125271982
5644,2023-08-24 04:00:00,27.9,21.9,70,23.639416499104712
5645,2023-08-24 05:00:00,27.6,21.7,70,23.359952050839983
5646,2023-08-24 06:00:00,27.5,21.6,70,23.26679719182461
5647,2023-08-24 07:00:00,27.5,22.8,75,24.003665417747523
5648,2023-08-24 08:00:00,28.6,22.0,68,23.986294920440752
5649,2023-08-24 09:00:00,30.2,20.7,57,23.675631832802935
5650,2023-08-24 10:00:00,32.8,20.0,47,24.13177663155784
5651,2023-08-24 11:00:00,35.3,19.2,39,24.534632561817396
5652,2023-08-24 12:00:00,37.0,19.0,35,24.945311978032223
5653,2023-08-24 13:00:00,38.4,18.7,32,25.258611747703338
5654,2023-08-24 14:00:00,39.4,18.2,29,25.17853781532397
5655,2023-08-24 15:00:00,40.2,18.1,28,25.47849900059851
5656,2023-08-24 16:00:00,40.1,17.8,27,25.100182545526142
5657,2023-08-24 17:00:00,40.1,17.7,27,25.100182545526142
5658,2023-08-24 18:00:00,39.8,17.7,28,25.18181645275418
5659,2023-08-24 19:00:00,33.2,22.9,55,25.97702237515234
5660,2023-08-24 20:00:00,32.5,22.1,55,25.361041096123753
5661,2023-08-24 21:00:00,32.4,22.5,56,25.451343433101417
5662,2023-08-24 22:00:00,31.0,22.0,59,24.725707468375752
5663,2023-08-24 23:00:00,30.2,21.9,61,24.339743652060207
5664,2023-08-25 00:00:00,30.2,21.5,60,24.175230673284112
5665,2023-08-25 01:00:00,29.6,21.8,63,24.12057378597085
5666,2023-08-25 02:00:00,28.8,22.5,69,24.324898588829416
5667,2023-08-25 03:00:00,28.3,22.4,70,24.01203546541296
5668,2023-08-25 04:00:00,27.9,22.1,71,23.788997656908418
5669,2023-08-25 05:00:00,27.4,22.2,74,23.762901673786903
5670,2023-08-25 06:00:00,27.8,22.1,71,23.695539579119778
5671,2023-08-25 07:00:00,27.4,21.9,72,23.46925748657082
5672,2023-08-25 08:00:00,28.7,21.8,66,23.77042042001934
5673,2023-08-25 09:00:00,31.2,20.8,54,24.04211346968491
5674,2023-08-25 10:00:00,33.4,20.1,46,24.44258180740783
5675,2023-08-25 11:00:00,35.0,20.3,42,24.94949546898402
5676,2023-08-25 12:00:00,36.4,20.5,40,25.652318332045038
5677,2023-08-25 13:00:00,37.3,21.0,39,26.15014049038311
5678,2023-08-25 14:00:00,37.8,21.1,38,26.3142794943414
5679,2023-08-25 15:00:00,37.2,21.4,40,26.30269392459513
5680,2023-08-25 16:00:00,36.5,21.4,42,26.18412209325055
5681,2023-08-25 17:00:00,36.3,20.0,39,25.342388867839084
5682,2023-08-25 18:00:00,35.0,19.9,41,24.733176676148084
5683,2023-08-25 19:00:00,34.1,20.6,45,24.82961156660735
5684,2023-08-25 20:00:00,32.5,21.6,53,24.99954933284362
5685,2023-08-25 21:00:00,31.4,22.5,60,25.25350077542848
5686,2023-08-25 22:00:00,30.3,23.1,66,25.240748953607504
5687,2023-08-25 23:00:00,29.5,24.0,73,25.591398580638945
5688,2023-08-26 00:00:00,28.9,24.5,77,25.627878190328378
5689,2023-08-26 01:00:00,28.5,24.7,80,25.689639242127175
5690,2023-08-26 02:00:00,28.0,24.9,83,25.64477930119384
5691,2023-08-26 03:00:00,27.7,24.9,85,25.641394504335615
5692,2023-08-26 04:00:00,27.2,24.9,87,25.43833189092637
5693,2023-08-26 05:00:00,27.0,24.8,88,25.383614220461
5694,2023-08-26 06:00:00,26.7,24.8,89,25.22945330531144
5695,2023-08-26 07:00:00,26.5,24.7,90,25.172168368529245
5696,2023-08-26 08:00:00,27.7,24.7,84,25.498055404356524
5697,2023-08-26 09:00:00,29.7,24.8,75,26.085494578473792
5698,2023-08-26 10:00:00,31.6,23.9,64,26.105073376664805
5699,2023-08-26 11:00:00,33.3,22.8,54,25.881851912129687
5700,2023-08-26 12:00:00,35.0,21.8,46,25.789963419869643
5701,2023-08-26 13:00:00,36.7,20.1,38,25.43161997680226
5702,2023-08-26 14:00:00,38.1,18.5,32,25.02828252288776
5703,2023-08-26 15:00:00,39.0,16.1,26,23.989303351578947
5704,2023-08-26 16:00:00,39.2,14.5,23,23.18206763148043
5705,2023-08-26 17:00:00,38.5,14.8,25,23.320041530605156
5706,2023-08-26 18:00:00,37.7,14.6,26,23.043367523463218
5707,2023-08-26 19:00:00,36.8,13.9,26,22.388481262267813
5708,2023-08-26 20:00:00,34.5,16.4,34,22.745867940683425
5709,2023-08-26 21:00:00,33.0,18.0,41,23.09699620819655
5710,2023-08-26 22:00:00,31.5,19.2,48,23.21792506272243
5711,2023-08-26 23:00:00,30.2,20.5,56,23.506939220102122
5712,2023-08-27 00:00:00,29.1,21.0,62,23.507179450246063
5713,2023-08-27 01:00:00,28.5,21.0,64,23.276732106306106
5714,2023-08-27 02:00:00,28.0,20.9,65,22.97419517667864
5715,2023-08-27 03:00:00,27.5,20.9,68,22.96841330124896
5716,2023-08-27 04:00:00,27.0,21.0,70,22.801022571807543
5717,2023-08-27 05:00:00,26.8,21.2,72,22.90671451136736
5718,2023-08-27 06:00:00,26.5,21.3,73,22.76984849677022
5719,2023-08-27 07:00:00,27.0,22.5,77,23.819269274495586
5720,2023-08-27 08:00:00,28.0,22.2,71,23.88245571402648
5721,2023-08-27 09:00:00,30.1,21.5,60,24.085374656470226
5722,2023-08-27 10:00:00,33.0,20.9,49,24.686160266806308
5723,2023-08-27 11:00:00,35.7,20.1,40,25.08323733766417
5724,2023-08-27 12:00:00,38.0,17.8,31,24.682795968506912
5725,2023-08-27 13:00:00,39.6,16.8,26,24.425884923313255
5726,2023-08-27 14:00:00,40.7,16.6,25,24.90470890974351
5727,2023-08-27 15:00:00,41.3,16.4,24,25.003597947113363
5728,2023-08-27 16:00:00,41.7,16.4,23,24.944565443417524
5729,2023-08-27 17:00:00,41.2,15.9,23,24.592069749650644
5730,2023-08-27 18:00:00,41.2,15.6,22,24.243641883470925
5731,2023-08-27 19:00:00,37.7,17.9,31,24.454346452465987
5732,2023-08-27 20:00:00,36.3,17.1,32,23.64629596411181
5733,2023-08-27 21:00:00,31.0,24.0,67,26.045958850685395
5734,2023-08-27 22:00:00,29.4,25.1,78,26.254220056969302
5735,2023-08-27 23:00:00,29.8,25.1,76,26.332607141340542
5736,2023-08-28 00:00:00,29.8,25.3,77,26.484585534762846
5737,2023-08-28 01:00:00,29.1,25.5,81,26.413962649804134
5738,2023-08-28 02:00:00,29.1,25.2,79,26.116954357413004
5739,2023-08-28 03:00:00,29.0,24.8,78,25.87236146864669
5740,2023-08-28 04:00:00,28.5,23.8,76,25.098763500782713
5741,2023-08-28 05:00:00,28.2,23.2,74,24.51763965726702
5742,2023-08-28 06:00:00,27.8,23.0,75,24.287551728962796
5743,2023-08-28 07:00:00,26.9,22.7,78,23.86759952564578
5744,2023-08-28 08:00:00,27.2,22.6,76,23.864916898426504
5745,2023-08-28 09:00:00,28.8,22.5,69,24.324898588829416
5746,2023-08-28 10:00:00,30.8,22.2,60,24.714366205149776
5747,2023-08-28 11:00:00,32.8,21.4,51,24.891354838844894
5748,2023-08-28 12:00:00,34.3,21.0,46,25.20048518392529
5749,2023-08-28 13:00:00,35.7,20.9,42,25.525655752271668
5750,2023-08-28 14:00:00,36.7,20.6,39,25.665490068482466
5751,2023-08-28 15:00:00,36.5,20.0,38,25.27113581202808
5752,2023-08-28 16:00:00,32.9,22.1,53,25.348383891415992
5753,2023-08-28 17:00:00,35.0,20.6,43,25.16322661796465
5754,2023-08-28 18:00:00,34.0,21.0,47,25.147747292179744
5755,2023-08-28 19:00:00,32.6,21.8,53,25.08675802019237
5756,2023-08-28 20:00:00,32.8,21.4,51,24.891354838844894
5757,2023-08-28 21:00:00,32.0,21.8,55,24.92105357485414
5758,2023-08-28 22:00:00,31.2,22.1,59,24.90470037620045
5759,2023-08-28 23:00:00,30.7,21.4,58,24.288872595555524
5760,2023-08-29 00:00:00,30.2,21.0,58,23.843215744861187
5761,2023-08-29 01:00:00,29.7,21.0,60,23.725950314931605
5762,2023-08-29 02:00:00,29.2,21.0,61,23.437647265837573
5763,2023-08-29 03:00:00,28.7,20.9,63,23.30247372238619
5764,2023-08-29 04:00:00,28.2,21.0,65,23.157333399111423
5765,2023-08-29 05:00:00,28.0,20.6,64,22.820545818440618
5766,2023-08-29 06:00:00,27.9,20.4,64,22.729308484166022
5767,2023-08-29 07:00:00,27.1,21.9,73,23.334159923792914
5768,2023-08-29 08:00:00,27.5,21.8,71,23.41516522110087
5769,2023-08-29 09:00:00,28.1,21.8,68,23.523621795488314
5770,2023-08-29 10:00:00,30.1,21.8,61,24.249534133503236
5771,2023-08-29 11:00:00,32.1,21.2,53,24.650714262421697
5772,2023-08-29 12:00:00,33.5,19.2,43,23.921240229909316
5773,2023-08-29 13:00:00,34.5,18.0,38,23.666283262976123
5774,2023-08-29 14:00:00,35.7,16.8,33,23.43568722274951
5775,2023-08-29 15:00:00,36.2,15.7,30,23.050127570315432
5776,2023-08-29 16:00:00,36.5,14.6,27,22.454992037658382
5777,2023-08-29 17:00:00,36.4,14.4,27,22.38151315453592
5778,2023-08-29 18:00:00,36.0,14.1,27,22.087596833894583
5779,2023-08-29 19:00:00,34.1,14.9,32,21.957173486888976
5780,2023-08-29 20:00:00,32.8,15.1,34,21.420069857867563
5781,2023-08-29 21:00:00,31.5,15.5,38,21.258964495991208
5782,2023-08-29 22:00:00,30.1,16.1,43,21.10603290237476
5783,2023-08-29 23:00:00,29.4,16.1,45,20.893317009220045
5784,2023-08-30 00:00:00,29.0,15.9,45,20.55830853438736
5785,2023-08-30 01:00:00,28.4,14.4,43,19.698407532510597
5786,2023-08-30 02:00:00,27.5,13.9,43,18.953187744555972
5787,2023-08-30 03:00:00,26.4,13.8,46,18.54765800977919
5788,2023-08-30 04:00:00,25.8,13.8,48,18.366647194329524
5789,2023-08-30 05:00:00,25.2,14.1,50,18.17009705505251
5790,2023-08-30 06:00:00,24.9,14.2,52,18.219436116042733
5791,2023-08-30 07:00:00,24.6,15.6,57,18.705018565243964
5792,2023-08-30 08:00:00,25.4,16.2,57,19.41511272236129
5793,2023-08-30 09:00:00,27.5,16.5,51,20.312557155107932
5794,2023-08-30 10:00:00,29.6,17.0,47,21.42249310851382
5795,2023-08-30 11:00:00,32.0,16.2,39,21.869001042804673
5796,2023-08-30 12:00:00,34.0,14.4,31,21.636754409053925
5797,2023-08-30 13:00:00,35.7,12.9,25,21.30313688252327
5798,2023-08-30 14:00:00,36.5,13.1,25,21.879402099547804
5799,2023-08-30 15:00:00,37.2,12.8,23,21.772032251701173
5800,2023-08-30 16:00:00,37.5,12.9,23,21.983539808728395
5801,2023-08-30 17:00:00,37.0,12.6,23,21.631026756323738
5802,2023-08-30 18:00:00,36.2,12.6,24,21.36846378760152
5803,2023-08-30 19:00:00,35.4,14.1,28,21.91823641635017
5804,2023-08-30 20:00:00,34.0,13.9,30,21.388925786001888
5805,2023-08-30 21:00:00,32.6,14.8,34,21.26409236645028
5806,2023-08-30 22:00:00,31.1,15.2,38,20.93798475591984
5807,2023-08-30 23:00:00,29.9,15.9,43,20.940430705841813
5808,2023-08-31 00:00:00,29.4,15.6,43,20.52642430769027
5809,2023-08-31 01:00:00,27.9,16.8,51,20.658130566736435
5810,2023-08-31 02:00:00,27.5,18.2,57,21.2790991691924
5811,2023-08-31 03:00:00,27.9,18.4,56,21.474136812828885
5812,2023-08-31 04:00:00,26.5,17.1,56,20.23677014650723
5813,2023-08-31 05:00:00,25.9,15.1,51,18.93025679222489
5814,2023-08-31 06:00:00,25.5,14.5,51,18.584679969746286
5815,2023-08-31 07:00:00,25.0,17.0,61,19.64881158033394
5816,2023-08-31 08:00:00,26.0,17.4,59,20.25084710289517
5817,2023-08-31 09:00:00,28.6,16.1,47,20.57583292202904
5818,2023-08-31 10:00:00,30.9,15.1,38,20.777494523376127
5819,2023-08-31 11:00:00,32.6,14.6,34,21.26409236645028
5820,2023-08-31 12:00:00,33.9,14.7,32,21.80361528540574
5821,2023-08-31 13:00:00,35.0,14.8,30,22.144021861510847
5822,2023-08-31 14:00:00,35.9,14.6,28,22.289104880048725
5823,2023-08-31 15:00:00,36.1,14.6,28,22.43745172667985
5824,2023-08-31 16:00:00,36.5,14.6,27,22.454992037658382
5825,2023-08-31 17:00:00,36.2,14.3,27,22.234555152593554
5826,2023-08-31 18:00:00,35.3,14.2,28,21.844062489757825
5827,2023-08-31 19:00:00,33.5,15.7,34,21.96598898085714
5828,2023-08-31 20:00:00,31.3,18.5,46,22.674127816860537
5829,2023-08-31 21:00:00,30.8,18.8,49,22.80418363418674
5830,2023-08-31 22:00:00,30.1,17.8,48,22.026396263488845
5831,2023-08-31 23:00:00,29.1,17.5,49,21.34991599442704
5832,2023-09-01 00:00:00,28.4,17.6,52,21.257644630912676
5833,2023-09-01 01:00:00,28.2,18.1,54,21.413890677194356
5834,2023-09-01 02:00:00,27.2,18.0,57,21.012816311891537
5835,2023-09-01 03:00:00,26.8,18.0,59,20.966829879079654
5836,2023-09-01 04:00:00,26.2,18.1,61,20.731341382600107
5837,2023-09-01 05:00:00,25.6,18.5,65,20.776528563188307
5838,2023-09-01 06:00:00,25.4,18.9,67,20.881769761351027
5839,2023-09-01 07:00:00,25.3,19.3,69,21.07524539783396
5840,2023-09-01 08:00:00,26.0,19.4,67,21.435079296788913
5841,2023-09-01 09:00:00,28.8,18.4,53,21.77280442246961
5842,2023-09-01 10:00:00,31.3,18.2,46,22.674127816860537
5843,2023-09-01 11:00:00,33.2,18.0,41,23.26061511736982
5844,2023-09-01 12:00:00,34.4,17.0,35,22.902486212187096
5845,2023-09-01 13:00:00,35.3,16.5,33,23.12612819912983
5846,2023-09-01 14:00:00,36.2,16.1,30,23.050127570315432
5847,2023-09-01 15:00:00,36.7,15.6,29,23.157637341412382
5848,2023-09-01 16:00:00,36.9,15.1,28,23.03083610521479
5849,2023-09-01 17:00:00,36.9,14.6,27,22.748906793093777
5850,2023-09-01 18:00:00,36.5,14.0,26,22.170184402724324
5851,2023-09-01 19:00:00,33.3,17.5,39,22.919105122192697
5852,2023-09-01 20:00:00,32.7,17.8,41,22.85156747390151
5853,2023-09-01 21:00:00,31.4,20.5,53,24.040251635660105
5854,2023-09-01 22:00:00,30.0,21.5,60,23.99551861231944
5855,2023-09-01 23:00:00,29.9,22.1,63,24.393273350913788
5856,2023-09-02 00:00:00,28.5,22.9,72,24.500584380162014
5857,2023-09-02 01:00:00,28.0,23.1,75,24.476809177650935
5858,2023-09-02 02:00:00,27.4,23.3,79,24.489441840901787
5859,2023-09-02 03:00:00,27.0,23.2,80,24.24958325050458
5860,2023-09-02 04:00:00,26.6,23.1,81,24.00726725285765
5861,2023-09-02 05:00:00,26.3,22.9,81,23.71846314452158
5862,2023-09-02 06:00:00,25.8,22.8,84,23.654297343959193
5863,2023-09-02 07:00:00,25.5,23.0,86,23.6386112461642
5864,2023-09-02 08:00:00,25.0,23.5,91,23.830256838351783
5865,2023-09-02 09:00:00,26.6,23.2,81,24.00726725285765
5866,2023-09-02 10:00:00,29.4,22.8,68,24.726570770409293
5867,2023-09-02 11:00:00,32.1,21.8,55,25.00905113941959
5868,2023-09-02 12:00:00,33.8,20.7,46,24.77942814549252
5869,2023-09-02 13:00:00,35.0,19.5,40,24.514154084763003
5870,2023-09-02 14:00:00,35.9,19.0,37,24.556875656572082
5871,2023-09-02 15:00:00,35.5,18.6,37,24.23808548315326
5872,2023-09-02 16:00:00,33.4,20.9,48,24.834987459787563
5873,2023-09-02 17:00:00,34.5,19.0,40,24.107664628952097
5874,2023-09-02 18:00:00,34.5,18.9,40,24.107664628952097
5875,2023-09-02 19:00:00,32.7,21.3,51,24.80496337385425
5876,2023-09-02 20:00:00,31.4,22.2,59,25.083693175040388
5877,2023-09-02 21:00:00,30.6,22.7,63,25.02957146662985
5878,2023-09-02 22:00:00,30.0,23.2,67,25.123787463513242
5879,2023-09-02 23:00:00,29.5,23.8,71,25.284324132279735
5880,2023-09-03 00:00:00,29.0,24.4,76,25.5733190916518
5881,2023-09-03 01:00:00,28.6,24.8,80,25.78564284801937
5882,2023-09-03 02:00:00,28.2,24.9,82,25.693122286849434
5883,2023-09-03 03:00:00,27.9,24.8,84,25.692134894207598
5884,2023-09-03 04:00:00,27.6,24.5,83,25.25763626670152
5885,2023-09-03 05:00:00,27.3,24.4,84,25.10989625216469
5886,2023-09-03 06:00:00,27.0,24.2,85,24.960360525495048
5887,2023-09-03 07:00:00,27.4,24.4,84,25.206936061870618
5888,2023-09-03 08:00:00,28.0,24.5,81,25.355017867546064
5889,2023-09-03 09:00:00,29.6,23.8,71,25.377781867008917
5890,2023-09-03 10:00:00,31.0,23.0,63,25.393169851708297
5891,2023-09-03 11:00:00,32.3,21.9,54,25.00578770036881
5892,2023-09-03 12:00:00,33.8,20.8,47,24.97841923156468
5893,2023-09-03 13:00:00,34.5,19.7,42,24.537951099008534
5894,2023-09-03 14:00:00,35.7,18.9,37,24.397480673925525
5895,2023-09-03 15:00:00,35.5,18.9,38,24.468712055512785
5896,2023-09-03 16:00:00,35.5,19.1,38,24.468712055512785
5897,2023-09-03 17:00:00,33.7,21.5,49,25.284967263447946
5898,2023-09-03 18:00:00,33.5,20.2,46,24.52679345146691
5899,2023-09-03 19:00:00,27.8,23.2,77,24.580789580281717
5900,2023-09-03 20:00:00,29.3,24.5,75,25.706980828741948
5901,2023-09-03 21:00:00,30.0,24.1,71,25.751612610104797
5902,2023-09-03 22:00:00,29.4,24.8,76,25.95296325311993
5903,2023-09-03 23:00:00,28.8,25.0,80,25.97765001300987
5904,2023-09-04 00:00:00,28.3,24.9,82,25.789650694767
5905,2023-09-04 01:00:00,28.0,24.8,83,25.64477930119384
5906,2023-09-04 02:00:00,27.8,24.8,84,25.595095156436994
5907,2023-09-04 03:00:00,27.5,25.0,86,25.589377013293134
5908,2023-09-04 04:00:00,27.4,25.0,87,25.63389726513402
5909,2023-09-04 05:00:00,27.4,24.8,86,25.491838857310338
5910,2023-09-04 06:00:00,27.2,24.5,85,25.15494173290528
5911,2023-09-04 07:00:00,23.1,19.4,79,20.37277056855491
5912,2023-09-04 08:00:00,24.9,19.9,74,21.404337427497236
5913,2023-09-04 09:00:00,26.9,20.8,69,22.56080457873989
5914,2023-09-04 10:00:00,29.4,22.0,65,24.256160680943562
5915,2023-09-04 11:00:00,31.9,22.5,58,25.358446137419286
5916,2023-09-04 12:00:00,33.6,22.6,53,25.958843158609056
5917,2023-09-04 13:00:00,34.5,22.1,48,25.77117529988139
5918,2023-09-04 14:00:00,35.1,21.2,45,25.667108959044768
5919,2023-09-04 15:00:00,33.4,21.6,50,25.219883722638187
5920,2023-09-04 16:00:00,32.1,21.9,55,25.00905113941959
5921,2023-09-04 17:00:00,33.4,22.7,54,25.96945816629617
5922,2023-09-04 18:00:00,32.5,22.2,55,25.361041096123753
5923,2023-09-04 19:00:00,31.9,23.9,63,26.211264817199783
5924,2023-09-04 20:00:00,30.8,23.5,65,25.53812152539946
5925,2023-09-04 21:00:00,29.6,25.1,77,26.294206240987112
5926,2023-09-04 22:00:00,28.4,24.5,79,25.44680271129854
5927,2023-09-04 23:00:00,28.0,24.7,83,25.64477930119384
5928,2023-09-05 00:00:00,27.6,24.7,84,25.40101563792773
5929,2023-09-05 01:00:00,27.0,24.2,85,24.960360525495048
5930,2023-09-05 02:00:00,26.6,24.1,86,24.711533112721423
5931,2023-09-05 03:00:00,26.5,24.2,88,24.893493000859365
5932,2023-09-05 04:00:00,26.5,24.5,88,24.893493000859365
5933,2023-09-05 05:00:00,26.8,24.3,86,24.906609632170106
5934,2023-09-05 06:00:00,26.8,24.4,87,25.0472009811086
5935,2023-09-05 07:00:00,26.9,24.4,86,25.00414787097687
5936,2023-09-05 08:00:00,28.2,24.8,82,25.693122286849434
5937,2023-09-05 09:00:00,30.1,24.7,73,26.15570654358447
5938,2023-09-05 10:00:00,31.6,24.5,66,26.43538665246023
5939,2023-09-05 11:00:00,33.1,24.1,59,26.605127665235973
5940,2023-09-05 12:00:00,34.4,23.6,54,26.845519077532266
5941,2023-09-05 13:00:00,35.5,23.2,49,26.824748832644836
5942,2023-09-05 14:00:00,35.7,23.2,49,26.99583499806438
5943,2023-09-05 15:00:00,36.0,22.6,46,26.63207199908873
5944,2023-09-05 16:00:00,34.5,22.9,51,26.36000464258767
5945,2023-09-05 17:00:00,33.5,23.0,54,26.05706439051363
5946,2023-09-05 18:00:00,33.1,22.8,55,25.889025137800754
5947,2023-09-05 19:00:00,31.0,24.6,69,26.367524143205134
5948,2023-09-05 20:00:00,30.5,25.1,73,26.53191148657347
5949,2023-09-05 21:00:00,30.0,25.1,75,26.369379707659448
5950,2023-09-05 22:00:00,29.6,25.5,79,26.59563362884573
5951,2023-09-05 23:00:00,29.2,25.6,81,26.5102302665599
5952,2023-09-06 00:00:00,28.9,25.6,83,26.515850277256984
5953,2023-09-06 01:00:00,28.5,25.5,84,26.274373022460857
5954,2023-09-06 02:00:00,28.0,25.4,86,26.07706758877919
5955,2023-09-06 03:00:00,27.6,25.3,87,25.829462585916385
5956,2023-09-06 04:00:00,27.2,25.4,90,25.861656943246842
5957,2023-09-06 05:00:00,26.9,25.4,91,25.706150657219485
5958,2023-09-06 06:00:00,26.5,25.4,93,25.588835147049327
5959,2023-09-06 07:00:00,26.8,25.4,92,25.74699492416177
5960,2023-09-06 08:00:00,27.5,25.5,89,26.015555052667278
5961,2023-09-06 09:00:00,29.5,25.4,78,26.349684663583233
5962,2023-09-06 10:00:00,31.2,24.1,66,26.067806216018294
5963,2023-09-06 11:00:00,32.7,23.1,57,25.894623894762216
5964,2023-09-06 12:00:00,34.1,22.2,50,25.821682971672516
5965,2023-09-06 13:00:00,35.2,21.2,44,25.541037728139532
5966,2023-09-06 14:00:00,36.0,20.5,40,25.32712946531431
5967,2023-09-06 15:00:00,36.5,20.1,38,25.27113581202808
5968,2023-09-06 16:00:00,36.7,20.2,38,25.43161997680226
5969,2023-09-06 17:00:00,34.8,22.0,47,25.825058040784565
5970,2023-09-06 18:00:00,34.2,22.4,50,25.90765415754013
5971,2023-09-06 19:00:00,34.2,23.0,52,26.29228899120898
5972,2023-09-06 20:00:00,32.2,24.1,63,26.483962715216936
5973,2023-09-06 21:00:00,31.1,24.5,68,26.299652394496466
5974,2023-09-06 22:00:00,30.2,24.6,72,26.09444855429526
5975,2023-09-06 23:00:00,29.5,24.9,76,26.04787425067064
5976,2023-09-07 00:00:00,29.0,24.9,78,25.87236146864669
5977,2023-09-07 01:00:00,28.7,24.9,80,25.881646438299253
5978,2023-09-07 02:00:00,28.3,24.8,81,25.64382117291844
5979,2023-09-07 03:00:00,28.0,24.8,83,25.64477930119384
5980,2023-09-07 04:00:00,27.6,24.8,84,25.40101563792773
5981,2023-09-07 05:00:00,27.2,24.8,86,25.296762504170243
5982,2023-09-07 06:00:00,27.0,24.8,88,25.383614220461
5983,2023-09-07 07:00:00,27.0,24.8,88,25.383614220461
5984,2023-09-07 08:00:00,28.1,24.8,82,25.596593863989686
5985,2023-09-07 09:00:00,29.8,24.8,74,26.027112055097966
5986,2023-09-07 10:00:00,31.5,24.4,66,26.343491575776916
5987,2023-09-07 11:00:00,33.3,23.3,56,26.24677742120919
5988,2023-09-07 12:00:00,35.0,22.2,48,26.19671379235075
5989,2023-09-07 13:00:00,36.2,21.5,42,25.937197529761043
5990,2023-09-07 14:00:00,37.2,21.1,39,26.069365533631338
5991,2023-09-07 15:00:00,37.7,21.0,38,26.234037953237376
5992,2023-09-07 16:00:00,37.9,20.5,37,26.15081440282527
5993,2023-09-07 17:00:00,38.0,20.0,35,25.731004330202374
5994,2023-09-07 18:00:00,37.0,20.1,38,25.67234586471283
5995,2023-09-07 19:00:00,32.1,24.0,62,26.223897542130967
5996,2023-09-07 20:00:00,31.9,24.0,63,26.211264817199783
5997,2023-09-07 21:00:00,31.9,23.9,63,26.211264817199783
5998,2023-09-07 22:00:00,31.4,23.8,64,25.922600433676596
5999,2023-09-07 23:00:00,30.4,23.4,66,25.332644293625997
6000,2023-09-08 00:00:00,29.5,23.1,68,24.81910515356874
6001,2023-09-08 01:00:00,28.9,23.5,73,25.02708994920621
6002,2023-09-08 02:00:00,28.4,24.1,78,25.299573095542367
6003,2023-09-08 03:00:00,28.0,24.5,81,25.355017867546064
6004,2023-09-08 04:00:00,27.6,24.7,84,25.40101563792773
6005,2023-09-08 05:00:00,27.3,24.9,87,25.536114584725883
6006,2023-09-08 06:00:00,27.0,24.9,88,25.383614220461
6007,2023-09-08 07:00:00,27.0,25.5,91,25.804881786932192
6008,2023-09-08 08:00:00,28.1,25.5,86,26.174605663241625
6009,2023-09-08 09:00:00,29.7,25.3,77,26.389395896105565
6010,2023-09-08 10:00:00,31.7,24.6,66,26.527281707636046
6011,2023-09-08 11:00:00,34.0,23.1,53,26.307676345893718
6012,2023-09-08 12:00:00,36.0,21.7,44,26.20726724989294
6013,2023-09-08 13:00:00,37.5,20.5,37,25.83202822631173
6014,2023-09-08 14:00:00,38.5,19.6,33,25.602573692187896
6015,2023-09-08 15:00:00,39.3,19.0,31,25.67273763225775
6016,2023-09-08 16:00:00,38.5,18.4,31,25.063543948275726
6017,2023-09-08 17:00:00,36.2,19.1,37,24.795967744037068
6018,2023-09-08 18:00:00,32.0,23.0,59,25.620670924836315
6019,2023-09-08 19:00:00,28.4,26.2,88,26.755951900103828
6020,2023-09-08 20:00:00,28.1,26.1,89,26.605130831077073
6021,2023-09-08 21:00:00,28.1,24.9,83,25.741565023164114
6022,2023-09-08 22:00:00,27.4,25.2,88,25.775710959262714
6023,2023-09-08 23:00:00,27.0,25.5,92,25.944917172879336
6024,2023-09-09 00:00:00,26.8,25.9,95,26.16474225755211
6025,2023-09-09 01:00:00,26.5,26.0,97,26.142310039827674
6026,2023-09-09 02:00:00,26.5,26.0,97,26.142310039827674
6027,2023-09-09 03:00:00,26.5,26.0,97,26.142310039827674
6028,2023-09-09 04:00:00,26.0,25.6,98,25.77894243198914
6029,2023-09-09 05:00:00,26.0,25.8,99,25.91583769708015
6030,2023-09-09 06:00:00,26.2,26.0,98,25.97951374304596
6031,2023-09-09 07:00:00,25.0,23.4,91,23.830256838351783
6032,2023-09-09 08:00:00,25.1,22.9,87,23.38489216426707
6033,2023-09-09 09:00:00,27.4,22.8,76,24.054739649888955
6034,2023-09-09 10:00:00,30.2,21.8,60,24.175230673284112
6035,2023-09-09 11:00:00,31.2,21.5,56,24.39076112239363
6036,2023-09-09 12:00:00,32.7,18.3,42,23.056381961693575
6037,2023-09-09 13:00:00,34.8,15.2,31,22.245971391671876
6038,2023-09-09 14:00:00,36.1,14.0,27,22.161076033026827
6039,2023-09-09 15:00:00,36.8,15.2,28,22.95666331744263
6040,2023-09-09 16:00:00,36.7,16.2,30,23.42766865544346
6041,2023-09-09 17:00:00,36.4,16.4,31,23.46439204215828
6042,2023-09-09 18:00:00,36.2,16.6,32,23.56951835143802
6043,2023-09-09 19:00:00,27.9,21.0,66,23.03525391159985
6044,2023-09-09 20:00:00,28.4,21.8,67,23.648308657822593
6045,2023-09-09 21:00:00,28.9,21.8,65,23.7983164037411
6046,2023-09-09 22:00:00,28.5,21.7,66,23.586628935684264
6047,2023-09-09 23:00:00,28.0,21.6,69,23.58212313060536
6048,2023-09-10 00:00:00,27.8,21.9,71,23.695539579119778
6049,2023-09-10 01:00:00,27.3,21.8,72,23.375500375298156
6050,2023-09-10 02:00:00,27.4,21.6,71,23.32170705999913
6051,2023-09-10 03:00:00,27.8,19.5,61,22.174707726608435
6052,2023-09-10 04:00:00,27.3,17.0,53,20.46465070938552
6053,2023-09-10 05:00:00,26.5,16.3,53,19.766965206599263
6054,2023-09-10 06:00:00,25.9,16.0,55,19.553140460523785
6055,2023-09-10 07:00:00,25.0,16.5,60,19.502679418339483
6056,2023-09-10 08:00:00,25.4,16.8,59,19.713858656454573
6057,2023-09-10 09:00:00,26.8,17.0,55,20.3451357677439
6058,2023-09-10 10:00:00,28.6,17.1,50,21.093212427758626
6059,2023-09-10 11:00:00,30.4,16.5,43,21.354435813830854
6060,2023-09-10 12:00:00,32.0,15.7,37,21.448634050566564
6061,2023-09-10 13:00:00,33.5,14.2,31,21.255991439817265
6062,2023-09-10 14:00:00,34.5,13.3,28,21.25066820794914
6063,2023-09-10 15:00:00,34.8,12.3,26,20.933154625314618
6064,2023-09-10 16:00:00,35.0,11.6,24,20.513105524629307
6065,2023-09-10 17:00:00,35.0,11.4,24,20.513105524629307
6066,2023-09-10 18:00:00,34.8,11.6,25,20.654831663373347
6067,2023-09-10 19:00:00,33.0,11.4,27,19.88318188944118
6068,2023-09-10 20:00:00,30.7,11.9,31,19.123683109506132
6069,2023-09-10 21:00:00,29.0,14.4,41,19.82457433180056
6070,2023-09-10 22:00:00,27.5,18.0,56,21.120604171476746
6071,2023-09-10 23:00:00,26.0,19.4,67,21.435079296788913
6072,2023-09-11 00:00:00,25.6,19.9,71,21.639456508200503
6073,2023-09-11 01:00:00,25.1,20.0,73,21.45311896859176
6074,2023-09-11 02:00:00,23.9,18.0,70,19.913207363693502
6075,2023-09-11 03:00:00,24.2,14.1,53,17.761104923357895
6076,2023-09-11 04:00:00,23.0,13.6,55,17.00113423896594
6077,2023-09-11 05:00:00,22.9,13.6,56,17.054937197844257
6078,2023-09-11 06:00:00,22.4,13.5,57,16.75224727443553
6079,2023-09-11 07:00:00,22.0,15.1,65,17.479999184060034
6080,2023-09-11 08:00:00,23.2,15.7,63,18.302925255635145
6081,2023-09-11 09:00:00,25.5,16.2,56,19.35293256027241
6082,2023-09-11 10:00:00,28.1,16.9,50,20.663345660018265
6083,2023-09-11 11:00:00,30.5,17.7,46,22.000426119059664
6084,2023-09-11 12:00:00,31.9,17.1,41,22.19708863655349
6085,2023-09-11 13:00:00,33.0,15.9,36,22.02562818670791
6086,2023-09-11 14:00:00,33.8,15.1,33,21.96527277183651
6087,2023-09-11 15:00:00,34.3,14.8,31,21.865211314364146
6088,2023-09-11 16:00:00,34.7,14.7,30,21.91749381871222
6089,2023-09-11 17:00:00,34.8,14.4,30,21.99300323966693
6090,2023-09-11 18:00:00,34.5,14.8,31,22.017515558379976
6091,2023-09-11 19:00:00,33.2,15.1,34,21.73202403829085
6092,2023-09-11 20:00:00,30.4,18.4,49,22.462004063552346
6093,2023-09-11 21:00:00,29.5,19.7,56,22.888262037352963
6094,2023-09-11 22:00:00,28.5,20.1,60,22.647674606627152
6095,2023-09-11 23:00:00,28.0,20.0,61,22.355127997367575
6096,2023-09-12 00:00:00,27.2,19.8,64,22.09064641816035
6097,2023-09-12 01:00:00,26.6,19.8,66,21.840605020771708
6098,2023-09-12 02:00:00,26.3,19.8,67,21.711733727820693
6099,2023-09-12 03:00:00,25.8,19.8,69,21.539483283265366
6100,2023-09-12 04:00:00,25.1,20.1,74,21.593023029967757
6101,2023-09-12 05:00:00,24.7,20.2,76,21.492126224688672
6102,2023-09-12 06:00:00,24.7,20.2,76,21.492126224688672
6103,2023-09-12 07:00:00,25.0,20.9,78,22.053760718886572
6104,2023-09-12 08:00:00,26.2,21.1,74,22.63079238772628
6105,2023-09-12 09:00:00,28.1,21.4,67,23.371655734196157
6106,2023-09-12 10:00:00,30.2,21.9,61,24.339743652060207
6107,2023-09-12 11:00:00,31.5,21.1,54,24.304934096076654
6108,2023-09-12 12:00:00,32.8,20.4,48,24.324337667779307
6109,2023-09-12 13:00:00,33.6,19.4,43,24.004039628640456
6110,2023-09-12 14:00:00,34.3,19.0,40,23.94506850952241
6111,2023-09-12 15:00:00,35.2,18.6,38,24.22798395592265
6112,2023-09-12 16:00:00,35.7,17.8,35,23.923903877020596
6113,2023-09-12 17:00:00,35.8,17.4,34,23.759701327907372
6114,2023-09-12 18:00:00,34.0,19.0,41,23.915088812121212
6115,2023-09-12 19:00:00,31.5,21.8,56,24.655907100267765
6116,2023-09-12 20:00:00,29.5,22.8,67,24.662700952509272
6117,2023-09-12 21:00:00,28.5,23.1,73,24.65088381768239
6118,2023-09-12 22:00:00,28.9,23.1,71,24.72357730815347
6119,2023-09-12 23:00:00,28.7,22.9,71,24.536661540300457
6120,2023-09-13 00:00:00,28.2,22.3,70,23.918880755574175
6121,2023-09-13 01:00:00,27.8,21.9,70,23.546261704414203
6122,2023-09-13 02:00:00,27.4,21.5,71,23.32170705999913
6123,2023-09-13 03:00:00,26.9,21.4,72,23.000471725369803
6124,2023-09-13 04:00:00,26.5,21.5,74,22.913819973607907
6125,2023-09-13 05:00:00,26.2,21.6,76,22.915802040973812
6126,2023-09-13 06:00:00,25.9,21.8,78,22.912948323644233
6127,2023-09-13 07:00:00,26.4,23.0,82,23.95560834915351
6128,2023-09-13 08:00:00,27.0,23.1,79,24.106497030511296
6129,2023-09-13 09:00:00,28.8,22.7,70,24.47780870011483
6130,2023-09-13 10:00:00,30.3,21.5,59,24.09923142216411
6131,2023-09-13 11:00:00,32.2,19.8,48,23.81368651122148
6132,2023-09-13 12:00:00,32.0,19.3,47,23.45445972546905
6133,2023-09-13 13:00:00,34.2,17.5,37,23.202011548974426
6134,2023-09-13 14:00:00,32.0,19.6,48,23.64346915049681
6135,2023-09-13 15:00:00,33.2,19.1,44,23.875452478760767
6136,2023-09-13 16:00:00,33.8,18.5,40,23.53857735448472
6137,2023-09-13 17:00:00,33.8,18.0,39,23.32298889917933
6138,2023-09-13 18:00:00,32.8,19.5,46,23.937311098947166
6139,2023-09-13 19:00:00,27.0,24.6,87,25.242766463012273
6140,2023-09-13 20:00:00,27.2,25.2,89,25.72076699316383
6141,2023-09-13 21:00:00,26.0,24.0,89,24.541613599096525
6142,2023-09-13 22:00:00,25.8,24.0,90,24.48267917408527
6143,2023-09-13 23:00:00,25.6,24.2,92,24.559460421495128
6144,2023-09-14 00:00:00,25.4,24.2,93,24.49776170623187
6145,2023-09-14 01:00:00,25.2,24.0,93,24.2993845615481
6146,2023-09-14 02:00:00,25.5,24.0,91,24.323913545750028
6147,2023-09-14 03:00:00,25.1,24.0,93,24.200195971057745
6148,2023-09-14 04:00:00,25.0,24.1,95,24.371311577927347
6149,2023-09-14 05:00:00,25.1,24.1,94,24.335623899451907
6150,2023-09-14 06:00:00,25.2,24.1,94,24.435037067641975
6151,2023-09-14 07:00:00,24.1,23.2,95,23.474594842370383
6152,2023-09-14 08:00:00,24.4,23.0,92,23.371924148096095
6153,2023-09-14 09:00:00,23.8,22.4,92,22.778155330170918
6154,2023-09-14 10:00:00,24.1,22.9,93,23.20830939332344
6155,2023-09-14 11:00:00,24.0,22.0,89,22.57635370460449
6156,2023-09-14 12:00:00,26.8,23.1,81,24.199803244748658
6157,2023-09-14 13:00:00,29.0,23.2,71,24.817035161965627
6158,2023-09-14 14:00:00,29.8,23.0,67,24.93935292531563
6159,2023-09-14 15:00:00,30.4,23.3,66,25.332644293625997
6160,2023-09-14 16:00:00,30.6,23.1,65,25.35498453944228
6161,2023-09-14 17:00:00,29.8,23.2,68,25.09670817386934
6162,2023-09-14 18:00:00,29.2,23.5,71,25.003950809661738
6163,2023-09-14 19:00:00,25.5,23.6,90,24.18718361253367
6164,2023-09-14 20:00:00,25.5,24.0,91,24.323913545750028
6165,2023-09-14 21:00:00,25.3,24.4,94,24.53445022402502
6166,2023-09-14 22:00:00,25.1,24.2,95,24.470946712516007
6167,2023-09-14 23:00:00,24.7,24.0,96,24.206755060703063
6168,2023-09-15 00:00:00,24.5,24.0,97,24.140883439271978
6169,2023-09-15 01:00:00,24.3,23.8,97,23.940740537508777
6170,2023-09-15 02:00:00,23.7,23.0,96,23.20820891536487
6171,2023-09-15 03:00:00,23.5,23.0,97,23.14016848004739
6172,2023-09-15 04:00:00,23.1,22.3,95,22.47824178846359
6173,2023-09-15 05:00:00,23.1,22.0,94,22.34735800959741
6174,2023-09-15 06:00:00,22.9,21.8,94,22.14853115077167
6175,2023-09-15 07:00:00,22.9,22.5,98,22.670081617114537
6176,2023-09-15 08:00:00,23.3,22.5,95,22.677512495386633
6177,2023-09-15 09:00:00,24.7,23.2,92,23.668808385438982
6178,2023-09-15 10:00:00,23.5,22.5,94,22.745011578059245
6179,2023-09-15 11:00:00,24.8,22.8,89,23.362458311462685
6180,2023-09-15 12:00:00,27.5,24.0,81,24.87367871586583
6181,2023-09-15 13:00:00,29.4,24.0,73,25.49734718880685
6182,2023-09-15 14:00:00,30.0,24.4,72,25.90693540834334
6183,2023-09-15 15:00:00,30.4,24.2,70,25.96827960602169
6184,2023-09-15 16:00:00,30.5,24.0,68,25.744447809448094
6185,2023-09-15 17:00:00,30.5,24.1,69,25.9032919359754
6186,2023-09-15 18:00:00,30.4,23.8,68,25.651913639077566
6187,2023-09-15 19:00:00,26.5,23.0,81,23.910999232857066
6188,2023-09-15 20:00:00,26.0,22.6,82,23.569493458791765
6189,2023-09-15 21:00:00,25.1,23.2,89,23.65724731415995
6190,2023-09-15 22:00:00,25.2,23.0,87,23.48267514761228
6191,2023-09-15 23:00:00,24.9,23.0,90,23.596192138098267
6192,2023-09-16 00:00:00,24.3,23.1,93,23.40668680748741
6193,2023-09-16 01:00:00,24.1,23.0,94,23.341491561567256
6194,2023-09-16 02:00:00,24.0,23.1,95,23.374959590741316
6195,2023-09-16 03:00:00,23.6,23.0,96,23.108354237180855
6196,2023-09-16 04:00:00,23.4,22.8,96,22.908644845716555
6197,2023-09-16 05:00:00,23.1,22.6,97,22.73988217792162
6198,2023-09-16 06:00:00,22.9,22.5,97,22.539738957711972
6199,2023-09-16 07:00:00,24.0,23.4,96,23.507772880075336
6200,2023-09-16 08:00:00,24.6,23.6,94,23.838557880351015
6201,2023-09-16 09:00:00,24.6,22.6,88,23.03102929129385
6202,2023-09-16 10:00:00,26.4,22.8,81,23.81473119676004
6203,2023-09-16 11:00:00,28.0,23.0,74,24.328955274900295
6204,2023-09-16 12:00:00,29.4,23.8,72,25.344395516474368
6205,2023-09-16 13:00:00,30.2,24.2,71,25.938527864972816
6206,2023-09-16 14:00:00,30.4,24.1,69,25.810445433876172
6207,2023-09-16 15:00:00,29.9,23.2,67,25.03157020540289
6208,2023-09-16 16:00:00,28.8,23.1,72,24.781854934128173
6209,2023-09-16 17:00:00,28.5,23.1,72,24.500584380162014
6210,2023-09-16 18:00:00,28.2,23.1,74,24.51763965726702
6211,2023-09-16 19:00:00,26.9,22.7,78,23.86759952564578
6212,2023-09-16 20:00:00,26.1,22.9,83,23.805847759850682
6213,2023-09-16 21:00:00,25.1,22.3,84,22.975016698610155
6214,2023-09-16 22:00:00,24.5,21.9,85,22.528090528211134
6215,2023-09-16 23:00:00,24.2,21.7,86,22.370610421891282
6216,2023-09-17 00:00:00,24.1,21.7,86,22.273071793477502
6217,2023-09-17 01:00:00,24.2,21.7,86,22.370610421891282
6218,2023-09-17 02:00:00,24.0,22.0,88,22.442881818063015
6219,2023-09-17 03:00:00,24.1,22.1,89,22.67461682858414
6220,2023-09-17 04:00:00,24.0,22.1,90,22.709704034247675
6221,2023-09-17 05:00:00,23.5,22.0,91,22.34928477765206
6222,2023-09-17 06:00:00,22.5,21.9,96,22.009951999175303
6223,2023-09-17 07:00:00,23.0,21.3,90,21.72471596872833
6224,2023-09-17 08:00:00,24.0,21.8,87,22.309278402140833
6225,2023-09-17 09:00:00,25.5,21.6,79,22.670451573842396
6226,2023-09-17 10:00:00,27.2,21.0,69,22.839346270110184
6227,2023-09-17 11:00:00,28.9,20.2,60,23.007100296046595
6228,2023-09-17 12:00:00,29.9,19.5,54,22.90322068633483
6229,2023-09-17 13:00:00,30.5,19.5,52,23.08054669175248
6230,2023-09-17 14:00:00,31.1,19.1,49,23.06081789851839
6231,2023-09-17 15:00:00,31.5,18.0,45,22.652099041501835
6232,2023-09-17 16:00:00,31.5,17.8,44,22.459691395577334
6233,2023-09-17 17:00:00,31.5,17.5,43,22.265242638015334
6234,2023-09-17 18:00:00,31.2,18.2,46,22.58991525791819
6235,2023-09-17 19:00:00,29.2,20.9,61,23.437647265837573
6236,2023-09-17 20:00:00,27.8,18.5,57,21.545381728239306
6237,2023-09-17 21:00:00,26.3,18.5,62,20.971554448542932
6238,2023-09-17 22:00:00,25.5,19.2,68,21.117712261900042
6239,2023-09-17 23:00:00,25.2,19.7,72,21.40659622407664
6240,2023-09-18 00:00:00,24.1,20.2,79,21.330138926556295
6241,2023-09-18 01:00:00,24.0,19.5,76,20.827742681007837
6242,2023-09-18 02:00:00,23.0,19.6,81,20.54160806059489
6243,2023-09-18 03:00:00,22.7,19.4,81,20.252802119854604
6244,2023-09-18 04:00:00,22.4,19.1,82,20.094447665870774
6245,2023-09-18 05:00:00,21.4,18.8,85,19.512062430000775
6246,2023-09-18 06:00:00,21.4,18.0,81,19.001307826894777
6247,2023-09-18 07:00:00,21.2,18.6,85,19.3174794387312
6248,2023-09-18 08:00:00,23.0,18.9,77,20.011650132921055
6249,2023-09-18 09:00:00,25.5,18.7,66,20.829744949538714
6250,2023-09-18 10:00:00,27.4,18.1,57,21.190338250055134
6251,2023-09-18 11:00:00,28.7,18.4,54,21.85192996686181
6252,2023-09-18 12:00:00,29.9,18.0,49,22.034278700400844
6253,2023-09-18 13:00:00,31.2,15.5,39,21.222778487602778
6254,2023-09-18 14:00:00,31.8,14.8,36,21.075921856946213
6255,2023-09-18 15:00:00,31.8,13.9,34,20.640179669185578
6256,2023-09-18 16:00:00,31.8,13.4,33,20.41744186916221
6257,2023-09-18 17:00:00,31.6,13.4,33,20.262657206123635
6258,2023-09-18 18:00:00,31.0,14.8,38,20.85773967007583
6259,2023-09-18 19:00:00,29.0,16.1,46,20.737227659481025
6260,2023-09-18 20:00:00,27.1,16.8,53,20.290229568290155
6261,2023-09-18 21:00:00,26.1,17.2,58,20.18880091164848
6262,2023-09-18 22:00:00,25.0,17.5,63,19.939150689514943
6263,2023-09-18 23:00:00,23.9,17.6,68,19.63714441275211
6264,2023-09-19 00:00:00,22.9,18.0,74,19.517476770786786
6265,2023-09-19 01:00:00,22.1,18.1,78,19.285257040601813
6266,2023-09-19 02:00:00,22.5,18.0,76,19.404060332538545
6267,2023-09-19 03:00:00,23.2,18.0,72,19.531440491240684
6268,2023-09-19 04:00:00,23.8,18.0,70,19.820051659932705
6269,2023-09-19 05:00:00,22.5,18.1,76,19.404060332538545
6270,2023-09-19 06:00:00,20.9,18.1,84,18.899316452011423
6271,2023-09-19 07:00:00,21.5,18.8,85,19.609353900710932
6272,2023-09-19 08:00:00,22.2,19.2,83,20.031181054244914
6273,2023-09-19 09:00:00,25.5,20.4,74,21.97039398885509
6274,2023-09-19 10:00:00,27.9,20.1,63,22.575271904330684
6275,2023-09-19 11:00:00,29.4,19.5,55,22.633105922777464
6276,2023-09-19 12:00:00,30.6,18.6,49,22.63309392815371
6277,2023-09-19 13:00:00,31.4,17.5,43,22.18244226334137
6278,2023-09-19 14:00:00,31.9,14.8,36,21.155064397237616
6279,2023-09-19 15:00:00,32.0,14.1,34,20.796158258206116
6280,2023-09-19 16:00:00,31.9,14.6,35,20.93819254295308
6281,2023-09-19 17:00:00,31.0,15.0,38,20.85773967007583
6282,2023-09-19 18:00:00,29.7,14.1,38,19.814547918103614
6283,2023-09-19 19:00:00,28.5,15.7,46,20.31615916762352
6284,2023-09-19 20:00:00,26.8,15.9,51,19.707802087323195
6285,2023-09-19 21:00:00,26.7,17.6,57,20.569010878228056
6286,2023-09-19 22:00:00,26.4,21.0,72,22.531685447391485
6287,2023-09-19 23:00:00,26.0,20.9,74,22.44210723118775
6288,2023-09-20 00:00:00,25.5,20.5,74,21.97039398885509
6289,2023-09-20 01:00:00,24.9,20.2,75,21.543310225699845
6290,2023-09-20 02:00:00,24.4,20.1,77,21.344320283482233
6291,2023-09-20 03:00:00,23.7,20.4,82,21.349327821702154
6292,2023-09-20 04:00:00,23.5,20.4,83,21.289406054163347
6293,2023-09-20 05:00:00,24.1,20.2,79,21.330138926556295
6294,2023-09-20 06:00:00,23.3,20.2,83,21.095833161944256
6295,2023-09-20 07:00:00,23.3,20.9,86,21.4927622233277
6296,2023-09-20 08:00:00,25.0,21.4,80,22.32950285359073
6297,2023-09-20 09:00:00,27.4,22.1,73,23.61631536735258
6298,2023-09-20 10:00:00,29.6,22.0,64,24.280339730556978
6299,2023-09-20 11:00:00,31.2,21.5,56,24.39076112239363
6300,2023-09-20 12:00:00,32.5,20.8,50,24.446139343188545
6301,2023-09-20 13:00:00,33.2,20.2,47,24.470434135528343
6302,2023-09-20 14:00:00,33.5,19.9,45,24.327111201603014
6303,2023-09-20 15:00:00,33.3,19.5,44,23.958732143102356
6304,2023-09-20 16:00:00,32.5,19.1,45,23.48960726949451
6305,2023-09-20 17:00:00,32.2,18.9,45,23.238355259758556
6306,2023-09-20 18:00:00,31.0,19.0,49,22.975273182840454
6307,2023-09-20 19:00:00,29.6,20.8,59,23.472754000044254
6308,2023-09-20 20:00:00,28.4,21.3,66,23.494733158013293
6309,2023-09-20 21:00:00,27.6,21.8,70,23.359952050839983
6310,2023-09-20 22:00:00,27.0,22.3,76,23.67509407419094
6311,2023-09-20 23:00:00,26.3,22.8,81,23.71846314452158
6312,2023-09-21 00:00:00,26.1,23.1,84,23.945417393114226
6313,2023-09-21 01:00:00,26.2,23.4,84,24.0424573794788
6314,2023-09-21 02:00:00,25.9,23.4,86,24.028764851456618
6315,2023-09-21 03:00:00,25.7,23.5,87,23.971589852731327
6316,2023-09-21 04:00:00,25.5,23.5,89,24.05029912945299
6317,2023-09-21 05:00:00,25.2,23.5,90,23.891687934176282
6318,2023-09-21 06:00:00,25.0,23.6,92,23.965692509542087
6319,2023-09-21 07:00:00,25.0,24.4,96,24.506318681246437
6320,2023-09-21 08:00:00,26.2,24.9,92,25.153227890799634
6321,2023-09-21 09:00:00,28.5,25.5,84,26.274373022460857
6322,2023-09-21 10:00:00,30.0,24.7,74,26.21579577858507
6323,2023-09-21 11:00:00,30.8,24.4,69,26.18183132072345
6324,2023-09-21 12:00:00,31.8,24.2,64,26.287546228110426
6325,2023-09-21 13:00:00,33.0,23.9,59,26.51563172758746
6326,2023-09-21 14:00:00,33.6,23.6,56,26.511921575071657
6327,2023-09-21 15:00:00,33.8,23.2,54,26.31988288449506
6328,2023-09-21 16:00:00,33.7,22.9,53,26.046051501344703
6329,2023-09-21 17:00:00,32.5,22.5,56,25.539725101816426
6330,2023-09-21 18:00:00,31.0,23.2,63,25.393169851708297
6331,2023-09-21 19:00:00,30.6,23.7,67,25.67709055444261
6332,2023-09-21 20:00:00,29.6,24.5,74,25.838428260092275
6333,2023-09-21 21:00:00,29.0,24.6,77,25.72306796198307
6334,2023-09-21 22:00:00,28.3,24.7,81,25.64382117291844
6335,2023-09-21 23:00:00,27.7,24.8,84,25.498055404356524
6336,2023-09-22 00:00:00,27.1,24.9,87,25.34054918370028
6337,2023-09-22 01:00:00,26.8,24.9,89,25.32771606857092
6338,2023-09-22 02:00:00,26.3,24.8,91,25.11376362161186
6339,2023-09-22 03:00:00,25.9,24.6,93,24.993704357633607
6340,2023-09-22 04:00:00,25.4,24.5,95,24.769852047135462
6341,2023-09-22 05:00:00,26.0,24.6,92,24.95530544979787
6342,2023-09-22 06:00:00,25.0,24.5,97,24.641240499048823
6343,2023-09-22 07:00:00,25.6,25.4,99,25.51384709362129
6344,2023-09-22 08:00:00,26.5,25.5,94,25.727407190372592
6345,2023-09-22 09:00:00,27.8,24.9,84,25.595095156436994
6346,2023-09-22 10:00:00,28.5,24.8,80,25.689639242127175
6347,2023-09-22 11:00:00,30.2,24.8,73,26.24975780656883
6348,2023-09-22 12:00:00,31.2,24.4,67,26.230392871073732
6349,2023-09-22 13:00:00,32.5,23.0,58,25.893231412170966
6350,2023-09-22 14:00:00,33.3,22.5,53,25.69721794525479
6351,2023-09-22 15:00:00,33.8,22.6,52,25.945075770225575
6352,2023-09-22 16:00:00,32.3,22.8,57,25.539586367136835
6353,2023-09-22 17:00:00,31.0,23.6,65,25.72125842038611
6354,2023-09-22 18:00:00,31.4,22.0,58,24.912790985814272
6355,2023-09-22 19:00:00,30.6,22.8,63,25.02957146662985
6356,2023-09-22 20:00:00,29.5,23.4,69,24.974825991331016
6357,2023-09-22 21:00:00,28.8,23.8,74,25.083692356536215
6358,2023-09-22 22:00:00,28.0,24.0,79,25.063858559388002
6359,2023-09-22 23:00:00,27.5,24.0,81,24.87367871586583
6360,2023-09-23 00:00:00,27.0,24.0,83,24.676921270731526
6361,2023-09-23 01:00:00,26.8,24.0,85,24.765779261151295
6362,2023-09-23 02:00:00,26.4,24.0,86,24.516456537244405
6363,2023-09-23 03:00:00,26.1,24.0,88,24.501395785599847
6364,2023-09-23 04:00:00,25.7,24.0,90,24.38418066649041
6365,2023-09-23 05:00:00,25.2,24.0,93,24.2993845615481
6366,2023-09-23 06:00:00,25.0,24.0,94,24.236210719425056
6367,2023-09-23 07:00:00,25.0,24.4,96,24.506318681246437
6368,2023-09-23 08:00:00,26.3,24.8,91,25.11376362161186
6369,2023-09-23 09:00:00,28.7,25.1,81,26.028892032542053
6370,2023-09-23 10:00:00,30.5,24.7,71,26.218900602718033
6371,2023-09-23 11:00:00,31.9,23.6,62,26.04278369819904
6372,2023-09-23 12:00:00,33.2,22.9,55,25.97702237515234
6373,2023-09-23 13:00:00,34.7,22.1,48,25.94139080279129
6374,2023-09-23 14:00:00,33.7,21.6,49,25.284967263447946
6375,2023-09-23 15:00:00,33.5,22.5,53,25.87163478508686
6376,2023-09-23 16:00:00,32.8,22.4,54,25.443820188439812
6377,2023-09-23 17:00:00,32.5,22.2,55,25.361041096123753
6378,2023-09-23 18:00:00,32.4,22.1,55,25.273043651974373
6379,2023-09-23 19:00:00,30.5,22.9,64,25.101471041808438
6380,2023-09-23 20:00:00,30.1,23.5,67,25.21600469971457
6381,2023-09-23 21:00:00,28.9,24.0,75,25.328466797026667
6382,2023-09-23 22:00:00,28.2,24.0,78,25.10864350553067
6383,2023-09-23 23:00:00,27.8,24.1,81,25.162482253496165
6384,2023-09-24 00:00:00,27.3,24.1,83,24.967278835774092
6385,2023-09-24 01:00:00,26.9,24.1,85,24.86306990045894
6386,2023-09-24 02:00:00,26.6,23.9,85,24.57119793956796
6387,2023-09-24 03:00:00,26.2,23.6,85,24.18203512344727
6388,2023-09-24 04:00:00,26.0,23.4,86,24.1263032170049
6389,2023-09-24 05:00:00,25.7,23.4,87,23.971589852731327
6390,2023-09-24 06:00:00,25.3,23.4,89,23.85377324858928
6391,2023-09-24 07:00:00,25.8,24.6,93,24.894515851267048
6392,2023-09-24 08:00:00,26.9,24.8,88,25.285590002975148
6393,2023-09-24 09:00:00,29.0,24.6,77,25.72306796198307
6394,2023-09-24 10:00:00,30.8,24.2,68,26.022050195273362
6395,2023-09-24 11:00:00,32.4,23.5,60,26.15205630656933
6396,2023-09-24 12:00:00,33.8,22.8,53,26.133259813400173
6397,2023-09-24 13:00:00,34.9,22.1,48,26.11160616430132
6398,2023-09-24 14:00:00,36.0,21.4,43,25.991212241655532
6399,2023-09-24 15:00:00,34.4,21.9,48,25.686067495079794
6400,2023-09-24 16:00:00,32.7,23.0,57,25.894623894762216
6401,2023-09-24 17:00:00,33.8,22.2,51,25.755267639889162
6402,2023-09-24 18:00:00,33.2,21.9,52,25.424254986833812
6403,2023-09-24 19:00:00,30.5,24.2,69,25.9032919359754
6404,2023-09-24 20:00:00,29.5,24.3,74,25.744086335640414
6405,2023-09-24 21:00:00,28.8,24.2,77,25.532688401836676
6406,2023-09-24 22:00:00,28.2,24.2,79,25.25533066780724
6407,2023-09-24 23:00:00,27.8,24.2,81,25.162482253496165
6408,2023-09-25 00:00:00,27.4,24.1,82,24.920894482148817
6409,2023-09-25 01:00:00,27.0,23.9,83,24.676921270731526
6410,2023-09-25 02:00:00,26.6,23.9,85,24.57119793956796
6411,2023-09-25 03:00:00,26.2,23.7,86,24.321379905439475
6412,2023-09-25 04:00:00,25.8,23.6,88,24.20732273292772
6413,2023-09-25 05:00:00,25.6,23.6,88,24.011273963362378
6414,2023-09-25 06:00:00,25.5,23.5,89,24.05029912945299
6415,2023-09-25 07:00:00,24.1,23.5,96,23.607627511795208
6416,2023-09-25 08:00:00,25.1,23.8,92,24.064653859229136
6417,2023-09-25 09:00:00,23.9,23.1,96,23.40791823678299
6418,2023-09-25 10:00:00,24.1,22.5,91,22.941673955106587
6419,2023-09-25 11:00:00,24.8,23.1,91,23.632794065944385
6420,2023-09-25 12:00:00,26.4,24.0,87,24.656069854189994
6421,2023-09-25 13:00:00,28.0,24.4,81,25.355017867546064
6422,2023-09-25 14:00:00,29.2,24.0,74,25.461060453862117
6423,2023-09-25 15:00:00,29.6,24.0,72,25.531908889879706
6424,2023-09-25 16:00:00,30.1,24.0,70,25.688816703856652
6425,2023-09-25 17:00:00,29.5,23.6,71,25.284324132279735
6426,2023-09-25 18:00:00,28.1,22.8,73,24.274677380191783
6427,2023-09-25 19:00:00,25.0,23.3,90,23.694690749927872
6428,2023-09-25 20:00:00,25.2,23.5,90,23.891687934176282
6429,2023-09-25 21:00:00,25.5,23.4,88,23.91324955813704
6430,2023-09-25 22:00:00,25.4,23.9,91,24.225182229695253
6431,2023-09-25 23:00:00,25.5,24.0,92,24.46049913375888
6432,2023-09-26 00:00:00,24.9,24.1,95,24.271676431766206
6433,2023-09-26 01:00:00,24.6,24.1,97,24.24095487341604
6434,2023-09-26 02:00:00,24.4,24.1,99,24.307874284391144
6435,2023-09-26 03:00:00,24.5,24.1,98,24.274656247600777
6436,2023-09-26 04:00:00,23.8,23.5,99,23.70488730785602
6437,2023-09-26 05:00:00,23.7,23.4,98,23.47236928739036
6438,2023-09-26 06:00:00,23.2,23.0,98,22.970939577571205
6439,2023-09-26 07:00:00,23.5,23.1,98,23.271797436937877
6440,2023-09-26 08:00:00,23.8,22.9,94,23.043251624861927
6441,2023-09-26 09:00:00,24.9,22.8,88,23.325102838306456
6442,2023-09-26 10:00:00,26.4,22.5,79,23.53207931028082
6443,2023-09-26 11:00:00,28.0,22.1,70,23.732571272484815
6444,2023-09-26 12:00:00,29.8,22.3,64,24.462813523981115
6445,2023-09-26 13:00:00,30.6,22.5,62,24.865541329942875
6446,2023-09-26 14:00:00,31.2,22.5,60,25.073789357673906
6447,2023-09-26 15:00:00,31.8,22.4,58,25.269315162507052
6448,2023-09-26 16:00:00,32.2,22.0,55,25.097048673725546
6449,2023-09-26 17:00:00,32.0,21.6,54,24.74296783507806
6450,2023-09-26 18:00:00,29.8,21.1,60,23.81580644164195
6451,2023-09-26 19:00:00,27.0,21.6,73,23.240108069480122
6452,2023-09-26 20:00:00,26.6,21.9,75,23.15200547547592
6453,2023-09-26 21:00:00,26.5,22.0,77,23.34331850727878
6454,2023-09-26 22:00:00,25.9,22.4,81,23.333390773247476
6455,2023-09-26 23:00:00,25.5,22.5,84,23.36317715884869
6456,2023-09-27 00:00:00,24.9,22.9,88,23.325102838306456
6457,2023-09-27 01:00:00,25.1,23.0,88,23.52115180010784
6458,2023-09-27 02:00:00,24.6,23.0,91,23.43533124202589
6459,2023-09-27 03:00:00,24.6,23.0,91,23.43533124202589
6460,2023-09-27 04:00:00,23.5,23.0,97,23.14016848004739
6461,2023-09-27 05:00:00,23.1,22.9,98,22.870653602021637
6462,2023-09-27 06:00:00,22.9,22.7,99,22.80040611232012
6463,2023-09-27 07:00:00,23.5,22.1,92,22.481270747805734
6464,2023-09-27 08:00:00,23.4,21.9,91,22.250553201654164
6465,2023-09-27 09:00:00,22.7,21.0,90,21.42921928048264
6466,2023-09-27 10:00:00,24.4,20.7,80,21.753477404757632
6467,2023-09-27 11:00:00,26.5,21.5,74,22.913819973607907
6468,2023-09-27 12:00:00,28.9,22.2,67,24.109396404227326
6469,2023-09-27 13:00:00,30.2,22.5,63,24.66597269140175
6470,2023-09-27 14:00:00,31.0,21.8,58,24.55626636136959
6471,2023-09-27 15:00:00,31.3,21.4,56,24.479143145036037
6472,2023-09-27 16:00:00,31.4,21.0,54,24.21732725275284
6473,2023-09-27 17:00:00,30.9,20.6,54,23.77929255232904
6474,2023-09-27 18:00:00,30.0,20.7,58,23.664952801281405
6475,2023-09-27 19:00:00,25.5,23.7,90,24.18718361253367
6476,2023-09-27 20:00:00,25.4,22.9,86,23.541072808873597
6477,2023-09-27 21:00:00,25.3,23.8,91,24.126450900960837
6478,2023-09-27 22:00:00,24.9,23.9,94,24.136797527531552
6479,2023-09-27 23:00:00,25.0,24.2,96,24.506318681246437
6480,2023-09-28 00:00:00,25.0,24.1,95,24.371311577927347
6481,2023-09-28 01:00:00,24.6,24.0,96,24.106900497814898
6482,2023-09-28 02:00:00,24.4,23.9,97,24.040811993978746
6483,2023-09-28 03:00:00,23.8,23.5,98,23.572655195961456
6484,2023-09-28 04:00:00,24.6,24.0,96,24.106900497814898
6485,2023-09-28 05:00:00,23.9,23.5,98,23.672941093465557
6486,2023-09-28 06:00:00,23.4,23.2,99,23.302895774536758
6487,2023-09-28 07:00:00,24.5,23.6,95,23.873135730815928
6488,2023-09-28 08:00:00,22.1,21.7,98,21.867793222585124
6489,2023-09-28 09:00:00,23.4,22.8,96,22.908644845716555
6490,2023-09-28 10:00:00,25.0,22.1,84,22.87797654515931
6491,2023-09-28 11:00:00,27.2,22.4,75,23.719778939414745
6492,2023-09-28 12:00:00,29.3,23.0,69,24.789132553339048
6493,2023-09-28 13:00:00,30.6,22.1,61,24.70058146355359
6494,2023-09-28 14:00:00,31.5,21.3,55,24.481065294462077
6495,2023-09-28 15:00:00,32.0,20.6,51,24.200222157272254
6496,2023-09-28 16:00:00,32.3,20.1,49,24.087351493166473
6497,2023-09-28 17:00:00,32.0,20.1,49,23.830718606212965
6498,2023-09-28 18:00:00,31.4,20.1,51,23.68187118086859
6499,2023-09-28 19:00:00,29.5,23.4,70,25.129890359623207
6500,2023-09-28 20:00:00,28.6,22.9,71,24.443203626138672
6501,2023-09-28 21:00:00,28.0,22.6,73,24.180625722585866
6502,2023-09-28 22:00:00,27.4,23.0,77,24.20002956797565
6503,2023-09-28 23:00:00,26.6,23.1,81,24.00726725285765
6504,2023-09-29 00:00:00,26.0,23.3,85,23.987453628286733
6505,2023-09-29 01:00:00,26.5,23.1,82,24.052137032387748
6506,2023-09-29 02:00:00,24.7,23.2,92,23.668808385438982
6507,2023-09-29 03:00:00,24.4,23.4,94,23.639731389012045
6508,2023-09-29 04:00:00,24.2,23.2,94,23.440904849481168
6509,2023-09-29 05:00:00,23.9,22.6,93,23.0099319293448
6510,2023-09-29 06:00:00,23.6,21.9,90,22.315708972016672
6511,2023-09-29 07:00:00,24.2,22.9,92,23.174001259856773
6512,2023-09-29 08:00:00,24.9,23.2,91,23.731525458570307
6513,2023-09-29 09:00:00,26.0,23.0,83,23.709061737763808
6514,2023-09-29 10:00:00,27.8,22.7,74,24.14027081716199
6515,2023-09-29 11:00:00,29.5,22.3,65,24.347729464772335
6516,2023-09-29 12:00:00,30.9,21.3,57,24.29695144230238
6517,2023-09-29 13:00:00,31.9,20.2,50,23.93030816023301
6518,2023-09-29 14:00:00,32.8,19.6,46,23.937311098947166
6519,2023-09-29 15:00:00,32.0,19.5,48,23.64346915049681
6520,2023-09-29 16:00:00,31.7,20.7,52,24.12219788154969
6521,2023-09-29 17:00:00,31.5,21.0,54,24.304934096076654
6522,2023-09-29 18:00:00,30.5,21.1,57,23.941911844322544
6523,2023-09-29 19:00:00,29.7,22.0,63,24.211473666025768
6524,2023-09-29 20:00:00,29.0,21.8,65,23.889885307176648
6525,2023-09-29 21:00:00,28.2,22.0,69,23.767817125271982
6526,2023-09-29 22:00:00,27.4,22.5,75,23.909036610277735
6527,2023-09-29 23:00:00,26.9,23.0,79,24.010760786058473
6528,2023-09-30 00:00:00,26.6,23.3,82,24.148665699966468
6529,2023-09-30 01:00:00,26.5,23.5,84,24.33357724908168
6530,2023-09-30 02:00:00,26.3,23.4,84,24.1394973509012
6531,2023-09-30 03:00:00,25.6,23.3,87,23.873806939796513
6532,2023-09-30 04:00:00,25.0,23.4,91,23.830256838351783
6533,2023-09-30 05:00:00,24.7,23.4,92,23.668808385438982
6534,2023-09-30 06:00:00,24.4,23.1,93,23.505875495968443
6535,2023-09-30 07:00:00,24.6,24.0,96,24.106900497814898
6536,2023-09-30 08:00:00,24.9,24.0,95,24.271676431766206
6537,2023-09-30 09:00:00,26.7,23.8,84,24.527657087978717
6538,2023-09-30 10:00:00,29.0,23.1,71,24.817035161965627
6539,2023-09-30 11:00:00,30.6,22.3,61,24.70058146355359
6540,2023-09-30 12:00:00,32.2,20.9,51,24.373005534970876
6541,2023-09-30 13:00:00,33.5,18.6,41,23.506043114572524
6542,2023-09-30 14:00:00,34.2,17.5,37,23.202011548974426
6543,2023-09-30 15:00:00,34.3,16.9,35,22.823915211020285
6544,2023-09-30 16:00:00,34.1,16.5,35,22.66677302821898
6545,2023-09-30 17:00:00,33.7,16.5,36,22.57961946858527
6546,2023-09-30 18:00:00,32.7,16.5,38,22.22189806370634
6547,2023-09-30 19:00:00,29.8,19.5,54,22.815613315507047
6548,2023-09-30 20:00:00,28.5,20.4,62,22.9638330483496
6549,2023-09-30 21:00:00,27.6,22.0,71,23.50862336127921
6550,2023-09-30 22:00:00,27.1,22.5,76,23.770005495431835
6551,2023-09-30 23:00:00,26.5,22.3,78,23.485739255525633
6552,2023-10-01 00:00:00,26.0,22.2,80,23.289543891592203
6553,2023-10-01 01:00:00,25.5,22.4,83,23.2251313948594
6554,2023-10-01 02:00:00,24.9,22.5,87,23.189326154952713
6555,2023-10-01 03:00:00,24.4,22.8,91,23.23786836632849
6556,2023-10-01 04:00:00,24.1,22.8,92,23.07503979663569
6557,2023-10-01 05:00:00,24.0,22.6,92,22.976078320636418
6558,2023-10-01 06:00:00,23.9,21.8,88,22.344857189595682
6559,2023-10-01 07:00:00,24.0,22.5,92,22.976078320636418
6560,2023-10-01 08:00:00,24.4,22.1,87,22.70041088124184
6561,2023-10-01 09:00:00,27.0,22.2,75,23.530521193621738
6562,2023-10-01 10:00:00,29.5,21.5,62,23.86940985473232
6563,2023-10-01 11:00:00,31.5,18.4,46,22.842552805054922
6564,2023-10-01 12:00:00,33.0,16.3,37,22.245627310575532
6565,2023-10-01 13:00:00,33.8,15.4,33,21.96527277183651
6566,2023-10-01 14:00:00,34.3,14.9,31,21.865211314364146
6567,2023-10-01 15:00:00,34.5,14.8,31,22.017515558379976
6568,2023-10-01 16:00:00,34.5,14.6,30,21.766474755031886
6569,2023-10-01 17:00:00,34.0,14.4,31,21.636754409053925
6570,2023-10-01 18:00:00,32.0,17.6,42,22.480212049218014
6571,2023-10-01 19:00:00,29.4,19.3,55,22.633105922777464
6572,2023-10-01 20:00:00,28.1,20.5,63,22.757072516833
6573,2023-10-01 21:00:00,27.6,21.2,68,23.060948107264675
6574,2023-10-01 22:00:00,27.1,21.3,70,22.894177539359386
6575,2023-10-01 23:00:00,27.0,21.0,70,22.801022571807543
6576,2023-10-02 00:00:00,26.1,21.1,74,22.536449819425094
6577,2023-10-02 01:00:00,25.5,21.3,78,22.531087346506805
6578,2023-10-02 02:00:00,25.1,21.1,79,22.28750545976665
6579,2023-10-02 03:00:00,24.9,20.8,78,21.958295338676464
6580,2023-10-02 04:00:00,24.5,20.5,79,21.713085755853747
6581,2023-10-02 05:00:00,24.0,20.1,79,21.234402173748602
6582,2023-10-02 06:00:00,23.8,19.0,75,20.50238669918829
6583,2023-10-02 07:00:00,23.0,20.0,83,20.805473698639915
6584,2023-10-02 08:00:00,23.6,19.9,80,20.985442486953477
6585,2023-10-02 09:00:00,25.9,20.0,70,21.776316467666003
6586,2023-10-02 10:00:00,28.3,20.5,63,22.93887302354831
6587,2023-10-02 11:00:00,30.5,19.9,53,23.255368715147704
6588,2023-10-02 12:00:00,32.1,16.4,39,21.94977860833922
6589,2023-10-02 13:00:00,32.9,16.0,36,21.94648633368325
6590,2023-10-02 14:00:00,33.5,14.9,33,21.733099907350727
6591,2023-10-02 15:00:00,33.8,14.4,31,21.484449442106925
6592,2023-10-02 16:00:00,33.6,14.2,31,21.332144181285187
6593,2023-10-02 17:00:00,33.0,14.0,32,21.11259988384101
6594,2023-10-02 18:00:00,31.4,15.8,39,21.38433446825558
6595,2023-10-02 19:00:00,28.4,18.9,56,21.916051853670286
6596,2023-10-02 20:00:00,27.5,19.0,60,21.74910834995604
6597,2023-10-02 21:00:00,27.4,18.9,60,21.659251561802442
6598,2023-10-02 22:00:00,27.3,19.0,60,21.569394743699824
6599,2023-10-02 23:00:00,27.1,19.0,61,21.543235874362846
6600,2023-10-03 00:00:00,26.6,19.5,65,21.692224798978522
6601,2023-10-03 01:00:00,26.3,19.2,65,21.41751620533113
6602,2023-10-03 02:00:00,26.0,17.4,59,20.25084710289517
6603,2023-10-03 03:00:00,25.8,19.2,67,21.25064288527286
6604,2023-10-03 04:00:00,25.4,21.1,77,22.296225222943356
6605,2023-10-03 05:00:00,25.1,21.6,81,22.563245242016748
6606,2023-10-03 06:00:00,25.3,21.8,81,22.75578172433706
6607,2023-10-03 07:00:00,23.9,22.9,94,23.14266494928857
6608,2023-10-03 08:00:00,23.6,22.5,93,22.712365639413665
6609,2023-10-03 09:00:00,24.1,22.8,92,23.07503979663569
6610,2023-10-03 10:00:00,24.1,23.0,93,23.20830939332344
6611,2023-10-03 11:00:00,24.5,22.6,89,23.067669186646857
6612,2023-10-03 12:00:00,25.9,23.9,89,24.443350731602298
6613,2023-10-03 13:00:00,25.1,23.8,92,24.064653859229136
6614,2023-10-03 14:00:00,26.9,23.4,81,24.296071216728247
6615,2023-10-03 15:00:00,27.7,23.5,78,24.631319237513463
6616,2023-10-03 16:00:00,26.9,23.6,83,24.580135385724162
6617,2023-10-03 17:00:00,27.5,23.7,80,24.729602314943865
6618,2023-10-03 18:00:00,27.0,23.5,81,24.392339172789733
6619,2023-10-03 19:00:00,25.5,24.1,92,24.46049913375888
6620,2023-10-03 20:00:00,25.9,24.4,91,24.718838683823336
6621,2023-10-03 21:00:00,25.6,24.0,91,24.422644849157766
6622,2023-10-03 22:00:00,25.0,24.0,94,24.236210719425056
6623,2023-10-03 23:00:00,25.2,23.8,92,24.163615196462548
6624,2023-10-04 00:00:00,25.5,23.8,90,24.18718361253367
6625,2023-10-04 01:00:00,25.8,23.7,88,24.20732273292772
6626,2023-10-04 02:00:00,25.9,23.5,87,24.16715563672867
6627,2023-10-04 03:00:00,26.0,23.4,85,23.987453628286733
6628,2023-10-04 04:00:00,25.5,23.5,88,23.91324955813704
6629,2023-10-04 05:00:00,25.4,23.4,88,23.81522513923519
6630,2023-10-04 06:00:00,25.0,23.3,90,23.694690749927872
6631,2023-10-04 07:00:00,24.1,23.4,96,23.607627511795208
6632,2023-10-04 08:00:00,24.0,22.9,94,23.242078261513353
6633,2023-10-04 09:00:00,24.1,22.9,93,23.20830939332344
6634,2023-10-04 10:00:00,25.0,22.9,88,23.42312732613657
6635,2023-10-04 11:00:00,26.8,23.2,81,24.199803244748658
6636,2023-10-04 12:00:00,26.3,23.5,84,24.1394973509012
6637,2023-10-04 13:00:00,28.5,24.2,78,25.39503786562359
6638,2023-10-04 14:00:00,29.8,23.7,70,25.409353622264735
6639,2023-10-04 15:00:00,29.4,23.4,70,25.036735898226155
6640,2023-10-04 16:00:00,29.2,23.5,71,25.003950809661738
6641,2023-10-04 17:00:00,28.8,23.1,71,24.630119434285195
6642,2023-10-04 18:00:00,28.4,22.9,72,24.406827489519923
6643,2023-10-04 19:00:00,24.8,23.4,92,23.76776977267913
6644,2023-10-04 20:00:00,25.2,23.9,92,24.163615196462548
6645,2023-10-04 21:00:00,25.5,23.8,90,24.18718361253367
6646,2023-10-04 22:00:00,25.9,24.0,89,24.443350731602298
6647,2023-10-04 23:00:00,25.9,23.9,89,24.443350731602298
6648,2023-10-05 00:00:00,25.5,23.6,89,24.05029912945299
6649,2023-10-05 01:00:00,25.5,23.5,88,23.91324955813704
6650,2023-10-05 02:00:00,25.2,23.4,90,23.891687934176282
6651,2023-10-05 03:00:00,24.0,23.2,96,23.507772880075336
6652,2023-10-05 04:00:00,24.2,23.2,94,23.440904849481168
6653,2023-10-05 05:00:00,24.0,23.0,95,23.374959590741316
6654,2023-10-05 06:00:00,24.1,23.0,93,23.20830939332344
6655,2023-10-05 07:00:00,24.2,23.5,95,23.574230082162668
6656,2023-10-05 08:00:00,23.0,21.5,91,21.855626763748234
6657,2023-10-05 09:00:00,23.2,21.9,92,22.184386048634767
6658,2023-10-05 10:00:00,23.2,21.9,92,22.184386048634767
6659,2023-10-05 11:00:00,23.6,21.3,87,21.91814568909352
6660,2023-10-05 12:00:00,23.8,20.2,81,21.311756457454962
6661,2023-10-05 13:00:00,24.1,19.4,75,20.786275179008083
6662,2023-10-05 14:00:00,24.2,19.4,75,20.880904631106766
6663,2023-10-05 15:00:00,24.4,19.6,75,21.070163473915027
6664,2023-10-05 16:00:00,24.6,20.0,75,21.259422235281995
6665,2023-10-05 17:00:00,24.2,20.5,80,21.561468781763313
6666,2023-10-05 18:00:00,24.2,20.8,81,21.696830237330904
6667,2023-10-05 19:00:00,23.5,21.2,87,21.820362473979888
6668,2023-10-05 20:00:00,23.0,21.2,90,21.72471596872833
6669,2023-10-05 21:00:00,23.4,21.3,88,21.854733832417395
6670,2023-10-05 22:00:00,23.2,21.2,89,21.790248210736568
6671,2023-10-05 23:00:00,22.8,20.9,89,21.39719512522416
6672,2023-10-06 00:00:00,22.5,20.2,87,20.842529500999103
6673,2023-10-06 01:00:00,21.9,19.8,88,20.38436157141825
6674,2023-10-06 02:00:00,21.5,19.2,87,19.864695004837674
6675,2023-10-06 03:00:00,21.4,18.2,83,19.25688731056725
6676,2023-10-06 04:00:00,21.0,17.5,80,18.489320913340904
6677,2023-10-06 05:00:00,20.8,17.0,79,18.170816121733484
6678,2023-10-06 06:00:00,20.9,16.9,78,18.13966448760701
6679,2023-10-06 07:00:00,20.5,17.6,84,18.51115298552368
6680,2023-10-06 08:00:00,20.8,17.6,82,18.549975692277176
6681,2023-10-06 09:00:00,22.3,18.2,78,19.476188850838803
6682,2023-10-06 10:00:00,23.5,18.7,75,20.218498032766323
6683,2023-10-06 11:00:00,25.1,18.6,67,20.605114652558807
6684,2023-10-06 12:00:00,26.1,18.2,62,20.790437530570667
6685,2023-10-06 13:00:00,27.1,18.2,58,21.080126512313882
6686,2023-10-06 14:00:00,28.1,18.6,56,21.65090292988833
6687,2023-10-06 15:00:00,28.8,18.1,53,21.77280442246961
6688,2023-10-06 16:00:00,29.1,17.0,48,21.175299252201494
6689,2023-10-06 17:00:00,28.8,16.1,46,20.568800406246236
6690,2023-10-06 18:00:00,27.5,17.1,53,20.639071696022548
6691,2023-10-06 19:00:00,25.6,14.4,50,18.513995665796436
6692,2023-10-06 20:00:00,24.8,14.0,51,17.97991880423327
6693,2023-10-06 21:00:00,24.2,14.3,54,17.909542510065403
6694,2023-10-06 22:00:00,23.8,14.8,57,17.99492205280196
6695,2023-10-06 23:00:00,23.0,15.4,62,17.98310983501714
6696,2023-10-07 00:00:00,22.4,15.5,65,17.846282083731897
6697,2023-10-07 01:00:00,22.0,15.4,66,17.613350407962358
6698,2023-10-07 02:00:00,21.6,15.2,67,17.377454081407453
6699,2023-10-07 03:00:00,21.3,15.1,68,17.231207430000477
6700,2023-10-07 04:00:00,21.0,15.2,69,17.082773935526866
6701,2023-10-07 05:00:00,20.9,15.6,72,17.374999896270307
6702,2023-10-07 06:00:00,20.5,15.4,72,16.99996542945232
6703,2023-10-07 07:00:00,19.5,14.4,72,16.06237748229449
6704,2023-10-07 08:00:00,19.5,13.3,67,15.44084108204547
6705,2023-10-07 09:00:00,20.4,13.1,63,15.757665338188755
6706,2023-10-07 10:00:00,21.2,12.1,56,15.552387047918995
6707,2023-10-07 11:00:00,22.0,11.1,50,15.418880035669385
6708,2023-10-07 12:00:00,22.6,10.6,46,15.347452488839227
6709,2023-10-07 13:00:00,23.0,10.9,47,15.834444734471806
6710,2023-10-07 14:00:00,22.9,11.1,47,15.749775547952272
6711,2023-10-07 15:00:00,23.4,11.6,48,16.323957491891523
6712,2023-10-07 16:00:00,24.4,11.9,45,16.705650901241484
6713,2023-10-07 17:00:00,24.0,11.8,46,16.526485236072194
6714,2023-10-07 18:00:00,23.1,12.1,50,16.364616720306184
6715,2023-10-07 19:00:00,21.4,12.8,58,15.999523458252671
6716,2023-10-07 20:00:00,20.7,13.1,62,15.90023375342162
6717,2023-10-07 21:00:00,20.0,13.1,64,15.521470110262381
6718,2023-10-07 22:00:00,19.5,10.6,57,14.178109833547769
6719,2023-10-07 23:00:00,18.5,7.7,49,12.28181972328078
6720,2023-10-08 00:00:00,17.7,7.1,50,11.721844218930173
6721,2023-10-08 01:00:00,17.1,6.8,51,11.327382252810853
6722,2023-10-08 02:00:00,16.5,6.8,52,10.927499742083622
6723,2023-10-08 03:00:00,16.0,6.9,55,10.840964595292384
6724,2023-10-08 04:00:00,15.7,7.1,57,10.805044516623342
6725,2023-10-08 05:00:00,15.2,7.6,60,10.69646255083519
6726,2023-10-08 06:00:00,14.4,7.8,64,10.411991447374685
6727,2023-10-08 07:00:00,13.9,7.9,67,10.276470222254797
6728,2023-10-08 08:00:00,14.1,8.6,70,10.783820095053557
6729,2023-10-08 09:00:00,16.3,9.2,63,12.030627992989594
6730,2023-10-08 10:00:00,18.2,9.4,56,12.900796772836348
6731,2023-10-08 11:00:00,19.8,8.2,47,13.125000428552145
6732,2023-10-08 12:00:00,20.9,7.7,42,13.343426885097262
6733,2023-10-08 13:00:00,21.8,7.8,40,13.782347170282637
6734,2023-10-08 14:00:00,22.5,7.4,38,14.036654073478942
6735,2023-10-08 15:00:00,23.0,7.4,37,14.275384294140338
6736,2023-10-08 16:00:00,23.0,7.4,37,14.275384294140338
6737,2023-10-08 17:00:00,22.8,7.5,37,14.1159713156053
6738,2023-10-08 18:00:00,22.3,8.2,41,14.343049143523462
6739,2023-10-08 19:00:00,20.5,11.4,56,14.933686323160476
6740,2023-10-08 20:00:00,19.5,9.7,53,13.662099126643984
6741,2023-10-08 21:00:00,18.9,9.0,53,13.13881389168824
6742,2023-10-08 22:00:00,17.5,8.3,55,12.161021487633466
6743,2023-10-08 23:00:00,17.6,8.4,55,12.249024852480037
6744,2023-10-09 00:00:00,17.2,9.0,58,12.255839402910375
6745,2023-10-09 01:00:00,15.8,9.4,66,11.91564593673154
6746,2023-10-09 02:00:00,15.4,9.9,69,11.883198839119828
6747,2023-10-09 03:00:00,15.6,10.1,70,12.181193702078762
6748,2023-10-09 04:00:00,15.7,10.3,70,12.274351683278734
6749,2023-10-09 05:00:00,15.2,10.3,73,12.141830247982483
6750,2023-10-09 06:00:00,15.1,10.4,74,12.158630708972698
6751,2023-10-09 07:00:00,14.9,10.4,74,11.969940264340355
6752,2023-10-09 08:00:00,15.4,10.9,75,12.553426716515297
6753,2023-10-09 09:00:00,17.8,11.2,65,13.633998059453699
6754,2023-10-09 10:00:00,20.6,11.3,55,14.889102435022163
6755,2023-10-09 11:00:00,22.9,10.7,46,15.600103360236723
6756,2023-10-09 12:00:00,24.5,10.2,41,16.14298703191652
6757,2023-10-09 13:00:00,25.5,10.5,39,16.618327583099845
6758,2023-10-09 14:00:00,26.2,10.6,38,17.00589874559687
6759,2023-10-09 15:00:00,26.8,10.9,37,17.30416452145275
6760,2023-10-09 16:00:00,27.0,11.1,37,17.46357074335726
6761,2023-10-09 17:00:00,26.9,11.1,37,17.383867670712682
6762,2023-10-09 18:00:00,26.0,13.4,46,18.210798072374857
6763,2023-10-09 19:00:00,22.8,14.1,58,17.247401898169123
6764,2023-10-09 20:00:00,21.8,15.2,66,17.429555387694833
6765,2023-10-09 21:00:00,21.0,14.6,67,16.82413741571639
6766,2023-10-09 22:00:00,20.6,14.9,70,16.839055909390343
6767,2023-10-09 23:00:00,20.2,15.1,72,16.71868931434882
6768,2023-10-10 00:00:00,20.0,14.9,73,16.6564248913262
6769,2023-10-10 01:00:00,19.7,14.9,74,16.498481193255344
6770,2023-10-10 02:00:00,19.1,15.2,78,16.42127004175437
6771,2023-10-10 03:00:00,18.6,15.6,82,16.426318986960954
6772,2023-10-10 04:00:00,18.9,15.6,81,16.594579079178615
6773,2023-10-10 05:00:00,18.6,15.5,82,16.426318986960954
6774,2023-10-10 06:00:00,19.0,15.4,80,16.56921851571585
6775,2023-10-10 07:00:00,19.8,15.7,77,16.965531938017794
6776,2023-10-10 08:00:00,19.7,16.1,80,17.241255267531184
6777,2023-10-10 09:00:00,21.6,17.0,75,18.42053203331328
6778,2023-10-10 10:00:00,23.2,17.5,70,19.261116925844046
6779,2023-10-10 11:00:00,24.0,17.7,68,19.72968009302708
6780,2023-10-10 12:00:00,25.0,18.0,65,20.227109536724797
6781,2023-10-10 13:00:00,25.5,17.5,61,20.099866204024117
6782,2023-10-10 14:00:00,25.4,16.9,59,19.713858656454573
6783,2023-10-10 15:00:00,25.5,16.4,57,19.50387432980406
6784,2023-10-10 16:00:00,25.6,16.0,55,19.289141350048233
6785,2023-10-10 17:00:00,25.0,17.0,61,19.64881158033394
6786,2023-10-10 18:00:00,23.9,18.5,72,20.18774602297319
6787,2023-10-10 19:00:00,23.4,19.1,77,20.392413425909442
6788,2023-10-10 20:00:00,22.9,19.9,83,20.708687177356143
6789,2023-10-10 21:00:00,22.2,20.5,90,20.936724520177403
6790,2023-10-10 22:00:00,22.2,21.0,93,21.323721437599147
6791,2023-10-10 23:00:00,22.0,21.0,94,21.25380966269144
6792,2023-10-11 00:00:00,22.0,20.8,93,21.125343487356076
6793,2023-10-11 01:00:00,21.5,20.2,93,20.62939838104901
6794,2023-10-11 02:00:00,20.9,19.5,92,19.908266041442136
6795,2023-10-11 03:00:00,20.5,19.0,91,19.3873315418428
6796,2023-10-11 04:00:00,20.2,18.8,91,19.091135521023507
6797,2023-10-11 05:00:00,19.9,18.6,92,18.918646379915195
6798,2023-10-11 06:00:00,19.7,18.5,93,18.843993208972247
6799,2023-10-11 07:00:00,20.0,18.9,94,19.265535937846384
6800,2023-10-11 08:00:00,20.1,19.1,94,19.36494974999251
6801,2023-10-11 09:00:00,19.6,18.1,91,18.498743085663893
6802,2023-10-11 10:00:00,19.4,17.6,90,18.17874718413767
6803,2023-10-11 11:00:00,19.9,18.5,92,18.918646379915195
6804,2023-10-11 12:00:00,20.7,17.5,82,18.4534460397208
6805,2023-10-11 13:00:00,20.2,17.0,82,17.970797498952074
6806,2023-10-11 14:00:00,19.8,17.6,87,18.202372744571854
6807,2023-10-11 15:00:00,19.4,16.9,86,17.68873861976682
6808,2023-10-11 16:00:00,19.9,16.1,79,17.309178915692776
6809,2023-10-11 17:00:00,21.1,15.9,72,17.562516979720026
6810,2023-10-11 18:00:00,21.0,15.9,73,17.596957921548828
6811,2023-10-11 19:00:00,19.9,16.5,81,17.557272031211497
6812,2023-10-11 20:00:00,19.6,16.8,84,17.637784155885207
6813,2023-10-11 21:00:00,19.6,16.6,83,17.514722234865246
6814,2023-10-11 22:00:00,19.3,16.6,85,17.46893763678001
6815,2023-10-11 23:00:00,18.6,16.8,89,17.27012341571584
6816,2023-10-12 00:00:00,18.8,16.8,88,17.345581327847242
6817,2023-10-12 01:00:00,18.8,16.5,87,17.224533918967424
6818,2023-10-12 02:00:00,18.6,16.2,86,16.90842296596126
6819,2023-10-12 03:00:00,18.5,15.8,84,16.570331381931048
6820,2023-10-12 04:00:00,18.1,15.6,85,16.301434294500794
6821,2023-10-12 05:00:00,16.8,15.7,94,16.084286623193012
6822,2023-10-12 06:00:00,15.8,15.4,97,15.434622736132948
6823,2023-10-12 07:00:00,16.9,15.1,89,15.599634137633895
6824,2023-10-12 08:00:00,17.0,15.0,88,15.581121127779411
6825,2023-10-12 09:00:00,17.5,15.4,87,15.953340913935126
6826,2023-10-12 10:00:00,19.3,16.5,84,17.346660890828304
6827,2023-10-12 11:00:00,21.2,17.5,79,18.55376546540511
6828,2023-10-12 12:00:00,23.4,18.0,72,19.718956472239118
6829,2023-10-12 13:00:00,24.8,18.4,68,20.46996461778387
6830,2023-10-12 14:00:00,25.2,18.6,67,20.697333047640083
6831,2023-10-12 15:00:00,25.4,18.6,66,20.737848424509306
6832,2023-10-12 16:00:00,25.2,18.9,68,20.840106277063587
6833,2023-10-12 17:00:00,24.8,18.8,69,20.611006916260916
6834,2023-10-12 18:00:00,23.8,18.8,73,20.230437835504286
6835,2023-10-12 19:00:00,23.0,19.0,78,20.14444956551594
6836,2023-10-12 20:00:00,22.0,19.1,84,19.966764565116332
6837,2023-10-12 21:00:00,22.0,19.1,84,19.966764565116332
6838,2023-10-12 22:00:00,21.5,19.1,86,19.73706207342209
6839,2023-10-12 23:00:00,20.8,19.0,90,19.557737293062598
6840,2023-10-13 00:00:00,20.5,19.0,91,19.3873315418428
6841,2023-10-13 01:00:00,20.0,18.8,93,19.141561046209926
6842,2023-10-13 02:00:00,20.2,18.9,92,19.215532426500058
6843,2023-10-13 03:00:00,20.8,19.2,91,19.683527432830264
6844,2023-10-13 04:00:00,20.9,19.4,91,19.782259367821695
6845,2023-10-13 05:00:00,21.0,19.4,91,19.880991288541594
6846,2023-10-13 06:00:00,20.6,19.2,92,19.611380290584684
6847,2023-10-13 07:00:00,22.0,20.5,91,20.868309719140797
6848,2023-10-13 08:00:00,22.5,20.9,90,21.232221418531488
6849,2023-10-13 09:00:00,23.5,21.8,90,22.217210172447576
6850,2023-10-13 10:00:00,26.0,22.6,82,23.569493458791765
6851,2023-10-13 11:00:00,26.9,22.5,77,23.724079156811616
6852,2023-10-13 12:00:00,26.5,22.4,78,23.485739255525633
6853,2023-10-13 13:00:00,26.7,22.8,79,23.81928824659401
6854,2023-10-13 14:00:00,26.9,22.9,79,24.010760786058473
6855,2023-10-13 15:00:00,27.5,23.1,77,24.295219597286124
6856,2023-10-13 16:00:00,28.1,23.1,74,24.423297475477426
6857,2023-10-13 17:00:00,28.2,23.0,73,24.3687290184472
6858,2023-10-13 18:00:00,27.9,22.9,74,24.234613055480324
6859,2023-10-13 19:00:00,26.0,23.8,88,24.40337144821836
6860,2023-10-13 20:00:00,24.6,23.4,93,23.704252835886777
6861,2023-10-13 21:00:00,24.5,22.7,90,23.20219755860746
6862,2023-10-13 22:00:00,23.9,22.7,93,23.0099319293448
6863,2023-10-13 23:00:00,23.7,22.8,94,22.94383828820231
6864,2023-10-14 00:00:00,23.5,22.8,95,22.876783153995458
6865,2023-10-14 01:00:00,23.2,20.0,82,20.866681952421573
6866,2023-10-14 02:00:00,21.8,14.1,62,16.89639411957665
6867,2023-10-14 03:00:00,20.9,10.6,52,14.74713127632143
6868,2023-10-14 04:00:00,20.8,8.9,46,13.831535293471951
6869,2023-10-14 05:00:00,20.0,8.2,47,13.294342611987819
6870,2023-10-14 06:00:00,19.0,7.8,48,12.578941656208102
6871,2023-10-14 07:00:00,18.0,8.0,52,12.229659295385844
6872,2023-10-14 08:00:00,17.8,8.4,54,12.30244127617734
6873,2023-10-14 09:00:00,18.9,9.1,53,13.13881389168824
6874,2023-10-14 10:00:00,19.9,8.6,48,13.344977316168908
6875,2023-10-14 11:00:00,21.0,9.1,47,14.141049587960481
6876,2023-10-14 12:00:00,22.0,9.8,46,14.842149066635507
6877,2023-10-14 13:00:00,23.0,9.9,44,15.380664049319318
6878,2023-10-14 14:00:00,23.7,9.7,41,15.488468336520409
6879,2023-10-14 15:00:00,24.4,9.8,40,15.89628021464782
6880,2023-10-14 16:00:00,24.5,9.1,38,15.641665192160534
6881,2023-10-14 17:00:00,24.1,9.2,39,15.487375042695746
6882,2023-10-14 18:00:00,23.0,9.5,42,15.072070303432199
6883,2023-10-14 19:00:00,20.2,9.1,49,13.736178507663265
6884,2023-10-14 20:00:00,19.2,9.1,52,13.271377451690544
6885,2023-10-14 21:00:00,18.5,9.1,54,12.915727771810928
6886,2023-10-14 22:00:00,17.8,8.9,56,12.547248186891725
6887,2023-10-14 23:00:00,17.4,8.3,55,12.073018070324082
6888,2023-10-15 00:00:00,17.0,7.3,53,11.481730968561017
6889,2023-10-15 01:00:00,16.5,6.9,53,11.045653085893008
6890,2023-10-15 02:00:00,16.0,6.9,55,10.840964595292384
6891,2023-10-15 03:00:00,15.6,7.0,57,10.716278674316015
6892,2023-10-15 04:00:00,15.1,7.1,59,10.495345861988742
6893,2023-10-15 05:00:00,14.7,6.9,60,10.24715498968852
6894,2023-10-15 06:00:00,14.3,7.0,62,10.10430087569204
6895,2023-10-15 07:00:00,13.9,7.4,65,10.062655736545386
6896,2023-10-15 08:00:00,13.6,7.9,69,10.21188562017439
6897,2023-10-15 09:00:00,15.6,9.1,65,11.61940179842804
6898,2023-10-15 10:00:00,17.4,9.1,59,12.55388721549804
6899,2023-10-15 11:00:00,18.6,9.1,54,13.00333991672558
6900,2023-10-15 12:00:00,19.6,9.0,50,13.355431620025428
6901,2023-10-15 13:00:00,20.5,8.9,48,13.855664869331509
6902,2023-10-15 14:00:00,21.0,8.9,46,13.99997157920016
6903,2023-10-15 15:00:00,21.5,8.4,43,13.984928366310054
6904,2023-10-15 16:00:00,21.4,8.4,43,13.902121961257631
6905,2023-10-15 17:00:00,21.3,7.8,42,13.672694924310399
6906,2023-10-15 18:00:00,20.5,7.9,45,13.439168747879389
6907,2023-10-15 19:00:00,18.8,7.9,49,12.5384725990973
6908,2023-10-15 20:00:00,17.4,8.4,55,12.073018070324082
6909,2023-10-15 21:00:00,16.4,8.6,60,11.774795945923422
6910,2023-10-15 22:00:00,16.0,8.1,59,11.300865010293926
6911,2023-10-15 23:00:00,15.3,8.1,62,11.009926455192199
6912,2023-10-16 00:00:00,14.8,8.1,64,10.776958215896673
6913,2023-10-16 01:00:00,14.3,8.1,67,10.645357510047646
6914,2023-10-16 02:00:00,13.9,8.1,68,10.383430563357615
6915,2023-10-16 03:00:00,13.6,7.4,67,9.999804360394293
6916,2023-10-16 04:00:00,13.1,6.9,66,9.434345347479319
6917,2023-10-16 05:00:00,12.8,6.4,65,9.055343237917295
6918,2023-10-16 06:00:00,12.4,6.1,65,8.689046521429875
6919,2023-10-16 07:00:00,11.8,5.8,66,8.239634737182365
6920,2023-10-16 08:00:00,11.6,6.2,69,8.35485741084582
6921,2023-10-16 09:00:00,13.6,7.1,65,9.787934643278899
6922,2023-10-16 10:00:00,15.4,7.4,59,10.763852679931805
6923,2023-10-16 11:00:00,17.1,7.6,54,11.689152133716913
6924,2023-10-16 12:00:00,18.4,7.1,48,12.068248238150375
6925,2023-10-16 13:00:00,19.1,6.5,44,12.132488294944611
6926,2023-10-16 14:00:00,19.8,6.3,42,12.437933075022112
6927,2023-10-16 15:00:00,20.1,6.2,40,12.400129634537723
6928,2023-10-16 16:00:00,19.9,5.5,39,12.094419357965656
6929,2023-10-16 17:00:00,19.4,5.3,40,11.830973626812824
6930,2023-10-16 18:00:00,18.5,5.4,42,11.367790767100797
6931,2023-10-16 19:00:00,16.8,5.9,49,10.827442141346932
6932,2023-10-16 20:00:00,15.8,5.8,51,10.204192814270375
6933,2023-10-16 21:00:00,15.1,5.7,54,9.936882138992232
6934,2023-10-16 22:00:00,13.8,6.2,60,9.438398341402422
6935,2023-10-16 23:00:00,12.6,6.7,67,9.077582316986636
6936,2023-10-17 00:00:00,12.1,6.7,69,8.819115851832818
6937,2023-10-17 01:00:00,11.6,6.7,72,8.65533335650593
6938,2023-10-17 02:00:00,10.8,6.8,76,8.299157418978115
6939,2023-10-17 03:00:00,10.4,6.8,79,8.214007575353232
6940,2023-10-17 04:00:00,10.2,6.9,80,8.120662612417135
6941,2023-10-17 05:00:00,9.8,7.1,83,8.029486926485507
6942,2023-10-17 06:00:00,9.3,6.9,85,7.739656353353482
6943,2023-10-17 07:00:00,8.2,6.2,87,6.859328083155955
6944,2023-10-17 08:00:00,8.9,6.3,84,7.254275796066349
6945,2023-10-17 09:00:00,12.5,7.6,72,9.499183570594882
6946,2023-10-17 10:00:00,16.1,8.3,60,11.50521321448101
6947,2023-10-17 11:00:00,18.2,7.0,48,11.898016555768947
6948,2023-10-17 12:00:00,19.2,7.3,46,12.484035142666905
6949,2023-10-17 13:00:00,20.0,7.9,45,13.020381542235306
6950,2023-10-17 14:00:00,20.7,8.4,45,13.606683129866454
6951,2023-10-17 15:00:00,21.1,8.8,45,13.941711050501354
6952,2023-10-17 16:00:00,21.5,8.4,43,13.984928366310054
6953,2023-10-17 17:00:00,21.5,8.6,44,14.13137867653921
6954,2023-10-17 18:00:00,21.0,9.2,47,14.141049587960481
6955,2023-10-17 19:00:00,18.0,10.2,60,13.212563812397413
6956,2023-10-17 20:00:00,17.6,11.1,65,13.450853670228039
6957,2023-10-17 21:00:00,16.6,11.1,70,13.112772097787474
6958,2023-10-17 22:00:00,15.9,10.8,71,12.573860187367764
6959,2023-10-17 23:00:00,15.1,10.9,76,12.380487367456933
6960,2023-10-18 00:00:00,13.9,11.2,84,12.106412747259139
6961,2023-10-18 01:00:00,13.1,11.4,89,11.865581319611106
6962,2023-10-18 02:00:00,13.0,11.2,89,11.767316418209855
6963,2023-10-18 03:00:00,13.2,11.1,87,11.748603857300907
6964,2023-10-18 04:00:00,12.6,11.0,90,11.480750399147649
6965,2023-10-18 05:00:00,12.5,11.1,91,11.48872299265058
6966,2023-10-18 06:00:00,12.6,11.1,91,11.587456260170743
6967,2023-10-18 07:00:00,13.1,11.3,89,11.865581319611106
6968,2023-10-18 08:00:00,13.5,12.0,91,12.476054864796652
6969,2023-10-18 09:00:00,18.0,13.9,77,15.252080668591539
6970,2023-10-18 10:00:00,21.4,14.8,66,17.061964991847855
6971,2023-10-18 11:00:00,23.4,14.7,58,17.782204646688736
6972,2023-10-18 12:00:00,24.8,14.5,53,18.284374958806243
6973,2023-10-18 13:00:00,25.9,13.9,48,18.451758623496417
6974,2023-10-18 14:00:00,26.6,13.4,44,18.378889711232635
6975,2023-10-18 15:00:00,27.4,12.5,40,18.335371128590825
6976,2023-10-18 16:00:00,27.3,12.5,40,18.25406909041875
6977,2023-10-18 17:00:00,26.4,12.8,43,18.042357264205293
6978,2023-10-18 18:00:00,24.6,13.1,49,17.500323203657437
6979,2023-10-18 19:00:00,23.0,15.1,61,17.844585086175204
6980,2023-10-18 20:00:00,21.8,14.9,65,17.296857552456594
6981,2023-10-18 21:00:00,20.5,15.0,71,16.87303949365472
6982,2023-10-18 22:00:00,19.8,15.2,75,16.717188441552757
6983,2023-10-18 23:00:00,19.9,16.0,78,17.185001757326408
6984,2023-10-19 00:00:00,19.6,16.6,83,17.514722234865246
6985,2023-10-19 01:00:00,19.0,16.4,84,17.055537462506138
6986,2023-10-19 02:00:00,18.5,15.9,85,16.690602362726064
6987,2023-10-19 03:00:00,19.7,15.9,79,17.11770375523455
6988,2023-10-19 04:00:00,17.7,15.6,88,16.26730074397018
6989,2023-10-19 05:00:00,18.5,15.8,84,16.570331381931048
6990,2023-10-19 06:00:00,17.8,15.5,87,16.2466934047342
6991,2023-10-19 07:00:00,16.9,15.5,91,15.832970413425702
6992,2023-10-19 08:00:00,17.6,16.2,91,16.52409774184544
6993,2023-10-19 09:00:00,21.0,17.5,81,18.616232032136658
6994,2023-10-19 10:00:00,23.8,18.5,73,20.230437835504286
6995,2023-10-19 11:00:00,25.8,18.4,64,20.813318380837675
6996,2023-10-19 12:00:00,27.3,16.8,53,20.46465070938552
6997,2023-10-19 13:00:00,28.2,15.8,47,20.237167561945906
6998,2023-10-19 14:00:00,29.0,15.1,43,20.19521824219437
6999,2023-10-19 15:00:00,29.3,14.8,41,20.070009019495124
7000,2023-10-19 16:00:00,29.4,14.6,40,19.961398555984875
7001,2023-10-19 17:00:00,29.1,14.5,41,19.906385952319233
7002,2023-10-19 18:00:00,27.8,19.0,59,21.86180550662518
7003,2023-10-19 19:00:00,27.3,16.8,53,20.46465070938552
7004,2023-10-19 20:00:00,26.6,16.5,54,20.0121588197404
7005,2023-10-19 21:00:00,23.6,17.6,69,19.496832070450733
7006,2023-10-19 22:00:00,23.9,17.2,67,19.498491891045852
7007,2023-10-19 23:00:00,20.8,17.4,81,18.42369402192101
7008,2023-10-20 00:00:00,20.4,17.0,81,18.038617773591227
7009,2023-10-20 01:00:00,19.6,16.6,83,17.514722234865246
7010,2023-10-20 02:00:00,18.4,16.3,88,16.953479530420204
7011,2023-10-20 03:00:00,17.4,15.9,91,16.32663286958118
7012,2023-10-20 04:00:00,16.6,15.2,91,15.536772749066209
7013,2023-10-20 05:00:00,16.0,14.7,92,15.059115696277289
7014,2023-10-20 06:00:00,15.8,14.6,92,14.861190416518848
7015,2023-10-20 07:00:00,16.0,14.3,90,14.829758505905854
7016,2023-10-20 08:00:00,16.1,14.1,88,14.69888894653197
7017,2023-10-20 09:00:00,19.6,14.8,73,16.280210987619228
7018,2023-10-20 10:00:00,23.4,15.9,63,18.484728569746924
7019,2023-10-20 11:00:00,26.3,14.9,50,19.11581646010249
7020,2023-10-20 12:00:00,28.4,13.6,40,19.14838796648792
7021,2023-10-20 13:00:00,30.0,12.1,33,19.024368986577567
7022,2023-10-20 14:00:00,31.0,10.4,28,18.65450378268106
7023,2023-10-20 15:00:00,31.5,9.8,26,18.531786054793592
7024,2023-10-20 16:00:00,31.7,9.4,25,18.421720138709052
7025,2023-10-20 17:00:00,31.3,9.9,27,18.63397718426415
7026,2023-10-20 18:00:00,28.7,14.1,41,19.579139119529156
7027,2023-10-20 19:00:00,25.1,13.2,48,17.770865786024196
7028,2023-10-20 20:00:00,24.1,12.6,48,16.91974511949684
7029,2023-10-20 21:00:00,23.0,11.6,48,15.983506215627013
7030,2023-10-20 22:00:00,22.0,12.9,56,16.259470986372424
7031,2023-10-20 23:00:00,21.0,14.9,68,16.95359812576127
7032,2023-10-21 00:00:00,20.3,15.1,72,16.812448044784492
7033,2023-10-21 01:00:00,19.6,14.9,74,16.404137193237503
7034,2023-10-21 02:00:00,18.9,14.7,77,16.108807221580165
7035,2023-10-21 03:00:00,18.0,14.9,83,15.966126029019584
7036,2023-10-21 04:00:00,17.2,15.1,87,15.659988265430247
7037,2023-10-21 05:00:00,17.5,15.4,87,15.953340913935126
7038,2023-10-21 06:00:00,17.0,15.2,89,15.697898345258277
7039,2023-10-21 07:00:00,17.6,15.1,86,15.933026823049918
7040,2023-10-21 08:00:00,17.5,14.9,84,15.599917821254202
7041,2023-10-21 09:00:00,20.8,15.6,72,17.28124131717681
7042,2023-10-21 10:00:00,23.8,16.4,63,18.848334826816327
7043,2023-10-21 11:00:00,26.3,16.8,56,20.060002918314762
7044,2023-10-21 12:00:00,28.5,16.8,49,20.83664220658835
7045,2023-10-21 13:00:00,30.1,16.6,44,21.293760458422003
7046,2023-10-21 14:00:00,31.3,16.0,40,21.506102403029846
7047,2023-10-21 15:00:00,31.9,15.3,37,21.36893439416154
7048,2023-10-21 16:00:00,32.1,14.6,35,21.095337512404516
7049,2023-10-21 17:00:00,31.8,14.4,35,20.859619958226837
7050,2023-10-21 18:00:00,29.6,18.0,50,21.952942894467494
7051,2023-10-21 19:00:00,26.9,17.4,56,20.59030417663124
7052,2023-10-21 20:00:00,25.9,18.9,66,21.197330789494462
7053,2023-10-21 21:00:00,24.8,18.6,68,20.46996461778387
7054,2023-10-21 22:00:00,23.8,18.9,74,20.36656512235915
7055,2023-10-21 23:00:00,23.0,20.0,83,20.805473698639915
7056,2023-10-22 00:00:00,22.7,21.0,90,21.42921928048264
7057,2023-10-22 01:00:00,22.3,21.3,94,21.55205027283672
7058,2023-10-22 02:00:00,22.0,21.2,95,21.382252025699312
7059,2023-10-22 03:00:00,21.4,20.8,96,20.91154830693045
7060,2023-10-22 04:00:00,21.6,20.8,95,20.983709921432986
7061,2023-10-22 05:00:00,21.1,20.5,96,20.61198340581451
7062,2023-10-22 06:00:00,20.3,19.8,97,19.937872785654786
7063,2023-10-22 07:00:00,20.8,20.5,98,20.564072999073975
7064,2023-10-22 08:00:00,22.0,21.4,96,21.51067777633127
7065,2023-10-22 09:00:00,23.9,21.9,89,22.47809056676599
7066,2023-10-22 10:00:00,25.9,22.0,79,23.05339740755047
7067,2023-10-22 11:00:00,27.6,21.2,68,23.060948107264675
7068,2023-10-22 12:00:00,28.4,20.3,62,22.873275220802046
7069,2023-10-22 13:00:00,29.4,19.1,54,22.46518349121191
7070,2023-10-22 14:00:00,29.2,18.9,54,22.289968372752963
7071,2023-10-22 15:00:00,29.4,19.2,54,22.46518349121191
7072,2023-10-22 16:00:00,28.7,19.5,57,22.344227647172424
7073,2023-10-22 17:00:00,27.8,19.5,61,22.174707726608435
7074,2023-10-22 18:00:00,27.1,19.2,62,21.696020966541024
7075,2023-10-22 19:00:00,25.1,21.5,80,22.425507034315682
7076,2023-10-22 20:00:00,24.5,22.2,87,22.79819396475801
7077,2023-10-22 21:00:00,23.9,22.4,91,22.744210948778104
7078,2023-10-22 22:00:00,23.8,22.3,91,22.645479425856987
7079,2023-10-22 23:00:00,23.8,22.1,90,22.512706530269526
7080,2023-10-23 00:00:00,23.6,22.0,90,22.315708972016672
7081,2023-10-23 01:00:00,23.8,21.8,89,22.3798274150318
7082,2023-10-23 02:00:00,23.8,21.7,88,22.246832546856815
7083,2023-10-23 03:00:00,23.0,21.5,92,21.986462850510634
7084,2023-10-23 04:00:00,22.6,21.4,93,21.720477181396575
7085,2023-10-23 05:00:00,22.7,21.1,91,21.559431793719465
7086,2023-10-23 06:00:00,22.1,20.9,93,21.224532469034667
7087,2023-10-23 07:00:00,22.9,21.9,94,22.14853115077167
7088,2023-10-23 08:00:00,23.0,22.0,94,22.24794458642734
7089,2023-10-23 09:00:00,24.4,22.9,92,23.371924148096095
7090,2023-10-23 10:00:00,26.1,22.7,81,23.525926991439505
7091,2023-10-23 11:00:00,27.3,22.2,74,23.66855934013624
7092,2023-10-23 12:00:00,27.9,21.5,69,23.48927610044232
7093,2023-10-23 13:00:00,29.0,20.0,58,22.773636306748806
7094,2023-10-23 14:00:00,29.3,19.2,55,22.54510750009047
7095,2023-10-23 15:00:00,29.1,19.5,56,22.534731517294976
7096,2023-10-23 16:00:00,28.7,19.4,57,22.344227647172424
7097,2023-10-23 17:00:00,28.0,19.4,60,22.198391845061636
7098,2023-10-23 18:00:00,26.6,20.4,69,22.282262683324355
7099,2023-10-23 19:00:00,25.0,21.6,82,22.60420511546731
7100,2023-10-23 20:00:00,24.1,21.2,84,22.004614464111288
7101,2023-10-23 21:00:00,23.8,21.0,85,21.847053250494984
7102,2023-10-23 22:00:00,23.8,21.0,85,21.847053250494984
7103,2023-10-23 23:00:00,23.9,20.8,83,21.67655164032368
7104,2023-10-24 00:00:00,23.9,20.5,82,21.5423860505468
7105,2023-10-24 01:00:00,23.8,20.4,81,21.311756457454962
7106,2023-10-24 02:00:00,23.9,20.2,80,21.27345571458511
7107,2023-10-24 03:00:00,23.9,20.1,79,21.13866540264151
7108,2023-10-24 04:00:00,23.8,19.9,79,21.042928613181623
7109,2023-10-24 05:00:00,23.8,19.8,78,20.908174933183545
7110,2023-10-24 06:00:00,23.7,19.9,79,20.947191805315338
7111,2023-10-24 07:00:00,23.8,19.8,79,21.042928613181623
7112,2023-10-24 08:00:00,24.1,20.2,79,21.330138926556295
7113,2023-10-24 09:00:00,25.5,20.5,74,21.97039398885509
7114,2023-10-24 10:00:00,27.3,19.2,61,21.723656548299445
7115,2023-10-24 11:00:00,28.2,19.3,58,22.060580929705644
7116,2023-10-24 12:00:00,29.1,19.1,55,22.36911055447143
7117,2023-10-24 13:00:00,29.6,19.1,53,22.47048301247946
7118,2023-10-24 14:00:00,29.6,18.9,52,22.299304946162483
7119,2023-10-24 15:00:00,29.2,18.8,54,22.289968372752963
7120,2023-10-24 16:00:00,28.9,18.6,54,22.0271454343761
7121,2023-10-24 17:00:00,28.1,18.8,57,21.81166399218594
7122,2023-10-24 18:00:00,26.9,19.6,65,21.966933158479648
7123,2023-10-24 19:00:00,25.5,20.0,71,21.54599793712029
7124,2023-10-24 20:00:00,24.2,21.5,85,22.236217501413662
7125,2023-10-24 21:00:00,24.0,21.5,86,22.175533150080778
7126,2023-10-24 22:00:00,23.9,21.5,87,22.211495245910342
7127,2023-10-24 23:00:00,24.0,21.5,86,22.175533150080778
7128,2023-10-25 00:00:00,24.0,21.0,83,21.773337995826093
7129,2023-10-25 01:00:00,23.9,20.6,82,21.5423860505468
7130,2023-10-25 02:00:00,23.6,20.6,83,21.38619247541842
7131,2023-10-25 03:00:00,23.1,20.7,86,21.297684678481335
7132,2023-10-25 04:00:00,22.9,20.8,88,21.36461011361849
7133,2023-10-25 05:00:00,23.1,20.6,86,21.297684678481335
7134,2023-10-25 06:00:00,23.1,20.8,87,21.42922946491332
7135,2023-10-25 07:00:00,23.1,20.9,87,21.42922946491332
7136,2023-10-25 08:00:00,23.8,22.2,91,22.645479425856987
7137,2023-10-25 09:00:00,24.7,22.0,85,22.72267246985345
7138,2023-10-25 10:00:00,25.7,22.6,83,23.41870357868624
7139,2023-10-25 11:00:00,27.4,22.6,76,24.054739649888955
7140,2023-10-25 12:00:00,28.5,22.0,68,23.893760340091756
7141,2023-10-25 13:00:00,29.0,21.5,64,23.732917762551438
7142,2023-10-25 14:00:00,29.0,20.5,60,23.096956647013528
7143,2023-10-25 15:00:00,27.9,22.2,71,23.788997656908418
7144,2023-10-25 16:00:00,27.8,22.1,72,23.84428572867083
7145,2023-10-25 17:00:00,27.0,22.4,76,23.67509407419094
7146,2023-10-25 18:00:00,26.0,22.3,80,23.289543891592203
7147,2023-10-25 19:00:00,24.9,22.1,85,22.917254350905985
7148,2023-10-25 20:00:00,24.4,22.8,91,23.23786836632849
7149,2023-10-25 21:00:00,23.6,22.1,91,22.44801634032862
7150,2023-10-25 22:00:00,23.4,22.0,92,22.382309194438815
7151,2023-10-25 23:00:00,24.0,22.1,89,22.57635370460449
7152,2023-10-26 00:00:00,24.0,22.1,90,22.709704034247675
7153,2023-10-26 01:00:00,23.0,21.6,92,21.986462850510634
7154,2023-10-26 02:00:00,23.1,21.8,92,22.085424456129754
7155,2023-10-26 03:00:00,22.9,21.9,94,22.14853115077167
7156,2023-10-26 04:00:00,22.5,21.6,95,21.880429375342292
7157,2023-10-26 05:00:00,22.5,21.8,96,22.009951999175303
7158,2023-10-26 06:00:00,22.8,21.9,95,22.179335636951617
7159,2023-10-26 07:00:00,22.8,22.0,95,22.179335636951617
7160,2023-10-26 08:00:00,23.5,22.4,93,22.613176850917405
7161,2023-10-26 09:00:00,24.1,22.5,91,22.941673955106587
7162,2023-10-26 10:00:00,25.9,23.1,85,23.890162858793985
7163,2023-10-26 11:00:00,26.5,22.8,80,23.769563777978732
7164,2023-10-26 12:00:00,27.9,23.7,78,24.822248995183966
7165,2023-10-26 13:00:00,25.0,22.5,86,23.15091891467487
7166,2023-10-26 14:00:00,27.6,24.1,81,24.969946577340572
7167,2023-10-26 15:00:00,28.5,23.0,72,24.500584380162014
7168,2023-10-26 16:00:00,26.9,22.5,77,23.724079156811616
7169,2023-10-26 17:00:00,25.6,23.3,87,23.873806939796513
7170,2023-10-26 18:00:00,26.0,23.1,85,23.987453628286733
7171,2023-10-26 19:00:00,24.9,22.6,87,23.189326154952713
7172,2023-10-26 20:00:00,23.6,22.8,95,22.976418465258416
7173,2023-10-26 21:00:00,23.5,22.5,94,22.745011578059245
7174,2023-10-26 22:00:00,23.2,22.3,95,22.57787714797971
7175,2023-10-26 23:00:00,24.0,22.9,94,23.242078261513353
7176,2023-10-27 00:00:00,24.1,23.1,94,23.341491561567256
7177,2023-10-27 01:00:00,24.3,23.1,93,23.40668680748741
7178,2023-10-27 02:00:00,24.2,23.0,93,23.30749810661632
7179,2023-10-27 03:00:00,24.0,22.9,93,23.109120667576917
7180,2023-10-27 04:00:00,24.0,22.8,93,23.109120667576917
7181,2023-10-27 05:00:00,24.0,22.6,92,22.976078320636418
7182,2023-10-27 06:00:00,24.0,22.7,92,22.976078320636418
7183,2023-10-27 07:00:00,23.9,22.7,93,23.0099319293448
7184,2023-10-27 08:00:00,24.2,23.5,96,23.70748213197148
7185,2023-10-27 09:00:00,25.0,24.1,95,24.371311577927347
7186,2023-10-27 10:00:00,25.9,24.0,90,24.58117766880238
7187,2023-10-27 11:00:00,26.6,24.1,86,24.711533112721423
7188,2023-10-27 12:00:00,27.8,24.4,82,25.307008505349135
7189,2023-10-27 13:00:00,28.9,24.1,76,25.478408008223585
7190,2023-10-27 14:00:00,29.4,23.7,71,25.190866377851457
7191,2023-10-27 15:00:00,27.0,22.6,77,23.819269274495586
7192,2023-10-27 16:00:00,26.8,22.9,79,23.915024524768643
7193,2023-10-27 17:00:00,27.0,23.3,80,24.24958325050458
7194,2023-10-27 18:00:00,26.6,23.2,82,24.148665699966468
7195,2023-10-27 19:00:00,25.8,23.2,86,23.93122647163681
7196,2023-10-27 20:00:00,25.5,24.0,92,24.46049913375888
7197,2023-10-27 21:00:00,24.8,24.0,95,24.17204127400362
7198,2023-10-27 22:00:00,24.5,24.0,97,24.140883439271978
7199,2023-10-27 23:00:00,24.3,23.6,96,23.80733674063295
7200,2023-10-28 00:00:00,24.0,23.5,96,23.507772880075336
7201,2023-10-28 01:00:00,23.9,23.1,96,23.40791823678299
7202,2023-10-28 02:00:00,23.9,23.0,95,23.275324327245595
7203,2023-10-28 03:00:00,23.8,22.9,95,23.175689051853272
7204,2023-10-28 04:00:00,23.6,22.8,95,22.976418465258416
7205,2023-10-28 05:00:00,23.6,22.8,95,22.976418465258416
7206,2023-10-28 06:00:00,23.4,22.5,95,22.77714783071502
7207,2023-10-28 07:00:00,23.2,22.4,95,22.57787714797971
7208,2023-10-28 08:00:00,23.7,23.0,96,23.20820891536487
7209,2023-10-28 09:00:00,25.4,23.5,89,23.952036195699282
7210,2023-10-28 10:00:00,26.5,23.5,83,24.192991694633342
7211,2023-10-28 11:00:00,27.2,23.3,79,24.297969469096124
7212,2023-10-28 12:00:00,28.1,22.6,72,24.12555669880882
7213,2023-10-28 13:00:00,28.5,22.4,69,24.0463579541333
7214,2023-10-28 14:00:00,28.7,22.0,67,23.924961374179137
7215,2023-10-28 15:00:00,28.6,22.0,67,23.832743824969846
7216,2023-10-28 16:00:00,28.2,22.0,69,23.767817125271982
7217,2023-10-28 17:00:00,27.4,21.9,72,23.46925748657082
7218,2023-10-28 18:00:00,26.3,22.0,77,23.152938074507315
7219,2023-10-28 19:00:00,25.0,22.4,85,23.014545268814352
7220,2023-10-28 20:00:00,24.6,23.1,92,23.569846985616714
7221,2023-10-28 21:00:00,24.2,22.9,92,23.174001259856773
7222,2023-10-28 22:00:00,24.0,22.8,93,23.109120667576917
7223,2023-10-28 23:00:00,23.5,22.4,94,22.745011578059245
7224,2023-10-29 00:00:00,23.3,22.3,94,22.54618481860849
7225,2023-10-29 01:00:00,23.2,22.2,94,22.446771420313848
7226,2023-10-29 02:00:00,23.0,22.1,94,22.24794458642734
7227,2023-10-29 03:00:00,23.0,22.0,94,22.24794458642734
7228,2023-10-29 04:00:00,22.9,21.9,94,22.14853115077167
7229,2023-10-29 05:00:00,22.8,21.8,94,22.04911770259834
7230,2023-10-29 06:00:00,22.6,21.6,94,21.850290768569874
7231,2023-10-29 07:00:00,22.6,21.5,94,21.850290768569874
7232,2023-10-29 08:00:00,22.9,22.5,97,22.539738957711972
7233,2023-10-29 09:00:00,24.2,22.9,92,23.174001259856773
7234,2023-10-29 10:00:00,26.0,22.9,83,23.709061737763808
7235,2023-10-29 11:00:00,27.2,22.0,73,23.42821175816955
7236,2023-10-29 12:00:00,27.9,21.5,68,23.3385523882847
7237,2023-10-29 13:00:00,28.4,21.4,66,23.494733158013293
7238,2023-10-29 14:00:00,28.0,21.5,67,23.279438046588027
7239,2023-10-29 15:00:00,28.2,21.6,67,23.463873398555897
7240,2023-10-29 16:00:00,28.0,21.5,68,23.431087103186872
7241,2023-10-29 17:00:00,27.1,21.6,72,23.18798609142552
7242,2023-10-29 18:00:00,25.6,22.7,84,23.460217235727264
7243,2023-10-29 19:00:00,24.6,22.2,87,22.89597703384851
7244,2023-10-29 20:00:00,19.7,18.4,92,18.720722277564366
7245,2023-10-29 21:00:00,15.9,13.5,86,14.274849224194309
7246,2023-10-29 22:00:00,14.2,11.2,82,12.178976392436596
7247,2023-10-29 23:00:00,13.6,9.9,78,11.170574713009405
7248,2023-10-30 00:00:00,12.9,8.8,76,10.292371638641148
7249,2023-10-30 01:00:00,12.8,8.1,73,9.884508379504572
7250,2023-10-30 02:00:00,12.4,7.7,73,9.508286335532487
7251,2023-10-30 03:00:00,11.4,6.7,72,8.467810713398014
7252,2023-10-30 04:00:00,10.9,6.1,72,7.9990035002650295
7253,2023-10-30 05:00:00,10.8,5.8,71,7.807302744387583
7254,2023-10-30 06:00:00,10.4,5.6,72,7.53019540973569
7255,2023-10-30 07:00:00,10.1,5.5,73,7.3449993868183014
7256,2023-10-30 08:00:00,8.9,4.9,76,6.495761527367971
7257,2023-10-30 09:00:00,8.9,6.1,82,7.062800748999013
7258,2023-10-30 10:00:00,9.2,6.6,84,7.545405676197284
7259,2023-10-30 11:00:00,9.7,6.7,81,7.737701300577056
7260,2023-10-30 12:00:00,10.1,6.7,79,7.926787907217287
7261,2023-10-30 13:00:00,10.2,6.7,79,8.02252782473702
7262,2023-10-30 14:00:00,11.0,6.3,73,8.19150508849536
7263,2023-10-30 15:00:00,11.1,6.1,72,8.186526489919059
7264,2023-10-30 16:00:00,10.3,5.8,73,7.533112005669846
7265,2023-10-30 17:00:00,10.0,5.3,73,7.250943025192415
7266,2023-10-30 18:00:00,9.6,5.1,73,6.874717227739506
7267,2023-10-30 19:00:00,9.3,5.1,75,6.780850235164495
7268,2023-10-30 20:00:00,8.4,6.8,90,7.343710563282237
7269,2023-10-30 21:00:00,8.5,6.4,87,7.152686177061632
7270,2023-10-30 22:00:00,8.6,7.2,91,7.638110955022288
7271,2023-10-30 23:00:00,8.6,6.4,86,7.154373761151831
7272,2023-10-31 00:00:00,8.8,5.4,80,6.776556169138354
7273,2023-10-31 01:00:00,8.6,5.6,81,6.678712831166685
7274,2023-10-31 02:00:00,8.6,4.6,75,6.118415956403883
7275,2023-10-31 03:00:00,8.8,3.2,68,5.66390331358472
7276,2023-10-31 04:00:00,9.1,1.8,60,5.214822334185561
7277,2023-10-31 05:00:00,8.9,2.2,63,5.303601198422413
7278,2023-10-31 06:00:00,9.1,1.1,58,5.035628714875269
7279,2023-10-31 07:00:00,9.3,0.3,54,4.855153748585355
7280,2023-10-31 08:00:00,8.1,4.9,80,6.104500864867946
7281,2023-10-31 09:00:00,8.5,4.8,77,6.208729134887108
7282,2023-10-31 10:00:00,9.1,4.1,71,6.2184299666853295
7283,2023-10-31 11:00:00,9.9,1.8,57,5.6565320723521975
7284,2023-10-31 12:00:00,10.4,1.0,53,5.72537244726292
7285,2023-10-31 13:00:00,11.1,1.1,50,6.047082686471919
7286,2023-10-31 14:00:00,12.1,1.1,47,6.605096504170813
7287,2023-10-31 15:00:00,12.1,0.9,47,6.605096504170813
7288,2023-10-31 16:00:00,12.9,2.0,48,7.38676813337554
7289,2023-10-31 17:00:00,14.6,1.9,42,8.157268066016915
7290,2023-10-31 18:00:00,13.6,1.1,43,7.442960409812089
7291,2023-10-31 19:00:00,11.9,-0.2,43,6.035113773561088
7292,2023-10-31 20:00:00,10.8,0.1,48,5.5992268238100955
7293,2023-10-31 21:00:00,9.9,-0.1,50,5.0152701053246
7294,2023-10-31 22:00:00,9.1,0.3,54,4.6799173893723705
7295,2023-10-31 23:00:00,8.4,0.8,59,4.498567425401884
7296,2023-11-01 00:00:00,7.9,1.0,62,4.3081823321492365
7297,2023-11-01 01:00:00,7.6,1.2,64,4.207445736394394
7298,2023-11-01 02:00:00,7.1,1.6,68,4.090703099554819
7299,2023-11-01 03:00:00,6.9,1.7,69,3.9907788202678898
7300,2023-11-01 04:00:00,7.0,1.4,68,3.9981614945278707
7301,2023-11-01 05:00:00,6.9,1.1,67,3.8208361476646235
7302,2023-11-01 06:00:00,6.6,0.9,67,3.544161140555387
7303,2023-11-01 07:00:00,6.2,0.5,67,3.1752604280620123
7304,2023-11-01 08:00:00,5.2,0.3,70,2.492565768821642
7305,2023-11-01 09:00:00,7.1,1.2,66,3.9202337115230677
7306,2023-11-01 10:00:00,8.9,1.9,62,5.21384012968635
7307,2023-11-01 11:00:00,10.4,2.6,58,6.194453563389507
7308,2023-11-01 12:00:00,12.0,3.2,55,7.320749118511676
7309,2023-11-01 13:00:00,13.2,3.5,52,8.062698080560121
7310,2023-11-01 14:00:00,14.1,3.5,49,8.517505965140325
7311,2023-11-01 15:00:00,14.6,3.7,48,8.8337965816194
7312,2023-11-01 16:00:00,14.8,3.5,47,8.89135188576401
7313,2023-11-01 17:00:00,14.6,3.2,46,8.609864204736919
7314,2023-11-01 18:00:00,13.6,7.2,65,9.787934643278899
7315,2023-11-01 19:00:00,11.3,4.7,64,7.5834756756675645
7316,2023-11-01 20:00:00,10.1,3.0,61,6.206950095179133
7317,2023-11-01 21:00:00,9.0,1.2,58,4.946487886836609
7318,2023-11-01 22:00:00,8.1,0.8,60,4.316172734610062
7319,2023-11-01 23:00:00,7.5,0.9,63,4.030889815566159
7320,2023-11-02 00:00:00,7.4,1.2,65,4.110275656395473
7321,2023-11-02 01:00:00,7.1,1.0,65,3.835545470594367
7322,2023-11-02 02:00:00,6.3,0.3,65,3.1029292783140434
7323,2023-11-02 03:00:00,5.8,-0.6,63,2.4854394596741356
7324,2023-11-02 04:00:00,5.2,-1.1,63,1.9399822228937094
7325,2023-11-02 05:00:00,4.7,-1.4,65,1.6376861809915901
7326,2023-11-02 06:00:00,4.6,-1.7,64,1.470069839593089
7327,2023-11-02 07:00:00,4.4,-2.0,63,1.2127023672277808
7328,2023-11-02 08:00:00,4.4,-1.6,65,1.3629514482192597
7329,2023-11-02 09:00:00,7.2,0.1,61,3.5906251271144036
7330,2023-11-02 10:00:00,10.1,1.5,56,5.741265664133175
7331,2023-11-02 11:00:00,12.9,1.6,46,7.17805938344457
7332,2023-11-02 12:00:00,14.9,1.3,40,8.171994254011423
7333,2023-11-02 13:00:00,16.0,3.5,43,9.430454962642466
7334,2023-11-02 14:00:00,16.9,4.6,44,10.300131925845372
7335,2023-11-02 15:00:00,17.4,4.9,44,10.716580155798653
7336,2023-11-02 16:00:00,17.5,5.1,44,10.799869541018431
7337,2023-11-02 17:00:00,17.1,4.8,44,10.466711480304133
7338,2023-11-02 18:00:00,16.2,5.8,50,10.432153612149488
7339,2023-11-02 19:00:00,14.4,5.6,56,9.54205170476567
7340,2023-11-02 20:00:00,15.0,3.0,44,8.717607993978136
7341,2023-11-02 21:00:00,14.5,2.9,46,8.525641132237272
7342,2023-11-02 22:00:00,13.9,4.0,51,8.562587665796539
7343,2023-11-02 23:00:00,13.6,4.7,55,8.728847071479153
7344,2023-11-03 00:00:00,12.6,5.2,60,8.360049849683676
7345,2023-11-03 01:00:00,13.5,5.6,59,9.063301896637022
7346,2023-11-03 02:00:00,12.1,5.9,66,8.515337809695177
7347,2023-11-03 03:00:00,11.1,7.2,77,8.683776723762586
7348,2023-11-03 04:00:00,10.6,7.1,79,8.405487214033146
7349,2023-11-03 05:00:00,9.5,6.6,82,7.641993968095523
7350,2023-11-03 06:00:00,9.3,6.0,80,7.256594813569436
7351,2023-11-03 07:00:00,9.2,5.3,76,6.780509011381637
7352,2023-11-03 08:00:00,10.4,5.1,69,7.240633223140064
7353,2023-11-03 09:00:00,13.6,6.2,61,9.364521778294186
7354,2023-11-03 10:00:00,15.8,8.4,62,11.4627376110191
7355,2023-11-03 11:00:00,18.4,9.9,58,13.325471307762161
7356,2023-11-03 12:00:00,20.0,10.5,54,14.22990455601073
7357,2023-11-03 13:00:00,21.1,11.0,52,14.920748372201118
7358,2023-11-03 14:00:00,22.1,11.1,50,15.504856361329345
7359,2023-11-03 15:00:00,22.6,11.1,48,15.643054045611748
7360,2023-11-03 16:00:00,22.6,11.5,49,15.78936149936126
7361,2023-11-03 17:00:00,22.0,12.4,54,15.982123106719701
7362,2023-11-03 18:00:00,20.4,13.2,64,15.886428555267607
7363,2023-11-03 19:00:00,17.8,12.9,73,14.587243357878023
7364,2023-11-03 20:00:00,17.4,14.5,83,15.385401183337937
7365,2023-11-03 21:00:00,16.4,14.6,89,15.108312845998451
7366,2023-11-03 22:00:00,15.6,14.4,92,14.663265072910473
7367,2023-11-03 23:00:00,14.9,14.0,94,14.195412799239016
7368,2023-11-04 00:00:00,14.1,13.4,96,13.62210195775808
7369,2023-11-04 01:00:00,14.1,13.5,96,13.62210195775808
7370,2023-11-04 02:00:00,14.2,13.7,97,13.833460530569251
7371,2023-11-04 03:00:00,13.7,13.5,99,13.554543264877513
7372,2023-11-04 04:00:00,13.6,13.4,99,13.454044154559039
7373,2023-11-04 05:00:00,13.4,13.1,99,13.253045891863557
7374,2023-11-04 06:00:00,13.2,12.9,98,12.942281374003219
7375,2023-11-04 07:00:00,13.5,13.1,98,13.24314305628425
7376,2023-11-04 08:00:00,14.4,13.9,97,14.033606006614765
7377,2023-11-04 09:00:00,18.4,16.5,89,17.073595510447344
7378,2023-11-04 10:00:00,21.5,18.0,81,19.0975767288901
7379,2023-11-04 11:00:00,23.5,17.5,69,19.403984004867198
7380,2023-11-04 12:00:00,24.6,17.0,63,19.575545880061064
7381,2023-11-04 13:00:00,25.2,16.5,59,19.53486224283678
7382,2023-11-04 14:00:00,25.5,16.2,56,19.35293256027241
7383,2023-11-04 15:00:00,25.2,16.1,57,19.237589400133608
7384,2023-11-04 16:00:00,24.7,16.0,58,18.940939395467076
7385,2023-11-04 17:00:00,24.1,16.2,62,18.97926178335773
7386,2023-11-04 18:00:00,23.0,16.6,68,18.80432212079325
7387,2023-11-04 19:00:00,21.0,17.0,78,18.235130645901858
7388,2023-11-04 20:00:00,20.6,17.5,82,18.35691636870421
7389,2023-11-04 21:00:00,19.5,17.8,90,18.27724657555881
7390,2023-11-04 22:00:00,18.5,17.5,94,17.774327115816934
7391,2023-11-04 23:00:00,18.2,17.4,95,17.59609367015572
7392,2023-11-05 00:00:00,18.1,17.4,96,17.616328084206884
7393,2023-11-05 01:00:00,17.8,17.2,96,17.316761901040564
7394,2023-11-05 02:00:00,17.7,17.1,97,17.335998233812003
7395,2023-11-05 03:00:00,17.0,16.6,98,16.75318669001153
7396,2023-11-05 04:00:00,16.3,16.1,99,16.167515336065346
7397,2023-11-05 05:00:00,16.4,16.1,98,16.1514661102257
7398,2023-11-05 06:00:00,16.1,15.9,99,15.96651780531819
7399,2023-11-05 07:00:00,16.2,15.9,98,15.950892477151474
7400,2023-11-05 08:00:00,16.8,16.8,100,16.670008935219297
7401,2023-11-05 09:00:00,18.8,18.5,98,18.55834561842749
7402,2023-11-05 10:00:00,21.2,20.1,94,20.4585008028256
7403,2023-11-05 11:00:00,23.8,20.0,79,21.042928613181623
7404,2023-11-05 12:00:00,25.1,18.7,68,20.747570899492036
7405,2023-11-05 13:00:00,26.1,17.8,60,20.49111055246778
7406,2023-11-05 14:00:00,26.6,17.1,56,20.325153707127367
7407,2023-11-05 15:00:00,27.0,16.6,53,20.203018939458662
7408,2023-11-05 16:00:00,27.0,15.9,51,19.880589459399715
7409,2023-11-05 17:00:00,25.7,16.2,56,19.52970036869625
7410,2023-11-05 18:00:00,24.0,15.9,61,18.74669996136216
7411,2023-11-05 19:00:00,22.5,16.3,68,18.34164214503242
7412,2023-11-05 20:00:00,22.5,17.2,72,18.875133823862445
7413,2023-11-05 21:00:00,22.0,18.0,79,19.319663202438328
7414,2023-11-05 22:00:00,21.6,18.2,81,19.193845612316952
7415,2023-11-05 23:00:00,20.4,18.2,88,18.91398592019493
7416,2023-11-06 00:00:00,20.1,18.1,88,18.619910370705444
7417,2023-11-06 01:00:00,19.6,17.9,90,18.3757459517494
7418,2023-11-06 02:00:00,19.2,17.7,91,18.10381450033886
7419,2023-11-06 03:00:00,19.0,17.5,91,17.906350118185127
7420,2023-11-06 04:00:00,19.0,17.4,90,17.784749465309343
7421,2023-11-06 05:00:00,19.0,17.1,89,17.663179033989717
7422,2023-11-06 06:00:00,18.6,16.6,88,17.149530462148892
7423,2023-11-06 07:00:00,18.8,16.5,87,17.224533918967424
7424,2023-11-06 08:00:00,18.1,16.7,92,17.137327366324023
7425,2023-11-06 09:00:00,20.1,17.5,85,18.247271782850458
7426,2023-11-06 10:00:00,22.1,18.5,80,19.545373892496716
7427,2023-11-06 11:00:00,24.6,18.9,70,20.56529661807932
7428,2023-11-06 12:00:00,26.1,17.6,60,20.49111055246778
7429,2023-11-06 13:00:00,27.0,16.5,53,20.203018939458662
7430,2023-11-06 14:00:00,27.3,15.9,50,19.97555664065831
7431,2023-11-06 15:00:00,27.4,15.1,47,19.559834572936253
7432,2023-11-06 16:00:00,27.5,15.2,47,19.64450136444106
7433,2023-11-06 17:00:00,27.1,15.8,50,19.803608956281426
7434,2023-11-06 18:00:00,25.2,16.3,58,19.38660500010706
7435,2023-11-06 19:00:00,23.5,15.7,62,18.435906654479577
7436,2023-11-06 20:00:00,22.9,17.3,71,19.116067070922444
7437,2023-11-06 21:00:00,22.2,17.5,75,18.988311613168833
7438,2023-11-06 22:00:00,21.5,17.7,79,18.84097726424442
7439,2023-11-06 23:00:00,20.9,17.6,82,18.646505326427153
7440,2023-11-07 00:00:00,20.3,17.5,84,18.317071147343512
7441,2023-11-07 01:00:00,19.9,17.6,87,18.300156536081975
7442,2023-11-07 02:00:00,19.3,17.7,90,18.080247777444185
7443,2023-11-07 03:00:00,18.9,17.6,92,17.929025291121835
7444,2023-11-07 04:00:00,18.8,17.5,93,17.951288938837138
7445,2023-11-07 05:00:00,18.7,17.5,93,17.85209950444732
7446,2023-11-07 06:00:00,18.8,17.6,93,17.951288938837138
7447,2023-11-07 07:00:00,19.0,17.9,93,18.14966776472551
7448,2023-11-07 08:00:00,19.8,18.9,95,19.190267924075
7449,2023-11-07 09:00:00,21.6,20.0,91,20.47338251528782
7450,2023-11-07 10:00:00,24.0,21.0,83,21.773337995826093
7451,2023-11-07 11:00:00,26.5,20.8,71,22.480582657909395
7452,2023-11-07 12:00:00,27.8,19.5,61,22.174707726608435
7453,2023-11-07 13:00:00,28.6,18.9,56,22.092817636375532
7454,2023-11-07 14:00:00,29.4,18.1,51,21.95402513892254
7455,2023-11-07 15:00:00,28.2,19.9,61,22.535548154674622
7456,2023-11-07 16:00:00,27.0,20.2,66,22.20818973995762
7457,2023-11-07 17:00:00,26.9,19.9,66,22.11629359765074
7458,2023-11-07 18:00:00,25.7,20.0,71,21.732915057098435
7459,2023-11-07 19:00:00,24.5,19.9,75,21.164792864747984
7460,2023-11-07 20:00:00,23.6,20.0,80,20.985442486953477
7461,2023-11-07 21:00:00,23.5,20.0,81,21.02295094030664
7462,2023-11-07 22:00:00,23.2,19.6,80,20.601424598098813
7463,2023-11-07 23:00:00,22.3,19.2,83,20.12796769439755
7464,2023-11-08 00:00:00,21.6,19.0,85,19.706645354867014
7465,2023-11-08 01:00:00,21.3,18.9,86,19.54198396177058
7466,2023-11-08 02:00:00,21.1,18.8,86,19.346905785372474
7467,2023-11-08 03:00:00,20.9,18.7,88,19.40411152260763
7468,2023-11-08 04:00:00,20.8,18.6,87,19.180209928535415
7469,2023-11-08 05:00:00,20.9,18.5,86,19.151827543864417
7470,2023-11-08 06:00:00,20.6,18.5,88,19.110036207954064
7471,2023-11-08 07:00:00,21.1,18.7,86,19.346905785372474
7472,2023-11-08 08:00:00,21.9,19.8,88,20.38436157141825
7473,2023-11-08 09:00:00,23.0,20.0,83,20.805473698639915
7474,2023-11-08 10:00:00,24.8,20.2,76,21.587038080702445
7475,2023-11-08 11:00:00,26.2,19.8,68,21.76545870730042
7476,2023-11-08 12:00:00,27.5,19.4,61,21.90407710606478
7477,2023-11-08 13:00:00,28.3,18.9,57,21.989185339076407
7478,2023-11-08 14:00:00,28.8,18.4,53,21.77280442246961
7479,2023-11-08 15:00:00,29.0,18.2,52,21.778475465771788
7480,2023-11-08 16:00:00,28.5,17.9,53,21.511174352123668
7481,2023-11-08 17:00:00,27.9,17.8,54,21.151066672449048
7482,2023-11-08 18:00:00,26.8,17.9,58,20.8127291780351
7483,2023-11-08 19:00:00,24.8,18.1,66,20.186468721375284
7484,2023-11-08 20:00:00,23.1,18.4,75,19.83997951764181
7485,2023-11-08 21:00:00,22.3,18.0,76,19.214235668333888
7486,2023-11-08 22:00:00,21.6,17.9,79,18.93671449104737
7487,2023-11-08 23:00:00,21.0,18.5,85,19.122896380682466
7488,2023-11-09 00:00:00,20.5,18.9,91,19.3873315418428
7489,2023-11-09 01:00:00,20.4,18.9,91,19.288599549380585
7490,2023-11-09 02:00:00,20.1,18.7,91,18.992403485050463
7491,2023-11-09 03:00:00,19.9,18.5,92,18.918646379915195
7492,2023-11-09 04:00:00,20.2,18.8,91,19.091135521023507
7493,2023-11-09 05:00:00,20.0,18.6,91,18.893671434495392
7494,2023-11-09 06:00:00,19.6,18.2,92,18.621760204885693
7495,2023-11-09 07:00:00,19.4,18.0,92,18.423836016328828
7496,2023-11-09 08:00:00,20.9,20.1,95,20.286260752045504
7497,2023-11-09 09:00:00,22.0,20.5,91,20.868309719140797
7498,2023-11-09 10:00:00,22.0,21.0,93,21.125343487356076
7499,2023-11-09 11:00:00,22.8,21.0,90,21.527718190484894
7500,2023-11-09 12:00:00,23.0,21.0,88,21.46263488654246
7501,2023-11-09 13:00:00,24.2,21.3,84,22.10165475807771
7502,2023-11-09 14:00:00,25.4,20.5,75,22.01645647606959
7503,2023-11-09 15:00:00,26.5,20.0,68,22.04306396640421
7504,2023-11-09 16:00:00,26.0,20.0,69,21.72517827262641
7505,2023-11-09 17:00:00,24.5,20.3,77,21.43951086280806
7506,2023-11-09 18:00:00,23.9,20.5,81,21.40802492835916
7507,2023-11-09 19:00:00,23.0,21.6,92,21.986462850510634
7508,2023-11-09 20:00:00,22.0,21.5,97,21.639093889117742
7509,2023-11-09 21:00:00,21.9,21.5,98,21.667221009089413
7510,2023-11-09 22:00:00,21.9,21.2,96,21.410822895373066
7511,2023-11-09 23:00:00,21.7,21.1,97,21.338878653720908
7512,2023-11-10 00:00:00,21.5,20.9,96,21.01140324921004
7513,2023-11-10 01:00:00,21.3,20.6,96,20.811693352292437
7514,2023-11-10 02:00:00,21.1,20.4,95,20.48553200702578
7515,2023-11-10 03:00:00,20.8,20.3,97,20.438232298568924
7516,2023-11-10 04:00:00,19.0,18.1,95,18.393181229051923
7517,2023-11-10 05:00:00,18.1,17.5,96,17.616328084206884
7518,2023-11-10 06:00:00,17.9,17.5,98,17.655766674450515
7519,2023-11-10 07:00:00,18.0,17.4,96,17.51647270332733
7520,2023-11-10 08:00:00,17.4,16.5,95,16.799005228942622
7521,2023-11-10 09:00:00,16.9,15.9,94,16.183700885542674
7522,2023-11-10 10:00:00,16.4,15.5,94,15.686629426387153
7523,2023-11-10 11:00:00,16.1,14.9,93,15.273169058657917
7524,2023-11-10 12:00:00,17.4,14.6,84,15.502876360935328
7525,2023-11-10 13:00:00,16.9,14.5,86,15.250248456024384
7526,2023-11-10 14:00:00,16.8,14.3,85,15.036636038710888
7527,2023-11-10 15:00:00,17.2,14.4,83,15.191826077338785
7528,2023-11-10 16:00:00,17.0,14.0,83,14.99825089183324
7529,2023-11-10 17:00:00,16.9,13.6,81,14.669187096223197
7530,2023-11-10 18:00:00,16.5,13.1,80,14.169078861876237
7531,2023-11-10 19:00:00,16.3,12.6,79,13.862612872655319
7532,2023-11-10 20:00:00,13.8,11.9,89,12.55343510643873
7533,2023-11-10 21:00:00,13.6,12.0,90,12.465754913186316
7534,2023-11-10 22:00:00,13.4,11.9,90,12.268754155928104
7535,2023-11-10 23:00:00,13.5,11.8,89,12.258640737890527
7536,2023-11-11 00:00:00,13.6,11.8,89,12.356905545902823
7537,2023-11-11 01:00:00,13.6,11.9,89,12.356905545902823
7538,2023-11-11 02:00:00,13.8,11.9,89,12.55343510643873
7539,2023-11-11 03:00:00,13.9,11.9,87,12.433098321030958
7540,2023-11-11 04:00:00,14.0,11.9,87,12.530883166091698
7541,2023-11-11 05:00:00,14.2,12.1,87,12.726452798046651
7542,2023-11-11 06:00:00,14.3,12.1,87,12.824237585055691
7543,2023-11-11 07:00:00,14.4,12.2,86,12.811746815022115
7544,2023-11-11 08:00:00,13.9,11.9,88,12.542315270428094
7545,2023-11-11 09:00:00,14.2,12.1,87,12.726452798046651
7546,2023-11-11 10:00:00,14.7,12.4,86,13.104367646222023
7547,2023-11-11 11:00:00,15.2,12.6,84,13.36795927885722
7548,2023-11-11 12:00:00,15.6,12.9,84,13.756126739569787
7549,2023-11-11 13:00:00,16.8,13.4,81,14.572917277571253
7550,2023-11-11 14:00:00,17.5,13.8,79,15.011471386134165
7551,2023-11-11 15:00:00,17.6,13.9,79,15.107209449288142
7552,2023-11-11 16:00:00,17.5,13.9,79,15.011471386134165
7553,2023-11-11 17:00:00,17.6,14.0,79,15.107209449288142
7554,2023-11-11 18:00:00,17.5,13.9,80,15.129136333438712
7555,2023-11-11 19:00:00,17.1,13.9,81,14.861726669661028
7556,2023-11-11 20:00:00,15.4,12.6,83,13.44964648739126
7557,2023-11-11 21:00:00,15.4,12.8,84,13.562043049934154
7558,2023-11-11 22:00:00,15.4,12.8,84,13.562043049934154
7559,2023-11-11 23:00:00,15.4,12.9,85,13.674542022924108
7560,2023-11-12 00:00:00,15.4,12.9,85,13.674542022924108
7561,2023-11-12 01:00:00,15.4,13.1,86,13.787148903017457
7562,2023-11-12 02:00:00,15.6,13.1,85,13.869127115693015
7563,2023-11-12 03:00:00,15.7,13.1,85,13.966419632587506
7564,2023-11-12 04:00:00,15.9,13.1,84,14.047252122390649
7565,2023-11-12 05:00:00,15.7,13.2,85,13.966419632587506
7566,2023-11-12 06:00:00,15.7,13.2,85,13.966419632587506
7567,2023-11-12 07:00:00,15.8,13.3,85,14.06371212990003
7568,2023-11-12 08:00:00,15.0,13.2,89,13.732610938377011
7569,2023-11-12 09:00:00,15.2,13.4,89,13.929139992405528
7570,2023-11-12 10:00:00,15.6,13.4,87,14.095438086157337
7571,2023-11-12 11:00:00,15.8,13.6,87,14.29100711328952
7572,2023-11-12 12:00:00,16.0,13.8,87,14.486576066795887
7573,2023-11-12 13:00:00,16.7,14.6,87,15.171066830414418
7574,2023-11-12 14:00:00,17.5,14.9,84,15.599917821254202
7575,2023-11-12 15:00:00,18.6,15.6,82,16.426318986960954
7576,2023-11-12 16:00:00,18.6,16.0,85,16.78789433456244
7577,2023-11-12 17:00:00,18.2,16.6,91,17.116491985314127
7578,2023-11-12 18:00:00,17.5,16.2,92,16.543553294559217
7579,2023-11-12 19:00:00,17.1,15.8,92,16.147703609321166
7580,2023-11-12 20:00:00,17.1,15.9,93,16.265066576255464
7581,2023-11-12 21:00:00,16.6,15.2,92,15.652891155980225
7582,2023-11-12 22:00:00,16.4,15.1,92,15.454966065657857
7583,2023-11-12 23:00:00,16.4,15.2,93,15.570738473715373
7584,2023-11-13 00:00:00,16.2,15.3,94,15.487800738978148
7585,2023-11-13 01:00:00,16.1,15.2,94,15.388386372880671
7586,2023-11-13 02:00:00,15.9,14.8,93,15.07478937169645
7587,2023-11-13 03:00:00,15.6,14.4,93,14.77721972501963
7588,2023-11-13 04:00:00,15.2,14.1,93,14.38045997734135
7589,2023-11-13 05:00:00,15.1,13.9,93,14.281270001065575
7590,2023-11-13 06:00:00,15.1,14.1,93,14.281270001065575
7591,2023-11-13 07:00:00,15.1,14.1,93,14.281270001065575
7592,2023-11-13 08:00:00,15.9,15.1,95,15.304461957079564
7593,2023-11-13 09:00:00,16.1,15.3,95,15.503734581039755
7594,2023-11-13 10:00:00,16.2,15.4,95,15.603370871127087
7595,2023-11-13 11:00:00,16.4,15.6,95,15.802643407712747
7596,2023-11-13 12:00:00,16.5,15.6,94,15.786043747779733
7597,2023-11-13 13:00:00,16.9,15.6,92,15.94977867447864
7598,2023-11-13 14:00:00,17.9,15.5,86,16.22564585240323
7599,2023-11-13 15:00:00,17.5,15.4,87,15.953340913935126
7600,2023-11-13 16:00:00,17.2,15.8,91,16.129167934521245
7601,2023-11-13 17:00:00,17.0,15.8,93,16.16587689259861
7602,2023-11-13 18:00:00,16.7,15.4,92,15.751853677701334
7603,2023-11-13 19:00:00,16.4,15.1,92,15.454966065657857
7604,2023-11-13 20:00:00,16.0,15.1,94,15.28897199180027
7605,2023-11-13 21:00:00,15.8,15.1,96,15.319650845008379
7606,2023-11-13 22:00:00,15.9,15.1,95,15.304461957079564
7607,2023-11-13 23:00:00,15.8,14.9,95,15.204825623127693
7608,2023-11-14 00:00:00,15.7,14.6,93,14.876409622800207
7609,2023-11-14 01:00:00,15.5,14.2,92,14.564302377051206
7610,2023-11-14 02:00:00,15.3,13.9,91,14.253247851760428
7611,2023-11-14 03:00:00,15.0,13.6,91,13.9570494027017
7612,2023-11-14 04:00:00,14.5,13.4,93,13.686129809436448
7613,2023-11-14 05:00:00,14.1,13.1,94,13.40009584921971
7614,2023-11-14 06:00:00,13.9,13.1,95,13.311732438731621
7615,2023-11-14 07:00:00,13.9,13.0,94,13.201266454287268
7616,2023-11-14 08:00:00,15.1,13.6,90,13.943258328099027
7617,2023-11-14 09:00:00,15.2,14.1,93,14.38045997734135
7618,2023-11-14 10:00:00,16.6,14.4,86,14.957628881639334
7619,2023-11-14 11:00:00,17.4,14.6,84,15.502876360935328
7620,2023-11-14 12:00:00,18.8,14.9,78,16.13487028986888
7621,2023-11-14 13:00:00,19.6,15.0,75,16.527927580844864
7622,2023-11-14 14:00:00,20.1,15.0,72,16.624930558401676
7623,2023-11-14 15:00:00,20.4,15.0,71,16.779579692991703
7624,2023-11-14 16:00:00,20.5,14.6,69,16.61852990896237
7625,2023-11-14 17:00:00,20.5,14.3,68,16.490915383483493
7626,2023-11-14 18:00:00,20.0,14.6,71,16.405740227605126
7627,2023-11-14 19:00:00,18.9,14.4,75,15.865513820407731
7628,2023-11-14 20:00:00,18.1,14.6,80,15.705169776507102
7629,2023-11-14 21:00:00,17.8,14.4,81,15.53561451288622
7630,2023-11-14 22:00:00,17.7,14.4,81,15.43934488370429
7631,2023-11-14 23:00:00,17.1,14.4,84,15.211751864675474
7632,2023-11-15 00:00:00,17.1,14.6,85,15.328512839179869
7633,2023-11-15 01:00:00,16.9,14.6,86,15.250248456024384
7634,2023-11-15 02:00:00,16.5,14.6,88,15.09099231326043
7635,2023-11-15 03:00:00,16.3,14.4,89,15.010048536631633
7636,2023-11-15 04:00:00,15.1,14.1,94,14.394241881047588
7637,2023-11-15 05:00:00,14.2,13.6,96,13.721957892588982
7638,2023-11-15 06:00:00,13.4,12.9,96,12.923109992119148
7639,2023-11-15 07:00:00,13.1,12.4,96,12.623541778590752
7640,2023-11-15 08:00:00,12.1,11.3,95,11.518270584917612
7641,2023-11-15 09:00:00,13.9,11.9,87,12.433098321030958
7642,2023-11-15 10:00:00,16.0,11.9,77,13.34823704023838
7643,2023-11-15 11:00:00,18.0,11.8,67,14.057537795271319
7644,2023-11-15 12:00:00,19.7,11.8,60,14.74018036259383
7645,2023-11-15 13:00:00,21.0,11.6,55,15.241109520159341
7646,2023-11-15 14:00:00,21.9,12.1,54,15.894512624136375
7647,2023-11-15 15:00:00,22.2,12.8,55,16.297126448448303
7648,2023-11-15 16:00:00,22.5,13.1,55,16.561129691209114
7649,2023-11-15 17:00:00,22.3,12.9,55,16.385127572598677
7650,2023-11-15 18:00:00,20.6,13.4,64,16.06890757775317
7651,2023-11-15 19:00:00,18.8,13.7,72,15.406064371199168
7652,2023-11-15 20:00:00,17.4,14.2,82,15.267956815826128
7653,2023-11-15 21:00:00,17.4,13.9,80,15.03313068447072
7654,2023-11-15 22:00:00,16.9,13.4,80,14.553102113687451
7655,2023-11-15 23:00:00,16.4,12.6,78,13.843664973247051
7656,2023-11-16 00:00:00,15.9,12.2,79,13.479659301669585
7657,2023-11-16 01:00:00,15.8,12.2,79,13.383920850618082
7658,2023-11-16 02:00:00,15.7,12.3,80,13.401031285710907
7659,2023-11-16 03:00:00,15.6,12.4,81,13.417677767449526
7660,2023-11-16 04:00:00,15.6,12.4,81,13.417677767449526
7661,2023-11-16 05:00:00,15.6,12.4,81,13.417677767449526
7662,2023-11-16 06:00:00,15.6,12.4,81,13.417677767449526
7663,2023-11-16 07:00:00,15.7,12.5,81,13.513947847007344
7664,2023-11-16 08:00:00,15.2,13.2,88,13.816655329414491
7665,2023-11-16 09:00:00,15.6,13.4,87,14.095438086157337
7666,2023-11-16 10:00:00,16.2,13.6,85,14.452881924491262
7667,2023-11-16 11:00:00,17.0,14.0,82,14.88183544575676
7668,2023-11-16 12:00:00,17.9,14.3,79,15.394423505931112
7669,2023-11-16 13:00:00,18.7,14.6,77,15.91842370367657
7670,2023-11-16 14:00:00,19.2,14.8,76,16.2719422773978
7671,2023-11-16 15:00:00,19.5,15.0,75,16.433297115099904
7672,2023-11-16 16:00:00,19.5,15.0,75,16.433297115099904
7673,2023-11-16 17:00:00,19.7,15.1,75,16.6225580229709
7674,2023-11-16 18:00:00,19.5,15.0,75,16.433297115099904
7675,2023-11-16 19:00:00,19.1,16.4,84,17.152578623508745
7676,2023-11-16 20:00:00,17.0,13.9,82,14.88183544575676
7677,2023-11-16 21:00:00,16.8,13.9,83,14.804675626343371
7678,2023-11-16 22:00:00,16.6,13.9,84,14.726543983126902
7679,2023-11-16 23:00:00,16.5,14.1,86,14.86008898655447
7680,2023-11-17 00:00:00,16.5,14.0,85,14.744759067653654
7681,2023-11-17 01:00:00,16.5,14.1,86,14.86008898655447
7682,2023-11-17 02:00:00,15.9,14.2,90,14.731258553946102
7683,2023-11-17 03:00:00,14.6,13.8,95,14.009188457537302
7684,2023-11-17 04:00:00,14.2,13.6,96,13.721957892588982
7685,2023-11-17 05:00:00,13.5,13.1,97,13.132950904240449
7686,2023-11-17 06:00:00,13.0,12.6,98,12.741706846500616
7687,2023-11-17 07:00:00,12.4,12.1,99,12.248053727400425
7688,2023-11-17 08:00:00,12.4,12.4,100,12.248053727400425
7689,2023-11-17 09:00:00,14.8,13.9,95,14.20846146843947
7690,2023-11-17 10:00:00,16.8,14.8,88,15.385069654139947
7691,2023-11-17 11:00:00,18.8,15.6,82,16.619379071084236
7692,2023-11-17 12:00:00,20.4,16.0,76,17.410897084580117
7693,2023-11-17 13:00:00,21.8,15.6,68,17.693889043415947
7694,2023-11-17 14:00:00,22.7,15.8,65,18.120993943656433
7695,2023-11-17 15:00:00,23.2,16.0,64,18.44112318091527
7696,2023-11-17 16:00:00,23.5,16.1,63,18.57563018024767
7697,2023-11-17 17:00:00,23.4,16.2,64,18.623600435928353
7698,2023-11-17 18:00:00,22.0,17.9,78,19.18979110560889
7699,2023-11-17 19:00:00,21.5,16.4,72,17.937550849908103
7700,2023-11-17 20:00:00,19.5,16.5,83,17.41793511319356
7701,2023-11-17 21:00:00,19.3,16.5,84,17.346660890828304
7702,2023-11-17 22:00:00,18.5,16.4,88,17.051505004561587
7703,2023-11-17 23:00:00,18.5,16.2,87,16.93118194418803
7704,2023-11-18 00:00:00,18.5,15.2,81,16.209501340124632
7705,2023-11-18 01:00:00,18.3,14.8,80,15.897180754058162
7706,2023-11-18 02:00:00,18.2,14.6,79,15.681637364780212
7707,2023-11-18 03:00:00,18.2,14.6,79,15.681637364780212
7708,2023-11-18 04:00:00,18.4,14.6,79,15.873113161696548
7709,2023-11-18 05:00:00,18.0,14.6,81,15.728153709112686
7710,2023-11-18 06:00:00,18.0,14.7,81,15.728153709112686
7711,2023-11-18 07:00:00,17.9,14.6,81,15.631884121334743
7712,2023-11-18 08:00:00,17.6,15.8,89,16.28748324008045
7713,2023-11-18 09:00:00,18.1,15.8,86,16.420725116079023
7714,2023-11-18 10:00:00,18.7,15.8,83,16.643637466754672
7715,2023-11-18 11:00:00,20.0,15.5,76,17.031245845322804
7716,2023-11-18 12:00:00,21.0,15.3,70,17.21168182612117
7717,2023-11-18 13:00:00,22.2,15.3,65,17.663140694207254
7718,2023-11-18 14:00:00,22.7,15.1,62,17.71143135355679
7719,2023-11-18 15:00:00,23.1,14.8,59,17.655391623763432
7720,2023-11-18 16:00:00,23.3,14.2,57,17.55111050518942
7721,2023-11-18 17:00:00,23.1,13.9,56,17.2317070152727
7722,2023-11-18 18:00:00,21.1,16.7,76,18.075285896578077
7723,2023-11-18 19:00:00,18.9,14.8,77,16.108807221580165
7724,2023-11-18 20:00:00,17.6,12.9,74,14.517251966056879
7725,2023-11-18 21:00:00,16.2,12.7,80,13.881061189618325
7726,2023-11-18 22:00:00,15.2,12.8,85,13.479956851122939
7727,2023-11-18 23:00:00,14.5,12.7,89,13.241287991311761
7728,2023-11-19 00:00:00,14.1,12.5,90,12.958256492529461
7729,2023-11-19 01:00:00,13.9,12.4,91,12.870987120167701
7730,2023-11-19 02:00:00,13.6,12.4,92,12.684008045277274
7731,2023-11-19 03:00:00,13.3,12.2,93,12.49584767789862
7732,2023-11-19 04:00:00,12.9,12.0,94,12.207118517389436
7733,2023-11-19 05:00:00,12.9,12.0,94,12.207118517389436
7734,2023-11-19 06:00:00,12.6,11.9,95,12.016454951055362
7735,2023-11-19 07:00:00,12.6,11.9,96,12.124261114167574
7736,2023-11-19 08:00:00,14.1,13.4,96,13.62210195775808
7737,2023-11-19 09:00:00,16.4,15.2,93,15.570738473715373
7738,2023-11-19 10:00:00,18.4,16.5,89,17.073595510447344
7739,2023-11-19 11:00:00,20.3,16.2,78,17.566867101548013
7740,2023-11-19 12:00:00,21.6,15.8,69,17.639865863248946
7741,2023-11-19 13:00:00,22.0,15.0,65,17.479999184060034
7742,2023-11-19 14:00:00,22.1,14.9,64,17.437496099680878
7743,2023-11-19 15:00:00,22.3,14.7,62,17.349192917057575
7744,2023-11-19 16:00:00,22.4,14.8,62,17.439752575949907
7745,2023-11-19 17:00:00,21.8,14.8,64,17.163778971163236
7746,2023-11-19 18:00:00,20.5,15.1,71,16.87303949365472
7747,2023-11-19 19:00:00,19.3,14.9,75,16.244036112452715
7748,2023-11-19 20:00:00,19.4,15.1,76,16.461768306982567
7749,2023-11-19 21:00:00,19.4,15.2,77,16.584765620821184
7750,2023-11-19 22:00:00,19.0,15.1,78,16.325803479724186
7751,2023-11-19 23:00:00,19.2,15.6,79,16.63901548903778
7752,2023-11-20 00:00:00,19.0,15.8,81,16.690848463650656
7753,2023-11-20 01:00:00,19.1,16.2,83,17.030786440276582
7754,2023-11-20 02:00:00,18.9,16.6,87,17.322317876726952
7755,2023-11-20 03:00:00,18.8,17.3,91,17.70888567593595
7756,2023-11-20 04:00:00,18.7,17.6,94,17.97315513860985
7757,2023-11-20 05:00:00,18.9,18.0,95,18.293545331806218
7758,2023-11-20 06:00:00,19.4,18.5,95,18.791724683415016
7759,2023-11-20 07:00:00,19.3,18.4,95,18.69208883994654
7760,2023-11-20 08:00:00,20.8,20.0,95,20.186625105305293
7761,2023-11-20 09:00:00,21.9,21.0,94,21.154396100397886
7762,2023-11-20 10:00:00,22.8,21.9,94,22.04911770259834
7763,2023-11-20 11:00:00,23.3,21.0,87,21.624795999249844
7764,2023-11-20 12:00:00,21.5,20.3,93,20.62939838104901
7765,2023-11-20 13:00:00,24.6,22.3,87,22.89597703384851
7766,2023-11-20 14:00:00,26.5,22.0,76,23.200536692424446
7767,2023-11-20 15:00:00,26.5,20.8,71,22.480582657909395
7768,2023-11-20 16:00:00,25.0,20.6,76,21.7768617342167
7769,2023-11-20 17:00:00,22.9,20.1,85,20.971432773414488
7770,2023-11-20 18:00:00,22.3,20.6,90,21.035223500402473
7771,2023-11-20 19:00:00,22.1,20.8,92,21.09580780411493
7772,2023-11-20 20:00:00,20.8,20.0,95,20.186625105305293
7773,2023-11-20 21:00:00,21.0,20.2,95,20.38589638594127
7774,2023-11-20 22:00:00,20.5,18.9,91,19.3873315418428
7775,2023-11-20 23:00:00,18.9,13.8,72,15.499823466498302
7776,2023-11-21 00:00:00,17.2,12.0,71,13.788851759073601
7777,2023-11-21 01:00:00,16.8,11.6,72,13.53087673620437
7778,2023-11-21 02:00:00,16.7,11.6,72,13.437117060900466
7779,2023-11-21 03:00:00,16.5,11.5,73,13.36453916015381
7780,2023-11-21 04:00:00,15.9,11.1,73,12.800212568257976
7781,2023-11-21 05:00:00,15.2,9.7,70,11.808561457376836
7782,2023-11-21 06:00:00,14.2,8.5,68,10.661046681046171
7783,2023-11-21 07:00:00,13.4,7.8,69,10.02618345528192
7784,2023-11-21 08:00:00,13.4,6.8,64,9.499571599204302
7785,2023-11-21 09:00:00,13.5,6.8,64,9.590813775332435
7786,2023-11-21 10:00:00,14.1,6.8,61,9.815598428265686
7787,2023-11-21 11:00:00,14.4,6.3,58,9.760004708812843
7788,2023-11-21 12:00:00,15.0,6.1,55,9.960919731624479
7789,2023-11-21 13:00:00,15.4,5.9,53,10.086276457223889
7790,2023-11-21 14:00:00,15.9,5.7,51,10.29059239598049
7791,2023-11-21 15:00:00,15.9,6.1,52,10.406632052387355
7792,2023-11-21 16:00:00,16.0,5.9,51,10.376991910924112
7793,2023-11-21 17:00:00,15.5,5.5,51,9.944993665529953
7794,2023-11-21 18:00:00,14.4,5.2,54,9.32358201900076
7795,2023-11-21 19:00:00,13.8,4.8,55,8.90485817763747
7796,2023-11-21 20:00:00,12.8,4.0,55,8.024800147869865
7797,2023-11-21 21:00:00,12.4,3.8,56,7.774258689791676
7798,2023-11-21 22:00:00,11.9,3.8,58,7.531546071793196
7799,2023-11-21 23:00:00,10.8,4.1,63,7.030835606588472
7800,2023-11-22 00:00:00,9.9,4.3,69,6.77637146206388
7801,2023-11-22 01:00:00,9.6,4.4,70,6.5916521702919475
7802,2023-11-22 02:00:00,9.4,4.6,72,6.592576531827833
7803,2023-11-22 03:00:00,9.3,4.8,73,6.592547507571716
7804,2023-11-22 04:00:00,8.9,4.9,76,6.495761527367971
7805,2023-11-22 05:00:00,8.5,4.9,78,6.301677886227083
7806,2023-11-22 06:00:00,8.1,4.6,78,5.919800401297561
7807,2023-11-22 07:00:00,7.6,3.5,75,5.17207835294702
7808,2023-11-22 08:00:00,6.6,3.2,79,4.5758722782518735
7809,2023-11-22 09:00:00,7.9,3.5,74,5.365697032612395
7810,2023-11-22 10:00:00,9.8,2.8,62,6.028927343776445
7811,2023-11-22 11:00:00,11.4,2.5,54,6.695117039396312
7812,2023-11-22 12:00:00,12.8,2.0,48,7.3016480367380545
7813,2023-11-22 13:00:00,13.7,1.1,42,7.416355576204861
7814,2023-11-22 14:00:00,14.2,0.3,39,7.489408555116123
7815,2023-11-22 15:00:00,14.4,0.2,38,7.535946392421739
7816,2023-11-22 16:00:00,14.2,0.3,39,7.489408555116123
7817,2023-11-22 17:00:00,13.9,0.6,40,7.358856456010841
7818,2023-11-22 18:00:00,12.9,1.8,47,7.282512449993208
7819,2023-11-22 19:00:00,11.1,2.2,54,6.43226714344226
7820,2023-11-22 20:00:00,12.0,1.8,49,6.720849159801764
7821,2023-11-22 21:00:00,9.9,3.4,64,6.306067020615803
7822,2023-11-22 22:00:00,9.4,3.4,66,6.033996017814623
7823,2023-11-22 23:00:00,9.4,3.7,68,6.219147357736405
7824,2023-11-23 00:00:00,8.4,3.8,73,5.746036395918589
7825,2023-11-23 01:00:00,7.9,3.7,74,5.365697032612395
7826,2023-11-23 02:00:00,7.3,4.0,79,5.246058381045961
7827,2023-11-23 03:00:00,8.8,4.2,73,6.1222639215103705
7828,2023-11-23 04:00:00,9.1,4.4,73,6.404434181671228
7829,2023-11-23 05:00:00,8.4,4.8,78,6.206208561603912
7830,2023-11-23 06:00:00,8.9,5.2,78,6.683554876851765
7831,2023-11-23 07:00:00,8.9,5.2,78,6.683554876851765
7832,2023-11-23 08:00:00,8.6,4.1,73,5.934150232311746
7833,2023-11-23 09:00:00,9.2,4.4,72,6.40505231571842
7834,2023-11-23 10:00:00,10.1,4.5,68,6.8669301164221945
7835,2023-11-23 11:00:00,10.8,4.8,66,7.320621710588851
7836,2023-11-23 12:00:00,11.9,3.8,58,7.531546071793196
7837,2023-11-23 13:00:00,12.2,2.5,51,7.093760733459714
7838,2023-11-23 14:00:00,12.1,2.2,51,7.007358454072289
7839,2023-11-23 15:00:00,11.9,2.5,53,7.033662295439264
7840,2023-11-23 16:00:00,12.9,3.1,51,7.698574492704855
7841,2023-11-23 17:00:00,12.8,3.3,53,7.81862823015976
7842,2023-11-23 18:00:00,12.1,4.5,60,7.910735778619246
7843,2023-11-23 19:00:00,11.9,4.2,59,7.631244494290247
7844,2023-11-23 20:00:00,12.0,6.9,71,8.928853602109735
7845,2023-11-23 21:00:00,11.8,6.9,72,8.84285586273089
7846,2023-11-23 22:00:00,11.1,6.9,76,8.583903110733232
7847,2023-11-23 23:00:00,10.9,6.6,75,8.294979652332009
7848,2023-11-24 00:00:00,10.1,6.9,81,8.122787206490457
7849,2023-11-24 01:00:00,9.3,7.5,89,8.131501334788856
7850,2023-11-24 02:00:00,8.9,7.6,92,8.032726568732588
7851,2023-11-24 03:00:00,10.1,7.6,85,8.518006723047556
7852,2023-11-24 04:00:00,9.6,7.3,86,8.129788193623973
7853,2023-11-24 05:00:00,8.4,6.8,90,7.343710563282237
7854,2023-11-24 06:00:00,8.2,6.6,89,7.050577920430035
7855,2023-11-24 07:00:00,8.1,6.6,91,7.144440591972572
7856,2023-11-24 08:00:00,8.2,6.8,91,7.243174705426419
7857,2023-11-24 09:00:00,9.6,7.4,86,8.129788193623973
7858,2023-11-24 10:00:00,11.9,8.1,78,9.54761721644903
7859,2023-11-24 11:00:00,13.9,8.6,70,10.597503051353739
7860,2023-11-24 12:00:00,15.4,7.8,61,10.988392253183653
7861,2023-11-24 13:00:00,16.7,7.6,55,11.456992661765586
7862,2023-11-24 14:00:00,17.5,7.4,52,11.795607610691466
7863,2023-11-24 15:00:00,18.2,7.2,49,12.025166262432908
7864,2023-11-24 16:00:00,18.4,7.2,48,12.068248238150375
7865,2023-11-24 17:00:00,17.9,7.1,49,11.768512208685628
7866,2023-11-24 18:00:00,15.8,8.1,60,11.235630074742415
7867,2023-11-24 19:00:00,13.3,7.7,69,9.933332319294701
7868,2023-11-24 20:00:00,12.9,7.7,70,9.665915781954222
7869,2023-11-24 21:00:00,12.0,7.4,74,9.233915623381797
7870,2023-11-24 22:00:00,11.5,7.3,75,8.862776076993505
7871,2023-11-24 23:00:00,11.2,6.7,74,8.479145662253941
7872,2023-11-25 00:00:00,10.6,6.1,74,7.913066836682244
7873,2023-11-25 01:00:00,9.9,5.8,75,7.348649742271721
7874,2023-11-25 02:00:00,9.2,5.8,79,7.065127365964543
7875,2023-11-25 03:00:00,8.9,6.0,82,7.062800748999013
7876,2023-11-25 04:00:00,8.7,6.5,86,7.251915309461415
7877,2023-11-25 05:00:00,8.6,6.9,89,7.443641280387718
7878,2023-11-25 06:00:00,8.4,6.8,90,7.343710563282237
7879,2023-11-25 07:00:00,8.2,6.7,90,7.146707778891512
7880,2023-11-25 08:00:00,8.1,6.7,91,7.144440591972572
7881,2023-11-25 09:00:00,9.5,7.2,85,7.934244087343419
7882,2023-11-25 10:00:00,11.4,7.8,79,9.171404664246204
7883,2023-11-25 11:00:00,12.9,8.2,73,9.978563811080601
7884,2023-11-25 12:00:00,15.0,8.9,67,11.290908836413227
7885,2023-11-25 13:00:00,17.0,9.2,60,12.313960203004576
7886,2023-11-25 14:00:00,17.8,9.4,58,12.79065618169938
7887,2023-11-25 15:00:00,18.4,9.8,57,13.201703269189366
7888,2023-11-25 16:00:00,18.5,10.0,58,13.414607004154156
7889,2023-11-25 17:00:00,18.0,10.2,60,13.212563812397413
7890,2023-11-25 18:00:00,16.9,10.6,66,12.926538386386813
7891,2023-11-25 19:00:00,16.2,10.7,70,12.740141114991282
7892,2023-11-25 20:00:00,15.2,9.2,67,11.475351744145321
7893,2023-11-25 21:00:00,15.0,9.1,68,11.401354753794816
7894,2023-11-25 22:00:00,14.1,9.4,73,11.107226560535665
7895,2023-11-25 23:00:00,14.2,10.1,76,11.526259806892668
7896,2023-11-26 00:00:00,14.2,10.7,79,11.852102390541585
7897,2023-11-26 01:00:00,12.8,10.6,87,11.357463727750499
7898,2023-11-26 02:00:00,13.8,10.6,82,11.792852267907865
7899,2023-11-26 03:00:00,13.6,10.8,83,11.70746009530771
7900,2023-11-26 04:00:00,13.7,10.6,82,11.696321180096565
7901,2023-11-26 05:00:00,13.5,11.2,86,11.933883248048609
7902,2023-11-26 06:00:00,13.4,10.8,84,11.621201591538746
7903,2023-11-26 07:00:00,12.9,10.6,86,11.348639959310646
7904,2023-11-26 08:00:00,13.1,11.1,88,11.758104423491343
7905,2023-11-26 09:00:00,13.1,11.1,88,11.758104423491343
7906,2023-11-26 10:00:00,13.8,10.9,82,11.792852267907865
7907,2023-11-26 11:00:00,14.7,10.4,76,12.000830942155186
7908,2023-11-26 12:00:00,15.2,9.9,70,11.808561457376836
7909,2023-11-26 13:00:00,15.1,8.6,65,11.161536487165023
7910,2023-11-26 14:00:00,15.1,7.1,59,10.495345861988742
7911,2023-11-26 15:00:00,14.9,5.8,54,9.761653840227204
7912,2023-11-26 16:00:00,14.5,4.9,53,9.301326335704111
7913,2023-11-26 17:00:00,13.7,3.3,50,8.282634255795653
7914,2023-11-26 18:00:00,12.4,2.2,50,7.164865426152193
7915,2023-11-26 19:00:00,10.9,0.9,50,5.875114819773803
7916,2023-11-26 20:00:00,10.4,0.9,52,5.631896019072833
7917,2023-11-26 21:00:00,9.6,0.6,54,5.118007697224748
7918,2023-11-26 22:00:00,8.9,-0.5,52,4.329654610034492
7919,2023-11-26 23:00:00,8.1,-1.1,52,3.6351178064510528
7920,2023-11-27 00:00:00,7.4,-1.5,53,3.1087384580251873
7921,2023-11-27 01:00:00,6.9,-1.7,54,2.752295742982236
7922,2023-11-27 02:00:00,6.6,-1.8,55,2.5682850798204395
7923,2023-11-27 03:00:00,6.2,-1.7,57,2.3720219000928644
7924,2023-11-27 04:00:00,5.8,-1.5,60,2.2492541536242436
7925,2023-11-27 05:00:00,5.8,-1.3,61,2.3275531169912957
7926,2023-11-27 06:00:00,5.5,-1.3,62,2.1345792353120423
7927,2023-11-27 07:00:00,5.2,-1.4,62,1.862876294636358
7928,2023-11-27 08:00:00,5.2,-1.8,61,1.7862325640990262
7929,2023-11-27 09:00:00,6.3,-0.9,60,2.6985873079602927
7930,2023-11-27 10:00:00,7.8,-0.6,55,3.624407635283685
7931,2023-11-27 11:00:00,9.2,0.0,53,4.678727915382929
7932,2023-11-27 12:00:00,10.7,0.8,50,5.703146599071314
7933,2023-11-27 13:00:00,11.8,1.4,49,6.549737023300283
7934,2023-11-27 14:00:00,13.0,1.1,44,7.051755266095924
7935,2023-11-27 15:00:00,13.2,0.6,42,7.00473350647005
7936,2023-11-27 16:00:00,13.4,0.2,40,6.952282813916643
7937,2023-11-27 17:00:00,13.3,0.2,41,6.979219387269795
7938,2023-11-27 18:00:00,12.1,1.4,48,6.705804845170327
7939,2023-11-27 19:00:00,10.2,1.9,56,5.829657399953723
7940,2023-11-27 20:00:00,10.4,1.5,54,5.8189481677435175
7941,2023-11-27 21:00:00,10.1,2.0,57,5.834070414676155
7942,2023-11-27 22:00:00,9.7,2.0,59,5.662141901889164
7943,2023-11-27 23:00:00,9.4,2.0,60,5.484416020353729
7944,2023-11-28 00:00:00,8.9,1.5,60,5.035092907548259
7945,2023-11-28 01:00:00,8.1,1.1,61,4.402593418066042
7946,2023-11-28 02:00:00,7.0,1.1,66,3.828330406287577
7947,2023-11-28 03:00:00,8.4,1.1,60,4.585768266641132
7948,2023-11-28 04:00:00,8.4,1.2,61,4.673248414784064
7949,2023-11-28 05:00:00,8.4,-0.1,55,4.152464511801675
7950,2023-11-28 06:00:00,8.6,-0.4,53,4.155401205788422
7951,2023-11-28 07:00:00,8.5,-0.6,53,4.068179790613115
7952,2023-11-28 08:00:00,9.4,-0.1,51,4.674465540652344
7953,2023-11-28 09:00:00,9.6,0.1,52,4.937369658570191
7954,2023-11-28 10:00:00,10.0,0.4,51,5.1928916049015985
7955,2023-11-28 11:00:00,10.6,1.1,52,5.805526778457089
7956,2023-11-28 12:00:00,12.3,1.6,48,6.876046210640055
7957,2023-11-28 13:00:00,13.9,2.2,45,7.91101716673222
7958,2023-11-28 14:00:00,14.8,2.8,44,8.55102454064929
7959,2023-11-28 15:00:00,15.3,3.2,44,8.967482445255893
7960,2023-11-28 16:00:00,15.4,3.2,44,9.050773736653131
7961,2023-11-28 17:00:00,15.2,3.1,44,8.884191058002456
7962,2023-11-28 18:00:00,14.1,7.7,65,10.245802928265691
7963,2023-11-28 19:00:00,12.4,4.2,57,7.875742902492826
7964,2023-11-28 20:00:00,9.9,3.8,66,6.493506217305587
7965,2023-11-28 21:00:00,9.1,3.8,69,6.033550519410582
7966,2023-11-28 22:00:00,8.4,3.8,73,5.746036395918589
7967,2023-11-28 23:00:00,7.9,3.8,75,5.455980000719164
7968,2023-11-29 00:00:00,7.6,3.8,77,5.351976950833276
7969,2023-11-29 01:00:00,7.4,3.7,77,5.16158721633327
7970,2023-11-29 02:00:00,7.7,3.3,74,5.17700194875747
7971,2023-11-29 03:00:00,9.0,3.0,66,5.666387019775126
7972,2023-11-29 04:00:00,7.7,3.2,73,5.087636793588638
7973,2023-11-29 05:00:00,6.5,3.2,79,4.480131279798602
7974,2023-11-29 06:00:00,5.9,3.4,84,4.342964279029861
7975,2023-11-29 07:00:00,5.8,3.8,87,4.512455653180226
7976,2023-11-29 08:00:00,6.4,4.4,87,5.099175069232871
7977,2023-11-29 09:00:00,8.9,5.4,79,6.777906664524814
7978,2023-11-29 10:00:00,11.8,6.8,72,8.84285586273089
7979,2023-11-29 11:00:00,14.1,7.2,63,10.030727122830328
7980,2023-11-29 12:00:00,16.4,8.1,58,11.542747724523583
7981,2023-11-29 13:00:00,17.9,8.4,54,12.390053792944443
7982,2023-11-29 14:00:00,18.7,8.8,53,12.96438505211243
7983,2023-11-29 15:00:00,18.9,9.1,53,13.13881389168824
7984,2023-11-29 16:00:00,18.5,9.1,54,12.915727771810928
7985,2023-11-29 17:00:00,17.5,9.4,59,12.643388459506419
7986,2023-11-29 18:00:00,16.5,10.0,65,12.443556964767815
7987,2023-11-29 19:00:00,15.8,10.3,70,12.36750963271217
7988,2023-11-29 20:00:00,16.1,10.2,68,12.41927471237224
7989,2023-11-29 21:00:00,15.9,10.5,70,12.460667550489994
7990,2023-11-29 22:00:00,16.2,11.0,71,12.854243306509687
7991,2023-11-29 23:00:00,16.3,11.6,74,13.290771028575506
7992,2023-11-30 00:00:00,16.4,12.1,76,13.614367855740053
7993,2023-11-30 01:00:00,16.6,12.4,76,13.804195238383908
7994,2023-11-30 02:00:00,16.1,13.4,84,14.241335610556316
7995,2023-11-30 03:00:00,15.9,13.8,87,14.388791599219104
7996,2023-11-30 04:00:00,15.9,14.4,90,14.731258553946102
7997,2023-11-30 05:00:00,16.8,15.4,91,15.734237874616483
7998,2023-11-30 06:00:00,17.2,15.8,91,16.129167934521245
7999,2023-11-30 07:00:00,17.5,16.1,92,16.543553294559217
8000,2023-11-30 08:00:00,18.3,17.6,96,17.81603880561558
8001,2023-11-30 09:00:00,18.9,17.9,94,18.17198310552344
8002,2023-11-30 10:00:00,19.8,18.3,91,18.69620728948127
8003,2023-11-30 11:00:00,21.6,19.0,85,19.706645354867014
8004,2023-11-30 12:00:00,21.2,18.8,86,19.4444448816875
8005,2023-11-30 13:00:00,22.7,18.4,77,19.726077453428964
8006,2023-11-30 14:00:00,22.9,18.2,75,19.650720133255046
8007,2023-11-30 15:00:00,21.8,18.5,82,19.515271214265425
8008,2023-11-30 16:00:00,21.4,18.6,84,19.384520395716354
8009,2023-11-30 17:00:00,21.0,18.8,87,19.375777172343657
8010,2023-11-30 18:00:00,20.5,18.6,89,19.137135363173098
8011,2023-11-30 19:00:00,20.0,18.5,92,19.017608409664145
8012,2023-11-30 20:00:00,20.4,19.3,93,19.53831796867289
8013,2023-11-30 21:00:00,19.6,19.0,96,19.11415720153298
8014,2023-11-30 22:00:00,20.1,19.5,96,19.61343292105659
8015,2023-11-30 23:00:00,21.0,20.1,95,20.38589638594127
8016,2023-12-01 00:00:00,20.8,20.0,95,20.186625105305293
8017,2023-12-01 01:00:00,20.1,19.5,96,19.61343292105659
8018,2023-12-01 02:00:00,19.4,19.0,98,19.16006434819324
8019,2023-12-01 03:00:00,18.8,18.6,99,18.67998015333213
8020,2023-12-01 04:00:00,19.0,18.9,100,18.880977001834637
8021,2023-12-01 05:00:00,18.9,18.8,99,18.780478583684317
8022,2023-12-01 06:00:00,18.1,18.1,100,17.976490796588838
8023,2023-12-01 07:00:00,18.5,18.5,100,18.378484788752832
8024,2023-12-01 08:00:00,19.0,18.9,100,18.880977001834637
8025,2023-12-01 09:00:00,18.9,18.8,99,18.780478583684317
8026,2023-12-01 10:00:00,19.8,18.7,93,18.94318250197183
8027,2023-12-01 11:00:00,20.9,19.2,90,19.656236474991374
8028,2023-12-01 12:00:00,21.2,18.8,86,19.4444448816875
8029,2023-12-01 13:00:00,21.0,18.4,85,19.122896380682466
8030,2023-12-01 14:00:00,20.9,18.1,84,18.899316452011423
8031,2023-12-01 15:00:00,20.7,17.9,84,18.705234753612697
8032,2023-12-01 16:00:00,19.9,17.3,85,18.052688350670145
8033,2023-12-01 17:00:00,18.6,16.7,88,17.149530462148892
8034,2023-12-01 18:00:00,18.5,16.2,87,16.93118194418803
8035,2023-12-01 19:00:00,18.0,15.4,84,16.085124837133584
8036,2023-12-01 20:00:00,18.5,17.6,95,17.895001607136333
8037,2023-12-01 21:00:00,18.5,17.6,95,17.895001607136333
8038,2023-12-01 22:00:00,18.0,16.4,90,16.799754081344798
8039,2023-12-01 23:00:00,17.4,15.8,90,16.208756091790175
8040,2023-12-02 00:00:00,16.8,15.5,92,15.85081618385318
8041,2023-12-02 01:00:00,16.9,15.6,92,15.94977867447864
8042,2023-12-02 02:00:00,16.6,15.2,92,15.652891155980225
8043,2023-12-02 03:00:00,16.5,14.9,91,15.438040162235996
8044,2023-12-02 04:00:00,16.4,14.6,89,15.108312845998451
8045,2023-12-02 05:00:00,16.0,14.3,89,14.71525550557688
8046,2023-12-02 06:00:00,15.2,13.8,91,14.154515052118011
8047,2023-12-02 07:00:00,15.4,13.8,90,14.238758540633778
8048,2023-12-02 08:00:00,14.9,14.1,95,14.308097951210787
8049,2023-12-02 09:00:00,16.0,14.9,93,15.173979222897724
8050,2023-12-02 10:00:00,17.9,16.0,89,16.582275464007548
8051,2023-12-02 11:00:00,19.0,16.9,87,17.420101817649467
8052,2023-12-02 12:00:00,19.4,17.1,87,17.811237413918743
8053,2023-12-02 13:00:00,19.5,17.1,86,17.786277999128462
8054,2023-12-02 14:00:00,20.0,17.1,83,17.901870536948802
8055,2023-12-02 15:00:00,19.7,16.2,80,17.241255267531184
8056,2023-12-02 16:00:00,19.4,15.8,80,16.95323963903913
8057,2023-12-02 17:00:00,19.4,15.3,77,16.584765620821184
8058,2023-12-02 18:00:00,19.0,14.7,76,16.082116155111873
8059,2023-12-02 19:00:00,18.9,13.9,73,15.62183568343012
8060,2023-12-02 20:00:00,17.7,13.9,78,15.084736154615022
8061,2023-12-02 21:00:00,17.2,13.7,80,14.841119321547254
8062,2023-12-02 22:00:00,15.1,13.4,90,13.943258328099027
8063,2023-12-02 23:00:00,14.6,13.2,91,13.562117902014055
8064,2023-12-03 00:00:00,13.9,12.6,92,12.980897023183509
8065,2023-12-03 01:00:00,12.9,11.8,92,11.99126650022756
8066,2023-12-03 02:00:00,12.2,11.1,93,11.404753619792796
8067,2023-12-03 03:00:00,12.2,10.6,89,10.98119652396606
8068,2023-12-03 04:00:00,12.1,9.9,87,10.672967724197559
8069,2023-12-03 05:00:00,11.2,9.2,87,9.79289995153966
8070,2023-12-03 06:00:00,10.1,8.1,88,8.8173024696826
8071,2023-12-03 07:00:00,9.6,7.6,87,8.22833076827488
8072,2023-12-03 08:00:00,9.2,7.0,86,7.739622699330191
8073,2023-12-03 09:00:00,11.1,7.3,77,8.683776723762586
8074,2023-12-03 10:00:00,13.6,8.2,70,10.318027231587624
8075,2023-12-03 11:00:00,16.0,8.6,61,11.529679131364514
8076,2023-12-03 12:00:00,18.0,8.7,54,12.477666255924692
8077,2023-12-03 13:00:00,19.8,8.1,47,13.125000428552145
8078,2023-12-03 14:00:00,21.0,6.5,39,12.983065892201378
8079,2023-12-03 15:00:00,21.4,5.7,36,12.844684620386488
8080,2023-12-03 16:00:00,21.0,5.8,37,12.681237219598017
8081,2023-12-03 17:00:00,20.0,8.6,48,13.430092066383253
8082,2023-12-03 18:00:00,17.7,8.6,55,12.337028165080227
8083,2023-12-03 19:00:00,16.1,7.2,56,11.044657657816721
8084,2023-12-03 20:00:00,16.4,6.1,51,10.722589308975527
8085,2023-12-03 21:00:00,15.8,6.4,54,10.550179289680248
8086,2023-12-03 22:00:00,15.0,5.7,54,9.849268020037563
8087,2023-12-03 23:00:00,14.9,5.1,52,9.538514096448925
8088,2023-12-04 00:00:00,14.8,4.4,50,9.22842840562032
8089,2023-12-04 01:00:00,14.5,3.7,48,8.748677932288693
8090,2023-12-04 02:00:00,14.2,3.5,48,8.49332149144777
8091,2023-12-04 03:00:00,13.4,3.7,52,8.236324545355355
8092,2023-12-04 04:00:00,12.8,4.2,56,8.127819223782348
8093,2023-12-04 05:00:00,12.0,4.7,61,7.921068285798205
8094,2023-12-04 06:00:00,11.6,5.2,65,7.95645100791338
8095,2023-12-04 07:00:00,11.3,5.1,66,7.780128764981624
8096,2023-12-04 08:00:00,10.4,5.6,72,7.53019540973569
8097,2023-12-04 09:00:00,11.8,5.8,67,8.33980183484206
8098,2023-12-04 10:00:00,14.4,7.2,62,10.194863633304942
8099,2023-12-04 11:00:00,16.1,6.6,53,10.6967897093195
8100,2023-12-04 12:00:00,17.6,6.8,49,11.511857554029184
8101,2023-12-04 13:00:00,18.7,6.8,46,12.062937621118575
8102,2023-12-04 14:00:00,19.4,6.8,44,12.382351995725262
8103,2023-12-04 15:00:00,19.8,6.1,41,12.297618591727524
8104,2023-12-04 16:00:00,19.8,5.1,38,11.869831032436252
8105,2023-12-04 17:00:00,19.0,5.4,41,11.643069388619214
8106,2023-12-04 18:00:00,16.0,7.5,57,11.07134173221363
8107,2023-12-04 19:00:00,13.8,6.1,60,9.438398341402422
8108,2023-12-04 20:00:00,13.1,7.4,68,9.643119304889352
8109,2023-12-04 21:00:00,12.1,6.8,71,9.022315943238963
8110,2023-12-04 22:00:00,11.7,5.8,67,8.247579092314798
8111,2023-12-04 23:00:00,11.1,5.6,68,7.7923305032302945
8112,2023-12-05 00:00:00,10.4,6.0,74,7.724373631891098
8113,2023-12-05 01:00:00,10.1,6.3,78,7.829182950213763
8114,2023-12-05 02:00:00,9.2,6.3,82,7.3523974771673615
8115,2023-12-05 03:00:00,8.6,6.2,85,7.05859852925618
8116,2023-12-05 04:00:00,8.6,5.9,83,6.868014410087689
8117,2023-12-05 05:00:00,8.7,5.4,80,6.680548354970918
8118,2023-12-05 06:00:00,8.4,4.9,78,6.206208561603912
8119,2023-12-05 07:00:00,7.8,4.6,80,5.8164767263949795
8120,2023-12-05 08:00:00,7.8,4.1,78,5.633391959054805
8121,2023-12-05 09:00:00,9.4,4.7,72,6.592576531827833
8122,2023-12-05 10:00:00,11.9,5.7,66,8.331535803592816
8123,2023-12-05 11:00:00,14.6,6.4,58,9.938279930604493
8124,2023-12-05 12:00:00,17.0,6.8,51,11.24098345298711
8125,2023-12-05 13:00:00,18.5,6.2,45,11.764008833935236
8126,2023-12-05 14:00:00,19.4,6.4,43,12.245977664296753
8127,2023-12-05 15:00:00,19.9,6.5,42,12.520251109499984
8128,2023-12-05 16:00:00,20.1,6.6,41,12.543073063165998
8129,2023-12-05 17:00:00,19.9,6.9,43,12.66001670420728
8130,2023-12-05 18:00:00,19.5,7.0,44,12.465639738604903
8131,2023-12-05 19:00:00,15.2,7.9,62,10.919364094836487
8132,2023-12-05 20:00:00,15.4,7.9,61,10.988392253183653
8133,2023-12-05 21:00:00,15.2,8.1,63,11.030680087842756
8134,2023-12-05 22:00:00,14.0,8.6,70,10.690661590070716
8135,2023-12-05 23:00:00,10.9,8.6,86,9.397823544666473
8136,2023-12-06 00:00:00,10.6,7.8,83,8.803799926938474
8137,2023-12-06 01:00:00,10.6,6.2,74,7.913066836682244
8138,2023-12-06 02:00:00,10.6,4.9,68,7.329630824520541
8139,2023-12-06 03:00:00,10.6,4.2,65,7.040702601506592
8140,2023-12-06 04:00:00,10.8,4.1,63,7.030835606588472
8141,2023-12-06 05:00:00,10.2,4.4,67,6.86423294309828
8142,2023-12-06 06:00:00,10.1,4.8,70,7.057452335070435
8143,2023-12-06 07:00:00,9.8,4.2,68,6.589309189202195
8144,2023-12-06 08:00:00,8.9,3.6,69,5.847844867239756
8145,2023-12-06 09:00:00,10.0,4.0,66,6.585408119300929
8146,2023-12-06 10:00:00,11.9,4.4,60,7.7310097783495895
8147,2023-12-06 11:00:00,13.3,4.3,55,8.464829947112841
8148,2023-12-06 12:00:00,14.8,4.9,52,9.451701938505312
8149,2023-12-06 13:00:00,16.0,5.1,48,10.025449289888943
8150,2023-12-06 14:00:00,16.9,5.2,46,10.546970948470939
8151,2023-12-06 15:00:00,17.4,5.4,45,10.842657748953476
8152,2023-12-06 16:00:00,17.5,5.6,45,10.926417342088227
8153,2023-12-06 17:00:00,17.1,5.7,47,10.838853671646769
8154,2023-12-06 18:00:00,14.8,8.3,65,10.886816834707849
8155,2023-12-06 19:00:00,12.8,6.5,66,9.158643517390203
8156,2023-12-06 20:00:00,12.1,6.2,68,8.717726849575554
8157,2023-12-06 21:00:00,11.0,6.6,74,8.290452850935836
8158,2023-12-06 22:00:00,10.0,7.1,82,8.124654265411184
8159,2023-12-06 23:00:00,9.6,7.1,84,7.933578504282689
8160,2023-12-07 00:00:00,9.4,6.8,84,7.739492139321936
8161,2023-12-07 01:00:00,8.7,6.7,87,7.348258124756839
8162,2023-12-07 02:00:00,8.4,6.6,89,7.247109643689489
8163,2023-12-07 03:00:00,7.9,6.3,90,6.851203443775283
8164,2023-12-07 04:00:00,7.6,6.2,91,6.650769715267696
8165,2023-12-07 05:00:00,7.7,6.5,92,6.845158677222738
8166,2023-12-07 06:00:00,7.5,6.3,92,6.647230415624165
8167,2023-12-07 07:00:00,7.8,6.4,91,6.848238128087296
8168,2023-12-07 08:00:00,8.4,6.6,88,7.150839673929511
8169,2023-12-07 09:00:00,11.1,8.6,85,9.490942597018503
8170,2023-12-07 10:00:00,14.4,10.6,78,11.934316789434842
8171,2023-12-07 11:00:00,17.1,11.1,68,13.344652958684154
8172,2023-12-07 12:00:00,18.8,10.8,60,13.931443658270918
8173,2023-12-07 13:00:00,19.8,11.3,58,14.573367056051488
8174,2023-12-07 14:00:00,20.5,11.6,57,15.06574746869461
8175,2023-12-07 15:00:00,20.6,11.9,57,15.154510993195988
8176,2023-12-07 16:00:00,20.5,11.9,58,15.197311780777987
8177,2023-12-07 17:00:00,19.9,12.1,61,15.048006975585636
8178,2023-12-07 18:00:00,18.6,12.5,68,14.732714279364632
8179,2023-12-07 19:00:00,16.8,12.7,77,14.10977564972585
8180,2023-12-07 20:00:00,16.7,13.0,79,14.245566073997363
8181,2023-12-07 21:00:00,15.9,13.1,83,13.933585928824137
8182,2023-12-07 22:00:00,15.7,13.5,87,14.193222608953537
8183,2023-12-07 23:00:00,15.9,13.8,87,14.388791599219104
8184,2023-12-08 00:00:00,16.2,13.8,85,14.452881924491262
8185,2023-12-08 01:00:00,16.8,13.8,83,14.804675626343371
8186,2023-12-08 02:00:00,17.4,13.9,80,15.03313068447072
8187,2023-12-08 03:00:00,17.8,14.0,78,15.180203006839246
8188,2023-12-08 04:00:00,18.3,14.4,78,15.657536928238788
8189,2023-12-08 05:00:00,18.8,15.2,80,16.377207830654473
8190,2023-12-08 06:00:00,19.0,15.9,82,16.81243907711227
8191,2023-12-08 07:00:00,19.0,16.4,84,17.055537462506138
8192,2023-12-08 08:00:00,19.6,17.5,88,18.12978413770048
8193,2023-12-08 09:00:00,19.1,18.0,93,18.248857156300584
8194,2023-12-08 10:00:00,20.1,18.5,90,18.86824260569645
8195,2023-12-08 11:00:00,21.4,18.8,85,19.512062430000775
8196,2023-12-08 12:00:00,22.0,18.6,81,19.578920961421165
8197,2023-12-08 13:00:00,23.0,18.6,77,20.011650132921055
8198,2023-12-08 14:00:00,23.5,18.5,73,19.948280127251767
8199,2023-12-08 15:00:00,24.1,18.6,71,20.2375755736783
8200,2023-12-08 16:00:00,24.2,18.8,72,20.46901948078302
8201,2023-12-08 17:00:00,23.5,19.0,75,20.218498032766323
8202,2023-12-08 18:00:00,22.4,19.0,81,19.96399601773083
8203,2023-12-08 19:00:00,21.9,19.2,85,19.998519618475296
8204,2023-12-08 20:00:00,21.4,20.0,92,20.403075348778955
8205,2023-12-08 21:00:00,21.2,19.8,91,20.0784550873194
8206,2023-12-08 22:00:00,21.1,19.9,93,20.23264205642515
8207,2023-12-08 23:00:00,21.3,20.2,93,20.43102024551989
8208,2023-12-09 00:00:00,21.5,20.4,93,20.62939838104901
8209,2023-12-09 01:00:00,21.5,20.4,93,20.62939838104901
8210,2023-12-09 02:00:00,21.5,20.4,93,20.62939838104901
8211,2023-12-09 03:00:00,21.6,20.4,93,20.728587428814095
8212,2023-12-09 04:00:00,21.4,20.4,94,20.657328095595698
8213,2023-12-09 05:00:00,21.2,20.2,94,20.4585008028256
8214,2023-12-09 06:00:00,21.1,20.1,94,20.35908713683757
8215,2023-12-09 07:00:00,21.0,20.1,95,20.38589638594127
8216,2023-12-09 08:00:00,21.8,20.9,95,21.182980998665887
8217,2023-12-09 09:00:00,22.0,21.0,94,21.25380966269144
8218,2023-12-09 10:00:00,22.6,21.2,92,21.59061629620653
8219,2023-12-09 11:00:00,24.2,20.8,81,21.696830237330904
8220,2023-12-09 12:00:00,24.9,20.5,76,21.68194991719246
8221,2023-12-09 13:00:00,24.9,19.4,72,21.12532343280743
8222,2023-12-09 14:00:00,24.5,19.6,74,21.02696597400485
8223,2023-12-09 15:00:00,25.4,19.5,70,21.310540064508714
8224,2023-12-09 16:00:00,25.2,19.3,70,21.124229342540996
8225,2023-12-09 17:00:00,24.9,18.9,69,20.703854660723888
8226,2023-12-09 18:00:00,20.3,18.5,90,19.06524116210745
8227,2023-12-09 19:00:00,20.7,17.9,84,18.705234753612697
8228,2023-12-09 20:00:00,19.7,15.9,79,17.11770375523455
8229,2023-12-09 21:00:00,17.2,12.0,71,13.788851759073601
8230,2023-12-09 22:00:00,17.1,10.4,64,12.87550474434347
8231,2023-12-09 23:00:00,17.0,6.1,49,10.998546409221854
8232,2023-12-10 00:00:00,16.2,3.0,41,9.352098898258397
8233,2023-12-10 01:00:00,14.9,4.2,49,9.201937225170177
8234,2023-12-10 02:00:00,13.4,2.2,47,7.705894377912239
8235,2023-12-10 03:00:00,11.9,1.1,48,6.535563111375822
8236,2023-12-10 04:00:00,10.8,-0.2,47,5.504282257906043
8237,2023-12-10 05:00:00,9.9,-1.1,46,4.651274366916173
8238,2023-12-10 06:00:00,9.5,-2.0,44,4.136406067851793
8239,2023-12-10 07:00:00,9.0,-2.9,43,3.6334105379849166
8240,2023-12-10 08:00:00,8.4,-3.3,44,3.2201218184102274
8241,2023-12-10 09:00:00,8.4,-2.9,45,3.3039013337233873
8242,2023-12-10 10:00:00,9.3,-3.2,41,3.7061055900502247
8243,2023-12-10 11:00:00,10.4,-2.8,39,4.4191683026599335
8244,2023-12-10 12:00:00,11.5,-3.0,36,5.008093464502261
8245,2023-12-10 13:00:00,12.5,-3.1,34,5.58638327954859
8246,2023-12-10 14:00:00,13.4,-3.3,31,5.947097127241614
8247,2023-12-10 15:00:00,13.7,-3.7,30,6.058098514433729
8248,2023-12-10 16:00:00,13.5,-4.2,29,5.7897187803443675
8249,2023-12-10 17:00:00,13.0,-3.7,31,5.642377492118927
8250,2023-12-10 18:00:00,11.4,-2.8,37,5.028670543087049
8251,2023-12-10 19:00:00,8.9,-2.7,44,3.6366166805504836
8252,2023-12-10 20:00:00,8.0,-1.5,51,3.464791850501669
8253,2023-12-10 21:00:00,7.2,-1.5,54,3.015155662633494
8254,2023-12-10 22:00:00,6.7,-1.6,56,2.73590329373757
8255,2023-12-10 23:00:00,5.8,-1.3,60,2.2492541536242436
8256,2023-12-11 00:00:00,5.2,-1.1,64,2.0175492538309348
8257,2023-12-11 01:00:00,4.6,-1.4,65,1.5461079961153583
8258,2023-12-11 02:00:00,4.0,-1.4,68,1.2218904197059315
8259,2023-12-11 03:00:00,3.2,-1.1,73,0.8550211883201904
8260,2023-12-11 04:00:00,2.8,-1.1,75,0.629606051348782
8261,2023-12-11 05:00:00,2.3,-1.3,77,0.3066012630041062
8262,2023-12-11 06:00:00,2.5,-1.4,75,0.3456984614148091
8263,2023-12-11 07:00:00,2.8,-0.6,78,0.8598735381875526
8264,2023-12-11 08:00:00,2.5,0.2,84,1.0434477796833548
8265,2023-12-11 09:00:00,5.0,0.9,75,2.711583645633503
8266,2023-12-11 10:00:00,8.4,2.0,65,5.026039550766466
8267,2023-12-11 11:00:00,11.2,1.6,52,6.326417113288866
8268,2023-12-11 12:00:00,13.1,0.6,42,6.922408738589546
8269,2023-12-11 13:00:00,14.4,0.9,40,7.765426906992511
8270,2023-12-11 14:00:00,15.1,1.8,40,8.334620342629004
8271,2023-12-11 15:00:00,15.6,2.0,40,8.741183484551549
8272,2023-12-11 16:00:00,15.6,2.2,40,8.741183484551549
8273,2023-12-11 17:00:00,15.1,3.0,44,8.800899574406436
8274,2023-12-11 18:00:00,12.9,4.3,56,8.216209203137575
8275,2023-12-11 19:00:00,10.9,4.0,62,7.025139123959985
8276,2023-12-11 20:00:00,10.9,4.4,64,7.218502733587485
8277,2023-12-11 21:00:00,10.1,5.0,70,7.057452335070435
8278,2023-12-11 22:00:00,9.2,5.7,79,7.065127365964543
8279,2023-12-11 23:00:00,8.6,6.2,85,7.05859852925618
8280,2023-12-12 00:00:00,8.2,6.4,88,6.954784809761209
8281,2023-12-12 01:00:00,8.0,6.5,90,6.9497049100376405
8282,2023-12-12 02:00:00,7.9,6.5,91,6.946972303365449
8283,2023-12-12 03:00:00,7.8,6.4,91,6.848238128087296
8284,2023-12-12 04:00:00,8.1,6.6,90,7.048206355054752
8285,2023-12-12 05:00:00,8.1,6.5,90,7.048206355054752
8286,2023-12-12 06:00:00,7.9,6.3,90,6.851203443775283
8287,2023-12-12 07:00:00,7.7,6.1,90,6.654200447253917
8288,2023-12-12 08:00:00,7.8,6.1,89,6.65751421208161
8289,2023-12-12 09:00:00,8.9,6.4,85,7.350480598623012
8290,2023-12-12 10:00:00,11.3,7.9,80,9.176742486875977
8291,2023-12-12 11:00:00,13.9,9.1,72,10.8118341542615
8292,2023-12-12 12:00:00,16.1,9.9,67,12.305343062004326
8293,2023-12-12 13:00:00,17.4,10.2,63,13.030571045908157
8294,2023-12-12 14:00:00,18.0,9.8,59,13.090894013159271
8295,2023-12-12 15:00:00,18.1,8.4,53,12.441097224341704
8296,2023-12-12 16:00:00,18.0,6.6,47,11.600908408476435
8297,2023-12-12 17:00:00,17.2,6.2,48,11.046853958743196
8298,2023-12-12 18:00:00,15.4,7.1,57,10.5387468327458
8299,2023-12-12 19:00:00,13.4,6.8,64,9.499571599204302
8300,2023-12-12 20:00:00,13.1,5.3,59,8.70528884070333
8301,2023-12-12 21:00:00,12.6,5.0,60,8.360049849683676
8302,2023-12-12 22:00:00,11.9,4.5,60,7.7310097783495895
8303,2023-12-12 23:00:00,11.3,4.5,63,7.485367934553253
8304,2023-12-13 00:00:00,10.9,4.2,63,7.12174217085748
8305,2023-12-13 01:00:00,10.7,4.2,64,7.036015977820018
8306,2023-12-13 02:00:00,10.2,4.7,69,7.0549286395994795
8307,2023-12-13 03:00:00,10.1,5.2,72,7.248910127600505
8308,2023-12-13 04:00:00,9.9,5.3,73,7.156886628598569
8309,2023-12-13 05:00:00,9.8,5.1,73,7.062830196910095
8310,2023-12-13 06:00:00,9.8,5.1,72,6.967624520288204
8311,2023-12-13 07:00:00,9.9,4.6,70,6.871132386898687
8312,2023-12-13 08:00:00,11.2,4.1,61,7.199336658194204
8313,2023-12-13 09:00:00,11.2,4.6,64,7.49223251085623
8314,2023-12-13 10:00:00,12.0,4.8,62,8.021344658629427
8315,2023-12-13 11:00:00,13.2,4.9,57,8.585882271629837
8316,2023-12-13 12:00:00,13.8,5.3,57,9.118484364189612
8317,2023-12-13 13:00:00,13.5,6.6,63,9.485296022111891
8318,2023-12-13 14:00:00,13.4,7.3,67,9.815360261797782
8319,2023-12-13 15:00:00,13.4,7.6,67,9.815360261797782
8320,2023-12-13 16:00:00,13.4,7.9,70,10.131709847510423
8321,2023-12-13 17:00:00,12.9,8.1,73,9.978563811080601
8322,2023-12-13 18:00:00,12.3,8.1,75,9.619836250391913
8323,2023-12-13 19:00:00,12.2,7.2,71,9.115778249526295
8324,2023-12-13 20:00:00,12.4,5.5,63,8.485334800683148
8325,2023-12-13 21:00:00,12.3,5.3,63,8.394428958912474
8326,2023-12-13 22:00:00,12.8,5.5,61,8.642796623897263
8327,2023-12-13 23:00:00,11.9,5.2,63,8.030805121688614
8328,2023-12-14 00:00:00,11.7,4.5,61,7.650419316766804
8329,2023-12-14 01:00:00,11.6,3.7,58,7.264128651494378
8330,2023-12-14 02:00:00,11.1,3.4,59,6.915210466794937
8331,2023-12-14 03:00:00,11.0,3.3,59,6.825705954772246
8332,2023-12-14 04:00:00,11.5,3.3,57,7.0768315294892865
8333,2023-12-14 05:00:00,11.4,3.3,58,7.085850075238399
8334,2023-12-14 06:00:00,11.0,3.2,58,6.729292202924908
8335,2023-12-14 07:00:00,11.1,2.9,57,6.7217582026112765
8336,2023-12-14 08:00:00,11.8,3.5,57,7.3431358706023975
8337,2023-12-14 09:00:00,12.1,4.0,58,7.7098240588911775
8338,2023-12-14 10:00:00,13.3,5.3,58,8.779487174752065
8339,2023-12-14 11:00:00,15.1,6.2,56,10.160773741952891
8340,2023-12-14 12:00:00,16.6,7.5,55,11.368988816816621
8341,2023-12-14 13:00:00,18.0,8.8,55,12.601037791549118
8342,2023-12-14 14:00:00,19.1,10.1,56,13.69627824721827
8343,2023-12-14 15:00:00,19.7,10.9,57,14.355637712311339
8344,2023-12-14 16:00:00,19.9,11.7,59,14.791405308804379
8345,2023-12-14 17:00:00,19.3,11.9,62,14.632387077277034
8346,2023-12-14 18:00:00,17.8,11.9,68,13.992415793726618
8347,2023-12-14 19:00:00,16.2,10.9,71,12.854243306509687
8348,2023-12-14 20:00:00,15.6,12.4,81,13.417677767449526
8349,2023-12-14 21:00:00,16.0,12.1,78,13.461796116869763
8350,2023-12-14 22:00:00,15.3,10.7,74,12.34732104053445
8351,2023-12-14 23:00:00,14.9,9.2,69,11.418946278166615
8352,2023-12-15 00:00:00,14.2,8.1,66,10.445248978124944
8353,2023-12-15 01:00:00,13.7,8.6,71,10.517708746709674
8354,2023-12-15 02:00:00,13.4,9.6,78,10.979638935431176
8355,2023-12-15 03:00:00,13.4,10.3,81,11.299730280235549
8356,2023-12-15 04:00:00,14.3,10.6,78,11.838849119464847
8357,2023-12-15 05:00:00,14.7,10.1,74,11.7812497058727
8358,2023-12-15 06:00:00,14.5,9.1,70,11.156453780038367
8359,2023-12-15 07:00:00,14.2,8.1,66,10.445248978124944
8360,2023-12-15 08:00:00,14.1,8.9,71,10.891555612354528
8361,2023-12-15 09:00:00,14.3,9.1,71,11.078478850058149
8362,2023-12-15 10:00:00,15.6,10.1,69,12.068899629869804
8363,2023-12-15 11:00:00,15.7,11.0,74,12.724701367470981
8364,2023-12-15 12:00:00,17.6,13.1,75,14.63531367659612
8365,2023-12-15 13:00:00,20.0,14.4,70,16.280116225881308
8366,2023-12-15 14:00:00,20.6,15.1,71,16.966499268216356
8367,2023-12-15 15:00:00,20.1,15.5,75,17.001079556775803
8368,2023-12-15 16:00:00,20.0,16.0,78,17.28046812518485
8369,2023-12-15 17:00:00,18.8,16.2,85,16.98247822433716
8370,2023-12-15 18:00:00,18.0,16.2,89,16.680539505850565
8371,2023-12-15 19:00:00,17.3,16.1,93,16.463445898661128
8372,2023-12-15 20:00:00,17.1,16.1,94,16.38252936629843
8373,2023-12-15 21:00:00,16.6,15.4,93,15.769118007321765
8374,2023-12-15 22:00:00,16.3,15.5,95,15.703007146671698
8375,2023-12-15 23:00:00,16.1,15.5,96,15.619217860942758
8376,2023-12-16 00:00:00,15.9,15.4,97,15.534695253955537
8377,2023-12-16 01:00:00,15.6,15.1,97,15.23447765865259
8378,2023-12-16 02:00:00,15.4,14.9,97,15.034332525143906
8379,2023-12-16 03:00:00,15.4,14.5,95,14.806280139912975
8380,2023-12-16 04:00:00,14.6,13.6,93,13.785319881355182
8381,2023-12-16 05:00:00,14.2,12.9,92,13.277785849555542
8382,2023-12-16 06:00:00,13.8,12.6,92,12.88193404744888
8383,2023-12-16 07:00:00,13.2,11.9,92,12.28815583677535
8384,2023-12-16 08:00:00,13.3,11.8,91,12.278588632174838
8385,2023-12-16 09:00:00,12.2,10.4,89,10.98119652396606
8386,2023-12-16 10:00:00,11.6,8.2,80,9.464763714182792
8387,2023-12-16 11:00:00,12.5,7.7,73,9.602341894398586
8388,2023-12-16 12:00:00,13.8,7.2,64,9.864540046668601
8389,2023-12-16 13:00:00,14.6,7.6,62,10.375989014206034
8390,2023-12-16 14:00:00,15.4,7.9,61,10.988392253183653
8391,2023-12-16 15:00:00,15.9,7.6,58,11.097063854005578
8392,2023-12-16 16:00:00,16.0,7.2,56,10.956269509975693
8393,2023-12-16 17:00:00,15.8,6.9,56,10.779493053380556
8394,2023-12-16 18:00:00,14.6,6.3,58,9.938279930604493
8395,2023-12-16 19:00:00,13.1,5.5,60,8.809362614529242
8396,2023-12-16 20:00:00,12.8,5.9,63,8.848957703205544
8397,2023-12-16 21:00:00,11.8,5.9,67,8.33980183484206
8398,2023-12-16 22:00:00,10.9,5.7,70,7.802730583116759
8399,2023-12-16 23:00:00,10.3,5.3,71,7.339988347545157
8400,2023-12-17 00:00:00,9.6,5.2,74,6.969599472900562
8401,2023-12-17 01:00:00,8.9,5.1,77,6.589507046685052
8402,2023-12-17 02:00:00,8.4,4.9,78,6.206208561603912
8403,2023-12-17 03:00:00,7.9,4.6,79,5.820502397299689
8404,2023-12-17 04:00:00,7.3,4.4,82,5.518280760017639
8405,2023-12-17 05:00:00,6.8,4.3,84,5.216360225842699
8406,2023-12-17 06:00:00,6.4,4.2,86,5.0084535869665014
8407,2023-12-17 07:00:00,5.9,4.2,89,4.790456704373561
8408,2023-12-17 08:00:00,4.9,3.7,92,4.0741554430246225
8409,2023-12-17 09:00:00,6.2,4.3,88,4.994231132438946
8410,2023-12-17 10:00:00,9.1,5.8,80,7.064579440695427
8411,2023-12-17 11:00:00,11.8,6.6,70,8.64116572664632
8412,2023-12-17 12:00:00,13.8,6.1,60,9.438398341402422
8413,2023-12-17 13:00:00,15.2,6.2,55,10.136929162765048
8414,2023-12-17 14:00:00,16.4,6.6,52,10.840688617564325
8415,2023-12-17 15:00:00,17.2,6.7,50,11.291949009440227
8416,2023-12-17 16:00:00,17.5,6.4,48,11.302203480307021
8417,2023-12-17 17:00:00,17.3,6.4,49,11.255202290308889
8418,2023-12-17 18:00:00,14.6,9.1,70,11.2496121181417
8419,2023-12-17 19:00:00,12.0,7.2,73,9.13206377791098
8420,2023-12-17 20:00:00,11.9,7.1,72,8.936617064818112
8421,2023-12-17 21:00:00,10.7,6.9,77,8.303001503389611
8422,2023-12-17 22:00:00,10.2,6.7,78,7.924651763855852
8423,2023-12-17 23:00:00,9.7,6.3,79,7.543827953507044
8424,2023-12-18 00:00:00,9.3,5.8,78,7.065431379964984
8425,2023-12-18 01:00:00,8.9,5.3,78,6.683554876851765
8426,2023-12-18 02:00:00,7.9,5.1,82,6.097476577880428
8427,2023-12-18 03:00:00,7.7,4.8,82,5.90441141632477
8428,2023-12-18 04:00:00,7.7,4.7,82,5.90441141632477
8429,2023-12-18 05:00:00,7.6,4.8,82,5.807878794036892
8430,2023-12-18 06:00:00,7.4,5.0,85,5.891068035842185
8431,2023-12-18 07:00:00,7.2,5.0,86,5.7887895702443135
8432,2023-12-18 08:00:00,6.3,4.3,87,5.001388561705701
8433,2023-12-18 09:00:00,7.7,4.8,82,5.90441141632477
8434,2023-12-18 10:00:00,10.8,5.9,72,7.905241952859408
8435,2023-12-18 11:00:00,13.7,6.9,64,9.77329799889921
8436,2023-12-18 12:00:00,16.1,7.9,58,11.275337549429668
8437,2023-12-18 13:00:00,18.1,8.8,54,12.565278665341832
8438,2023-12-18 14:00:00,19.4,9.1,52,13.444996357889714
8439,2023-12-18 15:00:00,20.0,9.0,49,13.56507840462324
8440,2023-12-18 16:00:00,20.0,8.9,49,13.56507840462324
8441,2023-12-18 17:00:00,19.3,8.9,51,13.228140312347247
8442,2023-12-18 18:00:00,16.9,9.2,61,12.341606503765995
8443,2023-12-18 19:00:00,13.9,8.2,69,10.49043860174535
8444,2023-12-18 20:00:00,13.5,7.9,69,10.119034555531892
8445,2023-12-18 21:00:00,12.2,7.1,71,9.115778249526295
8446,2023-12-18 22:00:00,11.6,6.8,73,8.755840699355597
8447,2023-12-18 23:00:00,10.9,5.7,70,7.802730583116759
8448,2023-12-19 00:00:00,10.1,4.6,68,6.8669301164221945
8449,2023-12-19 01:00:00,9.8,3.6,66,6.401604269585144
8450,2023-12-19 02:00:00,9.2,2.8,64,5.667359085569842
8451,2023-12-19 03:00:00,8.8,2.5,65,5.392343681150246
8452,2023-12-19 04:00:00,8.1,2.3,67,4.927531771034362
8453,2023-12-19 05:00:00,7.6,2.2,69,4.640753945274014
8454,2023-12-19 06:00:00,7.6,2.0,67,4.466409439692132
8455,2023-12-19 07:00:00,7.2,1.8,68,4.183244657380143
8456,2023-12-19 08:00:00,6.3,2.1,74,3.8561321940860367
8457,2023-12-19 09:00:00,7.8,2.8,71,5.0034020560380075
8458,2023-12-19 10:00:00,9.6,4.2,69,6.497813918168106
8459,2023-12-19 11:00:00,12.1,5.7,65,8.414323531896642
8460,2023-12-19 12:00:00,14.1,6.8,62,9.923175225259172
8461,2023-12-19 13:00:00,15.4,7.6,59,10.763852679931805
8462,2023-12-19 14:00:00,15.9,8.4,61,11.439464762154962
8463,2023-12-19 15:00:00,16.2,8.6,61,11.710107738572532
8464,2023-12-19 16:00:00,16.1,8.5,60,11.50521321448101
8465,2023-12-19 17:00:00,15.2,8.4,64,11.14192433062209
8466,2023-12-19 18:00:00,13.9,8.6,70,10.597503051353739
8467,2023-12-19 19:00:00,12.1,8.6,79,9.841581010565237
8468,2023-12-19 20:00:00,12.3,8.6,78,9.929490267705514
8469,2023-12-19 21:00:00,11.6,7.6,76,9.058478659843713
8470,2023-12-19 22:00:00,11.2,7.2,76,8.678818280659868
8471,2023-12-19 23:00:00,11.3,7.2,76,8.77373342043098
8472,2023-12-20 00:00:00,11.2,7.4,77,8.778970455503526
8473,2023-12-20 01:00:00,11.3,7.7,78,8.974806812108667
8474,2023-12-20 02:00:00,11.2,8.3,82,9.283036379388552
8475,2023-12-20 03:00:00,11.6,9.1,85,9.977409684655619
8476,2023-12-20 04:00:00,11.6,9.9,90,10.495744033511201
8477,2023-12-20 05:00:00,11.9,10.2,90,10.791246140862965
8478,2023-12-20 06:00:00,12.1,10.4,89,10.882931450961966
8479,2023-12-20 07:00:00,12.2,10.3,88,10.87586573880649
8480,2023-12-20 08:00:00,12.2,10.6,89,10.98119652396606
8481,2023-12-20 09:00:00,12.6,10.5,87,11.161893542517042
8482,2023-12-20 10:00:00,14.3,11.2,82,12.275507367242756
8483,2023-12-20 11:00:00,16.1,12.1,77,13.443429452595645
8484,2023-12-20 12:00:00,18.0,13.1,74,14.894629822676439
8485,2023-12-20 13:00:00,19.1,13.8,71,15.564599869610035
8486,2023-12-20 14:00:00,19.8,13.9,69,15.968587097706973
8487,2023-12-20 15:00:00,20.0,13.9,68,16.028231920026567
8488,2023-12-20 16:00:00,19.7,13.8,69,15.87573801121625
8489,2023-12-20 17:00:00,19.0,13.6,71,15.471139694349759
8490,2023-12-20 18:00:00,17.6,13.5,77,14.871312708489992
8491,2023-12-20 19:00:00,16.1,13.1,82,14.013061151369307
8492,2023-12-20 20:00:00,16.2,12.6,79,13.76687451474496
8493,2023-12-20 21:00:00,15.4,12.2,82,13.337346627527271
8494,2023-12-20 22:00:00,14.6,11.9,84,12.785707472023454
8495,2023-12-20 23:00:00,14.5,11.6,83,12.578554165159066
8496,2023-12-21 00:00:00,14.4,11.6,83,12.481766022363697
8497,2023-12-21 01:00:00,14.1,11.6,85,12.409736972134748
8498,2023-12-21 02:00:00,13.8,11.8,88,12.444288981294019
8499,2023-12-21 03:00:00,13.6,11.9,89,12.356905545902823
8500,2023-12-21 04:00:00,13.4,11.9,91,12.377321757272309
8501,2023-12-21 05:00:00,13.3,12.1,92,12.387118914541833
8502,2023-12-21 06:00:00,13.1,12.0,93,12.297467091742
8503,2023-12-21 07:00:00,13.1,12.1,93,12.297467091742
8504,2023-12-21 08:00:00,13.0,12.1,94,12.306533383988718
8505,2023-12-21 09:00:00,13.8,12.3,91,12.772254082433868
8506,2023-12-21 10:00:00,15.6,13.1,85,13.869127115693015
8507,2023-12-21 11:00:00,17.4,13.8,80,15.03313068447072
8508,2023-12-21 12:00:00,19.2,14.4,74,16.026760948542005
8509,2023-12-21 13:00:00,20.4,14.5,69,16.52568102035041
8510,2023-12-21 14:00:00,20.9,13.9,65,16.472718684477872
8511,2023-12-21 15:00:00,20.9,13.6,63,16.21217794381163
8512,2023-12-21 16:00:00,20.5,13.6,64,15.977668083079866
8513,2023-12-21 17:00:00,19.7,13.6,68,15.750621490656005
8514,2023-12-21 18:00:00,18.1,13.9,76,15.227897441802167
8515,2023-12-21 19:00:00,16.4,13.9,85,14.647466705797736
8516,2023-12-21 20:00:00,16.5,14.2,87,14.975498131249516
8517,2023-12-21 21:00:00,15.9,13.9,87,14.388791599219104
8518,2023-12-21 22:00:00,15.8,13.6,87,14.29100711328952
8519,2023-12-21 23:00:00,15.7,13.8,88,14.306785296191865
8520,2023-12-22 00:00:00,15.6,14.1,91,14.549446150988974
8521,2023-12-22 01:00:00,15.2,14.3,94,14.493656398832666
8522,2023-12-22 02:00:00,14.8,14.1,96,14.32109318920439
8523,2023-12-22 03:00:00,14.8,14.2,97,14.43389678544131
8524,2023-12-22 04:00:00,14.8,14.3,97,14.43389678544131
8525,2023-12-22 05:00:00,14.8,14.4,98,14.546875525855366
8526,2023-12-22 06:00:00,14.7,14.4,98,14.44658849745706
8527,2023-12-22 07:00:00,14.9,14.5,97,14.533969444276952
8528,2023-12-22 08:00:00,15.0,14.7,98,14.747449540890909
8529,2023-12-22 09:00:00,15.6,15.1,97,15.23447765865259
8530,2023-12-22 10:00:00,17.3,16.0,92,16.34562848256887
8531,2023-12-22 11:00:00,19.5,17.0,85,17.663521278034253
8532,2023-12-22 12:00:00,21.5,16.8,74,18.196669111233074
8533,2023-12-22 13:00:00,22.3,17.1,72,18.68761742105635
8534,2023-12-22 14:00:00,22.8,17.0,70,18.888493276845686
8535,2023-12-22 15:00:00,22.9,17.0,69,18.846895077933862
8536,2023-12-22 16:00:00,22.0,16.5,71,18.274933418577746
8537,2023-12-22 17:00:00,21.0,16.8,77,18.107828790519985
8538,2023-12-22 18:00:00,19.6,16.8,83,17.514722234865246
8539,2023-12-22 19:00:00,18.2,16.9,92,17.236289658938475
8540,2023-12-22 20:00:00,17.6,16.8,95,16.998277422991453
8541,2023-12-22 21:00:00,17.1,16.4,95,16.500096832160335
8542,2023-12-22 22:00:00,17.0,16.4,96,16.5179181462649
8543,2023-12-22 23:00:00,16.9,16.5,97,16.535419673956394
8544,2023-12-23 00:00:00,16.3,16.1,99,16.167515336065346
8545,2023-12-23 01:00:00,16.0,15.9,99,15.866019020290505
8546,2023-12-23 02:00:00,16.0,15.9,99,15.866019020290505
8547,2023-12-23 03:00:00,16.7,16.4,98,16.452326459751962
8548,2023-12-23 04:00:00,16.8,16.5,98,16.552613216377505
8549,2023-12-23 05:00:00,16.7,16.5,98,16.452326459751962
8550,2023-12-23 06:00:00,16.8,16.6,99,16.670008935219297
8551,2023-12-23 07:00:00,16.8,16.5,98,16.552613216377505
8552,2023-12-23 08:00:00,17.2,17.0,98,16.953760111052045
8553,2023-12-23 09:00:00,17.6,16.9,95,16.998277422991453
8554,2023-12-23 10:00:00,18.5,17.0,91,17.412688899162966
8555,2023-12-23 11:00:00,20.2,17.3,83,18.095444577979862
8556,2023-12-23 12:00:00,21.5,17.5,78,18.712461129498333
8557,2023-12-23 13:00:00,22.4,17.5,74,19.04576025384737
8558,2023-12-23 14:00:00,22.0,17.3,75,18.799051841034753
8559,2023-12-23 15:00:00,21.6,18.1,81,19.193845612316952
8560,2023-12-23 16:00:00,21.2,18.2,83,19.06331369991817
8561,2023-12-23 17:00:00,20.3,18.0,87,18.691291538890415
8562,2023-12-23 18:00:00,19.5,18.1,92,18.522798117820095
8563,2023-12-23 19:00:00,18.6,17.9,95,17.994637558728524
8564,2023-12-23 20:00:00,18.5,17.5,94,17.774327115816934
8565,2023-12-23 21:00:00,18.0,17.2,95,17.39682164330159
8566,2023-12-23 22:00:00,17.9,17.0,94,17.177842709166267
8567,2023-12-23 23:00:00,18.1,17.4,96,17.616328084206884
8568,2023-12-24 00:00:00,18.4,17.6,95,17.795365641867622
8569,2023-12-24 01:00:00,18.5,17.6,95,17.895001607136333
8570,2023-12-24 02:00:00,18.0,16.8,92,17.038365058726637
8571,2023-12-24 03:00:00,18.0,17.2,95,17.39682164330159
8572,2023-12-24 04:00:00,18.1,17.2,95,17.496457663639713
8573,2023-12-24 05:00:00,18.1,17.1,94,17.376670901396867
8574,2023-12-24 06:00:00,18.0,16.9,93,17.157773059794092
8575,2023-12-24 07:00:00,17.8,16.9,94,17.07842859166276
8576,2023-12-24 08:00:00,17.7,17.0,95,17.097913498986603
8577,2023-12-24 09:00:00,17.4,16.6,95,16.799005228942622
8578,2023-12-24 10:00:00,18.2,16.8,91,17.116491985314127
8579,2023-12-24 11:00:00,20.1,17.5,85,18.247271782850458
8580,2023-12-24 12:00:00,19.5,18.0,90,18.27724657555881
8581,2023-12-24 13:00:00,19.1,17.4,90,17.883248918072205
8582,2023-12-24 14:00:00,18.9,17.3,90,17.6862499971054
8583,2023-12-24 15:00:00,20.9,17.1,79,18.26655348767553
8584,2023-12-24 16:00:00,21.4,16.8,75,18.231271996632863
8585,2023-12-24 17:00:00,21.1,16.5,75,17.947381774033023
8586,2023-12-24 18:00:00,20.2,16.6,80,17.721280912279152
8587,2023-12-24 19:00:00,17.7,16.0,90,16.50425515859922
8588,2023-12-24 20:00:00,17.6,15.1,85,15.814973798273567
8589,2023-12-24 21:00:00,16.4,14.6,89,15.108312845998451
8590,2023-12-24 22:00:00,15.4,14.1,92,14.465339665095499
8591,2023-12-24 23:00:00,14.6,13.9,95,14.009188457537302
8592,2023-12-25 00:00:00,14.9,13.8,93,14.082890000980246
8593,2023-12-25 01:00:00,15.2,14.1,93,14.38045997734135
8594,2023-12-25 02:00:00,14.6,10.4,76,11.905916769055228
8595,2023-12-25 03:00:00,13.2,8.1,71,10.05039942340091
8596,2023-12-25 04:00:00,11.9,6.8,71,8.835391226012545
8597,2023-12-25 05:00:00,10.7,5.2,69,7.5191897992591965
8598,2023-12-25 06:00:00,9.6,3.7,66,6.217800236243333
8599,2023-12-25 07:00:00,8.9,2.7,65,5.483919588889089
8600,2023-12-25 08:00:00,8.0,3.8,75,5.5506138129507026
8601,2023-12-25 09:00:00,8.1,3.2,71,5.283793713027949
8602,2023-12-25 10:00:00,9.1,2.7,64,5.576114892614196
8603,2023-12-25 11:00:00,10.2,2.8,60,6.203329903867429
8604,2023-12-25 12:00:00,11.4,3.0,56,6.890352942801378
8605,2023-12-25 13:00:00,12.4,3.5,55,7.6727751555441355
8606,2023-12-25 14:00:00,13.1,3.5,52,7.975884740140852
8607,2023-12-25 15:00:00,13.6,3.5,51,8.303384497356815
8608,2023-12-25 16:00:00,13.5,3.3,50,8.110670691645014
8609,2023-12-25 17:00:00,13.0,3.0,51,7.784976148941423
8610,2023-12-25 18:00:00,12.1,3.0,54,7.308430977091756
8611,2023-12-25 19:00:00,11.1,2.5,55,6.528686617271594
8612,2023-12-25 20:00:00,10.4,2.9,60,6.383057791860031
8613,2023-12-25 21:00:00,9.7,2.6,61,5.846080601533815
8614,2023-12-25 22:00:00,8.9,2.5,64,5.393626352946729
8615,2023-12-25 23:00:00,8.5,2.4,65,5.117615658684267
8616,2023-12-26 00:00:00,7.9,2.3,68,4.831034256179894
8617,2023-12-26 01:00:00,7.9,2.2,67,4.743082981431526
8618,2023-12-26 02:00:00,7.4,2.0,68,4.368327632176953
8619,2023-12-26 03:00:00,7.2,1.8,69,4.2693398589012315
8620,2023-12-26 04:00:00,6.6,1.4,69,3.7122173701029393
8621,2023-12-26 05:00:00,6.4,1.1,69,3.526509505605768
8622,2023-12-26 06:00:00,5.9,1.2,72,3.3108803251003547
8623,2023-12-26 07:00:00,5.6,1.8,76,3.3635190819421954
8624,2023-12-26 08:00:00,5.9,2.3,78,3.819465082607927
8625,2023-12-26 09:00:00,6.8,2.3,74,4.327872240837522
8626,2023-12-26 10:00:00,7.8,1.9,66,4.563555426727444
8627,2023-12-26 11:00:00,8.9,2.0,62,5.21384012968635
8628,2023-12-26 12:00:00,10.4,3.2,61,6.477601630542109
8629,2023-12-26 13:00:00,11.8,4.1,59,7.541740439703645
8630,2023-12-26 14:00:00,12.8,4.1,56,8.127819223782348
8631,2023-12-26 15:00:00,13.2,4.0,54,8.272203209350945
8632,2023-12-26 16:00:00,13.8,5.4,57,9.118484364189612
8633,2023-12-26 17:00:00,13.8,7.3,65,9.971082079703166
8634,2023-12-26 18:00:00,13.1,8.1,72,10.061748883310734
8635,2023-12-26 19:00:00,10.1,8.1,87,8.717259235029676
8636,2023-12-26 20:00:00,10.2,8.4,89,9.015891320587516
8637,2023-12-26 21:00:00,11.0,8.8,86,9.49536456974678
8638,2023-12-26 22:00:00,10.2,8.9,92,9.319255290664689
8639,2023-12-26 23:00:00,9.9,8.9,93,9.123368340072355
8640,2023-12-27 00:00:00,8.9,8.3,96,8.429571696406358
8641,2023-12-27 01:00:00,10.4,9.2,93,9.619322465665984
8642,2023-12-27 02:00:00,8.3,7.9,98,8.02818790086516
8643,2023-12-27 03:00:00,7.8,7.6,98,7.526747632796065
8644,2023-12-27 04:00:00,7.2,7.0,99,7.0220702313818535
8645,2023-12-27 05:00:00,7.4,7.2,98,7.1255951146962975
8646,2023-12-27 06:00:00,8.5,7.3,92,7.6368709213505355
8647,2023-12-27 07:00:00,8.1,6.1,87,6.7615420056006865
8648,2023-12-27 08:00:00,7.0,5.1,87,5.685893601778053
8649,2023-12-27 09:00:00,7.4,5.1,85,5.891068035842185
8650,2023-12-27 10:00:00,9.5,6.0,79,7.352347805127321
8651,2023-12-27 11:00:00,12.2,6.4,67,8.708692397885564
8652,2023-12-27 12:00:00,14.9,5.1,52,9.538514096448925
8653,2023-12-27 13:00:00,16.8,2.5,39,9.589985866120081
8654,2023-12-27 14:00:00,17.4,2.0,36,9.678547138855246
8655,2023-12-27 15:00:00,17.2,1.1,34,9.25277141454297
8656,2023-12-27 16:00:00,16.8,1.3,35,9.07275433418102
8657,2023-12-27 17:00:00,15.9,1.6,38,8.739839047884345
8658,2023-12-27 18:00:00,13.9,2.2,45,7.91101716673222
8659,2023-12-27 19:00:00,11.4,1.7,51,6.4025402491116346
8660,2023-12-27 20:00:00,11.6,2.0,52,6.673675747621079
8661,2023-12-27 21:00:00,10.9,2.0,55,6.352671974641233
8662,2023-12-27 22:00:00,10.1,2.0,57,5.834070414676155
8663,2023-12-27 23:00:00,9.2,2.4,62,5.485536364138335
8664,2023-12-28 00:00:00,8.4,2.2,65,5.026039550766466
8665,2023-12-28 01:00:00,7.6,1.8,67,4.466409439692132
8666,2023-12-28 02:00:00,6.6,1.5,70,3.796829689719919
8667,2023-12-28 03:00:00,5.7,1.4,74,3.2900428620629425
8668,2023-12-28 04:00:00,4.6,1.5,80,2.744202138879242
8669,2023-12-28 05:00:00,4.4,1.5,82,2.7188196774878053
8670,2023-12-28 06:00:00,4.1,1.5,84,2.5961656291404163
8671,2023-12-28 07:00:00,3.8,1.5,86,2.4723502129270134
8672,2023-12-28 08:00:00,3.3,0.6,82,1.6569484451396477
8673,2023-12-28 09:00:00,4.2,0.6,78,2.19646753768635
8674,2023-12-28 10:00:00,6.6,0.8,66,3.460716669298076
8675,2023-12-28 11:00:00,8.4,-0.5,54,4.066587605718313
8676,2023-12-28 12:00:00,9.8,-0.1,50,4.9292851299061695
8677,2023-12-28 13:00:00,10.9,0.6,49,5.779727955167045
8678,2023-12-28 14:00:00,11.7,1.2,49,6.464180821861731
8679,2023-12-28 15:00:00,12.4,1.7,48,6.961166756396096
8680,2023-12-28 16:00:00,13.1,0.9,43,7.0288913094437415
8681,2023-12-28 17:00:00,12.8,0.9,44,6.885167691253525
8682,2023-12-28 18:00:00,11.9,1.4,48,6.535563111375822
8683,2023-12-28 19:00:00,9.2,1.4,58,5.124769476742502
8684,2023-12-28 20:00:00,8.8,2.0,62,5.123274606328641
8685,2023-12-28 21:00:00,8.4,1.8,63,4.849062661699643
8686,2023-12-28 22:00:00,7.9,1.4,63,4.394522751800597
8687,2023-12-28 23:00:00,7.5,1.2,65,4.201852279342763
8688,2023-12-29 00:00:00,6.9,1.1,67,3.8208361476646235
8689,2023-12-29 01:00:00,5.9,1.5,73,3.3946005650757485
8690,2023-12-29 02:00:00,4.3,1.5,82,2.6222860862767545
8691,2023-12-29 03:00:00,4.2,1.4,81,2.442724011393267
8692,2023-12-29 04:00:00,3.8,0.8,81,2.0576311535710534
8693,2023-12-29 05:00:00,3.5,0.5,81,1.7688111663247632
8694,2023-12-29 06:00:00,3.2,0.4,82,1.5604145056884722
8695,2023-12-29 07:00:00,2.8,0.0,82,1.1742784234503496
8696,2023-12-29 08:00:00,2.0,-0.9,81,0.32470669161475296
8697,2023-12-29 09:00:00,2.8,-0.6,78,0.8598735381875526
8698,2023-12-29 10:00:00,5.1,-0.2,68,2.2398617731302926
8699,2023-12-29 11:00:00,6.8,-0.1,61,3.2297487043687756
8700,2023-12-29 12:00:00,8.6,0.0,55,4.328482839106657
8701,2023-12-29 13:00:00,9.9,0.2,51,5.106487483575707
8702,2023-12-29 14:00:00,10.9,0.5,49,5.779727955167045
8703,2023-12-29 15:00:00,11.6,0.6,47,6.181708406523368
8704,2023-12-29 16:00:00,12.1,0.4,45,6.403270863437042
8705,2023-12-29 17:00:00,12.0,0.1,44,6.218812982198166
8706,2023-12-29 18:00:00,11.0,0.5,48,5.769470650888405
8707,2023-12-29 19:00:00,8.7,0.4,56,4.503773948619452
8708,2023-12-29 20:00:00,8.2,0.4,58,4.233358844382311
8709,2023-12-29 21:00:00,7.8,0.4,59,3.961529367619775
8710,2023-12-29 22:00:00,7.7,0.1,59,3.8720227916634666
8711,2023-12-29 23:00:00,7.0,0.2,62,3.4930853157935537
8712,2023-12-30 00:00:00,6.6,0.6,66,3.460716669298076
8713,2023-12-30 01:00:00,6.1,0.6,68,3.165284893688269
8714,2023-12-30 02:00:00,5.3,0.6,72,2.748298815404681
8715,2023-12-30 03:00:00,4.6,0.6,76,2.4143470060176
8716,2023-12-30 04:00:00,3.8,0.6,79,1.895111849728071
8717,2023-12-30 05:00:00,3.0,0.4,83,1.4477572563361623
8718,2023-12-30 06:00:00,2.4,0.4,87,1.1876947485218565
8719,2023-12-30 07:00:00,1.9,0.2,89,0.8597810638657393
8720,2023-12-30 08:00:00,1.3,-0.3,89,0.27017617546310646
8721,2023-12-30 09:00:00,2.9,0.4,84,1.4316279666756335
8722,2023-12-30 10:00:00,6.6,2.1,73,4.053005061595403
8723,2023-12-30 11:00:00,10.4,3.6,63,6.6672088500840285
8724,2023-12-30 12:00:00,13.0,3.3,52,7.889071327264116
8725,2023-12-30 13:00:00,14.8,2.7,44,8.55102454064929
8726,2023-12-30 14:00:00,16.0,2.0,39,8.94366319960951
8727,2023-12-30 15:00:00,16.8,1.7,36,9.203609474290916
8728,2023-12-30 16:00:00,17.0,1.8,36,9.361922564117057
8729,2023-12-30 17:00:00,16.8,2.3,38,9.462160695094711
8730,2023-12-30 18:00:00,14.6,6.0,56,9.718829712541346
8731,2023-12-30 19:00:00,12.4,3.8,56,7.774258689791676
8732,2023-12-30 20:00:00,10.3,3.6,63,6.576302035079049
8733,2023-12-30 21:00:00,9.4,3.3,66,6.033996017814623
8734,2023-12-30 22:00:00,8.1,3.2,71,5.283793713027949
8735,2023-12-30 23:00:00,7.5,3.8,77,5.256782100152753
8736,2023-12-31 00:00:00,7.4,4.8,84,5.798622984390487
8737,2023-12-31 01:00:00,7.4,4.8,83,5.7065381467470395
8738,2023-12-31 02:00:00,7.3,4.1,80,5.336435903414776
8739,2023-12-31 03:00:00,6.9,3.5,79,4.863095082789069
8740,2023-12-31 04:00:00,6.7,3.5,81,4.849542933857382
8741,2023-12-31 05:00:00,6.3,3.7,83,4.641848151444579
8742,2023-12-31 06:00:00,5.8,3.7,86,4.423200537208267
8743,2023-12-31 07:00:00,5.5,3.7,88,4.308035115261442
8744,2023-12-31 08:00:00,5.3,3.8,90,4.290157644807968
8745,2023-12-31 09:00:00,7.3,5.7,90,6.260194196383216
8746,2023-12-31 10:00:00,11.3,7.8,79,9.075665078650825
8747,2023-12-31 11:00:00,14.6,10.1,74,11.686904383709766
8748,2023-12-31 12:00:00,17.5,11.9,70,13.951190018319359
8749,2023-12-31 13:00:00,19.5,13.1,67,15.44084108204547
8750,2023-12-31 14:00:00,20.6,12.1,58,15.286446574852619
8751,2023-12-31 15:00:00,21.2,11.2,53,15.144730520545693
8752,2023-12-31 16:00:00,21.5,10.2,49,14.848323386993485
8753,2023-12-31 17:00:00,21.2,10.6,50,14.731067483164878
8754,2023-12-31 18:00:00,18.6,12.1,65,14.366574217583342
8755,2023-12-31 19:00:00,16.3,11.8,75,13.405109276133697
8756,2023-12-31 20:00:00,16.4,12.1,76,13.614367855740053
8757,2023-12-31 21:00:00,15.8,12.0,78,13.270861544542488
8758,2023-12-31 22:00:00,15.6,11.9,79,13.192443878031352
8759,2023-12-31 23:00:00,15.2,12.1,82,13.144285141230753
