hour,datetime_utc,price_usd_per_mwh
0,2022-01-01 06:00:00+00:00,33.2
1,2022-01-01 07:00:00+00:00,25.65
2,2022-01-01 08:00:00+00:00,23.01
3,2022-01-01 09:00:00+00:00,18.56
4,2022-01-01 10:00:00+00:00,12.74
5,2022-01-01 11:00:00+00:00,15.62
6,2022-01-01 12:00:00+00:00,17.11
7,2022-01-01 13:00:00+00:00,18.78
8,2022-01-01 14:00:00+00:00,19.87
9,2022-01-01 15:00:00+00:00,21.38
10,2022-01-01 16:00:00+00:00,24.05
11,2022-01-01 17:00:00+00:00,27.21
12,2022-01-01 18:00:00+00:00,28.3
13,2022-01-01 19:00:00+00:00,29.71
14,2022-01-01 20:00:00+00:00,29.94
15,2022-01-01 21:00:00+00:00,28.37
16,2022-01-01 22:00:00+00:00,33.0
17,2022-01-01 23:00:00+00:00,43.67
18,2022-01-02 00:00:00+00:00,30.21
19,2022-01-02 01:00:00+00:00,27.31
20,2022-01-02 02:00:00+00:00,24.8
21,2022-01-02 03:00:00+00:00,25.04
22,2022-01-02 04:00:00+00:00,25.65
23,2022-01-02 05:00:00+00:00,25.18
24,2022-01-02 06:00:00+00:00,27.1
25,2022-01-02 07:00:00+00:00,25.22
26,2022-01-02 08:00:00+00:00,24.16
27,2022-01-02 09:00:00+00:00,22.67
28,2022-01-02 10:00:00+00:00,23.24
29,2022-01-02 11:00:00+00:00,25.33
30,2022-01-02 12:00:00+00:00,29.83
31,2022-01-02 13:00:00+00:00,37.26
32,2022-01-02 14:00:00+00:00,43.09
33,2022-01-02 15:00:00+00:00,36.6
34,2022-01-02 16:00:00+00:00,34.77
35,2022-01-02 17:00:00+00:00,32.75
36,2022-01-02 18:00:00+00:00,29.58
37,2022-01-02 19:00:00+00:00,26.65
38,2022-01-02 20:00:00+00:00,25.68
39,2022-01-02 21:00:00+00:00,25.22
40,2022-01-02 22:00:00+00:00,30.4
41,2022-01-02 23:00:00+00:00,78.12
42,2022-01-03 00:00:00+00:00,91.17
43,2022-01-03 01:00:00+00:00,70.67
44,2022-01-03 02:00:00+00:00,61.36
45,2022-01-03 03:00:00+00:00,48.02
46,2022-01-03 04:00:00+00:00,39.24
47,2022-01-03 05:00:00+00:00,36.78
48,2022-01-03 06:00:00+00:00,30.84
49,2022-01-03 07:00:00+00:00,30.36
50,2022-01-03 08:00:00+00:00,29.95
51,2022-01-03 09:00:00+00:00,29.6
52,2022-01-03 10:00:00+00:00,30.5
53,2022-01-03 11:00:00+00:00,38.01
54,2022-01-03 12:00:00+00:00,91.4
55,2022-01-03 13:00:00+00:00,99.07
56,2022-01-03 14:00:00+00:00,47.58
57,2022-01-03 15:00:00+00:00,35.27
58,2022-01-03 16:00:00+00:00,29.96
59,2022-01-03 17:00:00+00:00,28.13
60,2022-01-03 18:00:00+00:00,27.08
61,2022-01-03 19:00:00+00:00,25.46
62,2022-01-03 20:00:00+00:00,24.6
63,2022-01-03 21:00:00+00:00,23.54
64,2022-01-03 22:00:00+00:00,26.77
65,2022-01-03 23:00:00+00:00,47.25
66,2022-01-04 00:00:00+00:00,36.0
67,2022-01-04 01:00:00+00:00,31.6
68,2022-01-04 02:00:00+00:00,32.08
69,2022-01-04 03:00:00+00:00,30.47
70,2022-01-04 04:00:00+00:00,28.49
71,2022-01-04 05:00:00+00:00,25.85
72,2022-01-04 06:00:00+00:00,20.46
73,2022-01-04 07:00:00+00:00,19.12
74,2022-01-04 08:00:00+00:00,19.81
75,2022-01-04 09:00:00+00:00,20.56
76,2022-01-04 10:00:00+00:00,25.06
77,2022-01-04 11:00:00+00:00,26.31
78,2022-01-04 12:00:00+00:00,41.16
79,2022-01-04 13:00:00+00:00,42.04
80,2022-01-04 14:00:00+00:00,36.73
81,2022-01-04 15:00:00+00:00,27.43
82,2022-01-04 16:00:00+00:00,23.93
83,2022-01-04 17:00:00+00:00,23.31
84,2022-01-04 18:00:00+00:00,20.78
85,2022-01-04 19:00:00+00:00,19.53
86,2022-01-04 20:00:00+00:00,19.22
87,2022-01-04 21:00:00+00:00,18.95
88,2022-01-04 22:00:00+00:00,21.55
89,2022-01-04 23:00:00+00:00,44.14
90,2022-01-05 00:00:00+00:00,34.06
91,2022-01-05 01:00:00+00:00,29.23
92,2022-01-05 02:00:00+00:00,26.1
93,2022-01-05 03:00:00+00:00,24.54
94,2022-01-05 04:00:00+00:00,25.81
95,2022-01-05 05:00:00+00:00,24.29
96,2022-01-05 06:00:00+00:00,22.97
97,2022-01-05 07:00:00+00:00,22.08
98,2022-01-05 08:00:00+00:00,22.18
99,2022-01-05 09:00:00+00:00,22.42
100,2022-01-05 10:00:00+00:00,24.6
101,2022-01-05 11:00:00+00:00,29.25
102,2022-01-05 12:00:00+00:00,32.8
103,2022-01-05 13:00:00+00:00,34.68
104,2022-01-05 14:00:00+00:00,27.61
105,2022-01-05 15:00:00+00:00,23.92
106,2022-01-05 16:00:00+00:00,23.34
107,2022-01-05 17:00:00+00:00,23.62
108,2022-01-05 18:00:00+00:00,23.56
109,2022-01-05 19:00:00+00:00,23.22
110,2022-01-05 20:00:00+00:00,22.89
111,2022-01-05 21:00:00+00:00,22.66
112,2022-01-05 22:00:00+00:00,24.95
113,2022-01-05 23:00:00+00:00,60.12
114,2022-01-06 00:00:00+00:00,47.21
115,2022-01-06 01:00:00+00:00,34.39
116,2022-01-06 02:00:00+00:00,31.17
117,2022-01-06 03:00:00+00:00,25.28
118,2022-01-06 04:00:00+00:00,26.87
119,2022-01-06 05:00:00+00:00,25.07
120,2022-01-06 06:00:00+00:00,25.12
121,2022-01-06 07:00:00+00:00,23.17
122,2022-01-06 08:00:00+00:00,23.07
123,2022-01-06 09:00:00+00:00,22.12
124,2022-01-06 10:00:00+00:00,23.19
125,2022-01-06 11:00:00+00:00,24.92
126,2022-01-06 12:00:00+00:00,28.1
127,2022-01-06 13:00:00+00:00,28.58
128,2022-01-06 14:00:00+00:00,25.88
129,2022-01-06 15:00:00+00:00,24.05
130,2022-01-06 16:00:00+00:00,24.07
131,2022-01-06 17:00:00+00:00,24.43
132,2022-01-06 18:00:00+00:00,24.43
133,2022-01-06 19:00:00+00:00,25.41
134,2022-01-06 20:00:00+00:00,25.09
135,2022-01-06 21:00:00+00:00,25.62
136,2022-01-06 22:00:00+00:00,28.98
137,2022-01-06 23:00:00+00:00,61.36
138,2022-01-07 00:00:00+00:00,54.7
139,2022-01-07 01:00:00+00:00,46.49
140,2022-01-07 02:00:00+00:00,43.29
141,2022-01-07 03:00:00+00:00,31.1
142,2022-01-07 04:00:00+00:00,30.32
143,2022-01-07 05:00:00+00:00,30.51
144,2022-01-07 06:00:00+00:00,29.54
145,2022-01-07 07:00:00+00:00,28.96
146,2022-01-07 08:00:00+00:00,28.74
147,2022-01-07 09:00:00+00:00,29.25
148,2022-01-07 10:00:00+00:00,32.14
149,2022-01-07 11:00:00+00:00,35.31
150,2022-01-07 12:00:00+00:00,77.68
151,2022-01-07 13:00:00+00:00,64.91
152,2022-01-07 14:00:00+00:00,41.46
153,2022-01-07 15:00:00+00:00,30.54
154,2022-01-07 16:00:00+00:00,27.38
155,2022-01-07 17:00:00+00:00,27.46
156,2022-01-07 18:00:00+00:00,25.16
157,2022-01-07 19:00:00+00:00,25.12
158,2022-01-07 20:00:00+00:00,22.32
159,2022-01-07 21:00:00+00:00,21.88
160,2022-01-07 22:00:00+00:00,23.97
161,2022-01-07 23:00:00+00:00,29.4
162,2022-01-08 00:00:00+00:00,29.84
163,2022-01-08 01:00:00+00:00,27.34
164,2022-01-08 02:00:00+00:00,26.05
165,2022-01-08 03:00:00+00:00,25.87
166,2022-01-08 04:00:00+00:00,27.14
167,2022-01-08 05:00:00+00:00,26.47
168,2022-01-08 06:00:00+00:00,32.34
169,2022-01-08 07:00:00+00:00,28.34
170,2022-01-08 08:00:00+00:00,26.0
171,2022-01-08 09:00:00+00:00,25.22
172,2022-01-08 10:00:00+00:00,25.66
173,2022-01-08 11:00:00+00:00,25.51
174,2022-01-08 12:00:00+00:00,26.06
175,2022-01-08 13:00:00+00:00,29.86
176,2022-01-08 14:00:00+00:00,33.5
177,2022-01-08 15:00:00+00:00,33.94
178,2022-01-08 16:00:00+00:00,28.94
179,2022-01-08 17:00:00+00:00,28.55
180,2022-01-08 18:00:00+00:00,25.37
181,2022-01-08 19:00:00+00:00,23.8
182,2022-01-08 20:00:00+00:00,22.55
183,2022-01-08 21:00:00+00:00,21.92
184,2022-01-08 22:00:00+00:00,24.43
185,2022-01-08 23:00:00+00:00,49.97
186,2022-01-09 00:00:00+00:00,43.35
187,2022-01-09 01:00:00+00:00,31.12
188,2022-01-09 02:00:00+00:00,26.28
189,2022-01-09 03:00:00+00:00,25.64
190,2022-01-09 04:00:00+00:00,27.05
191,2022-01-09 05:00:00+00:00,25.2
192,2022-01-09 06:00:00+00:00,27.19
193,2022-01-09 07:00:00+00:00,21.14
194,2022-01-09 08:00:00+00:00,19.69
195,2022-01-09 09:00:00+00:00,18.66
196,2022-01-09 10:00:00+00:00,19.45
197,2022-01-09 11:00:00+00:00,20.86
198,2022-01-09 12:00:00+00:00,23.22
199,2022-01-09 13:00:00+00:00,23.94
200,2022-01-09 14:00:00+00:00,25.4
201,2022-01-09 15:00:00+00:00,25.17
202,2022-01-09 16:00:00+00:00,25.12
203,2022-01-09 17:00:00+00:00,25.38
204,2022-01-09 18:00:00+00:00,25.75
205,2022-01-09 19:00:00+00:00,25.54
206,2022-01-09 20:00:00+00:00,25.29
207,2022-01-09 21:00:00+00:00,26.12
208,2022-01-09 22:00:00+00:00,25.79
209,2022-01-09 23:00:00+00:00,42.79
210,2022-01-10 00:00:00+00:00,44.2
211,2022-01-10 01:00:00+00:00,39.14
212,2022-01-10 02:00:00+00:00,38.82
213,2022-01-10 03:00:00+00:00,35.23
214,2022-01-10 04:00:00+00:00,28.77
215,2022-01-10 05:00:00+00:00,27.13
216,2022-01-10 06:00:00+00:00,28.91
217,2022-01-10 07:00:00+00:00,25.21
218,2022-01-10 08:00:00+00:00,26.48
219,2022-01-10 09:00:00+00:00,27.69
220,2022-01-10 10:00:00+00:00,30.45
221,2022-01-10 11:00:00+00:00,37.7
222,2022-01-10 12:00:00+00:00,58.46
223,2022-01-10 13:00:00+00:00,61.98
224,2022-01-10 14:00:00+00:00,43.49
225,2022-01-10 15:00:00+00:00,31.91
226,2022-01-10 16:00:00+00:00,28.48
227,2022-01-10 17:00:00+00:00,26.86
228,2022-01-10 18:00:00+00:00,25.43
229,2022-01-10 19:00:00+00:00,24.19
230,2022-01-10 20:00:00+00:00,23.43
231,2022-01-10 21:00:00+00:00,23.5
232,2022-01-10 22:00:00+00:00,26.69
233,2022-01-10 23:00:00+00:00,74.21
234,2022-01-11 00:00:00+00:00,70.86
235,2022-01-11 01:00:00+00:00,44.62
236,2022-01-11 02:00:00+00:00,42.31
237,2022-01-11 03:00:00+00:00,31.88
238,2022-01-11 04:00:00+00:00,35.96
239,2022-01-11 05:00:00+00:00,31.51
240,2022-01-11 06:00:00+00:00,32.33
241,2022-01-11 07:00:00+00:00,28.48
242,2022-01-11 08:00:00+00:00,26.45
243,2022-01-11 09:00:00+00:00,26.29
244,2022-01-11 10:00:00+00:00,29.41
245,2022-01-11 11:00:00+00:00,37.05
246,2022-01-11 12:00:00+00:00,59.39
247,2022-01-11 13:00:00+00:00,63.7
248,2022-01-11 14:00:00+00:00,44.52
249,2022-01-11 15:00:00+00:00,41.62
250,2022-01-11 16:00:00+00:00,31.69
251,2022-01-11 17:00:00+00:00,28.29
252,2022-01-11 18:00:00+00:00,25.57
253,2022-01-11 19:00:00+00:00,24.87
254,2022-01-11 20:00:00+00:00,24.07
255,2022-01-11 21:00:00+00:00,24.27
256,2022-01-11 22:00:00+00:00,26.69
257,2022-01-11 23:00:00+00:00,66.15
258,2022-01-12 00:00:00+00:00,50.61
259,2022-01-12 01:00:00+00:00,31.1
260,2022-01-12 02:00:00+00:00,32.37
261,2022-01-12 03:00:00+00:00,30.06
262,2022-01-12 04:00:00+00:00,29.86
263,2022-01-12 05:00:00+00:00,27.94
264,2022-01-12 06:00:00+00:00,23.4
265,2022-01-12 07:00:00+00:00,23.62
266,2022-01-12 08:00:00+00:00,24.57
267,2022-01-12 09:00:00+00:00,25.05
268,2022-01-12 10:00:00+00:00,29.35
269,2022-01-12 11:00:00+00:00,36.51
270,2022-01-12 12:00:00+00:00,57.88
271,2022-01-12 13:00:00+00:00,59.17
272,2022-01-12 14:00:00+00:00,44.02
273,2022-01-12 15:00:00+00:00,30.16
274,2022-01-12 16:00:00+00:00,30.0
275,2022-01-12 17:00:00+00:00,27.06
276,2022-01-12 18:00:00+00:00,25.17
277,2022-01-12 19:00:00+00:00,24.88
278,2022-01-12 20:00:00+00:00,24.55
279,2022-01-12 21:00:00+00:00,24.24
280,2022-01-12 22:00:00+00:00,26.69
281,2022-01-12 23:00:00+00:00,66.04
282,2022-01-13 00:00:00+00:00,63.69
283,2022-01-13 01:00:00+00:00,46.23
284,2022-01-13 02:00:00+00:00,45.23
285,2022-01-13 03:00:00+00:00,37.92
286,2022-01-13 04:00:00+00:00,32.82
287,2022-01-13 05:00:00+00:00,32.58
288,2022-01-13 06:00:00+00:00,30.88
289,2022-01-13 07:00:00+00:00,28.05
290,2022-01-13 08:00:00+00:00,27.67
291,2022-01-13 09:00:00+00:00,27.23
292,2022-01-13 10:00:00+00:00,27.97
293,2022-01-13 11:00:00+00:00,38.56
294,2022-01-13 12:00:00+00:00,54.69
295,2022-01-13 13:00:00+00:00,57.62
296,2022-01-13 14:00:00+00:00,43.25
297,2022-01-13 15:00:00+00:00,33.94
298,2022-01-13 16:00:00+00:00,28.7
299,2022-01-13 17:00:00+00:00,27.87
300,2022-01-13 18:00:00+00:00,27.61
301,2022-01-13 19:00:00+00:00,26.69
302,2022-01-13 20:00:00+00:00,25.64
303,2022-01-13 21:00:00+00:00,25.68
304,2022-01-13 22:00:00+00:00,27.2
305,2022-01-13 23:00:00+00:00,61.38
306,2022-01-14 00:00:00+00:00,61.33
307,2022-01-14 01:00:00+00:00,43.6
308,2022-01-14 02:00:00+00:00,38.78
309,2022-01-14 03:00:00+00:00,31.81
310,2022-01-14 04:00:00+00:00,32.67
311,2022-01-14 05:00:00+00:00,29.73
312,2022-01-14 06:00:00+00:00,31.13
313,2022-01-14 07:00:00+00:00,28.57
314,2022-01-14 08:00:00+00:00,25.86
315,2022-01-14 09:00:00+00:00,24.26
316,2022-01-14 10:00:00+00:00,26.68
317,2022-01-14 11:00:00+00:00,32.74
318,2022-01-14 12:00:00+00:00,48.18
319,2022-01-14 13:00:00+00:00,38.41
320,2022-01-14 14:00:00+00:00,33.71
321,2022-01-14 15:00:00+00:00,34.63
322,2022-01-14 16:00:00+00:00,30.23
323,2022-01-14 17:00:00+00:00,29.91
324,2022-01-14 18:00:00+00:00,28.38
325,2022-01-14 19:00:00+00:00,26.3
326,2022-01-14 20:00:00+00:00,25.07
327,2022-01-14 21:00:00+00:00,24.64
328,2022-01-14 22:00:00+00:00,30.12
329,2022-01-14 23:00:00+00:00,52.1
330,2022-01-15 00:00:00+00:00,31.46
331,2022-01-15 01:00:00+00:00,29.16
332,2022-01-15 02:00:00+00:00,28.57
333,2022-01-15 03:00:00+00:00,25.19
334,2022-01-15 04:00:00+00:00,21.67
335,2022-01-15 05:00:00+00:00,17.37
336,2022-01-15 06:00:00+00:00,13.14
337,2022-01-15 07:00:00+00:00,13.42
338,2022-01-15 08:00:00+00:00,13.92
339,2022-01-15 09:00:00+00:00,14.74
340,2022-01-15 10:00:00+00:00,17.45
341,2022-01-15 11:00:00+00:00,17.48
342,2022-01-15 12:00:00+00:00,29.07
343,2022-01-15 13:00:00+00:00,26.9
344,2022-01-15 14:00:00+00:00,28.05
345,2022-01-15 15:00:00+00:00,29.1
346,2022-01-15 16:00:00+00:00,31.31
347,2022-01-15 17:00:00+00:00,31.9
348,2022-01-15 18:00:00+00:00,29.08
349,2022-01-15 19:00:00+00:00,25.97
350,2022-01-15 20:00:00+00:00,25.66
351,2022-01-15 21:00:00+00:00,25.06
352,2022-01-15 22:00:00+00:00,25.22
353,2022-01-15 23:00:00+00:00,42.53
354,2022-01-16 00:00:00+00:00,43.06
355,2022-01-16 01:00:00+00:00,41.52
356,2022-01-16 02:00:00+00:00,44.31
357,2022-01-16 03:00:00+00:00,45.84
358,2022-01-16 04:00:00+00:00,43.47
359,2022-01-16 05:00:00+00:00,41.46
360,2022-01-16 06:00:00+00:00,36.68
361,2022-01-16 07:00:00+00:00,35.07
362,2022-01-16 08:00:00+00:00,36.3
363,2022-01-16 09:00:00+00:00,37.81
364,2022-01-16 10:00:00+00:00,40.25
365,2022-01-16 11:00:00+00:00,42.67
366,2022-01-16 12:00:00+00:00,66.35
367,2022-01-16 13:00:00+00:00,70.38
368,2022-01-16 14:00:00+00:00,51.92
369,2022-01-16 15:00:00+00:00,35.92
370,2022-01-16 16:00:00+00:00,32.39
371,2022-01-16 17:00:00+00:00,29.57
372,2022-01-16 18:00:00+00:00,27.27
373,2022-01-16 19:00:00+00:00,26.47
374,2022-01-16 20:00:00+00:00,25.41
375,2022-01-16 21:00:00+00:00,25.16
376,2022-01-16 22:00:00+00:00,27.36
377,2022-01-16 23:00:00+00:00,56.44
378,2022-01-17 00:00:00+00:00,58.03
379,2022-01-17 01:00:00+00:00,44.81
380,2022-01-17 02:00:00+00:00,40.11
381,2022-01-17 03:00:00+00:00,35.5
382,2022-01-17 04:00:00+00:00,35.67
383,2022-01-17 05:00:00+00:00,31.41
384,2022-01-17 06:00:00+00:00,28.63
385,2022-01-17 07:00:00+00:00,27.5
386,2022-01-17 08:00:00+00:00,28.31
387,2022-01-17 09:00:00+00:00,30.24
388,2022-01-17 10:00:00+00:00,36.12
389,2022-01-17 11:00:00+00:00,42.82
390,2022-01-17 12:00:00+00:00,86.35
391,2022-01-17 13:00:00+00:00,88.2
392,2022-01-17 14:00:00+00:00,51.32
393,2022-01-17 15:00:00+00:00,35.66
394,2022-01-17 16:00:00+00:00,33.64
395,2022-01-17 17:00:00+00:00,31.17
396,2022-01-17 18:00:00+00:00,29.85
397,2022-01-17 19:00:00+00:00,27.65
398,2022-01-17 20:00:00+00:00,26.08
399,2022-01-17 21:00:00+00:00,25.23
400,2022-01-17 22:00:00+00:00,26.86
401,2022-01-17 23:00:00+00:00,44.21
402,2022-01-18 00:00:00+00:00,36.39
403,2022-01-18 01:00:00+00:00,30.5
404,2022-01-18 02:00:00+00:00,29.51
405,2022-01-18 03:00:00+00:00,28.06
406,2022-01-18 04:00:00+00:00,27.51
407,2022-01-18 05:00:00+00:00,23.46
408,2022-01-18 06:00:00+00:00,20.56
409,2022-01-18 07:00:00+00:00,20.37
410,2022-01-18 08:00:00+00:00,20.55
411,2022-01-18 09:00:00+00:00,21.14
412,2022-01-18 10:00:00+00:00,23.67
413,2022-01-18 11:00:00+00:00,34.4
414,2022-01-18 12:00:00+00:00,42.92
415,2022-01-18 13:00:00+00:00,45.74
416,2022-01-18 14:00:00+00:00,32.57
417,2022-01-18 15:00:00+00:00,29.34
418,2022-01-18 16:00:00+00:00,25.02
419,2022-01-18 17:00:00+00:00,24.04
420,2022-01-18 18:00:00+00:00,23.61
421,2022-01-18 19:00:00+00:00,22.34
422,2022-01-18 20:00:00+00:00,23.98
423,2022-01-18 21:00:00+00:00,23.16
424,2022-01-18 22:00:00+00:00,25.09
425,2022-01-18 23:00:00+00:00,40.05
426,2022-01-19 00:00:00+00:00,46.74
427,2022-01-19 01:00:00+00:00,30.43
428,2022-01-19 02:00:00+00:00,30.8
429,2022-01-19 03:00:00+00:00,27.9
430,2022-01-19 04:00:00+00:00,25.43
431,2022-01-19 05:00:00+00:00,22.83
432,2022-01-19 06:00:00+00:00,20.63
433,2022-01-19 07:00:00+00:00,17.71
434,2022-01-19 08:00:00+00:00,16.87
435,2022-01-19 09:00:00+00:00,18.27
436,2022-01-19 10:00:00+00:00,21.13
437,2022-01-19 11:00:00+00:00,28.5
438,2022-01-19 12:00:00+00:00,36.95
439,2022-01-19 13:00:00+00:00,39.67
440,2022-01-19 14:00:00+00:00,32.91
441,2022-01-19 15:00:00+00:00,25.51
442,2022-01-19 16:00:00+00:00,25.6
443,2022-01-19 17:00:00+00:00,25.53
444,2022-01-19 18:00:00+00:00,27.59
445,2022-01-19 19:00:00+00:00,27.01
446,2022-01-19 20:00:00+00:00,26.26
447,2022-01-19 21:00:00+00:00,25.37
448,2022-01-19 22:00:00+00:00,27.73
449,2022-01-19 23:00:00+00:00,39.8
450,2022-01-20 00:00:00+00:00,41.34
451,2022-01-20 01:00:00+00:00,34.25
452,2022-01-20 02:00:00+00:00,31.61
453,2022-01-20 03:00:00+00:00,28.73
454,2022-01-20 04:00:00+00:00,30.15
455,2022-01-20 05:00:00+00:00,29.24
456,2022-01-20 06:00:00+00:00,26.25
457,2022-01-20 07:00:00+00:00,27.38
458,2022-01-20 08:00:00+00:00,28.27
459,2022-01-20 09:00:00+00:00,28.32
460,2022-01-20 10:00:00+00:00,29.46
461,2022-01-20 11:00:00+00:00,35.0
462,2022-01-20 12:00:00+00:00,39.03
463,2022-01-20 13:00:00+00:00,42.77
464,2022-01-20 14:00:00+00:00,43.24
465,2022-01-20 15:00:00+00:00,40.78
466,2022-01-20 16:00:00+00:00,39.76
467,2022-01-20 17:00:00+00:00,40.78
468,2022-01-20 18:00:00+00:00,38.97
469,2022-01-20 19:00:00+00:00,38.62
470,2022-01-20 20:00:00+00:00,34.98
471,2022-01-20 21:00:00+00:00,37.48
472,2022-01-20 22:00:00+00:00,41.94
473,2022-01-20 23:00:00+00:00,75.44
474,2022-01-21 00:00:00+00:00,88.94
475,2022-01-21 01:00:00+00:00,85.23
476,2022-01-21 02:00:00+00:00,78.02
477,2022-01-21 03:00:00+00:00,54.76
478,2022-01-21 04:00:00+00:00,37.03
479,2022-01-21 05:00:00+00:00,36.45
480,2022-01-21 06:00:00+00:00,30.97
481,2022-01-21 07:00:00+00:00,30.55
482,2022-01-21 08:00:00+00:00,30.61
483,2022-01-21 09:00:00+00:00,30.81
484,2022-01-21 10:00:00+00:00,34.35
485,2022-01-21 11:00:00+00:00,40.92
486,2022-01-21 12:00:00+00:00,107.28
487,2022-01-21 13:00:00+00:00,126.22
488,2022-01-21 14:00:00+00:00,60.2
489,2022-01-21 15:00:00+00:00,43.8
490,2022-01-21 16:00:00+00:00,40.75
491,2022-01-21 17:00:00+00:00,34.47
492,2022-01-21 18:00:00+00:00,30.0
493,2022-01-21 19:00:00+00:00,28.47
494,2022-01-21 20:00:00+00:00,27.8
495,2022-01-21 21:00:00+00:00,28.03
496,2022-01-21 22:00:00+00:00,29.76
497,2022-01-21 23:00:00+00:00,40.91
498,2022-01-22 00:00:00+00:00,42.65
499,2022-01-22 01:00:00+00:00,36.21
500,2022-01-22 02:00:00+00:00,33.98
501,2022-01-22 03:00:00+00:00,32.49
502,2022-01-22 04:00:00+00:00,28.26
503,2022-01-22 05:00:00+00:00,27.91
504,2022-01-22 06:00:00+00:00,30.07
505,2022-01-22 07:00:00+00:00,31.02
506,2022-01-22 08:00:00+00:00,32.73
507,2022-01-22 09:00:00+00:00,35.05
508,2022-01-22 10:00:00+00:00,36.73
509,2022-01-22 11:00:00+00:00,41.96
510,2022-01-22 12:00:00+00:00,71.82
511,2022-01-22 13:00:00+00:00,85.11
512,2022-01-22 14:00:00+00:00,54.51
513,2022-01-22 15:00:00+00:00,39.66
514,2022-01-22 16:00:00+00:00,33.5
515,2022-01-22 17:00:00+00:00,26.37
516,2022-01-22 18:00:00+00:00,24.36
517,2022-01-22 19:00:00+00:00,23.73
518,2022-01-22 20:00:00+00:00,22.17
519,2022-01-22 21:00:00+00:00,22.15
520,2022-01-22 22:00:00+00:00,23.15
521,2022-01-22 23:00:00+00:00,35.7
522,2022-01-23 00:00:00+00:00,42.53
523,2022-01-23 01:00:00+00:00,38.55
524,2022-01-23 02:00:00+00:00,37.75
525,2022-01-23 03:00:00+00:00,34.84
526,2022-01-23 04:00:00+00:00,31.02
527,2022-01-23 05:00:00+00:00,31.22
528,2022-01-23 06:00:00+00:00,28.99
529,2022-01-23 07:00:00+00:00,26.76
530,2022-01-23 08:00:00+00:00,26.14
531,2022-01-23 09:00:00+00:00,25.99
532,2022-01-23 10:00:00+00:00,27.37
533,2022-01-23 11:00:00+00:00,30.89
534,2022-01-23 12:00:00+00:00,33.39
535,2022-01-23 13:00:00+00:00,43.63
536,2022-01-23 14:00:00+00:00,41.99
537,2022-01-23 15:00:00+00:00,37.72
538,2022-01-23 16:00:00+00:00,34.67
539,2022-01-23 17:00:00+00:00,26.73
540,2022-01-23 18:00:00+00:00,24.23
541,2022-01-23 19:00:00+00:00,23.18
542,2022-01-23 20:00:00+00:00,22.4
543,2022-01-23 21:00:00+00:00,22.23
544,2022-01-23 22:00:00+00:00,25.0
545,2022-01-23 23:00:00+00:00,38.89
546,2022-01-24 00:00:00+00:00,42.06
547,2022-01-24 01:00:00+00:00,35.87
548,2022-01-24 02:00:00+00:00,29.98
549,2022-01-24 03:00:00+00:00,28.34
550,2022-01-24 04:00:00+00:00,27.82
551,2022-01-24 05:00:00+00:00,27.88
552,2022-01-24 06:00:00+00:00,26.63
553,2022-01-24 07:00:00+00:00,24.27
554,2022-01-24 08:00:00+00:00,23.74
555,2022-01-24 09:00:00+00:00,24.34
556,2022-01-24 10:00:00+00:00,26.57
557,2022-01-24 11:00:00+00:00,30.43
558,2022-01-24 12:00:00+00:00,39.58
559,2022-01-24 13:00:00+00:00,40.44
560,2022-01-24 14:00:00+00:00,36.77
561,2022-01-24 15:00:00+00:00,32.02
562,2022-01-24 16:00:00+00:00,29.91
563,2022-01-24 17:00:00+00:00,28.7
564,2022-01-24 18:00:00+00:00,25.59
565,2022-01-24 19:00:00+00:00,24.78
566,2022-01-24 20:00:00+00:00,23.98
567,2022-01-24 21:00:00+00:00,24.09
568,2022-01-24 22:00:00+00:00,25.31
569,2022-01-24 23:00:00+00:00,48.9
570,2022-01-25 00:00:00+00:00,51.26
571,2022-01-25 01:00:00+00:00,49.92
572,2022-01-25 02:00:00+00:00,38.37
573,2022-01-25 03:00:00+00:00,31.91
574,2022-01-25 04:00:00+00:00,30.4
575,2022-01-25 05:00:00+00:00,31.58
576,2022-01-25 06:00:00+00:00,30.46
577,2022-01-25 07:00:00+00:00,26.97
578,2022-01-25 08:00:00+00:00,26.18
579,2022-01-25 09:00:00+00:00,25.89
580,2022-01-25 10:00:00+00:00,28.06
581,2022-01-25 11:00:00+00:00,31.87
582,2022-01-25 12:00:00+00:00,45.02
583,2022-01-25 13:00:00+00:00,43.8
584,2022-01-25 14:00:00+00:00,31.6
585,2022-01-25 15:00:00+00:00,29.66
586,2022-01-25 16:00:00+00:00,26.38
587,2022-01-25 17:00:00+00:00,26.07
588,2022-01-25 18:00:00+00:00,25.43
589,2022-01-25 19:00:00+00:00,24.7
590,2022-01-25 20:00:00+00:00,23.38
591,2022-01-25 21:00:00+00:00,22.92
592,2022-01-25 22:00:00+00:00,23.64
593,2022-01-25 23:00:00+00:00,33.63
594,2022-01-26 00:00:00+00:00,35.77
595,2022-01-26 01:00:00+00:00,27.02
596,2022-01-26 02:00:00+00:00,26.78
597,2022-01-26 03:00:00+00:00,25.04
598,2022-01-26 04:00:00+00:00,23.35
599,2022-01-26 05:00:00+00:00,23.08
600,2022-01-26 06:00:00+00:00,20.8
601,2022-01-26 07:00:00+00:00,21.23
602,2022-01-26 08:00:00+00:00,22.66
603,2022-01-26 09:00:00+00:00,25.44
604,2022-01-26 10:00:00+00:00,26.2
605,2022-01-26 11:00:00+00:00,35.15
606,2022-01-26 12:00:00+00:00,46.25
607,2022-01-26 13:00:00+00:00,52.6
608,2022-01-26 14:00:00+00:00,46.1
609,2022-01-26 15:00:00+00:00,40.89
610,2022-01-26 16:00:00+00:00,37.88
611,2022-01-26 17:00:00+00:00,34.36
612,2022-01-26 18:00:00+00:00,28.87
613,2022-01-26 19:00:00+00:00,27.37
614,2022-01-26 20:00:00+00:00,26.3
615,2022-01-26 21:00:00+00:00,25.78
616,2022-01-26 22:00:00+00:00,26.71
617,2022-01-26 23:00:00+00:00,46.13
618,2022-01-27 00:00:00+00:00,51.73
619,2022-01-27 01:00:00+00:00,44.64
620,2022-01-27 02:00:00+00:00,43.77
621,2022-01-27 03:00:00+00:00,40.29
622,2022-01-27 04:00:00+00:00,35.55
623,2022-01-27 05:00:00+00:00,33.82
624,2022-01-27 06:00:00+00:00,29.05
625,2022-01-27 07:00:00+00:00,28.66
626,2022-01-27 08:00:00+00:00,28.11
627,2022-01-27 09:00:00+00:00,28.24
628,2022-01-27 10:00:00+00:00,30.18
629,2022-01-27 11:00:00+00:00,39.54
630,2022-01-27 12:00:00+00:00,69.6
631,2022-01-27 13:00:00+00:00,66.39
632,2022-01-27 14:00:00+00:00,48.21
633,2022-01-27 15:00:00+00:00,45.76
634,2022-01-27 16:00:00+00:00,37.73
635,2022-01-27 17:00:00+00:00,32.33
636,2022-01-27 18:00:00+00:00,31.07
637,2022-01-27 19:00:00+00:00,28.92
638,2022-01-27 20:00:00+00:00,26.92
639,2022-01-27 21:00:00+00:00,27.87
640,2022-01-27 22:00:00+00:00,29.14
641,2022-01-27 23:00:00+00:00,47.99
642,2022-01-28 00:00:00+00:00,40.04
643,2022-01-28 01:00:00+00:00,32.31
644,2022-01-28 02:00:00+00:00,29.21
645,2022-01-28 03:00:00+00:00,27.36
646,2022-01-28 04:00:00+00:00,29.68
647,2022-01-28 05:00:00+00:00,24.84
648,2022-01-28 06:00:00+00:00,25.34
649,2022-01-28 07:00:00+00:00,24.27
650,2022-01-28 08:00:00+00:00,24.19
651,2022-01-28 09:00:00+00:00,24.25
652,2022-01-28 10:00:00+00:00,26.58
653,2022-01-28 11:00:00+00:00,29.25
654,2022-01-28 12:00:00+00:00,44.73
655,2022-01-28 13:00:00+00:00,58.82
656,2022-01-28 14:00:00+00:00,53.05
657,2022-01-28 15:00:00+00:00,34.69
658,2022-01-28 16:00:00+00:00,35.77
659,2022-01-28 17:00:00+00:00,29.92
660,2022-01-28 18:00:00+00:00,27.72
661,2022-01-28 19:00:00+00:00,25.51
662,2022-01-28 20:00:00+00:00,23.88
663,2022-01-28 21:00:00+00:00,23.82
664,2022-01-28 22:00:00+00:00,25.44
665,2022-01-28 23:00:00+00:00,45.06
666,2022-01-29 00:00:00+00:00,81.04
667,2022-01-29 01:00:00+00:00,48.56
668,2022-01-29 02:00:00+00:00,47.37
669,2022-01-29 03:00:00+00:00,45.2
670,2022-01-29 04:00:00+00:00,40.67
671,2022-01-29 05:00:00+00:00,32.89
672,2022-01-29 06:00:00+00:00,41.81
673,2022-01-29 07:00:00+00:00,37.27
674,2022-01-29 08:00:00+00:00,34.93
675,2022-01-29 09:00:00+00:00,32.96
676,2022-01-29 10:00:00+00:00,35.93
677,2022-01-29 11:00:00+00:00,45.5
678,2022-01-29 12:00:00+00:00,59.46
679,2022-01-29 13:00:00+00:00,67.17
680,2022-01-29 14:00:00+00:00,56.48
681,2022-01-29 15:00:00+00:00,44.37
682,2022-01-29 16:00:00+00:00,37.21
683,2022-01-29 17:00:00+00:00,33.33
684,2022-01-29 18:00:00+00:00,32.28
685,2022-01-29 19:00:00+00:00,29.23
686,2022-01-29 20:00:00+00:00,27.48
687,2022-01-29 21:00:00+00:00,27.32
688,2022-01-29 22:00:00+00:00,30.74
689,2022-01-29 23:00:00+00:00,65.77
690,2022-01-30 00:00:00+00:00,72.38
691,2022-01-30 01:00:00+00:00,43.22
692,2022-01-30 02:00:00+00:00,33.91
693,2022-01-30 03:00:00+00:00,33.47
694,2022-01-30 04:00:00+00:00,31.93
695,2022-01-30 05:00:00+00:00,28.05
696,2022-01-30 06:00:00+00:00,28.26
697,2022-01-30 07:00:00+00:00,27.52
698,2022-01-30 08:00:00+00:00,28.84
699,2022-01-30 09:00:00+00:00,31.49
700,2022-01-30 10:00:00+00:00,33.88
701,2022-01-30 11:00:00+00:00,36.31
702,2022-01-30 12:00:00+00:00,50.58
703,2022-01-30 13:00:00+00:00,67.5
704,2022-01-30 14:00:00+00:00,63.81
705,2022-01-30 15:00:00+00:00,45.1
706,2022-01-30 16:00:00+00:00,40.73
707,2022-01-30 17:00:00+00:00,33.52
708,2022-01-30 18:00:00+00:00,33.61
709,2022-01-30 19:00:00+00:00,29.59
710,2022-01-30 20:00:00+00:00,27.3
711,2022-01-30 21:00:00+00:00,27.28
712,2022-01-30 22:00:00+00:00,29.48
713,2022-01-30 23:00:00+00:00,53.24
714,2022-01-31 00:00:00+00:00,55.75
715,2022-01-31 01:00:00+00:00,41.13
716,2022-01-31 02:00:00+00:00,38.12
717,2022-01-31 03:00:00+00:00,32.49
718,2022-01-31 04:00:00+00:00,31.74
719,2022-01-31 05:00:00+00:00,28.09
720,2022-01-31 06:00:00+00:00,25.77
721,2022-01-31 07:00:00+00:00,21.27
722,2022-01-31 08:00:00+00:00,22.18
723,2022-01-31 09:00:00+00:00,27.03
724,2022-01-31 10:00:00+00:00,30.57
725,2022-01-31 11:00:00+00:00,40.7
726,2022-01-31 12:00:00+00:00,56.91
727,2022-01-31 13:00:00+00:00,71.49
728,2022-01-31 14:00:00+00:00,59.97
729,2022-01-31 15:00:00+00:00,43.75
730,2022-01-31 16:00:00+00:00,40.02
731,2022-01-31 17:00:00+00:00,36.41
732,2022-01-31 18:00:00+00:00,34.5
733,2022-01-31 19:00:00+00:00,31.07
734,2022-01-31 20:00:00+00:00,29.54
735,2022-01-31 21:00:00+00:00,29.47
736,2022-01-31 22:00:00+00:00,30.68
737,2022-01-31 23:00:00+00:00,82.05
738,2022-02-01 00:00:00+00:00,72.24
739,2022-02-01 01:00:00+00:00,38.76
740,2022-02-01 02:00:00+00:00,37.01
741,2022-02-01 03:00:00+00:00,32.93
742,2022-02-01 04:00:00+00:00,28.83
743,2022-02-01 05:00:00+00:00,26.45
744,2022-02-01 06:00:00+00:00,18.58
745,2022-02-01 07:00:00+00:00,16.86
746,2022-02-01 08:00:00+00:00,17.68
747,2022-02-01 09:00:00+00:00,20.91
748,2022-02-01 10:00:00+00:00,23.54
749,2022-02-01 11:00:00+00:00,29.18
750,2022-02-01 12:00:00+00:00,39.33
751,2022-02-01 13:00:00+00:00,40.32
752,2022-02-01 14:00:00+00:00,38.02
753,2022-02-01 15:00:00+00:00,34.63
754,2022-02-01 16:00:00+00:00,33.83
755,2022-02-01 17:00:00+00:00,34.48
756,2022-02-01 18:00:00+00:00,34.13
757,2022-02-01 19:00:00+00:00,32.52
758,2022-02-01 20:00:00+00:00,32.86
759,2022-02-01 21:00:00+00:00,33.74
760,2022-02-01 22:00:00+00:00,33.09
761,2022-02-01 23:00:00+00:00,71.65
762,2022-02-02 00:00:00+00:00,58.35
763,2022-02-02 01:00:00+00:00,42.36
764,2022-02-02 02:00:00+00:00,34.96
765,2022-02-02 03:00:00+00:00,33.51
766,2022-02-02 04:00:00+00:00,29.87
767,2022-02-02 05:00:00+00:00,21.53
768,2022-02-02 06:00:00+00:00,17.76
769,2022-02-02 07:00:00+00:00,14.18
770,2022-02-02 08:00:00+00:00,11.77
771,2022-02-02 09:00:00+00:00,14.31
772,2022-02-02 10:00:00+00:00,17.6
773,2022-02-02 11:00:00+00:00,23.22
774,2022-02-02 12:00:00+00:00,34.52
775,2022-02-02 13:00:00+00:00,35.91
776,2022-02-02 14:00:00+00:00,33.8
777,2022-02-02 15:00:00+00:00,28.48
778,2022-02-02 16:00:00+00:00,28.16
779,2022-02-02 17:00:00+00:00,28.01
780,2022-02-02 18:00:00+00:00,29.19
781,2022-02-02 19:00:00+00:00,30.88
782,2022-02-02 20:00:00+00:00,31.01
783,2022-02-02 21:00:00+00:00,33.88
784,2022-02-02 22:00:00+00:00,32.76
785,2022-02-02 23:00:00+00:00,43.1
786,2022-02-03 00:00:00+00:00,55.3
787,2022-02-03 01:00:00+00:00,50.83
788,2022-02-03 02:00:00+00:00,50.1
789,2022-02-03 03:00:00+00:00,48.68
790,2022-02-03 04:00:00+00:00,38.1
791,2022-02-03 05:00:00+00:00,35.82
792,2022-02-03 06:00:00+00:00,32.54
793,2022-02-03 07:00:00+00:00,32.5
794,2022-02-03 08:00:00+00:00,32.11
795,2022-02-03 09:00:00+00:00,32.22
796,2022-02-03 10:00:00+00:00,33.28
797,2022-02-03 11:00:00+00:00,36.3
798,2022-02-03 12:00:00+00:00,62.14
799,2022-02-03 13:00:00+00:00,70.29
800,2022-02-03 14:00:00+00:00,73.35
801,2022-02-03 15:00:00+00:00,75.58
802,2022-02-03 16:00:00+00:00,75.41
803,2022-02-03 17:00:00+00:00,75.39
804,2022-02-03 18:00:00+00:00,72.28
805,2022-02-03 19:00:00+00:00,70.65
806,2022-02-03 20:00:00+00:00,69.55
807,2022-02-03 21:00:00+00:00,73.12
808,2022-02-03 22:00:00+00:00,73.52
809,2022-02-03 23:00:00+00:00,107.69
810,2022-02-04 00:00:00+00:00,128.67
811,2022-02-04 01:00:00+00:00,126.87
812,2022-02-04 02:00:00+00:00,118.16
813,2022-02-04 03:00:00+00:00,107.58
814,2022-02-04 04:00:00+00:00,85.32
815,2022-02-04 05:00:00+00:00,79.19
816,2022-02-04 06:00:00+00:00,65.67
817,2022-02-04 07:00:00+00:00,67.71
818,2022-02-04 08:00:00+00:00,68.37
819,2022-02-04 09:00:00+00:00,71.56
820,2022-02-04 10:00:00+00:00,80.49
821,2022-02-04 11:00:00+00:00,132.17
822,2022-02-04 12:00:00+00:00,391.11
823,2022-02-04 13:00:00+00:00,351.82
824,2022-02-04 14:00:00+00:00,216.28
825,2022-02-04 15:00:00+00:00,125.71
826,2022-02-04 16:00:00+00:00,86.57
827,2022-02-04 17:00:00+00:00,73.66
828,2022-02-04 18:00:00+00:00,61.07
829,2022-02-04 19:00:00+00:00,54.81
830,2022-02-04 20:00:00+00:00,52.0
831,2022-02-04 21:00:00+00:00,51.22
832,2022-02-04 22:00:00+00:00,55.75
833,2022-02-04 23:00:00+00:00,80.64
834,2022-02-05 00:00:00+00:00,101.75
835,2022-02-05 01:00:00+00:00,103.15
836,2022-02-05 02:00:00+00:00,99.62
837,2022-02-05 03:00:00+00:00,97.3
838,2022-02-05 04:00:00+00:00,89.42
839,2022-02-05 05:00:00+00:00,75.52
840,2022-02-05 06:00:00+00:00,50.42
841,2022-02-05 07:00:00+00:00,48.53
842,2022-02-05 08:00:00+00:00,47.23
843,2022-02-05 09:00:00+00:00,47.34
844,2022-02-05 10:00:00+00:00,51.0
845,2022-02-05 11:00:00+00:00,63.59
846,2022-02-05 12:00:00+00:00,126.83
847,2022-02-05 13:00:00+00:00,119.64
848,2022-02-05 14:00:00+00:00,85.72
849,2022-02-05 15:00:00+00:00,52.4
850,2022-02-05 16:00:00+00:00,47.31
851,2022-02-05 17:00:00+00:00,43.0
852,2022-02-05 18:00:00+00:00,34.52
853,2022-02-05 19:00:00+00:00,32.47
854,2022-02-05 20:00:00+00:00,30.27
855,2022-02-05 21:00:00+00:00,29.88
856,2022-02-05 22:00:00+00:00,30.29
857,2022-02-05 23:00:00+00:00,37.25
858,2022-02-06 00:00:00+00:00,47.75
859,2022-02-06 01:00:00+00:00,42.24
860,2022-02-06 02:00:00+00:00,37.82
861,2022-02-06 03:00:00+00:00,36.74
862,2022-02-06 04:00:00+00:00,32.09
863,2022-02-06 05:00:00+00:00,31.06
864,2022-02-06 06:00:00+00:00,36.36
865,2022-02-06 07:00:00+00:00,36.09
866,2022-02-06 08:00:00+00:00,37.3
867,2022-02-06 09:00:00+00:00,41.26
868,2022-02-06 10:00:00+00:00,44.13
869,2022-02-06 11:00:00+00:00,56.74
870,2022-02-06 12:00:00+00:00,74.12
871,2022-02-06 13:00:00+00:00,87.44
872,2022-02-06 14:00:00+00:00,69.29
873,2022-02-06 15:00:00+00:00,48.8
874,2022-02-06 16:00:00+00:00,39.96
875,2022-02-06 17:00:00+00:00,32.92
876,2022-02-06 18:00:00+00:00,32.12
877,2022-02-06 19:00:00+00:00,25.79
878,2022-02-06 20:00:00+00:00,22.27
879,2022-02-06 21:00:00+00:00,20.7
880,2022-02-06 22:00:00+00:00,22.07
881,2022-02-06 23:00:00+00:00,31.97
882,2022-02-07 00:00:00+00:00,45.45
883,2022-02-07 01:00:00+00:00,49.66
884,2022-02-07 02:00:00+00:00,47.63
885,2022-02-07 03:00:00+00:00,45.46
886,2022-02-07 04:00:00+00:00,37.42
887,2022-02-07 05:00:00+00:00,37.8
888,2022-02-07 06:00:00+00:00,32.62
889,2022-02-07 07:00:00+00:00,32.65
890,2022-02-07 08:00:00+00:00,33.07
891,2022-02-07 09:00:00+00:00,33.68
892,2022-02-07 10:00:00+00:00,37.79
893,2022-02-07 11:00:00+00:00,41.46
894,2022-02-07 12:00:00+00:00,67.68
895,2022-02-07 13:00:00+00:00,75.15
896,2022-02-07 14:00:00+00:00,52.14
897,2022-02-07 15:00:00+00:00,43.41
898,2022-02-07 16:00:00+00:00,35.87
899,2022-02-07 17:00:00+00:00,32.48
900,2022-02-07 18:00:00+00:00,31.11
901,2022-02-07 19:00:00+00:00,29.03
902,2022-02-07 20:00:00+00:00,27.71
903,2022-02-07 21:00:00+00:00,27.12
904,2022-02-07 22:00:00+00:00,29.86
905,2022-02-07 23:00:00+00:00,47.53
906,2022-02-08 00:00:00+00:00,77.52
907,2022-02-08 01:00:00+00:00,57.66
908,2022-02-08 02:00:00+00:00,57.68
909,2022-02-08 03:00:00+00:00,46.1
910,2022-02-08 04:00:00+00:00,43.0
911,2022-02-08 05:00:00+00:00,37.07
912,2022-02-08 06:00:00+00:00,25.11
913,2022-02-08 07:00:00+00:00,22.58
914,2022-02-08 08:00:00+00:00,22.55
915,2022-02-08 09:00:00+00:00,24.97
916,2022-02-08 10:00:00+00:00,29.87
917,2022-02-08 11:00:00+00:00,34.96
918,2022-02-08 12:00:00+00:00,58.56
919,2022-02-08 13:00:00+00:00,52.84
920,2022-02-08 14:00:00+00:00,41.76
921,2022-02-08 15:00:00+00:00,32.48
922,2022-02-08 16:00:00+00:00,29.53
923,2022-02-08 17:00:00+00:00,27.02
924,2022-02-08 18:00:00+00:00,23.8
925,2022-02-08 19:00:00+00:00,20.63
926,2022-02-08 20:00:00+00:00,21.07
927,2022-02-08 21:00:00+00:00,20.73
928,2022-02-08 22:00:00+00:00,21.39
929,2022-02-08 23:00:00+00:00,29.3
930,2022-02-09 00:00:00+00:00,49.86
931,2022-02-09 01:00:00+00:00,37.27
932,2022-02-09 02:00:00+00:00,32.96
933,2022-02-09 03:00:00+00:00,30.14
934,2022-02-09 04:00:00+00:00,26.17
935,2022-02-09 05:00:00+00:00,28.06
936,2022-02-09 06:00:00+00:00,27.91
937,2022-02-09 07:00:00+00:00,27.26
938,2022-02-09 08:00:00+00:00,29.27
939,2022-02-09 09:00:00+00:00,29.49
940,2022-02-09 10:00:00+00:00,33.58
941,2022-02-09 11:00:00+00:00,37.08
942,2022-02-09 12:00:00+00:00,89.76
943,2022-02-09 13:00:00+00:00,73.75
944,2022-02-09 14:00:00+00:00,38.33
945,2022-02-09 15:00:00+00:00,32.09
946,2022-02-09 16:00:00+00:00,28.25
947,2022-02-09 17:00:00+00:00,29.61
948,2022-02-09 18:00:00+00:00,28.96
949,2022-02-09 19:00:00+00:00,26.64
950,2022-02-09 20:00:00+00:00,24.97
951,2022-02-09 21:00:00+00:00,23.93
952,2022-02-09 22:00:00+00:00,26.01
953,2022-02-09 23:00:00+00:00,35.77
954,2022-02-10 00:00:00+00:00,55.4
955,2022-02-10 01:00:00+00:00,41.81
956,2022-02-10 02:00:00+00:00,34.5
957,2022-02-10 03:00:00+00:00,31.0
958,2022-02-10 04:00:00+00:00,29.04
959,2022-02-10 05:00:00+00:00,29.01
960,2022-02-10 06:00:00+00:00,25.04
961,2022-02-10 07:00:00+00:00,25.17
962,2022-02-10 08:00:00+00:00,27.38
963,2022-02-10 09:00:00+00:00,26.95
964,2022-02-10 10:00:00+00:00,28.82
965,2022-02-10 11:00:00+00:00,40.24
966,2022-02-10 12:00:00+00:00,83.05
967,2022-02-10 13:00:00+00:00,72.1
968,2022-02-10 14:00:00+00:00,36.54
969,2022-02-10 15:00:00+00:00,28.9
970,2022-02-10 16:00:00+00:00,27.88
971,2022-02-10 17:00:00+00:00,27.05
972,2022-02-10 18:00:00+00:00,24.96
973,2022-02-10 19:00:00+00:00,24.27
974,2022-02-10 20:00:00+00:00,23.65
975,2022-02-10 21:00:00+00:00,23.76
976,2022-02-10 22:00:00+00:00,25.19
977,2022-02-10 23:00:00+00:00,34.07
978,2022-02-11 00:00:00+00:00,59.86
979,2022-02-11 01:00:00+00:00,40.41
980,2022-02-11 02:00:00+00:00,34.14
981,2022-02-11 03:00:00+00:00,29.86
982,2022-02-11 04:00:00+00:00,26.98
983,2022-02-11 05:00:00+00:00,27.49
984,2022-02-11 06:00:00+00:00,24.55
985,2022-02-11 07:00:00+00:00,17.17
986,2022-02-11 08:00:00+00:00,15.51
987,2022-02-11 09:00:00+00:00,16.59
988,2022-02-11 10:00:00+00:00,19.96
989,2022-02-11 11:00:00+00:00,27.38
990,2022-02-11 12:00:00+00:00,41.56
991,2022-02-11 13:00:00+00:00,42.95
992,2022-02-11 14:00:00+00:00,32.56
993,2022-02-11 15:00:00+00:00,26.27
994,2022-02-11 16:00:00+00:00,24.16
995,2022-02-11 17:00:00+00:00,21.02
996,2022-02-11 18:00:00+00:00,21.41
997,2022-02-11 19:00:00+00:00,21.37
998,2022-02-11 20:00:00+00:00,20.89
999,2022-02-11 21:00:00+00:00,21.12
1000,2022-02-11 22:00:00+00:00,22.83
1001,2022-02-11 23:00:00+00:00,43.57
1002,2022-02-12 00:00:00+00:00,44.14
1003,2022-02-12 01:00:00+00:00,25.8
1004,2022-02-12 02:00:00+00:00,22.18
1005,2022-02-12 03:00:00+00:00,24.9
1006,2022-02-12 04:00:00+00:00,19.96
1007,2022-02-12 05:00:00+00:00,15.18
1008,2022-02-12 06:00:00+00:00,12.21
1009,2022-02-12 07:00:00+00:00,11.37
1010,2022-02-12 08:00:00+00:00,11.54
1011,2022-02-12 09:00:00+00:00,12.75
1012,2022-02-12 10:00:00+00:00,16.56
1013,2022-02-12 11:00:00+00:00,20.62
1014,2022-02-12 12:00:00+00:00,27.54
1015,2022-02-12 13:00:00+00:00,31.95
1016,2022-02-12 14:00:00+00:00,36.16
1017,2022-02-12 15:00:00+00:00,31.64
1018,2022-02-12 16:00:00+00:00,30.75
1019,2022-02-12 17:00:00+00:00,31.97
1020,2022-02-12 18:00:00+00:00,28.38
1021,2022-02-12 19:00:00+00:00,25.02
1022,2022-02-12 20:00:00+00:00,23.06
1023,2022-02-12 21:00:00+00:00,22.64
1024,2022-02-12 22:00:00+00:00,24.3
1025,2022-02-12 23:00:00+00:00,33.61
1026,2022-02-13 00:00:00+00:00,65.53
1027,2022-02-13 01:00:00+00:00,52.95
1028,2022-02-13 02:00:00+00:00,47.6
1029,2022-02-13 03:00:00+00:00,43.46
1030,2022-02-13 04:00:00+00:00,33.51
1031,2022-02-13 05:00:00+00:00,30.57
1032,2022-02-13 06:00:00+00:00,33.38
1033,2022-02-13 07:00:00+00:00,27.99
1034,2022-02-13 08:00:00+00:00,26.09
1035,2022-02-13 09:00:00+00:00,25.55
1036,2022-02-13 10:00:00+00:00,28.5
1037,2022-02-13 11:00:00+00:00,32.6
1038,2022-02-13 12:00:00+00:00,48.98
1039,2022-02-13 13:00:00+00:00,58.6
1040,2022-02-13 14:00:00+00:00,53.01
1041,2022-02-13 15:00:00+00:00,36.13
1042,2022-02-13 16:00:00+00:00,31.38
1043,2022-02-13 17:00:00+00:00,27.09
1044,2022-02-13 18:00:00+00:00,25.68
1045,2022-02-13 19:00:00+00:00,23.57
1046,2022-02-13 20:00:00+00:00,22.88
1047,2022-02-13 21:00:00+00:00,22.25
1048,2022-02-13 22:00:00+00:00,22.96
1049,2022-02-13 23:00:00+00:00,37.28
1050,2022-02-14 00:00:00+00:00,64.66
1051,2022-02-14 01:00:00+00:00,34.72
1052,2022-02-14 02:00:00+00:00,29.95
1053,2022-02-14 03:00:00+00:00,26.51
1054,2022-02-14 04:00:00+00:00,25.18
1055,2022-02-14 05:00:00+00:00,21.91
1056,2022-02-14 06:00:00+00:00,18.36
1057,2022-02-14 07:00:00+00:00,17.94
1058,2022-02-14 08:00:00+00:00,18.26
1059,2022-02-14 09:00:00+00:00,19.59
1060,2022-02-14 10:00:00+00:00,23.7
1061,2022-02-14 11:00:00+00:00,27.72
1062,2022-02-14 12:00:00+00:00,49.42
1063,2022-02-14 13:00:00+00:00,56.35
1064,2022-02-14 14:00:00+00:00,40.15
1065,2022-02-14 15:00:00+00:00,30.85
1066,2022-02-14 16:00:00+00:00,26.12
1067,2022-02-14 17:00:00+00:00,26.67
1068,2022-02-14 18:00:00+00:00,25.92
1069,2022-02-14 19:00:00+00:00,24.38
1070,2022-02-14 20:00:00+00:00,21.57
1071,2022-02-14 21:00:00+00:00,21.05
1072,2022-02-14 22:00:00+00:00,22.96
1073,2022-02-14 23:00:00+00:00,32.73
1074,2022-02-15 00:00:00+00:00,39.44
1075,2022-02-15 01:00:00+00:00,26.95
1076,2022-02-15 02:00:00+00:00,26.48
1077,2022-02-15 03:00:00+00:00,24.88
1078,2022-02-15 04:00:00+00:00,22.26
1079,2022-02-15 05:00:00+00:00,19.94
1080,2022-02-15 06:00:00+00:00,14.55
1081,2022-02-15 07:00:00+00:00,13.26
1082,2022-02-15 08:00:00+00:00,15.09
1083,2022-02-15 09:00:00+00:00,16.16
1084,2022-02-15 10:00:00+00:00,18.18
1085,2022-02-15 11:00:00+00:00,23.28
1086,2022-02-15 12:00:00+00:00,37.71
1087,2022-02-15 13:00:00+00:00,41.16
1088,2022-02-15 14:00:00+00:00,36.94
1089,2022-02-15 15:00:00+00:00,30.14
1090,2022-02-15 16:00:00+00:00,26.0
1091,2022-02-15 17:00:00+00:00,26.58
1092,2022-02-15 18:00:00+00:00,26.69
1093,2022-02-15 19:00:00+00:00,25.76
1094,2022-02-15 20:00:00+00:00,23.38
1095,2022-02-15 21:00:00+00:00,22.62
1096,2022-02-15 22:00:00+00:00,22.03
1097,2022-02-15 23:00:00+00:00,28.93
1098,2022-02-16 00:00:00+00:00,35.83
1099,2022-02-16 01:00:00+00:00,31.83
1100,2022-02-16 02:00:00+00:00,29.13
1101,2022-02-16 03:00:00+00:00,23.75
1102,2022-02-16 04:00:00+00:00,18.51
1103,2022-02-16 05:00:00+00:00,10.65
1104,2022-02-16 06:00:00+00:00,12.86
1105,2022-02-16 07:00:00+00:00,10.48
1106,2022-02-16 08:00:00+00:00,10.08
1107,2022-02-16 09:00:00+00:00,11.7
1108,2022-02-16 10:00:00+00:00,13.47
1109,2022-02-16 11:00:00+00:00,20.12
1110,2022-02-16 12:00:00+00:00,29.65
1111,2022-02-16 13:00:00+00:00,33.75
1112,2022-02-16 14:00:00+00:00,29.15
1113,2022-02-16 15:00:00+00:00,27.25
1114,2022-02-16 16:00:00+00:00,26.09
1115,2022-02-16 17:00:00+00:00,26.32
1116,2022-02-16 18:00:00+00:00,27.68
1117,2022-02-16 19:00:00+00:00,28.52
1118,2022-02-16 20:00:00+00:00,27.14
1119,2022-02-16 21:00:00+00:00,27.54
1120,2022-02-16 22:00:00+00:00,27.31
1121,2022-02-16 23:00:00+00:00,36.31
1122,2022-02-17 00:00:00+00:00,45.19
1123,2022-02-17 01:00:00+00:00,37.42
1124,2022-02-17 02:00:00+00:00,33.4
1125,2022-02-17 03:00:00+00:00,25.56
1126,2022-02-17 04:00:00+00:00,18.37
1127,2022-02-17 05:00:00+00:00,13.11
1128,2022-02-17 06:00:00+00:00,13.73
1129,2022-02-17 07:00:00+00:00,12.15
1130,2022-02-17 08:00:00+00:00,10.63
1131,2022-02-17 09:00:00+00:00,10.42
1132,2022-02-17 10:00:00+00:00,13.93
1133,2022-02-17 11:00:00+00:00,18.99
1134,2022-02-17 12:00:00+00:00,33.74
1135,2022-02-17 13:00:00+00:00,35.37
1136,2022-02-17 14:00:00+00:00,34.17
1137,2022-02-17 15:00:00+00:00,32.26
1138,2022-02-17 16:00:00+00:00,34.94
1139,2022-02-17 17:00:00+00:00,33.96
1140,2022-02-17 18:00:00+00:00,34.61
1141,2022-02-17 19:00:00+00:00,33.94
1142,2022-02-17 20:00:00+00:00,32.56
1143,2022-02-17 21:00:00+00:00,28.58
1144,2022-02-17 22:00:00+00:00,26.51
1145,2022-02-17 23:00:00+00:00,32.55
1146,2022-02-18 00:00:00+00:00,69.72
1147,2022-02-18 01:00:00+00:00,57.55
1148,2022-02-18 02:00:00+00:00,57.15
1149,2022-02-18 03:00:00+00:00,47.5
1150,2022-02-18 04:00:00+00:00,36.08
1151,2022-02-18 05:00:00+00:00,33.83
1152,2022-02-18 06:00:00+00:00,36.75
1153,2022-02-18 07:00:00+00:00,35.7
1154,2022-02-18 08:00:00+00:00,35.71
1155,2022-02-18 09:00:00+00:00,35.36
1156,2022-02-18 10:00:00+00:00,36.74
1157,2022-02-18 11:00:00+00:00,44.13
1158,2022-02-18 12:00:00+00:00,121.01
1159,2022-02-18 13:00:00+00:00,102.57
1160,2022-02-18 14:00:00+00:00,50.49
1161,2022-02-18 15:00:00+00:00,36.57
1162,2022-02-18 16:00:00+00:00,30.84
1163,2022-02-18 17:00:00+00:00,31.9
1164,2022-02-18 18:00:00+00:00,29.75
1165,2022-02-18 19:00:00+00:00,28.27
1166,2022-02-18 20:00:00+00:00,27.6
1167,2022-02-18 21:00:00+00:00,27.23
1168,2022-02-18 22:00:00+00:00,27.8
1169,2022-02-18 23:00:00+00:00,31.69
1170,2022-02-19 00:00:00+00:00,60.54
1171,2022-02-19 01:00:00+00:00,40.01
1172,2022-02-19 02:00:00+00:00,38.74
1173,2022-02-19 03:00:00+00:00,34.78
1174,2022-02-19 04:00:00+00:00,31.64
1175,2022-02-19 05:00:00+00:00,31.36
1176,2022-02-19 06:00:00+00:00,27.0
1177,2022-02-19 07:00:00+00:00,26.79
1178,2022-02-19 08:00:00+00:00,27.07
1179,2022-02-19 09:00:00+00:00,27.7
1180,2022-02-19 10:00:00+00:00,28.65
1181,2022-02-19 11:00:00+00:00,36.64
1182,2022-02-19 12:00:00+00:00,59.99
1183,2022-02-19 13:00:00+00:00,61.03
1184,2022-02-19 14:00:00+00:00,36.81
1185,2022-02-19 15:00:00+00:00,35.58
1186,2022-02-19 16:00:00+00:00,34.17
1187,2022-02-19 17:00:00+00:00,33.47
1188,2022-02-19 18:00:00+00:00,32.67
1189,2022-02-19 19:00:00+00:00,26.53
1190,2022-02-19 20:00:00+00:00,23.17
1191,2022-02-19 21:00:00+00:00,20.43
1192,2022-02-19 22:00:00+00:00,20.99
1193,2022-02-19 23:00:00+00:00,31.11
1194,2022-02-20 00:00:00+00:00,56.54
1195,2022-02-20 01:00:00+00:00,31.64
1196,2022-02-20 02:00:00+00:00,27.83
1197,2022-02-20 03:00:00+00:00,24.2
1198,2022-02-20 04:00:00+00:00,20.81
1199,2022-02-20 05:00:00+00:00,20.19
1200,2022-02-20 06:00:00+00:00,20.51
1201,2022-02-20 07:00:00+00:00,17.85
1202,2022-02-20 08:00:00+00:00,18.86
1203,2022-02-20 09:00:00+00:00,18.91
1204,2022-02-20 10:00:00+00:00,20.85
1205,2022-02-20 11:00:00+00:00,24.24
1206,2022-02-20 12:00:00+00:00,32.94
1207,2022-02-20 13:00:00+00:00,43.42
1208,2022-02-20 14:00:00+00:00,40.26
1209,2022-02-20 15:00:00+00:00,32.5
1210,2022-02-20 16:00:00+00:00,28.75
1211,2022-02-20 17:00:00+00:00,26.2
1212,2022-02-20 18:00:00+00:00,23.2
1213,2022-02-20 19:00:00+00:00,20.99
1214,2022-02-20 20:00:00+00:00,18.86
1215,2022-02-20 21:00:00+00:00,18.7
1216,2022-02-20 22:00:00+00:00,20.29
1217,2022-02-20 23:00:00+00:00,28.91
1218,2022-02-21 00:00:00+00:00,43.48
1219,2022-02-21 01:00:00+00:00,31.78
1220,2022-02-21 02:00:00+00:00,29.54
1221,2022-02-21 03:00:00+00:00,24.92
1222,2022-02-21 04:00:00+00:00,14.01
1223,2022-02-21 05:00:00+00:00,9.17
1224,2022-02-21 06:00:00+00:00,12.55
1225,2022-02-21 07:00:00+00:00,11.08
1226,2022-02-21 08:00:00+00:00,9.66
1227,2022-02-21 09:00:00+00:00,11.71
1228,2022-02-21 10:00:00+00:00,13.61
1229,2022-02-21 11:00:00+00:00,18.42
1230,2022-02-21 12:00:00+00:00,27.57
1231,2022-02-21 13:00:00+00:00,28.89
1232,2022-02-21 14:00:00+00:00,29.3
1233,2022-02-21 15:00:00+00:00,26.57
1234,2022-02-21 16:00:00+00:00,26.86
1235,2022-02-21 17:00:00+00:00,26.91
1236,2022-02-21 18:00:00+00:00,32.17
1237,2022-02-21 19:00:00+00:00,35.36
1238,2022-02-21 20:00:00+00:00,35.34
1239,2022-02-21 21:00:00+00:00,36.01
1240,2022-02-21 22:00:00+00:00,33.35
1241,2022-02-21 23:00:00+00:00,36.07
1242,2022-02-22 00:00:00+00:00,49.48
1243,2022-02-22 01:00:00+00:00,49.75
1244,2022-02-22 02:00:00+00:00,36.79
1245,2022-02-22 03:00:00+00:00,30.94
1246,2022-02-22 04:00:00+00:00,23.0
1247,2022-02-22 05:00:00+00:00,17.19
1248,2022-02-22 06:00:00+00:00,11.63
1249,2022-02-22 07:00:00+00:00,9.64
1250,2022-02-22 08:00:00+00:00,9.14
1251,2022-02-22 09:00:00+00:00,9.19
1252,2022-02-22 10:00:00+00:00,11.26
1253,2022-02-22 11:00:00+00:00,17.11
1254,2022-02-22 12:00:00+00:00,34.56
1255,2022-02-22 13:00:00+00:00,40.85
1256,2022-02-22 14:00:00+00:00,38.32
1257,2022-02-22 15:00:00+00:00,32.2
1258,2022-02-22 16:00:00+00:00,35.44
1259,2022-02-22 17:00:00+00:00,39.16
1260,2022-02-22 18:00:00+00:00,40.34
1261,2022-02-22 19:00:00+00:00,42.62
1262,2022-02-22 20:00:00+00:00,41.77
1263,2022-02-22 21:00:00+00:00,37.07
1264,2022-02-22 22:00:00+00:00,36.06
1265,2022-02-22 23:00:00+00:00,47.51
1266,2022-02-23 00:00:00+00:00,49.31
1267,2022-02-23 01:00:00+00:00,36.04
1268,2022-02-23 02:00:00+00:00,34.41
1269,2022-02-23 03:00:00+00:00,33.76
1270,2022-02-23 04:00:00+00:00,21.43
1271,2022-02-23 05:00:00+00:00,14.68
1272,2022-02-23 06:00:00+00:00,18.67
1273,2022-02-23 07:00:00+00:00,19.41
1274,2022-02-23 08:00:00+00:00,20.93
1275,2022-02-23 09:00:00+00:00,29.12
1276,2022-02-23 10:00:00+00:00,36.57
1277,2022-02-23 11:00:00+00:00,38.82
1278,2022-02-23 12:00:00+00:00,43.95
1279,2022-02-23 13:00:00+00:00,49.5
1280,2022-02-23 14:00:00+00:00,48.21
1281,2022-02-23 15:00:00+00:00,39.41
1282,2022-02-23 16:00:00+00:00,39.42
1283,2022-02-23 17:00:00+00:00,39.55
1284,2022-02-23 18:00:00+00:00,39.55
1285,2022-02-23 19:00:00+00:00,38.57
1286,2022-02-23 20:00:00+00:00,39.35
1287,2022-02-23 21:00:00+00:00,39.03
1288,2022-02-23 22:00:00+00:00,36.28
1289,2022-02-23 23:00:00+00:00,47.13
1290,2022-02-24 00:00:00+00:00,68.79
1291,2022-02-24 01:00:00+00:00,63.24
1292,2022-02-24 02:00:00+00:00,66.0
1293,2022-02-24 03:00:00+00:00,51.53
1294,2022-02-24 04:00:00+00:00,40.44
1295,2022-02-24 05:00:00+00:00,38.09
1296,2022-02-24 06:00:00+00:00,41.7
1297,2022-02-24 07:00:00+00:00,40.92
1298,2022-02-24 08:00:00+00:00,40.84
1299,2022-02-24 09:00:00+00:00,41.66
1300,2022-02-24 10:00:00+00:00,42.4
1301,2022-02-24 11:00:00+00:00,44.69
1302,2022-02-24 12:00:00+00:00,97.67
1303,2022-02-24 13:00:00+00:00,95.41
1304,2022-02-24 14:00:00+00:00,66.62
1305,2022-02-24 15:00:00+00:00,50.03
1306,2022-02-24 16:00:00+00:00,51.53
1307,2022-02-24 17:00:00+00:00,45.6
1308,2022-02-24 18:00:00+00:00,42.53
1309,2022-02-24 19:00:00+00:00,43.5
1310,2022-02-24 20:00:00+00:00,39.54
1311,2022-02-24 21:00:00+00:00,37.59
1312,2022-02-24 22:00:00+00:00,37.54
1313,2022-02-24 23:00:00+00:00,45.43
1314,2022-02-25 00:00:00+00:00,64.99
1315,2022-02-25 01:00:00+00:00,50.15
1316,2022-02-25 02:00:00+00:00,47.74
1317,2022-02-25 03:00:00+00:00,44.53
1318,2022-02-25 04:00:00+00:00,35.54
1319,2022-02-25 05:00:00+00:00,32.98
1320,2022-02-25 06:00:00+00:00,42.21
1321,2022-02-25 07:00:00+00:00,42.47
1322,2022-02-25 08:00:00+00:00,43.35
1323,2022-02-25 09:00:00+00:00,44.14
1324,2022-02-25 10:00:00+00:00,44.44
1325,2022-02-25 11:00:00+00:00,57.74
1326,2022-02-25 12:00:00+00:00,175.81
1327,2022-02-25 13:00:00+00:00,177.8
1328,2022-02-25 14:00:00+00:00,81.21
1329,2022-02-25 15:00:00+00:00,62.51
1330,2022-02-25 16:00:00+00:00,64.06
1331,2022-02-25 17:00:00+00:00,52.86
1332,2022-02-25 18:00:00+00:00,44.87
1333,2022-02-25 19:00:00+00:00,45.01
1334,2022-02-25 20:00:00+00:00,43.74
1335,2022-02-25 21:00:00+00:00,42.65
1336,2022-02-25 22:00:00+00:00,44.28
1337,2022-02-25 23:00:00+00:00,47.95
1338,2022-02-26 00:00:00+00:00,55.59
1339,2022-02-26 01:00:00+00:00,49.93
1340,2022-02-26 02:00:00+00:00,51.59
1341,2022-02-26 03:00:00+00:00,50.58
1342,2022-02-26 04:00:00+00:00,39.75
1343,2022-02-26 05:00:00+00:00,37.89
1344,2022-02-26 06:00:00+00:00,45.72
1345,2022-02-26 07:00:00+00:00,43.99
1346,2022-02-26 08:00:00+00:00,46.2
1347,2022-02-26 09:00:00+00:00,47.07
1348,2022-02-26 10:00:00+00:00,46.71
1349,2022-02-26 11:00:00+00:00,57.94
1350,2022-02-26 12:00:00+00:00,89.75
1351,2022-02-26 13:00:00+00:00,90.44
1352,2022-02-26 14:00:00+00:00,100.45
1353,2022-02-26 15:00:00+00:00,89.01
1354,2022-02-26 16:00:00+00:00,81.47
1355,2022-02-26 17:00:00+00:00,69.54
1356,2022-02-26 18:00:00+00:00,51.6
1357,2022-02-26 19:00:00+00:00,44.94
1358,2022-02-26 20:00:00+00:00,41.42
1359,2022-02-26 21:00:00+00:00,39.61
1360,2022-02-26 22:00:00+00:00,40.18
1361,2022-02-26 23:00:00+00:00,64.81
1362,2022-02-27 00:00:00+00:00,100.04
1363,2022-02-27 01:00:00+00:00,95.23
1364,2022-02-27 02:00:00+00:00,75.85
1365,2022-02-27 03:00:00+00:00,67.92
1366,2022-02-27 04:00:00+00:00,55.03
1367,2022-02-27 05:00:00+00:00,48.66
1368,2022-02-27 06:00:00+00:00,46.16
1369,2022-02-27 07:00:00+00:00,43.22
1370,2022-02-27 08:00:00+00:00,38.71
1371,2022-02-27 09:00:00+00:00,36.35
1372,2022-02-27 10:00:00+00:00,35.67
1373,2022-02-27 11:00:00+00:00,38.95
1374,2022-02-27 12:00:00+00:00,48.23
1375,2022-02-27 13:00:00+00:00,49.03
1376,2022-02-27 14:00:00+00:00,42.24
1377,2022-02-27 15:00:00+00:00,33.79
1378,2022-02-27 16:00:00+00:00,30.65
1379,2022-02-27 17:00:00+00:00,28.87
1380,2022-02-27 18:00:00+00:00,26.17
1381,2022-02-27 19:00:00+00:00,25.35
1382,2022-02-27 20:00:00+00:00,24.06
1383,2022-02-27 21:00:00+00:00,23.56
1384,2022-02-27 22:00:00+00:00,26.0
1385,2022-02-27 23:00:00+00:00,30.14
1386,2022-02-28 00:00:00+00:00,62.0
1387,2022-02-28 01:00:00+00:00,53.53
1388,2022-02-28 02:00:00+00:00,48.0
1389,2022-02-28 03:00:00+00:00,40.0
1390,2022-02-28 04:00:00+00:00,32.31
1391,2022-02-28 05:00:00+00:00,31.29
1392,2022-02-28 06:00:00+00:00,30.4
1393,2022-02-28 07:00:00+00:00,29.5
1394,2022-02-28 08:00:00+00:00,29.54
1395,2022-02-28 09:00:00+00:00,29.94
1396,2022-02-28 10:00:00+00:00,31.5
1397,2022-02-28 11:00:00+00:00,41.68
1398,2022-02-28 12:00:00+00:00,122.72
1399,2022-02-28 13:00:00+00:00,75.69
1400,2022-02-28 14:00:00+00:00,41.29
1401,2022-02-28 15:00:00+00:00,31.41
1402,2022-02-28 16:00:00+00:00,29.78
1403,2022-02-28 17:00:00+00:00,28.65
1404,2022-02-28 18:00:00+00:00,28.75
1405,2022-02-28 19:00:00+00:00,27.81
1406,2022-02-28 20:00:00+00:00,26.84
1407,2022-02-28 21:00:00+00:00,27.56
1408,2022-02-28 22:00:00+00:00,28.29
1409,2022-02-28 23:00:00+00:00,36.58
1410,2022-03-01 00:00:00+00:00,56.58
1411,2022-03-01 01:00:00+00:00,42.65
1412,2022-03-01 02:00:00+00:00,38.0
1413,2022-03-01 03:00:00+00:00,33.47
1414,2022-03-01 04:00:00+00:00,31.7
1415,2022-03-01 05:00:00+00:00,30.23
1416,2022-03-01 06:00:00+00:00,25.9
1417,2022-03-01 07:00:00+00:00,25.45
1418,2022-03-01 08:00:00+00:00,25.06
1419,2022-03-01 09:00:00+00:00,26.91
1420,2022-03-01 10:00:00+00:00,29.72
1421,2022-03-01 11:00:00+00:00,36.42
1422,2022-03-01 12:00:00+00:00,92.77
1423,2022-03-01 13:00:00+00:00,92.24
1424,2022-03-01 14:00:00+00:00,44.36
1425,2022-03-01 15:00:00+00:00,37.76
1426,2022-03-01 16:00:00+00:00,30.07
1427,2022-03-01 17:00:00+00:00,28.52
1428,2022-03-01 18:00:00+00:00,27.58
1429,2022-03-01 19:00:00+00:00,27.14
1430,2022-03-01 20:00:00+00:00,26.19
1431,2022-03-01 21:00:00+00:00,26.32
1432,2022-03-01 22:00:00+00:00,26.08
1433,2022-03-01 23:00:00+00:00,37.14
1434,2022-03-02 00:00:00+00:00,56.0
1435,2022-03-02 01:00:00+00:00,39.6
1436,2022-03-02 02:00:00+00:00,32.73
1437,2022-03-02 03:00:00+00:00,29.38
1438,2022-03-02 04:00:00+00:00,27.33
1439,2022-03-02 05:00:00+00:00,26.05
1440,2022-03-02 06:00:00+00:00,25.27
1441,2022-03-02 07:00:00+00:00,25.01
1442,2022-03-02 08:00:00+00:00,24.53
1443,2022-03-02 09:00:00+00:00,26.01
1444,2022-03-02 10:00:00+00:00,28.14
1445,2022-03-02 11:00:00+00:00,34.83
1446,2022-03-02 12:00:00+00:00,82.65
1447,2022-03-02 13:00:00+00:00,61.96
1448,2022-03-02 14:00:00+00:00,37.66
1449,2022-03-02 15:00:00+00:00,32.19
1450,2022-03-02 16:00:00+00:00,28.07
1451,2022-03-02 17:00:00+00:00,28.33
1452,2022-03-02 18:00:00+00:00,27.75
1453,2022-03-02 19:00:00+00:00,27.79
1454,2022-03-02 20:00:00+00:00,27.1
1455,2022-03-02 21:00:00+00:00,26.66
1456,2022-03-02 22:00:00+00:00,27.7
1457,2022-03-02 23:00:00+00:00,36.53
1458,2022-03-03 00:00:00+00:00,58.93
1459,2022-03-03 01:00:00+00:00,42.33
1460,2022-03-03 02:00:00+00:00,34.94
1461,2022-03-03 03:00:00+00:00,29.03
1462,2022-03-03 04:00:00+00:00,26.67
1463,2022-03-03 05:00:00+00:00,22.09
1464,2022-03-03 06:00:00+00:00,24.03
1465,2022-03-03 07:00:00+00:00,23.54
1466,2022-03-03 08:00:00+00:00,24.64
1467,2022-03-03 09:00:00+00:00,25.59
1468,2022-03-03 10:00:00+00:00,29.16
1469,2022-03-03 11:00:00+00:00,35.56
1470,2022-03-03 12:00:00+00:00,60.74
1471,2022-03-03 13:00:00+00:00,57.23
1472,2022-03-03 14:00:00+00:00,36.8
1473,2022-03-03 15:00:00+00:00,42.97
1474,2022-03-03 16:00:00+00:00,33.45
1475,2022-03-03 17:00:00+00:00,31.33
1476,2022-03-03 18:00:00+00:00,31.46
1477,2022-03-03 19:00:00+00:00,31.73
1478,2022-03-03 20:00:00+00:00,31.11
1479,2022-03-03 21:00:00+00:00,31.47
1480,2022-03-03 22:00:00+00:00,31.26
1481,2022-03-03 23:00:00+00:00,46.8
1482,2022-03-04 00:00:00+00:00,49.62
1483,2022-03-04 01:00:00+00:00,36.11
1484,2022-03-04 02:00:00+00:00,32.08
1485,2022-03-04 03:00:00+00:00,31.93
1486,2022-03-04 04:00:00+00:00,26.93
1487,2022-03-04 05:00:00+00:00,18.98
1488,2022-03-04 06:00:00+00:00,17.74
1489,2022-03-04 07:00:00+00:00,13.65
1490,2022-03-04 08:00:00+00:00,11.97
1491,2022-03-04 09:00:00+00:00,15.02
1492,2022-03-04 10:00:00+00:00,19.38
1493,2022-03-04 11:00:00+00:00,28.89
1494,2022-03-04 12:00:00+00:00,51.26
1495,2022-03-04 13:00:00+00:00,54.11
1496,2022-03-04 14:00:00+00:00,35.63
1497,2022-03-04 15:00:00+00:00,31.65
1498,2022-03-04 16:00:00+00:00,29.62
1499,2022-03-04 17:00:00+00:00,28.63
1500,2022-03-04 18:00:00+00:00,31.34
1501,2022-03-04 19:00:00+00:00,30.9
1502,2022-03-04 20:00:00+00:00,30.72
1503,2022-03-04 21:00:00+00:00,30.83
1504,2022-03-04 22:00:00+00:00,31.62
1505,2022-03-04 23:00:00+00:00,36.49
1506,2022-03-05 00:00:00+00:00,41.65
1507,2022-03-05 01:00:00+00:00,38.72
1508,2022-03-05 02:00:00+00:00,31.66
1509,2022-03-05 03:00:00+00:00,31.06
1510,2022-03-05 04:00:00+00:00,22.8
1511,2022-03-05 05:00:00+00:00,13.17
1512,2022-03-05 06:00:00+00:00,13.07
1513,2022-03-05 07:00:00+00:00,10.13
1514,2022-03-05 08:00:00+00:00,8.1
1515,2022-03-05 09:00:00+00:00,8.19
1516,2022-03-05 10:00:00+00:00,10.41
1517,2022-03-05 11:00:00+00:00,15.11
1518,2022-03-05 12:00:00+00:00,24.57
1519,2022-03-05 13:00:00+00:00,25.76
1520,2022-03-05 14:00:00+00:00,25.25
1521,2022-03-05 15:00:00+00:00,25.2
1522,2022-03-05 16:00:00+00:00,30.08
1523,2022-03-05 17:00:00+00:00,29.58
1524,2022-03-05 18:00:00+00:00,31.65
1525,2022-03-05 19:00:00+00:00,35.23
1526,2022-03-05 20:00:00+00:00,36.12
1527,2022-03-05 21:00:00+00:00,41.36
1528,2022-03-05 22:00:00+00:00,39.41
1529,2022-03-05 23:00:00+00:00,42.71
1530,2022-03-06 00:00:00+00:00,100.15
1531,2022-03-06 01:00:00+00:00,87.16
1532,2022-03-06 02:00:00+00:00,49.91
1533,2022-03-06 03:00:00+00:00,43.16
1534,2022-03-06 04:00:00+00:00,34.09
1535,2022-03-06 05:00:00+00:00,33.7
1536,2022-03-06 06:00:00+00:00,40.64
1537,2022-03-06 07:00:00+00:00,30.99
1538,2022-03-06 08:00:00+00:00,29.78
1539,2022-03-06 09:00:00+00:00,22.13
1540,2022-03-06 10:00:00+00:00,23.01
1541,2022-03-06 11:00:00+00:00,25.01
1542,2022-03-06 12:00:00+00:00,35.62
1543,2022-03-06 13:00:00+00:00,31.57
1544,2022-03-06 14:00:00+00:00,29.93
1545,2022-03-06 15:00:00+00:00,31.65
1546,2022-03-06 16:00:00+00:00,41.16
1547,2022-03-06 17:00:00+00:00,40.04
1548,2022-03-06 18:00:00+00:00,42.09
1549,2022-03-06 19:00:00+00:00,46.84
1550,2022-03-06 20:00:00+00:00,42.81
1551,2022-03-06 21:00:00+00:00,42.06
1552,2022-03-06 22:00:00+00:00,43.98
1553,2022-03-06 23:00:00+00:00,54.79
1554,2022-03-07 00:00:00+00:00,89.91
1555,2022-03-07 01:00:00+00:00,54.31
1556,2022-03-07 02:00:00+00:00,44.22
1557,2022-03-07 03:00:00+00:00,45.8
1558,2022-03-07 04:00:00+00:00,39.97
1559,2022-03-07 05:00:00+00:00,30.17
1560,2022-03-07 06:00:00+00:00,27.47
1561,2022-03-07 07:00:00+00:00,21.72
1562,2022-03-07 08:00:00+00:00,19.26
1563,2022-03-07 09:00:00+00:00,19.81
1564,2022-03-07 10:00:00+00:00,22.78
1565,2022-03-07 11:00:00+00:00,28.53
1566,2022-03-07 12:00:00+00:00,58.0
1567,2022-03-07 13:00:00+00:00,54.91
1568,2022-03-07 14:00:00+00:00,43.05
1569,2022-03-07 15:00:00+00:00,36.49
1570,2022-03-07 16:00:00+00:00,38.3
1571,2022-03-07 17:00:00+00:00,41.9
1572,2022-03-07 18:00:00+00:00,43.78
1573,2022-03-07 19:00:00+00:00,40.02
1574,2022-03-07 20:00:00+00:00,37.12
1575,2022-03-07 21:00:00+00:00,35.44
1576,2022-03-07 22:00:00+00:00,36.9
1577,2022-03-07 23:00:00+00:00,53.39
1578,2022-03-08 00:00:00+00:00,111.79
1579,2022-03-08 01:00:00+00:00,81.65
1580,2022-03-08 02:00:00+00:00,57.04
1581,2022-03-08 03:00:00+00:00,45.35
1582,2022-03-08 04:00:00+00:00,39.16
1583,2022-03-08 05:00:00+00:00,37.08
1584,2022-03-08 06:00:00+00:00,38.55
1585,2022-03-08 07:00:00+00:00,37.12
1586,2022-03-08 08:00:00+00:00,37.72
1587,2022-03-08 09:00:00+00:00,38.61
1588,2022-03-08 10:00:00+00:00,39.82
1589,2022-03-08 11:00:00+00:00,50.39
1590,2022-03-08 12:00:00+00:00,145.81
1591,2022-03-08 13:00:00+00:00,147.33
1592,2022-03-08 14:00:00+00:00,115.83
1593,2022-03-08 15:00:00+00:00,84.86
1594,2022-03-08 16:00:00+00:00,81.7
1595,2022-03-08 17:00:00+00:00,75.24
1596,2022-03-08 18:00:00+00:00,64.67
1597,2022-03-08 19:00:00+00:00,59.1
1598,2022-03-08 20:00:00+00:00,54.94
1599,2022-03-08 21:00:00+00:00,52.42
1600,2022-03-08 22:00:00+00:00,57.02
1601,2022-03-08 23:00:00+00:00,84.79
1602,2022-03-09 00:00:00+00:00,143.06
1603,2022-03-09 01:00:00+00:00,134.84
1604,2022-03-09 02:00:00+00:00,91.96
1605,2022-03-09 03:00:00+00:00,65.47
1606,2022-03-09 04:00:00+00:00,45.38
1607,2022-03-09 05:00:00+00:00,43.54
1608,2022-03-09 06:00:00+00:00,50.19
1609,2022-03-09 07:00:00+00:00,47.5
1610,2022-03-09 08:00:00+00:00,44.77
1611,2022-03-09 09:00:00+00:00,43.47
1612,2022-03-09 10:00:00+00:00,47.74
1613,2022-03-09 11:00:00+00:00,70.57
1614,2022-03-09 12:00:00+00:00,239.51
1615,2022-03-09 13:00:00+00:00,187.53
1616,2022-03-09 14:00:00+00:00,66.25
1617,2022-03-09 15:00:00+00:00,53.52
1618,2022-03-09 16:00:00+00:00,43.42
1619,2022-03-09 17:00:00+00:00,38.84
1620,2022-03-09 18:00:00+00:00,33.42
1621,2022-03-09 19:00:00+00:00,28.64
1622,2022-03-09 20:00:00+00:00,26.84
1623,2022-03-09 21:00:00+00:00,27.43
1624,2022-03-09 22:00:00+00:00,29.06
1625,2022-03-09 23:00:00+00:00,38.21
1626,2022-03-10 00:00:00+00:00,61.41
1627,2022-03-10 01:00:00+00:00,54.92
1628,2022-03-10 02:00:00+00:00,44.81
1629,2022-03-10 03:00:00+00:00,44.52
1630,2022-03-10 04:00:00+00:00,34.82
1631,2022-03-10 05:00:00+00:00,30.33
1632,2022-03-10 06:00:00+00:00,31.12
1633,2022-03-10 07:00:00+00:00,31.04
1634,2022-03-10 08:00:00+00:00,29.81
1635,2022-03-10 09:00:00+00:00,29.49
1636,2022-03-10 10:00:00+00:00,34.97
1637,2022-03-10 11:00:00+00:00,49.58
1638,2022-03-10 12:00:00+00:00,90.69
1639,2022-03-10 13:00:00+00:00,76.0
1640,2022-03-10 14:00:00+00:00,48.9
1641,2022-03-10 15:00:00+00:00,40.98
1642,2022-03-10 16:00:00+00:00,33.18
1643,2022-03-10 17:00:00+00:00,32.79
1644,2022-03-10 18:00:00+00:00,33.98
1645,2022-03-10 19:00:00+00:00,35.85
1646,2022-03-10 20:00:00+00:00,34.22
1647,2022-03-10 21:00:00+00:00,31.67
1648,2022-03-10 22:00:00+00:00,30.29
1649,2022-03-10 23:00:00+00:00,35.35
1650,2022-03-11 00:00:00+00:00,49.78
1651,2022-03-11 01:00:00+00:00,39.38
1652,2022-03-11 02:00:00+00:00,36.01
1653,2022-03-11 03:00:00+00:00,33.19
1654,2022-03-11 04:00:00+00:00,28.69
1655,2022-03-11 05:00:00+00:00,24.86
1656,2022-03-11 06:00:00+00:00,29.26
1657,2022-03-11 07:00:00+00:00,28.44
1658,2022-03-11 08:00:00+00:00,28.37
1659,2022-03-11 09:00:00+00:00,29.31
1660,2022-03-11 10:00:00+00:00,31.42
1661,2022-03-11 11:00:00+00:00,38.63
1662,2022-03-11 12:00:00+00:00,48.9
1663,2022-03-11 13:00:00+00:00,50.29
1664,2022-03-11 14:00:00+00:00,50.13
1665,2022-03-11 15:00:00+00:00,49.3
1666,2022-03-11 16:00:00+00:00,50.45
1667,2022-03-11 17:00:00+00:00,49.44
1668,2022-03-11 18:00:00+00:00,47.9
1669,2022-03-11 19:00:00+00:00,42.52
1670,2022-03-11 20:00:00+00:00,40.87
1671,2022-03-11 21:00:00+00:00,38.7
1672,2022-03-11 22:00:00+00:00,39.11
1673,2022-03-11 23:00:00+00:00,52.56
1674,2022-03-12 00:00:00+00:00,82.42
1675,2022-03-12 01:00:00+00:00,124.8
1676,2022-03-12 02:00:00+00:00,124.27
1677,2022-03-12 03:00:00+00:00,102.58
1678,2022-03-12 04:00:00+00:00,60.52
1679,2022-03-12 05:00:00+00:00,55.66
1680,2022-03-12 06:00:00+00:00,67.78
1681,2022-03-12 07:00:00+00:00,65.66
1682,2022-03-12 08:00:00+00:00,66.82
1683,2022-03-12 09:00:00+00:00,72.88
1684,2022-03-12 10:00:00+00:00,73.77
1685,2022-03-12 11:00:00+00:00,95.02
1686,2022-03-12 12:00:00+00:00,153.57
1687,2022-03-12 13:00:00+00:00,140.6
1688,2022-03-12 14:00:00+00:00,75.68
1689,2022-03-12 15:00:00+00:00,55.42
1690,2022-03-12 16:00:00+00:00,45.82
1691,2022-03-12 17:00:00+00:00,34.46
1692,2022-03-12 18:00:00+00:00,31.81
1693,2022-03-12 19:00:00+00:00,29.11
1694,2022-03-12 20:00:00+00:00,24.79
1695,2022-03-12 21:00:00+00:00,20.78
1696,2022-03-12 22:00:00+00:00,22.11
1697,2022-03-12 23:00:00+00:00,31.6
1698,2022-03-13 00:00:00+00:00,54.76
1699,2022-03-13 01:00:00+00:00,42.18
1700,2022-03-13 02:00:00+00:00,38.1
1701,2022-03-13 03:00:00+00:00,35.96
1702,2022-03-13 04:00:00+00:00,31.23
1703,2022-03-13 05:00:00+00:00,27.71
1704,2022-03-13 06:00:00+00:00,30.26
1705,2022-03-13 07:00:00+00:00,30.15
1706,2022-03-13 08:00:00+00:00,30.33
1707,2022-03-13 09:00:00+00:00,31.69
1708,2022-03-13 10:00:00+00:00,34.48
1709,2022-03-13 11:00:00+00:00,53.78
1710,2022-03-13 12:00:00+00:00,75.19
1711,2022-03-13 13:00:00+00:00,60.54
1712,2022-03-13 14:00:00+00:00,42.75
1713,2022-03-13 15:00:00+00:00,32.55
1714,2022-03-13 16:00:00+00:00,30.45
1715,2022-03-13 17:00:00+00:00,27.77
1716,2022-03-13 18:00:00+00:00,27.53
1717,2022-03-13 19:00:00+00:00,24.13
1718,2022-03-13 20:00:00+00:00,23.12
1719,2022-03-13 21:00:00+00:00,23.88
1720,2022-03-13 22:00:00+00:00,21.9
1721,2022-03-13 23:00:00+00:00,30.14
1722,2022-03-14 00:00:00+00:00,37.31
1723,2022-03-14 01:00:00+00:00,41.36
1724,2022-03-14 02:00:00+00:00,37.16
1725,2022-03-14 03:00:00+00:00,26.54
1726,2022-03-14 04:00:00+00:00,19.78
1727,2022-03-14 05:00:00+00:00,19.41
1728,2022-03-14 06:00:00+00:00,18.76
1729,2022-03-14 07:00:00+00:00,16.72
1730,2022-03-14 08:00:00+00:00,19.67
1731,2022-03-14 09:00:00+00:00,24.06
1732,2022-03-14 10:00:00+00:00,33.7
1733,2022-03-14 11:00:00+00:00,42.59
1734,2022-03-14 12:00:00+00:00,43.75
1735,2022-03-14 13:00:00+00:00,40.45
1736,2022-03-14 14:00:00+00:00,36.6
1737,2022-03-14 15:00:00+00:00,33.43
1738,2022-03-14 16:00:00+00:00,32.26
1739,2022-03-14 17:00:00+00:00,33.01
1740,2022-03-14 18:00:00+00:00,31.94
1741,2022-03-14 19:00:00+00:00,31.68
1742,2022-03-14 20:00:00+00:00,33.8
1743,2022-03-14 21:00:00+00:00,32.67
1744,2022-03-14 22:00:00+00:00,31.75
1745,2022-03-14 23:00:00+00:00,39.36
1746,2022-03-15 00:00:00+00:00,55.45
1747,2022-03-15 01:00:00+00:00,99.41
1748,2022-03-15 02:00:00+00:00,54.12
1749,2022-03-15 03:00:00+00:00,32.54
1750,2022-03-15 04:00:00+00:00,31.53
1751,2022-03-15 05:00:00+00:00,35.0
1752,2022-03-15 06:00:00+00:00,32.63
1753,2022-03-15 07:00:00+00:00,32.07
1754,2022-03-15 08:00:00+00:00,32.79
1755,2022-03-15 09:00:00+00:00,33.44
1756,2022-03-15 10:00:00+00:00,38.05
1757,2022-03-15 11:00:00+00:00,44.59
1758,2022-03-15 12:00:00+00:00,54.84
1759,2022-03-15 13:00:00+00:00,43.08
1760,2022-03-15 14:00:00+00:00,32.61
1761,2022-03-15 15:00:00+00:00,28.99
1762,2022-03-15 16:00:00+00:00,29.0
1763,2022-03-15 17:00:00+00:00,30.93
1764,2022-03-15 18:00:00+00:00,29.77
1765,2022-03-15 19:00:00+00:00,30.93
1766,2022-03-15 20:00:00+00:00,31.0
1767,2022-03-15 21:00:00+00:00,32.79
1768,2022-03-15 22:00:00+00:00,33.36
1769,2022-03-15 23:00:00+00:00,47.96
1770,2022-03-16 00:00:00+00:00,148.85
1771,2022-03-16 01:00:00+00:00,102.2
1772,2022-03-16 02:00:00+00:00,45.0
1773,2022-03-16 03:00:00+00:00,38.56
1774,2022-03-16 04:00:00+00:00,33.87
1775,2022-03-16 05:00:00+00:00,31.02
1776,2022-03-16 06:00:00+00:00,29.26
1777,2022-03-16 07:00:00+00:00,22.14
1778,2022-03-16 08:00:00+00:00,16.81
1779,2022-03-16 09:00:00+00:00,19.17
1780,2022-03-16 10:00:00+00:00,25.09
1781,2022-03-16 11:00:00+00:00,56.32
1782,2022-03-16 12:00:00+00:00,39.65
1783,2022-03-16 13:00:00+00:00,34.32
1784,2022-03-16 14:00:00+00:00,33.78
1785,2022-03-16 15:00:00+00:00,30.5
1786,2022-03-16 16:00:00+00:00,30.06
1787,2022-03-16 17:00:00+00:00,29.83
1788,2022-03-16 18:00:00+00:00,28.03
1789,2022-03-16 19:00:00+00:00,30.61
1790,2022-03-16 20:00:00+00:00,30.89
1791,2022-03-16 21:00:00+00:00,34.7
1792,2022-03-16 22:00:00+00:00,33.5
1793,2022-03-16 23:00:00+00:00,38.36
1794,2022-03-17 00:00:00+00:00,50.93
1795,2022-03-17 01:00:00+00:00,38.86
1796,2022-03-17 02:00:00+00:00,30.2
1797,2022-03-17 03:00:00+00:00,23.2
1798,2022-03-17 04:00:00+00:00,20.82
1799,2022-03-17 05:00:00+00:00,17.48
1800,2022-03-17 06:00:00+00:00,14.37
1801,2022-03-17 07:00:00+00:00,13.86
1802,2022-03-17 08:00:00+00:00,15.07
1803,2022-03-17 09:00:00+00:00,18.27
1804,2022-03-17 10:00:00+00:00,23.44
1805,2022-03-17 11:00:00+00:00,37.08
1806,2022-03-17 12:00:00+00:00,42.32
1807,2022-03-17 13:00:00+00:00,36.93
1808,2022-03-17 14:00:00+00:00,32.71
1809,2022-03-17 15:00:00+00:00,30.74
1810,2022-03-17 16:00:00+00:00,31.2
1811,2022-03-17 17:00:00+00:00,32.91
1812,2022-03-17 18:00:00+00:00,33.87
1813,2022-03-17 19:00:00+00:00,32.03
1814,2022-03-17 20:00:00+00:00,35.52
1815,2022-03-17 21:00:00+00:00,41.52
1816,2022-03-17 22:00:00+00:00,39.38
1817,2022-03-17 23:00:00+00:00,42.93
1818,2022-03-18 00:00:00+00:00,50.0
1819,2022-03-18 01:00:00+00:00,39.21
1820,2022-03-18 02:00:00+00:00,34.03
1821,2022-03-18 03:00:00+00:00,30.82
1822,2022-03-18 04:00:00+00:00,25.58
1823,2022-03-18 05:00:00+00:00,24.78
1824,2022-03-18 06:00:00+00:00,20.88
1825,2022-03-18 07:00:00+00:00,17.97
1826,2022-03-18 08:00:00+00:00,19.23
1827,2022-03-18 09:00:00+00:00,22.11
1828,2022-03-18 10:00:00+00:00,22.42
1829,2022-03-18 11:00:00+00:00,37.89
1830,2022-03-18 12:00:00+00:00,44.97
1831,2022-03-18 13:00:00+00:00,41.18
1832,2022-03-18 14:00:00+00:00,35.71
1833,2022-03-18 15:00:00+00:00,34.0
1834,2022-03-18 16:00:00+00:00,35.52
1835,2022-03-18 17:00:00+00:00,34.52
1836,2022-03-18 18:00:00+00:00,39.26
1837,2022-03-18 19:00:00+00:00,40.88
1838,2022-03-18 20:00:00+00:00,33.22
1839,2022-03-18 21:00:00+00:00,35.87
1840,2022-03-18 22:00:00+00:00,38.0
1841,2022-03-18 23:00:00+00:00,57.36
1842,2022-03-19 00:00:00+00:00,141.89
1843,2022-03-19 01:00:00+00:00,120.14
1844,2022-03-19 02:00:00+00:00,80.01
1845,2022-03-19 03:00:00+00:00,57.03
1846,2022-03-19 04:00:00+00:00,42.55
1847,2022-03-19 05:00:00+00:00,56.17
1848,2022-03-19 06:00:00+00:00,47.26
1849,2022-03-19 07:00:00+00:00,44.22
1850,2022-03-19 08:00:00+00:00,41.94
1851,2022-03-19 09:00:00+00:00,41.66
1852,2022-03-19 10:00:00+00:00,39.69
1853,2022-03-19 11:00:00+00:00,44.27
1854,2022-03-19 12:00:00+00:00,44.61
1855,2022-03-19 13:00:00+00:00,37.9
1856,2022-03-19 14:00:00+00:00,40.04
1857,2022-03-19 15:00:00+00:00,32.56
1858,2022-03-19 16:00:00+00:00,30.25
1859,2022-03-19 17:00:00+00:00,27.34
1860,2022-03-19 18:00:00+00:00,29.73
1861,2022-03-19 19:00:00+00:00,33.08
1862,2022-03-19 20:00:00+00:00,31.97
1863,2022-03-19 21:00:00+00:00,32.65
1864,2022-03-19 22:00:00+00:00,30.86
1865,2022-03-19 23:00:00+00:00,45.0
1866,2022-03-20 00:00:00+00:00,122.48
1867,2022-03-20 01:00:00+00:00,49.76
1868,2022-03-20 02:00:00+00:00,32.42
1869,2022-03-20 03:00:00+00:00,23.33
1870,2022-03-20 04:00:00+00:00,22.95
1871,2022-03-20 05:00:00+00:00,22.72
1872,2022-03-20 06:00:00+00:00,18.43
1873,2022-03-20 07:00:00+00:00,17.43
1874,2022-03-20 08:00:00+00:00,17.74
1875,2022-03-20 09:00:00+00:00,19.21
1876,2022-03-20 10:00:00+00:00,21.37
1877,2022-03-20 11:00:00+00:00,29.94
1878,2022-03-20 12:00:00+00:00,34.32
1879,2022-03-20 13:00:00+00:00,34.26
1880,2022-03-20 14:00:00+00:00,27.65
1881,2022-03-20 15:00:00+00:00,21.06
1882,2022-03-20 16:00:00+00:00,21.96
1883,2022-03-20 17:00:00+00:00,23.94
1884,2022-03-20 18:00:00+00:00,24.52
1885,2022-03-20 19:00:00+00:00,26.01
1886,2022-03-20 20:00:00+00:00,26.49
1887,2022-03-20 21:00:00+00:00,27.16
1888,2022-03-20 22:00:00+00:00,35.06
1889,2022-03-20 23:00:00+00:00,43.45
1890,2022-03-21 00:00:00+00:00,51.89
1891,2022-03-21 01:00:00+00:00,47.8
1892,2022-03-21 02:00:00+00:00,33.69
1893,2022-03-21 03:00:00+00:00,22.54
1894,2022-03-21 04:00:00+00:00,19.26
1895,2022-03-21 05:00:00+00:00,21.72
1896,2022-03-21 06:00:00+00:00,17.66
1897,2022-03-21 07:00:00+00:00,17.14
1898,2022-03-21 08:00:00+00:00,16.9
1899,2022-03-21 09:00:00+00:00,18.17
1900,2022-03-21 10:00:00+00:00,26.11
1901,2022-03-21 11:00:00+00:00,39.41
1902,2022-03-21 12:00:00+00:00,43.39
1903,2022-03-21 13:00:00+00:00,40.91
1904,2022-03-21 14:00:00+00:00,42.4
1905,2022-03-21 15:00:00+00:00,39.24
1906,2022-03-21 16:00:00+00:00,37.13
1907,2022-03-21 17:00:00+00:00,43.71
1908,2022-03-21 18:00:00+00:00,51.57
1909,2022-03-21 19:00:00+00:00,43.69
1910,2022-03-21 20:00:00+00:00,37.16
1911,2022-03-21 21:00:00+00:00,40.81
1912,2022-03-21 22:00:00+00:00,39.72
1913,2022-03-21 23:00:00+00:00,49.57
1914,2022-03-22 00:00:00+00:00,68.98
1915,2022-03-22 01:00:00+00:00,69.97
1916,2022-03-22 02:00:00+00:00,42.13
1917,2022-03-22 03:00:00+00:00,37.32
1918,2022-03-22 04:00:00+00:00,32.49
1919,2022-03-22 05:00:00+00:00,28.7
1920,2022-03-22 06:00:00+00:00,25.31
1921,2022-03-22 07:00:00+00:00,24.44
1922,2022-03-22 08:00:00+00:00,22.74
1923,2022-03-22 09:00:00+00:00,24.86
1924,2022-03-22 10:00:00+00:00,30.73
1925,2022-03-22 11:00:00+00:00,66.33
1926,2022-03-22 12:00:00+00:00,54.92
1927,2022-03-22 13:00:00+00:00,44.49
1928,2022-03-22 14:00:00+00:00,46.07
1929,2022-03-22 15:00:00+00:00,37.47
1930,2022-03-22 16:00:00+00:00,38.44
1931,2022-03-22 17:00:00+00:00,41.72
1932,2022-03-22 18:00:00+00:00,41.9
1933,2022-03-22 19:00:00+00:00,42.29
1934,2022-03-22 20:00:00+00:00,42.79
1935,2022-03-22 21:00:00+00:00,39.52
1936,2022-03-22 22:00:00+00:00,41.36
1937,2022-03-22 23:00:00+00:00,50.18
1938,2022-03-23 00:00:00+00:00,56.22
1939,2022-03-23 01:00:00+00:00,79.45
1940,2022-03-23 02:00:00+00:00,57.14
1941,2022-03-23 03:00:00+00:00,37.27
1942,2022-03-23 04:00:00+00:00,34.26
1943,2022-03-23 05:00:00+00:00,42.81
1944,2022-03-23 06:00:00+00:00,33.76
1945,2022-03-23 07:00:00+00:00,30.57
1946,2022-03-23 08:00:00+00:00,30.59
1947,2022-03-23 09:00:00+00:00,33.26
1948,2022-03-23 10:00:00+00:00,38.47
1949,2022-03-23 11:00:00+00:00,69.9
1950,2022-03-23 12:00:00+00:00,82.08
1951,2022-03-23 13:00:00+00:00,42.3
1952,2022-03-23 14:00:00+00:00,43.11
1953,2022-03-23 15:00:00+00:00,36.41
1954,2022-03-23 16:00:00+00:00,31.33
1955,2022-03-23 17:00:00+00:00,30.73
1956,2022-03-23 18:00:00+00:00,30.54
1957,2022-03-23 19:00:00+00:00,28.59
1958,2022-03-23 20:00:00+00:00,27.94
1959,2022-03-23 21:00:00+00:00,31.64
1960,2022-03-23 22:00:00+00:00,35.21
1961,2022-03-23 23:00:00+00:00,35.2
1962,2022-03-24 00:00:00+00:00,93.21
1963,2022-03-24 01:00:00+00:00,141.83
1964,2022-03-24 02:00:00+00:00,83.28
1965,2022-03-24 03:00:00+00:00,65.68
1966,2022-03-24 04:00:00+00:00,42.41
1967,2022-03-24 05:00:00+00:00,39.04
1968,2022-03-24 06:00:00+00:00,31.75
1969,2022-03-24 07:00:00+00:00,30.25
1970,2022-03-24 08:00:00+00:00,28.83
1971,2022-03-24 09:00:00+00:00,30.21
1972,2022-03-24 10:00:00+00:00,35.45
1973,2022-03-24 11:00:00+00:00,58.41
1974,2022-03-24 12:00:00+00:00,65.33
1975,2022-03-24 13:00:00+00:00,43.72
1976,2022-03-24 14:00:00+00:00,40.54
1977,2022-03-24 15:00:00+00:00,33.8
1978,2022-03-24 16:00:00+00:00,29.45
1979,2022-03-24 17:00:00+00:00,25.88
1980,2022-03-24 18:00:00+00:00,27.47
1981,2022-03-24 19:00:00+00:00,26.26
1982,2022-03-24 20:00:00+00:00,27.95
1983,2022-03-24 21:00:00+00:00,27.55
1984,2022-03-24 22:00:00+00:00,32.88
1985,2022-03-24 23:00:00+00:00,38.46
1986,2022-03-25 00:00:00+00:00,144.76
1987,2022-03-25 01:00:00+00:00,170.97
1988,2022-03-25 02:00:00+00:00,83.46
1989,2022-03-25 03:00:00+00:00,55.0
1990,2022-03-25 04:00:00+00:00,41.6
1991,2022-03-25 05:00:00+00:00,40.05
1992,2022-03-25 06:00:00+00:00,34.07
1993,2022-03-25 07:00:00+00:00,33.18
1994,2022-03-25 08:00:00+00:00,32.74
1995,2022-03-25 09:00:00+00:00,36.15
1996,2022-03-25 10:00:00+00:00,45.06
1997,2022-03-25 11:00:00+00:00,119.9
1998,2022-03-25 12:00:00+00:00,133.94
1999,2022-03-25 13:00:00+00:00,75.09
2000,2022-03-25 14:00:00+00:00,46.46
2001,2022-03-25 15:00:00+00:00,36.46
2002,2022-03-25 16:00:00+00:00,39.91
2003,2022-03-25 17:00:00+00:00,43.13
2004,2022-03-25 18:00:00+00:00,41.33
2005,2022-03-25 19:00:00+00:00,42.92
2006,2022-03-25 20:00:00+00:00,44.4
2007,2022-03-25 21:00:00+00:00,44.89
2008,2022-03-25 22:00:00+00:00,46.42
2009,2022-03-25 23:00:00+00:00,55.85
2010,2022-03-26 00:00:00+00:00,105.18
2011,2022-03-26 01:00:00+00:00,53.96
2012,2022-03-26 02:00:00+00:00,43.16
2013,2022-03-26 03:00:00+00:00,34.72
2014,2022-03-26 04:00:00+00:00,29.93
2015,2022-03-26 05:00:00+00:00,25.81
2016,2022-03-26 06:00:00+00:00,20.01
2017,2022-03-26 07:00:00+00:00,19.5
2018,2022-03-26 08:00:00+00:00,23.13
2019,2022-03-26 09:00:00+00:00,31.87
2020,2022-03-26 10:00:00+00:00,42.08
2021,2022-03-26 11:00:00+00:00,41.77
2022,2022-03-26 12:00:00+00:00,44.07
2023,2022-03-26 13:00:00+00:00,48.0
2024,2022-03-26 14:00:00+00:00,46.44
2025,2022-03-26 15:00:00+00:00,34.23
2026,2022-03-26 16:00:00+00:00,40.01
2027,2022-03-26 17:00:00+00:00,37.76
2028,2022-03-26 18:00:00+00:00,36.6
2029,2022-03-26 19:00:00+00:00,41.84
2030,2022-03-26 20:00:00+00:00,49.35
2031,2022-03-26 21:00:00+00:00,60.3
2032,2022-03-26 22:00:00+00:00,55.4
2033,2022-03-26 23:00:00+00:00,77.38
2034,2022-03-27 00:00:00+00:00,102.66
2035,2022-03-27 01:00:00+00:00,55.67
2036,2022-03-27 02:00:00+00:00,43.38
2037,2022-03-27 03:00:00+00:00,38.41
2038,2022-03-27 04:00:00+00:00,28.16
2039,2022-03-27 05:00:00+00:00,26.15
2040,2022-03-27 06:00:00+00:00,22.11
2041,2022-03-27 07:00:00+00:00,14.91
2042,2022-03-27 08:00:00+00:00,12.77
2043,2022-03-27 09:00:00+00:00,15.29
2044,2022-03-27 10:00:00+00:00,17.78
2045,2022-03-27 11:00:00+00:00,30.1
2046,2022-03-27 12:00:00+00:00,32.6
2047,2022-03-27 13:00:00+00:00,38.34
2048,2022-03-27 14:00:00+00:00,37.77
2049,2022-03-27 15:00:00+00:00,34.3
2050,2022-03-27 16:00:00+00:00,42.54
2051,2022-03-27 17:00:00+00:00,65.12
2052,2022-03-27 18:00:00+00:00,44.3
2053,2022-03-27 19:00:00+00:00,45.02
2054,2022-03-27 20:00:00+00:00,57.56
2055,2022-03-27 21:00:00+00:00,59.44
2056,2022-03-27 22:00:00+00:00,61.49
2057,2022-03-27 23:00:00+00:00,84.54
2058,2022-03-28 00:00:00+00:00,74.21
2059,2022-03-28 01:00:00+00:00,53.59
2060,2022-03-28 02:00:00+00:00,42.59
2061,2022-03-28 03:00:00+00:00,34.21
2062,2022-03-28 04:00:00+00:00,24.78
2063,2022-03-28 05:00:00+00:00,23.25
2064,2022-03-28 06:00:00+00:00,19.67
2065,2022-03-28 07:00:00+00:00,18.82
2066,2022-03-28 08:00:00+00:00,20.04
2067,2022-03-28 09:00:00+00:00,22.82
2068,2022-03-28 10:00:00+00:00,32.99
2069,2022-03-28 11:00:00+00:00,49.33
2070,2022-03-28 12:00:00+00:00,57.99
2071,2022-03-28 13:00:00+00:00,46.85
2072,2022-03-28 14:00:00+00:00,41.33
2073,2022-03-28 15:00:00+00:00,40.23
2074,2022-03-28 16:00:00+00:00,46.9
2075,2022-03-28 17:00:00+00:00,58.41
2076,2022-03-28 18:00:00+00:00,61.68
2077,2022-03-28 19:00:00+00:00,61.71
2078,2022-03-28 20:00:00+00:00,62.24
2079,2022-03-28 21:00:00+00:00,57.1
2080,2022-03-28 22:00:00+00:00,56.57
2081,2022-03-28 23:00:00+00:00,68.47
2082,2022-03-29 00:00:00+00:00,100.4
2083,2022-03-29 01:00:00+00:00,61.22
2084,2022-03-29 02:00:00+00:00,43.77
2085,2022-03-29 03:00:00+00:00,37.8
2086,2022-03-29 04:00:00+00:00,31.31
2087,2022-03-29 05:00:00+00:00,31.82
2088,2022-03-29 06:00:00+00:00,21.07
2089,2022-03-29 07:00:00+00:00,18.45
2090,2022-03-29 08:00:00+00:00,17.26
2091,2022-03-29 09:00:00+00:00,18.16
2092,2022-03-29 10:00:00+00:00,23.88
2093,2022-03-29 11:00:00+00:00,41.3
2094,2022-03-29 12:00:00+00:00,40.44
2095,2022-03-29 13:00:00+00:00,37.5
2096,2022-03-29 14:00:00+00:00,43.57
2097,2022-03-29 15:00:00+00:00,41.2
2098,2022-03-29 16:00:00+00:00,46.0
2099,2022-03-29 17:00:00+00:00,54.12
2100,2022-03-29 18:00:00+00:00,53.46
2101,2022-03-29 19:00:00+00:00,50.5
2102,2022-03-29 20:00:00+00:00,51.52
2103,2022-03-29 21:00:00+00:00,53.83
2104,2022-03-29 22:00:00+00:00,52.59
2105,2022-03-29 23:00:00+00:00,67.83
2106,2022-03-30 00:00:00+00:00,82.57
2107,2022-03-30 01:00:00+00:00,68.56
2108,2022-03-30 02:00:00+00:00,56.81
2109,2022-03-30 03:00:00+00:00,47.44
2110,2022-03-30 04:00:00+00:00,42.65
2111,2022-03-30 05:00:00+00:00,28.39
2112,2022-03-30 06:00:00+00:00,19.26
2113,2022-03-30 07:00:00+00:00,16.3
2114,2022-03-30 08:00:00+00:00,17.12
2115,2022-03-30 09:00:00+00:00,17.29
2116,2022-03-30 10:00:00+00:00,20.03
2117,2022-03-30 11:00:00+00:00,42.35
2118,2022-03-30 12:00:00+00:00,40.49
2119,2022-03-30 13:00:00+00:00,38.43
2120,2022-03-30 14:00:00+00:00,34.87
2121,2022-03-30 15:00:00+00:00,37.77
2122,2022-03-30 16:00:00+00:00,40.01
2123,2022-03-30 17:00:00+00:00,44.07
2124,2022-03-30 18:00:00+00:00,52.19
2125,2022-03-30 19:00:00+00:00,51.81
2126,2022-03-30 20:00:00+00:00,54.43
2127,2022-03-30 21:00:00+00:00,50.06
2128,2022-03-30 22:00:00+00:00,46.96
2129,2022-03-30 23:00:00+00:00,71.72
2130,2022-03-31 00:00:00+00:00,188.06
2131,2022-03-31 01:00:00+00:00,153.11
2132,2022-03-31 02:00:00+00:00,66.86
2133,2022-03-31 03:00:00+00:00,44.15
2134,2022-03-31 04:00:00+00:00,38.89
2135,2022-03-31 05:00:00+00:00,38.78
2136,2022-03-31 06:00:00+00:00,33.31
2137,2022-03-31 07:00:00+00:00,32.25
2138,2022-03-31 08:00:00+00:00,32.52
2139,2022-03-31 09:00:00+00:00,33.59
2140,2022-03-31 10:00:00+00:00,37.74
2141,2022-03-31 11:00:00+00:00,59.58
2142,2022-03-31 12:00:00+00:00,54.94
2143,2022-03-31 13:00:00+00:00,46.27
2144,2022-03-31 14:00:00+00:00,41.33
2145,2022-03-31 15:00:00+00:00,36.42
2146,2022-03-31 16:00:00+00:00,37.82
2147,2022-03-31 17:00:00+00:00,41.62
2148,2022-03-31 18:00:00+00:00,42.35
2149,2022-03-31 19:00:00+00:00,42.95
2150,2022-03-31 20:00:00+00:00,45.1
2151,2022-03-31 21:00:00+00:00,46.61
2152,2022-03-31 22:00:00+00:00,45.07
2153,2022-03-31 23:00:00+00:00,63.19
2154,2022-04-01 00:00:00+00:00,168.79
2155,2022-04-01 01:00:00+00:00,126.39
2156,2022-04-01 02:00:00+00:00,56.56
2157,2022-04-01 03:00:00+00:00,43.48
2158,2022-04-01 04:00:00+00:00,37.65
2159,2022-04-01 05:00:00+00:00,42.2
2160,2022-04-01 06:00:00+00:00,33.5
2161,2022-04-01 07:00:00+00:00,20.73
2162,2022-04-01 08:00:00+00:00,19.08
2163,2022-04-01 09:00:00+00:00,25.91
2164,2022-04-01 10:00:00+00:00,36.14
2165,2022-04-01 11:00:00+00:00,76.0
2166,2022-04-01 12:00:00+00:00,72.72
2167,2022-04-01 13:00:00+00:00,40.35
2168,2022-04-01 14:00:00+00:00,33.03
2169,2022-04-01 15:00:00+00:00,27.45
2170,2022-04-01 16:00:00+00:00,30.38
2171,2022-04-01 17:00:00+00:00,30.32
2172,2022-04-01 18:00:00+00:00,36.69
2173,2022-04-01 19:00:00+00:00,42.29
2174,2022-04-01 20:00:00+00:00,39.61
2175,2022-04-01 21:00:00+00:00,40.17
2176,2022-04-01 22:00:00+00:00,38.72
2177,2022-04-01 23:00:00+00:00,39.35
2178,2022-04-02 00:00:00+00:00,64.06
2179,2022-04-02 01:00:00+00:00,108.44
2180,2022-04-02 02:00:00+00:00,53.33
2181,2022-04-02 03:00:00+00:00,38.11
2182,2022-04-02 04:00:00+00:00,36.16
2183,2022-04-02 05:00:00+00:00,40.94
2184,2022-04-02 06:00:00+00:00,36.86
2185,2022-04-02 07:00:00+00:00,34.13
2186,2022-04-02 08:00:00+00:00,35.37
2187,2022-04-02 09:00:00+00:00,42.03
2188,2022-04-02 10:00:00+00:00,44.13
2189,2022-04-02 11:00:00+00:00,48.98
2190,2022-04-02 12:00:00+00:00,53.54
2191,2022-04-02 13:00:00+00:00,46.44
2192,2022-04-02 14:00:00+00:00,38.07
2193,2022-04-02 15:00:00+00:00,37.12
2194,2022-04-02 16:00:00+00:00,44.24
2195,2022-04-02 17:00:00+00:00,47.82
2196,2022-04-02 18:00:00+00:00,47.6
2197,2022-04-02 19:00:00+00:00,49.9
2198,2022-04-02 20:00:00+00:00,50.68
2199,2022-04-02 21:00:00+00:00,50.14
2200,2022-04-02 22:00:00+00:00,50.43
2201,2022-04-02 23:00:00+00:00,72.01
2202,2022-04-03 00:00:00+00:00,157.17
2203,2022-04-03 01:00:00+00:00,82.82
2204,2022-04-03 02:00:00+00:00,47.66
2205,2022-04-03 03:00:00+00:00,40.56
2206,2022-04-03 04:00:00+00:00,35.34
2207,2022-04-03 05:00:00+00:00,30.82
2208,2022-04-03 06:00:00+00:00,19.19
2209,2022-04-03 07:00:00+00:00,15.37
2210,2022-04-03 08:00:00+00:00,16.23
2211,2022-04-03 09:00:00+00:00,16.87
2212,2022-04-03 10:00:00+00:00,17.23
2213,2022-04-03 11:00:00+00:00,22.77
2214,2022-04-03 12:00:00+00:00,25.6
2215,2022-04-03 13:00:00+00:00,30.23
2216,2022-04-03 14:00:00+00:00,29.19
2217,2022-04-03 15:00:00+00:00,28.9
2218,2022-04-03 16:00:00+00:00,34.59
2219,2022-04-03 17:00:00+00:00,39.04
2220,2022-04-03 18:00:00+00:00,42.36
2221,2022-04-03 19:00:00+00:00,46.93
2222,2022-04-03 20:00:00+00:00,48.66
2223,2022-04-03 21:00:00+00:00,56.0
2224,2022-04-03 22:00:00+00:00,44.45
2225,2022-04-03 23:00:00+00:00,56.0
2226,2022-04-04 00:00:00+00:00,99.32
2227,2022-04-04 01:00:00+00:00,59.91
2228,2022-04-04 02:00:00+00:00,46.87
2229,2022-04-04 03:00:00+00:00,40.55
2230,2022-04-04 04:00:00+00:00,28.29
2231,2022-04-04 05:00:00+00:00,18.78
2232,2022-04-04 06:00:00+00:00,18.76
2233,2022-04-04 07:00:00+00:00,18.49
2234,2022-04-04 08:00:00+00:00,28.07
2235,2022-04-04 09:00:00+00:00,36.47
2236,2022-04-04 10:00:00+00:00,39.94
2237,2022-04-04 11:00:00+00:00,51.94
2238,2022-04-04 12:00:00+00:00,56.0
2239,2022-04-04 13:00:00+00:00,49.48
2240,2022-04-04 14:00:00+00:00,43.09
2241,2022-04-04 15:00:00+00:00,42.33
2242,2022-04-04 16:00:00+00:00,49.58
2243,2022-04-04 17:00:00+00:00,54.11
2244,2022-04-04 18:00:00+00:00,54.39
2245,2022-04-04 19:00:00+00:00,56.39
2246,2022-04-04 20:00:00+00:00,62.8
2247,2022-04-04 21:00:00+00:00,72.07
2248,2022-04-04 22:00:00+00:00,74.14
2249,2022-04-04 23:00:00+00:00,68.12
2250,2022-04-05 00:00:00+00:00,141.96
2251,2022-04-05 01:00:00+00:00,159.22
2252,2022-04-05 02:00:00+00:00,94.69
2253,2022-04-05 03:00:00+00:00,68.01
2254,2022-04-05 04:00:00+00:00,55.31
2255,2022-04-05 05:00:00+00:00,49.05
2256,2022-04-05 06:00:00+00:00,40.65
2257,2022-04-05 07:00:00+00:00,39.27
2258,2022-04-05 08:00:00+00:00,37.46
2259,2022-04-05 09:00:00+00:00,36.67
2260,2022-04-05 10:00:00+00:00,41.69
2261,2022-04-05 11:00:00+00:00,65.17
2262,2022-04-05 12:00:00+00:00,52.06
2263,2022-04-05 13:00:00+00:00,40.22
2264,2022-04-05 14:00:00+00:00,39.18
2265,2022-04-05 15:00:00+00:00,38.11
2266,2022-04-05 16:00:00+00:00,42.09
2267,2022-04-05 17:00:00+00:00,52.66
2268,2022-04-05 18:00:00+00:00,73.06
2269,2022-04-05 19:00:00+00:00,84.13
2270,2022-04-05 20:00:00+00:00,94.89
2271,2022-04-05 21:00:00+00:00,124.67
2272,2022-04-05 22:00:00+00:00,116.07
2273,2022-04-05 23:00:00+00:00,110.68
2274,2022-04-06 00:00:00+00:00,282.69
2275,2022-04-06 01:00:00+00:00,149.0
2276,2022-04-06 02:00:00+00:00,54.94
2277,2022-04-06 03:00:00+00:00,49.91
2278,2022-04-06 04:00:00+00:00,40.46
2279,2022-04-06 05:00:00+00:00,48.68
2280,2022-04-06 06:00:00+00:00,34.25
2281,2022-04-06 07:00:00+00:00,24.16
2282,2022-04-06 08:00:00+00:00,22.81
2283,2022-04-06 09:00:00+00:00,22.77
2284,2022-04-06 10:00:00+00:00,28.11
2285,2022-04-06 11:00:00+00:00,49.08
2286,2022-04-06 12:00:00+00:00,49.69
2287,2022-04-06 13:00:00+00:00,47.02
2288,2022-04-06 14:00:00+00:00,53.21
2289,2022-04-06 15:00:00+00:00,57.23
2290,2022-04-06 16:00:00+00:00,52.54
2291,2022-04-06 17:00:00+00:00,53.78
2292,2022-04-06 18:00:00+00:00,62.0
2293,2022-04-06 19:00:00+00:00,66.35
2294,2022-04-06 20:00:00+00:00,68.13
2295,2022-04-06 21:00:00+00:00,68.73
2296,2022-04-06 22:00:00+00:00,51.04
2297,2022-04-06 23:00:00+00:00,57.96
2298,2022-04-07 00:00:00+00:00,142.95
2299,2022-04-07 01:00:00+00:00,119.95
2300,2022-04-07 02:00:00+00:00,56.41
2301,2022-04-07 03:00:00+00:00,47.83
2302,2022-04-07 04:00:00+00:00,40.62
2303,2022-04-07 05:00:00+00:00,41.07
2304,2022-04-07 06:00:00+00:00,32.45
2305,2022-04-07 07:00:00+00:00,29.05
2306,2022-04-07 08:00:00+00:00,29.05
2307,2022-04-07 09:00:00+00:00,29.43
2308,2022-04-07 10:00:00+00:00,38.11
2309,2022-04-07 11:00:00+00:00,78.05
2310,2022-04-07 12:00:00+00:00,97.14
2311,2022-04-07 13:00:00+00:00,46.17
2312,2022-04-07 14:00:00+00:00,41.0
2313,2022-04-07 15:00:00+00:00,29.31
2314,2022-04-07 16:00:00+00:00,24.0
2315,2022-04-07 17:00:00+00:00,24.68
2316,2022-04-07 18:00:00+00:00,37.83
2317,2022-04-07 19:00:00+00:00,40.88
2318,2022-04-07 20:00:00+00:00,44.99
2319,2022-04-07 21:00:00+00:00,46.55
2320,2022-04-07 22:00:00+00:00,44.82
2321,2022-04-07 23:00:00+00:00,52.07
2322,2022-04-08 00:00:00+00:00,100.05
2323,2022-04-08 01:00:00+00:00,139.26
2324,2022-04-08 02:00:00+00:00,92.47
2325,2022-04-08 03:00:00+00:00,57.99
2326,2022-04-08 04:00:00+00:00,47.43
2327,2022-04-08 05:00:00+00:00,48.25
2328,2022-04-08 06:00:00+00:00,43.12
2329,2022-04-08 07:00:00+00:00,41.32
2330,2022-04-08 08:00:00+00:00,39.39
2331,2022-04-08 09:00:00+00:00,39.84
2332,2022-04-08 10:00:00+00:00,47.3
2333,2022-04-08 11:00:00+00:00,76.04
2334,2022-04-08 12:00:00+00:00,67.64
2335,2022-04-08 13:00:00+00:00,46.86
2336,2022-04-08 14:00:00+00:00,40.79
2337,2022-04-08 15:00:00+00:00,37.68
2338,2022-04-08 16:00:00+00:00,38.18
2339,2022-04-08 17:00:00+00:00,40.04
2340,2022-04-08 18:00:00+00:00,42.07
2341,2022-04-08 19:00:00+00:00,39.98
2342,2022-04-08 20:00:00+00:00,43.11
2343,2022-04-08 21:00:00+00:00,44.81
2344,2022-04-08 22:00:00+00:00,42.62
2345,2022-04-08 23:00:00+00:00,50.16
2346,2022-04-09 00:00:00+00:00,150.17
2347,2022-04-09 01:00:00+00:00,141.7
2348,2022-04-09 02:00:00+00:00,86.37
2349,2022-04-09 03:00:00+00:00,69.18
2350,2022-04-09 04:00:00+00:00,47.51
2351,2022-04-09 05:00:00+00:00,67.46
2352,2022-04-09 06:00:00+00:00,47.92
2353,2022-04-09 07:00:00+00:00,47.45
2354,2022-04-09 08:00:00+00:00,25.77
2355,2022-04-09 09:00:00+00:00,21.19
2356,2022-04-09 10:00:00+00:00,23.08
2357,2022-04-09 11:00:00+00:00,37.82
2358,2022-04-09 12:00:00+00:00,40.53
2359,2022-04-09 13:00:00+00:00,32.36
2360,2022-04-09 14:00:00+00:00,27.49
2361,2022-04-09 15:00:00+00:00,28.79
2362,2022-04-09 16:00:00+00:00,30.39
2363,2022-04-09 17:00:00+00:00,37.28
2364,2022-04-09 18:00:00+00:00,41.44
2365,2022-04-09 19:00:00+00:00,43.89
2366,2022-04-09 20:00:00+00:00,56.97
2367,2022-04-09 21:00:00+00:00,61.82
2368,2022-04-09 22:00:00+00:00,59.61
2369,2022-04-09 23:00:00+00:00,57.25
2370,2022-04-10 00:00:00+00:00,65.98
2371,2022-04-10 01:00:00+00:00,63.42
2372,2022-04-10 02:00:00+00:00,42.47
2373,2022-04-10 03:00:00+00:00,27.26
2374,2022-04-10 04:00:00+00:00,17.76
2375,2022-04-10 05:00:00+00:00,12.69
2376,2022-04-10 06:00:00+00:00,9.27
2377,2022-04-10 07:00:00+00:00,8.01
2378,2022-04-10 08:00:00+00:00,5.26
2379,2022-04-10 09:00:00+00:00,7.09
2380,2022-04-10 10:00:00+00:00,7.99
2381,2022-04-10 11:00:00+00:00,12.4
2382,2022-04-10 12:00:00+00:00,14.86
2383,2022-04-10 13:00:00+00:00,16.54
2384,2022-04-10 14:00:00+00:00,24.04
2385,2022-04-10 15:00:00+00:00,28.37
2386,2022-04-10 16:00:00+00:00,30.29
2387,2022-04-10 17:00:00+00:00,42.15
2388,2022-04-10 18:00:00+00:00,50.59
2389,2022-04-10 19:00:00+00:00,57.14
2390,2022-04-10 20:00:00+00:00,56.44
2391,2022-04-10 21:00:00+00:00,54.61
2392,2022-04-10 22:00:00+00:00,51.33
2393,2022-04-10 23:00:00+00:00,51.58
2394,2022-04-11 00:00:00+00:00,91.87
2395,2022-04-11 01:00:00+00:00,117.17
2396,2022-04-11 02:00:00+00:00,60.21
2397,2022-04-11 03:00:00+00:00,52.32
2398,2022-04-11 04:00:00+00:00,49.5
2399,2022-04-11 05:00:00+00:00,37.69
2400,2022-04-11 06:00:00+00:00,22.52
2401,2022-04-11 07:00:00+00:00,18.92
2402,2022-04-11 08:00:00+00:00,12.95
2403,2022-04-11 09:00:00+00:00,14.97
2404,2022-04-11 10:00:00+00:00,26.79
2405,2022-04-11 11:00:00+00:00,47.61
2406,2022-04-11 12:00:00+00:00,55.87
2407,2022-04-11 13:00:00+00:00,47.54
2408,2022-04-11 14:00:00+00:00,53.72
2409,2022-04-11 15:00:00+00:00,55.21
2410,2022-04-11 16:00:00+00:00,66.67
2411,2022-04-11 17:00:00+00:00,82.02
2412,2022-04-11 18:00:00+00:00,136.25
2413,2022-04-11 19:00:00+00:00,194.42
2414,2022-04-11 20:00:00+00:00,267.48
2415,2022-04-11 21:00:00+00:00,302.85
2416,2022-04-11 22:00:00+00:00,199.44
2417,2022-04-11 23:00:00+00:00,89.25
2418,2022-04-12 00:00:00+00:00,187.68
2419,2022-04-12 01:00:00+00:00,116.04
2420,2022-04-12 02:00:00+00:00,65.41
2421,2022-04-12 03:00:00+00:00,56.11
2422,2022-04-12 04:00:00+00:00,47.83
2423,2022-04-12 05:00:00+00:00,59.0
2424,2022-04-12 06:00:00+00:00,45.9
2425,2022-04-12 07:00:00+00:00,39.55
2426,2022-04-12 08:00:00+00:00,38.55
2427,2022-04-12 09:00:00+00:00,42.1
2428,2022-04-12 10:00:00+00:00,49.46
2429,2022-04-12 11:00:00+00:00,55.29
2430,2022-04-12 12:00:00+00:00,64.0
2431,2022-04-12 13:00:00+00:00,52.82
2432,2022-04-12 14:00:00+00:00,61.96
2433,2022-04-12 15:00:00+00:00,68.77
2434,2022-04-12 16:00:00+00:00,77.86
2435,2022-04-12 17:00:00+00:00,90.43
2436,2022-04-12 18:00:00+00:00,124.17
2437,2022-04-12 19:00:00+00:00,117.56
2438,2022-04-12 20:00:00+00:00,116.69
2439,2022-04-12 21:00:00+00:00,104.34
2440,2022-04-12 22:00:00+00:00,85.08
2441,2022-04-12 23:00:00+00:00,75.15
2442,2022-04-13 00:00:00+00:00,95.42
2443,2022-04-13 01:00:00+00:00,115.66
2444,2022-04-13 02:00:00+00:00,70.88
2445,2022-04-13 03:00:00+00:00,61.37
2446,2022-04-13 04:00:00+00:00,52.54
2447,2022-04-13 05:00:00+00:00,50.32
2448,2022-04-13 06:00:00+00:00,45.64
2449,2022-04-13 07:00:00+00:00,40.29
2450,2022-04-13 08:00:00+00:00,40.82
2451,2022-04-13 09:00:00+00:00,40.59
2452,2022-04-13 10:00:00+00:00,48.74
2453,2022-04-13 11:00:00+00:00,49.38
2454,2022-04-13 12:00:00+00:00,52.78
2455,2022-04-13 13:00:00+00:00,47.93
2456,2022-04-13 14:00:00+00:00,55.55
2457,2022-04-13 15:00:00+00:00,57.5
2458,2022-04-13 16:00:00+00:00,62.31
2459,2022-04-13 17:00:00+00:00,73.75
2460,2022-04-13 18:00:00+00:00,83.76
2461,2022-04-13 19:00:00+00:00,95.12
2462,2022-04-13 20:00:00+00:00,110.44
2463,2022-04-13 21:00:00+00:00,112.49
2464,2022-04-13 22:00:00+00:00,116.44
2465,2022-04-13 23:00:00+00:00,108.14
2466,2022-04-14 00:00:00+00:00,296.12
2467,2022-04-14 01:00:00+00:00,361.18
2468,2022-04-14 02:00:00+00:00,164.43
2469,2022-04-14 03:00:00+00:00,102.84
2470,2022-04-14 04:00:00+00:00,69.86
2471,2022-04-14 05:00:00+00:00,70.63
2472,2022-04-14 06:00:00+00:00,57.58
2473,2022-04-14 07:00:00+00:00,49.03
2474,2022-04-14 08:00:00+00:00,44.59
2475,2022-04-14 09:00:00+00:00,44.42
2476,2022-04-14 10:00:00+00:00,48.7
2477,2022-04-14 11:00:00+00:00,78.79
2478,2022-04-14 12:00:00+00:00,82.5
2479,2022-04-14 13:00:00+00:00,72.21
2480,2022-04-14 14:00:00+00:00,69.58
2481,2022-04-14 15:00:00+00:00,63.96
2482,2022-04-14 16:00:00+00:00,66.99
2483,2022-04-14 17:00:00+00:00,59.99
2484,2022-04-14 18:00:00+00:00,62.29
2485,2022-04-14 19:00:00+00:00,58.99
2486,2022-04-14 20:00:00+00:00,65.95
2487,2022-04-14 21:00:00+00:00,72.63
2488,2022-04-14 22:00:00+00:00,68.07
2489,2022-04-14 23:00:00+00:00,65.01
2490,2022-04-15 00:00:00+00:00,128.24
2491,2022-04-15 01:00:00+00:00,100.18
2492,2022-04-15 02:00:00+00:00,56.18
2493,2022-04-15 03:00:00+00:00,54.56
2494,2022-04-15 04:00:00+00:00,45.84
2495,2022-04-15 05:00:00+00:00,25.99
2496,2022-04-15 06:00:00+00:00,21.49
2497,2022-04-15 07:00:00+00:00,21.16
2498,2022-04-15 08:00:00+00:00,21.31
2499,2022-04-15 09:00:00+00:00,22.08
2500,2022-04-15 10:00:00+00:00,27.56
2501,2022-04-15 11:00:00+00:00,52.05
2502,2022-04-15 12:00:00+00:00,51.35
2503,2022-04-15 13:00:00+00:00,47.09
2504,2022-04-15 14:00:00+00:00,53.76
2505,2022-04-15 15:00:00+00:00,56.67
2506,2022-04-15 16:00:00+00:00,56.3
2507,2022-04-15 17:00:00+00:00,64.66
2508,2022-04-15 18:00:00+00:00,72.28
2509,2022-04-15 19:00:00+00:00,79.26
2510,2022-04-15 20:00:00+00:00,71.79
2511,2022-04-15 21:00:00+00:00,77.25
2512,2022-04-15 22:00:00+00:00,69.0
2513,2022-04-15 23:00:00+00:00,62.41
2514,2022-04-16 00:00:00+00:00,111.48
2515,2022-04-16 01:00:00+00:00,128.73
2516,2022-04-16 02:00:00+00:00,72.91
2517,2022-04-16 03:00:00+00:00,56.42
2518,2022-04-16 04:00:00+00:00,48.92
2519,2022-04-16 05:00:00+00:00,55.34
2520,2022-04-16 06:00:00+00:00,49.39
2521,2022-04-16 07:00:00+00:00,43.38
2522,2022-04-16 08:00:00+00:00,40.85
2523,2022-04-16 09:00:00+00:00,41.3
2524,2022-04-16 10:00:00+00:00,42.47
2525,2022-04-16 11:00:00+00:00,51.69
2526,2022-04-16 12:00:00+00:00,51.02
2527,2022-04-16 13:00:00+00:00,53.17
2528,2022-04-16 14:00:00+00:00,55.3
2529,2022-04-16 15:00:00+00:00,58.14
2530,2022-04-16 16:00:00+00:00,65.12
2531,2022-04-16 17:00:00+00:00,72.57
2532,2022-04-16 18:00:00+00:00,82.13
2533,2022-04-16 19:00:00+00:00,104.46
2534,2022-04-16 20:00:00+00:00,141.31
2535,2022-04-16 21:00:00+00:00,168.33
2536,2022-04-16 22:00:00+00:00,104.17
2537,2022-04-16 23:00:00+00:00,83.87
2538,2022-04-17 00:00:00+00:00,116.41
2539,2022-04-17 01:00:00+00:00,106.65
2540,2022-04-17 02:00:00+00:00,77.59
2541,2022-04-17 03:00:00+00:00,69.48
2542,2022-04-17 04:00:00+00:00,62.12
2543,2022-04-17 05:00:00+00:00,58.51
2544,2022-04-17 06:00:00+00:00,51.99
2545,2022-04-17 07:00:00+00:00,52.54
2546,2022-04-17 08:00:00+00:00,53.21
2547,2022-04-17 09:00:00+00:00,53.62
2548,2022-04-17 10:00:00+00:00,56.4
2549,2022-04-17 11:00:00+00:00,60.21
2550,2022-04-17 12:00:00+00:00,60.68
2551,2022-04-17 13:00:00+00:00,54.08
2552,2022-04-17 14:00:00+00:00,51.95
2553,2022-04-17 15:00:00+00:00,54.59
2554,2022-04-17 16:00:00+00:00,58.24
2555,2022-04-17 17:00:00+00:00,64.25
2556,2022-04-17 18:00:00+00:00,67.79
2557,2022-04-17 19:00:00+00:00,72.82
2558,2022-04-17 20:00:00+00:00,83.89
2559,2022-04-17 21:00:00+00:00,88.8
2560,2022-04-17 22:00:00+00:00,90.16
2561,2022-04-17 23:00:00+00:00,96.99
2562,2022-04-18 00:00:00+00:00,195.11
2563,2022-04-18 01:00:00+00:00,105.27
2564,2022-04-18 02:00:00+00:00,64.07
2565,2022-04-18 03:00:00+00:00,55.31
2566,2022-04-18 04:00:00+00:00,51.31
2567,2022-04-18 05:00:00+00:00,46.56
2568,2022-04-18 06:00:00+00:00,43.0
2569,2022-04-18 07:00:00+00:00,42.41
2570,2022-04-18 08:00:00+00:00,43.83
2571,2022-04-18 09:00:00+00:00,44.98
2572,2022-04-18 10:00:00+00:00,57.46
2573,2022-04-18 11:00:00+00:00,67.43
2574,2022-04-18 12:00:00+00:00,65.91
2575,2022-04-18 13:00:00+00:00,51.47
2576,2022-04-18 14:00:00+00:00,44.89
2577,2022-04-18 15:00:00+00:00,46.56
2578,2022-04-18 16:00:00+00:00,50.98
2579,2022-04-18 17:00:00+00:00,56.06
2580,2022-04-18 18:00:00+00:00,61.4
2581,2022-04-18 19:00:00+00:00,69.0
2582,2022-04-18 20:00:00+00:00,79.75
2583,2022-04-18 21:00:00+00:00,78.31
2584,2022-04-18 22:00:00+00:00,72.12
2585,2022-04-18 23:00:00+00:00,79.57
2586,2022-04-19 00:00:00+00:00,104.38
2587,2022-04-19 01:00:00+00:00,110.5
2588,2022-04-19 02:00:00+00:00,67.45
2589,2022-04-19 03:00:00+00:00,53.31
2590,2022-04-19 04:00:00+00:00,44.07
2591,2022-04-19 05:00:00+00:00,50.07
2592,2022-04-19 06:00:00+00:00,37.76
2593,2022-04-19 07:00:00+00:00,30.93
2594,2022-04-19 08:00:00+00:00,32.47
2595,2022-04-19 09:00:00+00:00,41.98
2596,2022-04-19 10:00:00+00:00,54.97
2597,2022-04-19 11:00:00+00:00,74.95
2598,2022-04-19 12:00:00+00:00,75.88
2599,2022-04-19 13:00:00+00:00,68.96
2600,2022-04-19 14:00:00+00:00,48.6
2601,2022-04-19 15:00:00+00:00,60.71
2602,2022-04-19 16:00:00+00:00,63.71
2603,2022-04-19 17:00:00+00:00,66.5
2604,2022-04-19 18:00:00+00:00,70.15
2605,2022-04-19 19:00:00+00:00,75.03
2606,2022-04-19 20:00:00+00:00,77.16
2607,2022-04-19 21:00:00+00:00,76.22
2608,2022-04-19 22:00:00+00:00,90.0
2609,2022-04-19 23:00:00+00:00,79.68
2610,2022-04-20 00:00:00+00:00,81.27
2611,2022-04-20 01:00:00+00:00,86.14
2612,2022-04-20 02:00:00+00:00,78.17
2613,2022-04-20 03:00:00+00:00,63.91
2614,2022-04-20 04:00:00+00:00,47.88
2615,2022-04-20 05:00:00+00:00,37.32
2616,2022-04-20 06:00:00+00:00,28.6
2617,2022-04-20 07:00:00+00:00,25.54
2618,2022-04-20 08:00:00+00:00,24.28
2619,2022-04-20 09:00:00+00:00,25.67
2620,2022-04-20 10:00:00+00:00,29.26
2621,2022-04-20 11:00:00+00:00,56.64
2622,2022-04-20 12:00:00+00:00,52.53
2623,2022-04-20 13:00:00+00:00,57.59
2624,2022-04-20 14:00:00+00:00,64.33
2625,2022-04-20 15:00:00+00:00,70.65
2626,2022-04-20 16:00:00+00:00,78.85
2627,2022-04-20 17:00:00+00:00,72.44
2628,2022-04-20 18:00:00+00:00,84.38
2629,2022-04-20 19:00:00+00:00,86.04
2630,2022-04-20 20:00:00+00:00,108.99
2631,2022-04-20 21:00:00+00:00,117.26
2632,2022-04-20 22:00:00+00:00,107.57
2633,2022-04-20 23:00:00+00:00,106.89
2634,2022-04-21 00:00:00+00:00,207.71
2635,2022-04-21 01:00:00+00:00,164.71
2636,2022-04-21 02:00:00+00:00,70.05
2637,2022-04-21 03:00:00+00:00,62.78
2638,2022-04-21 04:00:00+00:00,53.77
2639,2022-04-21 05:00:00+00:00,59.86
2640,2022-04-21 06:00:00+00:00,49.98
2641,2022-04-21 07:00:00+00:00,46.53
2642,2022-04-21 08:00:00+00:00,44.0
2643,2022-04-21 09:00:00+00:00,45.07
2644,2022-04-21 10:00:00+00:00,54.29
2645,2022-04-21 11:00:00+00:00,67.7
2646,2022-04-21 12:00:00+00:00,76.69
2647,2022-04-21 13:00:00+00:00,66.2
2648,2022-04-21 14:00:00+00:00,61.67
2649,2022-04-21 15:00:00+00:00,63.13
2650,2022-04-21 16:00:00+00:00,79.23
2651,2022-04-21 17:00:00+00:00,86.68
2652,2022-04-21 18:00:00+00:00,105.24
2653,2022-04-21 19:00:00+00:00,118.81
2654,2022-04-21 20:00:00+00:00,139.43
2655,2022-04-21 21:00:00+00:00,140.59
2656,2022-04-21 22:00:00+00:00,124.64
2657,2022-04-21 23:00:00+00:00,106.89
2658,2022-04-22 00:00:00+00:00,108.2
2659,2022-04-22 01:00:00+00:00,96.59
2660,2022-04-22 02:00:00+00:00,72.66
2661,2022-04-22 03:00:00+00:00,70.46
2662,2022-04-22 04:00:00+00:00,61.12
2663,2022-04-22 05:00:00+00:00,79.1
2664,2022-04-22 06:00:00+00:00,55.49
2665,2022-04-22 07:00:00+00:00,46.56
2666,2022-04-22 08:00:00+00:00,43.84
2667,2022-04-22 09:00:00+00:00,45.68
2668,2022-04-22 10:00:00+00:00,47.88
2669,2022-04-22 11:00:00+00:00,73.0
2670,2022-04-22 12:00:00+00:00,74.03
2671,2022-04-22 13:00:00+00:00,82.95
2672,2022-04-22 14:00:00+00:00,90.89
2673,2022-04-22 15:00:00+00:00,98.12
2674,2022-04-22 16:00:00+00:00,89.82
2675,2022-04-22 17:00:00+00:00,94.77
2676,2022-04-22 18:00:00+00:00,100.01
2677,2022-04-22 19:00:00+00:00,132.83
2678,2022-04-22 20:00:00+00:00,138.95
2679,2022-04-22 21:00:00+00:00,142.8
2680,2022-04-22 22:00:00+00:00,100.01
2681,2022-04-22 23:00:00+00:00,78.34
2682,2022-04-23 00:00:00+00:00,83.1
2683,2022-04-23 01:00:00+00:00,89.19
2684,2022-04-23 02:00:00+00:00,69.71
2685,2022-04-23 03:00:00+00:00,69.28
2686,2022-04-23 04:00:00+00:00,59.19
2687,2022-04-23 05:00:00+00:00,57.05
2688,2022-04-23 06:00:00+00:00,54.07
2689,2022-04-23 07:00:00+00:00,45.87
2690,2022-04-23 08:00:00+00:00,35.04
2691,2022-04-23 09:00:00+00:00,36.39
2692,2022-04-23 10:00:00+00:00,35.88
2693,2022-04-23 11:00:00+00:00,51.02
2694,2022-04-23 12:00:00+00:00,52.46
2695,2022-04-23 13:00:00+00:00,57.56
2696,2022-04-23 14:00:00+00:00,64.91
2697,2022-04-23 15:00:00+00:00,69.02
2698,2022-04-23 16:00:00+00:00,75.16
2699,2022-04-23 17:00:00+00:00,77.52
2700,2022-04-23 18:00:00+00:00,91.38
2701,2022-04-23 19:00:00+00:00,107.62
2702,2022-04-23 20:00:00+00:00,107.78
2703,2022-04-23 21:00:00+00:00,99.1
2704,2022-04-23 22:00:00+00:00,65.0
2705,2022-04-23 23:00:00+00:00,62.12
2706,2022-04-24 00:00:00+00:00,74.84
2707,2022-04-24 01:00:00+00:00,95.16
2708,2022-04-24 02:00:00+00:00,78.19
2709,2022-04-24 03:00:00+00:00,58.88
2710,2022-04-24 04:00:00+00:00,51.11
2711,2022-04-24 05:00:00+00:00,57.16
2712,2022-04-24 06:00:00+00:00,51.33
2713,2022-04-24 07:00:00+00:00,45.71
2714,2022-04-24 08:00:00+00:00,42.97
2715,2022-04-24 09:00:00+00:00,43.2
2716,2022-04-24 10:00:00+00:00,46.91
2717,2022-04-24 11:00:00+00:00,52.53
2718,2022-04-24 12:00:00+00:00,49.81
2719,2022-04-24 13:00:00+00:00,48.75
2720,2022-04-24 14:00:00+00:00,50.37
2721,2022-04-24 15:00:00+00:00,55.48
2722,2022-04-24 16:00:00+00:00,67.58
2723,2022-04-24 17:00:00+00:00,66.36
2724,2022-04-24 18:00:00+00:00,70.43
2725,2022-04-24 19:00:00+00:00,83.01
2726,2022-04-24 20:00:00+00:00,83.34
2727,2022-04-24 21:00:00+00:00,86.5
2728,2022-04-24 22:00:00+00:00,83.52
2729,2022-04-24 23:00:00+00:00,75.65
2730,2022-04-25 00:00:00+00:00,120.89
2731,2022-04-25 01:00:00+00:00,110.02
2732,2022-04-25 02:00:00+00:00,70.99
2733,2022-04-25 03:00:00+00:00,60.43
2734,2022-04-25 04:00:00+00:00,56.23
2735,2022-04-25 05:00:00+00:00,49.83
2736,2022-04-25 06:00:00+00:00,43.81
2737,2022-04-25 07:00:00+00:00,41.64
2738,2022-04-25 08:00:00+00:00,43.13
2739,2022-04-25 09:00:00+00:00,43.69
2740,2022-04-25 10:00:00+00:00,51.43
2741,2022-04-25 11:00:00+00:00,57.44
2742,2022-04-25 12:00:00+00:00,79.28
2743,2022-04-25 13:00:00+00:00,55.0
2744,2022-04-25 14:00:00+00:00,62.32
2745,2022-04-25 15:00:00+00:00,75.61
2746,2022-04-25 16:00:00+00:00,100.01
2747,2022-04-25 17:00:00+00:00,95.88
2748,2022-04-25 18:00:00+00:00,109.99
2749,2022-04-25 19:00:00+00:00,123.42
2750,2022-04-25 20:00:00+00:00,128.95
2751,2022-04-25 21:00:00+00:00,121.93
2752,2022-04-25 22:00:00+00:00,92.65
2753,2022-04-25 23:00:00+00:00,68.9
2754,2022-04-26 00:00:00+00:00,82.3
2755,2022-04-26 01:00:00+00:00,122.92
2756,2022-04-26 02:00:00+00:00,75.15
2757,2022-04-26 03:00:00+00:00,68.7
2758,2022-04-26 04:00:00+00:00,48.77
2759,2022-04-26 05:00:00+00:00,49.68
2760,2022-04-26 06:00:00+00:00,45.87
2761,2022-04-26 07:00:00+00:00,43.35
2762,2022-04-26 08:00:00+00:00,44.54
2763,2022-04-26 09:00:00+00:00,52.89
2764,2022-04-26 10:00:00+00:00,59.93
2765,2022-04-26 11:00:00+00:00,100.0
2766,2022-04-26 12:00:00+00:00,74.98
2767,2022-04-26 13:00:00+00:00,56.54
2768,2022-04-26 14:00:00+00:00,50.51
2769,2022-04-26 15:00:00+00:00,47.59
2770,2022-04-26 16:00:00+00:00,54.07
2771,2022-04-26 17:00:00+00:00,52.31
2772,2022-04-26 18:00:00+00:00,65.21
2773,2022-04-26 19:00:00+00:00,67.4
2774,2022-04-26 20:00:00+00:00,71.24
2775,2022-04-26 21:00:00+00:00,74.1
2776,2022-04-26 22:00:00+00:00,64.37
2777,2022-04-26 23:00:00+00:00,62.4
2778,2022-04-27 00:00:00+00:00,94.85
2779,2022-04-27 01:00:00+00:00,104.89
2780,2022-04-27 02:00:00+00:00,62.41
2781,2022-04-27 03:00:00+00:00,49.57
2782,2022-04-27 04:00:00+00:00,46.77
2783,2022-04-27 05:00:00+00:00,43.26
2784,2022-04-27 06:00:00+00:00,41.48
2785,2022-04-27 07:00:00+00:00,38.06
2786,2022-04-27 08:00:00+00:00,38.53
2787,2022-04-27 09:00:00+00:00,40.78
2788,2022-04-27 10:00:00+00:00,47.57
2789,2022-04-27 11:00:00+00:00,77.23
2790,2022-04-27 12:00:00+00:00,72.57
2791,2022-04-27 13:00:00+00:00,57.34
2792,2022-04-27 14:00:00+00:00,59.65
2793,2022-04-27 15:00:00+00:00,52.05
2794,2022-04-27 16:00:00+00:00,52.86
2795,2022-04-27 17:00:00+00:00,59.03
2796,2022-04-27 18:00:00+00:00,68.0
2797,2022-04-27 19:00:00+00:00,77.54
2798,2022-04-27 20:00:00+00:00,90.51
2799,2022-04-27 21:00:00+00:00,98.32
2800,2022-04-27 22:00:00+00:00,80.0
2801,2022-04-27 23:00:00+00:00,69.85
2802,2022-04-28 00:00:00+00:00,67.19
2803,2022-04-28 01:00:00+00:00,68.0
2804,2022-04-28 02:00:00+00:00,63.26
2805,2022-04-28 03:00:00+00:00,54.19
2806,2022-04-28 04:00:00+00:00,48.56
2807,2022-04-28 05:00:00+00:00,46.93
2808,2022-04-28 06:00:00+00:00,29.89
2809,2022-04-28 07:00:00+00:00,25.41
2810,2022-04-28 08:00:00+00:00,30.98
2811,2022-04-28 09:00:00+00:00,35.3
2812,2022-04-28 10:00:00+00:00,43.37
2813,2022-04-28 11:00:00+00:00,60.88
2814,2022-04-28 12:00:00+00:00,73.01
2815,2022-04-28 13:00:00+00:00,50.45
2816,2022-04-28 14:00:00+00:00,51.91
2817,2022-04-28 15:00:00+00:00,66.73
2818,2022-04-28 16:00:00+00:00,78.14
2819,2022-04-28 17:00:00+00:00,80.0
2820,2022-04-28 18:00:00+00:00,84.92
2821,2022-04-28 19:00:00+00:00,109.12
2822,2022-04-28 20:00:00+00:00,122.53
2823,2022-04-28 21:00:00+00:00,121.33
2824,2022-04-28 22:00:00+00:00,94.42
2825,2022-04-28 23:00:00+00:00,79.99
2826,2022-04-29 00:00:00+00:00,89.72
2827,2022-04-29 01:00:00+00:00,88.21
2828,2022-04-29 02:00:00+00:00,73.43
2829,2022-04-29 03:00:00+00:00,58.39
2830,2022-04-29 04:00:00+00:00,57.91
2831,2022-04-29 05:00:00+00:00,46.13
2832,2022-04-29 06:00:00+00:00,38.44
2833,2022-04-29 07:00:00+00:00,29.73
2834,2022-04-29 08:00:00+00:00,30.74
2835,2022-04-29 09:00:00+00:00,33.87
2836,2022-04-29 10:00:00+00:00,41.46
2837,2022-04-29 11:00:00+00:00,78.75
2838,2022-04-29 12:00:00+00:00,58.74
2839,2022-04-29 13:00:00+00:00,55.41
2840,2022-04-29 14:00:00+00:00,52.93
2841,2022-04-29 15:00:00+00:00,58.89
2842,2022-04-29 16:00:00+00:00,83.87
2843,2022-04-29 17:00:00+00:00,84.11
2844,2022-04-29 18:00:00+00:00,104.33
2845,2022-04-29 19:00:00+00:00,111.8
2846,2022-04-29 20:00:00+00:00,119.74
2847,2022-04-29 21:00:00+00:00,108.55
2848,2022-04-29 22:00:00+00:00,101.3
2849,2022-04-29 23:00:00+00:00,71.84
2850,2022-04-30 00:00:00+00:00,73.25
2851,2022-04-30 01:00:00+00:00,81.8
2852,2022-04-30 02:00:00+00:00,63.07
2853,2022-04-30 03:00:00+00:00,58.99
2854,2022-04-30 04:00:00+00:00,52.28
2855,2022-04-30 05:00:00+00:00,44.72
2856,2022-04-30 06:00:00+00:00,38.17
2857,2022-04-30 07:00:00+00:00,34.89
2858,2022-04-30 08:00:00+00:00,32.44
2859,2022-04-30 09:00:00+00:00,38.53
2860,2022-04-30 10:00:00+00:00,47.02
2861,2022-04-30 11:00:00+00:00,60.72
2862,2022-04-30 12:00:00+00:00,52.53
2863,2022-04-30 13:00:00+00:00,50.45
2864,2022-04-30 14:00:00+00:00,53.21
2865,2022-04-30 15:00:00+00:00,61.45
2866,2022-04-30 16:00:00+00:00,71.49
2867,2022-04-30 17:00:00+00:00,77.87
2868,2022-04-30 18:00:00+00:00,88.7
2869,2022-04-30 19:00:00+00:00,92.63
2870,2022-04-30 20:00:00+00:00,116.37
2871,2022-04-30 21:00:00+00:00,118.84
2872,2022-04-30 22:00:00+00:00,98.35
2873,2022-04-30 23:00:00+00:00,93.68
2874,2022-05-01 00:00:00+00:00,141.6
2875,2022-05-01 01:00:00+00:00,117.24
2876,2022-05-01 02:00:00+00:00,68.88
2877,2022-05-01 03:00:00+00:00,52.94
2878,2022-05-01 04:00:00+00:00,52.45
2879,2022-05-01 05:00:00+00:00,49.19
2880,2022-05-01 06:00:00+00:00,44.54
2881,2022-05-01 07:00:00+00:00,44.35
2882,2022-05-01 08:00:00+00:00,41.34
2883,2022-05-01 09:00:00+00:00,37.85
2884,2022-05-01 10:00:00+00:00,36.36
2885,2022-05-01 11:00:00+00:00,41.55
2886,2022-05-01 12:00:00+00:00,38.68
2887,2022-05-01 13:00:00+00:00,47.99
2888,2022-05-01 14:00:00+00:00,53.78
2889,2022-05-01 15:00:00+00:00,49.76
2890,2022-05-01 16:00:00+00:00,55.91
2891,2022-05-01 17:00:00+00:00,55.2
2892,2022-05-01 18:00:00+00:00,68.83
2893,2022-05-01 19:00:00+00:00,75.03
2894,2022-05-01 20:00:00+00:00,81.21
2895,2022-05-01 21:00:00+00:00,76.49
2896,2022-05-01 22:00:00+00:00,76.07
2897,2022-05-01 23:00:00+00:00,64.43
2898,2022-05-02 00:00:00+00:00,64.65
2899,2022-05-02 01:00:00+00:00,67.64
2900,2022-05-02 02:00:00+00:00,59.49
2901,2022-05-02 03:00:00+00:00,50.73
2902,2022-05-02 04:00:00+00:00,45.33
2903,2022-05-02 05:00:00+00:00,44.95
2904,2022-05-02 06:00:00+00:00,36.77
2905,2022-05-02 07:00:00+00:00,33.72
2906,2022-05-02 08:00:00+00:00,30.15
2907,2022-05-02 09:00:00+00:00,31.31
2908,2022-05-02 10:00:00+00:00,35.52
2909,2022-05-02 11:00:00+00:00,43.03
2910,2022-05-02 12:00:00+00:00,43.18
2911,2022-05-02 13:00:00+00:00,43.73
2912,2022-05-02 14:00:00+00:00,53.52
2913,2022-05-02 15:00:00+00:00,61.95
2914,2022-05-02 16:00:00+00:00,59.5
2915,2022-05-02 17:00:00+00:00,59.98
2916,2022-05-02 18:00:00+00:00,70.46
2917,2022-05-02 19:00:00+00:00,80.1
2918,2022-05-02 20:00:00+00:00,88.25
2919,2022-05-02 21:00:00+00:00,94.47
2920,2022-05-02 22:00:00+00:00,77.86
2921,2022-05-02 23:00:00+00:00,56.84
2922,2022-05-03 00:00:00+00:00,72.18
2923,2022-05-03 01:00:00+00:00,125.84
2924,2022-05-03 02:00:00+00:00,65.52
2925,2022-05-03 03:00:00+00:00,58.76
2926,2022-05-03 04:00:00+00:00,51.12
2927,2022-05-03 05:00:00+00:00,59.74
2928,2022-05-03 06:00:00+00:00,46.91
2929,2022-05-03 07:00:00+00:00,42.2
2930,2022-05-03 08:00:00+00:00,39.29
2931,2022-05-03 09:00:00+00:00,45.8
2932,2022-05-03 10:00:00+00:00,52.6
2933,2022-05-03 11:00:00+00:00,61.32
2934,2022-05-03 12:00:00+00:00,60.64
2935,2022-05-03 13:00:00+00:00,56.94
2936,2022-05-03 14:00:00+00:00,59.69
2937,2022-05-03 15:00:00+00:00,69.41
2938,2022-05-03 16:00:00+00:00,79.73
2939,2022-05-03 17:00:00+00:00,100.01
2940,2022-05-03 18:00:00+00:00,137.89
2941,2022-05-03 19:00:00+00:00,148.99
2942,2022-05-03 20:00:00+00:00,153.82
2943,2022-05-03 21:00:00+00:00,152.97
2944,2022-05-03 22:00:00+00:00,120.7
2945,2022-05-03 23:00:00+00:00,89.69
2946,2022-05-04 00:00:00+00:00,104.2
2947,2022-05-04 01:00:00+00:00,86.61
2948,2022-05-04 02:00:00+00:00,69.45
2949,2022-05-04 03:00:00+00:00,61.13
2950,2022-05-04 04:00:00+00:00,53.09
2951,2022-05-04 05:00:00+00:00,57.73
2952,2022-05-04 06:00:00+00:00,56.35
2953,2022-05-04 07:00:00+00:00,49.64
2954,2022-05-04 08:00:00+00:00,49.66
2955,2022-05-04 09:00:00+00:00,51.27
2956,2022-05-04 10:00:00+00:00,64.64
2957,2022-05-04 11:00:00+00:00,68.6
2958,2022-05-04 12:00:00+00:00,62.24
2959,2022-05-04 13:00:00+00:00,63.36
2960,2022-05-04 14:00:00+00:00,64.14
2961,2022-05-04 15:00:00+00:00,75.54
2962,2022-05-04 16:00:00+00:00,84.46
2963,2022-05-04 17:00:00+00:00,91.21
2964,2022-05-04 18:00:00+00:00,114.66
2965,2022-05-04 19:00:00+00:00,128.34
2966,2022-05-04 20:00:00+00:00,142.14
2967,2022-05-04 21:00:00+00:00,129.17
2968,2022-05-04 22:00:00+00:00,103.54
2969,2022-05-04 23:00:00+00:00,85.71
2970,2022-05-05 00:00:00+00:00,88.78
2971,2022-05-05 01:00:00+00:00,103.31
2972,2022-05-05 02:00:00+00:00,71.97
2973,2022-05-05 03:00:00+00:00,69.44
2974,2022-05-05 04:00:00+00:00,63.32
2975,2022-05-05 05:00:00+00:00,58.67
2976,2022-05-05 06:00:00+00:00,52.73
2977,2022-05-05 07:00:00+00:00,49.51
2978,2022-05-05 08:00:00+00:00,50.67
2979,2022-05-05 09:00:00+00:00,55.83
2980,2022-05-05 10:00:00+00:00,57.49
2981,2022-05-05 11:00:00+00:00,80.88
2982,2022-05-05 12:00:00+00:00,73.93
2983,2022-05-05 13:00:00+00:00,59.59
2984,2022-05-05 14:00:00+00:00,72.69
2985,2022-05-05 15:00:00+00:00,75.57
2986,2022-05-05 16:00:00+00:00,83.07
2987,2022-05-05 17:00:00+00:00,87.69
2988,2022-05-05 18:00:00+00:00,114.6
2989,2022-05-05 19:00:00+00:00,129.17
2990,2022-05-05 20:00:00+00:00,174.14
2991,2022-05-05 21:00:00+00:00,152.69
2992,2022-05-05 22:00:00+00:00,143.47
2993,2022-05-05 23:00:00+00:00,133.23
2994,2022-05-06 00:00:00+00:00,217.46
2995,2022-05-06 01:00:00+00:00,292.14
2996,2022-05-06 02:00:00+00:00,175.79
2997,2022-05-06 03:00:00+00:00,87.29
2998,2022-05-06 04:00:00+00:00,82.62
2999,2022-05-06 05:00:00+00:00,60.17
3000,2022-05-06 06:00:00+00:00,53.05
3001,2022-05-06 07:00:00+00:00,52.2
3002,2022-05-06 08:00:00+00:00,46.11
3003,2022-05-06 09:00:00+00:00,49.76
3004,2022-05-06 10:00:00+00:00,52.86
3005,2022-05-06 11:00:00+00:00,55.37
3006,2022-05-06 12:00:00+00:00,57.14
3007,2022-05-06 13:00:00+00:00,54.5
3008,2022-05-06 14:00:00+00:00,55.4
3009,2022-05-06 15:00:00+00:00,70.48
3010,2022-05-06 16:00:00+00:00,87.78
3011,2022-05-06 17:00:00+00:00,104.66
3012,2022-05-06 18:00:00+00:00,129.25
3013,2022-05-06 19:00:00+00:00,174.91
3014,2022-05-06 20:00:00+00:00,278.75
3015,2022-05-06 21:00:00+00:00,392.11
3016,2022-05-06 22:00:00+00:00,426.29
3017,2022-05-06 23:00:00+00:00,324.64
3018,2022-05-07 00:00:00+00:00,476.99
3019,2022-05-07 01:00:00+00:00,336.32
3020,2022-05-07 02:00:00+00:00,104.52
3021,2022-05-07 03:00:00+00:00,76.82
3022,2022-05-07 04:00:00+00:00,68.1
3023,2022-05-07 05:00:00+00:00,52.82
3024,2022-05-07 06:00:00+00:00,49.12
3025,2022-05-07 07:00:00+00:00,46.46
3026,2022-05-07 08:00:00+00:00,41.67
3027,2022-05-07 09:00:00+00:00,42.73
3028,2022-05-07 10:00:00+00:00,43.41
3029,2022-05-07 11:00:00+00:00,47.13
3030,2022-05-07 12:00:00+00:00,47.79
3031,2022-05-07 13:00:00+00:00,51.38
3032,2022-05-07 14:00:00+00:00,57.12
3033,2022-05-07 15:00:00+00:00,65.17
3034,2022-05-07 16:00:00+00:00,99.24
3035,2022-05-07 17:00:00+00:00,130.04
3036,2022-05-07 18:00:00+00:00,192.19
3037,2022-05-07 19:00:00+00:00,193.65
3038,2022-05-07 20:00:00+00:00,223.4
3039,2022-05-07 21:00:00+00:00,233.31
3040,2022-05-07 22:00:00+00:00,199.47
3041,2022-05-07 23:00:00+00:00,141.21
3042,2022-05-08 00:00:00+00:00,128.53
3043,2022-05-08 01:00:00+00:00,111.24
3044,2022-05-08 02:00:00+00:00,75.34
3045,2022-05-08 03:00:00+00:00,63.53
3046,2022-05-08 04:00:00+00:00,60.78
3047,2022-05-08 05:00:00+00:00,59.74
3048,2022-05-08 06:00:00+00:00,54.99
3049,2022-05-08 07:00:00+00:00,44.18
3050,2022-05-08 08:00:00+00:00,39.37
3051,2022-05-08 09:00:00+00:00,37.81
3052,2022-05-08 10:00:00+00:00,43.03
3053,2022-05-08 11:00:00+00:00,49.01
3054,2022-05-08 12:00:00+00:00,50.75
3055,2022-05-08 13:00:00+00:00,51.79
3056,2022-05-08 14:00:00+00:00,60.86
3057,2022-05-08 15:00:00+00:00,66.07
3058,2022-05-08 16:00:00+00:00,91.99
3059,2022-05-08 17:00:00+00:00,113.73
3060,2022-05-08 18:00:00+00:00,137.23
3061,2022-05-08 19:00:00+00:00,179.39
3062,2022-05-08 20:00:00+00:00,211.54
3063,2022-05-08 21:00:00+00:00,223.43
3064,2022-05-08 22:00:00+00:00,186.3
3065,2022-05-08 23:00:00+00:00,133.51
3066,2022-05-09 00:00:00+00:00,119.86
3067,2022-05-09 01:00:00+00:00,108.33
3068,2022-05-09 02:00:00+00:00,84.11
3069,2022-05-09 03:00:00+00:00,68.73
3070,2022-05-09 04:00:00+00:00,61.87
3071,2022-05-09 05:00:00+00:00,57.71
3072,2022-05-09 06:00:00+00:00,49.6
3073,2022-05-09 07:00:00+00:00,39.23
3074,2022-05-09 08:00:00+00:00,38.5
3075,2022-05-09 09:00:00+00:00,45.53
3076,2022-05-09 10:00:00+00:00,54.79
3077,2022-05-09 11:00:00+00:00,54.42
3078,2022-05-09 12:00:00+00:00,59.56
3079,2022-05-09 13:00:00+00:00,57.53
3080,2022-05-09 14:00:00+00:00,62.22
3081,2022-05-09 15:00:00+00:00,79.84
3082,2022-05-09 16:00:00+00:00,91.39
3083,2022-05-09 17:00:00+00:00,109.43
3084,2022-05-09 18:00:00+00:00,145.23
3085,2022-05-09 19:00:00+00:00,171.85
3086,2022-05-09 20:00:00+00:00,205.93
3087,2022-05-09 21:00:00+00:00,216.02
3088,2022-05-09 22:00:00+00:00,160.87
3089,2022-05-09 23:00:00+00:00,131.64
3090,2022-05-10 00:00:00+00:00,123.6
3091,2022-05-10 01:00:00+00:00,119.56
3092,2022-05-10 02:00:00+00:00,72.95
3093,2022-05-10 03:00:00+00:00,64.54
3094,2022-05-10 04:00:00+00:00,60.05
3095,2022-05-10 05:00:00+00:00,63.0
3096,2022-05-10 06:00:00+00:00,58.27
3097,2022-05-10 07:00:00+00:00,49.91
3098,2022-05-10 08:00:00+00:00,48.55
3099,2022-05-10 09:00:00+00:00,53.77
3100,2022-05-10 10:00:00+00:00,68.12
3101,2022-05-10 11:00:00+00:00,65.0
3102,2022-05-10 12:00:00+00:00,71.22
3103,2022-05-10 13:00:00+00:00,72.25
3104,2022-05-10 14:00:00+00:00,69.2
3105,2022-05-10 15:00:00+00:00,85.11
3106,2022-05-10 16:00:00+00:00,97.86
3107,2022-05-10 17:00:00+00:00,136.25
3108,2022-05-10 18:00:00+00:00,143.51
3109,2022-05-10 19:00:00+00:00,164.71
3110,2022-05-10 20:00:00+00:00,200.0
3111,2022-05-10 21:00:00+00:00,198.9
3112,2022-05-10 22:00:00+00:00,146.59
3113,2022-05-10 23:00:00+00:00,113.23
3114,2022-05-11 00:00:00+00:00,112.46
3115,2022-05-11 01:00:00+00:00,107.72
3116,2022-05-11 02:00:00+00:00,98.36
3117,2022-05-11 03:00:00+00:00,69.04
3118,2022-05-11 04:00:00+00:00,59.51
3119,2022-05-11 05:00:00+00:00,68.67
3120,2022-05-11 06:00:00+00:00,61.28
3121,2022-05-11 07:00:00+00:00,52.12
3122,2022-05-11 08:00:00+00:00,47.67
3123,2022-05-11 09:00:00+00:00,51.27
3124,2022-05-11 10:00:00+00:00,64.93
3125,2022-05-11 11:00:00+00:00,75.72
3126,2022-05-11 12:00:00+00:00,87.51
3127,2022-05-11 13:00:00+00:00,82.21
3128,2022-05-11 14:00:00+00:00,83.22
3129,2022-05-11 15:00:00+00:00,98.82
3130,2022-05-11 16:00:00+00:00,117.42
3131,2022-05-11 17:00:00+00:00,158.43
3132,2022-05-11 18:00:00+00:00,213.29
3133,2022-05-11 19:00:00+00:00,265.03
3134,2022-05-11 20:00:00+00:00,298.24
3135,2022-05-11 21:00:00+00:00,309.5
3136,2022-05-11 22:00:00+00:00,259.01
3137,2022-05-11 23:00:00+00:00,139.48
3138,2022-05-12 00:00:00+00:00,144.98
3139,2022-05-12 01:00:00+00:00,142.54
3140,2022-05-12 02:00:00+00:00,92.58
3141,2022-05-12 03:00:00+00:00,64.52
3142,2022-05-12 04:00:00+00:00,57.64
3143,2022-05-12 05:00:00+00:00,58.62
3144,2022-05-12 06:00:00+00:00,54.68
3145,2022-05-12 07:00:00+00:00,48.38
3146,2022-05-12 08:00:00+00:00,47.58
3147,2022-05-12 09:00:00+00:00,53.63
3148,2022-05-12 10:00:00+00:00,63.4
3149,2022-05-12 11:00:00+00:00,60.53
3150,2022-05-12 12:00:00+00:00,64.55
3151,2022-05-12 13:00:00+00:00,61.45
3152,2022-05-12 14:00:00+00:00,70.87
3153,2022-05-12 15:00:00+00:00,97.35
3154,2022-05-12 16:00:00+00:00,124.92
3155,2022-05-12 17:00:00+00:00,200.33
3156,2022-05-12 18:00:00+00:00,363.88
3157,2022-05-12 19:00:00+00:00,392.61
3158,2022-05-12 20:00:00+00:00,455.12
3159,2022-05-12 21:00:00+00:00,550.0
3160,2022-05-12 22:00:00+00:00,443.37
3161,2022-05-12 23:00:00+00:00,253.01
3162,2022-05-13 00:00:00+00:00,183.65
3163,2022-05-13 01:00:00+00:00,148.59
3164,2022-05-13 02:00:00+00:00,100.0
3165,2022-05-13 03:00:00+00:00,70.58
3166,2022-05-13 04:00:00+00:00,58.81
3167,2022-05-13 05:00:00+00:00,52.17
3168,2022-05-13 06:00:00+00:00,45.88
3169,2022-05-13 07:00:00+00:00,41.57
3170,2022-05-13 08:00:00+00:00,39.25
3171,2022-05-13 09:00:00+00:00,44.97
3172,2022-05-13 10:00:00+00:00,49.93
3173,2022-05-13 11:00:00+00:00,51.36
3174,2022-05-13 12:00:00+00:00,53.02
3175,2022-05-13 13:00:00+00:00,56.98
3176,2022-05-13 14:00:00+00:00,66.39
3177,2022-05-13 15:00:00+00:00,79.62
3178,2022-05-13 16:00:00+00:00,108.96
3179,2022-05-13 17:00:00+00:00,229.04
3180,2022-05-13 18:00:00+00:00,420.57
3181,2022-05-13 19:00:00+00:00,581.51
3182,2022-05-13 20:00:00+00:00,700.0
3183,2022-05-13 21:00:00+00:00,778.19
3184,2022-05-13 22:00:00+00:00,599.25
3185,2022-05-13 23:00:00+00:00,242.83
3186,2022-05-14 00:00:00+00:00,208.56
3187,2022-05-14 01:00:00+00:00,118.08
3188,2022-05-14 02:00:00+00:00,81.12
3189,2022-05-14 03:00:00+00:00,69.58
3190,2022-05-14 04:00:00+00:00,64.58
3191,2022-05-14 05:00:00+00:00,60.08
3192,2022-05-14 06:00:00+00:00,49.39
3193,2022-05-14 07:00:00+00:00,46.58
3194,2022-05-14 08:00:00+00:00,46.32
3195,2022-05-14 09:00:00+00:00,46.63
3196,2022-05-14 10:00:00+00:00,49.46
3197,2022-05-14 11:00:00+00:00,51.49
3198,2022-05-14 12:00:00+00:00,52.92
3199,2022-05-14 13:00:00+00:00,51.41
3200,2022-05-14 14:00:00+00:00,59.62
3201,2022-05-14 15:00:00+00:00,76.43
3202,2022-05-14 16:00:00+00:00,96.81
3203,2022-05-14 17:00:00+00:00,137.3
3204,2022-05-14 18:00:00+00:00,262.04
3205,2022-05-14 19:00:00+00:00,578.0
3206,2022-05-14 20:00:00+00:00,682.37
3207,2022-05-14 21:00:00+00:00,788.67
3208,2022-05-14 22:00:00+00:00,637.15
3209,2022-05-14 23:00:00+00:00,319.47
3210,2022-05-15 00:00:00+00:00,273.56
3211,2022-05-15 01:00:00+00:00,124.89
3212,2022-05-15 02:00:00+00:00,78.84
3213,2022-05-15 03:00:00+00:00,62.43
3214,2022-05-15 04:00:00+00:00,55.44
3215,2022-05-15 05:00:00+00:00,45.47
3216,2022-05-15 06:00:00+00:00,40.83
3217,2022-05-15 07:00:00+00:00,37.52
3218,2022-05-15 08:00:00+00:00,21.32
3219,2022-05-15 09:00:00+00:00,37.25
3220,2022-05-15 10:00:00+00:00,32.81
3221,2022-05-15 11:00:00+00:00,23.99
3222,2022-05-15 12:00:00+00:00,27.51
3223,2022-05-15 13:00:00+00:00,29.9
3224,2022-05-15 14:00:00+00:00,41.15
3225,2022-05-15 15:00:00+00:00,56.66
3226,2022-05-15 16:00:00+00:00,74.01
3227,2022-05-15 17:00:00+00:00,105.65
3228,2022-05-15 18:00:00+00:00,155.52
3229,2022-05-15 19:00:00+00:00,383.59
3230,2022-05-15 20:00:00+00:00,945.42
3231,2022-05-15 21:00:00+00:00,1249.74
3232,2022-05-15 22:00:00+00:00,1166.22
3233,2022-05-15 23:00:00+00:00,599.52
3234,2022-05-16 00:00:00+00:00,410.05
3235,2022-05-16 01:00:00+00:00,128.69
3236,2022-05-16 02:00:00+00:00,82.21
3237,2022-05-16 03:00:00+00:00,65.5
3238,2022-05-16 04:00:00+00:00,57.79
3239,2022-05-16 05:00:00+00:00,42.2
3240,2022-05-16 06:00:00+00:00,39.19
3241,2022-05-16 07:00:00+00:00,33.73
3242,2022-05-16 08:00:00+00:00,35.08
3243,2022-05-16 09:00:00+00:00,41.54
3244,2022-05-16 10:00:00+00:00,45.56
3245,2022-05-16 11:00:00+00:00,52.88
3246,2022-05-16 12:00:00+00:00,51.79
3247,2022-05-16 13:00:00+00:00,50.27
3248,2022-05-16 14:00:00+00:00,56.21
3249,2022-05-16 15:00:00+00:00,70.5
3250,2022-05-16 16:00:00+00:00,94.57
3251,2022-05-16 17:00:00+00:00,140.35
3252,2022-05-16 18:00:00+00:00,200.4
3253,2022-05-16 19:00:00+00:00,338.61
3254,2022-05-16 20:00:00+00:00,452.0
3255,2022-05-16 21:00:00+00:00,558.09
3256,2022-05-16 22:00:00+00:00,331.21
3257,2022-05-16 23:00:00+00:00,133.44
3258,2022-05-17 00:00:00+00:00,102.0
3259,2022-05-17 01:00:00+00:00,88.02
3260,2022-05-17 02:00:00+00:00,75.83
3261,2022-05-17 03:00:00+00:00,60.23
3262,2022-05-17 04:00:00+00:00,50.68
3263,2022-05-17 05:00:00+00:00,52.86
3264,2022-05-17 06:00:00+00:00,50.8
3265,2022-05-17 07:00:00+00:00,42.67
3266,2022-05-17 08:00:00+00:00,39.87
3267,2022-05-17 09:00:00+00:00,44.32
3268,2022-05-17 10:00:00+00:00,46.82
3269,2022-05-17 11:00:00+00:00,73.97
3270,2022-05-17 12:00:00+00:00,69.04
3271,2022-05-17 13:00:00+00:00,57.98
3272,2022-05-17 14:00:00+00:00,61.9
3273,2022-05-17 15:00:00+00:00,70.3
3274,2022-05-17 16:00:00+00:00,75.39
3275,2022-05-17 17:00:00+00:00,111.03
3276,2022-05-17 18:00:00+00:00,164.32
3277,2022-05-17 19:00:00+00:00,204.22
3278,2022-05-17 20:00:00+00:00,275.07
3279,2022-05-17 21:00:00+00:00,279.57
3280,2022-05-17 22:00:00+00:00,189.27
3281,2022-05-17 23:00:00+00:00,121.31
3282,2022-05-18 00:00:00+00:00,106.51
3283,2022-05-18 01:00:00+00:00,106.81
3284,2022-05-18 02:00:00+00:00,80.51
3285,2022-05-18 03:00:00+00:00,61.55
3286,2022-05-18 04:00:00+00:00,59.35
3287,2022-05-18 05:00:00+00:00,60.67
3288,2022-05-18 06:00:00+00:00,50.01
3289,2022-05-18 07:00:00+00:00,40.33
3290,2022-05-18 08:00:00+00:00,32.91
3291,2022-05-18 09:00:00+00:00,32.94
3292,2022-05-18 10:00:00+00:00,47.68
3293,2022-05-18 11:00:00+00:00,57.04
3294,2022-05-18 12:00:00+00:00,54.32
3295,2022-05-18 13:00:00+00:00,53.67
3296,2022-05-18 14:00:00+00:00,53.69
3297,2022-05-18 15:00:00+00:00,60.9
3298,2022-05-18 16:00:00+00:00,75.75
3299,2022-05-18 17:00:00+00:00,105.19
3300,2022-05-18 18:00:00+00:00,140.71
3301,2022-05-18 19:00:00+00:00,189.78
3302,2022-05-18 20:00:00+00:00,219.58
3303,2022-05-18 21:00:00+00:00,271.92
3304,2022-05-18 22:00:00+00:00,240.74
3305,2022-05-18 23:00:00+00:00,144.02
3306,2022-05-19 00:00:00+00:00,122.49
3307,2022-05-19 01:00:00+00:00,104.18
3308,2022-05-19 02:00:00+00:00,84.32
3309,2022-05-19 03:00:00+00:00,72.03
3310,2022-05-19 04:00:00+00:00,61.85
3311,2022-05-19 05:00:00+00:00,59.53
3312,2022-05-19 06:00:00+00:00,51.6
3313,2022-05-19 07:00:00+00:00,48.85
3314,2022-05-19 08:00:00+00:00,48.32
3315,2022-05-19 09:00:00+00:00,53.24
3316,2022-05-19 10:00:00+00:00,66.33
3317,2022-05-19 11:00:00+00:00,74.69
3318,2022-05-19 12:00:00+00:00,66.1
3319,2022-05-19 13:00:00+00:00,55.62
3320,2022-05-19 14:00:00+00:00,57.54
3321,2022-05-19 15:00:00+00:00,63.7
3322,2022-05-19 16:00:00+00:00,84.0
3323,2022-05-19 17:00:00+00:00,124.28
3324,2022-05-19 18:00:00+00:00,163.6
3325,2022-05-19 19:00:00+00:00,174.26
3326,2022-05-19 20:00:00+00:00,210.13
3327,2022-05-19 21:00:00+00:00,203.85
3328,2022-05-19 22:00:00+00:00,160.26
3329,2022-05-19 23:00:00+00:00,115.27
3330,2022-05-20 00:00:00+00:00,118.6
3331,2022-05-20 01:00:00+00:00,119.84
3332,2022-05-20 02:00:00+00:00,89.41
3333,2022-05-20 03:00:00+00:00,70.2
3334,2022-05-20 04:00:00+00:00,60.68
3335,2022-05-20 05:00:00+00:00,60.54
3336,2022-05-20 06:00:00+00:00,51.2
3337,2022-05-20 07:00:00+00:00,43.53
3338,2022-05-20 08:00:00+00:00,35.43
3339,2022-05-20 09:00:00+00:00,38.59
3340,2022-05-20 10:00:00+00:00,48.78
3341,2022-05-20 11:00:00+00:00,59.33
3342,2022-05-20 12:00:00+00:00,62.83
3343,2022-05-20 13:00:00+00:00,58.56
3344,2022-05-20 14:00:00+00:00,68.2
3345,2022-05-20 15:00:00+00:00,83.56
3346,2022-05-20 16:00:00+00:00,89.47
3347,2022-05-20 17:00:00+00:00,117.23
3348,2022-05-20 18:00:00+00:00,146.63
3349,2022-05-20 19:00:00+00:00,173.98
3350,2022-05-20 20:00:00+00:00,221.75
3351,2022-05-20 21:00:00+00:00,236.39
3352,2022-05-20 22:00:00+00:00,155.77
3353,2022-05-20 23:00:00+00:00,103.19
3354,2022-05-21 00:00:00+00:00,97.83
3355,2022-05-21 01:00:00+00:00,89.95
3356,2022-05-21 02:00:00+00:00,81.3
3357,2022-05-21 03:00:00+00:00,73.85
3358,2022-05-21 04:00:00+00:00,65.31
3359,2022-05-21 05:00:00+00:00,61.19
3360,2022-05-21 06:00:00+00:00,56.92
3361,2022-05-21 07:00:00+00:00,52.74
3362,2022-05-21 08:00:00+00:00,48.5
3363,2022-05-21 09:00:00+00:00,49.54
3364,2022-05-21 10:00:00+00:00,52.52
3365,2022-05-21 11:00:00+00:00,61.27
3366,2022-05-21 12:00:00+00:00,60.0
3367,2022-05-21 13:00:00+00:00,57.41
3368,2022-05-21 14:00:00+00:00,61.99
3369,2022-05-21 15:00:00+00:00,70.89
3370,2022-05-21 16:00:00+00:00,100.0
3371,2022-05-21 17:00:00+00:00,126.85
3372,2022-05-21 18:00:00+00:00,140.14
3373,2022-05-21 19:00:00+00:00,174.19
3374,2022-05-21 20:00:00+00:00,247.87
3375,2022-05-21 21:00:00+00:00,270.18
3376,2022-05-21 22:00:00+00:00,171.24
3377,2022-05-21 23:00:00+00:00,124.45
3378,2022-05-22 00:00:00+00:00,107.69
3379,2022-05-22 01:00:00+00:00,90.33
3380,2022-05-22 02:00:00+00:00,86.44
3381,2022-05-22 03:00:00+00:00,64.88
3382,2022-05-22 04:00:00+00:00,56.49
3383,2022-05-22 05:00:00+00:00,69.3
3384,2022-05-22 06:00:00+00:00,54.16
3385,2022-05-22 07:00:00+00:00,46.98
3386,2022-05-22 08:00:00+00:00,40.99
3387,2022-05-22 09:00:00+00:00,38.27
3388,2022-05-22 10:00:00+00:00,48.63
3389,2022-05-22 11:00:00+00:00,56.19
3390,2022-05-22 12:00:00+00:00,57.1
3391,2022-05-22 13:00:00+00:00,66.87
3392,2022-05-22 14:00:00+00:00,67.54
3393,2022-05-22 15:00:00+00:00,76.96
3394,2022-05-22 16:00:00+00:00,77.87
3395,2022-05-22 17:00:00+00:00,83.93
3396,2022-05-22 18:00:00+00:00,94.82
3397,2022-05-22 19:00:00+00:00,88.82
3398,2022-05-22 20:00:00+00:00,87.26
3399,2022-05-22 21:00:00+00:00,93.99
3400,2022-05-22 22:00:00+00:00,94.28
3401,2022-05-22 23:00:00+00:00,85.45
3402,2022-05-23 00:00:00+00:00,95.02
3403,2022-05-23 01:00:00+00:00,110.19
3404,2022-05-23 02:00:00+00:00,102.69
3405,2022-05-23 03:00:00+00:00,81.57
3406,2022-05-23 04:00:00+00:00,68.68
3407,2022-05-23 05:00:00+00:00,61.54
3408,2022-05-23 06:00:00+00:00,51.25
3409,2022-05-23 07:00:00+00:00,49.89
3410,2022-05-23 08:00:00+00:00,49.51
3411,2022-05-23 09:00:00+00:00,51.42
3412,2022-05-23 10:00:00+00:00,60.42
3413,2022-05-23 11:00:00+00:00,70.77
3414,2022-05-23 12:00:00+00:00,67.01
3415,2022-05-23 13:00:00+00:00,68.28
3416,2022-05-23 14:00:00+00:00,67.76
3417,2022-05-23 15:00:00+00:00,75.52
3418,2022-05-23 16:00:00+00:00,99.16
3419,2022-05-23 17:00:00+00:00,97.66
3420,2022-05-23 18:00:00+00:00,144.73
3421,2022-05-23 19:00:00+00:00,145.48
3422,2022-05-23 20:00:00+00:00,151.78
3423,2022-05-23 21:00:00+00:00,138.57
3424,2022-05-23 22:00:00+00:00,109.88
3425,2022-05-23 23:00:00+00:00,92.01
3426,2022-05-24 00:00:00+00:00,84.77
3427,2022-05-24 01:00:00+00:00,84.86
3428,2022-05-24 02:00:00+00:00,74.31
3429,2022-05-24 03:00:00+00:00,71.51
3430,2022-05-24 04:00:00+00:00,57.84
3431,2022-05-24 05:00:00+00:00,55.06
3432,2022-05-24 06:00:00+00:00,53.37
3433,2022-05-24 07:00:00+00:00,49.12
3434,2022-05-24 08:00:00+00:00,48.96
3435,2022-05-24 09:00:00+00:00,54.2
3436,2022-05-24 10:00:00+00:00,64.13
3437,2022-05-24 11:00:00+00:00,76.59
3438,2022-05-24 12:00:00+00:00,72.48
3439,2022-05-24 13:00:00+00:00,64.1
3440,2022-05-24 14:00:00+00:00,58.57
3441,2022-05-24 15:00:00+00:00,66.75
3442,2022-05-24 16:00:00+00:00,72.73
3443,2022-05-24 17:00:00+00:00,71.01
3444,2022-05-24 18:00:00+00:00,77.85
3445,2022-05-24 19:00:00+00:00,88.41
3446,2022-05-24 20:00:00+00:00,100.09
3447,2022-05-24 21:00:00+00:00,108.56
3448,2022-05-24 22:00:00+00:00,88.24
3449,2022-05-24 23:00:00+00:00,78.47
3450,2022-05-25 00:00:00+00:00,81.85
3451,2022-05-25 01:00:00+00:00,103.46
3452,2022-05-25 02:00:00+00:00,70.57
3453,2022-05-25 03:00:00+00:00,59.75
3454,2022-05-25 04:00:00+00:00,55.28
3455,2022-05-25 05:00:00+00:00,59.92
3456,2022-05-25 06:00:00+00:00,51.93
3457,2022-05-25 07:00:00+00:00,38.98
3458,2022-05-25 08:00:00+00:00,44.5
3459,2022-05-25 09:00:00+00:00,45.69
3460,2022-05-25 10:00:00+00:00,54.75
3461,2022-05-25 11:00:00+00:00,75.19
3462,2022-05-25 12:00:00+00:00,71.48
3463,2022-05-25 13:00:00+00:00,63.54
3464,2022-05-25 14:00:00+00:00,64.76
3465,2022-05-25 15:00:00+00:00,71.79
3466,2022-05-25 16:00:00+00:00,76.63
3467,2022-05-25 17:00:00+00:00,72.38
3468,2022-05-25 18:00:00+00:00,79.77
3469,2022-05-25 19:00:00+00:00,85.92
3470,2022-05-25 20:00:00+00:00,110.52
3471,2022-05-25 21:00:00+00:00,115.73
3472,2022-05-25 22:00:00+00:00,105.86
3473,2022-05-25 23:00:00+00:00,84.44
3474,2022-05-26 00:00:00+00:00,109.89
3475,2022-05-26 01:00:00+00:00,184.82
3476,2022-05-26 02:00:00+00:00,152.32
3477,2022-05-26 03:00:00+00:00,95.34
3478,2022-05-26 04:00:00+00:00,74.95
3479,2022-05-26 05:00:00+00:00,61.32
3480,2022-05-26 06:00:00+00:00,57.71
3481,2022-05-26 07:00:00+00:00,53.56
3482,2022-05-26 08:00:00+00:00,50.04
3483,2022-05-26 09:00:00+00:00,48.92
3484,2022-05-26 10:00:00+00:00,54.16
3485,2022-05-26 11:00:00+00:00,60.66
3486,2022-05-26 12:00:00+00:00,62.22
3487,2022-05-26 13:00:00+00:00,57.12
3488,2022-05-26 14:00:00+00:00,60.99
3489,2022-05-26 15:00:00+00:00,62.41
3490,2022-05-26 16:00:00+00:00,70.02
3491,2022-05-26 17:00:00+00:00,73.99
3492,2022-05-26 18:00:00+00:00,82.89
3493,2022-05-26 19:00:00+00:00,99.93
3494,2022-05-26 20:00:00+00:00,142.38
3495,2022-05-26 21:00:00+00:00,167.45
3496,2022-05-26 22:00:00+00:00,153.98
3497,2022-05-26 23:00:00+00:00,109.1
3498,2022-05-27 00:00:00+00:00,141.17
3499,2022-05-27 01:00:00+00:00,145.46
3500,2022-05-27 02:00:00+00:00,93.44
3501,2022-05-27 03:00:00+00:00,77.99
3502,2022-05-27 04:00:00+00:00,64.66
3503,2022-05-27 05:00:00+00:00,63.99
3504,2022-05-27 06:00:00+00:00,59.43
3505,2022-05-27 07:00:00+00:00,49.93
3506,2022-05-27 08:00:00+00:00,44.28
3507,2022-05-27 09:00:00+00:00,50.23
3508,2022-05-27 10:00:00+00:00,56.51
3509,2022-05-27 11:00:00+00:00,72.01
3510,2022-05-27 12:00:00+00:00,71.18
3511,2022-05-27 13:00:00+00:00,62.71
3512,2022-05-27 14:00:00+00:00,65.28
3513,2022-05-27 15:00:00+00:00,77.31
3514,2022-05-27 16:00:00+00:00,95.02
3515,2022-05-27 17:00:00+00:00,113.59
3516,2022-05-27 18:00:00+00:00,162.8
3517,2022-05-27 19:00:00+00:00,216.07
3518,2022-05-27 20:00:00+00:00,299.39
3519,2022-05-27 21:00:00+00:00,358.31
3520,2022-05-27 22:00:00+00:00,242.66
3521,2022-05-27 23:00:00+00:00,142.5
3522,2022-05-28 00:00:00+00:00,136.43
3523,2022-05-28 01:00:00+00:00,101.02
3524,2022-05-28 02:00:00+00:00,83.77
3525,2022-05-28 03:00:00+00:00,76.48
3526,2022-05-28 04:00:00+00:00,70.41
3527,2022-05-28 05:00:00+00:00,60.44
3528,2022-05-28 06:00:00+00:00,50.74
3529,2022-05-28 07:00:00+00:00,36.51
3530,2022-05-28 08:00:00+00:00,30.02
3531,2022-05-28 09:00:00+00:00,27.34
3532,2022-05-28 10:00:00+00:00,31.83
3533,2022-05-28 11:00:00+00:00,42.36
3534,2022-05-28 12:00:00+00:00,44.83
3535,2022-05-28 13:00:00+00:00,50.83
3536,2022-05-28 14:00:00+00:00,78.23
3537,2022-05-28 15:00:00+00:00,89.56
3538,2022-05-28 16:00:00+00:00,91.89
3539,2022-05-28 17:00:00+00:00,106.05
3540,2022-05-28 18:00:00+00:00,163.47
3541,2022-05-28 19:00:00+00:00,213.03
3542,2022-05-28 20:00:00+00:00,295.2
3543,2022-05-28 21:00:00+00:00,346.8
3544,2022-05-28 22:00:00+00:00,280.65
3545,2022-05-28 23:00:00+00:00,143.98
3546,2022-05-29 00:00:00+00:00,110.61
3547,2022-05-29 01:00:00+00:00,92.0
3548,2022-05-29 02:00:00+00:00,87.55
3549,2022-05-29 03:00:00+00:00,72.54
3550,2022-05-29 04:00:00+00:00,71.13
3551,2022-05-29 05:00:00+00:00,48.48
3552,2022-05-29 06:00:00+00:00,40.76
3553,2022-05-29 07:00:00+00:00,26.72
3554,2022-05-29 08:00:00+00:00,19.92
3555,2022-05-29 09:00:00+00:00,17.38
3556,2022-05-29 10:00:00+00:00,17.94
3557,2022-05-29 11:00:00+00:00,25.2
3558,2022-05-29 12:00:00+00:00,27.16
3559,2022-05-29 13:00:00+00:00,34.16
3560,2022-05-29 14:00:00+00:00,51.8
3561,2022-05-29 15:00:00+00:00,68.66
3562,2022-05-29 16:00:00+00:00,83.01
3563,2022-05-29 17:00:00+00:00,112.23
3564,2022-05-29 18:00:00+00:00,137.32
3565,2022-05-29 19:00:00+00:00,167.33
3566,2022-05-29 20:00:00+00:00,240.86
3567,2022-05-29 21:00:00+00:00,345.26
3568,2022-05-29 22:00:00+00:00,227.46
3569,2022-05-29 23:00:00+00:00,123.58
3570,2022-05-30 00:00:00+00:00,107.69
3571,2022-05-30 01:00:00+00:00,88.29
3572,2022-05-30 02:00:00+00:00,84.96
3573,2022-05-30 03:00:00+00:00,67.92
3574,2022-05-30 04:00:00+00:00,52.5
3575,2022-05-30 05:00:00+00:00,40.93
3576,2022-05-30 06:00:00+00:00,28.64
3577,2022-05-30 07:00:00+00:00,15.22
3578,2022-05-30 08:00:00+00:00,7.51
3579,2022-05-30 09:00:00+00:00,6.23
3580,2022-05-30 10:00:00+00:00,11.47
3581,2022-05-30 11:00:00+00:00,23.8
3582,2022-05-30 12:00:00+00:00,25.48
3583,2022-05-30 13:00:00+00:00,34.88
3584,2022-05-30 14:00:00+00:00,53.65
3585,2022-05-30 15:00:00+00:00,65.49
3586,2022-05-30 16:00:00+00:00,76.07
3587,2022-05-30 17:00:00+00:00,93.0
3588,2022-05-30 18:00:00+00:00,100.35
3589,2022-05-30 19:00:00+00:00,119.75
3590,2022-05-30 20:00:00+00:00,142.9
3591,2022-05-30 21:00:00+00:00,207.2
3592,2022-05-30 22:00:00+00:00,138.26
3593,2022-05-30 23:00:00+00:00,98.07
3594,2022-05-31 00:00:00+00:00,82.0
3595,2022-05-31 01:00:00+00:00,86.48
3596,2022-05-31 02:00:00+00:00,80.18
3597,2022-05-31 03:00:00+00:00,64.77
3598,2022-05-31 04:00:00+00:00,52.13
3599,2022-05-31 05:00:00+00:00,44.26
3600,2022-05-31 06:00:00+00:00,32.53
3601,2022-05-31 07:00:00+00:00,22.98
3602,2022-05-31 08:00:00+00:00,19.44
3603,2022-05-31 09:00:00+00:00,23.86
3604,2022-05-31 10:00:00+00:00,33.86
3605,2022-05-31 11:00:00+00:00,53.03
3606,2022-05-31 12:00:00+00:00,61.38
3607,2022-05-31 13:00:00+00:00,61.61
3608,2022-05-31 14:00:00+00:00,66.81
3609,2022-05-31 15:00:00+00:00,70.13
3610,2022-05-31 16:00:00+00:00,83.7
3611,2022-05-31 17:00:00+00:00,100.51
3612,2022-05-31 18:00:00+00:00,123.45
3613,2022-05-31 19:00:00+00:00,152.43
3614,2022-05-31 20:00:00+00:00,181.54
3615,2022-05-31 21:00:00+00:00,216.96
3616,2022-05-31 22:00:00+00:00,130.72
3617,2022-05-31 23:00:00+00:00,91.76
3618,2022-06-01 00:00:00+00:00,78.44
3619,2022-06-01 01:00:00+00:00,90.08
3620,2022-06-01 02:00:00+00:00,68.08
3621,2022-06-01 03:00:00+00:00,62.54
3622,2022-06-01 04:00:00+00:00,53.85
3623,2022-06-01 05:00:00+00:00,67.03
3624,2022-06-01 06:00:00+00:00,60.66
3625,2022-06-01 07:00:00+00:00,58.51
3626,2022-06-01 08:00:00+00:00,56.13
3627,2022-06-01 09:00:00+00:00,58.65
3628,2022-06-01 10:00:00+00:00,65.24
3629,2022-06-01 11:00:00+00:00,75.0
3630,2022-06-01 12:00:00+00:00,84.65
3631,2022-06-01 13:00:00+00:00,77.51
3632,2022-06-01 14:00:00+00:00,84.13
3633,2022-06-01 15:00:00+00:00,113.29
3634,2022-06-01 16:00:00+00:00,130.02
3635,2022-06-01 17:00:00+00:00,126.66
3636,2022-06-01 18:00:00+00:00,241.87
3637,2022-06-01 19:00:00+00:00,182.72
3638,2022-06-01 20:00:00+00:00,222.92
3639,2022-06-01 21:00:00+00:00,271.47
3640,2022-06-01 22:00:00+00:00,182.72
3641,2022-06-01 23:00:00+00:00,127.0
3642,2022-06-02 00:00:00+00:00,104.74
3643,2022-06-02 01:00:00+00:00,110.32
3644,2022-06-02 02:00:00+00:00,90.85
3645,2022-06-02 03:00:00+00:00,70.54
3646,2022-06-02 04:00:00+00:00,66.17
3647,2022-06-02 05:00:00+00:00,71.08
3648,2022-06-02 06:00:00+00:00,65.32
3649,2022-06-02 07:00:00+00:00,62.48
3650,2022-06-02 08:00:00+00:00,60.23
3651,2022-06-02 09:00:00+00:00,61.06
3652,2022-06-02 10:00:00+00:00,68.05
3653,2022-06-02 11:00:00+00:00,80.79
3654,2022-06-02 12:00:00+00:00,84.59
3655,2022-06-02 13:00:00+00:00,89.96
3656,2022-06-02 14:00:00+00:00,97.48
3657,2022-06-02 15:00:00+00:00,112.68
3658,2022-06-02 16:00:00+00:00,129.87
3659,2022-06-02 17:00:00+00:00,158.52
3660,2022-06-02 18:00:00+00:00,198.27
3661,2022-06-02 19:00:00+00:00,223.61
3662,2022-06-02 20:00:00+00:00,271.68
3663,2022-06-02 21:00:00+00:00,268.87
3664,2022-06-02 22:00:00+00:00,187.13
3665,2022-06-02 23:00:00+00:00,126.02
3666,2022-06-03 00:00:00+00:00,112.52
3667,2022-06-03 01:00:00+00:00,111.3
3668,2022-06-03 02:00:00+00:00,100.49
3669,2022-06-03 03:00:00+00:00,76.01
3670,2022-06-03 04:00:00+00:00,72.01
3671,2022-06-03 05:00:00+00:00,57.28
3672,2022-06-03 06:00:00+00:00,55.0
3673,2022-06-03 07:00:00+00:00,51.67
3674,2022-06-03 08:00:00+00:00,49.86
3675,2022-06-03 09:00:00+00:00,49.63
3676,2022-06-03 10:00:00+00:00,53.29
3677,2022-06-03 11:00:00+00:00,61.55
3678,2022-06-03 12:00:00+00:00,61.61
3679,2022-06-03 13:00:00+00:00,63.85
3680,2022-06-03 14:00:00+00:00,71.25
3681,2022-06-03 15:00:00+00:00,85.58
3682,2022-06-03 16:00:00+00:00,99.28
3683,2022-06-03 17:00:00+00:00,120.39
3684,2022-06-03 18:00:00+00:00,152.29
3685,2022-06-03 19:00:00+00:00,143.29
3686,2022-06-03 20:00:00+00:00,147.18
3687,2022-06-03 21:00:00+00:00,135.55
3688,2022-06-03 22:00:00+00:00,107.41
3689,2022-06-03 23:00:00+00:00,88.46
3690,2022-06-04 00:00:00+00:00,85.48
3691,2022-06-04 01:00:00+00:00,92.1
3692,2022-06-04 02:00:00+00:00,82.15
3693,2022-06-04 03:00:00+00:00,68.2
3694,2022-06-04 04:00:00+00:00,62.19
3695,2022-06-04 05:00:00+00:00,59.81
3696,2022-06-04 06:00:00+00:00,62.19
3697,2022-06-04 07:00:00+00:00,54.77
3698,2022-06-04 08:00:00+00:00,50.96
3699,2022-06-04 09:00:00+00:00,49.75
3700,2022-06-04 10:00:00+00:00,51.03
3701,2022-06-04 11:00:00+00:00,62.22
3702,2022-06-04 12:00:00+00:00,59.22
3703,2022-06-04 13:00:00+00:00,55.93
3704,2022-06-04 14:00:00+00:00,60.55
3705,2022-06-04 15:00:00+00:00,73.3
3706,2022-06-04 16:00:00+00:00,86.45
3707,2022-06-04 17:00:00+00:00,100.3
3708,2022-06-04 18:00:00+00:00,133.5
3709,2022-06-04 19:00:00+00:00,133.89
3710,2022-06-04 20:00:00+00:00,148.16
3711,2022-06-04 21:00:00+00:00,149.53
3712,2022-06-04 22:00:00+00:00,128.25
3713,2022-06-04 23:00:00+00:00,104.06
3714,2022-06-05 00:00:00+00:00,84.38
3715,2022-06-05 01:00:00+00:00,83.07
3716,2022-06-05 02:00:00+00:00,75.0
3717,2022-06-05 03:00:00+00:00,63.03
3718,2022-06-05 04:00:00+00:00,56.85
3719,2022-06-05 05:00:00+00:00,53.81
3720,2022-06-05 06:00:00+00:00,45.33
3721,2022-06-05 07:00:00+00:00,41.03
3722,2022-06-05 08:00:00+00:00,24.5
3723,2022-06-05 09:00:00+00:00,18.71
3724,2022-06-05 10:00:00+00:00,25.37
3725,2022-06-05 11:00:00+00:00,34.96
3726,2022-06-05 12:00:00+00:00,38.44
3727,2022-06-05 13:00:00+00:00,45.95
3728,2022-06-05 14:00:00+00:00,52.11
3729,2022-06-05 15:00:00+00:00,66.05
3730,2022-06-05 16:00:00+00:00,74.53
3731,2022-06-05 17:00:00+00:00,85.83
3732,2022-06-05 18:00:00+00:00,101.06
3733,2022-06-05 19:00:00+00:00,115.45
3734,2022-06-05 20:00:00+00:00,130.75
3735,2022-06-05 21:00:00+00:00,136.79
3736,2022-06-05 22:00:00+00:00,115.82
3737,2022-06-05 23:00:00+00:00,90.97
3738,2022-06-06 00:00:00+00:00,85.4
3739,2022-06-06 01:00:00+00:00,82.97
3740,2022-06-06 02:00:00+00:00,68.39
3741,2022-06-06 03:00:00+00:00,61.63
3742,2022-06-06 04:00:00+00:00,55.64
3743,2022-06-06 05:00:00+00:00,47.04
3744,2022-06-06 06:00:00+00:00,33.73
3745,2022-06-06 07:00:00+00:00,21.26
3746,2022-06-06 08:00:00+00:00,14.47
3747,2022-06-06 09:00:00+00:00,18.28
3748,2022-06-06 10:00:00+00:00,25.76
3749,2022-06-06 11:00:00+00:00,44.71
3750,2022-06-06 12:00:00+00:00,45.69
3751,2022-06-06 13:00:00+00:00,49.82
3752,2022-06-06 14:00:00+00:00,55.52
3753,2022-06-06 15:00:00+00:00,72.52
3754,2022-06-06 16:00:00+00:00,82.35
3755,2022-06-06 17:00:00+00:00,97.91
3756,2022-06-06 18:00:00+00:00,126.4
3757,2022-06-06 19:00:00+00:00,153.37
3758,2022-06-06 20:00:00+00:00,187.92
3759,2022-06-06 21:00:00+00:00,217.64
3760,2022-06-06 22:00:00+00:00,171.03
3761,2022-06-06 23:00:00+00:00,128.2
3762,2022-06-07 00:00:00+00:00,110.77
3763,2022-06-07 01:00:00+00:00,101.33
3764,2022-06-07 02:00:00+00:00,79.54
3765,2022-06-07 03:00:00+00:00,70.82
3766,2022-06-07 04:00:00+00:00,60.21
3767,2022-06-07 05:00:00+00:00,57.42
3768,2022-06-07 06:00:00+00:00,53.7
3769,2022-06-07 07:00:00+00:00,48.28
3770,2022-06-07 08:00:00+00:00,42.65
3771,2022-06-07 09:00:00+00:00,40.7
3772,2022-06-07 10:00:00+00:00,48.39
3773,2022-06-07 11:00:00+00:00,56.86
3774,2022-06-07 12:00:00+00:00,52.79
3775,2022-06-07 13:00:00+00:00,57.81
3776,2022-06-07 14:00:00+00:00,64.21
3777,2022-06-07 15:00:00+00:00,76.67
3778,2022-06-07 16:00:00+00:00,86.88
3779,2022-06-07 17:00:00+00:00,113.91
3780,2022-06-07 18:00:00+00:00,133.36
3781,2022-06-07 19:00:00+00:00,153.58
3782,2022-06-07 20:00:00+00:00,203.51
3783,2022-06-07 21:00:00+00:00,222.85
3784,2022-06-07 22:00:00+00:00,180.72
3785,2022-06-07 23:00:00+00:00,131.73
3786,2022-06-08 00:00:00+00:00,113.67
3787,2022-06-08 01:00:00+00:00,103.33
3788,2022-06-08 02:00:00+00:00,84.67
3789,2022-06-08 03:00:00+00:00,74.88
3790,2022-06-08 04:00:00+00:00,66.51
3791,2022-06-08 05:00:00+00:00,63.24
3792,2022-06-08 06:00:00+00:00,58.16
3793,2022-06-08 07:00:00+00:00,54.92
3794,2022-06-08 08:00:00+00:00,52.84
3795,2022-06-08 09:00:00+00:00,52.42
3796,2022-06-08 10:00:00+00:00,57.25
3797,2022-06-08 11:00:00+00:00,60.55
3798,2022-06-08 12:00:00+00:00,62.9
3799,2022-06-08 13:00:00+00:00,64.89
3800,2022-06-08 14:00:00+00:00,67.05
3801,2022-06-08 15:00:00+00:00,77.3
3802,2022-06-08 16:00:00+00:00,84.51
3803,2022-06-08 17:00:00+00:00,100.44
3804,2022-06-08 18:00:00+00:00,115.73
3805,2022-06-08 19:00:00+00:00,142.17
3806,2022-06-08 20:00:00+00:00,178.39
3807,2022-06-08 21:00:00+00:00,200.88
3808,2022-06-08 22:00:00+00:00,159.27
3809,2022-06-08 23:00:00+00:00,129.29
3810,2022-06-09 00:00:00+00:00,118.1
3811,2022-06-09 01:00:00+00:00,112.79
3812,2022-06-09 02:00:00+00:00,92.71
3813,2022-06-09 03:00:00+00:00,80.17
3814,2022-06-09 04:00:00+00:00,69.2
3815,2022-06-09 05:00:00+00:00,67.31
3816,2022-06-09 06:00:00+00:00,60.38
3817,2022-06-09 07:00:00+00:00,57.96
3818,2022-06-09 08:00:00+00:00,57.19
3819,2022-06-09 09:00:00+00:00,59.24
3820,2022-06-09 10:00:00+00:00,62.84
3821,2022-06-09 11:00:00+00:00,67.07
3822,2022-06-09 12:00:00+00:00,68.6
3823,2022-06-09 13:00:00+00:00,68.66
3824,2022-06-09 14:00:00+00:00,79.95
3825,2022-06-09 15:00:00+00:00,92.52
3826,2022-06-09 16:00:00+00:00,109.99
3827,2022-06-09 17:00:00+00:00,138.0
3828,2022-06-09 18:00:00+00:00,145.53
3829,2022-06-09 19:00:00+00:00,175.04
3830,2022-06-09 20:00:00+00:00,203.44
3831,2022-06-09 21:00:00+00:00,190.42
3832,2022-06-09 22:00:00+00:00,170.9
3833,2022-06-09 23:00:00+00:00,135.29
3834,2022-06-10 00:00:00+00:00,133.83
3835,2022-06-10 01:00:00+00:00,134.27
3836,2022-06-10 02:00:00+00:00,102.0
3837,2022-06-10 03:00:00+00:00,84.77
3838,2022-06-10 04:00:00+00:00,76.27
3839,2022-06-10 05:00:00+00:00,61.5
3840,2022-06-10 06:00:00+00:00,52.5
3841,2022-06-10 07:00:00+00:00,49.12
3842,2022-06-10 08:00:00+00:00,45.4
3843,2022-06-10 09:00:00+00:00,44.79
3844,2022-06-10 10:00:00+00:00,49.01
3845,2022-06-10 11:00:00+00:00,55.42
3846,2022-06-10 12:00:00+00:00,57.4
3847,2022-06-10 13:00:00+00:00,58.17
3848,2022-06-10 14:00:00+00:00,66.16
3849,2022-06-10 15:00:00+00:00,74.17
3850,2022-06-10 16:00:00+00:00,86.05
3851,2022-06-10 17:00:00+00:00,129.23
3852,2022-06-10 18:00:00+00:00,169.17
3853,2022-06-10 19:00:00+00:00,238.34
3854,2022-06-10 20:00:00+00:00,347.83
3855,2022-06-10 21:00:00+00:00,415.92
3856,2022-06-10 22:00:00+00:00,311.99
3857,2022-06-10 23:00:00+00:00,186.03
3858,2022-06-11 00:00:00+00:00,152.79
3859,2022-06-11 01:00:00+00:00,159.02
3860,2022-06-11 02:00:00+00:00,96.02
3861,2022-06-11 03:00:00+00:00,75.93
3862,2022-06-11 04:00:00+00:00,63.53
3863,2022-06-11 05:00:00+00:00,56.56
3864,2022-06-11 06:00:00+00:00,47.57
3865,2022-06-11 07:00:00+00:00,41.43
3866,2022-06-11 08:00:00+00:00,33.54
3867,2022-06-11 09:00:00+00:00,34.49
3868,2022-06-11 10:00:00+00:00,33.73
3869,2022-06-11 11:00:00+00:00,47.53
3870,2022-06-11 12:00:00+00:00,49.46
3871,2022-06-11 13:00:00+00:00,52.22
3872,2022-06-11 14:00:00+00:00,57.84
3873,2022-06-11 15:00:00+00:00,72.5
3874,2022-06-11 16:00:00+00:00,89.37
3875,2022-06-11 17:00:00+00:00,104.69
3876,2022-06-11 18:00:00+00:00,124.19
3877,2022-06-11 19:00:00+00:00,159.88
3878,2022-06-11 20:00:00+00:00,208.21
3879,2022-06-11 21:00:00+00:00,240.01
3880,2022-06-11 22:00:00+00:00,185.26
3881,2022-06-11 23:00:00+00:00,135.06
3882,2022-06-12 00:00:00+00:00,122.8
3883,2022-06-12 01:00:00+00:00,99.87
3884,2022-06-12 02:00:00+00:00,91.16
3885,2022-06-12 03:00:00+00:00,75.37
3886,2022-06-12 04:00:00+00:00,66.28
3887,2022-06-12 05:00:00+00:00,60.8
3888,2022-06-12 06:00:00+00:00,53.56
3889,2022-06-12 07:00:00+00:00,49.8
3890,2022-06-12 08:00:00+00:00,44.66
3891,2022-06-12 09:00:00+00:00,36.42
3892,2022-06-12 10:00:00+00:00,33.8
3893,2022-06-12 11:00:00+00:00,46.06
3894,2022-06-12 12:00:00+00:00,45.61
3895,2022-06-12 13:00:00+00:00,52.15
3896,2022-06-12 14:00:00+00:00,60.8
3897,2022-06-12 15:00:00+00:00,76.22
3898,2022-06-12 16:00:00+00:00,83.42
3899,2022-06-12 17:00:00+00:00,93.04
3900,2022-06-12 18:00:00+00:00,116.56
3901,2022-06-12 19:00:00+00:00,141.3
3902,2022-06-12 20:00:00+00:00,161.75
3903,2022-06-12 21:00:00+00:00,185.77
3904,2022-06-12 22:00:00+00:00,165.63
3905,2022-06-12 23:00:00+00:00,126.06
3906,2022-06-13 00:00:00+00:00,119.59
3907,2022-06-13 01:00:00+00:00,135.51
3908,2022-06-13 02:00:00+00:00,95.63
3909,2022-06-13 03:00:00+00:00,75.6
3910,2022-06-13 04:00:00+00:00,65.46
3911,2022-06-13 05:00:00+00:00,60.63
3912,2022-06-13 06:00:00+00:00,50.66
3913,2022-06-13 07:00:00+00:00,41.46
3914,2022-06-13 08:00:00+00:00,34.34
3915,2022-06-13 09:00:00+00:00,35.83
3916,2022-06-13 10:00:00+00:00,44.09
3917,2022-06-13 11:00:00+00:00,57.03
3918,2022-06-13 12:00:00+00:00,55.94
3919,2022-06-13 13:00:00+00:00,58.89
3920,2022-06-13 14:00:00+00:00,69.71
3921,2022-06-13 15:00:00+00:00,88.2
3922,2022-06-13 16:00:00+00:00,91.58
3923,2022-06-13 17:00:00+00:00,91.8
3924,2022-06-13 18:00:00+00:00,119.36
3925,2022-06-13 19:00:00+00:00,134.16
3926,2022-06-13 20:00:00+00:00,181.97
3927,2022-06-13 21:00:00+00:00,172.47
3928,2022-06-13 22:00:00+00:00,133.7
3929,2022-06-13 23:00:00+00:00,112.16
3930,2022-06-14 00:00:00+00:00,104.61
3931,2022-06-14 01:00:00+00:00,118.23
3932,2022-06-14 02:00:00+00:00,89.85
3933,2022-06-14 03:00:00+00:00,71.92
3934,2022-06-14 04:00:00+00:00,63.67
3935,2022-06-14 05:00:00+00:00,59.32
3936,2022-06-14 06:00:00+00:00,56.33
3937,2022-06-14 07:00:00+00:00,47.73
3938,2022-06-14 08:00:00+00:00,41.75
3939,2022-06-14 09:00:00+00:00,45.53
3940,2022-06-14 10:00:00+00:00,47.95
3941,2022-06-14 11:00:00+00:00,61.52
3942,2022-06-14 12:00:00+00:00,63.65
3943,2022-06-14 13:00:00+00:00,63.91
3944,2022-06-14 14:00:00+00:00,72.46
3945,2022-06-14 15:00:00+00:00,80.63
3946,2022-06-14 16:00:00+00:00,79.71
3947,2022-06-14 17:00:00+00:00,88.02
3948,2022-06-14 18:00:00+00:00,120.83
3949,2022-06-14 19:00:00+00:00,124.34
3950,2022-06-14 20:00:00+00:00,174.87
3951,2022-06-14 21:00:00+00:00,167.54
3952,2022-06-14 22:00:00+00:00,137.65
3953,2022-06-14 23:00:00+00:00,110.91
3954,2022-06-15 00:00:00+00:00,97.39
3955,2022-06-15 01:00:00+00:00,88.2
3956,2022-06-15 02:00:00+00:00,86.05
3957,2022-06-15 03:00:00+00:00,72.82
3958,2022-06-15 04:00:00+00:00,68.19
3959,2022-06-15 05:00:00+00:00,65.87
3960,2022-06-15 06:00:00+00:00,62.67
3961,2022-06-15 07:00:00+00:00,50.26
3962,2022-06-15 08:00:00+00:00,48.83
3963,2022-06-15 09:00:00+00:00,48.94
3964,2022-06-15 10:00:00+00:00,49.58
3965,2022-06-15 11:00:00+00:00,58.52
3966,2022-06-15 12:00:00+00:00,63.55
3967,2022-06-15 13:00:00+00:00,64.89
3968,2022-06-15 14:00:00+00:00,78.91
3969,2022-06-15 15:00:00+00:00,91.0
3970,2022-06-15 16:00:00+00:00,100.96
3971,2022-06-15 17:00:00+00:00,118.61
3972,2022-06-15 18:00:00+00:00,145.47
3973,2022-06-15 19:00:00+00:00,178.92
3974,2022-06-15 20:00:00+00:00,205.88
3975,2022-06-15 21:00:00+00:00,197.76
3976,2022-06-15 22:00:00+00:00,166.18
3977,2022-06-15 23:00:00+00:00,122.06
3978,2022-06-16 00:00:00+00:00,108.65
3979,2022-06-16 01:00:00+00:00,101.16
3980,2022-06-16 02:00:00+00:00,97.9
3981,2022-06-16 03:00:00+00:00,74.96
3982,2022-06-16 04:00:00+00:00,71.47
3983,2022-06-16 05:00:00+00:00,67.52
3984,2022-06-16 06:00:00+00:00,59.71
3985,2022-06-16 07:00:00+00:00,49.82
3986,2022-06-16 08:00:00+00:00,47.18
3987,2022-06-16 09:00:00+00:00,47.25
3988,2022-06-16 10:00:00+00:00,50.71
3989,2022-06-16 11:00:00+00:00,57.72
3990,2022-06-16 12:00:00+00:00,61.4
3991,2022-06-16 13:00:00+00:00,62.3
3992,2022-06-16 14:00:00+00:00,82.81
3993,2022-06-16 15:00:00+00:00,85.33
3994,2022-06-16 16:00:00+00:00,99.52
3995,2022-06-16 17:00:00+00:00,140.97
3996,2022-06-16 18:00:00+00:00,161.5
3997,2022-06-16 19:00:00+00:00,190.1
3998,2022-06-16 20:00:00+00:00,234.01
3999,2022-06-16 21:00:00+00:00,214.98
4000,2022-06-16 22:00:00+00:00,161.71
4001,2022-06-16 23:00:00+00:00,116.19
4002,2022-06-17 00:00:00+00:00,112.51
4003,2022-06-17 01:00:00+00:00,111.61
4004,2022-06-17 02:00:00+00:00,105.7
4005,2022-06-17 03:00:00+00:00,75.71
4006,2022-06-17 04:00:00+00:00,68.2
4007,2022-06-17 05:00:00+00:00,64.98
4008,2022-06-17 06:00:00+00:00,55.44
4009,2022-06-17 07:00:00+00:00,49.34
4010,2022-06-17 08:00:00+00:00,47.75
4011,2022-06-17 09:00:00+00:00,49.14
4012,2022-06-17 10:00:00+00:00,51.97
4013,2022-06-17 11:00:00+00:00,51.58
4014,2022-06-17 12:00:00+00:00,55.92
4015,2022-06-17 13:00:00+00:00,64.93
4016,2022-06-17 14:00:00+00:00,92.49
4017,2022-06-17 15:00:00+00:00,117.45
4018,2022-06-17 16:00:00+00:00,156.21
4019,2022-06-17 17:00:00+00:00,238.19
4020,2022-06-17 18:00:00+00:00,348.49
4021,2022-06-17 19:00:00+00:00,281.6
4022,2022-06-17 20:00:00+00:00,302.52
4023,2022-06-17 21:00:00+00:00,255.99
4024,2022-06-17 22:00:00+00:00,166.66
4025,2022-06-17 23:00:00+00:00,119.95
4026,2022-06-18 00:00:00+00:00,100.69
4027,2022-06-18 01:00:00+00:00,90.79
4028,2022-06-18 02:00:00+00:00,92.45
4029,2022-06-18 03:00:00+00:00,74.97
4030,2022-06-18 04:00:00+00:00,65.44
4031,2022-06-18 05:00:00+00:00,57.22
4032,2022-06-18 06:00:00+00:00,54.87
4033,2022-06-18 07:00:00+00:00,49.25
4034,2022-06-18 08:00:00+00:00,47.19
4035,2022-06-18 09:00:00+00:00,46.83
4036,2022-06-18 10:00:00+00:00,50.17
4037,2022-06-18 11:00:00+00:00,53.99
4038,2022-06-18 12:00:00+00:00,53.42
4039,2022-06-18 13:00:00+00:00,56.67
4040,2022-06-18 14:00:00+00:00,64.85
4041,2022-06-18 15:00:00+00:00,80.02
4042,2022-06-18 16:00:00+00:00,100.76
4043,2022-06-18 17:00:00+00:00,123.45
4044,2022-06-18 18:00:00+00:00,131.42
4045,2022-06-18 19:00:00+00:00,151.19
4046,2022-06-18 20:00:00+00:00,191.45
4047,2022-06-18 21:00:00+00:00,182.52
4048,2022-06-18 22:00:00+00:00,124.68
4049,2022-06-18 23:00:00+00:00,104.99
4050,2022-06-19 00:00:00+00:00,100.73
4051,2022-06-19 01:00:00+00:00,98.4
4052,2022-06-19 02:00:00+00:00,87.41
4053,2022-06-19 03:00:00+00:00,69.11
4054,2022-06-19 04:00:00+00:00,61.56
4055,2022-06-19 05:00:00+00:00,56.49
4056,2022-06-19 06:00:00+00:00,54.76
4057,2022-06-19 07:00:00+00:00,49.39
4058,2022-06-19 08:00:00+00:00,46.31
4059,2022-06-19 09:00:00+00:00,43.94
4060,2022-06-19 10:00:00+00:00,44.37
4061,2022-06-19 11:00:00+00:00,48.59
4062,2022-06-19 12:00:00+00:00,48.02
4063,2022-06-19 13:00:00+00:00,51.18
4064,2022-06-19 14:00:00+00:00,61.97
4065,2022-06-19 15:00:00+00:00,71.08
4066,2022-06-19 16:00:00+00:00,84.45
4067,2022-06-19 17:00:00+00:00,102.39
4068,2022-06-19 18:00:00+00:00,114.62
4069,2022-06-19 19:00:00+00:00,126.12
4070,2022-06-19 20:00:00+00:00,165.65
4071,2022-06-19 21:00:00+00:00,165.63
4072,2022-06-19 22:00:00+00:00,137.5
4073,2022-06-19 23:00:00+00:00,121.71
4074,2022-06-20 00:00:00+00:00,101.26
4075,2022-06-20 01:00:00+00:00,108.8
4076,2022-06-20 02:00:00+00:00,91.56
4077,2022-06-20 03:00:00+00:00,72.7
4078,2022-06-20 04:00:00+00:00,65.29
4079,2022-06-20 05:00:00+00:00,56.56
4080,2022-06-20 06:00:00+00:00,51.17
4081,2022-06-20 07:00:00+00:00,46.18
4082,2022-06-20 08:00:00+00:00,44.09
4083,2022-06-20 09:00:00+00:00,43.71
4084,2022-06-20 10:00:00+00:00,46.77
4085,2022-06-20 11:00:00+00:00,49.22
4086,2022-06-20 12:00:00+00:00,50.65
4087,2022-06-20 13:00:00+00:00,56.54
4088,2022-06-20 14:00:00+00:00,67.77
4089,2022-06-20 15:00:00+00:00,81.21
4090,2022-06-20 16:00:00+00:00,99.73
4091,2022-06-20 17:00:00+00:00,105.87
4092,2022-06-20 18:00:00+00:00,117.18
4093,2022-06-20 19:00:00+00:00,141.28
4094,2022-06-20 20:00:00+00:00,158.41
4095,2022-06-20 21:00:00+00:00,143.67
4096,2022-06-20 22:00:00+00:00,119.78
4097,2022-06-20 23:00:00+00:00,107.1
4098,2022-06-21 00:00:00+00:00,92.36
4099,2022-06-21 01:00:00+00:00,101.95
4100,2022-06-21 02:00:00+00:00,97.72
4101,2022-06-21 03:00:00+00:00,67.88
4102,2022-06-21 04:00:00+00:00,60.3
4103,2022-06-21 05:00:00+00:00,57.0
4104,2022-06-21 06:00:00+00:00,51.36
4105,2022-06-21 07:00:00+00:00,48.71
4106,2022-06-21 08:00:00+00:00,46.64
4107,2022-06-21 09:00:00+00:00,47.23
4108,2022-06-21 10:00:00+00:00,50.9
4109,2022-06-21 11:00:00+00:00,52.2
4110,2022-06-21 12:00:00+00:00,53.96
4111,2022-06-21 13:00:00+00:00,58.25
4112,2022-06-21 14:00:00+00:00,68.05
4113,2022-06-21 15:00:00+00:00,83.78
4114,2022-06-21 16:00:00+00:00,91.74
4115,2022-06-21 17:00:00+00:00,121.6
4116,2022-06-21 18:00:00+00:00,117.65
4117,2022-06-21 19:00:00+00:00,133.11
4118,2022-06-21 20:00:00+00:00,144.41
4119,2022-06-21 21:00:00+00:00,146.19
4120,2022-06-21 22:00:00+00:00,121.03
4121,2022-06-21 23:00:00+00:00,92.5
4122,2022-06-22 00:00:00+00:00,90.3
4123,2022-06-22 01:00:00+00:00,94.13
4124,2022-06-22 02:00:00+00:00,86.01
4125,2022-06-22 03:00:00+00:00,67.13
4126,2022-06-22 04:00:00+00:00,60.26
4127,2022-06-22 05:00:00+00:00,51.81
4128,2022-06-22 06:00:00+00:00,45.19
4129,2022-06-22 07:00:00+00:00,41.51
4130,2022-06-22 08:00:00+00:00,41.37
4131,2022-06-22 09:00:00+00:00,42.32
4132,2022-06-22 10:00:00+00:00,46.43
4133,2022-06-22 11:00:00+00:00,56.35
4134,2022-06-22 12:00:00+00:00,57.99
4135,2022-06-22 13:00:00+00:00,59.17
4136,2022-06-22 14:00:00+00:00,61.67
4137,2022-06-22 15:00:00+00:00,78.11
4138,2022-06-22 16:00:00+00:00,100.39
4139,2022-06-22 17:00:00+00:00,127.15
4140,2022-06-22 18:00:00+00:00,156.86
4141,2022-06-22 19:00:00+00:00,215.52
4142,2022-06-22 20:00:00+00:00,282.39
4143,2022-06-22 21:00:00+00:00,296.32
4144,2022-06-22 22:00:00+00:00,239.58
4145,2022-06-22 23:00:00+00:00,178.56
4146,2022-06-23 00:00:00+00:00,204.24
4147,2022-06-23 01:00:00+00:00,177.55
4148,2022-06-23 02:00:00+00:00,101.09
4149,2022-06-23 03:00:00+00:00,66.86
4150,2022-06-23 04:00:00+00:00,56.23
4151,2022-06-23 05:00:00+00:00,44.37
4152,2022-06-23 06:00:00+00:00,47.45
4153,2022-06-23 07:00:00+00:00,42.94
4154,2022-06-23 08:00:00+00:00,41.48
4155,2022-06-23 09:00:00+00:00,41.69
4156,2022-06-23 10:00:00+00:00,43.26
4157,2022-06-23 11:00:00+00:00,48.81
4158,2022-06-23 12:00:00+00:00,49.43
4159,2022-06-23 13:00:00+00:00,47.85
4160,2022-06-23 14:00:00+00:00,56.51
4161,2022-06-23 15:00:00+00:00,73.13
4162,2022-06-23 16:00:00+00:00,114.17
4163,2022-06-23 17:00:00+00:00,173.23
4164,2022-06-23 18:00:00+00:00,256.13
4165,2022-06-23 19:00:00+00:00,409.81
4166,2022-06-23 20:00:00+00:00,552.4
4167,2022-06-23 21:00:00+00:00,596.0
4168,2022-06-23 22:00:00+00:00,430.91
4169,2022-06-23 23:00:00+00:00,282.07
4170,2022-06-24 00:00:00+00:00,299.8
4171,2022-06-24 01:00:00+00:00,162.82
4172,2022-06-24 02:00:00+00:00,97.88
4173,2022-06-24 03:00:00+00:00,64.61
4174,2022-06-24 04:00:00+00:00,51.62
4175,2022-06-24 05:00:00+00:00,48.43
4176,2022-06-24 06:00:00+00:00,44.86
4177,2022-06-24 07:00:00+00:00,40.74
4178,2022-06-24 08:00:00+00:00,39.97
4179,2022-06-24 09:00:00+00:00,39.19
4180,2022-06-24 10:00:00+00:00,39.02
4181,2022-06-24 11:00:00+00:00,41.9
4182,2022-06-24 12:00:00+00:00,44.19
4183,2022-06-24 13:00:00+00:00,45.65
4184,2022-06-24 14:00:00+00:00,47.83
4185,2022-06-24 15:00:00+00:00,65.78
4186,2022-06-24 16:00:00+00:00,86.9
4187,2022-06-24 17:00:00+00:00,98.52
4188,2022-06-24 18:00:00+00:00,128.39
4189,2022-06-24 19:00:00+00:00,255.99
4190,2022-06-24 20:00:00+00:00,299.63
4191,2022-06-24 21:00:00+00:00,221.2
4192,2022-06-24 22:00:00+00:00,166.53
4193,2022-06-24 23:00:00+00:00,112.84
4194,2022-06-25 00:00:00+00:00,97.82
4195,2022-06-25 01:00:00+00:00,84.59
4196,2022-06-25 02:00:00+00:00,71.89
4197,2022-06-25 03:00:00+00:00,61.29
4198,2022-06-25 04:00:00+00:00,54.15
4199,2022-06-25 05:00:00+00:00,49.49
4200,2022-06-25 06:00:00+00:00,46.47
4201,2022-06-25 07:00:00+00:00,41.34
4202,2022-06-25 08:00:00+00:00,37.44
4203,2022-06-25 09:00:00+00:00,33.08
4204,2022-06-25 10:00:00+00:00,31.61
4205,2022-06-25 11:00:00+00:00,33.97
4206,2022-06-25 12:00:00+00:00,37.28
4207,2022-06-25 13:00:00+00:00,40.48
4208,2022-06-25 14:00:00+00:00,41.95
4209,2022-06-25 15:00:00+00:00,54.2
4210,2022-06-25 16:00:00+00:00,61.14
4211,2022-06-25 17:00:00+00:00,90.49
4212,2022-06-25 18:00:00+00:00,92.28
4213,2022-06-25 19:00:00+00:00,125.88
4214,2022-06-25 20:00:00+00:00,171.17
4215,2022-06-25 21:00:00+00:00,175.71
4216,2022-06-25 22:00:00+00:00,124.43
4217,2022-06-25 23:00:00+00:00,103.94
4218,2022-06-26 00:00:00+00:00,88.55
4219,2022-06-26 01:00:00+00:00,84.02
4220,2022-06-26 02:00:00+00:00,74.13
4221,2022-06-26 03:00:00+00:00,58.16
4222,2022-06-26 04:00:00+00:00,51.64
4223,2022-06-26 05:00:00+00:00,45.01
4224,2022-06-26 06:00:00+00:00,43.37
4225,2022-06-26 07:00:00+00:00,39.39
4226,2022-06-26 08:00:00+00:00,38.25
4227,2022-06-26 09:00:00+00:00,36.53
4228,2022-06-26 10:00:00+00:00,37.01
4229,2022-06-26 11:00:00+00:00,42.38
4230,2022-06-26 12:00:00+00:00,41.15
4231,2022-06-26 13:00:00+00:00,45.72
4232,2022-06-26 14:00:00+00:00,47.9
4233,2022-06-26 15:00:00+00:00,56.45
4234,2022-06-26 16:00:00+00:00,67.82
4235,2022-06-26 17:00:00+00:00,92.72
4236,2022-06-26 18:00:00+00:00,85.28
4237,2022-06-26 19:00:00+00:00,99.8
4238,2022-06-26 20:00:00+00:00,126.53
4239,2022-06-26 21:00:00+00:00,123.55
4240,2022-06-26 22:00:00+00:00,99.94
4241,2022-06-26 23:00:00+00:00,81.92
4242,2022-06-27 00:00:00+00:00,76.46
4243,2022-06-27 01:00:00+00:00,72.34
4244,2022-06-27 02:00:00+00:00,68.97
4245,2022-06-27 03:00:00+00:00,53.75
4246,2022-06-27 04:00:00+00:00,50.14
4247,2022-06-27 05:00:00+00:00,45.66
4248,2022-06-27 06:00:00+00:00,40.17
4249,2022-06-27 07:00:00+00:00,38.89
4250,2022-06-27 08:00:00+00:00,38.96
4251,2022-06-27 09:00:00+00:00,40.02
4252,2022-06-27 10:00:00+00:00,41.19
4253,2022-06-27 11:00:00+00:00,42.26
4254,2022-06-27 12:00:00+00:00,46.49
4255,2022-06-27 13:00:00+00:00,47.17
4256,2022-06-27 14:00:00+00:00,49.87
4257,2022-06-27 15:00:00+00:00,60.68
4258,2022-06-27 16:00:00+00:00,73.69
4259,2022-06-27 17:00:00+00:00,86.37
4260,2022-06-27 18:00:00+00:00,88.37
4261,2022-06-27 19:00:00+00:00,100.33
4262,2022-06-27 20:00:00+00:00,114.64
4263,2022-06-27 21:00:00+00:00,115.0
4264,2022-06-27 22:00:00+00:00,90.77
4265,2022-06-27 23:00:00+00:00,73.52
4266,2022-06-28 00:00:00+00:00,82.06
4267,2022-06-28 01:00:00+00:00,79.79
4268,2022-06-28 02:00:00+00:00,89.06
4269,2022-06-28 03:00:00+00:00,60.1
4270,2022-06-28 04:00:00+00:00,52.02
4271,2022-06-28 05:00:00+00:00,52.27
4272,2022-06-28 06:00:00+00:00,48.08
4273,2022-06-28 07:00:00+00:00,44.4
4274,2022-06-28 08:00:00+00:00,42.51
4275,2022-06-28 09:00:00+00:00,42.7
4276,2022-06-28 10:00:00+00:00,46.23
4277,2022-06-28 11:00:00+00:00,52.53
4278,2022-06-28 12:00:00+00:00,52.23
4279,2022-06-28 13:00:00+00:00,53.02
4280,2022-06-28 14:00:00+00:00,53.32
4281,2022-06-28 15:00:00+00:00,62.97
4282,2022-06-28 16:00:00+00:00,72.6
4283,2022-06-28 17:00:00+00:00,81.7
4284,2022-06-28 18:00:00+00:00,94.7
4285,2022-06-28 19:00:00+00:00,119.68
4286,2022-06-28 20:00:00+00:00,126.25
4287,2022-06-28 21:00:00+00:00,129.66
4288,2022-06-28 22:00:00+00:00,109.5
4289,2022-06-28 23:00:00+00:00,97.93
4290,2022-06-29 00:00:00+00:00,107.14
4291,2022-06-29 01:00:00+00:00,98.86
4292,2022-06-29 02:00:00+00:00,80.0
4293,2022-06-29 03:00:00+00:00,64.99
4294,2022-06-29 04:00:00+00:00,56.01
4295,2022-06-29 05:00:00+00:00,53.29
4296,2022-06-29 06:00:00+00:00,47.18
4297,2022-06-29 07:00:00+00:00,41.69
4298,2022-06-29 08:00:00+00:00,40.07
4299,2022-06-29 09:00:00+00:00,40.14
4300,2022-06-29 10:00:00+00:00,42.6
4301,2022-06-29 11:00:00+00:00,45.17
4302,2022-06-29 12:00:00+00:00,47.06
4303,2022-06-29 13:00:00+00:00,48.88
4304,2022-06-29 14:00:00+00:00,52.06
4305,2022-06-29 15:00:00+00:00,61.62
4306,2022-06-29 16:00:00+00:00,69.61
4307,2022-06-29 17:00:00+00:00,87.97
4308,2022-06-29 18:00:00+00:00,92.18
4309,2022-06-29 19:00:00+00:00,98.24
4310,2022-06-29 20:00:00+00:00,108.52
4311,2022-06-29 21:00:00+00:00,110.79
4312,2022-06-29 22:00:00+00:00,93.41
4313,2022-06-29 23:00:00+00:00,81.83
4314,2022-06-30 00:00:00+00:00,80.52
4315,2022-06-30 01:00:00+00:00,76.5
4316,2022-06-30 02:00:00+00:00,73.0
4317,2022-06-30 03:00:00+00:00,57.97
4318,2022-06-30 04:00:00+00:00,51.55
4319,2022-06-30 05:00:00+00:00,50.02
4320,2022-06-30 06:00:00+00:00,44.39
4321,2022-06-30 07:00:00+00:00,41.37
4322,2022-06-30 08:00:00+00:00,39.61
4323,2022-06-30 09:00:00+00:00,40.28
4324,2022-06-30 10:00:00+00:00,41.95
4325,2022-06-30 11:00:00+00:00,42.82
4326,2022-06-30 12:00:00+00:00,45.26
4327,2022-06-30 13:00:00+00:00,46.47
4328,2022-06-30 14:00:00+00:00,48.2
4329,2022-06-30 15:00:00+00:00,59.9
4330,2022-06-30 16:00:00+00:00,71.01
4331,2022-06-30 17:00:00+00:00,80.58
4332,2022-06-30 18:00:00+00:00,106.7
4333,2022-06-30 19:00:00+00:00,142.43
4334,2022-06-30 20:00:00+00:00,167.26
4335,2022-06-30 21:00:00+00:00,160.17
4336,2022-06-30 22:00:00+00:00,113.08
4337,2022-06-30 23:00:00+00:00,83.44
4338,2022-07-01 00:00:00+00:00,87.54
4339,2022-07-01 01:00:00+00:00,80.28
4340,2022-07-01 02:00:00+00:00,63.67
4341,2022-07-01 03:00:00+00:00,55.39
4342,2022-07-01 04:00:00+00:00,47.77
4343,2022-07-01 05:00:00+00:00,47.76
4344,2022-07-01 06:00:00+00:00,41.47
4345,2022-07-01 07:00:00+00:00,38.92
4346,2022-07-01 08:00:00+00:00,36.78
4347,2022-07-01 09:00:00+00:00,39.29
4348,2022-07-01 10:00:00+00:00,42.24
4349,2022-07-01 11:00:00+00:00,43.89
4350,2022-07-01 12:00:00+00:00,44.83
4351,2022-07-01 13:00:00+00:00,46.96
4352,2022-07-01 14:00:00+00:00,48.59
4353,2022-07-01 15:00:00+00:00,60.07
4354,2022-07-01 16:00:00+00:00,75.75
4355,2022-07-01 17:00:00+00:00,87.14
4356,2022-07-01 18:00:00+00:00,108.62
4357,2022-07-01 19:00:00+00:00,132.26
4358,2022-07-01 20:00:00+00:00,145.4
4359,2022-07-01 21:00:00+00:00,126.89
4360,2022-07-01 22:00:00+00:00,91.89
4361,2022-07-01 23:00:00+00:00,80.29
4362,2022-07-02 00:00:00+00:00,72.41
4363,2022-07-02 01:00:00+00:00,76.79
4364,2022-07-02 02:00:00+00:00,67.46
4365,2022-07-02 03:00:00+00:00,55.22
4366,2022-07-02 04:00:00+00:00,48.53
4367,2022-07-02 05:00:00+00:00,55.32
4368,2022-07-02 06:00:00+00:00,46.56
4369,2022-07-02 07:00:00+00:00,43.99
4370,2022-07-02 08:00:00+00:00,39.05
4371,2022-07-02 09:00:00+00:00,38.83
4372,2022-07-02 10:00:00+00:00,40.02
4373,2022-07-02 11:00:00+00:00,39.78
4374,2022-07-02 12:00:00+00:00,40.97
4375,2022-07-02 13:00:00+00:00,48.26
4376,2022-07-02 14:00:00+00:00,46.87
4377,2022-07-02 15:00:00+00:00,53.7
4378,2022-07-02 16:00:00+00:00,69.67
4379,2022-07-02 17:00:00+00:00,99.84
4380,2022-07-02 18:00:00+00:00,108.03
4381,2022-07-02 19:00:00+00:00,117.43
4382,2022-07-02 20:00:00+00:00,120.72
4383,2022-07-02 21:00:00+00:00,115.95
4384,2022-07-02 22:00:00+00:00,87.36
4385,2022-07-02 23:00:00+00:00,76.03
4386,2022-07-03 00:00:00+00:00,79.05
4387,2022-07-03 01:00:00+00:00,71.2
4388,2022-07-03 02:00:00+00:00,62.22
4389,2022-07-03 03:00:00+00:00,52.32
4390,2022-07-03 04:00:00+00:00,50.65
4391,2022-07-03 05:00:00+00:00,50.4
4392,2022-07-03 06:00:00+00:00,43.66
4393,2022-07-03 07:00:00+00:00,41.5
4394,2022-07-03 08:00:00+00:00,39.27
4395,2022-07-03 09:00:00+00:00,38.74
4396,2022-07-03 10:00:00+00:00,37.1
4397,2022-07-03 11:00:00+00:00,39.17
4398,2022-07-03 12:00:00+00:00,38.39
4399,2022-07-03 13:00:00+00:00,38.15
4400,2022-07-03 14:00:00+00:00,39.7
4401,2022-07-03 15:00:00+00:00,49.64
4402,2022-07-03 16:00:00+00:00,60.27
4403,2022-07-03 17:00:00+00:00,73.55
4404,2022-07-03 18:00:00+00:00,84.0
4405,2022-07-03 19:00:00+00:00,87.89
4406,2022-07-03 20:00:00+00:00,90.51
4407,2022-07-03 21:00:00+00:00,82.55
4408,2022-07-03 22:00:00+00:00,77.36
4409,2022-07-03 23:00:00+00:00,71.46
4410,2022-07-04 00:00:00+00:00,82.14
4411,2022-07-04 01:00:00+00:00,86.78
4412,2022-07-04 02:00:00+00:00,71.94
4413,2022-07-04 03:00:00+00:00,57.26
4414,2022-07-04 04:00:00+00:00,52.2
4415,2022-07-04 05:00:00+00:00,49.8
4416,2022-07-04 06:00:00+00:00,44.34
4417,2022-07-04 07:00:00+00:00,39.96
4418,2022-07-04 08:00:00+00:00,36.31
4419,2022-07-04 09:00:00+00:00,34.89
4420,2022-07-04 10:00:00+00:00,35.78
4421,2022-07-04 11:00:00+00:00,38.52
4422,2022-07-04 12:00:00+00:00,38.46
4423,2022-07-04 13:00:00+00:00,39.65
4424,2022-07-04 14:00:00+00:00,43.09
4425,2022-07-04 15:00:00+00:00,43.65
4426,2022-07-04 16:00:00+00:00,54.4
4427,2022-07-04 17:00:00+00:00,60.33
4428,2022-07-04 18:00:00+00:00,66.77
4429,2022-07-04 19:00:00+00:00,74.67
4430,2022-07-04 20:00:00+00:00,82.27
4431,2022-07-04 21:00:00+00:00,92.67
4432,2022-07-04 22:00:00+00:00,77.0
4433,2022-07-04 23:00:00+00:00,72.96
4434,2022-07-05 00:00:00+00:00,95.67
4435,2022-07-05 01:00:00+00:00,75.12
4436,2022-07-05 02:00:00+00:00,69.21
4437,2022-07-05 03:00:00+00:00,54.07
4438,2022-07-05 04:00:00+00:00,49.81
4439,2022-07-05 05:00:00+00:00,45.77
4440,2022-07-05 06:00:00+00:00,42.1
4441,2022-07-05 07:00:00+00:00,37.97
4442,2022-07-05 08:00:00+00:00,33.35
4443,2022-07-05 09:00:00+00:00,35.11
4444,2022-07-05 10:00:00+00:00,35.23
4445,2022-07-05 11:00:00+00:00,39.94
4446,2022-07-05 12:00:00+00:00,42.05
4447,2022-07-05 13:00:00+00:00,41.85
4448,2022-07-05 14:00:00+00:00,41.61
4449,2022-07-05 15:00:00+00:00,51.57
4450,2022-07-05 16:00:00+00:00,61.62
4451,2022-07-05 17:00:00+00:00,74.06
4452,2022-07-05 18:00:00+00:00,77.0
4453,2022-07-05 19:00:00+00:00,96.76
4454,2022-07-05 20:00:00+00:00,106.54
4455,2022-07-05 21:00:00+00:00,108.25
4456,2022-07-05 22:00:00+00:00,86.88
4457,2022-07-05 23:00:00+00:00,74.71
4458,2022-07-06 00:00:00+00:00,75.54
4459,2022-07-06 01:00:00+00:00,82.57
4460,2022-07-06 02:00:00+00:00,67.62
4461,2022-07-06 03:00:00+00:00,54.62
4462,2022-07-06 04:00:00+00:00,50.36
4463,2022-07-06 05:00:00+00:00,45.07
4464,2022-07-06 06:00:00+00:00,42.97
4465,2022-07-06 07:00:00+00:00,37.72
4466,2022-07-06 08:00:00+00:00,34.44
4467,2022-07-06 09:00:00+00:00,34.68
4468,2022-07-06 10:00:00+00:00,34.78
4469,2022-07-06 11:00:00+00:00,37.17
4470,2022-07-06 12:00:00+00:00,38.83
4471,2022-07-06 13:00:00+00:00,37.68
4472,2022-07-06 14:00:00+00:00,39.7
4473,2022-07-06 15:00:00+00:00,46.56
4474,2022-07-06 16:00:00+00:00,54.44
4475,2022-07-06 17:00:00+00:00,77.45
4476,2022-07-06 18:00:00+00:00,86.72
4477,2022-07-06 19:00:00+00:00,96.75
4478,2022-07-06 20:00:00+00:00,101.06
4479,2022-07-06 21:00:00+00:00,96.48
4480,2022-07-06 22:00:00+00:00,84.86
4481,2022-07-06 23:00:00+00:00,74.3
4482,2022-07-07 00:00:00+00:00,73.41
4483,2022-07-07 01:00:00+00:00,83.32
4484,2022-07-07 02:00:00+00:00,63.41
4485,2022-07-07 03:00:00+00:00,53.5
4486,2022-07-07 04:00:00+00:00,47.39
4487,2022-07-07 05:00:00+00:00,43.78
4488,2022-07-07 06:00:00+00:00,38.62
4489,2022-07-07 07:00:00+00:00,37.06
4490,2022-07-07 08:00:00+00:00,34.16
4491,2022-07-07 09:00:00+00:00,33.14
4492,2022-07-07 10:00:00+00:00,34.23
4493,2022-07-07 11:00:00+00:00,34.9
4494,2022-07-07 12:00:00+00:00,36.24
4495,2022-07-07 13:00:00+00:00,37.29
4496,2022-07-07 14:00:00+00:00,38.62
4497,2022-07-07 15:00:00+00:00,47.98
4498,2022-07-07 16:00:00+00:00,64.37
4499,2022-07-07 17:00:00+00:00,76.67
4500,2022-07-07 18:00:00+00:00,121.94
4501,2022-07-07 19:00:00+00:00,195.78
4502,2022-07-07 20:00:00+00:00,292.02
4503,2022-07-07 21:00:00+00:00,296.81
4504,2022-07-07 22:00:00+00:00,197.87
4505,2022-07-07 23:00:00+00:00,113.49
4506,2022-07-08 00:00:00+00:00,116.31
4507,2022-07-08 01:00:00+00:00,93.58
4508,2022-07-08 02:00:00+00:00,63.24
4509,2022-07-08 03:00:00+00:00,56.99
4510,2022-07-08 04:00:00+00:00,50.34
4511,2022-07-08 05:00:00+00:00,47.12
4512,2022-07-08 06:00:00+00:00,42.82
4513,2022-07-08 07:00:00+00:00,38.61
4514,2022-07-08 08:00:00+00:00,35.92
4515,2022-07-08 09:00:00+00:00,35.97
4516,2022-07-08 10:00:00+00:00,38.06
4517,2022-07-08 11:00:00+00:00,50.64
4518,2022-07-08 12:00:00+00:00,46.01
4519,2022-07-08 13:00:00+00:00,47.0
4520,2022-07-08 14:00:00+00:00,48.73
4521,2022-07-08 15:00:00+00:00,59.4
4522,2022-07-08 16:00:00+00:00,75.07
4523,2022-07-08 17:00:00+00:00,141.85
4524,2022-07-08 18:00:00+00:00,270.54
4525,2022-07-08 19:00:00+00:00,399.17
4526,2022-07-08 20:00:00+00:00,527.89
4527,2022-07-08 21:00:00+00:00,469.92
4528,2022-07-08 22:00:00+00:00,270.38
4529,2022-07-08 23:00:00+00:00,186.25
4530,2022-07-09 00:00:00+00:00,213.39
4531,2022-07-09 01:00:00+00:00,160.74
4532,2022-07-09 02:00:00+00:00,89.15
4533,2022-07-09 03:00:00+00:00,60.95
4534,2022-07-09 04:00:00+00:00,54.15
4535,2022-07-09 05:00:00+00:00,53.57
4536,2022-07-09 06:00:00+00:00,47.2
4537,2022-07-09 07:00:00+00:00,40.58
4538,2022-07-09 08:00:00+00:00,37.07
4539,2022-07-09 09:00:00+00:00,36.41
4540,2022-07-09 10:00:00+00:00,36.32
4541,2022-07-09 11:00:00+00:00,39.03
4542,2022-07-09 12:00:00+00:00,40.08
4543,2022-07-09 13:00:00+00:00,40.8
4544,2022-07-09 14:00:00+00:00,45.01
4545,2022-07-09 15:00:00+00:00,55.6
4546,2022-07-09 16:00:00+00:00,70.22
4547,2022-07-09 17:00:00+00:00,103.92
4548,2022-07-09 18:00:00+00:00,183.4
4549,2022-07-09 19:00:00+00:00,238.6
4550,2022-07-09 20:00:00+00:00,344.0
4551,2022-07-09 21:00:00+00:00,379.06
4552,2022-07-09 22:00:00+00:00,288.07
4553,2022-07-09 23:00:00+00:00,188.1
4554,2022-07-10 00:00:00+00:00,200.01
4555,2022-07-10 01:00:00+00:00,168.33
4556,2022-07-10 02:00:00+00:00,94.46
4557,2022-07-10 03:00:00+00:00,68.1
4558,2022-07-10 04:00:00+00:00,59.08
4559,2022-07-10 05:00:00+00:00,55.02
4560,2022-07-10 06:00:00+00:00,48.12
4561,2022-07-10 07:00:00+00:00,41.67
4562,2022-07-10 08:00:00+00:00,37.98
4563,2022-07-10 09:00:00+00:00,37.18
4564,2022-07-10 10:00:00+00:00,38.07
4565,2022-07-10 11:00:00+00:00,43.54
4566,2022-07-10 12:00:00+00:00,44.55
4567,2022-07-10 13:00:00+00:00,44.4
4568,2022-07-10 14:00:00+00:00,52.61
4569,2022-07-10 15:00:00+00:00,57.8
4570,2022-07-10 16:00:00+00:00,73.07
4571,2022-07-10 17:00:00+00:00,104.97
4572,2022-07-10 18:00:00+00:00,190.54
4573,2022-07-10 19:00:00+00:00,356.26
4574,2022-07-10 20:00:00+00:00,546.43
4575,2022-07-10 21:00:00+00:00,630.0
4576,2022-07-10 22:00:00+00:00,491.06
4577,2022-07-10 23:00:00+00:00,270.61
4578,2022-07-11 00:00:00+00:00,295.26
4579,2022-07-11 01:00:00+00:00,196.86
4580,2022-07-11 02:00:00+00:00,84.45
4581,2022-07-11 03:00:00+00:00,62.86
4582,2022-07-11 04:00:00+00:00,54.93
4583,2022-07-11 05:00:00+00:00,51.66
4584,2022-07-11 06:00:00+00:00,46.54
4585,2022-07-11 07:00:00+00:00,41.69
4586,2022-07-11 08:00:00+00:00,38.17
4587,2022-07-11 09:00:00+00:00,38.59
4588,2022-07-11 10:00:00+00:00,40.35
4589,2022-07-11 11:00:00+00:00,47.06
4590,2022-07-11 12:00:00+00:00,50.46
4591,2022-07-11 13:00:00+00:00,54.81
4592,2022-07-11 14:00:00+00:00,60.08
4593,2022-07-11 15:00:00+00:00,69.53
4594,2022-07-11 16:00:00+00:00,95.9
4595,2022-07-11 17:00:00+00:00,311.75
4596,2022-07-11 18:00:00+00:00,851.17
4597,2022-07-11 19:00:00+00:00,1768.23
4598,2022-07-11 20:00:00+00:00,2098.39
4599,2022-07-11 21:00:00+00:00,1916.85
4600,2022-07-11 22:00:00+00:00,1330.01
4601,2022-07-11 23:00:00+00:00,687.64
4602,2022-07-12 00:00:00+00:00,731.29
4603,2022-07-12 01:00:00+00:00,268.8
4604,2022-07-12 02:00:00+00:00,86.94
4605,2022-07-12 03:00:00+00:00,63.87
4606,2022-07-12 04:00:00+00:00,53.23
4607,2022-07-12 05:00:00+00:00,46.95
4608,2022-07-12 06:00:00+00:00,42.41
4609,2022-07-12 07:00:00+00:00,39.98
4610,2022-07-12 08:00:00+00:00,37.32
4611,2022-07-12 09:00:00+00:00,38.27
4612,2022-07-12 10:00:00+00:00,40.88
4613,2022-07-12 11:00:00+00:00,42.66
4614,2022-07-12 12:00:00+00:00,42.7
4615,2022-07-12 13:00:00+00:00,43.34
4616,2022-07-12 14:00:00+00:00,48.25
4617,2022-07-12 15:00:00+00:00,60.38
4618,2022-07-12 16:00:00+00:00,71.65
4619,2022-07-12 17:00:00+00:00,88.16
4620,2022-07-12 18:00:00+00:00,138.11
4621,2022-07-12 19:00:00+00:00,218.79
4622,2022-07-12 20:00:00+00:00,305.36
4623,2022-07-12 21:00:00+00:00,283.2
4624,2022-07-12 22:00:00+00:00,222.12
4625,2022-07-12 23:00:00+00:00,141.55
4626,2022-07-13 00:00:00+00:00,139.07
4627,2022-07-13 01:00:00+00:00,125.31
4628,2022-07-13 02:00:00+00:00,79.29
4629,2022-07-13 03:00:00+00:00,68.29
4630,2022-07-13 04:00:00+00:00,61.02
4631,2022-07-13 05:00:00+00:00,55.54
4632,2022-07-13 06:00:00+00:00,54.05
4633,2022-07-13 07:00:00+00:00,51.24
4634,2022-07-13 08:00:00+00:00,45.86
4635,2022-07-13 09:00:00+00:00,45.53
4636,2022-07-13 10:00:00+00:00,48.48
4637,2022-07-13 11:00:00+00:00,51.86
4638,2022-07-13 12:00:00+00:00,52.09
4639,2022-07-13 13:00:00+00:00,52.85
4640,2022-07-13 14:00:00+00:00,54.67
4641,2022-07-13 15:00:00+00:00,71.96
4642,2022-07-13 16:00:00+00:00,88.59
4643,2022-07-13 17:00:00+00:00,185.64
4644,2022-07-13 18:00:00+00:00,486.49
4645,2022-07-13 19:00:00+00:00,643.09
4646,2022-07-13 20:00:00+00:00,889.35
4647,2022-07-13 21:00:00+00:00,744.36
4648,2022-07-13 22:00:00+00:00,440.05
4649,2022-07-13 23:00:00+00:00,227.4
4650,2022-07-14 00:00:00+00:00,214.88
4651,2022-07-14 01:00:00+00:00,148.09
4652,2022-07-14 02:00:00+00:00,88.23
4653,2022-07-14 03:00:00+00:00,70.27
4654,2022-07-14 04:00:00+00:00,55.68
4655,2022-07-14 05:00:00+00:00,55.73
4656,2022-07-14 06:00:00+00:00,52.73
4657,2022-07-14 07:00:00+00:00,46.78
4658,2022-07-14 08:00:00+00:00,41.88
4659,2022-07-14 09:00:00+00:00,41.95
4660,2022-07-14 10:00:00+00:00,45.49
4661,2022-07-14 11:00:00+00:00,50.19
4662,2022-07-14 12:00:00+00:00,50.68
4663,2022-07-14 13:00:00+00:00,47.17
4664,2022-07-14 14:00:00+00:00,54.07
4665,2022-07-14 15:00:00+00:00,68.29
4666,2022-07-14 16:00:00+00:00,83.41
4667,2022-07-14 17:00:00+00:00,141.05
4668,2022-07-14 18:00:00+00:00,406.45
4669,2022-07-14 19:00:00+00:00,599.68
4670,2022-07-14 20:00:00+00:00,763.21
4671,2022-07-14 21:00:00+00:00,602.54
4672,2022-07-14 22:00:00+00:00,333.38
4673,2022-07-14 23:00:00+00:00,163.61
4674,2022-07-15 00:00:00+00:00,138.94
4675,2022-07-15 01:00:00+00:00,105.39
4676,2022-07-15 02:00:00+00:00,75.44
4677,2022-07-15 03:00:00+00:00,57.64
4678,2022-07-15 04:00:00+00:00,55.82
4679,2022-07-15 05:00:00+00:00,43.75
4680,2022-07-15 06:00:00+00:00,42.15
4681,2022-07-15 07:00:00+00:00,41.22
4682,2022-07-15 08:00:00+00:00,40.35
4683,2022-07-15 09:00:00+00:00,41.06
4684,2022-07-15 10:00:00+00:00,43.04
4685,2022-07-15 11:00:00+00:00,47.61
4686,2022-07-15 12:00:00+00:00,49.24
4687,2022-07-15 13:00:00+00:00,52.55
4688,2022-07-15 14:00:00+00:00,58.74
4689,2022-07-15 15:00:00+00:00,66.51
4690,2022-07-15 16:00:00+00:00,72.25
4691,2022-07-15 17:00:00+00:00,89.75
4692,2022-07-15 18:00:00+00:00,209.81
4693,2022-07-15 19:00:00+00:00,339.38
4694,2022-07-15 20:00:00+00:00,504.78
4695,2022-07-15 21:00:00+00:00,432.48
4696,2022-07-15 22:00:00+00:00,239.56
4697,2022-07-15 23:00:00+00:00,120.38
4698,2022-07-16 00:00:00+00:00,100.7
4699,2022-07-16 01:00:00+00:00,83.62
4700,2022-07-16 02:00:00+00:00,63.78
4701,2022-07-16 03:00:00+00:00,55.01
4702,2022-07-16 04:00:00+00:00,51.06
4703,2022-07-16 05:00:00+00:00,48.02
4704,2022-07-16 06:00:00+00:00,44.76
4705,2022-07-16 07:00:00+00:00,43.47
4706,2022-07-16 08:00:00+00:00,40.82
4707,2022-07-16 09:00:00+00:00,40.6
4708,2022-07-16 10:00:00+00:00,42.09
4709,2022-07-16 11:00:00+00:00,45.09
4710,2022-07-16 12:00:00+00:00,47.25
4711,2022-07-16 13:00:00+00:00,50.0
4712,2022-07-16 14:00:00+00:00,50.08
4713,2022-07-16 15:00:00+00:00,61.15
4714,2022-07-16 16:00:00+00:00,80.3
4715,2022-07-16 17:00:00+00:00,104.99
4716,2022-07-16 18:00:00+00:00,152.64
4717,2022-07-16 19:00:00+00:00,241.61
4718,2022-07-16 20:00:00+00:00,364.23
4719,2022-07-16 21:00:00+00:00,330.71
4720,2022-07-16 22:00:00+00:00,214.43
4721,2022-07-16 23:00:00+00:00,139.98
4722,2022-07-17 00:00:00+00:00,140.99
4723,2022-07-17 01:00:00+00:00,142.49
4724,2022-07-17 02:00:00+00:00,75.13
4725,2022-07-17 03:00:00+00:00,60.06
4726,2022-07-17 04:00:00+00:00,53.35
4727,2022-07-17 05:00:00+00:00,47.0
4728,2022-07-17 06:00:00+00:00,44.57
4729,2022-07-17 07:00:00+00:00,43.51
4730,2022-07-17 08:00:00+00:00,39.31
4731,2022-07-17 09:00:00+00:00,37.34
4732,2022-07-17 10:00:00+00:00,39.18
4733,2022-07-17 11:00:00+00:00,41.7
4734,2022-07-17 12:00:00+00:00,44.17
4735,2022-07-17 13:00:00+00:00,45.96
4736,2022-07-17 14:00:00+00:00,44.34
4737,2022-07-17 15:00:00+00:00,55.01
4738,2022-07-17 16:00:00+00:00,66.95
4739,2022-07-17 17:00:00+00:00,92.31
4740,2022-07-17 18:00:00+00:00,174.44
4741,2022-07-17 19:00:00+00:00,269.73
4742,2022-07-17 20:00:00+00:00,400.71
4743,2022-07-17 21:00:00+00:00,458.82
4744,2022-07-17 22:00:00+00:00,290.71
4745,2022-07-17 23:00:00+00:00,240.78
4746,2022-07-18 00:00:00+00:00,240.64
4747,2022-07-18 01:00:00+00:00,167.11
4748,2022-07-18 02:00:00+00:00,87.88
4749,2022-07-18 03:00:00+00:00,62.93
4750,2022-07-18 04:00:00+00:00,55.73
4751,2022-07-18 05:00:00+00:00,48.21
4752,2022-07-18 06:00:00+00:00,43.26
4753,2022-07-18 07:00:00+00:00,42.3
4754,2022-07-18 08:00:00+00:00,39.16
4755,2022-07-18 09:00:00+00:00,39.33
4756,2022-07-18 10:00:00+00:00,41.12
4757,2022-07-18 11:00:00+00:00,45.28
4758,2022-07-18 12:00:00+00:00,45.71
4759,2022-07-18 13:00:00+00:00,50.3
4760,2022-07-18 14:00:00+00:00,47.59
4761,2022-07-18 15:00:00+00:00,59.74
4762,2022-07-18 16:00:00+00:00,74.67
4763,2022-07-18 17:00:00+00:00,157.0
4764,2022-07-18 18:00:00+00:00,396.25
4765,2022-07-18 19:00:00+00:00,808.88
4766,2022-07-18 20:00:00+00:00,1449.31
4767,2022-07-18 21:00:00+00:00,1415.64
4768,2022-07-18 22:00:00+00:00,795.56
4769,2022-07-18 23:00:00+00:00,429.37
4770,2022-07-19 00:00:00+00:00,384.63
4771,2022-07-19 01:00:00+00:00,199.47
4772,2022-07-19 02:00:00+00:00,90.15
4773,2022-07-19 03:00:00+00:00,61.59
4774,2022-07-19 04:00:00+00:00,55.23
4775,2022-07-19 05:00:00+00:00,54.84
4776,2022-07-19 06:00:00+00:00,46.2
4777,2022-07-19 07:00:00+00:00,42.61
4778,2022-07-19 08:00:00+00:00,38.59
4779,2022-07-19 09:00:00+00:00,38.36
4780,2022-07-19 10:00:00+00:00,40.83
4781,2022-07-19 11:00:00+00:00,44.67
4782,2022-07-19 12:00:00+00:00,44.64
4783,2022-07-19 13:00:00+00:00,45.0
4784,2022-07-19 14:00:00+00:00,44.96
4785,2022-07-19 15:00:00+00:00,52.21
4786,2022-07-19 16:00:00+00:00,60.38
4787,2022-07-19 17:00:00+00:00,79.26
4788,2022-07-19 18:00:00+00:00,104.4
4789,2022-07-19 19:00:00+00:00,270.91
4790,2022-07-19 20:00:00+00:00,623.41
4791,2022-07-19 21:00:00+00:00,644.11
4792,2022-07-19 22:00:00+00:00,453.14
4793,2022-07-19 23:00:00+00:00,339.51
4794,2022-07-20 00:00:00+00:00,284.46
4795,2022-07-20 01:00:00+00:00,214.73
4796,2022-07-20 02:00:00+00:00,82.93
4797,2022-07-20 03:00:00+00:00,68.58
4798,2022-07-20 04:00:00+00:00,56.32
4799,2022-07-20 05:00:00+00:00,51.12
4800,2022-07-20 06:00:00+00:00,44.32
4801,2022-07-20 07:00:00+00:00,41.04
4802,2022-07-20 08:00:00+00:00,36.95
4803,2022-07-20 09:00:00+00:00,36.73
4804,2022-07-20 10:00:00+00:00,40.37
4805,2022-07-20 11:00:00+00:00,46.63
4806,2022-07-20 12:00:00+00:00,51.8
4807,2022-07-20 13:00:00+00:00,54.06
4808,2022-07-20 14:00:00+00:00,54.73
4809,2022-07-20 15:00:00+00:00,60.54
4810,2022-07-20 16:00:00+00:00,78.5
4811,2022-07-20 17:00:00+00:00,100.0
4812,2022-07-20 18:00:00+00:00,162.74
4813,2022-07-20 19:00:00+00:00,339.91
4814,2022-07-20 20:00:00+00:00,595.42
4815,2022-07-20 21:00:00+00:00,663.49
4816,2022-07-20 22:00:00+00:00,471.49
4817,2022-07-20 23:00:00+00:00,363.29
4818,2022-07-21 00:00:00+00:00,311.02
4819,2022-07-21 01:00:00+00:00,200.98
4820,2022-07-21 02:00:00+00:00,103.18
4821,2022-07-21 03:00:00+00:00,70.68
4822,2022-07-21 04:00:00+00:00,65.46
4823,2022-07-21 05:00:00+00:00,54.52
4824,2022-07-21 06:00:00+00:00,51.13
4825,2022-07-21 07:00:00+00:00,51.97
4826,2022-07-21 08:00:00+00:00,48.89
4827,2022-07-21 09:00:00+00:00,50.3
4828,2022-07-21 10:00:00+00:00,52.82
4829,2022-07-21 11:00:00+00:00,53.87
4830,2022-07-21 12:00:00+00:00,58.3
4831,2022-07-21 13:00:00+00:00,53.21
4832,2022-07-21 14:00:00+00:00,55.98
4833,2022-07-21 15:00:00+00:00,67.19
4834,2022-07-21 16:00:00+00:00,76.96
4835,2022-07-21 17:00:00+00:00,87.44
4836,2022-07-21 18:00:00+00:00,94.26
4837,2022-07-21 19:00:00+00:00,125.7
4838,2022-07-21 20:00:00+00:00,165.21
4839,2022-07-21 21:00:00+00:00,170.55
4840,2022-07-21 22:00:00+00:00,155.77
4841,2022-07-21 23:00:00+00:00,123.09
4842,2022-07-22 00:00:00+00:00,119.2
4843,2022-07-22 01:00:00+00:00,102.76
4844,2022-07-22 02:00:00+00:00,77.44
4845,2022-07-22 03:00:00+00:00,69.28
4846,2022-07-22 04:00:00+00:00,64.76
4847,2022-07-22 05:00:00+00:00,56.85
4848,2022-07-22 06:00:00+00:00,55.64
4849,2022-07-22 07:00:00+00:00,50.74
4850,2022-07-22 08:00:00+00:00,47.28
4851,2022-07-22 09:00:00+00:00,47.05
4852,2022-07-22 10:00:00+00:00,49.65
4853,2022-07-22 11:00:00+00:00,56.19
4854,2022-07-22 12:00:00+00:00,57.48
4855,2022-07-22 13:00:00+00:00,59.03
4856,2022-07-22 14:00:00+00:00,58.83
4857,2022-07-22 15:00:00+00:00,69.29
4858,2022-07-22 16:00:00+00:00,83.55
4859,2022-07-22 17:00:00+00:00,100.61
4860,2022-07-22 18:00:00+00:00,110.89
4861,2022-07-22 19:00:00+00:00,162.95
4862,2022-07-22 20:00:00+00:00,200.78
4863,2022-07-22 21:00:00+00:00,204.83
4864,2022-07-22 22:00:00+00:00,159.68
4865,2022-07-22 23:00:00+00:00,126.58
4866,2022-07-23 00:00:00+00:00,115.48
4867,2022-07-23 01:00:00+00:00,92.98
4868,2022-07-23 02:00:00+00:00,76.07
4869,2022-07-23 03:00:00+00:00,62.02
4870,2022-07-23 04:00:00+00:00,53.66
4871,2022-07-23 05:00:00+00:00,59.89
4872,2022-07-23 06:00:00+00:00,52.05
4873,2022-07-23 07:00:00+00:00,50.49
4874,2022-07-23 08:00:00+00:00,48.02
4875,2022-07-23 09:00:00+00:00,45.28
4876,2022-07-23 10:00:00+00:00,45.0
4877,2022-07-23 11:00:00+00:00,52.04
4878,2022-07-23 12:00:00+00:00,51.37
4879,2022-07-23 13:00:00+00:00,52.94
4880,2022-07-23 14:00:00+00:00,54.41
4881,2022-07-23 15:00:00+00:00,60.94
4882,2022-07-23 16:00:00+00:00,69.82
4883,2022-07-23 17:00:00+00:00,85.24
4884,2022-07-23 18:00:00+00:00,92.83
4885,2022-07-23 19:00:00+00:00,128.16
4886,2022-07-23 20:00:00+00:00,136.48
4887,2022-07-23 21:00:00+00:00,130.4
4888,2022-07-23 22:00:00+00:00,116.69
4889,2022-07-23 23:00:00+00:00,96.5
4890,2022-07-24 00:00:00+00:00,95.21
4891,2022-07-24 01:00:00+00:00,94.47
4892,2022-07-24 02:00:00+00:00,80.22
4893,2022-07-24 03:00:00+00:00,69.01
4894,2022-07-24 04:00:00+00:00,55.36
4895,2022-07-24 05:00:00+00:00,61.97
4896,2022-07-24 06:00:00+00:00,54.8
4897,2022-07-24 07:00:00+00:00,49.47
4898,2022-07-24 08:00:00+00:00,45.02
4899,2022-07-24 09:00:00+00:00,44.63
4900,2022-07-24 10:00:00+00:00,43.25
4901,2022-07-24 11:00:00+00:00,52.03
4902,2022-07-24 12:00:00+00:00,49.12
4903,2022-07-24 13:00:00+00:00,49.62
4904,2022-07-24 14:00:00+00:00,50.74
4905,2022-07-24 15:00:00+00:00,57.56
4906,2022-07-24 16:00:00+00:00,62.75
4907,2022-07-24 17:00:00+00:00,79.87
4908,2022-07-24 18:00:00+00:00,93.85
4909,2022-07-24 19:00:00+00:00,102.85
4910,2022-07-24 20:00:00+00:00,116.14
4911,2022-07-24 21:00:00+00:00,120.46
4912,2022-07-24 22:00:00+00:00,112.61
4913,2022-07-24 23:00:00+00:00,94.41
4914,2022-07-25 00:00:00+00:00,102.46
4915,2022-07-25 01:00:00+00:00,103.43
4916,2022-07-25 02:00:00+00:00,88.23
4917,2022-07-25 03:00:00+00:00,70.95
4918,2022-07-25 04:00:00+00:00,62.73
4919,2022-07-25 05:00:00+00:00,60.43
4920,2022-07-25 06:00:00+00:00,56.57
4921,2022-07-25 07:00:00+00:00,50.29
4922,2022-07-25 08:00:00+00:00,45.8
4923,2022-07-25 09:00:00+00:00,47.53
4924,2022-07-25 10:00:00+00:00,50.84
4925,2022-07-25 11:00:00+00:00,57.53
4926,2022-07-25 12:00:00+00:00,56.22
4927,2022-07-25 13:00:00+00:00,55.63
4928,2022-07-25 14:00:00+00:00,55.09
4929,2022-07-25 15:00:00+00:00,68.2
4930,2022-07-25 16:00:00+00:00,79.27
4931,2022-07-25 17:00:00+00:00,101.46
4932,2022-07-25 18:00:00+00:00,104.54
4933,2022-07-25 19:00:00+00:00,149.38
4934,2022-07-25 20:00:00+00:00,188.35
4935,2022-07-25 21:00:00+00:00,181.4
4936,2022-07-25 22:00:00+00:00,160.27
4937,2022-07-25 23:00:00+00:00,120.42
4938,2022-07-26 00:00:00+00:00,106.77
4939,2022-07-26 01:00:00+00:00,99.89
4940,2022-07-26 02:00:00+00:00,82.95
4941,2022-07-26 03:00:00+00:00,72.24
4942,2022-07-26 04:00:00+00:00,64.59
4943,2022-07-26 05:00:00+00:00,56.21
4944,2022-07-26 06:00:00+00:00,53.48
4945,2022-07-26 07:00:00+00:00,50.63
4946,2022-07-26 08:00:00+00:00,45.72
4947,2022-07-26 09:00:00+00:00,45.69
4948,2022-07-26 10:00:00+00:00,48.77
4949,2022-07-26 11:00:00+00:00,56.14
4950,2022-07-26 12:00:00+00:00,54.73
4951,2022-07-26 13:00:00+00:00,53.27
4952,2022-07-26 14:00:00+00:00,56.29
4953,2022-07-26 15:00:00+00:00,66.51
4954,2022-07-26 16:00:00+00:00,79.63
4955,2022-07-26 17:00:00+00:00,96.22
4956,2022-07-26 18:00:00+00:00,110.36
4957,2022-07-26 19:00:00+00:00,154.99
4958,2022-07-26 20:00:00+00:00,181.05
4959,2022-07-26 21:00:00+00:00,173.43
4960,2022-07-26 22:00:00+00:00,141.98
4961,2022-07-26 23:00:00+00:00,112.12
4962,2022-07-27 00:00:00+00:00,108.78
4963,2022-07-27 01:00:00+00:00,101.63
4964,2022-07-27 02:00:00+00:00,82.47
4965,2022-07-27 03:00:00+00:00,69.08
4966,2022-07-27 04:00:00+00:00,60.94
4967,2022-07-27 05:00:00+00:00,59.36
4968,2022-07-27 06:00:00+00:00,55.03
4969,2022-07-27 07:00:00+00:00,50.78
4970,2022-07-27 08:00:00+00:00,47.75
4971,2022-07-27 09:00:00+00:00,48.65
4972,2022-07-27 10:00:00+00:00,51.66
4973,2022-07-27 11:00:00+00:00,59.26
4974,2022-07-27 12:00:00+00:00,60.57
4975,2022-07-27 13:00:00+00:00,57.94
4976,2022-07-27 14:00:00+00:00,56.19
4977,2022-07-27 15:00:00+00:00,67.79
4978,2022-07-27 16:00:00+00:00,93.34
4979,2022-07-27 17:00:00+00:00,111.27
4980,2022-07-27 18:00:00+00:00,127.28
4981,2022-07-27 19:00:00+00:00,167.27
4982,2022-07-27 20:00:00+00:00,207.22
4983,2022-07-27 21:00:00+00:00,160.53
4984,2022-07-27 22:00:00+00:00,133.35
4985,2022-07-27 23:00:00+00:00,105.37
4986,2022-07-28 00:00:00+00:00,106.47
4987,2022-07-28 01:00:00+00:00,108.53
4988,2022-07-28 02:00:00+00:00,90.79
4989,2022-07-28 03:00:00+00:00,72.37
4990,2022-07-28 04:00:00+00:00,67.63
4991,2022-07-28 05:00:00+00:00,67.21
4992,2022-07-28 06:00:00+00:00,56.51
4993,2022-07-28 07:00:00+00:00,57.0
4994,2022-07-28 08:00:00+00:00,53.26
4995,2022-07-28 09:00:00+00:00,55.64
4996,2022-07-28 10:00:00+00:00,59.11
4997,2022-07-28 11:00:00+00:00,62.84
4998,2022-07-28 12:00:00+00:00,68.9
4999,2022-07-28 13:00:00+00:00,64.68
5000,2022-07-28 14:00:00+00:00,64.5
5001,2022-07-28 15:00:00+00:00,71.78
5002,2022-07-28 16:00:00+00:00,90.32
5003,2022-07-28 17:00:00+00:00,111.34
5004,2022-07-28 18:00:00+00:00,156.0
5005,2022-07-28 19:00:00+00:00,202.68
5006,2022-07-28 20:00:00+00:00,230.53
5007,2022-07-28 21:00:00+00:00,184.5
5008,2022-07-28 22:00:00+00:00,143.68
5009,2022-07-28 23:00:00+00:00,125.72
5010,2022-07-29 00:00:00+00:00,136.08
5011,2022-07-29 01:00:00+00:00,123.5
5012,2022-07-29 02:00:00+00:00,92.46
5013,2022-07-29 03:00:00+00:00,74.46
5014,2022-07-29 04:00:00+00:00,68.91
5015,2022-07-29 05:00:00+00:00,68.96
5016,2022-07-29 06:00:00+00:00,61.21
5017,2022-07-29 07:00:00+00:00,57.75
5018,2022-07-29 08:00:00+00:00,55.52
5019,2022-07-29 09:00:00+00:00,57.45
5020,2022-07-29 10:00:00+00:00,60.53
5021,2022-07-29 11:00:00+00:00,66.02
5022,2022-07-29 12:00:00+00:00,75.15
5023,2022-07-29 13:00:00+00:00,72.92
5024,2022-07-29 14:00:00+00:00,68.33
5025,2022-07-29 15:00:00+00:00,73.41
5026,2022-07-29 16:00:00+00:00,92.18
5027,2022-07-29 17:00:00+00:00,109.6
5028,2022-07-29 18:00:00+00:00,146.57
5029,2022-07-29 19:00:00+00:00,178.63
5030,2022-07-29 20:00:00+00:00,197.95
5031,2022-07-29 21:00:00+00:00,162.63
5032,2022-07-29 22:00:00+00:00,131.52
5033,2022-07-29 23:00:00+00:00,109.88
5034,2022-07-30 00:00:00+00:00,115.92
5035,2022-07-30 01:00:00+00:00,112.7
5036,2022-07-30 02:00:00+00:00,91.57
5037,2022-07-30 03:00:00+00:00,82.45
5038,2022-07-30 04:00:00+00:00,77.23
5039,2022-07-30 05:00:00+00:00,69.98
5040,2022-07-30 06:00:00+00:00,63.0
5041,2022-07-30 07:00:00+00:00,57.76
5042,2022-07-30 08:00:00+00:00,56.19
5043,2022-07-30 09:00:00+00:00,56.0
5044,2022-07-30 10:00:00+00:00,57.09
5045,2022-07-30 11:00:00+00:00,55.56
5046,2022-07-30 12:00:00+00:00,57.12
5047,2022-07-30 13:00:00+00:00,60.65
5048,2022-07-30 14:00:00+00:00,60.65
5049,2022-07-30 15:00:00+00:00,66.75
5050,2022-07-30 16:00:00+00:00,81.81
5051,2022-07-30 17:00:00+00:00,91.54
5052,2022-07-30 18:00:00+00:00,108.64
5053,2022-07-30 19:00:00+00:00,133.24
5054,2022-07-30 20:00:00+00:00,154.69
5055,2022-07-30 21:00:00+00:00,146.11
5056,2022-07-30 22:00:00+00:00,129.46
5057,2022-07-30 23:00:00+00:00,110.42
5058,2022-07-31 00:00:00+00:00,106.47
5059,2022-07-31 01:00:00+00:00,108.08
5060,2022-07-31 02:00:00+00:00,86.17
5061,2022-07-31 03:00:00+00:00,69.85
5062,2022-07-31 04:00:00+00:00,68.53
5063,2022-07-31 05:00:00+00:00,65.88
5064,2022-07-31 06:00:00+00:00,65.7
5065,2022-07-31 07:00:00+00:00,56.87
5066,2022-07-31 08:00:00+00:00,54.76
5067,2022-07-31 09:00:00+00:00,53.25
5068,2022-07-31 10:00:00+00:00,51.87
5069,2022-07-31 11:00:00+00:00,57.0
5070,2022-07-31 12:00:00+00:00,55.84
5071,2022-07-31 13:00:00+00:00,57.58
5072,2022-07-31 14:00:00+00:00,60.65
5073,2022-07-31 15:00:00+00:00,62.31
5074,2022-07-31 16:00:00+00:00,73.95
5075,2022-07-31 17:00:00+00:00,83.85
5076,2022-07-31 18:00:00+00:00,94.77
5077,2022-07-31 19:00:00+00:00,108.41
5078,2022-07-31 20:00:00+00:00,136.5
5079,2022-07-31 21:00:00+00:00,137.52
5080,2022-07-31 22:00:00+00:00,130.47
5081,2022-07-31 23:00:00+00:00,113.25
5082,2022-08-01 00:00:00+00:00,107.04
5083,2022-08-01 01:00:00+00:00,99.73
5084,2022-08-01 02:00:00+00:00,79.98
5085,2022-08-01 03:00:00+00:00,67.42
5086,2022-08-01 04:00:00+00:00,64.39
5087,2022-08-01 05:00:00+00:00,65.54
5088,2022-08-01 06:00:00+00:00,66.05
5089,2022-08-01 07:00:00+00:00,59.62
5090,2022-08-01 08:00:00+00:00,52.58
5091,2022-08-01 09:00:00+00:00,52.88
5092,2022-08-01 10:00:00+00:00,58.29
5093,2022-08-01 11:00:00+00:00,63.17
5094,2022-08-01 12:00:00+00:00,64.16
5095,2022-08-01 13:00:00+00:00,65.54
5096,2022-08-01 14:00:00+00:00,64.26
5097,2022-08-01 15:00:00+00:00,69.19
5098,2022-08-01 16:00:00+00:00,80.48
5099,2022-08-01 17:00:00+00:00,94.72
5100,2022-08-01 18:00:00+00:00,107.43
5101,2022-08-01 19:00:00+00:00,134.78
5102,2022-08-01 20:00:00+00:00,142.36
5103,2022-08-01 21:00:00+00:00,130.94
5104,2022-08-01 22:00:00+00:00,118.35
5105,2022-08-01 23:00:00+00:00,106.23
5106,2022-08-02 00:00:00+00:00,107.1
5107,2022-08-02 01:00:00+00:00,96.67
5108,2022-08-02 02:00:00+00:00,81.73
5109,2022-08-02 03:00:00+00:00,64.76
5110,2022-08-02 04:00:00+00:00,64.69
5111,2022-08-02 05:00:00+00:00,60.93
5112,2022-08-02 06:00:00+00:00,55.7
5113,2022-08-02 07:00:00+00:00,52.27
5114,2022-08-02 08:00:00+00:00,50.04
5115,2022-08-02 09:00:00+00:00,48.37
5116,2022-08-02 10:00:00+00:00,51.62
5117,2022-08-02 11:00:00+00:00,57.03
5118,2022-08-02 12:00:00+00:00,57.14
5119,2022-08-02 13:00:00+00:00,56.79
5120,2022-08-02 14:00:00+00:00,55.74
5121,2022-08-02 15:00:00+00:00,57.46
5122,2022-08-02 16:00:00+00:00,66.02
5123,2022-08-02 17:00:00+00:00,81.97
5124,2022-08-02 18:00:00+00:00,100.48
5125,2022-08-02 19:00:00+00:00,99.64
5126,2022-08-02 20:00:00+00:00,118.22
5127,2022-08-02 21:00:00+00:00,108.7
5128,2022-08-02 22:00:00+00:00,103.77
5129,2022-08-02 23:00:00+00:00,93.01
5130,2022-08-03 00:00:00+00:00,95.5
5131,2022-08-03 01:00:00+00:00,90.92
5132,2022-08-03 02:00:00+00:00,77.13
5133,2022-08-03 03:00:00+00:00,60.93
5134,2022-08-03 04:00:00+00:00,60.33
5135,2022-08-03 05:00:00+00:00,57.22
5136,2022-08-03 06:00:00+00:00,54.2
5137,2022-08-03 07:00:00+00:00,47.91
5138,2022-08-03 08:00:00+00:00,43.42
5139,2022-08-03 09:00:00+00:00,42.74
5140,2022-08-03 10:00:00+00:00,47.52
5141,2022-08-03 11:00:00+00:00,49.09
5142,2022-08-03 12:00:00+00:00,49.52
5143,2022-08-03 13:00:00+00:00,51.31
5144,2022-08-03 14:00:00+00:00,57.08
5145,2022-08-03 15:00:00+00:00,56.43
5146,2022-08-03 16:00:00+00:00,67.15
5147,2022-08-03 17:00:00+00:00,82.98
5148,2022-08-03 18:00:00+00:00,96.93
5149,2022-08-03 19:00:00+00:00,111.39
5150,2022-08-03 20:00:00+00:00,136.07
5151,2022-08-03 21:00:00+00:00,151.15
5152,2022-08-03 22:00:00+00:00,146.19
5153,2022-08-03 23:00:00+00:00,138.45
5154,2022-08-04 00:00:00+00:00,163.32
5155,2022-08-04 01:00:00+00:00,117.32
5156,2022-08-04 02:00:00+00:00,86.59
5157,2022-08-04 03:00:00+00:00,67.94
5158,2022-08-04 04:00:00+00:00,63.89
5159,2022-08-04 05:00:00+00:00,56.81
5160,2022-08-04 06:00:00+00:00,53.4
5161,2022-08-04 07:00:00+00:00,48.7
5162,2022-08-04 08:00:00+00:00,46.47
5163,2022-08-04 09:00:00+00:00,48.69
5164,2022-08-04 10:00:00+00:00,52.05
5165,2022-08-04 11:00:00+00:00,60.29
5166,2022-08-04 12:00:00+00:00,57.31
5167,2022-08-04 13:00:00+00:00,53.23
5168,2022-08-04 14:00:00+00:00,56.3
5169,2022-08-04 15:00:00+00:00,69.23
5170,2022-08-04 16:00:00+00:00,91.74
5171,2022-08-04 17:00:00+00:00,108.05
5172,2022-08-04 18:00:00+00:00,163.88
5173,2022-08-04 19:00:00+00:00,285.21
5174,2022-08-04 20:00:00+00:00,342.58
5175,2022-08-04 21:00:00+00:00,378.57
5176,2022-08-04 22:00:00+00:00,317.7
5177,2022-08-04 23:00:00+00:00,219.85
5178,2022-08-05 00:00:00+00:00,218.65
5179,2022-08-05 01:00:00+00:00,161.0
5180,2022-08-05 02:00:00+00:00,99.97
5181,2022-08-05 03:00:00+00:00,75.94
5182,2022-08-05 04:00:00+00:00,71.45
5183,2022-08-05 05:00:00+00:00,62.74
5184,2022-08-05 06:00:00+00:00,55.58
5185,2022-08-05 07:00:00+00:00,52.54
5186,2022-08-05 08:00:00+00:00,48.81
5187,2022-08-05 09:00:00+00:00,49.11
5188,2022-08-05 10:00:00+00:00,52.42
5189,2022-08-05 11:00:00+00:00,59.91
5190,2022-08-05 12:00:00+00:00,61.01
5191,2022-08-05 13:00:00+00:00,65.07
5192,2022-08-05 14:00:00+00:00,69.66
5193,2022-08-05 15:00:00+00:00,74.83
5194,2022-08-05 16:00:00+00:00,91.74
5195,2022-08-05 17:00:00+00:00,105.85
5196,2022-08-05 18:00:00+00:00,140.2
5197,2022-08-05 19:00:00+00:00,179.06
5198,2022-08-05 20:00:00+00:00,210.13
5199,2022-08-05 21:00:00+00:00,194.08
5200,2022-08-05 22:00:00+00:00,163.23
5201,2022-08-05 23:00:00+00:00,123.81
5202,2022-08-06 00:00:00+00:00,138.34
5203,2022-08-06 01:00:00+00:00,106.19
5204,2022-08-06 02:00:00+00:00,85.03
5205,2022-08-06 03:00:00+00:00,69.44
5206,2022-08-06 04:00:00+00:00,65.69
5207,2022-08-06 05:00:00+00:00,56.09
5208,2022-08-06 06:00:00+00:00,52.72
5209,2022-08-06 07:00:00+00:00,51.59
5210,2022-08-06 08:00:00+00:00,48.38
5211,2022-08-06 09:00:00+00:00,48.29
5212,2022-08-06 10:00:00+00:00,49.67
5213,2022-08-06 11:00:00+00:00,54.82
5214,2022-08-06 12:00:00+00:00,57.69
5215,2022-08-06 13:00:00+00:00,62.71
5216,2022-08-06 14:00:00+00:00,55.18
5217,2022-08-06 15:00:00+00:00,60.1
5218,2022-08-06 16:00:00+00:00,73.21
5219,2022-08-06 17:00:00+00:00,94.41
5220,2022-08-06 18:00:00+00:00,105.78
5221,2022-08-06 19:00:00+00:00,107.5
5222,2022-08-06 20:00:00+00:00,106.64
5223,2022-08-06 21:00:00+00:00,104.51
5224,2022-08-06 22:00:00+00:00,94.11
5225,2022-08-06 23:00:00+00:00,91.47
5226,2022-08-07 00:00:00+00:00,85.6
5227,2022-08-07 01:00:00+00:00,80.83
5228,2022-08-07 02:00:00+00:00,69.64
5229,2022-08-07 03:00:00+00:00,59.86
5230,2022-08-07 04:00:00+00:00,55.91
5231,2022-08-07 05:00:00+00:00,55.33
5232,2022-08-07 06:00:00+00:00,49.17
5233,2022-08-07 07:00:00+00:00,47.56
5234,2022-08-07 08:00:00+00:00,46.3
5235,2022-08-07 09:00:00+00:00,47.01
5236,2022-08-07 10:00:00+00:00,48.57
5237,2022-08-07 11:00:00+00:00,51.51
5238,2022-08-07 12:00:00+00:00,53.09
5239,2022-08-07 13:00:00+00:00,54.4
5240,2022-08-07 14:00:00+00:00,57.17
5241,2022-08-07 15:00:00+00:00,59.38
5242,2022-08-07 16:00:00+00:00,68.72
5243,2022-08-07 17:00:00+00:00,79.35
5244,2022-08-07 18:00:00+00:00,89.09
5245,2022-08-07 19:00:00+00:00,97.55
5246,2022-08-07 20:00:00+00:00,112.84
5247,2022-08-07 21:00:00+00:00,125.92
5248,2022-08-07 22:00:00+00:00,121.92
5249,2022-08-07 23:00:00+00:00,105.29
5250,2022-08-08 00:00:00+00:00,111.08
5251,2022-08-08 01:00:00+00:00,91.19
5252,2022-08-08 02:00:00+00:00,79.98
5253,2022-08-08 03:00:00+00:00,65.03
5254,2022-08-08 04:00:00+00:00,60.53
5255,2022-08-08 05:00:00+00:00,54.98
5256,2022-08-08 06:00:00+00:00,49.3
5257,2022-08-08 07:00:00+00:00,45.81
5258,2022-08-08 08:00:00+00:00,45.85
5259,2022-08-08 09:00:00+00:00,47.07
5260,2022-08-08 10:00:00+00:00,50.86
5261,2022-08-08 11:00:00+00:00,55.92
5262,2022-08-08 12:00:00+00:00,59.8
5263,2022-08-08 13:00:00+00:00,60.16
5264,2022-08-08 14:00:00+00:00,62.61
5265,2022-08-08 15:00:00+00:00,70.58
5266,2022-08-08 16:00:00+00:00,87.01
5267,2022-08-08 17:00:00+00:00,108.8
5268,2022-08-08 18:00:00+00:00,176.15
5269,2022-08-08 19:00:00+00:00,209.82
5270,2022-08-08 20:00:00+00:00,249.1
5271,2022-08-08 21:00:00+00:00,244.07
5272,2022-08-08 22:00:00+00:00,203.88
5273,2022-08-08 23:00:00+00:00,178.73
5274,2022-08-09 00:00:00+00:00,175.59
5275,2022-08-09 01:00:00+00:00,123.28
5276,2022-08-09 02:00:00+00:00,87.21
5277,2022-08-09 03:00:00+00:00,74.94
5278,2022-08-09 04:00:00+00:00,67.7
5279,2022-08-09 05:00:00+00:00,65.02
5280,2022-08-09 06:00:00+00:00,55.81
5281,2022-08-09 07:00:00+00:00,50.4
5282,2022-08-09 08:00:00+00:00,48.43
5283,2022-08-09 09:00:00+00:00,49.01
5284,2022-08-09 10:00:00+00:00,52.2
5285,2022-08-09 11:00:00+00:00,60.26
5286,2022-08-09 12:00:00+00:00,64.71
5287,2022-08-09 13:00:00+00:00,60.5
5288,2022-08-09 14:00:00+00:00,68.33
5289,2022-08-09 15:00:00+00:00,77.7
5290,2022-08-09 16:00:00+00:00,96.9
5291,2022-08-09 17:00:00+00:00,121.09
5292,2022-08-09 18:00:00+00:00,200.4
5293,2022-08-09 19:00:00+00:00,247.02
5294,2022-08-09 20:00:00+00:00,280.33
5295,2022-08-09 21:00:00+00:00,303.35
5296,2022-08-09 22:00:00+00:00,251.44
5297,2022-08-09 23:00:00+00:00,177.93
5298,2022-08-10 00:00:00+00:00,174.05
5299,2022-08-10 01:00:00+00:00,145.42
5300,2022-08-10 02:00:00+00:00,101.99
5301,2022-08-10 03:00:00+00:00,78.61
5302,2022-08-10 04:00:00+00:00,71.99
5303,2022-08-10 05:00:00+00:00,68.12
5304,2022-08-10 06:00:00+00:00,60.5
5305,2022-08-10 07:00:00+00:00,55.8
5306,2022-08-10 08:00:00+00:00,55.63
5307,2022-08-10 09:00:00+00:00,54.97
5308,2022-08-10 10:00:00+00:00,58.0
5309,2022-08-10 11:00:00+00:00,70.02
5310,2022-08-10 12:00:00+00:00,69.91
5311,2022-08-10 13:00:00+00:00,70.14
5312,2022-08-10 14:00:00+00:00,69.15
5313,2022-08-10 15:00:00+00:00,81.61
5314,2022-08-10 16:00:00+00:00,92.57
5315,2022-08-10 17:00:00+00:00,124.59
5316,2022-08-10 18:00:00+00:00,205.9
5317,2022-08-10 19:00:00+00:00,281.73
5318,2022-08-10 20:00:00+00:00,401.35
5319,2022-08-10 21:00:00+00:00,453.89
5320,2022-08-10 22:00:00+00:00,384.16
5321,2022-08-10 23:00:00+00:00,295.65
5322,2022-08-11 00:00:00+00:00,270.01
5323,2022-08-11 01:00:00+00:00,207.95
5324,2022-08-11 02:00:00+00:00,131.01
5325,2022-08-11 03:00:00+00:00,85.9
5326,2022-08-11 04:00:00+00:00,81.82
5327,2022-08-11 05:00:00+00:00,73.11
5328,2022-08-11 06:00:00+00:00,68.31
5329,2022-08-11 07:00:00+00:00,62.9
5330,2022-08-11 08:00:00+00:00,59.06
5331,2022-08-11 09:00:00+00:00,59.42
5332,2022-08-11 10:00:00+00:00,67.34
5333,2022-08-11 11:00:00+00:00,84.59
5334,2022-08-11 12:00:00+00:00,86.32
5335,2022-08-11 13:00:00+00:00,82.64
5336,2022-08-11 14:00:00+00:00,82.05
5337,2022-08-11 15:00:00+00:00,85.72
5338,2022-08-11 16:00:00+00:00,99.73
5339,2022-08-11 17:00:00+00:00,111.87
5340,2022-08-11 18:00:00+00:00,206.08
5341,2022-08-11 19:00:00+00:00,231.91
5342,2022-08-11 20:00:00+00:00,286.07
5343,2022-08-11 21:00:00+00:00,273.99
5344,2022-08-11 22:00:00+00:00,177.83
5345,2022-08-11 23:00:00+00:00,149.14
5346,2022-08-12 00:00:00+00:00,158.77
5347,2022-08-12 01:00:00+00:00,137.27
5348,2022-08-12 02:00:00+00:00,87.28
5349,2022-08-12 03:00:00+00:00,77.63
5350,2022-08-12 04:00:00+00:00,74.48
5351,2022-08-12 05:00:00+00:00,68.14
5352,2022-08-12 06:00:00+00:00,61.51
5353,2022-08-12 07:00:00+00:00,58.41
5354,2022-08-12 08:00:00+00:00,58.43
5355,2022-08-12 09:00:00+00:00,60.02
5356,2022-08-12 10:00:00+00:00,66.14
5357,2022-08-12 11:00:00+00:00,75.99
5358,2022-08-12 12:00:00+00:00,75.52
5359,2022-08-12 13:00:00+00:00,74.68
5360,2022-08-12 14:00:00+00:00,73.66
5361,2022-08-12 15:00:00+00:00,85.01
5362,2022-08-12 16:00:00+00:00,89.72
5363,2022-08-12 17:00:00+00:00,108.96
5364,2022-08-12 18:00:00+00:00,184.87
5365,2022-08-12 19:00:00+00:00,205.88
5366,2022-08-12 20:00:00+00:00,217.07
5367,2022-08-12 21:00:00+00:00,201.87
5368,2022-08-12 22:00:00+00:00,145.63
5369,2022-08-12 23:00:00+00:00,127.4
5370,2022-08-13 00:00:00+00:00,136.8
5371,2022-08-13 01:00:00+00:00,104.9
5372,2022-08-13 02:00:00+00:00,86.92
5373,2022-08-13 03:00:00+00:00,76.69
5374,2022-08-13 04:00:00+00:00,71.09
5375,2022-08-13 05:00:00+00:00,69.94
5376,2022-08-13 06:00:00+00:00,63.64
5377,2022-08-13 07:00:00+00:00,61.61
5378,2022-08-13 08:00:00+00:00,60.25
5379,2022-08-13 09:00:00+00:00,59.45
5380,2022-08-13 10:00:00+00:00,61.51
5381,2022-08-13 11:00:00+00:00,68.41
5382,2022-08-13 12:00:00+00:00,70.2
5383,2022-08-13 13:00:00+00:00,72.92
5384,2022-08-13 14:00:00+00:00,74.3
5385,2022-08-13 15:00:00+00:00,77.74
5386,2022-08-13 16:00:00+00:00,90.71
5387,2022-08-13 17:00:00+00:00,108.59
5388,2022-08-13 18:00:00+00:00,153.86
5389,2022-08-13 19:00:00+00:00,182.02
5390,2022-08-13 20:00:00+00:00,200.79
5391,2022-08-13 21:00:00+00:00,213.42
5392,2022-08-13 22:00:00+00:00,179.91
5393,2022-08-13 23:00:00+00:00,171.96
5394,2022-08-14 00:00:00+00:00,165.94
5395,2022-08-14 01:00:00+00:00,123.43
5396,2022-08-14 02:00:00+00:00,86.95
5397,2022-08-14 03:00:00+00:00,76.8
5398,2022-08-14 04:00:00+00:00,74.14
5399,2022-08-14 05:00:00+00:00,71.56
5400,2022-08-14 06:00:00+00:00,65.59
5401,2022-08-14 07:00:00+00:00,61.02
5402,2022-08-14 08:00:00+00:00,58.97
5403,2022-08-14 09:00:00+00:00,56.61
5404,2022-08-14 10:00:00+00:00,58.2
5405,2022-08-14 11:00:00+00:00,61.67
5406,2022-08-14 12:00:00+00:00,62.15
5407,2022-08-14 13:00:00+00:00,67.0
5408,2022-08-14 14:00:00+00:00,72.0
5409,2022-08-14 15:00:00+00:00,73.15
5410,2022-08-14 16:00:00+00:00,87.99
5411,2022-08-14 17:00:00+00:00,100.2
5412,2022-08-14 18:00:00+00:00,112.61
5413,2022-08-14 19:00:00+00:00,130.33
5414,2022-08-14 20:00:00+00:00,158.44
5415,2022-08-14 21:00:00+00:00,164.89
5416,2022-08-14 22:00:00+00:00,147.25
5417,2022-08-14 23:00:00+00:00,137.28
5418,2022-08-15 00:00:00+00:00,153.84
5419,2022-08-15 01:00:00+00:00,129.82
5420,2022-08-15 02:00:00+00:00,88.16
5421,2022-08-15 03:00:00+00:00,72.38
5422,2022-08-15 04:00:00+00:00,63.0
5423,2022-08-15 05:00:00+00:00,55.19
5424,2022-08-15 06:00:00+00:00,52.56
5425,2022-08-15 07:00:00+00:00,51.22
5426,2022-08-15 08:00:00+00:00,51.5
5427,2022-08-15 09:00:00+00:00,51.86
5428,2022-08-15 10:00:00+00:00,55.42
5429,2022-08-15 11:00:00+00:00,64.63
5430,2022-08-15 12:00:00+00:00,65.72
5431,2022-08-15 13:00:00+00:00,71.25
5432,2022-08-15 14:00:00+00:00,68.32
5433,2022-08-15 15:00:00+00:00,74.71
5434,2022-08-15 16:00:00+00:00,94.65
5435,2022-08-15 17:00:00+00:00,89.89
5436,2022-08-15 18:00:00+00:00,102.13
5437,2022-08-15 19:00:00+00:00,114.87
5438,2022-08-15 20:00:00+00:00,139.3
5439,2022-08-15 21:00:00+00:00,152.06
5440,2022-08-15 22:00:00+00:00,131.84
5441,2022-08-15 23:00:00+00:00,121.63
5442,2022-08-16 00:00:00+00:00,125.86
5443,2022-08-16 01:00:00+00:00,108.09
5444,2022-08-16 02:00:00+00:00,89.13
5445,2022-08-16 03:00:00+00:00,75.04
5446,2022-08-16 04:00:00+00:00,66.37
5447,2022-08-16 05:00:00+00:00,61.46
5448,2022-08-16 06:00:00+00:00,56.68
5449,2022-08-16 07:00:00+00:00,53.41
5450,2022-08-16 08:00:00+00:00,53.09
5451,2022-08-16 09:00:00+00:00,53.66
5452,2022-08-16 10:00:00+00:00,56.66
5453,2022-08-16 11:00:00+00:00,62.61
5454,2022-08-16 12:00:00+00:00,66.67
5455,2022-08-16 13:00:00+00:00,70.83
5456,2022-08-16 14:00:00+00:00,77.44
5457,2022-08-16 15:00:00+00:00,94.07
5458,2022-08-16 16:00:00+00:00,100.2
5459,2022-08-16 17:00:00+00:00,98.07
5460,2022-08-16 18:00:00+00:00,121.65
5461,2022-08-16 19:00:00+00:00,238.05
5462,2022-08-16 20:00:00+00:00,314.54
5463,2022-08-16 21:00:00+00:00,355.9
5464,2022-08-16 22:00:00+00:00,326.02
5465,2022-08-16 23:00:00+00:00,289.62
5466,2022-08-17 00:00:00+00:00,302.89
5467,2022-08-17 01:00:00+00:00,266.83
5468,2022-08-17 02:00:00+00:00,96.01
5469,2022-08-17 03:00:00+00:00,83.7
5470,2022-08-17 04:00:00+00:00,77.57
5471,2022-08-17 05:00:00+00:00,68.81
5472,2022-08-17 06:00:00+00:00,58.77
5473,2022-08-17 07:00:00+00:00,54.29
5474,2022-08-17 08:00:00+00:00,53.4
5475,2022-08-17 09:00:00+00:00,53.84
5476,2022-08-17 10:00:00+00:00,59.09
5477,2022-08-17 11:00:00+00:00,64.01
5478,2022-08-17 12:00:00+00:00,66.59
5479,2022-08-17 13:00:00+00:00,70.22
5480,2022-08-17 14:00:00+00:00,77.36
5481,2022-08-17 15:00:00+00:00,100.91
5482,2022-08-17 16:00:00+00:00,129.86
5483,2022-08-17 17:00:00+00:00,200.93
5484,2022-08-17 18:00:00+00:00,398.32
5485,2022-08-17 19:00:00+00:00,505.56
5486,2022-08-17 20:00:00+00:00,743.61
5487,2022-08-17 21:00:00+00:00,800.15
5488,2022-08-17 22:00:00+00:00,552.57
5489,2022-08-17 23:00:00+00:00,493.24
5490,2022-08-18 00:00:00+00:00,443.07
5491,2022-08-18 01:00:00+00:00,259.72
5492,2022-08-18 02:00:00+00:00,108.57
5493,2022-08-18 03:00:00+00:00,82.15
5494,2022-08-18 04:00:00+00:00,71.93
5495,2022-08-18 05:00:00+00:00,73.09
5496,2022-08-18 06:00:00+00:00,67.29
5497,2022-08-18 07:00:00+00:00,61.41
5498,2022-08-18 08:00:00+00:00,60.13
5499,2022-08-18 09:00:00+00:00,59.3
5500,2022-08-18 10:00:00+00:00,63.65
5501,2022-08-18 11:00:00+00:00,71.47
5502,2022-08-18 12:00:00+00:00,70.34
5503,2022-08-18 13:00:00+00:00,65.98
5504,2022-08-18 14:00:00+00:00,72.56
5505,2022-08-18 15:00:00+00:00,86.48
5506,2022-08-18 16:00:00+00:00,97.7
5507,2022-08-18 17:00:00+00:00,101.65
5508,2022-08-18 18:00:00+00:00,120.17
5509,2022-08-18 19:00:00+00:00,116.88
5510,2022-08-18 20:00:00+00:00,119.07
5511,2022-08-18 21:00:00+00:00,115.28
5512,2022-08-18 22:00:00+00:00,107.2
5513,2022-08-18 23:00:00+00:00,99.69
5514,2022-08-19 00:00:00+00:00,110.71
5515,2022-08-19 01:00:00+00:00,105.21
5516,2022-08-19 02:00:00+00:00,91.59
5517,2022-08-19 03:00:00+00:00,85.48
5518,2022-08-19 04:00:00+00:00,78.05
5519,2022-08-19 05:00:00+00:00,77.66
5520,2022-08-19 06:00:00+00:00,74.93
5521,2022-08-19 07:00:00+00:00,70.0
5522,2022-08-19 08:00:00+00:00,68.33
5523,2022-08-19 09:00:00+00:00,67.66
5524,2022-08-19 10:00:00+00:00,70.19
5525,2022-08-19 11:00:00+00:00,71.39
5526,2022-08-19 12:00:00+00:00,73.38
5527,2022-08-19 13:00:00+00:00,73.79
5528,2022-08-19 14:00:00+00:00,78.92
5529,2022-08-19 15:00:00+00:00,87.6
5530,2022-08-19 16:00:00+00:00,100.05
5531,2022-08-19 17:00:00+00:00,94.25
5532,2022-08-19 18:00:00+00:00,102.57
5533,2022-08-19 19:00:00+00:00,110.71
5534,2022-08-19 20:00:00+00:00,125.38
5535,2022-08-19 21:00:00+00:00,131.53
5536,2022-08-19 22:00:00+00:00,111.03
5537,2022-08-19 23:00:00+00:00,100.85
5538,2022-08-20 00:00:00+00:00,97.23
5539,2022-08-20 01:00:00+00:00,93.5
5540,2022-08-20 02:00:00+00:00,76.69
5541,2022-08-20 03:00:00+00:00,76.76
5542,2022-08-20 04:00:00+00:00,71.74
5543,2022-08-20 05:00:00+00:00,65.14
5544,2022-08-20 06:00:00+00:00,59.46
5545,2022-08-20 07:00:00+00:00,55.63
5546,2022-08-20 08:00:00+00:00,53.36
5547,2022-08-20 09:00:00+00:00,53.03
5548,2022-08-20 10:00:00+00:00,55.09
5549,2022-08-20 11:00:00+00:00,53.41
5550,2022-08-20 12:00:00+00:00,56.13
5551,2022-08-20 13:00:00+00:00,60.14
5552,2022-08-20 14:00:00+00:00,61.5
5553,2022-08-20 15:00:00+00:00,68.78
5554,2022-08-20 16:00:00+00:00,83.31
5555,2022-08-20 17:00:00+00:00,85.54
5556,2022-08-20 18:00:00+00:00,94.6
5557,2022-08-20 19:00:00+00:00,97.77
5558,2022-08-20 20:00:00+00:00,105.93
5559,2022-08-20 21:00:00+00:00,112.34
5560,2022-08-20 22:00:00+00:00,100.85
5561,2022-08-20 23:00:00+00:00,96.77
5562,2022-08-21 00:00:00+00:00,89.87
5563,2022-08-21 01:00:00+00:00,86.65
5564,2022-08-21 02:00:00+00:00,75.23
5565,2022-08-21 03:00:00+00:00,74.91
5566,2022-08-21 04:00:00+00:00,68.49
5567,2022-08-21 05:00:00+00:00,62.36
5568,2022-08-21 06:00:00+00:00,58.35
5569,2022-08-21 07:00:00+00:00,55.77
5570,2022-08-21 08:00:00+00:00,54.89
5571,2022-08-21 09:00:00+00:00,53.12
5572,2022-08-21 10:00:00+00:00,52.53
5573,2022-08-21 11:00:00+00:00,52.4
5574,2022-08-21 12:00:00+00:00,53.02
5575,2022-08-21 13:00:00+00:00,57.09
5576,2022-08-21 14:00:00+00:00,58.05
5577,2022-08-21 15:00:00+00:00,62.76
5578,2022-08-21 16:00:00+00:00,64.98
5579,2022-08-21 17:00:00+00:00,72.03
5580,2022-08-21 18:00:00+00:00,80.32
5581,2022-08-21 19:00:00+00:00,85.88
5582,2022-08-21 20:00:00+00:00,90.64
5583,2022-08-21 21:00:00+00:00,96.51
5584,2022-08-21 22:00:00+00:00,92.18
5585,2022-08-21 23:00:00+00:00,85.94
5586,2022-08-22 00:00:00+00:00,88.13
5587,2022-08-22 01:00:00+00:00,92.59
5588,2022-08-22 02:00:00+00:00,75.57
5589,2022-08-22 03:00:00+00:00,69.56
5590,2022-08-22 04:00:00+00:00,65.97
5591,2022-08-22 05:00:00+00:00,70.47
5592,2022-08-22 06:00:00+00:00,65.84
5593,2022-08-22 07:00:00+00:00,61.86
5594,2022-08-22 08:00:00+00:00,58.57
5595,2022-08-22 09:00:00+00:00,59.67
5596,2022-08-22 10:00:00+00:00,64.53
5597,2022-08-22 11:00:00+00:00,67.2
5598,2022-08-22 12:00:00+00:00,67.39
5599,2022-08-22 13:00:00+00:00,66.22
5600,2022-08-22 14:00:00+00:00,57.1
5601,2022-08-22 15:00:00+00:00,63.42
5602,2022-08-22 16:00:00+00:00,71.52
5603,2022-08-22 17:00:00+00:00,80.92
5604,2022-08-22 18:00:00+00:00,84.07
5605,2022-08-22 19:00:00+00:00,86.96
5606,2022-08-22 20:00:00+00:00,87.83
5607,2022-08-22 21:00:00+00:00,85.36
5608,2022-08-22 22:00:00+00:00,83.73
5609,2022-08-22 23:00:00+00:00,86.88
5610,2022-08-23 00:00:00+00:00,96.57
5611,2022-08-23 01:00:00+00:00,98.11
5612,2022-08-23 02:00:00+00:00,81.27
5613,2022-08-23 03:00:00+00:00,75.06
5614,2022-08-23 04:00:00+00:00,73.22
5615,2022-08-23 05:00:00+00:00,69.28
5616,2022-08-23 06:00:00+00:00,66.87
5617,2022-08-23 07:00:00+00:00,63.82
5618,2022-08-23 08:00:00+00:00,60.95
5619,2022-08-23 09:00:00+00:00,61.34
5620,2022-08-23 10:00:00+00:00,67.98
5621,2022-08-23 11:00:00+00:00,73.73
5622,2022-08-23 12:00:00+00:00,78.31
5623,2022-08-23 13:00:00+00:00,77.28
5624,2022-08-23 14:00:00+00:00,76.32
5625,2022-08-23 15:00:00+00:00,80.43
5626,2022-08-23 16:00:00+00:00,82.92
5627,2022-08-23 17:00:00+00:00,81.64
5628,2022-08-23 18:00:00+00:00,86.39
5629,2022-08-23 19:00:00+00:00,91.97
5630,2022-08-23 20:00:00+00:00,91.88
5631,2022-08-23 21:00:00+00:00,97.08
5632,2022-08-23 22:00:00+00:00,96.98
5633,2022-08-23 23:00:00+00:00,93.52
5634,2022-08-24 00:00:00+00:00,109.77
5635,2022-08-24 01:00:00+00:00,113.38
5636,2022-08-24 02:00:00+00:00,84.35
5637,2022-08-24 03:00:00+00:00,79.73
5638,2022-08-24 04:00:00+00:00,75.52
5639,2022-08-24 05:00:00+00:00,73.86
5640,2022-08-24 06:00:00+00:00,70.72
5641,2022-08-24 07:00:00+00:00,68.33
5642,2022-08-24 08:00:00+00:00,67.67
5643,2022-08-24 09:00:00+00:00,67.99
5644,2022-08-24 10:00:00+00:00,75.76
5645,2022-08-24 11:00:00+00:00,82.22
5646,2022-08-24 12:00:00+00:00,84.56
5647,2022-08-24 13:00:00+00:00,81.59
5648,2022-08-24 14:00:00+00:00,82.99
5649,2022-08-24 15:00:00+00:00,84.18
5650,2022-08-24 16:00:00+00:00,84.32
5651,2022-08-24 17:00:00+00:00,88.2
5652,2022-08-24 18:00:00+00:00,94.53
5653,2022-08-24 19:00:00+00:00,99.23
5654,2022-08-24 20:00:00+00:00,102.89
5655,2022-08-24 21:00:00+00:00,104.82
5656,2022-08-24 22:00:00+00:00,102.11
5657,2022-08-24 23:00:00+00:00,104.82
5658,2022-08-25 00:00:00+00:00,134.9
5659,2022-08-25 01:00:00+00:00,123.52
5660,2022-08-25 02:00:00+00:00,86.77
5661,2022-08-25 03:00:00+00:00,83.99
5662,2022-08-25 04:00:00+00:00,80.04
5663,2022-08-25 05:00:00+00:00,81.75
5664,2022-08-25 06:00:00+00:00,75.02
5665,2022-08-25 07:00:00+00:00,70.97
5666,2022-08-25 08:00:00+00:00,69.05
5667,2022-08-25 09:00:00+00:00,69.37
5668,2022-08-25 10:00:00+00:00,76.99
5669,2022-08-25 11:00:00+00:00,91.09
5670,2022-08-25 12:00:00+00:00,91.32
5671,2022-08-25 13:00:00+00:00,86.19
5672,2022-08-25 14:00:00+00:00,86.46
5673,2022-08-25 15:00:00+00:00,100.18
5674,2022-08-25 16:00:00+00:00,109.95
5675,2022-08-25 17:00:00+00:00,109.95
5676,2022-08-25 18:00:00+00:00,126.81
5677,2022-08-25 19:00:00+00:00,137.63
5678,2022-08-25 20:00:00+00:00,149.91
5679,2022-08-25 21:00:00+00:00,150.39
5680,2022-08-25 22:00:00+00:00,133.79
5681,2022-08-25 23:00:00+00:00,124.22
5682,2022-08-26 00:00:00+00:00,209.0
5683,2022-08-26 01:00:00+00:00,177.45
5684,2022-08-26 02:00:00+00:00,96.93
5685,2022-08-26 03:00:00+00:00,91.48
5686,2022-08-26 04:00:00+00:00,81.04
5687,2022-08-26 05:00:00+00:00,74.95
5688,2022-08-26 06:00:00+00:00,65.05
5689,2022-08-26 07:00:00+00:00,60.75
5690,2022-08-26 08:00:00+00:00,60.62
5691,2022-08-26 09:00:00+00:00,60.89
5692,2022-08-26 10:00:00+00:00,67.8
5693,2022-08-26 11:00:00+00:00,82.24
5694,2022-08-26 12:00:00+00:00,81.61
5695,2022-08-26 13:00:00+00:00,81.74
5696,2022-08-26 14:00:00+00:00,85.13
5697,2022-08-26 15:00:00+00:00,88.43
5698,2022-08-26 16:00:00+00:00,102.4
5699,2022-08-26 17:00:00+00:00,113.93
5700,2022-08-26 18:00:00+00:00,138.32
5701,2022-08-26 19:00:00+00:00,144.48
5702,2022-08-26 20:00:00+00:00,172.69
5703,2022-08-26 21:00:00+00:00,158.1
5704,2022-08-26 22:00:00+00:00,130.21
5705,2022-08-26 23:00:00+00:00,118.42
5706,2022-08-27 00:00:00+00:00,155.97
5707,2022-08-27 01:00:00+00:00,129.03
5708,2022-08-27 02:00:00+00:00,84.97
5709,2022-08-27 03:00:00+00:00,77.09
5710,2022-08-27 04:00:00+00:00,69.27
5711,2022-08-27 05:00:00+00:00,68.25
5712,2022-08-27 06:00:00+00:00,61.34
5713,2022-08-27 07:00:00+00:00,58.09
5714,2022-08-27 08:00:00+00:00,56.57
5715,2022-08-27 09:00:00+00:00,55.8
5716,2022-08-27 10:00:00+00:00,58.7
5717,2022-08-27 11:00:00+00:00,63.0
5718,2022-08-27 12:00:00+00:00,65.01
5719,2022-08-27 13:00:00+00:00,71.14
5720,2022-08-27 14:00:00+00:00,74.43
5721,2022-08-27 15:00:00+00:00,70.76
5722,2022-08-27 16:00:00+00:00,83.96
5723,2022-08-27 17:00:00+00:00,91.8
5724,2022-08-27 18:00:00+00:00,104.69
5725,2022-08-27 19:00:00+00:00,117.21
5726,2022-08-27 20:00:00+00:00,128.66
5727,2022-08-27 21:00:00+00:00,132.55
5728,2022-08-27 22:00:00+00:00,117.95
5729,2022-08-27 23:00:00+00:00,108.96
5730,2022-08-28 00:00:00+00:00,121.3
5731,2022-08-28 01:00:00+00:00,98.52
5732,2022-08-28 02:00:00+00:00,76.2
5733,2022-08-28 03:00:00+00:00,70.08
5734,2022-08-28 04:00:00+00:00,61.97
5735,2022-08-28 05:00:00+00:00,65.21
5736,2022-08-28 06:00:00+00:00,60.65
5737,2022-08-28 07:00:00+00:00,56.88
5738,2022-08-28 08:00:00+00:00,55.89
5739,2022-08-28 09:00:00+00:00,55.24
5740,2022-08-28 10:00:00+00:00,56.5
5741,2022-08-28 11:00:00+00:00,56.49
5742,2022-08-28 12:00:00+00:00,56.05
5743,2022-08-28 13:00:00+00:00,58.73
5744,2022-08-28 14:00:00+00:00,61.66
5745,2022-08-28 15:00:00+00:00,64.18
5746,2022-08-28 16:00:00+00:00,72.13
5747,2022-08-28 17:00:00+00:00,83.51
5748,2022-08-28 18:00:00+00:00,94.23
5749,2022-08-28 19:00:00+00:00,100.51
5750,2022-08-28 20:00:00+00:00,111.73
5751,2022-08-28 21:00:00+00:00,134.58
5752,2022-08-28 22:00:00+00:00,124.91
5753,2022-08-28 23:00:00+00:00,108.8
5754,2022-08-29 00:00:00+00:00,112.91
5755,2022-08-29 01:00:00+00:00,94.35
5756,2022-08-29 02:00:00+00:00,76.64
5757,2022-08-29 03:00:00+00:00,69.12
5758,2022-08-29 04:00:00+00:00,64.48
5759,2022-08-29 05:00:00+00:00,60.8
5760,2022-08-29 06:00:00+00:00,57.92
5761,2022-08-29 07:00:00+00:00,55.76
5762,2022-08-29 08:00:00+00:00,54.96
5763,2022-08-29 09:00:00+00:00,55.99
5764,2022-08-29 10:00:00+00:00,61.78
5765,2022-08-29 11:00:00+00:00,69.54
5766,2022-08-29 12:00:00+00:00,73.79
5767,2022-08-29 13:00:00+00:00,70.62
5768,2022-08-29 14:00:00+00:00,66.29
5769,2022-08-29 15:00:00+00:00,72.42
5770,2022-08-29 16:00:00+00:00,83.96
5771,2022-08-29 17:00:00+00:00,95.77
5772,2022-08-29 18:00:00+00:00,117.92
5773,2022-08-29 19:00:00+00:00,122.29
5774,2022-08-29 20:00:00+00:00,131.2
5775,2022-08-29 21:00:00+00:00,139.57
5776,2022-08-29 22:00:00+00:00,123.34
5777,2022-08-29 23:00:00+00:00,109.7
5778,2022-08-30 00:00:00+00:00,156.68
5779,2022-08-30 01:00:00+00:00,136.8
5780,2022-08-30 02:00:00+00:00,89.24
5781,2022-08-30 03:00:00+00:00,83.36
5782,2022-08-30 04:00:00+00:00,76.46
5783,2022-08-30 05:00:00+00:00,74.61
5784,2022-08-30 06:00:00+00:00,74.94
5785,2022-08-30 07:00:00+00:00,72.24
5786,2022-08-30 08:00:00+00:00,70.03
5787,2022-08-30 09:00:00+00:00,70.99
5788,2022-08-30 10:00:00+00:00,75.02
5789,2022-08-30 11:00:00+00:00,81.94
5790,2022-08-30 12:00:00+00:00,81.94
5791,2022-08-30 13:00:00+00:00,80.2
5792,2022-08-30 14:00:00+00:00,80.2
5793,2022-08-30 15:00:00+00:00,82.62
5794,2022-08-30 16:00:00+00:00,88.35
5795,2022-08-30 17:00:00+00:00,89.65
5796,2022-08-30 18:00:00+00:00,90.95
5797,2022-08-30 19:00:00+00:00,95.95
5798,2022-08-30 20:00:00+00:00,105.33
5799,2022-08-30 21:00:00+00:00,118.84
5800,2022-08-30 22:00:00+00:00,110.79
5801,2022-08-30 23:00:00+00:00,117.4
5802,2022-08-31 00:00:00+00:00,129.71
5803,2022-08-31 01:00:00+00:00,125.17
5804,2022-08-31 02:00:00+00:00,92.4
5805,2022-08-31 03:00:00+00:00,81.97
5806,2022-08-31 04:00:00+00:00,76.43
5807,2022-08-31 05:00:00+00:00,66.97
5808,2022-08-31 06:00:00+00:00,64.91
5809,2022-08-31 07:00:00+00:00,63.21
5810,2022-08-31 08:00:00+00:00,59.69
5811,2022-08-31 09:00:00+00:00,61.24
5812,2022-08-31 10:00:00+00:00,70.65
5813,2022-08-31 11:00:00+00:00,77.51
5814,2022-08-31 12:00:00+00:00,76.84
5815,2022-08-31 13:00:00+00:00,75.13
5816,2022-08-31 14:00:00+00:00,75.1
5817,2022-08-31 15:00:00+00:00,78.0
5818,2022-08-31 16:00:00+00:00,82.56
5819,2022-08-31 17:00:00+00:00,86.41
5820,2022-08-31 18:00:00+00:00,91.2
5821,2022-08-31 19:00:00+00:00,105.0
5822,2022-08-31 20:00:00+00:00,119.68
5823,2022-08-31 21:00:00+00:00,129.11
5824,2022-08-31 22:00:00+00:00,130.49
5825,2022-08-31 23:00:00+00:00,121.7
5826,2022-09-01 00:00:00+00:00,137.37
5827,2022-09-01 01:00:00+00:00,120.35
5828,2022-09-01 02:00:00+00:00,88.61
5829,2022-09-01 03:00:00+00:00,81.31
5830,2022-09-01 04:00:00+00:00,75.21
5831,2022-09-01 05:00:00+00:00,68.82
5832,2022-09-01 06:00:00+00:00,67.42
5833,2022-09-01 07:00:00+00:00,64.0
5834,2022-09-01 08:00:00+00:00,58.55
5835,2022-09-01 09:00:00+00:00,58.59
5836,2022-09-01 10:00:00+00:00,66.29
5837,2022-09-01 11:00:00+00:00,78.07
5838,2022-09-01 12:00:00+00:00,77.97
5839,2022-09-01 13:00:00+00:00,76.81
5840,2022-09-01 14:00:00+00:00,80.55
5841,2022-09-01 15:00:00+00:00,86.23
5842,2022-09-01 16:00:00+00:00,91.07
5843,2022-09-01 17:00:00+00:00,95.02
5844,2022-09-01 18:00:00+00:00,111.0
5845,2022-09-01 19:00:00+00:00,117.9
5846,2022-09-01 20:00:00+00:00,125.0
5847,2022-09-01 21:00:00+00:00,124.99
5848,2022-09-01 22:00:00+00:00,108.79
5849,2022-09-01 23:00:00+00:00,99.89
5850,2022-09-02 00:00:00+00:00,99.99
5851,2022-09-02 01:00:00+00:00,90.8
5852,2022-09-02 02:00:00+00:00,77.65
5853,2022-09-02 03:00:00+00:00,72.94
5854,2022-09-02 04:00:00+00:00,63.79
5855,2022-09-02 05:00:00+00:00,70.04
5856,2022-09-02 06:00:00+00:00,65.04
5857,2022-09-02 07:00:00+00:00,60.16
5858,2022-09-02 08:00:00+00:00,57.33
5859,2022-09-02 09:00:00+00:00,57.04
5860,2022-09-02 10:00:00+00:00,65.31
5861,2022-09-02 11:00:00+00:00,74.02
5862,2022-09-02 12:00:00+00:00,73.31
5863,2022-09-02 13:00:00+00:00,75.74
5864,2022-09-02 14:00:00+00:00,77.9
5865,2022-09-02 15:00:00+00:00,82.5
5866,2022-09-02 16:00:00+00:00,86.8
5867,2022-09-02 17:00:00+00:00,97.17
5868,2022-09-02 18:00:00+00:00,111.34
5869,2022-09-02 19:00:00+00:00,121.0
5870,2022-09-02 20:00:00+00:00,141.91
5871,2022-09-02 21:00:00+00:00,150.0
5872,2022-09-02 22:00:00+00:00,120.23
5873,2022-09-02 23:00:00+00:00,107.15
5874,2022-09-03 00:00:00+00:00,102.0
5875,2022-09-03 01:00:00+00:00,92.82
5876,2022-09-03 02:00:00+00:00,79.63
5877,2022-09-03 03:00:00+00:00,76.89
5878,2022-09-03 04:00:00+00:00,71.95
5879,2022-09-03 05:00:00+00:00,68.39
5880,2022-09-03 06:00:00+00:00,63.34
5881,2022-09-03 07:00:00+00:00,63.11
5882,2022-09-03 08:00:00+00:00,62.08
5883,2022-09-03 09:00:00+00:00,61.44
5884,2022-09-03 10:00:00+00:00,63.93
5885,2022-09-03 11:00:00+00:00,60.78
5886,2022-09-03 12:00:00+00:00,62.56
5887,2022-09-03 13:00:00+00:00,63.46
5888,2022-09-03 14:00:00+00:00,68.7
5889,2022-09-03 15:00:00+00:00,75.01
5890,2022-09-03 16:00:00+00:00,80.04
5891,2022-09-03 17:00:00+00:00,87.69
5892,2022-09-03 18:00:00+00:00,89.37
5893,2022-09-03 19:00:00+00:00,90.35
5894,2022-09-03 20:00:00+00:00,89.28
5895,2022-09-03 21:00:00+00:00,95.96
5896,2022-09-03 22:00:00+00:00,89.98
5897,2022-09-03 23:00:00+00:00,95.0
5898,2022-09-04 00:00:00+00:00,100.37
5899,2022-09-04 01:00:00+00:00,93.2
5900,2022-09-04 02:00:00+00:00,78.85
5901,2022-09-04 03:00:00+00:00,76.92
5902,2022-09-04 04:00:00+00:00,73.22
5903,2022-09-04 05:00:00+00:00,70.29
5904,2022-09-04 06:00:00+00:00,67.78
5905,2022-09-04 07:00:00+00:00,65.12
5906,2022-09-04 08:00:00+00:00,63.94
5907,2022-09-04 09:00:00+00:00,62.38
5908,2022-09-04 10:00:00+00:00,62.55
5909,2022-09-04 11:00:00+00:00,60.11
5910,2022-09-04 12:00:00+00:00,60.01
5911,2022-09-04 13:00:00+00:00,60.0
5912,2022-09-04 14:00:00+00:00,61.84
5913,2022-09-04 15:00:00+00:00,65.67
5914,2022-09-04 16:00:00+00:00,71.02
5915,2022-09-04 17:00:00+00:00,77.86
5916,2022-09-04 18:00:00+00:00,81.61
5917,2022-09-04 19:00:00+00:00,89.19
5918,2022-09-04 20:00:00+00:00,92.05
5919,2022-09-04 21:00:00+00:00,95.39
5920,2022-09-04 22:00:00+00:00,91.93
5921,2022-09-04 23:00:00+00:00,94.63
5922,2022-09-05 00:00:00+00:00,109.68
5923,2022-09-05 01:00:00+00:00,91.95
5924,2022-09-05 02:00:00+00:00,77.81
5925,2022-09-05 03:00:00+00:00,72.14
5926,2022-09-05 04:00:00+00:00,64.7
5927,2022-09-05 05:00:00+00:00,60.71
5928,2022-09-05 06:00:00+00:00,57.8
5929,2022-09-05 07:00:00+00:00,55.52
5930,2022-09-05 08:00:00+00:00,53.45
5931,2022-09-05 09:00:00+00:00,54.1
5932,2022-09-05 10:00:00+00:00,54.54
5933,2022-09-05 11:00:00+00:00,53.62
5934,2022-09-05 12:00:00+00:00,54.63
5935,2022-09-05 13:00:00+00:00,55.43
5936,2022-09-05 14:00:00+00:00,58.0
5937,2022-09-05 15:00:00+00:00,60.0
5938,2022-09-05 16:00:00+00:00,67.75
5939,2022-09-05 17:00:00+00:00,77.44
5940,2022-09-05 18:00:00+00:00,84.03
5941,2022-09-05 19:00:00+00:00,92.23
5942,2022-09-05 20:00:00+00:00,96.85
5943,2022-09-05 21:00:00+00:00,100.06
5944,2022-09-05 22:00:00+00:00,97.09
5945,2022-09-05 23:00:00+00:00,101.5
5946,2022-09-06 00:00:00+00:00,124.99
5947,2022-09-06 01:00:00+00:00,91.8
5948,2022-09-06 02:00:00+00:00,74.14
5949,2022-09-06 03:00:00+00:00,65.49
5950,2022-09-06 04:00:00+00:00,59.69
5951,2022-09-06 05:00:00+00:00,56.21
5952,2022-09-06 06:00:00+00:00,52.98
5953,2022-09-06 07:00:00+00:00,51.68
5954,2022-09-06 08:00:00+00:00,50.03
5955,2022-09-06 09:00:00+00:00,51.23
5956,2022-09-06 10:00:00+00:00,55.93
5957,2022-09-06 11:00:00+00:00,60.03
5958,2022-09-06 12:00:00+00:00,63.63
5959,2022-09-06 13:00:00+00:00,62.48
5960,2022-09-06 14:00:00+00:00,62.98
5961,2022-09-06 15:00:00+00:00,66.0
5962,2022-09-06 16:00:00+00:00,76.27
5963,2022-09-06 17:00:00+00:00,84.89
5964,2022-09-06 18:00:00+00:00,95.79
5965,2022-09-06 19:00:00+00:00,105.0
5966,2022-09-06 20:00:00+00:00,122.17
5967,2022-09-06 21:00:00+00:00,138.06
5968,2022-09-06 22:00:00+00:00,119.36
5969,2022-09-06 23:00:00+00:00,124.82
5970,2022-09-07 00:00:00+00:00,138.9
5971,2022-09-07 01:00:00+00:00,105.0
5972,2022-09-07 02:00:00+00:00,80.84
5973,2022-09-07 03:00:00+00:00,74.07
5974,2022-09-07 04:00:00+00:00,65.63
5975,2022-09-07 05:00:00+00:00,69.64
5976,2022-09-07 06:00:00+00:00,61.34
5977,2022-09-07 07:00:00+00:00,58.46
5978,2022-09-07 08:00:00+00:00,58.8
5979,2022-09-07 09:00:00+00:00,60.02
5980,2022-09-07 10:00:00+00:00,67.67
5981,2022-09-07 11:00:00+00:00,74.87
5982,2022-09-07 12:00:00+00:00,74.82
5983,2022-09-07 13:00:00+00:00,71.0
5984,2022-09-07 14:00:00+00:00,68.69
5985,2022-09-07 15:00:00+00:00,74.83
5986,2022-09-07 16:00:00+00:00,81.16
5987,2022-09-07 17:00:00+00:00,89.86
5988,2022-09-07 18:00:00+00:00,95.33
5989,2022-09-07 19:00:00+00:00,101.16
5990,2022-09-07 20:00:00+00:00,114.32
5991,2022-09-07 21:00:00+00:00,111.36
5992,2022-09-07 22:00:00+00:00,100.97
5993,2022-09-07 23:00:00+00:00,106.61
5994,2022-09-08 00:00:00+00:00,130.63
5995,2022-09-08 01:00:00+00:00,113.38
5996,2022-09-08 02:00:00+00:00,78.79
5997,2022-09-08 03:00:00+00:00,72.36
5998,2022-09-08 04:00:00+00:00,67.74
5999,2022-09-08 05:00:00+00:00,63.05
6000,2022-09-08 06:00:00+00:00,60.45
6001,2022-09-08 07:00:00+00:00,57.98
6002,2022-09-08 08:00:00+00:00,54.99
6003,2022-09-08 09:00:00+00:00,57.1
6004,2022-09-08 10:00:00+00:00,64.1
6005,2022-09-08 11:00:00+00:00,74.03
6006,2022-09-08 12:00:00+00:00,73.19
6007,2022-09-08 13:00:00+00:00,69.23
6008,2022-09-08 14:00:00+00:00,66.34
6009,2022-09-08 15:00:00+00:00,71.8
6010,2022-09-08 16:00:00+00:00,79.03
6011,2022-09-08 17:00:00+00:00,87.75
6012,2022-09-08 18:00:00+00:00,100.09
6013,2022-09-08 19:00:00+00:00,116.42
6014,2022-09-08 20:00:00+00:00,142.03
6015,2022-09-08 21:00:00+00:00,158.63
6016,2022-09-08 22:00:00+00:00,130.25
6017,2022-09-08 23:00:00+00:00,131.16
6018,2022-09-09 00:00:00+00:00,178.35
6019,2022-09-09 01:00:00+00:00,105.78
6020,2022-09-09 02:00:00+00:00,78.55
6021,2022-09-09 03:00:00+00:00,65.22
6022,2022-09-09 04:00:00+00:00,59.18
6023,2022-09-09 05:00:00+00:00,60.29
6024,2022-09-09 06:00:00+00:00,53.84
6025,2022-09-09 07:00:00+00:00,48.29
6026,2022-09-09 08:00:00+00:00,46.84
6027,2022-09-09 09:00:00+00:00,47.67
6028,2022-09-09 10:00:00+00:00,54.39
6029,2022-09-09 11:00:00+00:00,56.95
6030,2022-09-09 12:00:00+00:00,57.38
6031,2022-09-09 13:00:00+00:00,57.38
6032,2022-09-09 14:00:00+00:00,60.94
6033,2022-09-09 15:00:00+00:00,63.01
6034,2022-09-09 16:00:00+00:00,70.18
6035,2022-09-09 17:00:00+00:00,79.99
6036,2022-09-09 18:00:00+00:00,95.0
6037,2022-09-09 19:00:00+00:00,102.8
6038,2022-09-09 20:00:00+00:00,118.35
6039,2022-09-09 21:00:00+00:00,121.7
6040,2022-09-09 22:00:00+00:00,103.48
6041,2022-09-09 23:00:00+00:00,100.03
6042,2022-09-10 00:00:00+00:00,95.0
6043,2022-09-10 01:00:00+00:00,74.16
6044,2022-09-10 02:00:00+00:00,62.32
6045,2022-09-10 03:00:00+00:00,56.52
6046,2022-09-10 04:00:00+00:00,53.36
6047,2022-09-10 05:00:00+00:00,53.54
6048,2022-09-10 06:00:00+00:00,49.24
6049,2022-09-10 07:00:00+00:00,47.38
6050,2022-09-10 08:00:00+00:00,46.34
6051,2022-09-10 09:00:00+00:00,48.45
6052,2022-09-10 10:00:00+00:00,51.38
6053,2022-09-10 11:00:00+00:00,52.71
6054,2022-09-10 12:00:00+00:00,53.14
6055,2022-09-10 13:00:00+00:00,56.37
6056,2022-09-10 14:00:00+00:00,56.05
6057,2022-09-10 15:00:00+00:00,61.7
6058,2022-09-10 16:00:00+00:00,66.52
6059,2022-09-10 17:00:00+00:00,75.92
6060,2022-09-10 18:00:00+00:00,80.17
6061,2022-09-10 19:00:00+00:00,98.2
6062,2022-09-10 20:00:00+00:00,104.97
6063,2022-09-10 21:00:00+00:00,112.25
6064,2022-09-10 22:00:00+00:00,101.75
6065,2022-09-10 23:00:00+00:00,93.53
6066,2022-09-11 00:00:00+00:00,94.82
6067,2022-09-11 01:00:00+00:00,72.31
6068,2022-09-11 02:00:00+00:00,62.79
6069,2022-09-11 03:00:00+00:00,58.46
6070,2022-09-11 04:00:00+00:00,59.2
6071,2022-09-11 05:00:00+00:00,55.49
6072,2022-09-11 06:00:00+00:00,56.37
6073,2022-09-11 07:00:00+00:00,50.84
6074,2022-09-11 08:00:00+00:00,48.61
6075,2022-09-11 09:00:00+00:00,46.24
6076,2022-09-11 10:00:00+00:00,46.59
6077,2022-09-11 11:00:00+00:00,48.28
6078,2022-09-11 12:00:00+00:00,47.05
6079,2022-09-11 13:00:00+00:00,48.62
6080,2022-09-11 14:00:00+00:00,51.38
6081,2022-09-11 15:00:00+00:00,52.94
6082,2022-09-11 16:00:00+00:00,54.3
6083,2022-09-11 17:00:00+00:00,62.65
6084,2022-09-11 18:00:00+00:00,70.19
6085,2022-09-11 19:00:00+00:00,77.19
6086,2022-09-11 20:00:00+00:00,81.58
6087,2022-09-11 21:00:00+00:00,91.01
6088,2022-09-11 22:00:00+00:00,93.0
6089,2022-09-11 23:00:00+00:00,112.26
6090,2022-09-12 00:00:00+00:00,127.68
6091,2022-09-12 01:00:00+00:00,90.0
6092,2022-09-12 02:00:00+00:00,76.09
6093,2022-09-12 03:00:00+00:00,67.97
6094,2022-09-12 04:00:00+00:00,63.15
6095,2022-09-12 05:00:00+00:00,58.87
6096,2022-09-12 06:00:00+00:00,56.11
6097,2022-09-12 07:00:00+00:00,51.95
6098,2022-09-12 08:00:00+00:00,49.23
6099,2022-09-12 09:00:00+00:00,49.23
6100,2022-09-12 10:00:00+00:00,51.63
6101,2022-09-12 11:00:00+00:00,57.83
6102,2022-09-12 12:00:00+00:00,57.56
6103,2022-09-12 13:00:00+00:00,56.0
6104,2022-09-12 14:00:00+00:00,54.7
6105,2022-09-12 15:00:00+00:00,55.99
6106,2022-09-12 16:00:00+00:00,57.78
6107,2022-09-12 17:00:00+00:00,66.32
6108,2022-09-12 18:00:00+00:00,76.2
6109,2022-09-12 19:00:00+00:00,81.69
6110,2022-09-12 20:00:00+00:00,92.38
6111,2022-09-12 21:00:00+00:00,104.61
6112,2022-09-12 22:00:00+00:00,98.91
6113,2022-09-12 23:00:00+00:00,123.98
6114,2022-09-13 00:00:00+00:00,131.59
6115,2022-09-13 01:00:00+00:00,79.53
6116,2022-09-13 02:00:00+00:00,64.74
6117,2022-09-13 03:00:00+00:00,55.74
6118,2022-09-13 04:00:00+00:00,50.53
6119,2022-09-13 05:00:00+00:00,49.86
6120,2022-09-13 06:00:00+00:00,48.77
6121,2022-09-13 07:00:00+00:00,43.71
6122,2022-09-13 08:00:00+00:00,42.77
6123,2022-09-13 09:00:00+00:00,43.93
6124,2022-09-13 10:00:00+00:00,48.39
6125,2022-09-13 11:00:00+00:00,56.15
6126,2022-09-13 12:00:00+00:00,56.9
6127,2022-09-13 13:00:00+00:00,55.91
6128,2022-09-13 14:00:00+00:00,55.95
6129,2022-09-13 15:00:00+00:00,57.65
6130,2022-09-13 16:00:00+00:00,65.14
6131,2022-09-13 17:00:00+00:00,74.92
6132,2022-09-13 18:00:00+00:00,82.74
6133,2022-09-13 19:00:00+00:00,93.64
6134,2022-09-13 20:00:00+00:00,106.75
6135,2022-09-13 21:00:00+00:00,111.51
6136,2022-09-13 22:00:00+00:00,96.62
6137,2022-09-13 23:00:00+00:00,100.24
6138,2022-09-14 00:00:00+00:00,105.8
6139,2022-09-14 01:00:00+00:00,74.72
6140,2022-09-14 02:00:00+00:00,64.72
6141,2022-09-14 03:00:00+00:00,53.96
6142,2022-09-14 04:00:00+00:00,51.2
6143,2022-09-14 05:00:00+00:00,51.14
6144,2022-09-14 06:00:00+00:00,49.89
6145,2022-09-14 07:00:00+00:00,46.02
6146,2022-09-14 08:00:00+00:00,45.66
6147,2022-09-14 09:00:00+00:00,46.92
6148,2022-09-14 10:00:00+00:00,51.36
6149,2022-09-14 11:00:00+00:00,55.95
6150,2022-09-14 12:00:00+00:00,55.97
6151,2022-09-14 13:00:00+00:00,55.89
6152,2022-09-14 14:00:00+00:00,56.27
6153,2022-09-14 15:00:00+00:00,56.16
6154,2022-09-14 16:00:00+00:00,58.56
6155,2022-09-14 17:00:00+00:00,63.16
6156,2022-09-14 18:00:00+00:00,69.85
6157,2022-09-14 19:00:00+00:00,73.65
6158,2022-09-14 20:00:00+00:00,78.0
6159,2022-09-14 21:00:00+00:00,87.01
6160,2022-09-14 22:00:00+00:00,78.22
6161,2022-09-14 23:00:00+00:00,85.02
6162,2022-09-15 00:00:00+00:00,91.47
6163,2022-09-15 01:00:00+00:00,69.95
6164,2022-09-15 02:00:00+00:00,63.82
6165,2022-09-15 03:00:00+00:00,57.08
6166,2022-09-15 04:00:00+00:00,55.7
6167,2022-09-15 05:00:00+00:00,58.05
6168,2022-09-15 06:00:00+00:00,50.96
6169,2022-09-15 07:00:00+00:00,47.29
6170,2022-09-15 08:00:00+00:00,45.77
6171,2022-09-15 09:00:00+00:00,47.31
6172,2022-09-15 10:00:00+00:00,51.88
6173,2022-09-15 11:00:00+00:00,57.8
6174,2022-09-15 12:00:00+00:00,60.74
6175,2022-09-15 13:00:00+00:00,56.64
6176,2022-09-15 14:00:00+00:00,56.93
6177,2022-09-15 15:00:00+00:00,57.38
6178,2022-09-15 16:00:00+00:00,61.51
6179,2022-09-15 17:00:00+00:00,65.54
6180,2022-09-15 18:00:00+00:00,71.79
6181,2022-09-15 19:00:00+00:00,77.17
6182,2022-09-15 20:00:00+00:00,84.47
6183,2022-09-15 21:00:00+00:00,91.05
6184,2022-09-15 22:00:00+00:00,85.26
6185,2022-09-15 23:00:00+00:00,92.58
6186,2022-09-16 00:00:00+00:00,93.86
6187,2022-09-16 01:00:00+00:00,69.4
6188,2022-09-16 02:00:00+00:00,62.03
6189,2022-09-16 03:00:00+00:00,57.91
6190,2022-09-16 04:00:00+00:00,54.65
6191,2022-09-16 05:00:00+00:00,53.83
6192,2022-09-16 06:00:00+00:00,49.17
6193,2022-09-16 07:00:00+00:00,47.85
6194,2022-09-16 08:00:00+00:00,42.66
6195,2022-09-16 09:00:00+00:00,44.08
6196,2022-09-16 10:00:00+00:00,51.05
6197,2022-09-16 11:00:00+00:00,57.3
6198,2022-09-16 12:00:00+00:00,57.31
6199,2022-09-16 13:00:00+00:00,56.03
6200,2022-09-16 14:00:00+00:00,57.38
6201,2022-09-16 15:00:00+00:00,60.88
6202,2022-09-16 16:00:00+00:00,58.61
6203,2022-09-16 17:00:00+00:00,69.02
6204,2022-09-16 18:00:00+00:00,75.31
6205,2022-09-16 19:00:00+00:00,89.21
6206,2022-09-16 20:00:00+00:00,97.47
6207,2022-09-16 21:00:00+00:00,97.54
6208,2022-09-16 22:00:00+00:00,84.93
6209,2022-09-16 23:00:00+00:00,82.86
6210,2022-09-17 00:00:00+00:00,80.5
6211,2022-09-17 01:00:00+00:00,67.3
6212,2022-09-17 02:00:00+00:00,61.08
6213,2022-09-17 03:00:00+00:00,56.68
6214,2022-09-17 04:00:00+00:00,56.7
6215,2022-09-17 05:00:00+00:00,56.98
6216,2022-09-17 06:00:00+00:00,52.23
6217,2022-09-17 07:00:00+00:00,48.73
6218,2022-09-17 08:00:00+00:00,44.99
6219,2022-09-17 09:00:00+00:00,44.24
6220,2022-09-17 10:00:00+00:00,46.68
6221,2022-09-17 11:00:00+00:00,51.63
6222,2022-09-17 12:00:00+00:00,53.2
6223,2022-09-17 13:00:00+00:00,55.6
6224,2022-09-17 14:00:00+00:00,51.21
6225,2022-09-17 15:00:00+00:00,56.41
6226,2022-09-17 16:00:00+00:00,59.08
6227,2022-09-17 17:00:00+00:00,64.32
6228,2022-09-17 18:00:00+00:00,68.45
6229,2022-09-17 19:00:00+00:00,73.36
6230,2022-09-17 20:00:00+00:00,79.6
6231,2022-09-17 21:00:00+00:00,86.47
6232,2022-09-17 22:00:00+00:00,83.82
6233,2022-09-17 23:00:00+00:00,79.08
6234,2022-09-18 00:00:00+00:00,80.14
6235,2022-09-18 01:00:00+00:00,65.73
6236,2022-09-18 02:00:00+00:00,59.85
6237,2022-09-18 03:00:00+00:00,54.32
6238,2022-09-18 04:00:00+00:00,53.74
6239,2022-09-18 05:00:00+00:00,55.63
6240,2022-09-18 06:00:00+00:00,51.84
6241,2022-09-18 07:00:00+00:00,49.33
6242,2022-09-18 08:00:00+00:00,46.28
6243,2022-09-18 09:00:00+00:00,45.44
6244,2022-09-18 10:00:00+00:00,46.54
6245,2022-09-18 11:00:00+00:00,47.29
6246,2022-09-18 12:00:00+00:00,47.59
6247,2022-09-18 13:00:00+00:00,50.17
6248,2022-09-18 14:00:00+00:00,53.89
6249,2022-09-18 15:00:00+00:00,56.09
6250,2022-09-18 16:00:00+00:00,59.61
6251,2022-09-18 17:00:00+00:00,66.57
6252,2022-09-18 18:00:00+00:00,72.58
6253,2022-09-18 19:00:00+00:00,79.23
6254,2022-09-18 20:00:00+00:00,95.96
6255,2022-09-18 21:00:00+00:00,102.43
6256,2022-09-18 22:00:00+00:00,102.26
6257,2022-09-18 23:00:00+00:00,117.16
6258,2022-09-19 00:00:00+00:00,118.29
6259,2022-09-19 01:00:00+00:00,74.61
6260,2022-09-19 02:00:00+00:00,62.08
6261,2022-09-19 03:00:00+00:00,56.42
6262,2022-09-19 04:00:00+00:00,52.49
6263,2022-09-19 05:00:00+00:00,54.29
6264,2022-09-19 06:00:00+00:00,51.82
6265,2022-09-19 07:00:00+00:00,48.57
6266,2022-09-19 08:00:00+00:00,45.43
6267,2022-09-19 09:00:00+00:00,46.92
6268,2022-09-19 10:00:00+00:00,51.35
6269,2022-09-19 11:00:00+00:00,57.28
6270,2022-09-19 12:00:00+00:00,60.32
6271,2022-09-19 13:00:00+00:00,60.54
6272,2022-09-19 14:00:00+00:00,58.78
6273,2022-09-19 15:00:00+00:00,61.8
6274,2022-09-19 16:00:00+00:00,70.13
6275,2022-09-19 17:00:00+00:00,80.88
6276,2022-09-19 18:00:00+00:00,105.9
6277,2022-09-19 19:00:00+00:00,125.72
6278,2022-09-19 20:00:00+00:00,167.89
6279,2022-09-19 21:00:00+00:00,188.55
6280,2022-09-19 22:00:00+00:00,142.16
6281,2022-09-19 23:00:00+00:00,157.29
6282,2022-09-20 00:00:00+00:00,151.96
6283,2022-09-20 01:00:00+00:00,80.66
6284,2022-09-20 02:00:00+00:00,68.06
6285,2022-09-20 03:00:00+00:00,62.35
6286,2022-09-20 04:00:00+00:00,54.27
6287,2022-09-20 05:00:00+00:00,53.01
6288,2022-09-20 06:00:00+00:00,50.72
6289,2022-09-20 07:00:00+00:00,44.64
6290,2022-09-20 08:00:00+00:00,42.57
6291,2022-09-20 09:00:00+00:00,42.6
6292,2022-09-20 10:00:00+00:00,44.56
6293,2022-09-20 11:00:00+00:00,51.27
6294,2022-09-20 12:00:00+00:00,53.3
6295,2022-09-20 13:00:00+00:00,53.28
6296,2022-09-20 14:00:00+00:00,54.73
6297,2022-09-20 15:00:00+00:00,65.55
6298,2022-09-20 16:00:00+00:00,70.15
6299,2022-09-20 17:00:00+00:00,84.61
6300,2022-09-20 18:00:00+00:00,102.69
6301,2022-09-20 19:00:00+00:00,127.33
6302,2022-09-20 20:00:00+00:00,161.88
6303,2022-09-20 21:00:00+00:00,180.87
6304,2022-09-20 22:00:00+00:00,158.67
6305,2022-09-20 23:00:00+00:00,165.88
6306,2022-09-21 00:00:00+00:00,143.44
6307,2022-09-21 01:00:00+00:00,77.82
6308,2022-09-21 02:00:00+00:00,64.55
6309,2022-09-21 03:00:00+00:00,57.0
6310,2022-09-21 04:00:00+00:00,51.24
6311,2022-09-21 05:00:00+00:00,49.94
6312,2022-09-21 06:00:00+00:00,48.66
6313,2022-09-21 07:00:00+00:00,43.34
6314,2022-09-21 08:00:00+00:00,41.73
6315,2022-09-21 09:00:00+00:00,41.9
6316,2022-09-21 10:00:00+00:00,45.07
6317,2022-09-21 11:00:00+00:00,49.31
6318,2022-09-21 12:00:00+00:00,50.5
6319,2022-09-21 13:00:00+00:00,50.31
6320,2022-09-21 14:00:00+00:00,52.66
6321,2022-09-21 15:00:00+00:00,59.46
6322,2022-09-21 16:00:00+00:00,69.05
6323,2022-09-21 17:00:00+00:00,80.77
6324,2022-09-21 18:00:00+00:00,97.15
6325,2022-09-21 19:00:00+00:00,126.5
6326,2022-09-21 20:00:00+00:00,174.02
6327,2022-09-21 21:00:00+00:00,189.23
6328,2022-09-21 22:00:00+00:00,183.31
6329,2022-09-21 23:00:00+00:00,227.61
6330,2022-09-22 00:00:00+00:00,216.83
6331,2022-09-22 01:00:00+00:00,81.7
6332,2022-09-22 02:00:00+00:00,65.18
6333,2022-09-22 03:00:00+00:00,61.89
6334,2022-09-22 04:00:00+00:00,55.09
6335,2022-09-22 05:00:00+00:00,47.48
6336,2022-09-22 06:00:00+00:00,46.7
6337,2022-09-22 07:00:00+00:00,42.3
6338,2022-09-22 08:00:00+00:00,40.1
6339,2022-09-22 09:00:00+00:00,40.8
6340,2022-09-22 10:00:00+00:00,44.51
6341,2022-09-22 11:00:00+00:00,52.2
6342,2022-09-22 12:00:00+00:00,52.87
6343,2022-09-22 13:00:00+00:00,51.67
6344,2022-09-22 14:00:00+00:00,52.43
6345,2022-09-22 15:00:00+00:00,63.92
6346,2022-09-22 16:00:00+00:00,71.28
6347,2022-09-22 17:00:00+00:00,84.05
6348,2022-09-22 18:00:00+00:00,120.69
6349,2022-09-22 19:00:00+00:00,180.46
6350,2022-09-22 20:00:00+00:00,254.8
6351,2022-09-22 21:00:00+00:00,277.11
6352,2022-09-22 22:00:00+00:00,236.38
6353,2022-09-22 23:00:00+00:00,298.91
6354,2022-09-23 00:00:00+00:00,252.87
6355,2022-09-23 01:00:00+00:00,99.47
6356,2022-09-23 02:00:00+00:00,74.79
6357,2022-09-23 03:00:00+00:00,65.6
6358,2022-09-23 04:00:00+00:00,57.16
6359,2022-09-23 05:00:00+00:00,51.69
6360,2022-09-23 06:00:00+00:00,45.43
6361,2022-09-23 07:00:00+00:00,43.43
6362,2022-09-23 08:00:00+00:00,42.81
6363,2022-09-23 09:00:00+00:00,42.83
6364,2022-09-23 10:00:00+00:00,44.95
6365,2022-09-23 11:00:00+00:00,49.37
6366,2022-09-23 12:00:00+00:00,47.35
6367,2022-09-23 13:00:00+00:00,45.75
6368,2022-09-23 14:00:00+00:00,44.45
6369,2022-09-23 15:00:00+00:00,60.05
6370,2022-09-23 16:00:00+00:00,68.98
6371,2022-09-23 17:00:00+00:00,81.16
6372,2022-09-23 18:00:00+00:00,88.22
6373,2022-09-23 19:00:00+00:00,95.62
6374,2022-09-23 20:00:00+00:00,124.31
6375,2022-09-23 21:00:00+00:00,126.73
6376,2022-09-23 22:00:00+00:00,109.26
6377,2022-09-23 23:00:00+00:00,121.85
6378,2022-09-24 00:00:00+00:00,118.65
6379,2022-09-24 01:00:00+00:00,68.96
6380,2022-09-24 02:00:00+00:00,60.5
6381,2022-09-24 03:00:00+00:00,59.38
6382,2022-09-24 04:00:00+00:00,51.91
6383,2022-09-24 05:00:00+00:00,47.25
6384,2022-09-24 06:00:00+00:00,45.49
6385,2022-09-24 07:00:00+00:00,40.29
6386,2022-09-24 08:00:00+00:00,35.61
6387,2022-09-24 09:00:00+00:00,35.03
6388,2022-09-24 10:00:00+00:00,34.84
6389,2022-09-24 11:00:00+00:00,35.46
6390,2022-09-24 12:00:00+00:00,38.08
6391,2022-09-24 13:00:00+00:00,42.58
6392,2022-09-24 14:00:00+00:00,38.76
6393,2022-09-24 15:00:00+00:00,46.77
6394,2022-09-24 16:00:00+00:00,50.65
6395,2022-09-24 17:00:00+00:00,58.08
6396,2022-09-24 18:00:00+00:00,64.29
6397,2022-09-24 19:00:00+00:00,74.36
6398,2022-09-24 20:00:00+00:00,80.8
6399,2022-09-24 21:00:00+00:00,90.7
6400,2022-09-24 22:00:00+00:00,88.67
6401,2022-09-24 23:00:00+00:00,99.54
6402,2022-09-25 00:00:00+00:00,89.07
6403,2022-09-25 01:00:00+00:00,58.71
6404,2022-09-25 02:00:00+00:00,49.36
6405,2022-09-25 03:00:00+00:00,46.82
6406,2022-09-25 04:00:00+00:00,43.0
6407,2022-09-25 05:00:00+00:00,42.62
6408,2022-09-25 06:00:00+00:00,41.29
6409,2022-09-25 07:00:00+00:00,38.15
6410,2022-09-25 08:00:00+00:00,36.41
6411,2022-09-25 09:00:00+00:00,36.47
6412,2022-09-25 10:00:00+00:00,37.62
6413,2022-09-25 11:00:00+00:00,37.96
6414,2022-09-25 12:00:00+00:00,39.44
6415,2022-09-25 13:00:00+00:00,38.79
6416,2022-09-25 14:00:00+00:00,40.14
6417,2022-09-25 15:00:00+00:00,48.31
6418,2022-09-25 16:00:00+00:00,51.61
6419,2022-09-25 17:00:00+00:00,59.74
6420,2022-09-25 18:00:00+00:00,67.06
6421,2022-09-25 19:00:00+00:00,66.97
6422,2022-09-25 20:00:00+00:00,72.05
6423,2022-09-25 21:00:00+00:00,82.37
6424,2022-09-25 22:00:00+00:00,85.11
6425,2022-09-25 23:00:00+00:00,88.81
6426,2022-09-26 00:00:00+00:00,87.02
6427,2022-09-26 01:00:00+00:00,68.39
6428,2022-09-26 02:00:00+00:00,56.32
6429,2022-09-26 03:00:00+00:00,50.08
6430,2022-09-26 04:00:00+00:00,44.22
6431,2022-09-26 05:00:00+00:00,43.38
6432,2022-09-26 06:00:00+00:00,41.26
6433,2022-09-26 07:00:00+00:00,37.57
6434,2022-09-26 08:00:00+00:00,34.96
6435,2022-09-26 09:00:00+00:00,34.97
6436,2022-09-26 10:00:00+00:00,36.03
6437,2022-09-26 11:00:00+00:00,40.85
6438,2022-09-26 12:00:00+00:00,41.37
6439,2022-09-26 13:00:00+00:00,38.0
6440,2022-09-26 14:00:00+00:00,35.66
6441,2022-09-26 15:00:00+00:00,42.84
6442,2022-09-26 16:00:00+00:00,48.56
6443,2022-09-26 17:00:00+00:00,57.25
6444,2022-09-26 18:00:00+00:00,66.97
6445,2022-09-26 19:00:00+00:00,68.8
6446,2022-09-26 20:00:00+00:00,79.46
6447,2022-09-26 21:00:00+00:00,84.14
6448,2022-09-26 22:00:00+00:00,77.72
6449,2022-09-26 23:00:00+00:00,96.98
6450,2022-09-27 00:00:00+00:00,96.71
6451,2022-09-27 01:00:00+00:00,59.23
6452,2022-09-27 02:00:00+00:00,50.05
6453,2022-09-27 03:00:00+00:00,46.34
6454,2022-09-27 04:00:00+00:00,40.56
6455,2022-09-27 05:00:00+00:00,44.47
6456,2022-09-27 06:00:00+00:00,40.11
6457,2022-09-27 07:00:00+00:00,35.17
6458,2022-09-27 08:00:00+00:00,29.1
6459,2022-09-27 09:00:00+00:00,29.79
6460,2022-09-27 10:00:00+00:00,33.95
6461,2022-09-27 11:00:00+00:00,41.08
6462,2022-09-27 12:00:00+00:00,41.45
6463,2022-09-27 13:00:00+00:00,36.32
6464,2022-09-27 14:00:00+00:00,33.63
6465,2022-09-27 15:00:00+00:00,35.17
6466,2022-09-27 16:00:00+00:00,40.05
6467,2022-09-27 17:00:00+00:00,49.1
6468,2022-09-27 18:00:00+00:00,61.8
6469,2022-09-27 19:00:00+00:00,65.93
6470,2022-09-27 20:00:00+00:00,75.66
6471,2022-09-27 21:00:00+00:00,82.19
6472,2022-09-27 22:00:00+00:00,83.71
6473,2022-09-27 23:00:00+00:00,101.25
6474,2022-09-28 00:00:00+00:00,79.99
6475,2022-09-28 01:00:00+00:00,48.57
6476,2022-09-28 02:00:00+00:00,40.92
6477,2022-09-28 03:00:00+00:00,37.97
6478,2022-09-28 04:00:00+00:00,34.17
6479,2022-09-28 05:00:00+00:00,32.65
6480,2022-09-28 06:00:00+00:00,31.21
6481,2022-09-28 07:00:00+00:00,27.49
6482,2022-09-28 08:00:00+00:00,29.08
6483,2022-09-28 09:00:00+00:00,30.52
6484,2022-09-28 10:00:00+00:00,34.81
6485,2022-09-28 11:00:00+00:00,40.02
6486,2022-09-28 12:00:00+00:00,40.91
6487,2022-09-28 13:00:00+00:00,36.82
6488,2022-09-28 14:00:00+00:00,36.09
6489,2022-09-28 15:00:00+00:00,38.15
6490,2022-09-28 16:00:00+00:00,44.02
6491,2022-09-28 17:00:00+00:00,46.36
6492,2022-09-28 18:00:00+00:00,51.95
6493,2022-09-28 19:00:00+00:00,61.47
6494,2022-09-28 20:00:00+00:00,66.38
6495,2022-09-28 21:00:00+00:00,77.0
6496,2022-09-28 22:00:00+00:00,77.0
6497,2022-09-28 23:00:00+00:00,101.87
6498,2022-09-29 00:00:00+00:00,92.94
6499,2022-09-29 01:00:00+00:00,50.9
6500,2022-09-29 02:00:00+00:00,43.95
6501,2022-09-29 03:00:00+00:00,42.47
6502,2022-09-29 04:00:00+00:00,39.07
6503,2022-09-29 05:00:00+00:00,39.14
6504,2022-09-29 06:00:00+00:00,37.12
6505,2022-09-29 07:00:00+00:00,32.97
6506,2022-09-29 08:00:00+00:00,30.8
6507,2022-09-29 09:00:00+00:00,32.34
6508,2022-09-29 10:00:00+00:00,36.66
6509,2022-09-29 11:00:00+00:00,45.01
6510,2022-09-29 12:00:00+00:00,46.26
6511,2022-09-29 13:00:00+00:00,40.1
6512,2022-09-29 14:00:00+00:00,37.7
6513,2022-09-29 15:00:00+00:00,36.26
6514,2022-09-29 16:00:00+00:00,43.37
6515,2022-09-29 17:00:00+00:00,46.0
6516,2022-09-29 18:00:00+00:00,48.14
6517,2022-09-29 19:00:00+00:00,56.11
6518,2022-09-29 20:00:00+00:00,59.72
6519,2022-09-29 21:00:00+00:00,65.78
6520,2022-09-29 22:00:00+00:00,64.9
6521,2022-09-29 23:00:00+00:00,98.04
6522,2022-09-30 00:00:00+00:00,96.4
6523,2022-09-30 01:00:00+00:00,52.69
6524,2022-09-30 02:00:00+00:00,48.47
6525,2022-09-30 03:00:00+00:00,45.55
6526,2022-09-30 04:00:00+00:00,40.66
6527,2022-09-30 05:00:00+00:00,44.06
6528,2022-09-30 06:00:00+00:00,37.53
6529,2022-09-30 07:00:00+00:00,33.29
6530,2022-09-30 08:00:00+00:00,33.13
6531,2022-09-30 09:00:00+00:00,35.1
6532,2022-09-30 10:00:00+00:00,39.66
6533,2022-09-30 11:00:00+00:00,48.25
6534,2022-09-30 12:00:00+00:00,46.01
6535,2022-09-30 13:00:00+00:00,39.13
6536,2022-09-30 14:00:00+00:00,37.56
6537,2022-09-30 15:00:00+00:00,38.23
6538,2022-09-30 16:00:00+00:00,40.5
6539,2022-09-30 17:00:00+00:00,47.13
6540,2022-09-30 18:00:00+00:00,51.0
6541,2022-09-30 19:00:00+00:00,54.99
6542,2022-09-30 20:00:00+00:00,58.53
6543,2022-09-30 21:00:00+00:00,70.34
6544,2022-09-30 22:00:00+00:00,61.36
6545,2022-09-30 23:00:00+00:00,65.69
6546,2022-10-01 00:00:00+00:00,60.76
6547,2022-10-01 01:00:00+00:00,45.9
6548,2022-10-01 02:00:00+00:00,42.93
6549,2022-10-01 03:00:00+00:00,40.64
6550,2022-10-01 04:00:00+00:00,36.91
6551,2022-10-01 05:00:00+00:00,31.94
6552,2022-10-01 06:00:00+00:00,26.6
6553,2022-10-01 07:00:00+00:00,22.85
6554,2022-10-01 08:00:00+00:00,23.24
6555,2022-10-01 09:00:00+00:00,26.27
6556,2022-10-01 10:00:00+00:00,30.37
6557,2022-10-01 11:00:00+00:00,33.58
6558,2022-10-01 12:00:00+00:00,36.7
6559,2022-10-01 13:00:00+00:00,35.18
6560,2022-10-01 14:00:00+00:00,32.97
6561,2022-10-01 15:00:00+00:00,36.19
6562,2022-10-01 16:00:00+00:00,36.13
6563,2022-10-01 17:00:00+00:00,37.89
6564,2022-10-01 18:00:00+00:00,37.29
6565,2022-10-01 19:00:00+00:00,40.65
6566,2022-10-01 20:00:00+00:00,46.01
6567,2022-10-01 21:00:00+00:00,53.07
6568,2022-10-01 22:00:00+00:00,55.32
6569,2022-10-01 23:00:00+00:00,57.11
6570,2022-10-02 00:00:00+00:00,48.03
6571,2022-10-02 01:00:00+00:00,40.36
6572,2022-10-02 02:00:00+00:00,39.08
6573,2022-10-02 03:00:00+00:00,38.4
6574,2022-10-02 04:00:00+00:00,33.65
6575,2022-10-02 05:00:00+00:00,30.9
6576,2022-10-02 06:00:00+00:00,28.95
6577,2022-10-02 07:00:00+00:00,27.57
6578,2022-10-02 08:00:00+00:00,27.87
6579,2022-10-02 09:00:00+00:00,30.1
6580,2022-10-02 10:00:00+00:00,33.09
6581,2022-10-02 11:00:00+00:00,35.48
6582,2022-10-02 12:00:00+00:00,37.3
6583,2022-10-02 13:00:00+00:00,32.51
6584,2022-10-02 14:00:00+00:00,32.35
6585,2022-10-02 15:00:00+00:00,36.2
6586,2022-10-02 16:00:00+00:00,34.19
6587,2022-10-02 17:00:00+00:00,37.76
6588,2022-10-02 18:00:00+00:00,43.23
6589,2022-10-02 19:00:00+00:00,40.76
6590,2022-10-02 20:00:00+00:00,48.56
6591,2022-10-02 21:00:00+00:00,55.22
6592,2022-10-02 22:00:00+00:00,56.88
6593,2022-10-02 23:00:00+00:00,66.02
6594,2022-10-03 00:00:00+00:00,59.08
6595,2022-10-03 01:00:00+00:00,42.2
6596,2022-10-03 02:00:00+00:00,40.21
6597,2022-10-03 03:00:00+00:00,37.51
6598,2022-10-03 04:00:00+00:00,32.75
6599,2022-10-03 05:00:00+00:00,28.29
6600,2022-10-03 06:00:00+00:00,29.25
6601,2022-10-03 07:00:00+00:00,30.09
6602,2022-10-03 08:00:00+00:00,27.6
6603,2022-10-03 09:00:00+00:00,30.91
6604,2022-10-03 10:00:00+00:00,38.7
6605,2022-10-03 11:00:00+00:00,47.02
6606,2022-10-03 12:00:00+00:00,52.6
6607,2022-10-03 13:00:00+00:00,41.38
6608,2022-10-03 14:00:00+00:00,36.27
6609,2022-10-03 15:00:00+00:00,36.76
6610,2022-10-03 16:00:00+00:00,37.28
6611,2022-10-03 17:00:00+00:00,43.05
6612,2022-10-03 18:00:00+00:00,44.32
6613,2022-10-03 19:00:00+00:00,54.31
6614,2022-10-03 20:00:00+00:00,61.95
6615,2022-10-03 21:00:00+00:00,71.72
6616,2022-10-03 22:00:00+00:00,74.19
6617,2022-10-03 23:00:00+00:00,113.49
6618,2022-10-04 00:00:00+00:00,85.6
6619,2022-10-04 01:00:00+00:00,47.32
6620,2022-10-04 02:00:00+00:00,40.92
6621,2022-10-04 03:00:00+00:00,37.84
6622,2022-10-04 04:00:00+00:00,31.84
6623,2022-10-04 05:00:00+00:00,33.43
6624,2022-10-04 06:00:00+00:00,31.3
6625,2022-10-04 07:00:00+00:00,30.31
6626,2022-10-04 08:00:00+00:00,30.5
6627,2022-10-04 09:00:00+00:00,32.21
6628,2022-10-04 10:00:00+00:00,40.18
6629,2022-10-04 11:00:00+00:00,49.96
6630,2022-10-04 12:00:00+00:00,52.15
6631,2022-10-04 13:00:00+00:00,37.03
6632,2022-10-04 14:00:00+00:00,33.24
6633,2022-10-04 15:00:00+00:00,34.35
6634,2022-10-04 16:00:00+00:00,37.86
6635,2022-10-04 17:00:00+00:00,40.8
6636,2022-10-04 18:00:00+00:00,46.16
6637,2022-10-04 19:00:00+00:00,53.64
6638,2022-10-04 20:00:00+00:00,66.54
6639,2022-10-04 21:00:00+00:00,75.8
6640,2022-10-04 22:00:00+00:00,75.0
6641,2022-10-04 23:00:00+00:00,115.53
6642,2022-10-05 00:00:00+00:00,78.78
6643,2022-10-05 01:00:00+00:00,44.41
6644,2022-10-05 02:00:00+00:00,40.61
6645,2022-10-05 03:00:00+00:00,35.9
6646,2022-10-05 04:00:00+00:00,34.87
6647,2022-10-05 05:00:00+00:00,30.77
6648,2022-10-05 06:00:00+00:00,31.25
6649,2022-10-05 07:00:00+00:00,30.81
6650,2022-10-05 08:00:00+00:00,29.99
6651,2022-10-05 09:00:00+00:00,33.4
6652,2022-10-05 10:00:00+00:00,38.78
6653,2022-10-05 11:00:00+00:00,42.73
6654,2022-10-05 12:00:00+00:00,47.11
6655,2022-10-05 13:00:00+00:00,38.71
6656,2022-10-05 14:00:00+00:00,35.51
6657,2022-10-05 15:00:00+00:00,37.55
6658,2022-10-05 16:00:00+00:00,42.05
6659,2022-10-05 17:00:00+00:00,47.01
6660,2022-10-05 18:00:00+00:00,53.67
6661,2022-10-05 19:00:00+00:00,56.06
6662,2022-10-05 20:00:00+00:00,65.19
6663,2022-10-05 21:00:00+00:00,76.19
6664,2022-10-05 22:00:00+00:00,83.9
6665,2022-10-05 23:00:00+00:00,117.05
6666,2022-10-06 00:00:00+00:00,85.55
6667,2022-10-06 01:00:00+00:00,53.89
6668,2022-10-06 02:00:00+00:00,47.89
6669,2022-10-06 03:00:00+00:00,43.78
6670,2022-10-06 04:00:00+00:00,41.75
6671,2022-10-06 05:00:00+00:00,40.16
6672,2022-10-06 06:00:00+00:00,39.32
6673,2022-10-06 07:00:00+00:00,38.62
6674,2022-10-06 08:00:00+00:00,37.87
6675,2022-10-06 09:00:00+00:00,38.99
6676,2022-10-06 10:00:00+00:00,45.12
6677,2022-10-06 11:00:00+00:00,50.37
6678,2022-10-06 12:00:00+00:00,55.49
6679,2022-10-06 13:00:00+00:00,45.09
6680,2022-10-06 14:00:00+00:00,42.69
6681,2022-10-06 15:00:00+00:00,45.77
6682,2022-10-06 16:00:00+00:00,48.44
6683,2022-10-06 17:00:00+00:00,53.68
6684,2022-10-06 18:00:00+00:00,59.06
6685,2022-10-06 19:00:00+00:00,65.04
6686,2022-10-06 20:00:00+00:00,81.7
6687,2022-10-06 21:00:00+00:00,98.67
6688,2022-10-06 22:00:00+00:00,102.22
6689,2022-10-06 23:00:00+00:00,149.55
6690,2022-10-07 00:00:00+00:00,102.81
6691,2022-10-07 01:00:00+00:00,60.06
6692,2022-10-07 02:00:00+00:00,53.77
6693,2022-10-07 03:00:00+00:00,53.31
6694,2022-10-07 04:00:00+00:00,48.62
6695,2022-10-07 05:00:00+00:00,54.35
6696,2022-10-07 06:00:00+00:00,49.65
6697,2022-10-07 07:00:00+00:00,45.35
6698,2022-10-07 08:00:00+00:00,44.33
6699,2022-10-07 09:00:00+00:00,46.46
6700,2022-10-07 10:00:00+00:00,53.06
6701,2022-10-07 11:00:00+00:00,57.55
6702,2022-10-07 12:00:00+00:00,58.0
6703,2022-10-07 13:00:00+00:00,48.61
6704,2022-10-07 14:00:00+00:00,45.16
6705,2022-10-07 15:00:00+00:00,49.47
6706,2022-10-07 16:00:00+00:00,51.02
6707,2022-10-07 17:00:00+00:00,54.29
6708,2022-10-07 18:00:00+00:00,64.66
6709,2022-10-07 19:00:00+00:00,75.89
6710,2022-10-07 20:00:00+00:00,94.28
6711,2022-10-07 21:00:00+00:00,114.39
6712,2022-10-07 22:00:00+00:00,106.44
6713,2022-10-07 23:00:00+00:00,73.58
6714,2022-10-08 00:00:00+00:00,67.64
6715,2022-10-08 01:00:00+00:00,55.03
6716,2022-10-08 02:00:00+00:00,54.9
6717,2022-10-08 03:00:00+00:00,54.63
6718,2022-10-08 04:00:00+00:00,51.66
6719,2022-10-08 05:00:00+00:00,54.04
6720,2022-10-08 06:00:00+00:00,49.24
6721,2022-10-08 07:00:00+00:00,45.83
6722,2022-10-08 08:00:00+00:00,42.32
6723,2022-10-08 09:00:00+00:00,41.61
6724,2022-10-08 10:00:00+00:00,41.26
6725,2022-10-08 11:00:00+00:00,42.44
6726,2022-10-08 12:00:00+00:00,43.89
6727,2022-10-08 13:00:00+00:00,42.18
6728,2022-10-08 14:00:00+00:00,41.0
6729,2022-10-08 15:00:00+00:00,42.03
6730,2022-10-08 16:00:00+00:00,46.32
6731,2022-10-08 17:00:00+00:00,50.83
6732,2022-10-08 18:00:00+00:00,59.0
6733,2022-10-08 19:00:00+00:00,73.71
6734,2022-10-08 20:00:00+00:00,85.55
6735,2022-10-08 21:00:00+00:00,97.75
6736,2022-10-08 22:00:00+00:00,96.02
6737,2022-10-08 23:00:00+00:00,82.61
6738,2022-10-09 00:00:00+00:00,66.95
6739,2022-10-09 01:00:00+00:00,52.45
6740,2022-10-09 02:00:00+00:00,51.32
6741,2022-10-09 03:00:00+00:00,50.52
6742,2022-10-09 04:00:00+00:00,46.82
6743,2022-10-09 05:00:00+00:00,50.28
6744,2022-10-09 06:00:00+00:00,47.8
6745,2022-10-09 07:00:00+00:00,42.65
6746,2022-10-09 08:00:00+00:00,40.16
6747,2022-10-09 09:00:00+00:00,40.71
6748,2022-10-09 10:00:00+00:00,40.56
6749,2022-10-09 11:00:00+00:00,41.84
6750,2022-10-09 12:00:00+00:00,42.63
6751,2022-10-09 13:00:00+00:00,43.3
6752,2022-10-09 14:00:00+00:00,42.53
6753,2022-10-09 15:00:00+00:00,44.11
6754,2022-10-09 16:00:00+00:00,44.49
6755,2022-10-09 17:00:00+00:00,50.63
6756,2022-10-09 18:00:00+00:00,53.9
6757,2022-10-09 19:00:00+00:00,59.86
6758,2022-10-09 20:00:00+00:00,69.86
6759,2022-10-09 21:00:00+00:00,98.18
6760,2022-10-09 22:00:00+00:00,108.19
6761,2022-10-09 23:00:00+00:00,100.71
6762,2022-10-10 00:00:00+00:00,85.26
6763,2022-10-10 01:00:00+00:00,56.48
6764,2022-10-10 02:00:00+00:00,51.85
6765,2022-10-10 03:00:00+00:00,51.71
6766,2022-10-10 04:00:00+00:00,47.02
6767,2022-10-10 05:00:00+00:00,46.4
6768,2022-10-10 06:00:00+00:00,43.0
6769,2022-10-10 07:00:00+00:00,38.17
6770,2022-10-10 08:00:00+00:00,37.96
6771,2022-10-10 09:00:00+00:00,39.82
6772,2022-10-10 10:00:00+00:00,43.84
6773,2022-10-10 11:00:00+00:00,50.38
6774,2022-10-10 12:00:00+00:00,51.21
6775,2022-10-10 13:00:00+00:00,47.03
6776,2022-10-10 14:00:00+00:00,47.05
6777,2022-10-10 15:00:00+00:00,45.83
6778,2022-10-10 16:00:00+00:00,44.94
6779,2022-10-10 17:00:00+00:00,52.12
6780,2022-10-10 18:00:00+00:00,58.11
6781,2022-10-10 19:00:00+00:00,68.57
6782,2022-10-10 20:00:00+00:00,85.56
6783,2022-10-10 21:00:00+00:00,100.64
6784,2022-10-10 22:00:00+00:00,104.51
6785,2022-10-10 23:00:00+00:00,100.0
6786,2022-10-11 00:00:00+00:00,75.68
6787,2022-10-11 01:00:00+00:00,64.05
6788,2022-10-11 02:00:00+00:00,55.04
6789,2022-10-11 03:00:00+00:00,50.9
6790,2022-10-11 04:00:00+00:00,46.74
6791,2022-10-11 05:00:00+00:00,43.71
6792,2022-10-11 06:00:00+00:00,37.62
6793,2022-10-11 07:00:00+00:00,31.07
6794,2022-10-11 08:00:00+00:00,30.08
6795,2022-10-11 09:00:00+00:00,31.73
6796,2022-10-11 10:00:00+00:00,36.37
6797,2022-10-11 11:00:00+00:00,43.55
6798,2022-10-11 12:00:00+00:00,45.36
6799,2022-10-11 13:00:00+00:00,43.36
6800,2022-10-11 14:00:00+00:00,45.22
6801,2022-10-11 15:00:00+00:00,45.12
6802,2022-10-11 16:00:00+00:00,50.93
6803,2022-10-11 17:00:00+00:00,51.82
6804,2022-10-11 18:00:00+00:00,62.71
6805,2022-10-11 19:00:00+00:00,79.57
6806,2022-10-11 20:00:00+00:00,82.76
6807,2022-10-11 21:00:00+00:00,89.6
6808,2022-10-11 22:00:00+00:00,91.0
6809,2022-10-11 23:00:00+00:00,91.41
6810,2022-10-12 00:00:00+00:00,78.69
6811,2022-10-12 01:00:00+00:00,64.79
6812,2022-10-12 02:00:00+00:00,51.47
6813,2022-10-12 03:00:00+00:00,50.97
6814,2022-10-12 04:00:00+00:00,42.21
6815,2022-10-12 05:00:00+00:00,36.72
6816,2022-10-12 06:00:00+00:00,31.08
6817,2022-10-12 07:00:00+00:00,26.22
6818,2022-10-12 08:00:00+00:00,26.35
6819,2022-10-12 09:00:00+00:00,26.49
6820,2022-10-12 10:00:00+00:00,30.05
6821,2022-10-12 11:00:00+00:00,45.6
6822,2022-10-12 12:00:00+00:00,50.38
6823,2022-10-12 13:00:00+00:00,44.0
6824,2022-10-12 14:00:00+00:00,44.27
6825,2022-10-12 15:00:00+00:00,48.92
6826,2022-10-12 16:00:00+00:00,52.73
6827,2022-10-12 17:00:00+00:00,60.63
6828,2022-10-12 18:00:00+00:00,70.09
6829,2022-10-12 19:00:00+00:00,90.16
6830,2022-10-12 20:00:00+00:00,131.57
6831,2022-10-12 21:00:00+00:00,192.52
6832,2022-10-12 22:00:00+00:00,249.96
6833,2022-10-12 23:00:00+00:00,327.0
6834,2022-10-13 00:00:00+00:00,234.07
6835,2022-10-13 01:00:00+00:00,90.43
6836,2022-10-13 02:00:00+00:00,58.22
6837,2022-10-13 03:00:00+00:00,54.9
6838,2022-10-13 04:00:00+00:00,51.48
6839,2022-10-13 05:00:00+00:00,46.36
6840,2022-10-13 06:00:00+00:00,39.85
6841,2022-10-13 07:00:00+00:00,37.35
6842,2022-10-13 08:00:00+00:00,36.2
6843,2022-10-13 09:00:00+00:00,36.35
6844,2022-10-13 10:00:00+00:00,38.09
6845,2022-10-13 11:00:00+00:00,48.5
6846,2022-10-13 12:00:00+00:00,48.78
6847,2022-10-13 13:00:00+00:00,41.56
6848,2022-10-13 14:00:00+00:00,40.87
6849,2022-10-13 15:00:00+00:00,44.08
6850,2022-10-13 16:00:00+00:00,51.64
6851,2022-10-13 17:00:00+00:00,58.98
6852,2022-10-13 18:00:00+00:00,69.0
6853,2022-10-13 19:00:00+00:00,84.88
6854,2022-10-13 20:00:00+00:00,93.06
6855,2022-10-13 21:00:00+00:00,114.78
6856,2022-10-13 22:00:00+00:00,109.09
6857,2022-10-13 23:00:00+00:00,139.77
6858,2022-10-14 00:00:00+00:00,90.97
6859,2022-10-14 01:00:00+00:00,62.24
6860,2022-10-14 02:00:00+00:00,55.03
6861,2022-10-14 03:00:00+00:00,51.84
6862,2022-10-14 04:00:00+00:00,43.91
6863,2022-10-14 05:00:00+00:00,44.17
6864,2022-10-14 06:00:00+00:00,37.97
6865,2022-10-14 07:00:00+00:00,36.34
6866,2022-10-14 08:00:00+00:00,35.27
6867,2022-10-14 09:00:00+00:00,35.34
6868,2022-10-14 10:00:00+00:00,37.33
6869,2022-10-14 11:00:00+00:00,44.21
6870,2022-10-14 12:00:00+00:00,43.97
6871,2022-10-14 13:00:00+00:00,37.73
6872,2022-10-14 14:00:00+00:00,36.84
6873,2022-10-14 15:00:00+00:00,38.03
6874,2022-10-14 16:00:00+00:00,41.76
6875,2022-10-14 17:00:00+00:00,45.01
6876,2022-10-14 18:00:00+00:00,51.73
6877,2022-10-14 19:00:00+00:00,70.79
6878,2022-10-14 20:00:00+00:00,78.72
6879,2022-10-14 21:00:00+00:00,79.76
6880,2022-10-14 22:00:00+00:00,82.61
6881,2022-10-14 23:00:00+00:00,115.68
6882,2022-10-15 00:00:00+00:00,68.08
6883,2022-10-15 01:00:00+00:00,51.32
6884,2022-10-15 02:00:00+00:00,47.62
6885,2022-10-15 03:00:00+00:00,46.48
6886,2022-10-15 04:00:00+00:00,41.69
6887,2022-10-15 05:00:00+00:00,44.15
6888,2022-10-15 06:00:00+00:00,38.22
6889,2022-10-15 07:00:00+00:00,32.1
6890,2022-10-15 08:00:00+00:00,33.63
6891,2022-10-15 09:00:00+00:00,33.54
6892,2022-10-15 10:00:00+00:00,34.78
6893,2022-10-15 11:00:00+00:00,42.21
6894,2022-10-15 12:00:00+00:00,44.26
6895,2022-10-15 13:00:00+00:00,42.55
6896,2022-10-15 14:00:00+00:00,44.1
6897,2022-10-15 15:00:00+00:00,45.53
6898,2022-10-15 16:00:00+00:00,47.92
6899,2022-10-15 17:00:00+00:00,54.03
6900,2022-10-15 18:00:00+00:00,67.81
6901,2022-10-15 19:00:00+00:00,72.37
6902,2022-10-15 20:00:00+00:00,84.2
6903,2022-10-15 21:00:00+00:00,113.41
6904,2022-10-15 22:00:00+00:00,107.9
6905,2022-10-15 23:00:00+00:00,128.49
6906,2022-10-16 00:00:00+00:00,73.44
6907,2022-10-16 01:00:00+00:00,52.4
6908,2022-10-16 02:00:00+00:00,47.27
6909,2022-10-16 03:00:00+00:00,46.52
6910,2022-10-16 04:00:00+00:00,45.23
6911,2022-10-16 05:00:00+00:00,45.3
6912,2022-10-16 06:00:00+00:00,42.4
6913,2022-10-16 07:00:00+00:00,39.88
6914,2022-10-16 08:00:00+00:00,43.16
6915,2022-10-16 09:00:00+00:00,44.62
6916,2022-10-16 10:00:00+00:00,47.26
6917,2022-10-16 11:00:00+00:00,49.2
6918,2022-10-16 12:00:00+00:00,50.82
6919,2022-10-16 13:00:00+00:00,47.63
6920,2022-10-16 14:00:00+00:00,48.3
6921,2022-10-16 15:00:00+00:00,50.03
6922,2022-10-16 16:00:00+00:00,55.99
6923,2022-10-16 17:00:00+00:00,68.12
6924,2022-10-16 18:00:00+00:00,75.68
6925,2022-10-16 19:00:00+00:00,78.93
6926,2022-10-16 20:00:00+00:00,82.33
6927,2022-10-16 21:00:00+00:00,90.66
6928,2022-10-16 22:00:00+00:00,79.83
6929,2022-10-16 23:00:00+00:00,74.86
6930,2022-10-17 00:00:00+00:00,70.35
6931,2022-10-17 01:00:00+00:00,55.16
6932,2022-10-17 02:00:00+00:00,54.0
6933,2022-10-17 03:00:00+00:00,49.33
6934,2022-10-17 04:00:00+00:00,48.58
6935,2022-10-17 05:00:00+00:00,48.65
6936,2022-10-17 06:00:00+00:00,43.17
6937,2022-10-17 07:00:00+00:00,40.88
6938,2022-10-17 08:00:00+00:00,41.18
6939,2022-10-17 09:00:00+00:00,43.72
6940,2022-10-17 10:00:00+00:00,48.0
6941,2022-10-17 11:00:00+00:00,50.1
6942,2022-10-17 12:00:00+00:00,50.31
6943,2022-10-17 13:00:00+00:00,48.53
6944,2022-10-17 14:00:00+00:00,49.71
6945,2022-10-17 15:00:00+00:00,49.06
6946,2022-10-17 16:00:00+00:00,50.94
6947,2022-10-17 17:00:00+00:00,52.25
6948,2022-10-17 18:00:00+00:00,55.16
6949,2022-10-17 19:00:00+00:00,58.53
6950,2022-10-17 20:00:00+00:00,56.04
6951,2022-10-17 21:00:00+00:00,60.1
6952,2022-10-17 22:00:00+00:00,63.6
6953,2022-10-17 23:00:00+00:00,80.66
6954,2022-10-18 00:00:00+00:00,91.21
6955,2022-10-18 01:00:00+00:00,58.63
6956,2022-10-18 02:00:00+00:00,53.17
6957,2022-10-18 03:00:00+00:00,52.17
6958,2022-10-18 04:00:00+00:00,47.28
6959,2022-10-18 05:00:00+00:00,46.05
6960,2022-10-18 06:00:00+00:00,42.11
6961,2022-10-18 07:00:00+00:00,40.18
6962,2022-10-18 08:00:00+00:00,39.96
6963,2022-10-18 09:00:00+00:00,41.55
6964,2022-10-18 10:00:00+00:00,50.28
6965,2022-10-18 11:00:00+00:00,68.15
6966,2022-10-18 12:00:00+00:00,72.34
6967,2022-10-18 13:00:00+00:00,57.42
6968,2022-10-18 14:00:00+00:00,52.02
6969,2022-10-18 15:00:00+00:00,47.56
6970,2022-10-18 16:00:00+00:00,45.13
6971,2022-10-18 17:00:00+00:00,44.0
6972,2022-10-18 18:00:00+00:00,44.76
6973,2022-10-18 19:00:00+00:00,44.86
6974,2022-10-18 20:00:00+00:00,45.51
6975,2022-10-18 21:00:00+00:00,46.57
6976,2022-10-18 22:00:00+00:00,56.12
6977,2022-10-18 23:00:00+00:00,98.53
6978,2022-10-19 00:00:00+00:00,114.69
6979,2022-10-19 01:00:00+00:00,63.22
6980,2022-10-19 02:00:00+00:00,52.44
6981,2022-10-19 03:00:00+00:00,52.86
6982,2022-10-19 04:00:00+00:00,48.75
6983,2022-10-19 05:00:00+00:00,44.12
6984,2022-10-19 06:00:00+00:00,41.33
6985,2022-10-19 07:00:00+00:00,39.37
6986,2022-10-19 08:00:00+00:00,39.66
6987,2022-10-19 09:00:00+00:00,38.58
6988,2022-10-19 10:00:00+00:00,49.49
6989,2022-10-19 11:00:00+00:00,74.08
6990,2022-10-19 12:00:00+00:00,75.46
6991,2022-10-19 13:00:00+00:00,54.52
6992,2022-10-19 14:00:00+00:00,43.12
6993,2022-10-19 15:00:00+00:00,42.61
6994,2022-10-19 16:00:00+00:00,37.94
6995,2022-10-19 17:00:00+00:00,36.68
6996,2022-10-19 18:00:00+00:00,37.47
6997,2022-10-19 19:00:00+00:00,38.49
6998,2022-10-19 20:00:00+00:00,42.29
6999,2022-10-19 21:00:00+00:00,43.7
7000,2022-10-19 22:00:00+00:00,47.87
7001,2022-10-19 23:00:00+00:00,108.62
7002,2022-10-20 00:00:00+00:00,107.4
7003,2022-10-20 01:00:00+00:00,55.0
7004,2022-10-20 02:00:00+00:00,45.43
7005,2022-10-20 03:00:00+00:00,42.27
7006,2022-10-20 04:00:00+00:00,42.8
7007,2022-10-20 05:00:00+00:00,30.02
7008,2022-10-20 06:00:00+00:00,25.64
7009,2022-10-20 07:00:00+00:00,22.11
7010,2022-10-20 08:00:00+00:00,22.61
7011,2022-10-20 09:00:00+00:00,28.17
7012,2022-10-20 10:00:00+00:00,38.13
7013,2022-10-20 11:00:00+00:00,50.95
7014,2022-10-20 12:00:00+00:00,50.48
7015,2022-10-20 13:00:00+00:00,40.86
7016,2022-10-20 14:00:00+00:00,39.3
7017,2022-10-20 15:00:00+00:00,40.42
7018,2022-10-20 16:00:00+00:00,41.11
7019,2022-10-20 17:00:00+00:00,40.13
7020,2022-10-20 18:00:00+00:00,45.88
7021,2022-10-20 19:00:00+00:00,47.19
7022,2022-10-20 20:00:00+00:00,48.49
7023,2022-10-20 21:00:00+00:00,55.29
7024,2022-10-20 22:00:00+00:00,67.56
7025,2022-10-20 23:00:00+00:00,145.74
7026,2022-10-21 00:00:00+00:00,106.11
7027,2022-10-21 01:00:00+00:00,58.21
7028,2022-10-21 02:00:00+00:00,50.96
7029,2022-10-21 03:00:00+00:00,47.97
7030,2022-10-21 04:00:00+00:00,43.28
7031,2022-10-21 05:00:00+00:00,37.88
7032,2022-10-21 06:00:00+00:00,32.18
7033,2022-10-21 07:00:00+00:00,24.48
7034,2022-10-21 08:00:00+00:00,19.53
7035,2022-10-21 09:00:00+00:00,20.65
7036,2022-10-21 10:00:00+00:00,31.14
7037,2022-10-21 11:00:00+00:00,45.02
7038,2022-10-21 12:00:00+00:00,41.82
7039,2022-10-21 13:00:00+00:00,33.11
7040,2022-10-21 14:00:00+00:00,33.35
7041,2022-10-21 15:00:00+00:00,36.77
7042,2022-10-21 16:00:00+00:00,40.13
7043,2022-10-21 17:00:00+00:00,41.56
7044,2022-10-21 18:00:00+00:00,42.68
7045,2022-10-21 19:00:00+00:00,50.33
7046,2022-10-21 20:00:00+00:00,59.77
7047,2022-10-21 21:00:00+00:00,63.99
7048,2022-10-21 22:00:00+00:00,57.61
7049,2022-10-21 23:00:00+00:00,63.65
7050,2022-10-22 00:00:00+00:00,50.0
7051,2022-10-22 01:00:00+00:00,36.95
7052,2022-10-22 02:00:00+00:00,38.76
7053,2022-10-22 03:00:00+00:00,30.6
7054,2022-10-22 04:00:00+00:00,22.98
7055,2022-10-22 05:00:00+00:00,21.36
7056,2022-10-22 06:00:00+00:00,18.48
7057,2022-10-22 07:00:00+00:00,16.81
7058,2022-10-22 08:00:00+00:00,14.22
7059,2022-10-22 09:00:00+00:00,14.93
7060,2022-10-22 10:00:00+00:00,16.29
7061,2022-10-22 11:00:00+00:00,26.51
7062,2022-10-22 12:00:00+00:00,33.27
7063,2022-10-22 13:00:00+00:00,34.56
7064,2022-10-22 14:00:00+00:00,36.09
7065,2022-10-22 15:00:00+00:00,34.73
7066,2022-10-22 16:00:00+00:00,36.32
7067,2022-10-22 17:00:00+00:00,37.56
7068,2022-10-22 18:00:00+00:00,39.33
7069,2022-10-22 19:00:00+00:00,42.88
7070,2022-10-22 20:00:00+00:00,54.25
7071,2022-10-22 21:00:00+00:00,68.93
7072,2022-10-22 22:00:00+00:00,56.16
7073,2022-10-22 23:00:00+00:00,65.23
7074,2022-10-23 00:00:00+00:00,51.69
7075,2022-10-23 01:00:00+00:00,37.32
7076,2022-10-23 02:00:00+00:00,36.15
7077,2022-10-23 03:00:00+00:00,35.62
7078,2022-10-23 04:00:00+00:00,32.0
7079,2022-10-23 05:00:00+00:00,34.04
7080,2022-10-23 06:00:00+00:00,30.48
7081,2022-10-23 07:00:00+00:00,23.15
7082,2022-10-23 08:00:00+00:00,20.92
7083,2022-10-23 09:00:00+00:00,20.39
7084,2022-10-23 10:00:00+00:00,20.57
7085,2022-10-23 11:00:00+00:00,30.65
7086,2022-10-23 12:00:00+00:00,31.69
7087,2022-10-23 13:00:00+00:00,28.9
7088,2022-10-23 14:00:00+00:00,28.41
7089,2022-10-23 15:00:00+00:00,33.58
7090,2022-10-23 16:00:00+00:00,39.42
7091,2022-10-23 17:00:00+00:00,37.54
7092,2022-10-23 18:00:00+00:00,39.1
7093,2022-10-23 19:00:00+00:00,46.67
7094,2022-10-23 20:00:00+00:00,54.72
7095,2022-10-23 21:00:00+00:00,57.24
7096,2022-10-23 22:00:00+00:00,57.73
7097,2022-10-23 23:00:00+00:00,60.08
7098,2022-10-24 00:00:00+00:00,52.05
7099,2022-10-24 01:00:00+00:00,38.77
7100,2022-10-24 02:00:00+00:00,35.8
7101,2022-10-24 03:00:00+00:00,37.32
7102,2022-10-24 04:00:00+00:00,34.69
7103,2022-10-24 05:00:00+00:00,35.01
7104,2022-10-24 06:00:00+00:00,29.11
7105,2022-10-24 07:00:00+00:00,26.33
7106,2022-10-24 08:00:00+00:00,26.48
7107,2022-10-24 09:00:00+00:00,31.72
7108,2022-10-24 10:00:00+00:00,37.22
7109,2022-10-24 11:00:00+00:00,38.95
7110,2022-10-24 12:00:00+00:00,44.07
7111,2022-10-24 13:00:00+00:00,41.43
7112,2022-10-24 14:00:00+00:00,43.96
7113,2022-10-24 15:00:00+00:00,45.39
7114,2022-10-24 16:00:00+00:00,47.6
7115,2022-10-24 17:00:00+00:00,45.05
7116,2022-10-24 18:00:00+00:00,50.6
7117,2022-10-24 19:00:00+00:00,62.26
7118,2022-10-24 20:00:00+00:00,60.44
7119,2022-10-24 21:00:00+00:00,65.76
7120,2022-10-24 22:00:00+00:00,66.55
7121,2022-10-24 23:00:00+00:00,66.0
7122,2022-10-25 00:00:00+00:00,52.35
7123,2022-10-25 01:00:00+00:00,39.02
7124,2022-10-25 02:00:00+00:00,38.01
7125,2022-10-25 03:00:00+00:00,37.27
7126,2022-10-25 04:00:00+00:00,37.76
7127,2022-10-25 05:00:00+00:00,37.03
7128,2022-10-25 06:00:00+00:00,27.16
7129,2022-10-25 07:00:00+00:00,21.85
7130,2022-10-25 08:00:00+00:00,22.99
7131,2022-10-25 09:00:00+00:00,26.98
7132,2022-10-25 10:00:00+00:00,33.44
7133,2022-10-25 11:00:00+00:00,47.64
7134,2022-10-25 12:00:00+00:00,45.31
7135,2022-10-25 13:00:00+00:00,41.07
7136,2022-10-25 14:00:00+00:00,37.05
7137,2022-10-25 15:00:00+00:00,35.51
7138,2022-10-25 16:00:00+00:00,35.08
7139,2022-10-25 17:00:00+00:00,35.23
7140,2022-10-25 18:00:00+00:00,35.92
7141,2022-10-25 19:00:00+00:00,36.98
7142,2022-10-25 20:00:00+00:00,38.01
7143,2022-10-25 21:00:00+00:00,37.88
7144,2022-10-25 22:00:00+00:00,53.41
7145,2022-10-25 23:00:00+00:00,175.17
7146,2022-10-26 00:00:00+00:00,165.61
7147,2022-10-26 01:00:00+00:00,85.78
7148,2022-10-26 02:00:00+00:00,54.4
7149,2022-10-26 03:00:00+00:00,46.73
7150,2022-10-26 04:00:00+00:00,41.14
7151,2022-10-26 05:00:00+00:00,38.1
7152,2022-10-26 06:00:00+00:00,30.15
7153,2022-10-26 07:00:00+00:00,27.71
7154,2022-10-26 08:00:00+00:00,27.67
7155,2022-10-26 09:00:00+00:00,28.28
7156,2022-10-26 10:00:00+00:00,36.33
7157,2022-10-26 11:00:00+00:00,57.25
7158,2022-10-26 12:00:00+00:00,56.13
7159,2022-10-26 13:00:00+00:00,41.62
7160,2022-10-26 14:00:00+00:00,35.56
7161,2022-10-26 15:00:00+00:00,31.05
7162,2022-10-26 16:00:00+00:00,29.27
7163,2022-10-26 17:00:00+00:00,28.68
7164,2022-10-26 18:00:00+00:00,31.97
7165,2022-10-26 19:00:00+00:00,34.67
7166,2022-10-26 20:00:00+00:00,37.64
7167,2022-10-26 21:00:00+00:00,39.5
7168,2022-10-26 22:00:00+00:00,40.6
7169,2022-10-26 23:00:00+00:00,66.16
7170,2022-10-27 00:00:00+00:00,46.6
7171,2022-10-27 01:00:00+00:00,34.98
7172,2022-10-27 02:00:00+00:00,39.5
7173,2022-10-27 03:00:00+00:00,35.08
7174,2022-10-27 04:00:00+00:00,29.92
7175,2022-10-27 05:00:00+00:00,23.7
7176,2022-10-27 06:00:00+00:00,17.8
7177,2022-10-27 07:00:00+00:00,15.87
7178,2022-10-27 08:00:00+00:00,13.47
7179,2022-10-27 09:00:00+00:00,16.71
7180,2022-10-27 10:00:00+00:00,23.2
7181,2022-10-27 11:00:00+00:00,46.58
7182,2022-10-27 12:00:00+00:00,49.0
7183,2022-10-27 13:00:00+00:00,39.7
7184,2022-10-27 14:00:00+00:00,34.6
7185,2022-10-27 15:00:00+00:00,30.72
7186,2022-10-27 16:00:00+00:00,30.56
7187,2022-10-27 17:00:00+00:00,31.61
7188,2022-10-27 18:00:00+00:00,34.47
7189,2022-10-27 19:00:00+00:00,39.33
7190,2022-10-27 20:00:00+00:00,39.71
7191,2022-10-27 21:00:00+00:00,35.27
7192,2022-10-27 22:00:00+00:00,45.83
7193,2022-10-27 23:00:00+00:00,59.75
7194,2022-10-28 00:00:00+00:00,44.08
7195,2022-10-28 01:00:00+00:00,35.36
7196,2022-10-28 02:00:00+00:00,31.25
7197,2022-10-28 03:00:00+00:00,35.38
7198,2022-10-28 04:00:00+00:00,32.38
7199,2022-10-28 05:00:00+00:00,43.97
7200,2022-10-28 06:00:00+00:00,36.74
7201,2022-10-28 07:00:00+00:00,35.71
7202,2022-10-28 08:00:00+00:00,32.87
7203,2022-10-28 09:00:00+00:00,32.68
7204,2022-10-28 10:00:00+00:00,36.27
7205,2022-10-28 11:00:00+00:00,57.59
7206,2022-10-28 12:00:00+00:00,57.84
7207,2022-10-28 13:00:00+00:00,41.05
7208,2022-10-28 14:00:00+00:00,38.65
7209,2022-10-28 15:00:00+00:00,36.25
7210,2022-10-28 16:00:00+00:00,35.98
7211,2022-10-28 17:00:00+00:00,35.6
7212,2022-10-28 18:00:00+00:00,36.87
7213,2022-10-28 19:00:00+00:00,37.01
7214,2022-10-28 20:00:00+00:00,37.05
7215,2022-10-28 21:00:00+00:00,36.55
7216,2022-10-28 22:00:00+00:00,35.06
7217,2022-10-28 23:00:00+00:00,46.17
7218,2022-10-29 00:00:00+00:00,60.22
7219,2022-10-29 01:00:00+00:00,49.54
7220,2022-10-29 02:00:00+00:00,45.97
7221,2022-10-29 03:00:00+00:00,43.46
7222,2022-10-29 04:00:00+00:00,40.72
7223,2022-10-29 05:00:00+00:00,55.67
7224,2022-10-29 06:00:00+00:00,46.4
7225,2022-10-29 07:00:00+00:00,41.83
7226,2022-10-29 08:00:00+00:00,40.27
7227,2022-10-29 09:00:00+00:00,38.04
7228,2022-10-29 10:00:00+00:00,39.78
7229,2022-10-29 11:00:00+00:00,38.82
7230,2022-10-29 12:00:00+00:00,47.84
7231,2022-10-29 13:00:00+00:00,46.96
7232,2022-10-29 14:00:00+00:00,40.63
7233,2022-10-29 15:00:00+00:00,40.28
7234,2022-10-29 16:00:00+00:00,38.69
7235,2022-10-29 17:00:00+00:00,38.55
7236,2022-10-29 18:00:00+00:00,37.84
7237,2022-10-29 19:00:00+00:00,39.41
7238,2022-10-29 20:00:00+00:00,38.46
7239,2022-10-29 21:00:00+00:00,38.71
7240,2022-10-29 22:00:00+00:00,43.28
7241,2022-10-29 23:00:00+00:00,121.17
7242,2022-10-30 00:00:00+00:00,128.66
7243,2022-10-30 01:00:00+00:00,74.91
7244,2022-10-30 02:00:00+00:00,58.88
7245,2022-10-30 03:00:00+00:00,56.41
7246,2022-10-30 04:00:00+00:00,50.29
7247,2022-10-30 05:00:00+00:00,49.71
7248,2022-10-30 06:00:00+00:00,46.16
7249,2022-10-30 07:00:00+00:00,40.97
7250,2022-10-30 08:00:00+00:00,39.51
7251,2022-10-30 09:00:00+00:00,38.45
7252,2022-10-30 10:00:00+00:00,39.27
7253,2022-10-30 11:00:00+00:00,41.2
7254,2022-10-30 12:00:00+00:00,44.35
7255,2022-10-30 13:00:00+00:00,39.54
7256,2022-10-30 14:00:00+00:00,31.7
7257,2022-10-30 15:00:00+00:00,32.87
7258,2022-10-30 16:00:00+00:00,38.62
7259,2022-10-30 17:00:00+00:00,38.87
7260,2022-10-30 18:00:00+00:00,38.92
7261,2022-10-30 19:00:00+00:00,39.26
7262,2022-10-30 20:00:00+00:00,39.23
7263,2022-10-30 21:00:00+00:00,46.43
7264,2022-10-30 22:00:00+00:00,65.49
7265,2022-10-30 23:00:00+00:00,175.21
7266,2022-10-31 00:00:00+00:00,148.39
7267,2022-10-31 01:00:00+00:00,67.27
7268,2022-10-31 02:00:00+00:00,55.42
7269,2022-10-31 03:00:00+00:00,48.12
7270,2022-10-31 04:00:00+00:00,44.64
7271,2022-10-31 05:00:00+00:00,41.89
7272,2022-10-31 06:00:00+00:00,38.18
7273,2022-10-31 07:00:00+00:00,36.67
7274,2022-10-31 08:00:00+00:00,37.62
7275,2022-10-31 09:00:00+00:00,39.54
7276,2022-10-31 10:00:00+00:00,44.8
7277,2022-10-31 11:00:00+00:00,76.86
7278,2022-10-31 12:00:00+00:00,77.97
7279,2022-10-31 13:00:00+00:00,56.53
7280,2022-10-31 14:00:00+00:00,46.16
7281,2022-10-31 15:00:00+00:00,44.89
7282,2022-10-31 16:00:00+00:00,43.15
7283,2022-10-31 17:00:00+00:00,42.87
7284,2022-10-31 18:00:00+00:00,43.33
7285,2022-10-31 19:00:00+00:00,46.57
7286,2022-10-31 20:00:00+00:00,48.32
7287,2022-10-31 21:00:00+00:00,59.33
7288,2022-10-31 22:00:00+00:00,76.53
7289,2022-10-31 23:00:00+00:00,115.67
7290,2022-11-01 00:00:00+00:00,79.27
7291,2022-11-01 01:00:00+00:00,52.62
7292,2022-11-01 02:00:00+00:00,44.41
7293,2022-11-01 03:00:00+00:00,39.67
7294,2022-11-01 04:00:00+00:00,34.0
7295,2022-11-01 05:00:00+00:00,33.69
7296,2022-11-01 06:00:00+00:00,29.22
7297,2022-11-01 07:00:00+00:00,29.29
7298,2022-11-01 08:00:00+00:00,30.44
7299,2022-11-01 09:00:00+00:00,31.96
7300,2022-11-01 10:00:00+00:00,36.93
7301,2022-11-01 11:00:00+00:00,47.25
7302,2022-11-01 12:00:00+00:00,57.56
7303,2022-11-01 13:00:00+00:00,48.68
7304,2022-11-01 14:00:00+00:00,42.64
7305,2022-11-01 15:00:00+00:00,38.21
7306,2022-11-01 16:00:00+00:00,39.21
7307,2022-11-01 17:00:00+00:00,35.76
7308,2022-11-01 18:00:00+00:00,36.7
7309,2022-11-01 19:00:00+00:00,35.24
7310,2022-11-01 20:00:00+00:00,35.43
7311,2022-11-01 21:00:00+00:00,37.89
7312,2022-11-01 22:00:00+00:00,52.44
7313,2022-11-01 23:00:00+00:00,62.71
7314,2022-11-02 00:00:00+00:00,44.65
7315,2022-11-02 01:00:00+00:00,41.61
7316,2022-11-02 02:00:00+00:00,38.52
7317,2022-11-02 03:00:00+00:00,34.16
7318,2022-11-02 04:00:00+00:00,31.7
7319,2022-11-02 05:00:00+00:00,21.32
7320,2022-11-02 06:00:00+00:00,19.47
7321,2022-11-02 07:00:00+00:00,19.13
7322,2022-11-02 08:00:00+00:00,20.27
7323,2022-11-02 09:00:00+00:00,22.94
7324,2022-11-02 10:00:00+00:00,27.07
7325,2022-11-02 11:00:00+00:00,37.26
7326,2022-11-02 12:00:00+00:00,42.37
7327,2022-11-02 13:00:00+00:00,40.86
7328,2022-11-02 14:00:00+00:00,30.85
7329,2022-11-02 15:00:00+00:00,28.04
7330,2022-11-02 16:00:00+00:00,26.85
7331,2022-11-02 17:00:00+00:00,27.96
7332,2022-11-02 18:00:00+00:00,28.61
7333,2022-11-02 19:00:00+00:00,30.07
7334,2022-11-02 20:00:00+00:00,32.43
7335,2022-11-02 21:00:00+00:00,39.31
7336,2022-11-02 22:00:00+00:00,48.25
7337,2022-11-02 23:00:00+00:00,49.55
7338,2022-11-03 00:00:00+00:00,44.01
7339,2022-11-03 01:00:00+00:00,34.56
7340,2022-11-03 02:00:00+00:00,31.19
7341,2022-11-03 03:00:00+00:00,24.37
7342,2022-11-03 04:00:00+00:00,25.76
7343,2022-11-03 05:00:00+00:00,20.87
7344,2022-11-03 06:00:00+00:00,18.49
7345,2022-11-03 07:00:00+00:00,17.5
7346,2022-11-03 08:00:00+00:00,15.36
7347,2022-11-03 09:00:00+00:00,16.58
7348,2022-11-03 10:00:00+00:00,18.44
7349,2022-11-03 11:00:00+00:00,32.59
7350,2022-11-03 12:00:00+00:00,34.74
7351,2022-11-03 13:00:00+00:00,32.06
7352,2022-11-03 14:00:00+00:00,28.67
7353,2022-11-03 15:00:00+00:00,27.48
7354,2022-11-03 16:00:00+00:00,29.2
7355,2022-11-03 17:00:00+00:00,31.56
7356,2022-11-03 18:00:00+00:00,36.68
7357,2022-11-03 19:00:00+00:00,47.15
7358,2022-11-03 20:00:00+00:00,47.13
7359,2022-11-03 21:00:00+00:00,48.87
7360,2022-11-03 22:00:00+00:00,45.12
7361,2022-11-03 23:00:00+00:00,47.22
7362,2022-11-04 00:00:00+00:00,42.41
7363,2022-11-04 01:00:00+00:00,37.96
7364,2022-11-04 02:00:00+00:00,41.05
7365,2022-11-04 03:00:00+00:00,33.31
7366,2022-11-04 04:00:00+00:00,28.42
7367,2022-11-04 05:00:00+00:00,35.71
7368,2022-11-04 06:00:00+00:00,26.7
7369,2022-11-04 07:00:00+00:00,22.77
7370,2022-11-04 08:00:00+00:00,21.02
7371,2022-11-04 09:00:00+00:00,21.57
7372,2022-11-04 10:00:00+00:00,37.33
7373,2022-11-04 11:00:00+00:00,45.54
7374,2022-11-04 12:00:00+00:00,44.42
7375,2022-11-04 13:00:00+00:00,37.82
7376,2022-11-04 14:00:00+00:00,38.13
7377,2022-11-04 15:00:00+00:00,38.06
7378,2022-11-04 16:00:00+00:00,42.68
7379,2022-11-04 17:00:00+00:00,44.2
7380,2022-11-04 18:00:00+00:00,54.57
7381,2022-11-04 19:00:00+00:00,73.01
7382,2022-11-04 20:00:00+00:00,64.89
7383,2022-11-04 21:00:00+00:00,64.28
7384,2022-11-04 22:00:00+00:00,55.83
7385,2022-11-04 23:00:00+00:00,60.12
7386,2022-11-05 00:00:00+00:00,55.33
7387,2022-11-05 01:00:00+00:00,43.12
7388,2022-11-05 02:00:00+00:00,45.12
7389,2022-11-05 03:00:00+00:00,36.68
7390,2022-11-05 04:00:00+00:00,35.38
7391,2022-11-05 05:00:00+00:00,38.27
7392,2022-11-05 06:00:00+00:00,29.28
7393,2022-11-05 07:00:00+00:00,24.3
7394,2022-11-05 08:00:00+00:00,22.3
7395,2022-11-05 09:00:00+00:00,21.15
7396,2022-11-05 10:00:00+00:00,20.95
7397,2022-11-05 11:00:00+00:00,26.89
7398,2022-11-05 12:00:00+00:00,30.35
7399,2022-11-05 13:00:00+00:00,27.65
7400,2022-11-05 14:00:00+00:00,20.79
7401,2022-11-05 15:00:00+00:00,20.61
7402,2022-11-05 16:00:00+00:00,20.02
7403,2022-11-05 17:00:00+00:00,18.51
7404,2022-11-05 18:00:00+00:00,16.15
7405,2022-11-05 19:00:00+00:00,16.34
7406,2022-11-05 20:00:00+00:00,17.01
7407,2022-11-05 21:00:00+00:00,17.92
7408,2022-11-05 22:00:00+00:00,23.17
7409,2022-11-05 23:00:00+00:00,38.69
7410,2022-11-06 00:00:00+00:00,22.96
7411,2022-11-06 01:00:00+00:00,17.38
7412,2022-11-06 02:00:00+00:00,20.96
7413,2022-11-06 03:00:00+00:00,17.33
7414,2022-11-06 04:00:00+00:00,17.51
7415,2022-11-06 05:00:00+00:00,10.3
7416,2022-11-06 06:00:00+00:00,7.39
7417,2022-11-06 07:00:00+00:00,7.51
7418,2022-11-06 08:00:00+00:00,8.91
7419,2022-11-06 09:00:00+00:00,6.52
7420,2022-11-06 10:00:00+00:00,8.84
7421,2022-11-06 11:00:00+00:00,8.03
7422,2022-11-06 12:00:00+00:00,11.44
7423,2022-11-06 13:00:00+00:00,12.6
7424,2022-11-06 14:00:00+00:00,14.04
7425,2022-11-06 15:00:00+00:00,13.08
7426,2022-11-06 16:00:00+00:00,16.77
7427,2022-11-06 17:00:00+00:00,17.56
7428,2022-11-06 18:00:00+00:00,18.43
7429,2022-11-06 19:00:00+00:00,20.0
7430,2022-11-06 20:00:00+00:00,27.37
7431,2022-11-06 21:00:00+00:00,30.58
7432,2022-11-06 22:00:00+00:00,49.97
7433,2022-11-06 23:00:00+00:00,112.98
7434,2022-11-07 00:00:00+00:00,58.3
7435,2022-11-07 01:00:00+00:00,35.44
7436,2022-11-07 02:00:00+00:00,26.02
7437,2022-11-07 03:00:00+00:00,19.8
7438,2022-11-07 04:00:00+00:00,16.47
7439,2022-11-07 05:00:00+00:00,16.67
7440,2022-11-07 06:00:00+00:00,24.17
7441,2022-11-07 07:00:00+00:00,22.17
7442,2022-11-07 08:00:00+00:00,20.67
7443,2022-11-07 09:00:00+00:00,20.06
7444,2022-11-07 10:00:00+00:00,21.99
7445,2022-11-07 11:00:00+00:00,29.38
7446,2022-11-07 12:00:00+00:00,44.44
7447,2022-11-07 13:00:00+00:00,45.62
7448,2022-11-07 14:00:00+00:00,30.29
7449,2022-11-07 15:00:00+00:00,34.2
7450,2022-11-07 16:00:00+00:00,38.61
7451,2022-11-07 17:00:00+00:00,35.01
7452,2022-11-07 18:00:00+00:00,41.54
7453,2022-11-07 19:00:00+00:00,49.8
7454,2022-11-07 20:00:00+00:00,65.6
7455,2022-11-07 21:00:00+00:00,64.99
7456,2022-11-07 22:00:00+00:00,95.41
7457,2022-11-07 23:00:00+00:00,170.75
7458,2022-11-08 00:00:00+00:00,47.28
7459,2022-11-08 01:00:00+00:00,29.57
7460,2022-11-08 02:00:00+00:00,21.5
7461,2022-11-08 03:00:00+00:00,18.9
7462,2022-11-08 04:00:00+00:00,17.31
7463,2022-11-08 05:00:00+00:00,18.44
7464,2022-11-08 06:00:00+00:00,29.45
7465,2022-11-08 07:00:00+00:00,24.03
7466,2022-11-08 08:00:00+00:00,20.74
7467,2022-11-08 09:00:00+00:00,19.21
7468,2022-11-08 10:00:00+00:00,23.57
7469,2022-11-08 11:00:00+00:00,25.52
7470,2022-11-08 12:00:00+00:00,36.02
7471,2022-11-08 13:00:00+00:00,38.25
7472,2022-11-08 14:00:00+00:00,34.68
7473,2022-11-08 15:00:00+00:00,31.2
7474,2022-11-08 16:00:00+00:00,35.5
7475,2022-11-08 17:00:00+00:00,44.4
7476,2022-11-08 18:00:00+00:00,50.49
7477,2022-11-08 19:00:00+00:00,64.03
7478,2022-11-08 20:00:00+00:00,87.49
7479,2022-11-08 21:00:00+00:00,77.05
7480,2022-11-08 22:00:00+00:00,83.87
7481,2022-11-08 23:00:00+00:00,134.28
7482,2022-11-09 00:00:00+00:00,67.78
7483,2022-11-09 01:00:00+00:00,42.28
7484,2022-11-09 02:00:00+00:00,38.5
7485,2022-11-09 03:00:00+00:00,31.95
7486,2022-11-09 04:00:00+00:00,28.79
7487,2022-11-09 05:00:00+00:00,24.47
7488,2022-11-09 06:00:00+00:00,24.61
7489,2022-11-09 07:00:00+00:00,22.2
7490,2022-11-09 08:00:00+00:00,20.72
7491,2022-11-09 09:00:00+00:00,20.48
7492,2022-11-09 10:00:00+00:00,20.86
7493,2022-11-09 11:00:00+00:00,22.71
7494,2022-11-09 12:00:00+00:00,32.04
7495,2022-11-09 13:00:00+00:00,31.47
7496,2022-11-09 14:00:00+00:00,32.06
7497,2022-11-09 15:00:00+00:00,36.28
7498,2022-11-09 16:00:00+00:00,38.75
7499,2022-11-09 17:00:00+00:00,40.93
7500,2022-11-09 18:00:00+00:00,47.8
7501,2022-11-09 19:00:00+00:00,65.98
7502,2022-11-09 20:00:00+00:00,79.13
7503,2022-11-09 21:00:00+00:00,83.29
7504,2022-11-09 22:00:00+00:00,94.82
7505,2022-11-09 23:00:00+00:00,95.82
7506,2022-11-10 00:00:00+00:00,57.08
7507,2022-11-10 01:00:00+00:00,41.89
7508,2022-11-10 02:00:00+00:00,37.83
7509,2022-11-10 03:00:00+00:00,36.65
7510,2022-11-10 04:00:00+00:00,34.5
7511,2022-11-10 05:00:00+00:00,25.92
7512,2022-11-10 06:00:00+00:00,23.69
7513,2022-11-10 07:00:00+00:00,21.54
7514,2022-11-10 08:00:00+00:00,19.74
7515,2022-11-10 09:00:00+00:00,19.2
7516,2022-11-10 10:00:00+00:00,19.17
7517,2022-11-10 11:00:00+00:00,29.91
7518,2022-11-10 12:00:00+00:00,44.72
7519,2022-11-10 13:00:00+00:00,50.33
7520,2022-11-10 14:00:00+00:00,41.29
7521,2022-11-10 15:00:00+00:00,26.84
7522,2022-11-10 16:00:00+00:00,36.2
7523,2022-11-10 17:00:00+00:00,39.97
7524,2022-11-10 18:00:00+00:00,73.12
7525,2022-11-10 19:00:00+00:00,72.07
7526,2022-11-10 20:00:00+00:00,109.17
7527,2022-11-10 21:00:00+00:00,112.59
7528,2022-11-10 22:00:00+00:00,290.13
7529,2022-11-10 23:00:00+00:00,454.83
7530,2022-11-11 00:00:00+00:00,140.06
7531,2022-11-11 01:00:00+00:00,64.25
7532,2022-11-11 02:00:00+00:00,44.38
7533,2022-11-11 03:00:00+00:00,35.71
7534,2022-11-11 04:00:00+00:00,34.5
7535,2022-11-11 05:00:00+00:00,28.44
7536,2022-11-11 06:00:00+00:00,28.46
7537,2022-11-11 07:00:00+00:00,23.92
7538,2022-11-11 08:00:00+00:00,19.73
7539,2022-11-11 09:00:00+00:00,18.09
7540,2022-11-11 10:00:00+00:00,17.56
7541,2022-11-11 11:00:00+00:00,23.31
7542,2022-11-11 12:00:00+00:00,30.66
7543,2022-11-11 13:00:00+00:00,32.77
7544,2022-11-11 14:00:00+00:00,35.64
7545,2022-11-11 15:00:00+00:00,44.34
7546,2022-11-11 16:00:00+00:00,59.22
7547,2022-11-11 17:00:00+00:00,63.14
7548,2022-11-11 18:00:00+00:00,72.97
7549,2022-11-11 19:00:00+00:00,81.62
7550,2022-11-11 20:00:00+00:00,77.6
7551,2022-11-11 21:00:00+00:00,60.44
7552,2022-11-11 22:00:00+00:00,63.16
7553,2022-11-11 23:00:00+00:00,73.54
7554,2022-11-12 00:00:00+00:00,49.01
7555,2022-11-12 01:00:00+00:00,42.56
7556,2022-11-12 02:00:00+00:00,42.48
7557,2022-11-12 03:00:00+00:00,50.08
7558,2022-11-12 04:00:00+00:00,47.58
7559,2022-11-12 05:00:00+00:00,46.0
7560,2022-11-12 06:00:00+00:00,51.38
7561,2022-11-12 07:00:00+00:00,47.17
7562,2022-11-12 08:00:00+00:00,43.53
7563,2022-11-12 09:00:00+00:00,41.43
7564,2022-11-12 10:00:00+00:00,42.8
7565,2022-11-12 11:00:00+00:00,51.26
7566,2022-11-12 12:00:00+00:00,61.52
7567,2022-11-12 13:00:00+00:00,69.48
7568,2022-11-12 14:00:00+00:00,54.88
7569,2022-11-12 15:00:00+00:00,48.35
7570,2022-11-12 16:00:00+00:00,43.48
7571,2022-11-12 17:00:00+00:00,38.66
7572,2022-11-12 18:00:00+00:00,37.19
7573,2022-11-12 19:00:00+00:00,35.58
7574,2022-11-12 20:00:00+00:00,35.03
7575,2022-11-12 21:00:00+00:00,36.24
7576,2022-11-12 22:00:00+00:00,42.51
7577,2022-11-12 23:00:00+00:00,119.45
7578,2022-11-13 00:00:00+00:00,77.91
7579,2022-11-13 01:00:00+00:00,53.28
7580,2022-11-13 02:00:00+00:00,51.71
7581,2022-11-13 03:00:00+00:00,45.57
7582,2022-11-13 04:00:00+00:00,44.46
7583,2022-11-13 05:00:00+00:00,40.55
7584,2022-11-13 06:00:00+00:00,37.96
7585,2022-11-13 07:00:00+00:00,36.92
7586,2022-11-13 08:00:00+00:00,35.3
7587,2022-11-13 09:00:00+00:00,36.86
7588,2022-11-13 10:00:00+00:00,36.76
7589,2022-11-13 11:00:00+00:00,41.76
7590,2022-11-13 12:00:00+00:00,47.6
7591,2022-11-13 13:00:00+00:00,52.78
7592,2022-11-13 14:00:00+00:00,43.7
7593,2022-11-13 15:00:00+00:00,39.96
7594,2022-11-13 16:00:00+00:00,41.15
7595,2022-11-13 17:00:00+00:00,35.86
7596,2022-11-13 18:00:00+00:00,28.71
7597,2022-11-13 19:00:00+00:00,30.45
7598,2022-11-13 20:00:00+00:00,27.66
7599,2022-11-13 21:00:00+00:00,28.84
7600,2022-11-13 22:00:00+00:00,35.42
7601,2022-11-13 23:00:00+00:00,52.5
7602,2022-11-14 00:00:00+00:00,48.44
7603,2022-11-14 01:00:00+00:00,39.62
7604,2022-11-14 02:00:00+00:00,36.96
7605,2022-11-14 03:00:00+00:00,37.99
7606,2022-11-14 04:00:00+00:00,34.24
7607,2022-11-14 05:00:00+00:00,31.49
7608,2022-11-14 06:00:00+00:00,25.63
7609,2022-11-14 07:00:00+00:00,24.18
7610,2022-11-14 08:00:00+00:00,24.96
7611,2022-11-14 09:00:00+00:00,31.66
7612,2022-11-14 10:00:00+00:00,39.07
7613,2022-11-14 11:00:00+00:00,43.65
7614,2022-11-14 12:00:00+00:00,67.84
7615,2022-11-14 13:00:00+00:00,73.3
7616,2022-11-14 14:00:00+00:00,48.44
7617,2022-11-14 15:00:00+00:00,43.16
7618,2022-11-14 16:00:00+00:00,45.2
7619,2022-11-14 17:00:00+00:00,40.57
7620,2022-11-14 18:00:00+00:00,36.01
7621,2022-11-14 19:00:00+00:00,32.74
7622,2022-11-14 20:00:00+00:00,33.29
7623,2022-11-14 21:00:00+00:00,33.54
7624,2022-11-14 22:00:00+00:00,39.5
7625,2022-11-14 23:00:00+00:00,58.88
7626,2022-11-15 00:00:00+00:00,56.4
7627,2022-11-15 01:00:00+00:00,48.67
7628,2022-11-15 02:00:00+00:00,47.29
7629,2022-11-15 03:00:00+00:00,43.92
7630,2022-11-15 04:00:00+00:00,40.22
7631,2022-11-15 05:00:00+00:00,38.33
7632,2022-11-15 06:00:00+00:00,39.23
7633,2022-11-15 07:00:00+00:00,36.28
7634,2022-11-15 08:00:00+00:00,37.12
7635,2022-11-15 09:00:00+00:00,39.09
7636,2022-11-15 10:00:00+00:00,43.08
7637,2022-11-15 11:00:00+00:00,48.61
7638,2022-11-15 12:00:00+00:00,107.3
7639,2022-11-15 13:00:00+00:00,93.16
7640,2022-11-15 14:00:00+00:00,52.22
7641,2022-11-15 15:00:00+00:00,45.54
7642,2022-11-15 16:00:00+00:00,46.19
7643,2022-11-15 17:00:00+00:00,42.43
7644,2022-11-15 18:00:00+00:00,39.51
7645,2022-11-15 19:00:00+00:00,38.53
7646,2022-11-15 20:00:00+00:00,38.81
7647,2022-11-15 21:00:00+00:00,40.28
7648,2022-11-15 22:00:00+00:00,51.35
7649,2022-11-15 23:00:00+00:00,215.97
7650,2022-11-16 00:00:00+00:00,136.55
7651,2022-11-16 01:00:00+00:00,83.57
7652,2022-11-16 02:00:00+00:00,66.5
7653,2022-11-16 03:00:00+00:00,59.72
7654,2022-11-16 04:00:00+00:00,57.64
7655,2022-11-16 05:00:00+00:00,53.95
7656,2022-11-16 06:00:00+00:00,53.63
7657,2022-11-16 07:00:00+00:00,51.11
7658,2022-11-16 08:00:00+00:00,50.21
7659,2022-11-16 09:00:00+00:00,50.78
7660,2022-11-16 10:00:00+00:00,48.74
7661,2022-11-16 11:00:00+00:00,56.47
7662,2022-11-16 12:00:00+00:00,145.15
7663,2022-11-16 13:00:00+00:00,116.81
7664,2022-11-16 14:00:00+00:00,77.01
7665,2022-11-16 15:00:00+00:00,63.96
7666,2022-11-16 16:00:00+00:00,58.15
7667,2022-11-16 17:00:00+00:00,52.32
7668,2022-11-16 18:00:00+00:00,45.47
7669,2022-11-16 19:00:00+00:00,42.17
7670,2022-11-16 20:00:00+00:00,39.51
7671,2022-11-16 21:00:00+00:00,39.06
7672,2022-11-16 22:00:00+00:00,51.21
7673,2022-11-16 23:00:00+00:00,111.0
7674,2022-11-17 00:00:00+00:00,108.21
7675,2022-11-17 01:00:00+00:00,94.69
7676,2022-11-17 02:00:00+00:00,78.48
7677,2022-11-17 03:00:00+00:00,64.33
7678,2022-11-17 04:00:00+00:00,57.43
7679,2022-11-17 05:00:00+00:00,49.21
7680,2022-11-17 06:00:00+00:00,50.01
7681,2022-11-17 07:00:00+00:00,47.83
7682,2022-11-17 08:00:00+00:00,45.59
7683,2022-11-17 09:00:00+00:00,45.35
7684,2022-11-17 10:00:00+00:00,47.81
7685,2022-11-17 11:00:00+00:00,52.82
7686,2022-11-17 12:00:00+00:00,101.27
7687,2022-11-17 13:00:00+00:00,69.23
7688,2022-11-17 14:00:00+00:00,50.68
7689,2022-11-17 15:00:00+00:00,49.18
7690,2022-11-17 16:00:00+00:00,41.22
7691,2022-11-17 17:00:00+00:00,38.72
7692,2022-11-17 18:00:00+00:00,34.9
7693,2022-11-17 19:00:00+00:00,33.62
7694,2022-11-17 20:00:00+00:00,33.89
7695,2022-11-17 21:00:00+00:00,34.23
7696,2022-11-17 22:00:00+00:00,42.53
7697,2022-11-17 23:00:00+00:00,101.85
7698,2022-11-18 00:00:00+00:00,69.2
7699,2022-11-18 01:00:00+00:00,50.43
7700,2022-11-18 02:00:00+00:00,47.2
7701,2022-11-18 03:00:00+00:00,44.61
7702,2022-11-18 04:00:00+00:00,41.64
7703,2022-11-18 05:00:00+00:00,37.16
7704,2022-11-18 06:00:00+00:00,34.41
7705,2022-11-18 07:00:00+00:00,33.68
7706,2022-11-18 08:00:00+00:00,34.26
7707,2022-11-18 09:00:00+00:00,36.6
7708,2022-11-18 10:00:00+00:00,40.77
7709,2022-11-18 11:00:00+00:00,50.83
7710,2022-11-18 12:00:00+00:00,73.64
7711,2022-11-18 13:00:00+00:00,66.31
7712,2022-11-18 14:00:00+00:00,53.92
7713,2022-11-18 15:00:00+00:00,54.0
7714,2022-11-18 16:00:00+00:00,49.39
7715,2022-11-18 17:00:00+00:00,43.88
7716,2022-11-18 18:00:00+00:00,39.01
7717,2022-11-18 19:00:00+00:00,37.15
7718,2022-11-18 20:00:00+00:00,37.02
7719,2022-11-18 21:00:00+00:00,38.67
7720,2022-11-18 22:00:00+00:00,44.19
7721,2022-11-18 23:00:00+00:00,76.66
7722,2022-11-19 00:00:00+00:00,65.12
7723,2022-11-19 01:00:00+00:00,58.13
7724,2022-11-19 02:00:00+00:00,57.17
7725,2022-11-19 03:00:00+00:00,57.5
7726,2022-11-19 04:00:00+00:00,55.07
7727,2022-11-19 05:00:00+00:00,53.21
7728,2022-11-19 06:00:00+00:00,49.26
7729,2022-11-19 07:00:00+00:00,48.08
7730,2022-11-19 08:00:00+00:00,46.87
7731,2022-11-19 09:00:00+00:00,46.32
7732,2022-11-19 10:00:00+00:00,47.94
7733,2022-11-19 11:00:00+00:00,52.38
7734,2022-11-19 12:00:00+00:00,57.59
7735,2022-11-19 13:00:00+00:00,61.25
7736,2022-11-19 14:00:00+00:00,64.2
7737,2022-11-19 15:00:00+00:00,67.47
7738,2022-11-19 16:00:00+00:00,57.43
7739,2022-11-19 17:00:00+00:00,55.78
7740,2022-11-19 18:00:00+00:00,50.78
7741,2022-11-19 19:00:00+00:00,47.72
7742,2022-11-19 20:00:00+00:00,46.06
7743,2022-11-19 21:00:00+00:00,50.35
7744,2022-11-19 22:00:00+00:00,63.01
7745,2022-11-19 23:00:00+00:00,134.13
7746,2022-11-20 00:00:00+00:00,130.77
7747,2022-11-20 01:00:00+00:00,105.52
7748,2022-11-20 02:00:00+00:00,104.76
7749,2022-11-20 03:00:00+00:00,76.59
7750,2022-11-20 04:00:00+00:00,57.86
7751,2022-11-20 05:00:00+00:00,56.96
7752,2022-11-20 06:00:00+00:00,56.29
7753,2022-11-20 07:00:00+00:00,53.87
7754,2022-11-20 08:00:00+00:00,53.86
7755,2022-11-20 09:00:00+00:00,51.51
7756,2022-11-20 10:00:00+00:00,53.49
7757,2022-11-20 11:00:00+00:00,55.1
7758,2022-11-20 12:00:00+00:00,66.87
7759,2022-11-20 13:00:00+00:00,75.42
7760,2022-11-20 14:00:00+00:00,71.44
7761,2022-11-20 15:00:00+00:00,71.51
7762,2022-11-20 16:00:00+00:00,56.63
7763,2022-11-20 17:00:00+00:00,48.58
7764,2022-11-20 18:00:00+00:00,45.44
7765,2022-11-20 19:00:00+00:00,43.7
7766,2022-11-20 20:00:00+00:00,44.7
7767,2022-11-20 21:00:00+00:00,45.4
7768,2022-11-20 22:00:00+00:00,53.37
7769,2022-11-20 23:00:00+00:00,79.48
7770,2022-11-21 00:00:00+00:00,69.46
7771,2022-11-21 01:00:00+00:00,61.22
7772,2022-11-21 02:00:00+00:00,56.4
7773,2022-11-21 03:00:00+00:00,52.94
7774,2022-11-21 04:00:00+00:00,53.31
7775,2022-11-21 05:00:00+00:00,47.56
7776,2022-11-21 06:00:00+00:00,45.92
7777,2022-11-21 07:00:00+00:00,46.13
7778,2022-11-21 08:00:00+00:00,44.92
7779,2022-11-21 09:00:00+00:00,46.17
7780,2022-11-21 10:00:00+00:00,49.81
7781,2022-11-21 11:00:00+00:00,55.18
7782,2022-11-21 12:00:00+00:00,83.67
7783,2022-11-21 13:00:00+00:00,84.18
7784,2022-11-21 14:00:00+00:00,68.68
7785,2022-11-21 15:00:00+00:00,58.32
7786,2022-11-21 16:00:00+00:00,57.46
7787,2022-11-21 17:00:00+00:00,56.39
7788,2022-11-21 18:00:00+00:00,50.34
7789,2022-11-21 19:00:00+00:00,48.33
7790,2022-11-21 20:00:00+00:00,44.02
7791,2022-11-21 21:00:00+00:00,43.62
7792,2022-11-21 22:00:00+00:00,58.73
7793,2022-11-21 23:00:00+00:00,118.85
7794,2022-11-22 00:00:00+00:00,84.25
7795,2022-11-22 01:00:00+00:00,62.81
7796,2022-11-22 02:00:00+00:00,56.71
7797,2022-11-22 03:00:00+00:00,53.6
7798,2022-11-22 04:00:00+00:00,52.35
7799,2022-11-22 05:00:00+00:00,46.42
7800,2022-11-22 06:00:00+00:00,35.92
7801,2022-11-22 07:00:00+00:00,34.62
7802,2022-11-22 08:00:00+00:00,34.8
7803,2022-11-22 09:00:00+00:00,35.03
7804,2022-11-22 10:00:00+00:00,39.69
7805,2022-11-22 11:00:00+00:00,46.51
7806,2022-11-22 12:00:00+00:00,63.09
7807,2022-11-22 13:00:00+00:00,64.46
7808,2022-11-22 14:00:00+00:00,50.96
7809,2022-11-22 15:00:00+00:00,48.07
7810,2022-11-22 16:00:00+00:00,45.82
7811,2022-11-22 17:00:00+00:00,42.99
7812,2022-11-22 18:00:00+00:00,38.54
7813,2022-11-22 19:00:00+00:00,37.48
7814,2022-11-22 20:00:00+00:00,36.56
7815,2022-11-22 21:00:00+00:00,36.49
7816,2022-11-22 22:00:00+00:00,44.62
7817,2022-11-22 23:00:00+00:00,65.4
7818,2022-11-23 00:00:00+00:00,46.77
7819,2022-11-23 01:00:00+00:00,45.06
7820,2022-11-23 02:00:00+00:00,43.81
7821,2022-11-23 03:00:00+00:00,38.63
7822,2022-11-23 04:00:00+00:00,35.42
7823,2022-11-23 05:00:00+00:00,32.57
7824,2022-11-23 06:00:00+00:00,34.45
7825,2022-11-23 07:00:00+00:00,31.6
7826,2022-11-23 08:00:00+00:00,32.65
7827,2022-11-23 09:00:00+00:00,33.66
7828,2022-11-23 10:00:00+00:00,35.45
7829,2022-11-23 11:00:00+00:00,42.44
7830,2022-11-23 12:00:00+00:00,56.47
7831,2022-11-23 13:00:00+00:00,55.52
7832,2022-11-23 14:00:00+00:00,48.7
7833,2022-11-23 15:00:00+00:00,48.0
7834,2022-11-23 16:00:00+00:00,43.65
7835,2022-11-23 17:00:00+00:00,46.93
7836,2022-11-23 18:00:00+00:00,40.81
7837,2022-11-23 19:00:00+00:00,39.01
7838,2022-11-23 20:00:00+00:00,39.09
7839,2022-11-23 21:00:00+00:00,37.99
7840,2022-11-23 22:00:00+00:00,41.07
7841,2022-11-23 23:00:00+00:00,58.84
7842,2022-11-24 00:00:00+00:00,41.65
7843,2022-11-24 01:00:00+00:00,41.82
7844,2022-11-24 02:00:00+00:00,40.18
7845,2022-11-24 03:00:00+00:00,43.65
7846,2022-11-24 04:00:00+00:00,37.32
7847,2022-11-24 05:00:00+00:00,32.86
7848,2022-11-24 06:00:00+00:00,35.57
7849,2022-11-24 07:00:00+00:00,34.08
7850,2022-11-24 08:00:00+00:00,35.14
7851,2022-11-24 09:00:00+00:00,38.19
7852,2022-11-24 10:00:00+00:00,43.17
7853,2022-11-24 11:00:00+00:00,39.8
7854,2022-11-24 12:00:00+00:00,42.38
7855,2022-11-24 13:00:00+00:00,50.99
7856,2022-11-24 14:00:00+00:00,44.57
7857,2022-11-24 15:00:00+00:00,47.58
7858,2022-11-24 16:00:00+00:00,53.8
7859,2022-11-24 17:00:00+00:00,44.77
7860,2022-11-24 18:00:00+00:00,43.74
7861,2022-11-24 19:00:00+00:00,40.87
7862,2022-11-24 20:00:00+00:00,37.2
7863,2022-11-24 21:00:00+00:00,36.24
7864,2022-11-24 22:00:00+00:00,44.92
7865,2022-11-24 23:00:00+00:00,50.2
7866,2022-11-25 00:00:00+00:00,47.29
7867,2022-11-25 01:00:00+00:00,41.67
7868,2022-11-25 02:00:00+00:00,42.39
7869,2022-11-25 03:00:00+00:00,41.13
7870,2022-11-25 04:00:00+00:00,38.01
7871,2022-11-25 05:00:00+00:00,30.38
7872,2022-11-25 06:00:00+00:00,45.97
7873,2022-11-25 07:00:00+00:00,32.46
7874,2022-11-25 08:00:00+00:00,28.75
7875,2022-11-25 09:00:00+00:00,29.88
7876,2022-11-25 10:00:00+00:00,28.18
7877,2022-11-25 11:00:00+00:00,30.98
7878,2022-11-25 12:00:00+00:00,42.33
7879,2022-11-25 13:00:00+00:00,43.78
7880,2022-11-25 14:00:00+00:00,52.13
7881,2022-11-25 15:00:00+00:00,51.76
7882,2022-11-25 16:00:00+00:00,55.94
7883,2022-11-25 17:00:00+00:00,54.91
7884,2022-11-25 18:00:00+00:00,52.3
7885,2022-11-25 19:00:00+00:00,51.86
7886,2022-11-25 20:00:00+00:00,53.28
7887,2022-11-25 21:00:00+00:00,50.13
7888,2022-11-25 22:00:00+00:00,52.98
7889,2022-11-25 23:00:00+00:00,79.55
7890,2022-11-26 00:00:00+00:00,59.7
7891,2022-11-26 01:00:00+00:00,58.0
7892,2022-11-26 02:00:00+00:00,57.56
7893,2022-11-26 03:00:00+00:00,54.76
7894,2022-11-26 04:00:00+00:00,53.97
7895,2022-11-26 05:00:00+00:00,52.47
7896,2022-11-26 06:00:00+00:00,42.88
7897,2022-11-26 07:00:00+00:00,40.6
7898,2022-11-26 08:00:00+00:00,40.04
7899,2022-11-26 09:00:00+00:00,41.16
7900,2022-11-26 10:00:00+00:00,44.1
7901,2022-11-26 11:00:00+00:00,47.98
7902,2022-11-26 12:00:00+00:00,48.92
7903,2022-11-26 13:00:00+00:00,57.43
7904,2022-11-26 14:00:00+00:00,59.55
7905,2022-11-26 15:00:00+00:00,52.38
7906,2022-11-26 16:00:00+00:00,45.5
7907,2022-11-26 17:00:00+00:00,38.25
7908,2022-11-26 18:00:00+00:00,36.16
7909,2022-11-26 19:00:00+00:00,34.03
7910,2022-11-26 20:00:00+00:00,33.65
7911,2022-11-26 21:00:00+00:00,36.21
7912,2022-11-26 22:00:00+00:00,51.15
7913,2022-11-26 23:00:00+00:00,84.7
7914,2022-11-27 00:00:00+00:00,59.28
7915,2022-11-27 01:00:00+00:00,49.06
7916,2022-11-27 02:00:00+00:00,46.57
7917,2022-11-27 03:00:00+00:00,42.39
7918,2022-11-27 04:00:00+00:00,33.83
7919,2022-11-27 05:00:00+00:00,42.75
7920,2022-11-27 06:00:00+00:00,37.92
7921,2022-11-27 07:00:00+00:00,35.82
7922,2022-11-27 08:00:00+00:00,37.19
7923,2022-11-27 09:00:00+00:00,38.22
7924,2022-11-27 10:00:00+00:00,38.89
7925,2022-11-27 11:00:00+00:00,41.21
7926,2022-11-27 12:00:00+00:00,45.58
7927,2022-11-27 13:00:00+00:00,49.53
7928,2022-11-27 14:00:00+00:00,46.17
7929,2022-11-27 15:00:00+00:00,45.52
7930,2022-11-27 16:00:00+00:00,48.6
7931,2022-11-27 17:00:00+00:00,49.05
7932,2022-11-27 18:00:00+00:00,49.95
7933,2022-11-27 19:00:00+00:00,49.91
7934,2022-11-27 20:00:00+00:00,49.48
7935,2022-11-27 21:00:00+00:00,48.51
7936,2022-11-27 22:00:00+00:00,51.75
7937,2022-11-27 23:00:00+00:00,117.6
7938,2022-11-28 00:00:00+00:00,97.03
7939,2022-11-28 01:00:00+00:00,64.66
7940,2022-11-28 02:00:00+00:00,59.82
7941,2022-11-28 03:00:00+00:00,53.61
7942,2022-11-28 04:00:00+00:00,51.24
7943,2022-11-28 05:00:00+00:00,54.35
7944,2022-11-28 06:00:00+00:00,67.82
7945,2022-11-28 07:00:00+00:00,52.63
7946,2022-11-28 08:00:00+00:00,46.61
7947,2022-11-28 09:00:00+00:00,42.45
7948,2022-11-28 10:00:00+00:00,43.18
7949,2022-11-28 11:00:00+00:00,49.96
7950,2022-11-28 12:00:00+00:00,69.86
7951,2022-11-28 13:00:00+00:00,58.0
7952,2022-11-28 14:00:00+00:00,52.67
7953,2022-11-28 15:00:00+00:00,52.82
7954,2022-11-28 16:00:00+00:00,46.8
7955,2022-11-28 17:00:00+00:00,44.85
7956,2022-11-28 18:00:00+00:00,46.88
7957,2022-11-28 19:00:00+00:00,44.45
7958,2022-11-28 20:00:00+00:00,44.04
7959,2022-11-28 21:00:00+00:00,44.04
7960,2022-11-28 22:00:00+00:00,55.4
7961,2022-11-28 23:00:00+00:00,79.47
7962,2022-11-29 00:00:00+00:00,59.93
7963,2022-11-29 01:00:00+00:00,57.85
7964,2022-11-29 02:00:00+00:00,52.41
7965,2022-11-29 03:00:00+00:00,45.73
7966,2022-11-29 04:00:00+00:00,36.13
7967,2022-11-29 05:00:00+00:00,31.29
7968,2022-11-29 06:00:00+00:00,23.77
7969,2022-11-29 07:00:00+00:00,20.09
7970,2022-11-29 08:00:00+00:00,17.73
7971,2022-11-29 09:00:00+00:00,17.2
7972,2022-11-29 10:00:00+00:00,21.56
7973,2022-11-29 11:00:00+00:00,34.33
7974,2022-11-29 12:00:00+00:00,54.08
7975,2022-11-29 13:00:00+00:00,58.7
7976,2022-11-29 14:00:00+00:00,46.1
7977,2022-11-29 15:00:00+00:00,43.12
7978,2022-11-29 16:00:00+00:00,43.52
7979,2022-11-29 17:00:00+00:00,43.42
7980,2022-11-29 18:00:00+00:00,43.54
7981,2022-11-29 19:00:00+00:00,46.87
7982,2022-11-29 20:00:00+00:00,49.17
7983,2022-11-29 21:00:00+00:00,49.39
7984,2022-11-29 22:00:00+00:00,62.76
7985,2022-11-29 23:00:00+00:00,107.74
7986,2022-11-30 00:00:00+00:00,65.25
7987,2022-11-30 01:00:00+00:00,48.82
7988,2022-11-30 02:00:00+00:00,47.92
7989,2022-11-30 03:00:00+00:00,43.69
7990,2022-11-30 04:00:00+00:00,48.39
7991,2022-11-30 05:00:00+00:00,42.7
7992,2022-11-30 06:00:00+00:00,37.74
7993,2022-11-30 07:00:00+00:00,36.14
7994,2022-11-30 08:00:00+00:00,39.39
7995,2022-11-30 09:00:00+00:00,41.97
7996,2022-11-30 10:00:00+00:00,50.06
7997,2022-11-30 11:00:00+00:00,50.0
7998,2022-11-30 12:00:00+00:00,71.15
7999,2022-11-30 13:00:00+00:00,80.45
8000,2022-11-30 14:00:00+00:00,53.6
8001,2022-11-30 15:00:00+00:00,46.92
8002,2022-11-30 16:00:00+00:00,47.91
8003,2022-11-30 17:00:00+00:00,44.12
8004,2022-11-30 18:00:00+00:00,40.16
8005,2022-11-30 19:00:00+00:00,38.44
8006,2022-11-30 20:00:00+00:00,36.52
8007,2022-11-30 21:00:00+00:00,36.01
8008,2022-11-30 22:00:00+00:00,44.84
8009,2022-11-30 23:00:00+00:00,74.49
8010,2022-12-01 00:00:00+00:00,64.76
8011,2022-12-01 01:00:00+00:00,54.14
8012,2022-12-01 02:00:00+00:00,53.09
8013,2022-12-01 03:00:00+00:00,50.01
8014,2022-12-01 04:00:00+00:00,46.01
8015,2022-12-01 05:00:00+00:00,42.44
8016,2022-12-01 06:00:00+00:00,53.24
8017,2022-12-01 07:00:00+00:00,52.22
8018,2022-12-01 08:00:00+00:00,48.91
8019,2022-12-01 09:00:00+00:00,50.69
8020,2022-12-01 10:00:00+00:00,50.75
8021,2022-12-01 11:00:00+00:00,55.65
8022,2022-12-01 12:00:00+00:00,91.41
8023,2022-12-01 13:00:00+00:00,93.2
8024,2022-12-01 14:00:00+00:00,54.55
8025,2022-12-01 15:00:00+00:00,48.66
8026,2022-12-01 16:00:00+00:00,42.89
8027,2022-12-01 17:00:00+00:00,41.73
8028,2022-12-01 18:00:00+00:00,39.11
8029,2022-12-01 19:00:00+00:00,38.37
8030,2022-12-01 20:00:00+00:00,37.28
8031,2022-12-01 21:00:00+00:00,36.3
8032,2022-12-01 22:00:00+00:00,40.82
8033,2022-12-01 23:00:00+00:00,57.75
8034,2022-12-02 00:00:00+00:00,50.78
8035,2022-12-02 01:00:00+00:00,43.93
8036,2022-12-02 02:00:00+00:00,46.33
8037,2022-12-02 03:00:00+00:00,41.71
8038,2022-12-02 04:00:00+00:00,43.91
8039,2022-12-02 05:00:00+00:00,38.85
8040,2022-12-02 06:00:00+00:00,33.31
8041,2022-12-02 07:00:00+00:00,29.82
8042,2022-12-02 08:00:00+00:00,28.08
8043,2022-12-02 09:00:00+00:00,28.17
8044,2022-12-02 10:00:00+00:00,29.5
8045,2022-12-02 11:00:00+00:00,37.81
8046,2022-12-02 12:00:00+00:00,48.53
8047,2022-12-02 13:00:00+00:00,53.3
8048,2022-12-02 14:00:00+00:00,45.62
8049,2022-12-02 15:00:00+00:00,41.04
8050,2022-12-02 16:00:00+00:00,39.86
8051,2022-12-02 17:00:00+00:00,38.84
8052,2022-12-02 18:00:00+00:00,38.91
8053,2022-12-02 19:00:00+00:00,38.26
8054,2022-12-02 20:00:00+00:00,39.95
8055,2022-12-02 21:00:00+00:00,41.93
8056,2022-12-02 22:00:00+00:00,44.47
8057,2022-12-02 23:00:00+00:00,56.13
8058,2022-12-03 00:00:00+00:00,46.93
8059,2022-12-03 01:00:00+00:00,48.32
8060,2022-12-03 02:00:00+00:00,47.69
8061,2022-12-03 03:00:00+00:00,46.01
8062,2022-12-03 04:00:00+00:00,48.62
8063,2022-12-03 05:00:00+00:00,47.78
8064,2022-12-03 06:00:00+00:00,57.1
8065,2022-12-03 07:00:00+00:00,42.64
8066,2022-12-03 08:00:00+00:00,34.11
8067,2022-12-03 09:00:00+00:00,24.42
8068,2022-12-03 10:00:00+00:00,19.49
8069,2022-12-03 11:00:00+00:00,21.33
8070,2022-12-03 12:00:00+00:00,37.17
8071,2022-12-03 13:00:00+00:00,41.99
8072,2022-12-03 14:00:00+00:00,43.38
8073,2022-12-03 15:00:00+00:00,33.8
8074,2022-12-03 16:00:00+00:00,34.36
8075,2022-12-03 17:00:00+00:00,37.13
8076,2022-12-03 18:00:00+00:00,38.94
8077,2022-12-03 19:00:00+00:00,37.64
8078,2022-12-03 20:00:00+00:00,37.12
8079,2022-12-03 21:00:00+00:00,37.79
8080,2022-12-03 22:00:00+00:00,55.12
8081,2022-12-03 23:00:00+00:00,97.7
8082,2022-12-04 00:00:00+00:00,74.14
8083,2022-12-04 01:00:00+00:00,55.09
8084,2022-12-04 02:00:00+00:00,48.81
8085,2022-12-04 03:00:00+00:00,48.48
8086,2022-12-04 04:00:00+00:00,51.65
8087,2022-12-04 05:00:00+00:00,50.21
8088,2022-12-04 06:00:00+00:00,44.14
8089,2022-12-04 07:00:00+00:00,42.61
8090,2022-12-04 08:00:00+00:00,41.25
8091,2022-12-04 09:00:00+00:00,40.63
8092,2022-12-04 10:00:00+00:00,41.82
8093,2022-12-04 11:00:00+00:00,42.21
8094,2022-12-04 12:00:00+00:00,40.55
8095,2022-12-04 13:00:00+00:00,40.5
8096,2022-12-04 14:00:00+00:00,42.25
8097,2022-12-04 15:00:00+00:00,43.46
8098,2022-12-04 16:00:00+00:00,44.68
8099,2022-12-04 17:00:00+00:00,39.29
8100,2022-12-04 18:00:00+00:00,33.69
8101,2022-12-04 19:00:00+00:00,32.48
8102,2022-12-04 20:00:00+00:00,32.35
8103,2022-12-04 21:00:00+00:00,31.98
8104,2022-12-04 22:00:00+00:00,44.96
8105,2022-12-04 23:00:00+00:00,82.75
8106,2022-12-05 00:00:00+00:00,42.54
8107,2022-12-05 01:00:00+00:00,36.64
8108,2022-12-05 02:00:00+00:00,32.26
8109,2022-12-05 03:00:00+00:00,31.06
8110,2022-12-05 04:00:00+00:00,31.23
8111,2022-12-05 05:00:00+00:00,29.36
8112,2022-12-05 06:00:00+00:00,26.52
8113,2022-12-05 07:00:00+00:00,21.61
8114,2022-12-05 08:00:00+00:00,19.31
8115,2022-12-05 09:00:00+00:00,21.91
8116,2022-12-05 10:00:00+00:00,22.24
8117,2022-12-05 11:00:00+00:00,29.34
8118,2022-12-05 12:00:00+00:00,37.6
8119,2022-12-05 13:00:00+00:00,38.87
8120,2022-12-05 14:00:00+00:00,38.24
8121,2022-12-05 15:00:00+00:00,36.94
8122,2022-12-05 16:00:00+00:00,37.42
8123,2022-12-05 17:00:00+00:00,39.22
8124,2022-12-05 18:00:00+00:00,43.77
8125,2022-12-05 19:00:00+00:00,46.24
8126,2022-12-05 20:00:00+00:00,49.96
8127,2022-12-05 21:00:00+00:00,45.0
8128,2022-12-05 22:00:00+00:00,50.05
8129,2022-12-05 23:00:00+00:00,91.9
8130,2022-12-06 00:00:00+00:00,53.05
8131,2022-12-06 01:00:00+00:00,44.0
8132,2022-12-06 02:00:00+00:00,42.56
8133,2022-12-06 03:00:00+00:00,34.93
8134,2022-12-06 04:00:00+00:00,44.57
8135,2022-12-06 05:00:00+00:00,35.22
8136,2022-12-06 06:00:00+00:00,29.9
8137,2022-12-06 07:00:00+00:00,26.66
8138,2022-12-06 08:00:00+00:00,24.29
8139,2022-12-06 09:00:00+00:00,25.08
8140,2022-12-06 10:00:00+00:00,26.77
8141,2022-12-06 11:00:00+00:00,34.57
8142,2022-12-06 12:00:00+00:00,31.27
8143,2022-12-06 13:00:00+00:00,32.63
8144,2022-12-06 14:00:00+00:00,28.92
8145,2022-12-06 15:00:00+00:00,31.41
8146,2022-12-06 16:00:00+00:00,32.41
8147,2022-12-06 17:00:00+00:00,40.27
8148,2022-12-06 18:00:00+00:00,37.54
8149,2022-12-06 19:00:00+00:00,39.79
8150,2022-12-06 20:00:00+00:00,43.97
8151,2022-12-06 21:00:00+00:00,45.68
8152,2022-12-06 22:00:00+00:00,61.14
8153,2022-12-06 23:00:00+00:00,97.83
8154,2022-12-07 00:00:00+00:00,53.14
8155,2022-12-07 01:00:00+00:00,49.1
8156,2022-12-07 02:00:00+00:00,42.0
8157,2022-12-07 03:00:00+00:00,36.31
8158,2022-12-07 04:00:00+00:00,35.64
8159,2022-12-07 05:00:00+00:00,30.94
8160,2022-12-07 06:00:00+00:00,25.67
8161,2022-12-07 07:00:00+00:00,24.76
8162,2022-12-07 08:00:00+00:00,24.78
8163,2022-12-07 09:00:00+00:00,25.6
8164,2022-12-07 10:00:00+00:00,26.49
8165,2022-12-07 11:00:00+00:00,34.57
8166,2022-12-07 12:00:00+00:00,42.55
8167,2022-12-07 13:00:00+00:00,46.21
8168,2022-12-07 14:00:00+00:00,46.21
8169,2022-12-07 15:00:00+00:00,41.74
8170,2022-12-07 16:00:00+00:00,40.97
8171,2022-12-07 17:00:00+00:00,41.36
8172,2022-12-07 18:00:00+00:00,40.99
8173,2022-12-07 19:00:00+00:00,42.28
8174,2022-12-07 20:00:00+00:00,48.04
8175,2022-12-07 21:00:00+00:00,51.6
8176,2022-12-07 22:00:00+00:00,72.48
8177,2022-12-07 23:00:00+00:00,102.05
8178,2022-12-08 00:00:00+00:00,61.16
8179,2022-12-08 01:00:00+00:00,47.44
8180,2022-12-08 02:00:00+00:00,40.8
8181,2022-12-08 03:00:00+00:00,37.37
8182,2022-12-08 04:00:00+00:00,33.96
8183,2022-12-08 05:00:00+00:00,30.89
8184,2022-12-08 06:00:00+00:00,26.9
8185,2022-12-08 07:00:00+00:00,24.7
8186,2022-12-08 08:00:00+00:00,25.36
8187,2022-12-08 09:00:00+00:00,27.17
8188,2022-12-08 10:00:00+00:00,27.75
8189,2022-12-08 11:00:00+00:00,33.94
8190,2022-12-08 12:00:00+00:00,41.41
8191,2022-12-08 13:00:00+00:00,43.25
8192,2022-12-08 14:00:00+00:00,38.88
8193,2022-12-08 15:00:00+00:00,36.02
8194,2022-12-08 16:00:00+00:00,34.33
8195,2022-12-08 17:00:00+00:00,35.23
8196,2022-12-08 18:00:00+00:00,37.28
8197,2022-12-08 19:00:00+00:00,38.82
8198,2022-12-08 20:00:00+00:00,40.84
8199,2022-12-08 21:00:00+00:00,48.11
8200,2022-12-08 22:00:00+00:00,61.9
8201,2022-12-08 23:00:00+00:00,119.94
8202,2022-12-09 00:00:00+00:00,81.67
8203,2022-12-09 01:00:00+00:00,54.47
8204,2022-12-09 02:00:00+00:00,48.8
8205,2022-12-09 03:00:00+00:00,43.05
8206,2022-12-09 04:00:00+00:00,37.76
8207,2022-12-09 05:00:00+00:00,33.41
8208,2022-12-09 06:00:00+00:00,33.31
8209,2022-12-09 07:00:00+00:00,30.34
8210,2022-12-09 08:00:00+00:00,29.79
8211,2022-12-09 09:00:00+00:00,29.53
8212,2022-12-09 10:00:00+00:00,30.73
8213,2022-12-09 11:00:00+00:00,37.36
8214,2022-12-09 12:00:00+00:00,46.26
8215,2022-12-09 13:00:00+00:00,45.71
8216,2022-12-09 14:00:00+00:00,43.85
8217,2022-12-09 15:00:00+00:00,44.0
8218,2022-12-09 16:00:00+00:00,44.81
8219,2022-12-09 17:00:00+00:00,45.74
8220,2022-12-09 18:00:00+00:00,45.45
8221,2022-12-09 19:00:00+00:00,44.23
8222,2022-12-09 20:00:00+00:00,44.0
8223,2022-12-09 21:00:00+00:00,41.41
8224,2022-12-09 22:00:00+00:00,51.0
8225,2022-12-09 23:00:00+00:00,67.97
8226,2022-12-10 00:00:00+00:00,46.75
8227,2022-12-10 01:00:00+00:00,43.87
8228,2022-12-10 02:00:00+00:00,41.51
8229,2022-12-10 03:00:00+00:00,40.29
8230,2022-12-10 04:00:00+00:00,36.3
8231,2022-12-10 05:00:00+00:00,34.89
8232,2022-12-10 06:00:00+00:00,40.51
8233,2022-12-10 07:00:00+00:00,39.23
8234,2022-12-10 08:00:00+00:00,37.05
8235,2022-12-10 09:00:00+00:00,36.64
8236,2022-12-10 10:00:00+00:00,37.25
8237,2022-12-10 11:00:00+00:00,37.88
8238,2022-12-10 12:00:00+00:00,35.83
8239,2022-12-10 13:00:00+00:00,36.35
8240,2022-12-10 14:00:00+00:00,36.14
8241,2022-12-10 15:00:00+00:00,38.22
8242,2022-12-10 16:00:00+00:00,38.92
8243,2022-12-10 17:00:00+00:00,37.69
8244,2022-12-10 18:00:00+00:00,37.38
8245,2022-12-10 19:00:00+00:00,41.13
8246,2022-12-10 20:00:00+00:00,44.0
8247,2022-12-10 21:00:00+00:00,43.02
8248,2022-12-10 22:00:00+00:00,51.99
8249,2022-12-10 23:00:00+00:00,68.11
8250,2022-12-11 00:00:00+00:00,57.56
8251,2022-12-11 01:00:00+00:00,42.87
8252,2022-12-11 02:00:00+00:00,41.13
8253,2022-12-11 03:00:00+00:00,40.9
8254,2022-12-11 04:00:00+00:00,45.12
8255,2022-12-11 05:00:00+00:00,41.12
8256,2022-12-11 06:00:00+00:00,40.74
8257,2022-12-11 07:00:00+00:00,37.87
8258,2022-12-11 08:00:00+00:00,35.07
8259,2022-12-11 09:00:00+00:00,34.23
8260,2022-12-11 10:00:00+00:00,33.21
8261,2022-12-11 11:00:00+00:00,35.52
8262,2022-12-11 12:00:00+00:00,37.17
8263,2022-12-11 13:00:00+00:00,39.12
8264,2022-12-11 14:00:00+00:00,39.79
8265,2022-12-11 15:00:00+00:00,39.18
8266,2022-12-11 16:00:00+00:00,38.51
8267,2022-12-11 17:00:00+00:00,38.81
8268,2022-12-11 18:00:00+00:00,35.93
8269,2022-12-11 19:00:00+00:00,39.12
8270,2022-12-11 20:00:00+00:00,35.85
8271,2022-12-11 21:00:00+00:00,36.11
8272,2022-12-11 22:00:00+00:00,43.73
8273,2022-12-11 23:00:00+00:00,68.01
8274,2022-12-12 00:00:00+00:00,51.03
8275,2022-12-12 01:00:00+00:00,45.01
8276,2022-12-12 02:00:00+00:00,41.56
8277,2022-12-12 03:00:00+00:00,38.2
8278,2022-12-12 04:00:00+00:00,38.12
8279,2022-12-12 05:00:00+00:00,35.08
8280,2022-12-12 06:00:00+00:00,40.33
8281,2022-12-12 07:00:00+00:00,31.22
8282,2022-12-12 08:00:00+00:00,29.07
8283,2022-12-12 09:00:00+00:00,28.07
8284,2022-12-12 10:00:00+00:00,28.62
8285,2022-12-12 11:00:00+00:00,34.09
8286,2022-12-12 12:00:00+00:00,52.28
8287,2022-12-12 13:00:00+00:00,53.31
8288,2022-12-12 14:00:00+00:00,43.71
8289,2022-12-12 15:00:00+00:00,37.14
8290,2022-12-12 16:00:00+00:00,33.82
8291,2022-12-12 17:00:00+00:00,34.97
8292,2022-12-12 18:00:00+00:00,35.17
8293,2022-12-12 19:00:00+00:00,34.24
8294,2022-12-12 20:00:00+00:00,34.93
8295,2022-12-12 21:00:00+00:00,36.78
8296,2022-12-12 22:00:00+00:00,43.29
8297,2022-12-12 23:00:00+00:00,59.85
8298,2022-12-13 00:00:00+00:00,50.36
8299,2022-12-13 01:00:00+00:00,42.72
8300,2022-12-13 02:00:00+00:00,45.0
8301,2022-12-13 03:00:00+00:00,40.32
8302,2022-12-13 04:00:00+00:00,32.8
8303,2022-12-13 05:00:00+00:00,29.25
8304,2022-12-13 06:00:00+00:00,27.36
8305,2022-12-13 07:00:00+00:00,20.14
8306,2022-12-13 08:00:00+00:00,20.24
8307,2022-12-13 09:00:00+00:00,23.72
8308,2022-12-13 10:00:00+00:00,27.5
8309,2022-12-13 11:00:00+00:00,36.49
8310,2022-12-13 12:00:00+00:00,49.99
8311,2022-12-13 13:00:00+00:00,52.8
8312,2022-12-13 14:00:00+00:00,49.83
8313,2022-12-13 15:00:00+00:00,48.75
8314,2022-12-13 16:00:00+00:00,46.92
8315,2022-12-13 17:00:00+00:00,41.07
8316,2022-12-13 18:00:00+00:00,40.28
8317,2022-12-13 19:00:00+00:00,42.38
8318,2022-12-13 20:00:00+00:00,43.55
8319,2022-12-13 21:00:00+00:00,46.18
8320,2022-12-13 22:00:00+00:00,48.73
8321,2022-12-13 23:00:00+00:00,74.02
8322,2022-12-14 00:00:00+00:00,59.3
8323,2022-12-14 01:00:00+00:00,52.05
8324,2022-12-14 02:00:00+00:00,50.88
8325,2022-12-14 03:00:00+00:00,46.85
8326,2022-12-14 04:00:00+00:00,42.34
8327,2022-12-14 05:00:00+00:00,40.94
8328,2022-12-14 06:00:00+00:00,35.83
8329,2022-12-14 07:00:00+00:00,34.36
8330,2022-12-14 08:00:00+00:00,33.2
8331,2022-12-14 09:00:00+00:00,32.99
8332,2022-12-14 10:00:00+00:00,32.68
8333,2022-12-14 11:00:00+00:00,37.86
8334,2022-12-14 12:00:00+00:00,57.0
8335,2022-12-14 13:00:00+00:00,58.28
8336,2022-12-14 14:00:00+00:00,51.06
8337,2022-12-14 15:00:00+00:00,41.4
8338,2022-12-14 16:00:00+00:00,39.05
8339,2022-12-14 17:00:00+00:00,38.41
8340,2022-12-14 18:00:00+00:00,37.42
8341,2022-12-14 19:00:00+00:00,38.19
8342,2022-12-14 20:00:00+00:00,37.27
8343,2022-12-14 21:00:00+00:00,40.78
8344,2022-12-14 22:00:00+00:00,49.7
8345,2022-12-14 23:00:00+00:00,79.15
8346,2022-12-15 00:00:00+00:00,73.42
8347,2022-12-15 01:00:00+00:00,64.18
8348,2022-12-15 02:00:00+00:00,60.31
8349,2022-12-15 03:00:00+00:00,57.82
8350,2022-12-15 04:00:00+00:00,45.24
8351,2022-12-15 05:00:00+00:00,44.18
8352,2022-12-15 06:00:00+00:00,35.74
8353,2022-12-15 07:00:00+00:00,35.43
8354,2022-12-15 08:00:00+00:00,35.7
8355,2022-12-15 09:00:00+00:00,36.42
8356,2022-12-15 10:00:00+00:00,39.34
8357,2022-12-15 11:00:00+00:00,49.92
8358,2022-12-15 12:00:00+00:00,75.43
8359,2022-12-15 13:00:00+00:00,89.83
8360,2022-12-15 14:00:00+00:00,58.09
8361,2022-12-15 15:00:00+00:00,47.62
8362,2022-12-15 16:00:00+00:00,41.31
8363,2022-12-15 17:00:00+00:00,36.92
8364,2022-12-15 18:00:00+00:00,35.56
8365,2022-12-15 19:00:00+00:00,34.99
8366,2022-12-15 20:00:00+00:00,35.08
8367,2022-12-15 21:00:00+00:00,35.38
8368,2022-12-15 22:00:00+00:00,47.37
8369,2022-12-15 23:00:00+00:00,71.33
8370,2022-12-16 00:00:00+00:00,63.16
8371,2022-12-16 01:00:00+00:00,60.53
8372,2022-12-16 02:00:00+00:00,55.14
8373,2022-12-16 03:00:00+00:00,53.76
8374,2022-12-16 04:00:00+00:00,44.6
8375,2022-12-16 05:00:00+00:00,41.34
8376,2022-12-16 06:00:00+00:00,36.6
8377,2022-12-16 07:00:00+00:00,36.11
8378,2022-12-16 08:00:00+00:00,36.35
8379,2022-12-16 09:00:00+00:00,37.47
8380,2022-12-16 10:00:00+00:00,38.03
8381,2022-12-16 11:00:00+00:00,49.71
8382,2022-12-16 12:00:00+00:00,67.99
8383,2022-12-16 13:00:00+00:00,69.64
8384,2022-12-16 14:00:00+00:00,50.32
8385,2022-12-16 15:00:00+00:00,49.23
8386,2022-12-16 16:00:00+00:00,39.45
8387,2022-12-16 17:00:00+00:00,37.1
8388,2022-12-16 18:00:00+00:00,36.65
8389,2022-12-16 19:00:00+00:00,36.38
8390,2022-12-16 20:00:00+00:00,36.5
8391,2022-12-16 21:00:00+00:00,38.12
8392,2022-12-16 22:00:00+00:00,54.87
8393,2022-12-16 23:00:00+00:00,73.25
8394,2022-12-17 00:00:00+00:00,61.71
8395,2022-12-17 01:00:00+00:00,58.7
8396,2022-12-17 02:00:00+00:00,54.96
8397,2022-12-17 03:00:00+00:00,51.73
8398,2022-12-17 04:00:00+00:00,50.64
8399,2022-12-17 05:00:00+00:00,44.54
8400,2022-12-17 06:00:00+00:00,35.23
8401,2022-12-17 07:00:00+00:00,34.76
8402,2022-12-17 08:00:00+00:00,35.22
8403,2022-12-17 09:00:00+00:00,36.58
8404,2022-12-17 10:00:00+00:00,36.16
8405,2022-12-17 11:00:00+00:00,41.68
8406,2022-12-17 12:00:00+00:00,53.18
8407,2022-12-17 13:00:00+00:00,60.47
8408,2022-12-17 14:00:00+00:00,51.97
8409,2022-12-17 15:00:00+00:00,44.52
8410,2022-12-17 16:00:00+00:00,40.74
8411,2022-12-17 17:00:00+00:00,37.9
8412,2022-12-17 18:00:00+00:00,35.9
8413,2022-12-17 19:00:00+00:00,33.18
8414,2022-12-17 20:00:00+00:00,32.56
8415,2022-12-17 21:00:00+00:00,33.23
8416,2022-12-17 22:00:00+00:00,39.97
8417,2022-12-17 23:00:00+00:00,63.31
8418,2022-12-18 00:00:00+00:00,59.0
8419,2022-12-18 01:00:00+00:00,51.1
8420,2022-12-18 02:00:00+00:00,45.6
8421,2022-12-18 03:00:00+00:00,44.17
8422,2022-12-18 04:00:00+00:00,44.54
8423,2022-12-18 05:00:00+00:00,40.6
8424,2022-12-18 06:00:00+00:00,50.49
8425,2022-12-18 07:00:00+00:00,44.68
8426,2022-12-18 08:00:00+00:00,44.36
8427,2022-12-18 09:00:00+00:00,44.72
8428,2022-12-18 10:00:00+00:00,42.31
8429,2022-12-18 11:00:00+00:00,44.18
8430,2022-12-18 12:00:00+00:00,51.5
8431,2022-12-18 13:00:00+00:00,64.18
8432,2022-12-18 14:00:00+00:00,55.58
8433,2022-12-18 15:00:00+00:00,47.83
8434,2022-12-18 16:00:00+00:00,38.67
8435,2022-12-18 17:00:00+00:00,33.69
8436,2022-12-18 18:00:00+00:00,29.72
8437,2022-12-18 19:00:00+00:00,26.97
8438,2022-12-18 20:00:00+00:00,25.31
8439,2022-12-18 21:00:00+00:00,26.89
8440,2022-12-18 22:00:00+00:00,29.58
8441,2022-12-18 23:00:00+00:00,43.94
8442,2022-12-19 00:00:00+00:00,45.63
8443,2022-12-19 01:00:00+00:00,41.47
8444,2022-12-19 02:00:00+00:00,39.76
8445,2022-12-19 03:00:00+00:00,37.97
8446,2022-12-19 04:00:00+00:00,30.59
8447,2022-12-19 05:00:00+00:00,27.73
8448,2022-12-19 06:00:00+00:00,23.41
8449,2022-12-19 07:00:00+00:00,20.81
8450,2022-12-19 08:00:00+00:00,21.14
8451,2022-12-19 09:00:00+00:00,20.77
8452,2022-12-19 10:00:00+00:00,25.07
8453,2022-12-19 11:00:00+00:00,31.82
8454,2022-12-19 12:00:00+00:00,42.1
8455,2022-12-19 13:00:00+00:00,48.02
8456,2022-12-19 14:00:00+00:00,51.55
8457,2022-12-19 15:00:00+00:00,41.23
8458,2022-12-19 16:00:00+00:00,38.78
8459,2022-12-19 17:00:00+00:00,38.09
8460,2022-12-19 18:00:00+00:00,36.62
8461,2022-12-19 19:00:00+00:00,35.36
8462,2022-12-19 20:00:00+00:00,34.53
8463,2022-12-19 21:00:00+00:00,35.4
8464,2022-12-19 22:00:00+00:00,49.95
8465,2022-12-19 23:00:00+00:00,91.88
8466,2022-12-20 00:00:00+00:00,65.6
8467,2022-12-20 01:00:00+00:00,54.07
8468,2022-12-20 02:00:00+00:00,52.11
8469,2022-12-20 03:00:00+00:00,44.4
8470,2022-12-20 04:00:00+00:00,40.12
8471,2022-12-20 05:00:00+00:00,35.08
8472,2022-12-20 06:00:00+00:00,35.0
8473,2022-12-20 07:00:00+00:00,33.87
8474,2022-12-20 08:00:00+00:00,33.17
8475,2022-12-20 09:00:00+00:00,33.75
8476,2022-12-20 10:00:00+00:00,33.63
8477,2022-12-20 11:00:00+00:00,40.67
8478,2022-12-20 12:00:00+00:00,50.68
8479,2022-12-20 13:00:00+00:00,60.03
8480,2022-12-20 14:00:00+00:00,49.63
8481,2022-12-20 15:00:00+00:00,48.24
8482,2022-12-20 16:00:00+00:00,44.97
8483,2022-12-20 17:00:00+00:00,40.78
8484,2022-12-20 18:00:00+00:00,36.6
8485,2022-12-20 19:00:00+00:00,35.3
8486,2022-12-20 20:00:00+00:00,34.48
8487,2022-12-20 21:00:00+00:00,34.16
8488,2022-12-20 22:00:00+00:00,37.28
8489,2022-12-20 23:00:00+00:00,73.0
8490,2022-12-21 00:00:00+00:00,60.82
8491,2022-12-21 01:00:00+00:00,53.0
8492,2022-12-21 02:00:00+00:00,52.89
8493,2022-12-21 03:00:00+00:00,47.02
8494,2022-12-21 04:00:00+00:00,43.14
8495,2022-12-21 05:00:00+00:00,39.42
8496,2022-12-21 06:00:00+00:00,33.71
8497,2022-12-21 07:00:00+00:00,31.37
8498,2022-12-21 08:00:00+00:00,30.74
8499,2022-12-21 09:00:00+00:00,32.03
8500,2022-12-21 10:00:00+00:00,32.36
8501,2022-12-21 11:00:00+00:00,37.26
8502,2022-12-21 12:00:00+00:00,56.12
8503,2022-12-21 13:00:00+00:00,60.0
8504,2022-12-21 14:00:00+00:00,44.45
8505,2022-12-21 15:00:00+00:00,39.31
8506,2022-12-21 16:00:00+00:00,32.28
8507,2022-12-21 17:00:00+00:00,28.02
8508,2022-12-21 18:00:00+00:00,25.99
8509,2022-12-21 19:00:00+00:00,24.68
8510,2022-12-21 20:00:00+00:00,24.48
8511,2022-12-21 21:00:00+00:00,25.34
8512,2022-12-21 22:00:00+00:00,33.4
8513,2022-12-21 23:00:00+00:00,42.69
8514,2022-12-22 00:00:00+00:00,36.49
8515,2022-12-22 01:00:00+00:00,30.71
8516,2022-12-22 02:00:00+00:00,30.07
8517,2022-12-22 03:00:00+00:00,28.8
8518,2022-12-22 04:00:00+00:00,24.46
8519,2022-12-22 05:00:00+00:00,20.01
8520,2022-12-22 06:00:00+00:00,33.75
8521,2022-12-22 07:00:00+00:00,33.42
8522,2022-12-22 08:00:00+00:00,33.06
8523,2022-12-22 09:00:00+00:00,32.71
8524,2022-12-22 10:00:00+00:00,33.68
8525,2022-12-22 11:00:00+00:00,36.82
8526,2022-12-22 12:00:00+00:00,47.76
8527,2022-12-22 13:00:00+00:00,48.98
8528,2022-12-22 14:00:00+00:00,44.63
8529,2022-12-22 15:00:00+00:00,35.11
8530,2022-12-22 16:00:00+00:00,33.7
8531,2022-12-22 17:00:00+00:00,34.29
8532,2022-12-22 18:00:00+00:00,34.84
8533,2022-12-22 19:00:00+00:00,36.49
8534,2022-12-22 20:00:00+00:00,37.24
8535,2022-12-22 21:00:00+00:00,38.85
8536,2022-12-22 22:00:00+00:00,46.2
8537,2022-12-22 23:00:00+00:00,61.7
8538,2022-12-23 00:00:00+00:00,81.85
8539,2022-12-23 01:00:00+00:00,86.39
8540,2022-12-23 02:00:00+00:00,106.46
8541,2022-12-23 03:00:00+00:00,108.66
8542,2022-12-23 04:00:00+00:00,79.36
8543,2022-12-23 05:00:00+00:00,80.16
8544,2022-12-23 06:00:00+00:00,66.31
8545,2022-12-23 07:00:00+00:00,64.03
8546,2022-12-23 08:00:00+00:00,68.28
8547,2022-12-23 09:00:00+00:00,78.84
8548,2022-12-23 10:00:00+00:00,92.15
8549,2022-12-23 11:00:00+00:00,131.06
8550,2022-12-23 12:00:00+00:00,300.44
8551,2022-12-23 13:00:00+00:00,429.77
8552,2022-12-23 14:00:00+00:00,420.59
8553,2022-12-23 15:00:00+00:00,207.43
8554,2022-12-23 16:00:00+00:00,153.67
8555,2022-12-23 17:00:00+00:00,118.04
8556,2022-12-23 18:00:00+00:00,84.07
8557,2022-12-23 19:00:00+00:00,69.28
8558,2022-12-23 20:00:00+00:00,63.8
8559,2022-12-23 21:00:00+00:00,65.53
8560,2022-12-23 22:00:00+00:00,109.77
8561,2022-12-23 23:00:00+00:00,495.57
8562,2022-12-24 00:00:00+00:00,527.6
8563,2022-12-24 01:00:00+00:00,509.84
8564,2022-12-24 02:00:00+00:00,500.7
8565,2022-12-24 03:00:00+00:00,329.66
8566,2022-12-24 04:00:00+00:00,168.94
8567,2022-12-24 05:00:00+00:00,113.39
8568,2022-12-24 06:00:00+00:00,651.37
8569,2022-12-24 07:00:00+00:00,577.38
8570,2022-12-24 08:00:00+00:00,546.21
8571,2022-12-24 09:00:00+00:00,544.49
8572,2022-12-24 10:00:00+00:00,713.55
8573,2022-12-24 11:00:00+00:00,1083.26
8574,2022-12-24 12:00:00+00:00,2365.24
8575,2022-12-24 13:00:00+00:00,2523.86
8576,2022-12-24 14:00:00+00:00,1935.48
8577,2022-12-24 15:00:00+00:00,485.75
8578,2022-12-24 16:00:00+00:00,191.14
8579,2022-12-24 17:00:00+00:00,99.66
8580,2022-12-24 18:00:00+00:00,74.69
8581,2022-12-24 19:00:00+00:00,63.1
8582,2022-12-24 20:00:00+00:00,54.4
8583,2022-12-24 21:00:00+00:00,51.75
8584,2022-12-24 22:00:00+00:00,71.81
8585,2022-12-24 23:00:00+00:00,131.19
8586,2022-12-25 00:00:00+00:00,416.8
8587,2022-12-25 01:00:00+00:00,708.3
8588,2022-12-25 02:00:00+00:00,807.97
8589,2022-12-25 03:00:00+00:00,710.2
8590,2022-12-25 04:00:00+00:00,470.22
8591,2022-12-25 05:00:00+00:00,196.15
8592,2022-12-25 06:00:00+00:00,66.55
8593,2022-12-25 07:00:00+00:00,60.57
8594,2022-12-25 08:00:00+00:00,60.15
8595,2022-12-25 09:00:00+00:00,59.64
8596,2022-12-25 10:00:00+00:00,64.02
8597,2022-12-25 11:00:00+00:00,71.52
8598,2022-12-25 12:00:00+00:00,81.51
8599,2022-12-25 13:00:00+00:00,103.98
8600,2022-12-25 14:00:00+00:00,87.48
8601,2022-12-25 15:00:00+00:00,59.81
8602,2022-12-25 16:00:00+00:00,49.37
8603,2022-12-25 17:00:00+00:00,42.31
8604,2022-12-25 18:00:00+00:00,37.35
8605,2022-12-25 19:00:00+00:00,37.26
8606,2022-12-25 20:00:00+00:00,32.96
8607,2022-12-25 21:00:00+00:00,30.69
8608,2022-12-25 22:00:00+00:00,34.43
8609,2022-12-25 23:00:00+00:00,40.13
8610,2022-12-26 00:00:00+00:00,40.42
8611,2022-12-26 01:00:00+00:00,36.76
8612,2022-12-26 02:00:00+00:00,35.04
8613,2022-12-26 03:00:00+00:00,34.48
8614,2022-12-26 04:00:00+00:00,34.69
8615,2022-12-26 05:00:00+00:00,34.28
8616,2022-12-26 06:00:00+00:00,32.07
8617,2022-12-26 07:00:00+00:00,32.64
8618,2022-12-26 08:00:00+00:00,35.04
8619,2022-12-26 09:00:00+00:00,36.77
8620,2022-12-26 10:00:00+00:00,44.51
8621,2022-12-26 11:00:00+00:00,56.29
8622,2022-12-26 12:00:00+00:00,62.05
8623,2022-12-26 13:00:00+00:00,66.65
8624,2022-12-26 14:00:00+00:00,45.31
8625,2022-12-26 15:00:00+00:00,38.49
8626,2022-12-26 16:00:00+00:00,35.0
8627,2022-12-26 17:00:00+00:00,31.84
8628,2022-12-26 18:00:00+00:00,25.71
8629,2022-12-26 19:00:00+00:00,23.51
8630,2022-12-26 20:00:00+00:00,22.59
8631,2022-12-26 21:00:00+00:00,24.1
8632,2022-12-26 22:00:00+00:00,29.66
8633,2022-12-26 23:00:00+00:00,44.6
8634,2022-12-27 00:00:00+00:00,49.79
8635,2022-12-27 01:00:00+00:00,53.68
8636,2022-12-27 02:00:00+00:00,49.84
8637,2022-12-27 03:00:00+00:00,44.35
8638,2022-12-27 04:00:00+00:00,39.52
8639,2022-12-27 05:00:00+00:00,35.58
8640,2022-12-27 06:00:00+00:00,34.7
8641,2022-12-27 07:00:00+00:00,33.71
8642,2022-12-27 08:00:00+00:00,33.42
8643,2022-12-27 09:00:00+00:00,33.16
8644,2022-12-27 10:00:00+00:00,34.18
8645,2022-12-27 11:00:00+00:00,42.04
8646,2022-12-27 12:00:00+00:00,72.49
8647,2022-12-27 13:00:00+00:00,74.01
8648,2022-12-27 14:00:00+00:00,43.97
8649,2022-12-27 15:00:00+00:00,38.14
8650,2022-12-27 16:00:00+00:00,34.33
8651,2022-12-27 17:00:00+00:00,32.23
8652,2022-12-27 18:00:00+00:00,29.43
8653,2022-12-27 19:00:00+00:00,25.49
8654,2022-12-27 20:00:00+00:00,23.32
8655,2022-12-27 21:00:00+00:00,22.48
8656,2022-12-27 22:00:00+00:00,27.63
8657,2022-12-27 23:00:00+00:00,34.56
8658,2022-12-28 00:00:00+00:00,34.9
8659,2022-12-28 01:00:00+00:00,34.13
8660,2022-12-28 02:00:00+00:00,33.75
8661,2022-12-28 03:00:00+00:00,33.04
8662,2022-12-28 04:00:00+00:00,23.13
8663,2022-12-28 05:00:00+00:00,21.16
8664,2022-12-28 06:00:00+00:00,18.1
8665,2022-12-28 07:00:00+00:00,15.19
8666,2022-12-28 08:00:00+00:00,14.7
8667,2022-12-28 09:00:00+00:00,13.6
8668,2022-12-28 10:00:00+00:00,16.58
8669,2022-12-28 11:00:00+00:00,20.25
8670,2022-12-28 12:00:00+00:00,33.46
8671,2022-12-28 13:00:00+00:00,35.12
8672,2022-12-28 14:00:00+00:00,29.88
8673,2022-12-28 15:00:00+00:00,27.4
8674,2022-12-28 16:00:00+00:00,23.25
8675,2022-12-28 17:00:00+00:00,19.75
8676,2022-12-28 18:00:00+00:00,17.57
8677,2022-12-28 19:00:00+00:00,15.98
8678,2022-12-28 20:00:00+00:00,13.09
8679,2022-12-28 21:00:00+00:00,13.46
8680,2022-12-28 22:00:00+00:00,18.86
8681,2022-12-28 23:00:00+00:00,31.11
8682,2022-12-29 00:00:00+00:00,26.78
8683,2022-12-29 01:00:00+00:00,23.68
8684,2022-12-29 02:00:00+00:00,20.69
8685,2022-12-29 03:00:00+00:00,20.16
8686,2022-12-29 04:00:00+00:00,15.43
8687,2022-12-29 05:00:00+00:00,10.45
8688,2022-12-29 06:00:00+00:00,7.17
8689,2022-12-29 07:00:00+00:00,7.15
8690,2022-12-29 08:00:00+00:00,4.64
8691,2022-12-29 09:00:00+00:00,8.53
8692,2022-12-29 10:00:00+00:00,11.25
8693,2022-12-29 11:00:00+00:00,16.84
8694,2022-12-29 12:00:00+00:00,19.87
8695,2022-12-29 13:00:00+00:00,20.93
8696,2022-12-29 14:00:00+00:00,21.13
8697,2022-12-29 15:00:00+00:00,20.36
8698,2022-12-29 16:00:00+00:00,21.64
8699,2022-12-29 17:00:00+00:00,21.07
8700,2022-12-29 18:00:00+00:00,21.33
8701,2022-12-29 19:00:00+00:00,21.5
8702,2022-12-29 20:00:00+00:00,26.32
8703,2022-12-29 21:00:00+00:00,31.7
8704,2022-12-29 22:00:00+00:00,23.13
8705,2022-12-29 23:00:00+00:00,41.19
8706,2022-12-30 00:00:00+00:00,36.31
8707,2022-12-30 01:00:00+00:00,32.96
8708,2022-12-30 02:00:00+00:00,30.67
8709,2022-12-30 03:00:00+00:00,27.79
8710,2022-12-30 04:00:00+00:00,23.99
8711,2022-12-30 05:00:00+00:00,21.52
8712,2022-12-30 06:00:00+00:00,29.46
8713,2022-12-30 07:00:00+00:00,25.14
8714,2022-12-30 08:00:00+00:00,25.43
8715,2022-12-30 09:00:00+00:00,25.49
8716,2022-12-30 10:00:00+00:00,26.58
8717,2022-12-30 11:00:00+00:00,21.27
8718,2022-12-30 12:00:00+00:00,32.4
8719,2022-12-30 13:00:00+00:00,40.85
8720,2022-12-30 14:00:00+00:00,34.59
8721,2022-12-30 15:00:00+00:00,37.21
8722,2022-12-30 16:00:00+00:00,33.49
8723,2022-12-30 17:00:00+00:00,27.79
8724,2022-12-30 18:00:00+00:00,25.7
8725,2022-12-30 19:00:00+00:00,25.07
8726,2022-12-30 20:00:00+00:00,23.98
8727,2022-12-30 21:00:00+00:00,22.23
8728,2022-12-30 22:00:00+00:00,25.97
8729,2022-12-30 23:00:00+00:00,51.1
8730,2022-12-31 00:00:00+00:00,28.97
8731,2022-12-31 01:00:00+00:00,23.37
8732,2022-12-31 02:00:00+00:00,21.81
8733,2022-12-31 03:00:00+00:00,20.46
8734,2022-12-31 04:00:00+00:00,18.92
8735,2022-12-31 05:00:00+00:00,17.46
8736,2022-12-31 06:00:00+00:00,18.4
8737,2022-12-31 07:00:00+00:00,16.49
8738,2022-12-31 08:00:00+00:00,15.46
8739,2022-12-31 09:00:00+00:00,14.49
8740,2022-12-31 10:00:00+00:00,14.31
8741,2022-12-31 11:00:00+00:00,14.06
8742,2022-12-31 12:00:00+00:00,17.15
8743,2022-12-31 13:00:00+00:00,17.64
8744,2022-12-31 14:00:00+00:00,18.26
8745,2022-12-31 15:00:00+00:00,15.81
8746,2022-12-31 16:00:00+00:00,15.84
8747,2022-12-31 17:00:00+00:00,16.07
8748,2022-12-31 18:00:00+00:00,16.33
8749,2022-12-31 19:00:00+00:00,15.42
8750,2022-12-31 20:00:00+00:00,15.44
8751,2022-12-31 21:00:00+00:00,15.02
8752,2022-12-31 22:00:00+00:00,18.4
8753,2022-12-31 23:00:00+00:00,24.45
8754,2023-01-01 00:00:00+00:00,19.14
8755,2023-01-01 01:00:00+00:00,16.93
8756,2023-01-01 02:00:00+00:00,15.96
8757,2023-01-01 03:00:00+00:00,15.11
8758,2023-01-01 04:00:00+00:00,10.89
8759,2023-01-01 05:00:00+00:00,8.25
