hour,datetime_utc,price_usd_per_mwh
0,2023-01-01 06:00:00+00:00,10.37
1,2023-01-01 07:00:00+00:00,9.85
2,2023-01-01 08:00:00+00:00,8.58
3,2023-01-01 09:00:00+00:00,8.18
4,2023-01-01 10:00:00+00:00,8.33
5,2023-01-01 11:00:00+00:00,8.58
6,2023-01-01 12:00:00+00:00,13.85
7,2023-01-01 13:00:00+00:00,14.44
8,2023-01-01 14:00:00+00:00,15.07
9,2023-01-01 15:00:00+00:00,15.03
10,2023-01-01 16:00:00+00:00,17.28
11,2023-01-01 17:00:00+00:00,17.88
12,2023-01-01 18:00:00+00:00,17.57
13,2023-01-01 19:00:00+00:00,18.23
14,2023-01-01 20:00:00+00:00,19.5
15,2023-01-01 21:00:00+00:00,17.19
16,2023-01-01 22:00:00+00:00,25.03
17,2023-01-01 23:00:00+00:00,33.17
18,2023-01-02 00:00:00+00:00,23.9
19,2023-01-02 01:00:00+00:00,18.36
20,2023-01-02 02:00:00+00:00,16.09
21,2023-01-02 03:00:00+00:00,16.74
22,2023-01-02 04:00:00+00:00,13.78
23,2023-01-02 05:00:00+00:00,9.65
24,2023-01-02 06:00:00+00:00,9.31
25,2023-01-02 07:00:00+00:00,4.98
26,2023-01-02 08:00:00+00:00,3.83
27,2023-01-02 09:00:00+00:00,3.71
28,2023-01-02 10:00:00+00:00,7.35
29,2023-01-02 11:00:00+00:00,8.85
30,2023-01-02 12:00:00+00:00,12.96
31,2023-01-02 13:00:00+00:00,15.96
32,2023-01-02 14:00:00+00:00,17.79
33,2023-01-02 15:00:00+00:00,18.72
34,2023-01-02 16:00:00+00:00,18.71
35,2023-01-02 17:00:00+00:00,19.43
36,2023-01-02 18:00:00+00:00,18.55
37,2023-01-02 19:00:00+00:00,14.85
38,2023-01-02 20:00:00+00:00,12.89
39,2023-01-02 21:00:00+00:00,14.09
40,2023-01-02 22:00:00+00:00,16.96
41,2023-01-02 23:00:00+00:00,33.52
42,2023-01-03 00:00:00+00:00,24.63
43,2023-01-03 01:00:00+00:00,18.41
44,2023-01-03 02:00:00+00:00,17.26
45,2023-01-03 03:00:00+00:00,16.83
46,2023-01-03 04:00:00+00:00,15.08
47,2023-01-03 05:00:00+00:00,9.94
48,2023-01-03 06:00:00+00:00,11.52
49,2023-01-03 07:00:00+00:00,8.55
50,2023-01-03 08:00:00+00:00,4.54
51,2023-01-03 09:00:00+00:00,9.48
52,2023-01-03 10:00:00+00:00,11.41
53,2023-01-03 11:00:00+00:00,16.33
54,2023-01-03 12:00:00+00:00,20.62
55,2023-01-03 13:00:00+00:00,28.31
56,2023-01-03 14:00:00+00:00,20.55
57,2023-01-03 15:00:00+00:00,16.44
58,2023-01-03 16:00:00+00:00,14.41
59,2023-01-03 17:00:00+00:00,13.77
60,2023-01-03 18:00:00+00:00,14.99
61,2023-01-03 19:00:00+00:00,15.65
62,2023-01-03 20:00:00+00:00,15.93
63,2023-01-03 21:00:00+00:00,17.12
64,2023-01-03 22:00:00+00:00,19.35
65,2023-01-03 23:00:00+00:00,52.57
66,2023-01-04 00:00:00+00:00,40.51
67,2023-01-04 01:00:00+00:00,31.62
68,2023-01-04 02:00:00+00:00,29.56
69,2023-01-04 03:00:00+00:00,22.84
70,2023-01-04 04:00:00+00:00,18.78
71,2023-01-04 05:00:00+00:00,17.51
72,2023-01-04 06:00:00+00:00,15.41
73,2023-01-04 07:00:00+00:00,10.75
74,2023-01-04 08:00:00+00:00,10.04
75,2023-01-04 09:00:00+00:00,10.05
76,2023-01-04 10:00:00+00:00,12.16
77,2023-01-04 11:00:00+00:00,17.78
78,2023-01-04 12:00:00+00:00,28.21
79,2023-01-04 13:00:00+00:00,33.98
80,2023-01-04 14:00:00+00:00,22.32
81,2023-01-04 15:00:00+00:00,19.34
82,2023-01-04 16:00:00+00:00,17.37
83,2023-01-04 17:00:00+00:00,16.58
84,2023-01-04 18:00:00+00:00,16.67
85,2023-01-04 19:00:00+00:00,16.6
86,2023-01-04 20:00:00+00:00,17.56
87,2023-01-04 21:00:00+00:00,18.93
88,2023-01-04 22:00:00+00:00,28.63
89,2023-01-04 23:00:00+00:00,40.39
90,2023-01-05 00:00:00+00:00,41.55
91,2023-01-05 01:00:00+00:00,34.99
92,2023-01-05 02:00:00+00:00,33.51
93,2023-01-05 03:00:00+00:00,29.52
94,2023-01-05 04:00:00+00:00,25.9
95,2023-01-05 05:00:00+00:00,24.34
96,2023-01-05 06:00:00+00:00,27.45
97,2023-01-05 07:00:00+00:00,24.22
98,2023-01-05 08:00:00+00:00,24.59
99,2023-01-05 09:00:00+00:00,26.71
100,2023-01-05 10:00:00+00:00,27.73
101,2023-01-05 11:00:00+00:00,34.27
102,2023-01-05 12:00:00+00:00,73.84
103,2023-01-05 13:00:00+00:00,81.18
104,2023-01-05 14:00:00+00:00,34.9
105,2023-01-05 15:00:00+00:00,27.69
106,2023-01-05 16:00:00+00:00,27.1
107,2023-01-05 17:00:00+00:00,25.33
108,2023-01-05 18:00:00+00:00,24.8
109,2023-01-05 19:00:00+00:00,22.1
110,2023-01-05 20:00:00+00:00,21.36
111,2023-01-05 21:00:00+00:00,21.46
112,2023-01-05 22:00:00+00:00,25.83
113,2023-01-05 23:00:00+00:00,54.53
114,2023-01-06 00:00:00+00:00,32.6
115,2023-01-06 01:00:00+00:00,24.34
116,2023-01-06 02:00:00+00:00,21.83
117,2023-01-06 03:00:00+00:00,20.92
118,2023-01-06 04:00:00+00:00,20.12
119,2023-01-06 05:00:00+00:00,15.11
120,2023-01-06 06:00:00+00:00,10.46
121,2023-01-06 07:00:00+00:00,8.93
122,2023-01-06 08:00:00+00:00,10.8
123,2023-01-06 09:00:00+00:00,11.3
124,2023-01-06 10:00:00+00:00,15.24
125,2023-01-06 11:00:00+00:00,23.13
126,2023-01-06 12:00:00+00:00,36.24
127,2023-01-06 13:00:00+00:00,33.52
128,2023-01-06 14:00:00+00:00,33.32
129,2023-01-06 15:00:00+00:00,26.4
130,2023-01-06 16:00:00+00:00,18.35
131,2023-01-06 17:00:00+00:00,17.46
132,2023-01-06 18:00:00+00:00,16.76
133,2023-01-06 19:00:00+00:00,16.53
134,2023-01-06 20:00:00+00:00,14.64
135,2023-01-06 21:00:00+00:00,15.58
136,2023-01-06 22:00:00+00:00,20.23
137,2023-01-06 23:00:00+00:00,44.97
138,2023-01-07 00:00:00+00:00,32.24
139,2023-01-07 01:00:00+00:00,20.5
140,2023-01-07 02:00:00+00:00,19.11
141,2023-01-07 03:00:00+00:00,19.52
142,2023-01-07 04:00:00+00:00,18.33
143,2023-01-07 05:00:00+00:00,17.84
144,2023-01-07 06:00:00+00:00,24.24
145,2023-01-07 07:00:00+00:00,20.91
146,2023-01-07 08:00:00+00:00,19.66
147,2023-01-07 09:00:00+00:00,19.07
148,2023-01-07 10:00:00+00:00,18.24
149,2023-01-07 11:00:00+00:00,18.43
150,2023-01-07 12:00:00+00:00,21.46
151,2023-01-07 13:00:00+00:00,25.15
152,2023-01-07 14:00:00+00:00,21.72
153,2023-01-07 15:00:00+00:00,20.09
154,2023-01-07 16:00:00+00:00,21.93
155,2023-01-07 17:00:00+00:00,23.53
156,2023-01-07 18:00:00+00:00,24.2
157,2023-01-07 19:00:00+00:00,24.78
158,2023-01-07 20:00:00+00:00,23.04
159,2023-01-07 21:00:00+00:00,24.78
160,2023-01-07 22:00:00+00:00,25.25
161,2023-01-07 23:00:00+00:00,54.14
162,2023-01-08 00:00:00+00:00,41.08
163,2023-01-08 01:00:00+00:00,31.84
164,2023-01-08 02:00:00+00:00,29.44
165,2023-01-08 03:00:00+00:00,28.34
166,2023-01-08 04:00:00+00:00,26.5
167,2023-01-08 05:00:00+00:00,25.58
168,2023-01-08 06:00:00+00:00,28.4
169,2023-01-08 07:00:00+00:00,25.57
170,2023-01-08 08:00:00+00:00,24.31
171,2023-01-08 09:00:00+00:00,24.69
172,2023-01-08 10:00:00+00:00,25.05
173,2023-01-08 11:00:00+00:00,26.33
174,2023-01-08 12:00:00+00:00,27.2
175,2023-01-08 13:00:00+00:00,30.08
176,2023-01-08 14:00:00+00:00,27.92
177,2023-01-08 15:00:00+00:00,23.72
178,2023-01-08 16:00:00+00:00,22.25
179,2023-01-08 17:00:00+00:00,21.93
180,2023-01-08 18:00:00+00:00,20.99
181,2023-01-08 19:00:00+00:00,20.53
182,2023-01-08 20:00:00+00:00,20.07
183,2023-01-08 21:00:00+00:00,19.39
184,2023-01-08 22:00:00+00:00,20.81
185,2023-01-08 23:00:00+00:00,66.05
186,2023-01-09 00:00:00+00:00,37.86
187,2023-01-09 01:00:00+00:00,26.9
188,2023-01-09 02:00:00+00:00,22.31
189,2023-01-09 03:00:00+00:00,22.03
190,2023-01-09 04:00:00+00:00,21.68
191,2023-01-09 05:00:00+00:00,21.26
192,2023-01-09 06:00:00+00:00,16.28
193,2023-01-09 07:00:00+00:00,15.22
194,2023-01-09 08:00:00+00:00,16.64
195,2023-01-09 09:00:00+00:00,17.84
196,2023-01-09 10:00:00+00:00,19.2
197,2023-01-09 11:00:00+00:00,21.87
198,2023-01-09 12:00:00+00:00,26.8
199,2023-01-09 13:00:00+00:00,29.1
200,2023-01-09 14:00:00+00:00,23.77
201,2023-01-09 15:00:00+00:00,20.15
202,2023-01-09 16:00:00+00:00,19.26
203,2023-01-09 17:00:00+00:00,19.38
204,2023-01-09 18:00:00+00:00,19.9
205,2023-01-09 19:00:00+00:00,20.26
206,2023-01-09 20:00:00+00:00,20.75
207,2023-01-09 21:00:00+00:00,21.67
208,2023-01-09 22:00:00+00:00,25.18
209,2023-01-09 23:00:00+00:00,70.9
210,2023-01-10 00:00:00+00:00,48.11
211,2023-01-10 01:00:00+00:00,33.24
212,2023-01-10 02:00:00+00:00,30.08
213,2023-01-10 03:00:00+00:00,27.68
214,2023-01-10 04:00:00+00:00,23.03
215,2023-01-10 05:00:00+00:00,22.47
216,2023-01-10 06:00:00+00:00,18.96
217,2023-01-10 07:00:00+00:00,15.34
218,2023-01-10 08:00:00+00:00,13.03
219,2023-01-10 09:00:00+00:00,12.31
220,2023-01-10 10:00:00+00:00,13.97
221,2023-01-10 11:00:00+00:00,17.33
222,2023-01-10 12:00:00+00:00,28.84
223,2023-01-10 13:00:00+00:00,29.19
224,2023-01-10 14:00:00+00:00,23.86
225,2023-01-10 15:00:00+00:00,20.49
226,2023-01-10 16:00:00+00:00,19.53
227,2023-01-10 17:00:00+00:00,19.47
228,2023-01-10 18:00:00+00:00,19.71
229,2023-01-10 19:00:00+00:00,19.1
230,2023-01-10 20:00:00+00:00,21.27
231,2023-01-10 21:00:00+00:00,22.29
232,2023-01-10 22:00:00+00:00,25.93
233,2023-01-10 23:00:00+00:00,54.89
234,2023-01-11 00:00:00+00:00,33.5
235,2023-01-11 01:00:00+00:00,22.35
236,2023-01-11 02:00:00+00:00,20.17
237,2023-01-11 03:00:00+00:00,17.81
238,2023-01-11 04:00:00+00:00,19.95
239,2023-01-11 05:00:00+00:00,16.25
240,2023-01-11 06:00:00+00:00,10.38
241,2023-01-11 07:00:00+00:00,7.87
242,2023-01-11 08:00:00+00:00,7.51
243,2023-01-11 09:00:00+00:00,7.61
244,2023-01-11 10:00:00+00:00,10.34
245,2023-01-11 11:00:00+00:00,14.17
246,2023-01-11 12:00:00+00:00,28.4
247,2023-01-11 13:00:00+00:00,28.05
248,2023-01-11 14:00:00+00:00,21.27
249,2023-01-11 15:00:00+00:00,18.36
250,2023-01-11 16:00:00+00:00,19.18
251,2023-01-11 17:00:00+00:00,20.09
252,2023-01-11 18:00:00+00:00,20.43
253,2023-01-11 19:00:00+00:00,21.75
254,2023-01-11 20:00:00+00:00,22.16
255,2023-01-11 21:00:00+00:00,22.27
256,2023-01-11 22:00:00+00:00,25.89
257,2023-01-11 23:00:00+00:00,48.27
258,2023-01-12 00:00:00+00:00,36.86
259,2023-01-12 01:00:00+00:00,24.66
260,2023-01-12 02:00:00+00:00,20.69
261,2023-01-12 03:00:00+00:00,19.36
262,2023-01-12 04:00:00+00:00,18.0
263,2023-01-12 05:00:00+00:00,15.51
264,2023-01-12 06:00:00+00:00,11.72
265,2023-01-12 07:00:00+00:00,9.39
266,2023-01-12 08:00:00+00:00,10.26
267,2023-01-12 09:00:00+00:00,11.65
268,2023-01-12 10:00:00+00:00,13.16
269,2023-01-12 11:00:00+00:00,17.84
270,2023-01-12 12:00:00+00:00,31.46
271,2023-01-12 13:00:00+00:00,27.02
272,2023-01-12 14:00:00+00:00,20.61
273,2023-01-12 15:00:00+00:00,17.48
274,2023-01-12 16:00:00+00:00,17.47
275,2023-01-12 17:00:00+00:00,18.76
276,2023-01-12 18:00:00+00:00,20.51
277,2023-01-12 19:00:00+00:00,21.49
278,2023-01-12 20:00:00+00:00,23.38
279,2023-01-12 21:00:00+00:00,23.39
280,2023-01-12 22:00:00+00:00,23.74
281,2023-01-12 23:00:00+00:00,44.89
282,2023-01-13 00:00:00+00:00,49.64
283,2023-01-13 01:00:00+00:00,41.65
284,2023-01-13 02:00:00+00:00,36.96
285,2023-01-13 03:00:00+00:00,36.36
286,2023-01-13 04:00:00+00:00,35.02
287,2023-01-13 05:00:00+00:00,30.04
288,2023-01-13 06:00:00+00:00,25.25
289,2023-01-13 07:00:00+00:00,25.2
290,2023-01-13 08:00:00+00:00,25.28
291,2023-01-13 09:00:00+00:00,25.5
292,2023-01-13 10:00:00+00:00,26.77
293,2023-01-13 11:00:00+00:00,37.77
294,2023-01-13 12:00:00+00:00,63.04
295,2023-01-13 13:00:00+00:00,72.85
296,2023-01-13 14:00:00+00:00,40.0
297,2023-01-13 15:00:00+00:00,30.97
298,2023-01-13 16:00:00+00:00,28.2
299,2023-01-13 17:00:00+00:00,25.65
300,2023-01-13 18:00:00+00:00,24.97
301,2023-01-13 19:00:00+00:00,23.7
302,2023-01-13 20:00:00+00:00,22.56
303,2023-01-13 21:00:00+00:00,22.07
304,2023-01-13 22:00:00+00:00,25.26
305,2023-01-13 23:00:00+00:00,45.71
306,2023-01-14 00:00:00+00:00,35.0
307,2023-01-14 01:00:00+00:00,27.33
308,2023-01-14 02:00:00+00:00,27.81
309,2023-01-14 03:00:00+00:00,25.34
310,2023-01-14 04:00:00+00:00,25.14
311,2023-01-14 05:00:00+00:00,25.86
312,2023-01-14 06:00:00+00:00,20.72
313,2023-01-14 07:00:00+00:00,20.37
314,2023-01-14 08:00:00+00:00,20.73
315,2023-01-14 09:00:00+00:00,20.9
316,2023-01-14 10:00:00+00:00,21.62
317,2023-01-14 11:00:00+00:00,24.07
318,2023-01-14 12:00:00+00:00,29.16
319,2023-01-14 13:00:00+00:00,30.59
320,2023-01-14 14:00:00+00:00,28.38
321,2023-01-14 15:00:00+00:00,21.33
322,2023-01-14 16:00:00+00:00,19.22
323,2023-01-14 17:00:00+00:00,17.48
324,2023-01-14 18:00:00+00:00,15.28
325,2023-01-14 19:00:00+00:00,11.86
326,2023-01-14 20:00:00+00:00,9.99
327,2023-01-14 21:00:00+00:00,9.64
328,2023-01-14 22:00:00+00:00,11.46
329,2023-01-14 23:00:00+00:00,19.27
330,2023-01-15 00:00:00+00:00,20.19
331,2023-01-15 01:00:00+00:00,17.73
332,2023-01-15 02:00:00+00:00,15.59
333,2023-01-15 03:00:00+00:00,14.73
334,2023-01-15 04:00:00+00:00,14.42
335,2023-01-15 05:00:00+00:00,9.68
336,2023-01-15 06:00:00+00:00,6.02
337,2023-01-15 07:00:00+00:00,4.69
338,2023-01-15 08:00:00+00:00,4.13
339,2023-01-15 09:00:00+00:00,4.79
340,2023-01-15 10:00:00+00:00,5.38
341,2023-01-15 11:00:00+00:00,7.03
342,2023-01-15 12:00:00+00:00,11.52
343,2023-01-15 13:00:00+00:00,15.15
344,2023-01-15 14:00:00+00:00,15.21
345,2023-01-15 15:00:00+00:00,10.8
346,2023-01-15 16:00:00+00:00,9.22
347,2023-01-15 17:00:00+00:00,8.44
348,2023-01-15 18:00:00+00:00,8.81
349,2023-01-15 19:00:00+00:00,9.28
350,2023-01-15 20:00:00+00:00,9.3
351,2023-01-15 21:00:00+00:00,9.8
352,2023-01-15 22:00:00+00:00,15.31
353,2023-01-15 23:00:00+00:00,26.61
354,2023-01-16 00:00:00+00:00,24.37
355,2023-01-16 01:00:00+00:00,19.98
356,2023-01-16 02:00:00+00:00,16.0
357,2023-01-16 03:00:00+00:00,13.67
358,2023-01-16 04:00:00+00:00,12.64
359,2023-01-16 05:00:00+00:00,6.14
360,2023-01-16 06:00:00+00:00,5.36
361,2023-01-16 07:00:00+00:00,3.65
362,2023-01-16 08:00:00+00:00,4.47
363,2023-01-16 09:00:00+00:00,5.58
364,2023-01-16 10:00:00+00:00,7.62
365,2023-01-16 11:00:00+00:00,14.33
366,2023-01-16 12:00:00+00:00,21.7
367,2023-01-16 13:00:00+00:00,24.98
368,2023-01-16 14:00:00+00:00,23.91
369,2023-01-16 15:00:00+00:00,22.37
370,2023-01-16 16:00:00+00:00,18.32
371,2023-01-16 17:00:00+00:00,21.32
372,2023-01-16 18:00:00+00:00,24.8
373,2023-01-16 19:00:00+00:00,21.06
374,2023-01-16 20:00:00+00:00,21.59
375,2023-01-16 21:00:00+00:00,21.47
376,2023-01-16 22:00:00+00:00,25.02
377,2023-01-16 23:00:00+00:00,52.99
378,2023-01-17 00:00:00+00:00,48.7
379,2023-01-17 01:00:00+00:00,31.98
380,2023-01-17 02:00:00+00:00,27.7
381,2023-01-17 03:00:00+00:00,20.03
382,2023-01-17 04:00:00+00:00,22.75
383,2023-01-17 05:00:00+00:00,19.65
384,2023-01-17 06:00:00+00:00,17.23
385,2023-01-17 07:00:00+00:00,16.8
386,2023-01-17 08:00:00+00:00,17.89
387,2023-01-17 09:00:00+00:00,19.94
388,2023-01-17 10:00:00+00:00,23.8
389,2023-01-17 11:00:00+00:00,26.68
390,2023-01-17 12:00:00+00:00,31.44
391,2023-01-17 13:00:00+00:00,29.94
392,2023-01-17 14:00:00+00:00,26.6
393,2023-01-17 15:00:00+00:00,30.94
394,2023-01-17 16:00:00+00:00,32.76
395,2023-01-17 17:00:00+00:00,31.27
396,2023-01-17 18:00:00+00:00,29.67
397,2023-01-17 19:00:00+00:00,26.11
398,2023-01-17 20:00:00+00:00,24.66
399,2023-01-17 21:00:00+00:00,22.73
400,2023-01-17 22:00:00+00:00,29.94
401,2023-01-17 23:00:00+00:00,74.23
402,2023-01-18 00:00:00+00:00,50.77
403,2023-01-18 01:00:00+00:00,34.97
404,2023-01-18 02:00:00+00:00,27.89
405,2023-01-18 03:00:00+00:00,24.1
406,2023-01-18 04:00:00+00:00,22.61
407,2023-01-18 05:00:00+00:00,19.98
408,2023-01-18 06:00:00+00:00,17.28
409,2023-01-18 07:00:00+00:00,12.02
410,2023-01-18 08:00:00+00:00,10.9
411,2023-01-18 09:00:00+00:00,11.77
412,2023-01-18 10:00:00+00:00,14.84
413,2023-01-18 11:00:00+00:00,19.91
414,2023-01-18 12:00:00+00:00,29.23
415,2023-01-18 13:00:00+00:00,26.47
416,2023-01-18 14:00:00+00:00,24.32
417,2023-01-18 15:00:00+00:00,18.08
418,2023-01-18 16:00:00+00:00,17.47
419,2023-01-18 17:00:00+00:00,17.52
420,2023-01-18 18:00:00+00:00,17.66
421,2023-01-18 19:00:00+00:00,17.64
422,2023-01-18 20:00:00+00:00,17.13
423,2023-01-18 21:00:00+00:00,17.59
424,2023-01-18 22:00:00+00:00,21.57
425,2023-01-18 23:00:00+00:00,39.48
426,2023-01-19 00:00:00+00:00,41.64
427,2023-01-19 01:00:00+00:00,28.86
428,2023-01-19 02:00:00+00:00,26.21
429,2023-01-19 03:00:00+00:00,22.21
430,2023-01-19 04:00:00+00:00,21.48
431,2023-01-19 05:00:00+00:00,18.98
432,2023-01-19 06:00:00+00:00,15.83
433,2023-01-19 07:00:00+00:00,16.36
434,2023-01-19 08:00:00+00:00,17.61
435,2023-01-19 09:00:00+00:00,20.1
436,2023-01-19 10:00:00+00:00,21.44
437,2023-01-19 11:00:00+00:00,24.96
438,2023-01-19 12:00:00+00:00,30.6
439,2023-01-19 13:00:00+00:00,36.07
440,2023-01-19 14:00:00+00:00,32.49
441,2023-01-19 15:00:00+00:00,25.88
442,2023-01-19 16:00:00+00:00,25.5
443,2023-01-19 17:00:00+00:00,25.44
444,2023-01-19 18:00:00+00:00,25.77
445,2023-01-19 19:00:00+00:00,24.98
446,2023-01-19 20:00:00+00:00,23.36
447,2023-01-19 21:00:00+00:00,23.0
448,2023-01-19 22:00:00+00:00,27.31
449,2023-01-19 23:00:00+00:00,54.45
450,2023-01-20 00:00:00+00:00,44.6
451,2023-01-20 01:00:00+00:00,32.92
452,2023-01-20 02:00:00+00:00,30.59
453,2023-01-20 03:00:00+00:00,24.5
454,2023-01-20 04:00:00+00:00,21.42
455,2023-01-20 05:00:00+00:00,20.5
456,2023-01-20 06:00:00+00:00,17.96
457,2023-01-20 07:00:00+00:00,16.13
458,2023-01-20 08:00:00+00:00,15.97
459,2023-01-20 09:00:00+00:00,16.45
460,2023-01-20 10:00:00+00:00,16.82
461,2023-01-20 11:00:00+00:00,20.3
462,2023-01-20 12:00:00+00:00,26.2
463,2023-01-20 13:00:00+00:00,25.25
464,2023-01-20 14:00:00+00:00,21.16
465,2023-01-20 15:00:00+00:00,20.15
466,2023-01-20 16:00:00+00:00,18.18
467,2023-01-20 17:00:00+00:00,18.07
468,2023-01-20 18:00:00+00:00,17.39
469,2023-01-20 19:00:00+00:00,17.1
470,2023-01-20 20:00:00+00:00,16.66
471,2023-01-20 21:00:00+00:00,16.18
472,2023-01-20 22:00:00+00:00,17.19
473,2023-01-20 23:00:00+00:00,23.04
474,2023-01-21 00:00:00+00:00,24.56
475,2023-01-21 01:00:00+00:00,22.23
476,2023-01-21 02:00:00+00:00,20.46
477,2023-01-21 03:00:00+00:00,19.14
478,2023-01-21 04:00:00+00:00,19.43
479,2023-01-21 05:00:00+00:00,16.71
480,2023-01-21 06:00:00+00:00,17.45
481,2023-01-21 07:00:00+00:00,17.78
482,2023-01-21 08:00:00+00:00,19.92
483,2023-01-21 09:00:00+00:00,20.2
484,2023-01-21 10:00:00+00:00,22.37
485,2023-01-21 11:00:00+00:00,23.5
486,2023-01-21 12:00:00+00:00,24.46
487,2023-01-21 13:00:00+00:00,30.09
488,2023-01-21 14:00:00+00:00,33.37
489,2023-01-21 15:00:00+00:00,30.0
490,2023-01-21 16:00:00+00:00,25.13
491,2023-01-21 17:00:00+00:00,20.5
492,2023-01-21 18:00:00+00:00,19.47
493,2023-01-21 19:00:00+00:00,18.53
494,2023-01-21 20:00:00+00:00,15.89
495,2023-01-21 21:00:00+00:00,14.87
496,2023-01-21 22:00:00+00:00,15.68
497,2023-01-21 23:00:00+00:00,26.87
498,2023-01-22 00:00:00+00:00,28.13
499,2023-01-22 01:00:00+00:00,25.3
500,2023-01-22 02:00:00+00:00,24.76
501,2023-01-22 03:00:00+00:00,21.32
502,2023-01-22 04:00:00+00:00,22.48
503,2023-01-22 05:00:00+00:00,20.3
504,2023-01-22 06:00:00+00:00,23.22
505,2023-01-22 07:00:00+00:00,21.16
506,2023-01-22 08:00:00+00:00,21.73
507,2023-01-22 09:00:00+00:00,23.75
508,2023-01-22 10:00:00+00:00,24.72
509,2023-01-22 11:00:00+00:00,25.76
510,2023-01-22 12:00:00+00:00,26.44
511,2023-01-22 13:00:00+00:00,33.49
512,2023-01-22 14:00:00+00:00,31.77
513,2023-01-22 15:00:00+00:00,25.19
514,2023-01-22 16:00:00+00:00,22.1
515,2023-01-22 17:00:00+00:00,20.82
516,2023-01-22 18:00:00+00:00,20.01
517,2023-01-22 19:00:00+00:00,19.64
518,2023-01-22 20:00:00+00:00,18.94
519,2023-01-22 21:00:00+00:00,19.02
520,2023-01-22 22:00:00+00:00,22.59
521,2023-01-22 23:00:00+00:00,43.44
522,2023-01-23 00:00:00+00:00,48.74
523,2023-01-23 01:00:00+00:00,43.78
524,2023-01-23 02:00:00+00:00,30.9
525,2023-01-23 03:00:00+00:00,28.44
526,2023-01-23 04:00:00+00:00,24.92
527,2023-01-23 05:00:00+00:00,22.92
528,2023-01-23 06:00:00+00:00,22.76
529,2023-01-23 07:00:00+00:00,20.68
530,2023-01-23 08:00:00+00:00,20.71
531,2023-01-23 09:00:00+00:00,21.18
532,2023-01-23 10:00:00+00:00,20.61
533,2023-01-23 11:00:00+00:00,24.05
534,2023-01-23 12:00:00+00:00,40.13
535,2023-01-23 13:00:00+00:00,37.66
536,2023-01-23 14:00:00+00:00,30.66
537,2023-01-23 15:00:00+00:00,22.45
538,2023-01-23 16:00:00+00:00,19.6
539,2023-01-23 17:00:00+00:00,18.59
540,2023-01-23 18:00:00+00:00,17.02
541,2023-01-23 19:00:00+00:00,14.43
542,2023-01-23 20:00:00+00:00,12.58
543,2023-01-23 21:00:00+00:00,11.7
544,2023-01-23 22:00:00+00:00,13.63
545,2023-01-23 23:00:00+00:00,22.43
546,2023-01-24 00:00:00+00:00,29.99
547,2023-01-24 01:00:00+00:00,26.9
548,2023-01-24 02:00:00+00:00,25.56
549,2023-01-24 03:00:00+00:00,22.55
550,2023-01-24 04:00:00+00:00,19.38
551,2023-01-24 05:00:00+00:00,18.05
552,2023-01-24 06:00:00+00:00,21.21
553,2023-01-24 07:00:00+00:00,21.32
554,2023-01-24 08:00:00+00:00,21.56
555,2023-01-24 09:00:00+00:00,21.95
556,2023-01-24 10:00:00+00:00,24.67
557,2023-01-24 11:00:00+00:00,26.74
558,2023-01-24 12:00:00+00:00,41.14
559,2023-01-24 13:00:00+00:00,49.33
560,2023-01-24 14:00:00+00:00,42.96
561,2023-01-24 15:00:00+00:00,33.64
562,2023-01-24 16:00:00+00:00,28.38
563,2023-01-24 17:00:00+00:00,28.75
564,2023-01-24 18:00:00+00:00,27.44
565,2023-01-24 19:00:00+00:00,24.48
566,2023-01-24 20:00:00+00:00,23.19
567,2023-01-24 21:00:00+00:00,21.69
568,2023-01-24 22:00:00+00:00,23.89
569,2023-01-24 23:00:00+00:00,40.28
570,2023-01-25 00:00:00+00:00,37.6
571,2023-01-25 01:00:00+00:00,36.21
572,2023-01-25 02:00:00+00:00,35.31
573,2023-01-25 03:00:00+00:00,31.45
574,2023-01-25 04:00:00+00:00,26.49
575,2023-01-25 05:00:00+00:00,25.27
576,2023-01-25 06:00:00+00:00,21.22
577,2023-01-25 07:00:00+00:00,19.55
578,2023-01-25 08:00:00+00:00,19.38
579,2023-01-25 09:00:00+00:00,19.66
580,2023-01-25 10:00:00+00:00,22.97
581,2023-01-25 11:00:00+00:00,26.76
582,2023-01-25 12:00:00+00:00,46.72
583,2023-01-25 13:00:00+00:00,45.88
584,2023-01-25 14:00:00+00:00,32.82
585,2023-01-25 15:00:00+00:00,25.21
586,2023-01-25 16:00:00+00:00,23.33
587,2023-01-25 17:00:00+00:00,22.25
588,2023-01-25 18:00:00+00:00,21.43
589,2023-01-25 19:00:00+00:00,20.82
590,2023-01-25 20:00:00+00:00,20.41
591,2023-01-25 21:00:00+00:00,20.52
592,2023-01-25 22:00:00+00:00,23.28
593,2023-01-25 23:00:00+00:00,40.61
594,2023-01-26 00:00:00+00:00,51.99
595,2023-01-26 01:00:00+00:00,47.98
596,2023-01-26 02:00:00+00:00,41.27
597,2023-01-26 03:00:00+00:00,37.67
598,2023-01-26 04:00:00+00:00,30.62
599,2023-01-26 05:00:00+00:00,27.8
600,2023-01-26 06:00:00+00:00,21.88
601,2023-01-26 07:00:00+00:00,20.51
602,2023-01-26 08:00:00+00:00,20.24
603,2023-01-26 09:00:00+00:00,20.24
604,2023-01-26 10:00:00+00:00,22.95
605,2023-01-26 11:00:00+00:00,28.58
606,2023-01-26 12:00:00+00:00,52.5
607,2023-01-26 13:00:00+00:00,50.9
608,2023-01-26 14:00:00+00:00,31.85
609,2023-01-26 15:00:00+00:00,25.3
610,2023-01-26 16:00:00+00:00,23.3
611,2023-01-26 17:00:00+00:00,20.49
612,2023-01-26 18:00:00+00:00,19.88
613,2023-01-26 19:00:00+00:00,19.46
614,2023-01-26 20:00:00+00:00,18.13
615,2023-01-26 21:00:00+00:00,18.02
616,2023-01-26 22:00:00+00:00,20.05
617,2023-01-26 23:00:00+00:00,35.31
618,2023-01-27 00:00:00+00:00,35.06
619,2023-01-27 01:00:00+00:00,32.48
620,2023-01-27 02:00:00+00:00,30.47
621,2023-01-27 03:00:00+00:00,27.47
622,2023-01-27 04:00:00+00:00,24.48
623,2023-01-27 05:00:00+00:00,22.41
624,2023-01-27 06:00:00+00:00,15.9
625,2023-01-27 07:00:00+00:00,15.39
626,2023-01-27 08:00:00+00:00,15.21
627,2023-01-27 09:00:00+00:00,15.6
628,2023-01-27 10:00:00+00:00,16.31
629,2023-01-27 11:00:00+00:00,18.52
630,2023-01-27 12:00:00+00:00,31.13
631,2023-01-27 13:00:00+00:00,30.71
632,2023-01-27 14:00:00+00:00,23.05
633,2023-01-27 15:00:00+00:00,21.74
634,2023-01-27 16:00:00+00:00,18.61
635,2023-01-27 17:00:00+00:00,17.8
636,2023-01-27 18:00:00+00:00,17.06
637,2023-01-27 19:00:00+00:00,15.38
638,2023-01-27 20:00:00+00:00,12.76
639,2023-01-27 21:00:00+00:00,12.24
640,2023-01-27 22:00:00+00:00,15.64
641,2023-01-27 23:00:00+00:00,25.81
642,2023-01-28 00:00:00+00:00,23.87
643,2023-01-28 01:00:00+00:00,19.82
644,2023-01-28 02:00:00+00:00,18.7
645,2023-01-28 03:00:00+00:00,17.07
646,2023-01-28 04:00:00+00:00,15.58
647,2023-01-28 05:00:00+00:00,13.71
648,2023-01-28 06:00:00+00:00,12.57
649,2023-01-28 07:00:00+00:00,11.48
650,2023-01-28 08:00:00+00:00,10.57
651,2023-01-28 09:00:00+00:00,10.39
652,2023-01-28 10:00:00+00:00,11.4
653,2023-01-28 11:00:00+00:00,13.03
654,2023-01-28 12:00:00+00:00,16.28
655,2023-01-28 13:00:00+00:00,19.91
656,2023-01-28 14:00:00+00:00,18.35
657,2023-01-28 15:00:00+00:00,16.03
658,2023-01-28 16:00:00+00:00,12.7
659,2023-01-28 17:00:00+00:00,11.68
660,2023-01-28 18:00:00+00:00,10.44
661,2023-01-28 19:00:00+00:00,9.43
662,2023-01-28 20:00:00+00:00,8.92
663,2023-01-28 21:00:00+00:00,9.57
664,2023-01-28 22:00:00+00:00,15.09
665,2023-01-28 23:00:00+00:00,27.02
666,2023-01-29 00:00:00+00:00,24.1
667,2023-01-29 01:00:00+00:00,18.44
668,2023-01-29 02:00:00+00:00,14.39
669,2023-01-29 03:00:00+00:00,11.8
670,2023-01-29 04:00:00+00:00,11.91
671,2023-01-29 05:00:00+00:00,11.71
672,2023-01-29 06:00:00+00:00,10.14
673,2023-01-29 07:00:00+00:00,11.96
674,2023-01-29 08:00:00+00:00,13.09
675,2023-01-29 09:00:00+00:00,15.0
676,2023-01-29 10:00:00+00:00,15.68
677,2023-01-29 11:00:00+00:00,16.38
678,2023-01-29 12:00:00+00:00,17.24
679,2023-01-29 13:00:00+00:00,17.93
680,2023-01-29 14:00:00+00:00,18.35
681,2023-01-29 15:00:00+00:00,17.86
682,2023-01-29 16:00:00+00:00,18.22
683,2023-01-29 17:00:00+00:00,18.61
684,2023-01-29 18:00:00+00:00,19.01
685,2023-01-29 19:00:00+00:00,19.25
686,2023-01-29 20:00:00+00:00,18.97
687,2023-01-29 21:00:00+00:00,18.55
688,2023-01-29 22:00:00+00:00,18.61
689,2023-01-29 23:00:00+00:00,39.97
690,2023-01-30 00:00:00+00:00,34.77
691,2023-01-30 01:00:00+00:00,23.35
692,2023-01-30 02:00:00+00:00,20.49
693,2023-01-30 03:00:00+00:00,19.2
694,2023-01-30 04:00:00+00:00,19.05
695,2023-01-30 05:00:00+00:00,18.58
696,2023-01-30 06:00:00+00:00,19.25
697,2023-01-30 07:00:00+00:00,19.2
698,2023-01-30 08:00:00+00:00,19.69
699,2023-01-30 09:00:00+00:00,20.63
700,2023-01-30 10:00:00+00:00,22.38
701,2023-01-30 11:00:00+00:00,25.76
702,2023-01-30 12:00:00+00:00,30.17
703,2023-01-30 13:00:00+00:00,37.41
704,2023-01-30 14:00:00+00:00,36.6
705,2023-01-30 15:00:00+00:00,42.56
706,2023-01-30 16:00:00+00:00,43.34
707,2023-01-30 17:00:00+00:00,36.29
708,2023-01-30 18:00:00+00:00,32.85
709,2023-01-30 19:00:00+00:00,30.88
710,2023-01-30 20:00:00+00:00,30.7
711,2023-01-30 21:00:00+00:00,32.59
712,2023-01-30 22:00:00+00:00,42.49
713,2023-01-30 23:00:00+00:00,79.44
714,2023-01-31 00:00:00+00:00,80.14
715,2023-01-31 01:00:00+00:00,68.78
716,2023-01-31 02:00:00+00:00,55.06
717,2023-01-31 03:00:00+00:00,46.98
718,2023-01-31 04:00:00+00:00,35.57
719,2023-01-31 05:00:00+00:00,31.26
720,2023-01-31 06:00:00+00:00,41.58
721,2023-01-31 07:00:00+00:00,35.72
722,2023-01-31 08:00:00+00:00,35.97
723,2023-01-31 09:00:00+00:00,35.71
724,2023-01-31 10:00:00+00:00,40.54
725,2023-01-31 11:00:00+00:00,58.12
726,2023-01-31 12:00:00+00:00,118.35
727,2023-01-31 13:00:00+00:00,150.92
728,2023-01-31 14:00:00+00:00,127.38
729,2023-01-31 15:00:00+00:00,102.14
730,2023-01-31 16:00:00+00:00,84.72
731,2023-01-31 17:00:00+00:00,68.01
732,2023-01-31 18:00:00+00:00,52.61
733,2023-01-31 19:00:00+00:00,46.23
734,2023-01-31 20:00:00+00:00,49.06
735,2023-01-31 21:00:00+00:00,50.01
736,2023-01-31 22:00:00+00:00,66.25
737,2023-01-31 23:00:00+00:00,113.58
738,2023-02-01 00:00:00+00:00,148.17
739,2023-02-01 01:00:00+00:00,114.33
740,2023-02-01 02:00:00+00:00,94.83
741,2023-02-01 03:00:00+00:00,65.21
742,2023-02-01 04:00:00+00:00,50.37
743,2023-02-01 05:00:00+00:00,44.66
744,2023-02-01 06:00:00+00:00,38.42
745,2023-02-01 07:00:00+00:00,36.5
746,2023-02-01 08:00:00+00:00,36.64
747,2023-02-01 09:00:00+00:00,37.17
748,2023-02-01 10:00:00+00:00,39.09
749,2023-02-01 11:00:00+00:00,45.16
750,2023-02-01 12:00:00+00:00,85.93
751,2023-02-01 13:00:00+00:00,98.77
752,2023-02-01 14:00:00+00:00,95.0
753,2023-02-01 15:00:00+00:00,104.51
754,2023-02-01 16:00:00+00:00,103.4
755,2023-02-01 17:00:00+00:00,91.62
756,2023-02-01 18:00:00+00:00,68.28
757,2023-02-01 19:00:00+00:00,60.0
758,2023-02-01 20:00:00+00:00,62.19
759,2023-02-01 21:00:00+00:00,63.08
760,2023-02-01 22:00:00+00:00,93.63
761,2023-02-01 23:00:00+00:00,112.9
762,2023-02-02 00:00:00+00:00,121.92
763,2023-02-02 01:00:00+00:00,94.32
764,2023-02-02 02:00:00+00:00,84.54
765,2023-02-02 03:00:00+00:00,59.05
766,2023-02-02 04:00:00+00:00,36.04
767,2023-02-02 05:00:00+00:00,32.74
768,2023-02-02 06:00:00+00:00,31.25
769,2023-02-02 07:00:00+00:00,30.81
770,2023-02-02 08:00:00+00:00,30.74
771,2023-02-02 09:00:00+00:00,31.33
772,2023-02-02 10:00:00+00:00,31.04
773,2023-02-02 11:00:00+00:00,45.79
774,2023-02-02 12:00:00+00:00,64.07
775,2023-02-02 13:00:00+00:00,70.88
776,2023-02-02 14:00:00+00:00,62.17
777,2023-02-02 15:00:00+00:00,44.98
778,2023-02-02 16:00:00+00:00,38.82
779,2023-02-02 17:00:00+00:00,33.9
780,2023-02-02 18:00:00+00:00,31.85
781,2023-02-02 19:00:00+00:00,30.15
782,2023-02-02 20:00:00+00:00,27.13
783,2023-02-02 21:00:00+00:00,26.7
784,2023-02-02 22:00:00+00:00,27.65
785,2023-02-02 23:00:00+00:00,41.58
786,2023-02-03 00:00:00+00:00,48.82
787,2023-02-03 01:00:00+00:00,36.55
788,2023-02-03 02:00:00+00:00,33.84
789,2023-02-03 03:00:00+00:00,30.86
790,2023-02-03 04:00:00+00:00,25.84
791,2023-02-03 05:00:00+00:00,25.61
792,2023-02-03 06:00:00+00:00,28.37
793,2023-02-03 07:00:00+00:00,27.24
794,2023-02-03 08:00:00+00:00,27.25
795,2023-02-03 09:00:00+00:00,28.84
796,2023-02-03 10:00:00+00:00,30.1
797,2023-02-03 11:00:00+00:00,34.61
798,2023-02-03 12:00:00+00:00,69.0
799,2023-02-03 13:00:00+00:00,66.25
800,2023-02-03 14:00:00+00:00,32.51
801,2023-02-03 15:00:00+00:00,26.35
802,2023-02-03 16:00:00+00:00,24.6
803,2023-02-03 17:00:00+00:00,22.58
804,2023-02-03 18:00:00+00:00,19.94
805,2023-02-03 19:00:00+00:00,18.42
806,2023-02-03 20:00:00+00:00,16.85
807,2023-02-03 21:00:00+00:00,16.38
808,2023-02-03 22:00:00+00:00,17.29
809,2023-02-03 23:00:00+00:00,28.5
810,2023-02-04 00:00:00+00:00,31.01
811,2023-02-04 01:00:00+00:00,24.61
812,2023-02-04 02:00:00+00:00,21.68
813,2023-02-04 03:00:00+00:00,21.32
814,2023-02-04 04:00:00+00:00,20.34
815,2023-02-04 05:00:00+00:00,20.77
816,2023-02-04 06:00:00+00:00,17.79
817,2023-02-04 07:00:00+00:00,16.42
818,2023-02-04 08:00:00+00:00,16.82
819,2023-02-04 09:00:00+00:00,17.75
820,2023-02-04 10:00:00+00:00,18.97
821,2023-02-04 11:00:00+00:00,20.16
822,2023-02-04 12:00:00+00:00,29.06
823,2023-02-04 13:00:00+00:00,30.87
824,2023-02-04 14:00:00+00:00,28.77
825,2023-02-04 15:00:00+00:00,23.6
826,2023-02-04 16:00:00+00:00,18.91
827,2023-02-04 17:00:00+00:00,16.84
828,2023-02-04 18:00:00+00:00,16.46
829,2023-02-04 19:00:00+00:00,13.74
830,2023-02-04 20:00:00+00:00,11.16
831,2023-02-04 21:00:00+00:00,10.58
832,2023-02-04 22:00:00+00:00,14.69
833,2023-02-04 23:00:00+00:00,21.19
834,2023-02-05 00:00:00+00:00,24.79
835,2023-02-05 01:00:00+00:00,17.16
836,2023-02-05 02:00:00+00:00,16.58
837,2023-02-05 03:00:00+00:00,16.16
838,2023-02-05 04:00:00+00:00,15.53
839,2023-02-05 05:00:00+00:00,16.67
840,2023-02-05 06:00:00+00:00,13.74
841,2023-02-05 07:00:00+00:00,13.74
842,2023-02-05 08:00:00+00:00,14.59
843,2023-02-05 09:00:00+00:00,15.78
844,2023-02-05 10:00:00+00:00,16.81
845,2023-02-05 11:00:00+00:00,18.0
846,2023-02-05 12:00:00+00:00,25.91
847,2023-02-05 13:00:00+00:00,30.46
848,2023-02-05 14:00:00+00:00,24.7
849,2023-02-05 15:00:00+00:00,19.19
850,2023-02-05 16:00:00+00:00,17.94
851,2023-02-05 17:00:00+00:00,16.47
852,2023-02-05 18:00:00+00:00,15.9
853,2023-02-05 19:00:00+00:00,15.34
854,2023-02-05 20:00:00+00:00,14.36
855,2023-02-05 21:00:00+00:00,13.34
856,2023-02-05 22:00:00+00:00,13.39
857,2023-02-05 23:00:00+00:00,18.44
858,2023-02-06 00:00:00+00:00,17.81
859,2023-02-06 01:00:00+00:00,15.5
860,2023-02-06 02:00:00+00:00,15.1
861,2023-02-06 03:00:00+00:00,14.38
862,2023-02-06 04:00:00+00:00,12.17
863,2023-02-06 05:00:00+00:00,10.49
864,2023-02-06 06:00:00+00:00,3.85
865,2023-02-06 07:00:00+00:00,3.86
866,2023-02-06 08:00:00+00:00,3.8
867,2023-02-06 09:00:00+00:00,4.43
868,2023-02-06 10:00:00+00:00,5.66
869,2023-02-06 11:00:00+00:00,10.97
870,2023-02-06 12:00:00+00:00,20.32
871,2023-02-06 13:00:00+00:00,22.47
872,2023-02-06 14:00:00+00:00,22.35
873,2023-02-06 15:00:00+00:00,18.07
874,2023-02-06 16:00:00+00:00,12.28
875,2023-02-06 17:00:00+00:00,10.95
876,2023-02-06 18:00:00+00:00,11.53
877,2023-02-06 19:00:00+00:00,12.07
878,2023-02-06 20:00:00+00:00,11.2
879,2023-02-06 21:00:00+00:00,10.96
880,2023-02-06 22:00:00+00:00,12.47
881,2023-02-06 23:00:00+00:00,25.32
882,2023-02-07 00:00:00+00:00,26.43
883,2023-02-07 01:00:00+00:00,21.58
884,2023-02-07 02:00:00+00:00,16.89
885,2023-02-07 03:00:00+00:00,16.09
886,2023-02-07 04:00:00+00:00,12.79
887,2023-02-07 05:00:00+00:00,6.74
888,2023-02-07 06:00:00+00:00,2.66
889,2023-02-07 07:00:00+00:00,2.99
890,2023-02-07 08:00:00+00:00,4.73
891,2023-02-07 09:00:00+00:00,4.78
892,2023-02-07 10:00:00+00:00,4.13
893,2023-02-07 11:00:00+00:00,9.52
894,2023-02-07 12:00:00+00:00,16.53
895,2023-02-07 13:00:00+00:00,16.58
896,2023-02-07 14:00:00+00:00,15.22
897,2023-02-07 15:00:00+00:00,15.72
898,2023-02-07 16:00:00+00:00,14.13
899,2023-02-07 17:00:00+00:00,13.76
900,2023-02-07 18:00:00+00:00,13.86
901,2023-02-07 19:00:00+00:00,12.71
902,2023-02-07 20:00:00+00:00,12.08
903,2023-02-07 21:00:00+00:00,12.17
904,2023-02-07 22:00:00+00:00,15.23
905,2023-02-07 23:00:00+00:00,21.59
906,2023-02-08 00:00:00+00:00,23.36
907,2023-02-08 01:00:00+00:00,19.82
908,2023-02-08 02:00:00+00:00,17.65
909,2023-02-08 03:00:00+00:00,14.03
910,2023-02-08 04:00:00+00:00,15.57
911,2023-02-08 05:00:00+00:00,14.5
912,2023-02-08 06:00:00+00:00,16.13
913,2023-02-08 07:00:00+00:00,15.18
914,2023-02-08 08:00:00+00:00,15.11
915,2023-02-08 09:00:00+00:00,15.55
916,2023-02-08 10:00:00+00:00,16.82
917,2023-02-08 11:00:00+00:00,20.67
918,2023-02-08 12:00:00+00:00,26.6
919,2023-02-08 13:00:00+00:00,29.59
920,2023-02-08 14:00:00+00:00,21.06
921,2023-02-08 15:00:00+00:00,17.27
922,2023-02-08 16:00:00+00:00,14.01
923,2023-02-08 17:00:00+00:00,13.8
924,2023-02-08 18:00:00+00:00,14.17
925,2023-02-08 19:00:00+00:00,12.16
926,2023-02-08 20:00:00+00:00,10.78
927,2023-02-08 21:00:00+00:00,11.17
928,2023-02-08 22:00:00+00:00,12.64
929,2023-02-08 23:00:00+00:00,29.23
930,2023-02-09 00:00:00+00:00,39.44
931,2023-02-09 01:00:00+00:00,40.67
932,2023-02-09 02:00:00+00:00,26.68
933,2023-02-09 03:00:00+00:00,19.85
934,2023-02-09 04:00:00+00:00,17.06
935,2023-02-09 05:00:00+00:00,15.01
936,2023-02-09 06:00:00+00:00,16.01
937,2023-02-09 07:00:00+00:00,15.4
938,2023-02-09 08:00:00+00:00,15.55
939,2023-02-09 09:00:00+00:00,15.96
940,2023-02-09 10:00:00+00:00,17.65
941,2023-02-09 11:00:00+00:00,18.05
942,2023-02-09 12:00:00+00:00,33.65
943,2023-02-09 13:00:00+00:00,36.49
944,2023-02-09 14:00:00+00:00,22.97
945,2023-02-09 15:00:00+00:00,21.08
946,2023-02-09 16:00:00+00:00,20.37
947,2023-02-09 17:00:00+00:00,16.99
948,2023-02-09 18:00:00+00:00,17.03
949,2023-02-09 19:00:00+00:00,16.18
950,2023-02-09 20:00:00+00:00,16.02
951,2023-02-09 21:00:00+00:00,15.39
952,2023-02-09 22:00:00+00:00,15.44
953,2023-02-09 23:00:00+00:00,22.7
954,2023-02-10 00:00:00+00:00,25.06
955,2023-02-10 01:00:00+00:00,19.75
956,2023-02-10 02:00:00+00:00,19.25
957,2023-02-10 03:00:00+00:00,17.84
958,2023-02-10 04:00:00+00:00,15.53
959,2023-02-10 05:00:00+00:00,16.05
960,2023-02-10 06:00:00+00:00,12.83
961,2023-02-10 07:00:00+00:00,12.65
962,2023-02-10 08:00:00+00:00,12.94
963,2023-02-10 09:00:00+00:00,13.02
964,2023-02-10 10:00:00+00:00,14.15
965,2023-02-10 11:00:00+00:00,18.31
966,2023-02-10 12:00:00+00:00,26.53
967,2023-02-10 13:00:00+00:00,30.38
968,2023-02-10 14:00:00+00:00,24.88
969,2023-02-10 15:00:00+00:00,21.69
970,2023-02-10 16:00:00+00:00,17.48
971,2023-02-10 17:00:00+00:00,16.0
972,2023-02-10 18:00:00+00:00,16.11
973,2023-02-10 19:00:00+00:00,15.26
974,2023-02-10 20:00:00+00:00,12.11
975,2023-02-10 21:00:00+00:00,12.66
976,2023-02-10 22:00:00+00:00,14.52
977,2023-02-10 23:00:00+00:00,24.3
978,2023-02-11 00:00:00+00:00,47.15
979,2023-02-11 01:00:00+00:00,47.01
980,2023-02-11 02:00:00+00:00,44.61
981,2023-02-11 03:00:00+00:00,47.51
982,2023-02-11 04:00:00+00:00,31.66
983,2023-02-11 05:00:00+00:00,26.92
984,2023-02-11 06:00:00+00:00,26.77
985,2023-02-11 07:00:00+00:00,24.49
986,2023-02-11 08:00:00+00:00,23.84
987,2023-02-11 09:00:00+00:00,23.34
988,2023-02-11 10:00:00+00:00,24.75
989,2023-02-11 11:00:00+00:00,26.88
990,2023-02-11 12:00:00+00:00,50.15
991,2023-02-11 13:00:00+00:00,51.0
992,2023-02-11 14:00:00+00:00,32.47
993,2023-02-11 15:00:00+00:00,27.15
994,2023-02-11 16:00:00+00:00,20.92
995,2023-02-11 17:00:00+00:00,19.75
996,2023-02-11 18:00:00+00:00,16.63
997,2023-02-11 19:00:00+00:00,15.12
998,2023-02-11 20:00:00+00:00,14.24
999,2023-02-11 21:00:00+00:00,13.66
1000,2023-02-11 22:00:00+00:00,15.0
1001,2023-02-11 23:00:00+00:00,28.97
1002,2023-02-12 00:00:00+00:00,41.49
1003,2023-02-12 01:00:00+00:00,25.39
1004,2023-02-12 02:00:00+00:00,21.62
1005,2023-02-12 03:00:00+00:00,19.64
1006,2023-02-12 04:00:00+00:00,18.24
1007,2023-02-12 05:00:00+00:00,19.98
1008,2023-02-12 06:00:00+00:00,18.53
1009,2023-02-12 07:00:00+00:00,17.65
1010,2023-02-12 08:00:00+00:00,18.38
1011,2023-02-12 09:00:00+00:00,18.42
1012,2023-02-12 10:00:00+00:00,19.36
1013,2023-02-12 11:00:00+00:00,21.4
1014,2023-02-12 12:00:00+00:00,25.26
1015,2023-02-12 13:00:00+00:00,31.85
1016,2023-02-12 14:00:00+00:00,23.55
1017,2023-02-12 15:00:00+00:00,20.6
1018,2023-02-12 16:00:00+00:00,17.19
1019,2023-02-12 17:00:00+00:00,16.42
1020,2023-02-12 18:00:00+00:00,15.5
1021,2023-02-12 19:00:00+00:00,14.89
1022,2023-02-12 20:00:00+00:00,12.37
1023,2023-02-12 21:00:00+00:00,12.28
1024,2023-02-12 22:00:00+00:00,13.95
1025,2023-02-12 23:00:00+00:00,20.12
1026,2023-02-13 00:00:00+00:00,22.18
1027,2023-02-13 01:00:00+00:00,17.17
1028,2023-02-13 02:00:00+00:00,16.26
1029,2023-02-13 03:00:00+00:00,16.34
1030,2023-02-13 04:00:00+00:00,16.74
1031,2023-02-13 05:00:00+00:00,16.4
1032,2023-02-13 06:00:00+00:00,17.66
1033,2023-02-13 07:00:00+00:00,17.52
1034,2023-02-13 08:00:00+00:00,17.24
1035,2023-02-13 09:00:00+00:00,18.97
1036,2023-02-13 10:00:00+00:00,22.59
1037,2023-02-13 11:00:00+00:00,27.3
1038,2023-02-13 12:00:00+00:00,57.14
1039,2023-02-13 13:00:00+00:00,58.79
1040,2023-02-13 14:00:00+00:00,30.38
1041,2023-02-13 15:00:00+00:00,25.63
1042,2023-02-13 16:00:00+00:00,21.47
1043,2023-02-13 17:00:00+00:00,16.4
1044,2023-02-13 18:00:00+00:00,15.82
1045,2023-02-13 19:00:00+00:00,16.98
1046,2023-02-13 20:00:00+00:00,12.38
1047,2023-02-13 21:00:00+00:00,11.39
1048,2023-02-13 22:00:00+00:00,13.08
1049,2023-02-13 23:00:00+00:00,16.99
1050,2023-02-14 00:00:00+00:00,18.57
1051,2023-02-14 01:00:00+00:00,16.89
1052,2023-02-14 02:00:00+00:00,15.26
1053,2023-02-14 03:00:00+00:00,11.88
1054,2023-02-14 04:00:00+00:00,8.6
1055,2023-02-14 05:00:00+00:00,6.58
1056,2023-02-14 06:00:00+00:00,2.46
1057,2023-02-14 07:00:00+00:00,1.73
1058,2023-02-14 08:00:00+00:00,2.22
1059,2023-02-14 09:00:00+00:00,2.97
1060,2023-02-14 10:00:00+00:00,1.55
1061,2023-02-14 11:00:00+00:00,4.63
1062,2023-02-14 12:00:00+00:00,18.21
1063,2023-02-14 13:00:00+00:00,18.15
1064,2023-02-14 14:00:00+00:00,14.31
1065,2023-02-14 15:00:00+00:00,12.46
1066,2023-02-14 16:00:00+00:00,11.93
1067,2023-02-14 17:00:00+00:00,12.54
1068,2023-02-14 18:00:00+00:00,15.26
1069,2023-02-14 19:00:00+00:00,15.25
1070,2023-02-14 20:00:00+00:00,15.51
1071,2023-02-14 21:00:00+00:00,14.94
1072,2023-02-14 22:00:00+00:00,15.33
1073,2023-02-14 23:00:00+00:00,26.83
1074,2023-02-15 00:00:00+00:00,30.73
1075,2023-02-15 01:00:00+00:00,22.6
1076,2023-02-15 02:00:00+00:00,16.87
1077,2023-02-15 03:00:00+00:00,14.74
1078,2023-02-15 04:00:00+00:00,14.7
1079,2023-02-15 05:00:00+00:00,11.46
1080,2023-02-15 06:00:00+00:00,15.28
1081,2023-02-15 07:00:00+00:00,13.5
1082,2023-02-15 08:00:00+00:00,11.24
1083,2023-02-15 09:00:00+00:00,9.12
1084,2023-02-15 10:00:00+00:00,10.0
1085,2023-02-15 11:00:00+00:00,13.16
1086,2023-02-15 12:00:00+00:00,24.03
1087,2023-02-15 13:00:00+00:00,20.81
1088,2023-02-15 14:00:00+00:00,16.73
1089,2023-02-15 15:00:00+00:00,13.92
1090,2023-02-15 16:00:00+00:00,12.06
1091,2023-02-15 17:00:00+00:00,11.92
1092,2023-02-15 18:00:00+00:00,14.16
1093,2023-02-15 19:00:00+00:00,15.83
1094,2023-02-15 20:00:00+00:00,16.44
1095,2023-02-15 21:00:00+00:00,17.0
1096,2023-02-15 22:00:00+00:00,16.9
1097,2023-02-15 23:00:00+00:00,26.7
1098,2023-02-16 00:00:00+00:00,31.3
1099,2023-02-16 01:00:00+00:00,21.63
1100,2023-02-16 02:00:00+00:00,18.9
1101,2023-02-16 03:00:00+00:00,17.0
1102,2023-02-16 04:00:00+00:00,16.36
1103,2023-02-16 05:00:00+00:00,12.67
1104,2023-02-16 06:00:00+00:00,12.02
1105,2023-02-16 07:00:00+00:00,11.7
1106,2023-02-16 08:00:00+00:00,11.39
1107,2023-02-16 09:00:00+00:00,11.9
1108,2023-02-16 10:00:00+00:00,12.64
1109,2023-02-16 11:00:00+00:00,16.11
1110,2023-02-16 12:00:00+00:00,25.83
1111,2023-02-16 13:00:00+00:00,25.69
1112,2023-02-16 14:00:00+00:00,20.39
1113,2023-02-16 15:00:00+00:00,17.3
1114,2023-02-16 16:00:00+00:00,15.69
1115,2023-02-16 17:00:00+00:00,14.25
1116,2023-02-16 18:00:00+00:00,12.97
1117,2023-02-16 19:00:00+00:00,12.56
1118,2023-02-16 20:00:00+00:00,10.61
1119,2023-02-16 21:00:00+00:00,12.66
1120,2023-02-16 22:00:00+00:00,14.16
1121,2023-02-16 23:00:00+00:00,21.82
1122,2023-02-17 00:00:00+00:00,36.02
1123,2023-02-17 01:00:00+00:00,35.91
1124,2023-02-17 02:00:00+00:00,32.1
1125,2023-02-17 03:00:00+00:00,28.9
1126,2023-02-17 04:00:00+00:00,24.5
1127,2023-02-17 05:00:00+00:00,21.43
1128,2023-02-17 06:00:00+00:00,25.27
1129,2023-02-17 07:00:00+00:00,24.89
1130,2023-02-17 08:00:00+00:00,25.66
1131,2023-02-17 09:00:00+00:00,26.66
1132,2023-02-17 10:00:00+00:00,26.74
1133,2023-02-17 11:00:00+00:00,39.67
1134,2023-02-17 12:00:00+00:00,90.41
1135,2023-02-17 13:00:00+00:00,92.89
1136,2023-02-17 14:00:00+00:00,41.31
1137,2023-02-17 15:00:00+00:00,28.13
1138,2023-02-17 16:00:00+00:00,24.34
1139,2023-02-17 17:00:00+00:00,21.09
1140,2023-02-17 18:00:00+00:00,19.89
1141,2023-02-17 19:00:00+00:00,17.25
1142,2023-02-17 20:00:00+00:00,16.38
1143,2023-02-17 21:00:00+00:00,16.68
1144,2023-02-17 22:00:00+00:00,16.83
1145,2023-02-17 23:00:00+00:00,31.0
1146,2023-02-18 00:00:00+00:00,45.57
1147,2023-02-18 01:00:00+00:00,33.52
1148,2023-02-18 02:00:00+00:00,28.62
1149,2023-02-18 03:00:00+00:00,25.32
1150,2023-02-18 04:00:00+00:00,24.69
1151,2023-02-18 05:00:00+00:00,21.9
1152,2023-02-18 06:00:00+00:00,18.6
1153,2023-02-18 07:00:00+00:00,17.79
1154,2023-02-18 08:00:00+00:00,17.72
1155,2023-02-18 09:00:00+00:00,18.17
1156,2023-02-18 10:00:00+00:00,20.31
1157,2023-02-18 11:00:00+00:00,20.43
1158,2023-02-18 12:00:00+00:00,31.07
1159,2023-02-18 13:00:00+00:00,34.7
1160,2023-02-18 14:00:00+00:00,28.0
1161,2023-02-18 15:00:00+00:00,29.36
1162,2023-02-18 16:00:00+00:00,21.66
1163,2023-02-18 17:00:00+00:00,18.39
1164,2023-02-18 18:00:00+00:00,16.6
1165,2023-02-18 19:00:00+00:00,15.44
1166,2023-02-18 20:00:00+00:00,13.97
1167,2023-02-18 21:00:00+00:00,12.93
1168,2023-02-18 22:00:00+00:00,14.71
1169,2023-02-18 23:00:00+00:00,18.83
1170,2023-02-19 00:00:00+00:00,26.01
1171,2023-02-19 01:00:00+00:00,19.57
1172,2023-02-19 02:00:00+00:00,18.43
1173,2023-02-19 03:00:00+00:00,17.74
1174,2023-02-19 04:00:00+00:00,17.32
1175,2023-02-19 05:00:00+00:00,16.35
1176,2023-02-19 06:00:00+00:00,14.48
1177,2023-02-19 07:00:00+00:00,12.89
1178,2023-02-19 08:00:00+00:00,13.1
1179,2023-02-19 09:00:00+00:00,13.56
1180,2023-02-19 10:00:00+00:00,13.48
1181,2023-02-19 11:00:00+00:00,17.57
1182,2023-02-19 12:00:00+00:00,19.55
1183,2023-02-19 13:00:00+00:00,20.62
1184,2023-02-19 14:00:00+00:00,18.97
1185,2023-02-19 15:00:00+00:00,19.91
1186,2023-02-19 16:00:00+00:00,16.84
1187,2023-02-19 17:00:00+00:00,14.51
1188,2023-02-19 18:00:00+00:00,13.77
1189,2023-02-19 19:00:00+00:00,12.98
1190,2023-02-19 20:00:00+00:00,12.45
1191,2023-02-19 21:00:00+00:00,12.83
1192,2023-02-19 22:00:00+00:00,14.16
1193,2023-02-19 23:00:00+00:00,20.41
1194,2023-02-20 00:00:00+00:00,24.31
1195,2023-02-20 01:00:00+00:00,18.21
1196,2023-02-20 02:00:00+00:00,16.11
1197,2023-02-20 03:00:00+00:00,15.55
1198,2023-02-20 04:00:00+00:00,13.38
1199,2023-02-20 05:00:00+00:00,10.01
1200,2023-02-20 06:00:00+00:00,6.7
1201,2023-02-20 07:00:00+00:00,5.96
1202,2023-02-20 08:00:00+00:00,5.6
1203,2023-02-20 09:00:00+00:00,5.83
1204,2023-02-20 10:00:00+00:00,7.98
1205,2023-02-20 11:00:00+00:00,14.3
1206,2023-02-20 12:00:00+00:00,18.64
1207,2023-02-20 13:00:00+00:00,18.22
1208,2023-02-20 14:00:00+00:00,15.93
1209,2023-02-20 15:00:00+00:00,17.25
1210,2023-02-20 16:00:00+00:00,17.02
1211,2023-02-20 17:00:00+00:00,16.02
1212,2023-02-20 18:00:00+00:00,16.5
1213,2023-02-20 19:00:00+00:00,17.59
1214,2023-02-20 20:00:00+00:00,18.38
1215,2023-02-20 21:00:00+00:00,19.56
1216,2023-02-20 22:00:00+00:00,19.2
1217,2023-02-20 23:00:00+00:00,21.1
1218,2023-02-21 00:00:00+00:00,27.77
1219,2023-02-21 01:00:00+00:00,22.21
1220,2023-02-21 02:00:00+00:00,18.17
1221,2023-02-21 03:00:00+00:00,16.5
1222,2023-02-21 04:00:00+00:00,15.87
1223,2023-02-21 05:00:00+00:00,13.9
1224,2023-02-21 06:00:00+00:00,12.0
1225,2023-02-21 07:00:00+00:00,9.66
1226,2023-02-21 08:00:00+00:00,8.9
1227,2023-02-21 09:00:00+00:00,9.62
1228,2023-02-21 10:00:00+00:00,9.29
1229,2023-02-21 11:00:00+00:00,14.67
1230,2023-02-21 12:00:00+00:00,18.21
1231,2023-02-21 13:00:00+00:00,17.99
1232,2023-02-21 14:00:00+00:00,14.44
1233,2023-02-21 15:00:00+00:00,12.28
1234,2023-02-21 16:00:00+00:00,12.26
1235,2023-02-21 17:00:00+00:00,12.32
1236,2023-02-21 18:00:00+00:00,15.99
1237,2023-02-21 19:00:00+00:00,18.53
1238,2023-02-21 20:00:00+00:00,19.14
1239,2023-02-21 21:00:00+00:00,19.12
1240,2023-02-21 22:00:00+00:00,19.29
1241,2023-02-21 23:00:00+00:00,27.01
1242,2023-02-22 00:00:00+00:00,28.58
1243,2023-02-22 01:00:00+00:00,23.6
1244,2023-02-22 02:00:00+00:00,18.85
1245,2023-02-22 03:00:00+00:00,15.06
1246,2023-02-22 04:00:00+00:00,13.75
1247,2023-02-22 05:00:00+00:00,12.54
1248,2023-02-22 06:00:00+00:00,6.77
1249,2023-02-22 07:00:00+00:00,5.62
1250,2023-02-22 08:00:00+00:00,4.62
1251,2023-02-22 09:00:00+00:00,5.14
1252,2023-02-22 10:00:00+00:00,6.47
1253,2023-02-22 11:00:00+00:00,11.03
1254,2023-02-22 12:00:00+00:00,14.82
1255,2023-02-22 13:00:00+00:00,15.01
1256,2023-02-22 14:00:00+00:00,13.33
1257,2023-02-22 15:00:00+00:00,13.99
1258,2023-02-22 16:00:00+00:00,16.26
1259,2023-02-22 17:00:00+00:00,18.87
1260,2023-02-22 18:00:00+00:00,22.13
1261,2023-02-22 19:00:00+00:00,27.31
1262,2023-02-22 20:00:00+00:00,33.11
1263,2023-02-22 21:00:00+00:00,35.77
1264,2023-02-22 22:00:00+00:00,37.96
1265,2023-02-22 23:00:00+00:00,31.64
1266,2023-02-23 00:00:00+00:00,27.82
1267,2023-02-23 01:00:00+00:00,24.14
1268,2023-02-23 02:00:00+00:00,19.6
1269,2023-02-23 03:00:00+00:00,16.57
1270,2023-02-23 04:00:00+00:00,16.37
1271,2023-02-23 05:00:00+00:00,15.14
1272,2023-02-23 06:00:00+00:00,10.08
1273,2023-02-23 07:00:00+00:00,8.73
1274,2023-02-23 08:00:00+00:00,9.61
1275,2023-02-23 09:00:00+00:00,12.02
1276,2023-02-23 10:00:00+00:00,15.52
1277,2023-02-23 11:00:00+00:00,17.0
1278,2023-02-23 12:00:00+00:00,26.17
1279,2023-02-23 13:00:00+00:00,27.21
1280,2023-02-23 14:00:00+00:00,19.23
1281,2023-02-23 15:00:00+00:00,16.49
1282,2023-02-23 16:00:00+00:00,16.86
1283,2023-02-23 17:00:00+00:00,17.29
1284,2023-02-23 18:00:00+00:00,18.21
1285,2023-02-23 19:00:00+00:00,19.86
1286,2023-02-23 20:00:00+00:00,21.0
1287,2023-02-23 21:00:00+00:00,21.52
1288,2023-02-23 22:00:00+00:00,23.78
1289,2023-02-23 23:00:00+00:00,27.39
1290,2023-02-24 00:00:00+00:00,24.03
1291,2023-02-24 01:00:00+00:00,16.19
1292,2023-02-24 02:00:00+00:00,14.68
1293,2023-02-24 03:00:00+00:00,17.19
1294,2023-02-24 04:00:00+00:00,14.1
1295,2023-02-24 05:00:00+00:00,13.1
1296,2023-02-24 06:00:00+00:00,12.46
1297,2023-02-24 07:00:00+00:00,13.2
1298,2023-02-24 08:00:00+00:00,14.74
1299,2023-02-24 09:00:00+00:00,15.61
1300,2023-02-24 10:00:00+00:00,16.36
1301,2023-02-24 11:00:00+00:00,19.47
1302,2023-02-24 12:00:00+00:00,19.5
1303,2023-02-24 13:00:00+00:00,23.74
1304,2023-02-24 14:00:00+00:00,21.23
1305,2023-02-24 15:00:00+00:00,20.91
1306,2023-02-24 16:00:00+00:00,21.38
1307,2023-02-24 17:00:00+00:00,21.24
1308,2023-02-24 18:00:00+00:00,20.79
1309,2023-02-24 19:00:00+00:00,20.07
1310,2023-02-24 20:00:00+00:00,21.17
1311,2023-02-24 21:00:00+00:00,20.16
1312,2023-02-24 22:00:00+00:00,22.33
1313,2023-02-24 23:00:00+00:00,29.14
1314,2023-02-25 00:00:00+00:00,31.35
1315,2023-02-25 01:00:00+00:00,26.62
1316,2023-02-25 02:00:00+00:00,23.75
1317,2023-02-25 03:00:00+00:00,20.96
1318,2023-02-25 04:00:00+00:00,20.67
1319,2023-02-25 05:00:00+00:00,19.3
1320,2023-02-25 06:00:00+00:00,23.51
1321,2023-02-25 07:00:00+00:00,21.48
1322,2023-02-25 08:00:00+00:00,20.67
1323,2023-02-25 09:00:00+00:00,19.17
1324,2023-02-25 10:00:00+00:00,19.49
1325,2023-02-25 11:00:00+00:00,21.72
1326,2023-02-25 12:00:00+00:00,23.14
1327,2023-02-25 13:00:00+00:00,26.98
1328,2023-02-25 14:00:00+00:00,28.55
1329,2023-02-25 15:00:00+00:00,33.85
1330,2023-02-25 16:00:00+00:00,34.84
1331,2023-02-25 17:00:00+00:00,28.96
1332,2023-02-25 18:00:00+00:00,24.65
1333,2023-02-25 19:00:00+00:00,23.01
1334,2023-02-25 20:00:00+00:00,25.3
1335,2023-02-25 21:00:00+00:00,25.05
1336,2023-02-25 22:00:00+00:00,27.25
1337,2023-02-25 23:00:00+00:00,26.79
1338,2023-02-26 00:00:00+00:00,27.82
1339,2023-02-26 01:00:00+00:00,25.63
1340,2023-02-26 02:00:00+00:00,21.55
1341,2023-02-26 03:00:00+00:00,20.9
1342,2023-02-26 04:00:00+00:00,21.78
1343,2023-02-26 05:00:00+00:00,20.11
1344,2023-02-26 06:00:00+00:00,23.28
1345,2023-02-26 07:00:00+00:00,18.5
1346,2023-02-26 08:00:00+00:00,17.23
1347,2023-02-26 09:00:00+00:00,15.5
1348,2023-02-26 10:00:00+00:00,13.81
1349,2023-02-26 11:00:00+00:00,15.23
1350,2023-02-26 12:00:00+00:00,12.77
1351,2023-02-26 13:00:00+00:00,12.74
1352,2023-02-26 14:00:00+00:00,13.93
1353,2023-02-26 15:00:00+00:00,13.21
1354,2023-02-26 16:00:00+00:00,12.16
1355,2023-02-26 17:00:00+00:00,12.07
1356,2023-02-26 18:00:00+00:00,13.54
1357,2023-02-26 19:00:00+00:00,15.14
1358,2023-02-26 20:00:00+00:00,15.68
1359,2023-02-26 21:00:00+00:00,17.35
1360,2023-02-26 22:00:00+00:00,18.24
1361,2023-02-26 23:00:00+00:00,18.7
1362,2023-02-27 00:00:00+00:00,33.9
1363,2023-02-27 01:00:00+00:00,25.73
1364,2023-02-27 02:00:00+00:00,22.7
1365,2023-02-27 03:00:00+00:00,19.25
1366,2023-02-27 04:00:00+00:00,16.8
1367,2023-02-27 05:00:00+00:00,15.74
1368,2023-02-27 06:00:00+00:00,7.49
1369,2023-02-27 07:00:00+00:00,2.96
1370,2023-02-27 08:00:00+00:00,2.79
1371,2023-02-27 09:00:00+00:00,4.3
1372,2023-02-27 10:00:00+00:00,7.19
1373,2023-02-27 11:00:00+00:00,16.18
1374,2023-02-27 12:00:00+00:00,21.19
1375,2023-02-27 13:00:00+00:00,22.29
1376,2023-02-27 14:00:00+00:00,17.81
1377,2023-02-27 15:00:00+00:00,16.76
1378,2023-02-27 16:00:00+00:00,17.29
1379,2023-02-27 17:00:00+00:00,19.13
1380,2023-02-27 18:00:00+00:00,23.14
1381,2023-02-27 19:00:00+00:00,25.63
1382,2023-02-27 20:00:00+00:00,31.25
1383,2023-02-27 21:00:00+00:00,30.48
1384,2023-02-27 22:00:00+00:00,22.87
1385,2023-02-27 23:00:00+00:00,31.98
1386,2023-02-28 00:00:00+00:00,66.67
1387,2023-02-28 01:00:00+00:00,30.18
1388,2023-02-28 02:00:00+00:00,26.46
1389,2023-02-28 03:00:00+00:00,19.59
1390,2023-02-28 04:00:00+00:00,19.74
1391,2023-02-28 05:00:00+00:00,17.73
1392,2023-02-28 06:00:00+00:00,11.85
1393,2023-02-28 07:00:00+00:00,10.62
1394,2023-02-28 08:00:00+00:00,11.17
1395,2023-02-28 09:00:00+00:00,11.69
1396,2023-02-28 10:00:00+00:00,12.92
1397,2023-02-28 11:00:00+00:00,16.48
1398,2023-02-28 12:00:00+00:00,26.03
1399,2023-02-28 13:00:00+00:00,22.64
1400,2023-02-28 14:00:00+00:00,16.48
1401,2023-02-28 15:00:00+00:00,16.03
1402,2023-02-28 16:00:00+00:00,15.61
1403,2023-02-28 17:00:00+00:00,15.21
1404,2023-02-28 18:00:00+00:00,16.75
1405,2023-02-28 19:00:00+00:00,20.28
1406,2023-02-28 20:00:00+00:00,23.19
1407,2023-02-28 21:00:00+00:00,27.53
1408,2023-02-28 22:00:00+00:00,24.69
1409,2023-02-28 23:00:00+00:00,33.61
1410,2023-03-01 00:00:00+00:00,43.25
1411,2023-03-01 01:00:00+00:00,28.58
1412,2023-03-01 02:00:00+00:00,24.13
1413,2023-03-01 03:00:00+00:00,23.29
1414,2023-03-01 04:00:00+00:00,20.45
1415,2023-03-01 05:00:00+00:00,20.33
1416,2023-03-01 06:00:00+00:00,17.11
1417,2023-03-01 07:00:00+00:00,15.42
1418,2023-03-01 08:00:00+00:00,16.25
1419,2023-03-01 09:00:00+00:00,17.53
1420,2023-03-01 10:00:00+00:00,20.28
1421,2023-03-01 11:00:00+00:00,26.53
1422,2023-03-01 12:00:00+00:00,40.99
1423,2023-03-01 13:00:00+00:00,36.14
1424,2023-03-01 14:00:00+00:00,25.31
1425,2023-03-01 15:00:00+00:00,25.32
1426,2023-03-01 16:00:00+00:00,28.12
1427,2023-03-01 17:00:00+00:00,29.78
1428,2023-03-01 18:00:00+00:00,31.85
1429,2023-03-01 19:00:00+00:00,34.18
1430,2023-03-01 20:00:00+00:00,30.88
1431,2023-03-01 21:00:00+00:00,31.95
1432,2023-03-01 22:00:00+00:00,34.96
1433,2023-03-01 23:00:00+00:00,45.21
1434,2023-03-02 00:00:00+00:00,50.81
1435,2023-03-02 01:00:00+00:00,32.41
1436,2023-03-02 02:00:00+00:00,27.88
1437,2023-03-02 03:00:00+00:00,25.51
1438,2023-03-02 04:00:00+00:00,20.3
1439,2023-03-02 05:00:00+00:00,18.25
1440,2023-03-02 06:00:00+00:00,20.12
1441,2023-03-02 07:00:00+00:00,16.77
1442,2023-03-02 08:00:00+00:00,15.45
1443,2023-03-02 09:00:00+00:00,17.42
1444,2023-03-02 10:00:00+00:00,19.77
1445,2023-03-02 11:00:00+00:00,26.59
1446,2023-03-02 12:00:00+00:00,31.09
1447,2023-03-02 13:00:00+00:00,23.82
1448,2023-03-02 14:00:00+00:00,20.28
1449,2023-03-02 15:00:00+00:00,20.68
1450,2023-03-02 16:00:00+00:00,20.67
1451,2023-03-02 17:00:00+00:00,21.8
1452,2023-03-02 18:00:00+00:00,22.31
1453,2023-03-02 19:00:00+00:00,31.26
1454,2023-03-02 20:00:00+00:00,35.84
1455,2023-03-02 21:00:00+00:00,34.01
1456,2023-03-02 22:00:00+00:00,33.07
1457,2023-03-02 23:00:00+00:00,33.21
1458,2023-03-03 00:00:00+00:00,30.99
1459,2023-03-03 01:00:00+00:00,25.82
1460,2023-03-03 02:00:00+00:00,22.16
1461,2023-03-03 03:00:00+00:00,19.1
1462,2023-03-03 04:00:00+00:00,18.54
1463,2023-03-03 05:00:00+00:00,15.62
1464,2023-03-03 06:00:00+00:00,9.57
1465,2023-03-03 07:00:00+00:00,7.94
1466,2023-03-03 08:00:00+00:00,8.46
1467,2023-03-03 09:00:00+00:00,10.09
1468,2023-03-03 10:00:00+00:00,13.87
1469,2023-03-03 11:00:00+00:00,19.81
1470,2023-03-03 12:00:00+00:00,26.74
1471,2023-03-03 13:00:00+00:00,26.75
1472,2023-03-03 14:00:00+00:00,20.46
1473,2023-03-03 15:00:00+00:00,17.24
1474,2023-03-03 16:00:00+00:00,18.07
1475,2023-03-03 17:00:00+00:00,19.39
1476,2023-03-03 18:00:00+00:00,19.84
1477,2023-03-03 19:00:00+00:00,20.18
1478,2023-03-03 20:00:00+00:00,19.92
1479,2023-03-03 21:00:00+00:00,19.67
1480,2023-03-03 22:00:00+00:00,21.21
1481,2023-03-03 23:00:00+00:00,33.86
1482,2023-03-04 00:00:00+00:00,69.75
1483,2023-03-04 01:00:00+00:00,38.83
1484,2023-03-04 02:00:00+00:00,24.49
1485,2023-03-04 03:00:00+00:00,19.72
1486,2023-03-04 04:00:00+00:00,20.13
1487,2023-03-04 05:00:00+00:00,17.61
1488,2023-03-04 06:00:00+00:00,13.18
1489,2023-03-04 07:00:00+00:00,10.83
1490,2023-03-04 08:00:00+00:00,10.31
1491,2023-03-04 09:00:00+00:00,12.05
1492,2023-03-04 10:00:00+00:00,13.62
1493,2023-03-04 11:00:00+00:00,16.48
1494,2023-03-04 12:00:00+00:00,21.34
1495,2023-03-04 13:00:00+00:00,21.72
1496,2023-03-04 14:00:00+00:00,16.71
1497,2023-03-04 15:00:00+00:00,17.67
1498,2023-03-04 16:00:00+00:00,17.52
1499,2023-03-04 17:00:00+00:00,17.16
1500,2023-03-04 18:00:00+00:00,17.35
1501,2023-03-04 19:00:00+00:00,18.47
1502,2023-03-04 20:00:00+00:00,19.24
1503,2023-03-04 21:00:00+00:00,17.25
1504,2023-03-04 22:00:00+00:00,17.62
1505,2023-03-04 23:00:00+00:00,31.71
1506,2023-03-05 00:00:00+00:00,67.96
1507,2023-03-05 01:00:00+00:00,32.42
1508,2023-03-05 02:00:00+00:00,21.5
1509,2023-03-05 03:00:00+00:00,19.79
1510,2023-03-05 04:00:00+00:00,19.45
1511,2023-03-05 05:00:00+00:00,16.44
1512,2023-03-05 06:00:00+00:00,17.25
1513,2023-03-05 07:00:00+00:00,12.05
1514,2023-03-05 08:00:00+00:00,11.71
1515,2023-03-05 09:00:00+00:00,11.63
1516,2023-03-05 10:00:00+00:00,13.23
1517,2023-03-05 11:00:00+00:00,12.83
1518,2023-03-05 12:00:00+00:00,17.48
1519,2023-03-05 13:00:00+00:00,17.15
1520,2023-03-05 14:00:00+00:00,15.36
1521,2023-03-05 15:00:00+00:00,16.96
1522,2023-03-05 16:00:00+00:00,15.76
1523,2023-03-05 17:00:00+00:00,16.36
1524,2023-03-05 18:00:00+00:00,17.99
1525,2023-03-05 19:00:00+00:00,18.76
1526,2023-03-05 20:00:00+00:00,18.87
1527,2023-03-05 21:00:00+00:00,18.53
1528,2023-03-05 22:00:00+00:00,19.62
1529,2023-03-05 23:00:00+00:00,24.15
1530,2023-03-06 00:00:00+00:00,44.01
1531,2023-03-06 01:00:00+00:00,32.63
1532,2023-03-06 02:00:00+00:00,21.54
1533,2023-03-06 03:00:00+00:00,19.45
1534,2023-03-06 04:00:00+00:00,17.84
1535,2023-03-06 05:00:00+00:00,14.69
1536,2023-03-06 06:00:00+00:00,12.08
1537,2023-03-06 07:00:00+00:00,10.7
1538,2023-03-06 08:00:00+00:00,11.17
1539,2023-03-06 09:00:00+00:00,11.84
1540,2023-03-06 10:00:00+00:00,14.28
1541,2023-03-06 11:00:00+00:00,18.78
1542,2023-03-06 12:00:00+00:00,25.32
1543,2023-03-06 13:00:00+00:00,24.53
1544,2023-03-06 14:00:00+00:00,19.98
1545,2023-03-06 15:00:00+00:00,21.67
1546,2023-03-06 16:00:00+00:00,23.79
1547,2023-03-06 17:00:00+00:00,26.34
1548,2023-03-06 18:00:00+00:00,26.64
1549,2023-03-06 19:00:00+00:00,27.97
1550,2023-03-06 20:00:00+00:00,29.05
1551,2023-03-06 21:00:00+00:00,31.41
1552,2023-03-06 22:00:00+00:00,37.77
1553,2023-03-06 23:00:00+00:00,67.88
1554,2023-03-07 00:00:00+00:00,101.76
1555,2023-03-07 01:00:00+00:00,47.48
1556,2023-03-07 02:00:00+00:00,28.1
1557,2023-03-07 03:00:00+00:00,22.44
1558,2023-03-07 04:00:00+00:00,20.72
1559,2023-03-07 05:00:00+00:00,19.94
1560,2023-03-07 06:00:00+00:00,15.38
1561,2023-03-07 07:00:00+00:00,13.78
1562,2023-03-07 08:00:00+00:00,13.76
1563,2023-03-07 09:00:00+00:00,14.23
1564,2023-03-07 10:00:00+00:00,17.33
1565,2023-03-07 11:00:00+00:00,21.33
1566,2023-03-07 12:00:00+00:00,25.75
1567,2023-03-07 13:00:00+00:00,25.17
1568,2023-03-07 14:00:00+00:00,24.21
1569,2023-03-07 15:00:00+00:00,24.27
1570,2023-03-07 16:00:00+00:00,26.4
1571,2023-03-07 17:00:00+00:00,29.28
1572,2023-03-07 18:00:00+00:00,29.27
1573,2023-03-07 19:00:00+00:00,33.16
1574,2023-03-07 20:00:00+00:00,35.79
1575,2023-03-07 21:00:00+00:00,39.88
1576,2023-03-07 22:00:00+00:00,37.07
1577,2023-03-07 23:00:00+00:00,55.43
1578,2023-03-08 00:00:00+00:00,57.36
1579,2023-03-08 01:00:00+00:00,33.84
1580,2023-03-08 02:00:00+00:00,27.82
1581,2023-03-08 03:00:00+00:00,23.54
1582,2023-03-08 04:00:00+00:00,22.24
1583,2023-03-08 05:00:00+00:00,19.01
1584,2023-03-08 06:00:00+00:00,22.38
1585,2023-03-08 07:00:00+00:00,18.91
1586,2023-03-08 08:00:00+00:00,18.39
1587,2023-03-08 09:00:00+00:00,17.77
1588,2023-03-08 10:00:00+00:00,19.3
1589,2023-03-08 11:00:00+00:00,24.09
1590,2023-03-08 12:00:00+00:00,30.01
1591,2023-03-08 13:00:00+00:00,26.41
1592,2023-03-08 14:00:00+00:00,23.53
1593,2023-03-08 15:00:00+00:00,24.51
1594,2023-03-08 16:00:00+00:00,28.23
1595,2023-03-08 17:00:00+00:00,32.29
1596,2023-03-08 18:00:00+00:00,35.64
1597,2023-03-08 19:00:00+00:00,38.55
1598,2023-03-08 20:00:00+00:00,46.21
1599,2023-03-08 21:00:00+00:00,49.7
1600,2023-03-08 22:00:00+00:00,56.12
1601,2023-03-08 23:00:00+00:00,68.38
1602,2023-03-09 00:00:00+00:00,67.58
1603,2023-03-09 01:00:00+00:00,48.13
1604,2023-03-09 02:00:00+00:00,37.0
1605,2023-03-09 03:00:00+00:00,33.34
1606,2023-03-09 04:00:00+00:00,30.41
1607,2023-03-09 05:00:00+00:00,25.64
1608,2023-03-09 06:00:00+00:00,20.63
1609,2023-03-09 07:00:00+00:00,17.7
1610,2023-03-09 08:00:00+00:00,16.87
1611,2023-03-09 09:00:00+00:00,16.63
1612,2023-03-09 10:00:00+00:00,17.34
1613,2023-03-09 11:00:00+00:00,20.71
1614,2023-03-09 12:00:00+00:00,27.9
1615,2023-03-09 13:00:00+00:00,24.08
1616,2023-03-09 14:00:00+00:00,21.42
1617,2023-03-09 15:00:00+00:00,22.37
1618,2023-03-09 16:00:00+00:00,25.05
1619,2023-03-09 17:00:00+00:00,27.11
1620,2023-03-09 18:00:00+00:00,33.29
1621,2023-03-09 19:00:00+00:00,37.84
1622,2023-03-09 20:00:00+00:00,52.34
1623,2023-03-09 21:00:00+00:00,56.92
1624,2023-03-09 22:00:00+00:00,58.23
1625,2023-03-09 23:00:00+00:00,46.8
1626,2023-03-10 00:00:00+00:00,50.35
1627,2023-03-10 01:00:00+00:00,31.98
1628,2023-03-10 02:00:00+00:00,26.09
1629,2023-03-10 03:00:00+00:00,23.79
1630,2023-03-10 04:00:00+00:00,22.08
1631,2023-03-10 05:00:00+00:00,19.26
1632,2023-03-10 06:00:00+00:00,17.56
1633,2023-03-10 07:00:00+00:00,16.16
1634,2023-03-10 08:00:00+00:00,16.2
1635,2023-03-10 09:00:00+00:00,16.37
1636,2023-03-10 10:00:00+00:00,16.96
1637,2023-03-10 11:00:00+00:00,22.06
1638,2023-03-10 12:00:00+00:00,31.91
1639,2023-03-10 13:00:00+00:00,33.63
1640,2023-03-10 14:00:00+00:00,38.13
1641,2023-03-10 15:00:00+00:00,39.66
1642,2023-03-10 16:00:00+00:00,36.58
1643,2023-03-10 17:00:00+00:00,33.81
1644,2023-03-10 18:00:00+00:00,28.53
1645,2023-03-10 19:00:00+00:00,35.11
1646,2023-03-10 20:00:00+00:00,30.46
1647,2023-03-10 21:00:00+00:00,31.31
1648,2023-03-10 22:00:00+00:00,31.36
1649,2023-03-10 23:00:00+00:00,29.52
1650,2023-03-11 00:00:00+00:00,28.4
1651,2023-03-11 01:00:00+00:00,24.59
1652,2023-03-11 02:00:00+00:00,21.61
1653,2023-03-11 03:00:00+00:00,21.83
1654,2023-03-11 04:00:00+00:00,22.93
1655,2023-03-11 05:00:00+00:00,17.38
1656,2023-03-11 06:00:00+00:00,15.3
1657,2023-03-11 07:00:00+00:00,14.64
1658,2023-03-11 08:00:00+00:00,14.04
1659,2023-03-11 09:00:00+00:00,13.02
1660,2023-03-11 10:00:00+00:00,11.27
1661,2023-03-11 11:00:00+00:00,13.41
1662,2023-03-11 12:00:00+00:00,15.94
1663,2023-03-11 13:00:00+00:00,16.44
1664,2023-03-11 14:00:00+00:00,15.62
1665,2023-03-11 15:00:00+00:00,15.67
1666,2023-03-11 16:00:00+00:00,16.14
1667,2023-03-11 17:00:00+00:00,18.41
1668,2023-03-11 18:00:00+00:00,21.94
1669,2023-03-11 19:00:00+00:00,24.78
1670,2023-03-11 20:00:00+00:00,29.24
1671,2023-03-11 21:00:00+00:00,30.5
1672,2023-03-11 22:00:00+00:00,30.63
1673,2023-03-11 23:00:00+00:00,34.99
1674,2023-03-12 00:00:00+00:00,52.26
1675,2023-03-12 01:00:00+00:00,34.47
1676,2023-03-12 02:00:00+00:00,21.33
1677,2023-03-12 03:00:00+00:00,18.48
1678,2023-03-12 04:00:00+00:00,17.11
1679,2023-03-12 05:00:00+00:00,15.55
1680,2023-03-12 06:00:00+00:00,21.88
1681,2023-03-12 07:00:00+00:00,17.63
1682,2023-03-12 08:00:00+00:00,15.08
1683,2023-03-12 09:00:00+00:00,15.93
1684,2023-03-12 10:00:00+00:00,18.06
1685,2023-03-12 11:00:00+00:00,21.38
1686,2023-03-12 12:00:00+00:00,21.76
1687,2023-03-12 13:00:00+00:00,25.52
1688,2023-03-12 14:00:00+00:00,22.36
1689,2023-03-12 15:00:00+00:00,20.78
1690,2023-03-12 16:00:00+00:00,23.16
1691,2023-03-12 17:00:00+00:00,23.16
1692,2023-03-12 18:00:00+00:00,26.95
1693,2023-03-12 19:00:00+00:00,33.48
1694,2023-03-12 20:00:00+00:00,34.57
1695,2023-03-12 21:00:00+00:00,34.9
1696,2023-03-12 22:00:00+00:00,30.93
1697,2023-03-12 23:00:00+00:00,34.19
1698,2023-03-13 00:00:00+00:00,45.82
1699,2023-03-13 01:00:00+00:00,23.5
1700,2023-03-13 02:00:00+00:00,18.45
1701,2023-03-13 03:00:00+00:00,17.59
1702,2023-03-13 04:00:00+00:00,16.98
1703,2023-03-13 05:00:00+00:00,13.69
1704,2023-03-13 06:00:00+00:00,14.11
1705,2023-03-13 07:00:00+00:00,16.88
1706,2023-03-13 08:00:00+00:00,17.16
1707,2023-03-13 09:00:00+00:00,20.46
1708,2023-03-13 10:00:00+00:00,19.02
1709,2023-03-13 11:00:00+00:00,45.41
1710,2023-03-13 12:00:00+00:00,54.2
1711,2023-03-13 13:00:00+00:00,39.06
1712,2023-03-13 14:00:00+00:00,21.47
1713,2023-03-13 15:00:00+00:00,16.36
1714,2023-03-13 16:00:00+00:00,15.95
1715,2023-03-13 17:00:00+00:00,15.59
1716,2023-03-13 18:00:00+00:00,16.1
1717,2023-03-13 19:00:00+00:00,17.24
1718,2023-03-13 20:00:00+00:00,16.96
1719,2023-03-13 21:00:00+00:00,15.95
1720,2023-03-13 22:00:00+00:00,17.07
1721,2023-03-13 23:00:00+00:00,22.34
1722,2023-03-14 00:00:00+00:00,41.49
1723,2023-03-14 01:00:00+00:00,28.66
1724,2023-03-14 02:00:00+00:00,20.57
1725,2023-03-14 03:00:00+00:00,18.34
1726,2023-03-14 04:00:00+00:00,17.31
1727,2023-03-14 05:00:00+00:00,20.92
1728,2023-03-14 06:00:00+00:00,19.61
1729,2023-03-14 07:00:00+00:00,21.6
1730,2023-03-14 08:00:00+00:00,21.16
1731,2023-03-14 09:00:00+00:00,23.74
1732,2023-03-14 10:00:00+00:00,24.61
1733,2023-03-14 11:00:00+00:00,38.29
1734,2023-03-14 12:00:00+00:00,52.47
1735,2023-03-14 13:00:00+00:00,37.24
1736,2023-03-14 14:00:00+00:00,25.42
1737,2023-03-14 15:00:00+00:00,22.07
1738,2023-03-14 16:00:00+00:00,19.54
1739,2023-03-14 17:00:00+00:00,17.17
1740,2023-03-14 18:00:00+00:00,17.05
1741,2023-03-14 19:00:00+00:00,16.72
1742,2023-03-14 20:00:00+00:00,17.29
1743,2023-03-14 21:00:00+00:00,18.73
1744,2023-03-14 22:00:00+00:00,19.23
1745,2023-03-14 23:00:00+00:00,25.37
1746,2023-03-15 00:00:00+00:00,35.3
1747,2023-03-15 01:00:00+00:00,25.82
1748,2023-03-15 02:00:00+00:00,18.88
1749,2023-03-15 03:00:00+00:00,20.12
1750,2023-03-15 04:00:00+00:00,17.56
1751,2023-03-15 05:00:00+00:00,13.03
1752,2023-03-15 06:00:00+00:00,12.57
1753,2023-03-15 07:00:00+00:00,12.32
1754,2023-03-15 08:00:00+00:00,12.21
1755,2023-03-15 09:00:00+00:00,12.76
1756,2023-03-15 10:00:00+00:00,16.07
1757,2023-03-15 11:00:00+00:00,26.27
1758,2023-03-15 12:00:00+00:00,26.26
1759,2023-03-15 13:00:00+00:00,21.7
1760,2023-03-15 14:00:00+00:00,17.31
1761,2023-03-15 15:00:00+00:00,14.75
1762,2023-03-15 16:00:00+00:00,12.28
1763,2023-03-15 17:00:00+00:00,12.14
1764,2023-03-15 18:00:00+00:00,12.37
1765,2023-03-15 19:00:00+00:00,12.18
1766,2023-03-15 20:00:00+00:00,12.73
1767,2023-03-15 21:00:00+00:00,14.36
1768,2023-03-15 22:00:00+00:00,16.06
1769,2023-03-15 23:00:00+00:00,19.96
1770,2023-03-16 00:00:00+00:00,25.02
1771,2023-03-16 01:00:00+00:00,23.35
1772,2023-03-16 02:00:00+00:00,17.88
1773,2023-03-16 03:00:00+00:00,16.97
1774,2023-03-16 04:00:00+00:00,12.97
1775,2023-03-16 05:00:00+00:00,9.38
1776,2023-03-16 06:00:00+00:00,5.1
1777,2023-03-16 07:00:00+00:00,3.4
1778,2023-03-16 08:00:00+00:00,2.35
1779,2023-03-16 09:00:00+00:00,4.19
1780,2023-03-16 10:00:00+00:00,10.28
1781,2023-03-16 11:00:00+00:00,15.37
1782,2023-03-16 12:00:00+00:00,16.56
1783,2023-03-16 13:00:00+00:00,17.18
1784,2023-03-16 14:00:00+00:00,16.14
1785,2023-03-16 15:00:00+00:00,15.3
1786,2023-03-16 16:00:00+00:00,16.15
1787,2023-03-16 17:00:00+00:00,16.91
1788,2023-03-16 18:00:00+00:00,18.08
1789,2023-03-16 19:00:00+00:00,17.22
1790,2023-03-16 20:00:00+00:00,19.73
1791,2023-03-16 21:00:00+00:00,22.49
1792,2023-03-16 22:00:00+00:00,24.26
1793,2023-03-16 23:00:00+00:00,25.67
1794,2023-03-17 00:00:00+00:00,25.27
1795,2023-03-17 01:00:00+00:00,22.16
1796,2023-03-17 02:00:00+00:00,18.98
1797,2023-03-17 03:00:00+00:00,17.07
1798,2023-03-17 04:00:00+00:00,14.9
1799,2023-03-17 05:00:00+00:00,15.67
1800,2023-03-17 06:00:00+00:00,14.32
1801,2023-03-17 07:00:00+00:00,13.71
1802,2023-03-17 08:00:00+00:00,12.59
1803,2023-03-17 09:00:00+00:00,13.79
1804,2023-03-17 10:00:00+00:00,17.08
1805,2023-03-17 11:00:00+00:00,23.52
1806,2023-03-17 12:00:00+00:00,25.16
1807,2023-03-17 13:00:00+00:00,22.65
1808,2023-03-17 14:00:00+00:00,19.88
1809,2023-03-17 15:00:00+00:00,17.95
1810,2023-03-17 16:00:00+00:00,18.23
1811,2023-03-17 17:00:00+00:00,18.62
1812,2023-03-17 18:00:00+00:00,18.41
1813,2023-03-17 19:00:00+00:00,18.68
1814,2023-03-17 20:00:00+00:00,19.0
1815,2023-03-17 21:00:00+00:00,20.86
1816,2023-03-17 22:00:00+00:00,22.28
1817,2023-03-17 23:00:00+00:00,32.24
1818,2023-03-18 00:00:00+00:00,56.54
1819,2023-03-18 01:00:00+00:00,57.57
1820,2023-03-18 02:00:00+00:00,40.12
1821,2023-03-18 03:00:00+00:00,37.21
1822,2023-03-18 04:00:00+00:00,32.01
1823,2023-03-18 05:00:00+00:00,33.77
1824,2023-03-18 06:00:00+00:00,28.84
1825,2023-03-18 07:00:00+00:00,28.53
1826,2023-03-18 08:00:00+00:00,28.04
1827,2023-03-18 09:00:00+00:00,28.13
1828,2023-03-18 10:00:00+00:00,31.59
1829,2023-03-18 11:00:00+00:00,43.11
1830,2023-03-18 12:00:00+00:00,59.1
1831,2023-03-18 13:00:00+00:00,61.36
1832,2023-03-18 14:00:00+00:00,42.5
1833,2023-03-18 15:00:00+00:00,30.6
1834,2023-03-18 16:00:00+00:00,24.96
1835,2023-03-18 17:00:00+00:00,20.28
1836,2023-03-18 18:00:00+00:00,19.28
1837,2023-03-18 19:00:00+00:00,19.07
1838,2023-03-18 20:00:00+00:00,19.45
1839,2023-03-18 21:00:00+00:00,20.49
1840,2023-03-18 22:00:00+00:00,23.18
1841,2023-03-18 23:00:00+00:00,28.57
1842,2023-03-19 00:00:00+00:00,56.73
1843,2023-03-19 01:00:00+00:00,47.02
1844,2023-03-19 02:00:00+00:00,28.12
1845,2023-03-19 03:00:00+00:00,28.32
1846,2023-03-19 04:00:00+00:00,28.19
1847,2023-03-19 05:00:00+00:00,23.5
1848,2023-03-19 06:00:00+00:00,21.94
1849,2023-03-19 07:00:00+00:00,20.39
1850,2023-03-19 08:00:00+00:00,20.46
1851,2023-03-19 09:00:00+00:00,20.93
1852,2023-03-19 10:00:00+00:00,23.37
1853,2023-03-19 11:00:00+00:00,41.85
1854,2023-03-19 12:00:00+00:00,52.34
1855,2023-03-19 13:00:00+00:00,59.78
1856,2023-03-19 14:00:00+00:00,47.81
1857,2023-03-19 15:00:00+00:00,30.45
1858,2023-03-19 16:00:00+00:00,24.4
1859,2023-03-19 17:00:00+00:00,22.81
1860,2023-03-19 18:00:00+00:00,19.92
1861,2023-03-19 19:00:00+00:00,17.42
1862,2023-03-19 20:00:00+00:00,16.72
1863,2023-03-19 21:00:00+00:00,16.92
1864,2023-03-19 22:00:00+00:00,18.91
1865,2023-03-19 23:00:00+00:00,24.0
1866,2023-03-20 00:00:00+00:00,34.45
1867,2023-03-20 01:00:00+00:00,33.23
1868,2023-03-20 02:00:00+00:00,25.15
1869,2023-03-20 03:00:00+00:00,19.67
1870,2023-03-20 04:00:00+00:00,18.41
1871,2023-03-20 05:00:00+00:00,16.48
1872,2023-03-20 06:00:00+00:00,16.48
1873,2023-03-20 07:00:00+00:00,15.81
1874,2023-03-20 08:00:00+00:00,16.13
1875,2023-03-20 09:00:00+00:00,16.44
1876,2023-03-20 10:00:00+00:00,20.76
1877,2023-03-20 11:00:00+00:00,37.0
1878,2023-03-20 12:00:00+00:00,43.3
1879,2023-03-20 13:00:00+00:00,31.64
1880,2023-03-20 14:00:00+00:00,25.0
1881,2023-03-20 15:00:00+00:00,20.49
1882,2023-03-20 16:00:00+00:00,18.74
1883,2023-03-20 17:00:00+00:00,16.85
1884,2023-03-20 18:00:00+00:00,16.45
1885,2023-03-20 19:00:00+00:00,15.55
1886,2023-03-20 20:00:00+00:00,14.86
1887,2023-03-20 21:00:00+00:00,15.57
1888,2023-03-20 22:00:00+00:00,16.1
1889,2023-03-20 23:00:00+00:00,18.68
1890,2023-03-21 00:00:00+00:00,20.68
1891,2023-03-21 01:00:00+00:00,21.17
1892,2023-03-21 02:00:00+00:00,17.65
1893,2023-03-21 03:00:00+00:00,16.91
1894,2023-03-21 04:00:00+00:00,16.87
1895,2023-03-21 05:00:00+00:00,10.51
1896,2023-03-21 06:00:00+00:00,8.3
1897,2023-03-21 07:00:00+00:00,6.29
1898,2023-03-21 08:00:00+00:00,6.72
1899,2023-03-21 09:00:00+00:00,9.56
1900,2023-03-21 10:00:00+00:00,12.71
1901,2023-03-21 11:00:00+00:00,20.43
1902,2023-03-21 12:00:00+00:00,24.38
1903,2023-03-21 13:00:00+00:00,21.28
1904,2023-03-21 14:00:00+00:00,21.23
1905,2023-03-21 15:00:00+00:00,17.17
1906,2023-03-21 16:00:00+00:00,16.64
1907,2023-03-21 17:00:00+00:00,16.68
1908,2023-03-21 18:00:00+00:00,17.79
1909,2023-03-21 19:00:00+00:00,17.96
1910,2023-03-21 20:00:00+00:00,18.65
1911,2023-03-21 21:00:00+00:00,19.61
1912,2023-03-21 22:00:00+00:00,20.42
1913,2023-03-21 23:00:00+00:00,23.23
1914,2023-03-22 00:00:00+00:00,28.98
1915,2023-03-22 01:00:00+00:00,30.03
1916,2023-03-22 02:00:00+00:00,20.7
1917,2023-03-22 03:00:00+00:00,16.58
1918,2023-03-22 04:00:00+00:00,16.25
1919,2023-03-22 05:00:00+00:00,14.42
1920,2023-03-22 06:00:00+00:00,10.32
1921,2023-03-22 07:00:00+00:00,8.68
1922,2023-03-22 08:00:00+00:00,8.44
1923,2023-03-22 09:00:00+00:00,10.16
1924,2023-03-22 10:00:00+00:00,17.51
1925,2023-03-22 11:00:00+00:00,20.83
1926,2023-03-22 12:00:00+00:00,21.34
1927,2023-03-22 13:00:00+00:00,18.23
1928,2023-03-22 14:00:00+00:00,19.64
1929,2023-03-22 15:00:00+00:00,19.76
1930,2023-03-22 16:00:00+00:00,23.56
1931,2023-03-22 17:00:00+00:00,26.56
1932,2023-03-22 18:00:00+00:00,32.61
1933,2023-03-22 19:00:00+00:00,34.36
1934,2023-03-22 20:00:00+00:00,33.73
1935,2023-03-22 21:00:00+00:00,31.99
1936,2023-03-22 22:00:00+00:00,27.97
1937,2023-03-22 23:00:00+00:00,30.85
1938,2023-03-23 00:00:00+00:00,37.8
1939,2023-03-23 01:00:00+00:00,30.31
1940,2023-03-23 02:00:00+00:00,22.18
1941,2023-03-23 03:00:00+00:00,20.17
1942,2023-03-23 04:00:00+00:00,18.7
1943,2023-03-23 05:00:00+00:00,14.33
1944,2023-03-23 06:00:00+00:00,11.34
1945,2023-03-23 07:00:00+00:00,10.5
1946,2023-03-23 08:00:00+00:00,10.34
1947,2023-03-23 09:00:00+00:00,13.19
1948,2023-03-23 10:00:00+00:00,20.34
1949,2023-03-23 11:00:00+00:00,22.46
1950,2023-03-23 12:00:00+00:00,26.6
1951,2023-03-23 13:00:00+00:00,22.36
1952,2023-03-23 14:00:00+00:00,19.09
1953,2023-03-23 15:00:00+00:00,19.13
1954,2023-03-23 16:00:00+00:00,21.49
1955,2023-03-23 17:00:00+00:00,24.32
1956,2023-03-23 18:00:00+00:00,31.98
1957,2023-03-23 19:00:00+00:00,35.53
1958,2023-03-23 20:00:00+00:00,37.09
1959,2023-03-23 21:00:00+00:00,38.86
1960,2023-03-23 22:00:00+00:00,32.39
1961,2023-03-23 23:00:00+00:00,34.17
1962,2023-03-24 00:00:00+00:00,54.57
1963,2023-03-24 01:00:00+00:00,43.5
1964,2023-03-24 02:00:00+00:00,24.57
1965,2023-03-24 03:00:00+00:00,22.58
1966,2023-03-24 04:00:00+00:00,20.89
1967,2023-03-24 05:00:00+00:00,26.52
1968,2023-03-24 06:00:00+00:00,19.86
1969,2023-03-24 07:00:00+00:00,18.0
1970,2023-03-24 08:00:00+00:00,17.92
1971,2023-03-24 09:00:00+00:00,21.06
1972,2023-03-24 10:00:00+00:00,25.06
1973,2023-03-24 11:00:00+00:00,37.87
1974,2023-03-24 12:00:00+00:00,42.89
1975,2023-03-24 13:00:00+00:00,36.2
1976,2023-03-24 14:00:00+00:00,32.2
1977,2023-03-24 15:00:00+00:00,29.93
1978,2023-03-24 16:00:00+00:00,22.8
1979,2023-03-24 17:00:00+00:00,21.27
1980,2023-03-24 18:00:00+00:00,26.54
1981,2023-03-24 19:00:00+00:00,41.83
1982,2023-03-24 20:00:00+00:00,49.27
1983,2023-03-24 21:00:00+00:00,53.46
1984,2023-03-24 22:00:00+00:00,38.81
1985,2023-03-24 23:00:00+00:00,32.79
1986,2023-03-25 00:00:00+00:00,42.12
1987,2023-03-25 01:00:00+00:00,33.51
1988,2023-03-25 02:00:00+00:00,22.17
1989,2023-03-25 03:00:00+00:00,20.63
1990,2023-03-25 04:00:00+00:00,20.48
1991,2023-03-25 05:00:00+00:00,22.94
1992,2023-03-25 06:00:00+00:00,16.96
1993,2023-03-25 07:00:00+00:00,15.44
1994,2023-03-25 08:00:00+00:00,13.86
1995,2023-03-25 09:00:00+00:00,13.23
1996,2023-03-25 10:00:00+00:00,14.85
1997,2023-03-25 11:00:00+00:00,15.68
1998,2023-03-25 12:00:00+00:00,16.8
1999,2023-03-25 13:00:00+00:00,15.11
2000,2023-03-25 14:00:00+00:00,15.34
2001,2023-03-25 15:00:00+00:00,16.46
2002,2023-03-25 16:00:00+00:00,21.52
2003,2023-03-25 17:00:00+00:00,24.83
2004,2023-03-25 18:00:00+00:00,26.73
2005,2023-03-25 19:00:00+00:00,34.35
2006,2023-03-25 20:00:00+00:00,39.33
2007,2023-03-25 21:00:00+00:00,45.1
2008,2023-03-25 22:00:00+00:00,30.31
2009,2023-03-25 23:00:00+00:00,51.94
2010,2023-03-26 00:00:00+00:00,124.17
2011,2023-03-26 01:00:00+00:00,103.96
2012,2023-03-26 02:00:00+00:00,54.09
2013,2023-03-26 03:00:00+00:00,37.1
2014,2023-03-26 04:00:00+00:00,27.25
2015,2023-03-26 05:00:00+00:00,20.41
2016,2023-03-26 06:00:00+00:00,18.08
2017,2023-03-26 07:00:00+00:00,17.83
2018,2023-03-26 08:00:00+00:00,17.48
2019,2023-03-26 09:00:00+00:00,17.71
2020,2023-03-26 10:00:00+00:00,18.16
2021,2023-03-26 11:00:00+00:00,26.71
2022,2023-03-26 12:00:00+00:00,28.35
2023,2023-03-26 13:00:00+00:00,25.48
2024,2023-03-26 14:00:00+00:00,19.38
2025,2023-03-26 15:00:00+00:00,19.36
2026,2023-03-26 16:00:00+00:00,22.65
2027,2023-03-26 17:00:00+00:00,23.98
2028,2023-03-26 18:00:00+00:00,25.1
2029,2023-03-26 19:00:00+00:00,25.95
2030,2023-03-26 20:00:00+00:00,27.05
2031,2023-03-26 21:00:00+00:00,29.01
2032,2023-03-26 22:00:00+00:00,27.88
2033,2023-03-26 23:00:00+00:00,56.88
2034,2023-03-27 00:00:00+00:00,150.88
2035,2023-03-27 01:00:00+00:00,132.18
2036,2023-03-27 02:00:00+00:00,41.82
2037,2023-03-27 03:00:00+00:00,26.63
2038,2023-03-27 04:00:00+00:00,22.33
2039,2023-03-27 05:00:00+00:00,18.75
2040,2023-03-27 06:00:00+00:00,18.53
2041,2023-03-27 07:00:00+00:00,18.59
2042,2023-03-27 08:00:00+00:00,20.29
2043,2023-03-27 09:00:00+00:00,24.39
2044,2023-03-27 10:00:00+00:00,29.48
2045,2023-03-27 11:00:00+00:00,46.2
2046,2023-03-27 12:00:00+00:00,76.44
2047,2023-03-27 13:00:00+00:00,44.65
2048,2023-03-27 14:00:00+00:00,24.89
2049,2023-03-27 15:00:00+00:00,21.49
2050,2023-03-27 16:00:00+00:00,24.67
2051,2023-03-27 17:00:00+00:00,29.49
2052,2023-03-27 18:00:00+00:00,34.56
2053,2023-03-27 19:00:00+00:00,48.39
2054,2023-03-27 20:00:00+00:00,64.04
2055,2023-03-27 21:00:00+00:00,79.21
2056,2023-03-27 22:00:00+00:00,118.81
2057,2023-03-27 23:00:00+00:00,154.63
2058,2023-03-28 00:00:00+00:00,326.03
2059,2023-03-28 01:00:00+00:00,253.77
2060,2023-03-28 02:00:00+00:00,75.24
2061,2023-03-28 03:00:00+00:00,43.48
2062,2023-03-28 04:00:00+00:00,26.62
2063,2023-03-28 05:00:00+00:00,24.9
2064,2023-03-28 06:00:00+00:00,24.55
2065,2023-03-28 07:00:00+00:00,16.98
2066,2023-03-28 08:00:00+00:00,11.72
2067,2023-03-28 09:00:00+00:00,10.6
2068,2023-03-28 10:00:00+00:00,14.04
2069,2023-03-28 11:00:00+00:00,27.87
2070,2023-03-28 12:00:00+00:00,21.73
2071,2023-03-28 13:00:00+00:00,16.29
2072,2023-03-28 14:00:00+00:00,14.59
2073,2023-03-28 15:00:00+00:00,13.78
2074,2023-03-28 16:00:00+00:00,15.11
2075,2023-03-28 17:00:00+00:00,16.5
2076,2023-03-28 18:00:00+00:00,17.26
2077,2023-03-28 19:00:00+00:00,20.19
2078,2023-03-28 20:00:00+00:00,22.46
2079,2023-03-28 21:00:00+00:00,23.71
2080,2023-03-28 22:00:00+00:00,24.65
2081,2023-03-28 23:00:00+00:00,34.96
2082,2023-03-29 00:00:00+00:00,76.56
2083,2023-03-29 01:00:00+00:00,95.34
2084,2023-03-29 02:00:00+00:00,34.55
2085,2023-03-29 03:00:00+00:00,30.73
2086,2023-03-29 04:00:00+00:00,22.3
2087,2023-03-29 05:00:00+00:00,26.19
2088,2023-03-29 06:00:00+00:00,22.49
2089,2023-03-29 07:00:00+00:00,21.79
2090,2023-03-29 08:00:00+00:00,21.44
2091,2023-03-29 09:00:00+00:00,21.92
2092,2023-03-29 10:00:00+00:00,27.77
2093,2023-03-29 11:00:00+00:00,72.66
2094,2023-03-29 12:00:00+00:00,66.49
2095,2023-03-29 13:00:00+00:00,32.39
2096,2023-03-29 14:00:00+00:00,21.52
2097,2023-03-29 15:00:00+00:00,18.43
2098,2023-03-29 16:00:00+00:00,16.44
2099,2023-03-29 17:00:00+00:00,17.48
2100,2023-03-29 18:00:00+00:00,17.46
2101,2023-03-29 19:00:00+00:00,16.88
2102,2023-03-29 20:00:00+00:00,16.35
2103,2023-03-29 21:00:00+00:00,16.8
2104,2023-03-29 22:00:00+00:00,17.09
2105,2023-03-29 23:00:00+00:00,21.3
2106,2023-03-30 00:00:00+00:00,34.13
2107,2023-03-30 01:00:00+00:00,29.73
2108,2023-03-30 02:00:00+00:00,21.42
2109,2023-03-30 03:00:00+00:00,19.42
2110,2023-03-30 04:00:00+00:00,16.49
2111,2023-03-30 05:00:00+00:00,18.03
2112,2023-03-30 06:00:00+00:00,14.81
2113,2023-03-30 07:00:00+00:00,14.36
2114,2023-03-30 08:00:00+00:00,14.78
2115,2023-03-30 09:00:00+00:00,15.65
2116,2023-03-30 10:00:00+00:00,23.16
2117,2023-03-30 11:00:00+00:00,26.07
2118,2023-03-30 12:00:00+00:00,24.3
2119,2023-03-30 13:00:00+00:00,19.69
2120,2023-03-30 14:00:00+00:00,19.56
2121,2023-03-30 15:00:00+00:00,19.54
2122,2023-03-30 16:00:00+00:00,19.45
2123,2023-03-30 17:00:00+00:00,20.0
2124,2023-03-30 18:00:00+00:00,21.55
2125,2023-03-30 19:00:00+00:00,21.31
2126,2023-03-30 20:00:00+00:00,22.09
2127,2023-03-30 21:00:00+00:00,23.78
2128,2023-03-30 22:00:00+00:00,27.85
2129,2023-03-30 23:00:00+00:00,29.99
2130,2023-03-31 00:00:00+00:00,37.18
2131,2023-03-31 01:00:00+00:00,30.22
2132,2023-03-31 02:00:00+00:00,25.48
2133,2023-03-31 03:00:00+00:00,20.22
2134,2023-03-31 04:00:00+00:00,19.76
2135,2023-03-31 05:00:00+00:00,14.98
2136,2023-03-31 06:00:00+00:00,12.41
2137,2023-03-31 07:00:00+00:00,9.74
2138,2023-03-31 08:00:00+00:00,8.14
2139,2023-03-31 09:00:00+00:00,10.13
2140,2023-03-31 10:00:00+00:00,17.18
2141,2023-03-31 11:00:00+00:00,24.88
2142,2023-03-31 12:00:00+00:00,20.02
2143,2023-03-31 13:00:00+00:00,17.51
2144,2023-03-31 14:00:00+00:00,17.41
2145,2023-03-31 15:00:00+00:00,17.04
2146,2023-03-31 16:00:00+00:00,18.31
2147,2023-03-31 17:00:00+00:00,23.97
2148,2023-03-31 18:00:00+00:00,28.77
2149,2023-03-31 19:00:00+00:00,35.0
2150,2023-03-31 20:00:00+00:00,40.97
2151,2023-03-31 21:00:00+00:00,47.9
2152,2023-03-31 22:00:00+00:00,38.42
2153,2023-03-31 23:00:00+00:00,32.72
2154,2023-04-01 00:00:00+00:00,45.28
2155,2023-04-01 01:00:00+00:00,52.97
2156,2023-04-01 02:00:00+00:00,26.13
2157,2023-04-01 03:00:00+00:00,20.71
2158,2023-04-01 04:00:00+00:00,19.87
2159,2023-04-01 05:00:00+00:00,19.44
2160,2023-04-01 06:00:00+00:00,17.38
2161,2023-04-01 07:00:00+00:00,16.74
2162,2023-04-01 08:00:00+00:00,16.68
2163,2023-04-01 09:00:00+00:00,18.55
2164,2023-04-01 10:00:00+00:00,20.86
2165,2023-04-01 11:00:00+00:00,20.66
2166,2023-04-01 12:00:00+00:00,21.36
2167,2023-04-01 13:00:00+00:00,22.47
2168,2023-04-01 14:00:00+00:00,22.92
2169,2023-04-01 15:00:00+00:00,25.46
2170,2023-04-01 16:00:00+00:00,30.13
2171,2023-04-01 17:00:00+00:00,40.56
2172,2023-04-01 18:00:00+00:00,52.31
2173,2023-04-01 19:00:00+00:00,64.87
2174,2023-04-01 20:00:00+00:00,67.49
2175,2023-04-01 21:00:00+00:00,55.37
2176,2023-04-01 22:00:00+00:00,53.71
2177,2023-04-01 23:00:00+00:00,47.02
2178,2023-04-02 00:00:00+00:00,77.11
2179,2023-04-02 01:00:00+00:00,33.1
2180,2023-04-02 02:00:00+00:00,21.51
2181,2023-04-02 03:00:00+00:00,20.09
2182,2023-04-02 04:00:00+00:00,17.46
2183,2023-04-02 05:00:00+00:00,14.38
2184,2023-04-02 06:00:00+00:00,12.71
2185,2023-04-02 07:00:00+00:00,11.48
2186,2023-04-02 08:00:00+00:00,11.6
2187,2023-04-02 09:00:00+00:00,11.62
2188,2023-04-02 10:00:00+00:00,13.45
2189,2023-04-02 11:00:00+00:00,13.24
2190,2023-04-02 12:00:00+00:00,15.38
2191,2023-04-02 13:00:00+00:00,15.85
2192,2023-04-02 14:00:00+00:00,15.53
2193,2023-04-02 15:00:00+00:00,14.38
2194,2023-04-02 16:00:00+00:00,13.14
2195,2023-04-02 17:00:00+00:00,15.79
2196,2023-04-02 18:00:00+00:00,17.3
2197,2023-04-02 19:00:00+00:00,17.81
2198,2023-04-02 20:00:00+00:00,21.0
2199,2023-04-02 21:00:00+00:00,27.1
2200,2023-04-02 22:00:00+00:00,29.55
2201,2023-04-02 23:00:00+00:00,29.75
2202,2023-04-03 00:00:00+00:00,57.95
2203,2023-04-03 01:00:00+00:00,37.18
2204,2023-04-03 02:00:00+00:00,25.11
2205,2023-04-03 03:00:00+00:00,22.14
2206,2023-04-03 04:00:00+00:00,19.39
2207,2023-04-03 05:00:00+00:00,13.15
2208,2023-04-03 06:00:00+00:00,11.33
2209,2023-04-03 07:00:00+00:00,10.84
2210,2023-04-03 08:00:00+00:00,10.18
2211,2023-04-03 09:00:00+00:00,13.17
2212,2023-04-03 10:00:00+00:00,14.95
2213,2023-04-03 11:00:00+00:00,16.52
2214,2023-04-03 12:00:00+00:00,18.28
2215,2023-04-03 13:00:00+00:00,16.03
2216,2023-04-03 14:00:00+00:00,15.2
2217,2023-04-03 15:00:00+00:00,18.59
2218,2023-04-03 16:00:00+00:00,20.34
2219,2023-04-03 17:00:00+00:00,28.89
2220,2023-04-03 18:00:00+00:00,56.09
2221,2023-04-03 19:00:00+00:00,63.3
2222,2023-04-03 20:00:00+00:00,77.55
2223,2023-04-03 21:00:00+00:00,85.08
2224,2023-04-03 22:00:00+00:00,61.82
2225,2023-04-03 23:00:00+00:00,44.0
2226,2023-04-04 00:00:00+00:00,58.22
2227,2023-04-04 01:00:00+00:00,47.86
2228,2023-04-04 02:00:00+00:00,32.05
2229,2023-04-04 03:00:00+00:00,23.46
2230,2023-04-04 04:00:00+00:00,19.03
2231,2023-04-04 05:00:00+00:00,16.74
2232,2023-04-04 06:00:00+00:00,15.09
2233,2023-04-04 07:00:00+00:00,12.33
2234,2023-04-04 08:00:00+00:00,11.56
2235,2023-04-04 09:00:00+00:00,13.55
2236,2023-04-04 10:00:00+00:00,17.18
2237,2023-04-04 11:00:00+00:00,18.1
2238,2023-04-04 12:00:00+00:00,17.28
2239,2023-04-04 13:00:00+00:00,15.09
2240,2023-04-04 14:00:00+00:00,16.98
2241,2023-04-04 15:00:00+00:00,18.88
2242,2023-04-04 16:00:00+00:00,19.82
2243,2023-04-04 17:00:00+00:00,30.2
2244,2023-04-04 18:00:00+00:00,39.78
2245,2023-04-04 19:00:00+00:00,51.15
2246,2023-04-04 20:00:00+00:00,60.32
2247,2023-04-04 21:00:00+00:00,62.42
2248,2023-04-04 22:00:00+00:00,52.6
2249,2023-04-04 23:00:00+00:00,43.08
2250,2023-04-05 00:00:00+00:00,45.03
2251,2023-04-05 01:00:00+00:00,43.28
2252,2023-04-05 02:00:00+00:00,27.46
2253,2023-04-05 03:00:00+00:00,26.77
2254,2023-04-05 04:00:00+00:00,19.46
2255,2023-04-05 05:00:00+00:00,16.42
2256,2023-04-05 06:00:00+00:00,13.71
2257,2023-04-05 07:00:00+00:00,9.48
2258,2023-04-05 08:00:00+00:00,6.7
2259,2023-04-05 09:00:00+00:00,7.63
2260,2023-04-05 10:00:00+00:00,12.84
2261,2023-04-05 11:00:00+00:00,18.44
2262,2023-04-05 12:00:00+00:00,20.14
2263,2023-04-05 13:00:00+00:00,18.13
2264,2023-04-05 14:00:00+00:00,16.88
2265,2023-04-05 15:00:00+00:00,18.1
2266,2023-04-05 16:00:00+00:00,20.27
2267,2023-04-05 17:00:00+00:00,21.78
2268,2023-04-05 18:00:00+00:00,23.93
2269,2023-04-05 19:00:00+00:00,24.51
2270,2023-04-05 20:00:00+00:00,28.01
2271,2023-04-05 21:00:00+00:00,30.85
2272,2023-04-05 22:00:00+00:00,33.16
2273,2023-04-05 23:00:00+00:00,44.72
2274,2023-04-06 00:00:00+00:00,93.5
2275,2023-04-06 01:00:00+00:00,56.06
2276,2023-04-06 02:00:00+00:00,29.5
2277,2023-04-06 03:00:00+00:00,17.96
2278,2023-04-06 04:00:00+00:00,14.97
2279,2023-04-06 05:00:00+00:00,12.31
2280,2023-04-06 06:00:00+00:00,11.04
2281,2023-04-06 07:00:00+00:00,10.79
2282,2023-04-06 08:00:00+00:00,10.69
2283,2023-04-06 09:00:00+00:00,10.99
2284,2023-04-06 10:00:00+00:00,15.75
2285,2023-04-06 11:00:00+00:00,21.82
2286,2023-04-06 12:00:00+00:00,20.93
2287,2023-04-06 13:00:00+00:00,20.01
2288,2023-04-06 14:00:00+00:00,15.22
2289,2023-04-06 15:00:00+00:00,16.99
2290,2023-04-06 16:00:00+00:00,16.1
2291,2023-04-06 17:00:00+00:00,16.34
2292,2023-04-06 18:00:00+00:00,16.4
2293,2023-04-06 19:00:00+00:00,14.57
2294,2023-04-06 20:00:00+00:00,15.1
2295,2023-04-06 21:00:00+00:00,16.16
2296,2023-04-06 22:00:00+00:00,16.36
2297,2023-04-06 23:00:00+00:00,16.64
2298,2023-04-07 00:00:00+00:00,25.67
2299,2023-04-07 01:00:00+00:00,35.99
2300,2023-04-07 02:00:00+00:00,24.3
2301,2023-04-07 03:00:00+00:00,18.63
2302,2023-04-07 04:00:00+00:00,17.32
2303,2023-04-07 05:00:00+00:00,16.01
2304,2023-04-07 06:00:00+00:00,14.18
2305,2023-04-07 07:00:00+00:00,13.78
2306,2023-04-07 08:00:00+00:00,12.98
2307,2023-04-07 09:00:00+00:00,13.09
2308,2023-04-07 10:00:00+00:00,15.65
2309,2023-04-07 11:00:00+00:00,18.31
2310,2023-04-07 12:00:00+00:00,19.08
2311,2023-04-07 13:00:00+00:00,22.84
2312,2023-04-07 14:00:00+00:00,24.25
2313,2023-04-07 15:00:00+00:00,24.2
2314,2023-04-07 16:00:00+00:00,20.59
2315,2023-04-07 17:00:00+00:00,20.22
2316,2023-04-07 18:00:00+00:00,19.05
2317,2023-04-07 19:00:00+00:00,18.23
2318,2023-04-07 20:00:00+00:00,16.94
2319,2023-04-07 21:00:00+00:00,18.0
2320,2023-04-07 22:00:00+00:00,20.26
2321,2023-04-07 23:00:00+00:00,24.27
2322,2023-04-08 00:00:00+00:00,37.85
2323,2023-04-08 01:00:00+00:00,44.49
2324,2023-04-08 02:00:00+00:00,38.65
2325,2023-04-08 03:00:00+00:00,27.63
2326,2023-04-08 04:00:00+00:00,23.14
2327,2023-04-08 05:00:00+00:00,21.84
2328,2023-04-08 06:00:00+00:00,20.87
2329,2023-04-08 07:00:00+00:00,20.85
2330,2023-04-08 08:00:00+00:00,20.3
2331,2023-04-08 09:00:00+00:00,20.68
2332,2023-04-08 10:00:00+00:00,21.25
2333,2023-04-08 11:00:00+00:00,25.96
2334,2023-04-08 12:00:00+00:00,33.71
2335,2023-04-08 13:00:00+00:00,35.47
2336,2023-04-08 14:00:00+00:00,27.25
2337,2023-04-08 15:00:00+00:00,23.54
2338,2023-04-08 16:00:00+00:00,21.75
2339,2023-04-08 17:00:00+00:00,20.34
2340,2023-04-08 18:00:00+00:00,19.1
2341,2023-04-08 19:00:00+00:00,18.72
2342,2023-04-08 20:00:00+00:00,18.4
2343,2023-04-08 21:00:00+00:00,19.61
2344,2023-04-08 22:00:00+00:00,21.1
2345,2023-04-08 23:00:00+00:00,24.73
2346,2023-04-09 00:00:00+00:00,55.0
2347,2023-04-09 01:00:00+00:00,41.49
2348,2023-04-09 02:00:00+00:00,21.03
2349,2023-04-09 03:00:00+00:00,19.22
2350,2023-04-09 04:00:00+00:00,18.55
2351,2023-04-09 05:00:00+00:00,12.89
2352,2023-04-09 06:00:00+00:00,12.72
2353,2023-04-09 07:00:00+00:00,12.85
2354,2023-04-09 08:00:00+00:00,13.07
2355,2023-04-09 09:00:00+00:00,15.88
2356,2023-04-09 10:00:00+00:00,17.17
2357,2023-04-09 11:00:00+00:00,20.2
2358,2023-04-09 12:00:00+00:00,24.99
2359,2023-04-09 13:00:00+00:00,24.5
2360,2023-04-09 14:00:00+00:00,21.51
2361,2023-04-09 15:00:00+00:00,18.68
2362,2023-04-09 16:00:00+00:00,18.83
2363,2023-04-09 17:00:00+00:00,19.99
2364,2023-04-09 18:00:00+00:00,19.09
2365,2023-04-09 19:00:00+00:00,19.28
2366,2023-04-09 20:00:00+00:00,19.77
2367,2023-04-09 21:00:00+00:00,23.68
2368,2023-04-09 22:00:00+00:00,26.4
2369,2023-04-09 23:00:00+00:00,29.24
2370,2023-04-10 00:00:00+00:00,58.88
2371,2023-04-10 01:00:00+00:00,46.95
2372,2023-04-10 02:00:00+00:00,26.86
2373,2023-04-10 03:00:00+00:00,19.76
2374,2023-04-10 04:00:00+00:00,16.68
2375,2023-04-10 05:00:00+00:00,13.93
2376,2023-04-10 06:00:00+00:00,12.5
2377,2023-04-10 07:00:00+00:00,12.36
2378,2023-04-10 08:00:00+00:00,13.52
2379,2023-04-10 09:00:00+00:00,17.84
2380,2023-04-10 10:00:00+00:00,23.54
2381,2023-04-10 11:00:00+00:00,34.06
2382,2023-04-10 12:00:00+00:00,43.03
2383,2023-04-10 13:00:00+00:00,28.59
2384,2023-04-10 14:00:00+00:00,27.66
2385,2023-04-10 15:00:00+00:00,24.92
2386,2023-04-10 16:00:00+00:00,24.1
2387,2023-04-10 17:00:00+00:00,24.43
2388,2023-04-10 18:00:00+00:00,22.07
2389,2023-04-10 19:00:00+00:00,22.69
2390,2023-04-10 20:00:00+00:00,20.79
2391,2023-04-10 21:00:00+00:00,27.59
2392,2023-04-10 22:00:00+00:00,35.07
2393,2023-04-10 23:00:00+00:00,44.6
2394,2023-04-11 00:00:00+00:00,69.94
2395,2023-04-11 01:00:00+00:00,58.59
2396,2023-04-11 02:00:00+00:00,25.55
2397,2023-04-11 03:00:00+00:00,19.78
2398,2023-04-11 04:00:00+00:00,16.23
2399,2023-04-11 05:00:00+00:00,11.84
2400,2023-04-11 06:00:00+00:00,11.05
2401,2023-04-11 07:00:00+00:00,11.41
2402,2023-04-11 08:00:00+00:00,12.06
2403,2023-04-11 09:00:00+00:00,13.62
2404,2023-04-11 10:00:00+00:00,20.51
2405,2023-04-11 11:00:00+00:00,34.27
2406,2023-04-11 12:00:00+00:00,31.84
2407,2023-04-11 13:00:00+00:00,22.35
2408,2023-04-11 14:00:00+00:00,20.36
2409,2023-04-11 15:00:00+00:00,17.4
2410,2023-04-11 16:00:00+00:00,17.18
2411,2023-04-11 17:00:00+00:00,16.99
2412,2023-04-11 18:00:00+00:00,17.32
2413,2023-04-11 19:00:00+00:00,17.53
2414,2023-04-11 20:00:00+00:00,17.99
2415,2023-04-11 21:00:00+00:00,21.32
2416,2023-04-11 22:00:00+00:00,22.63
2417,2023-04-11 23:00:00+00:00,28.07
2418,2023-04-12 00:00:00+00:00,47.42
2419,2023-04-12 01:00:00+00:00,24.8
2420,2023-04-12 02:00:00+00:00,17.75
2421,2023-04-12 03:00:00+00:00,15.95
2422,2023-04-12 04:00:00+00:00,14.74
2423,2023-04-12 05:00:00+00:00,12.67
2424,2023-04-12 06:00:00+00:00,10.17
2425,2023-04-12 07:00:00+00:00,10.62
2426,2023-04-12 08:00:00+00:00,10.65
2427,2023-04-12 09:00:00+00:00,11.93
2428,2023-04-12 10:00:00+00:00,15.33
2429,2023-04-12 11:00:00+00:00,19.38
2430,2023-04-12 12:00:00+00:00,20.38
2431,2023-04-12 13:00:00+00:00,16.13
2432,2023-04-12 14:00:00+00:00,15.44
2433,2023-04-12 15:00:00+00:00,15.84
2434,2023-04-12 16:00:00+00:00,16.88
2435,2023-04-12 17:00:00+00:00,17.98
2436,2023-04-12 18:00:00+00:00,17.85
2437,2023-04-12 19:00:00+00:00,19.7
2438,2023-04-12 20:00:00+00:00,21.11
2439,2023-04-12 21:00:00+00:00,24.22
2440,2023-04-12 22:00:00+00:00,23.32
2441,2023-04-12 23:00:00+00:00,24.32
2442,2023-04-13 00:00:00+00:00,41.23
2443,2023-04-13 01:00:00+00:00,26.14
2444,2023-04-13 02:00:00+00:00,17.93
2445,2023-04-13 03:00:00+00:00,15.59
2446,2023-04-13 04:00:00+00:00,15.73
2447,2023-04-13 05:00:00+00:00,16.97
2448,2023-04-13 06:00:00+00:00,12.69
2449,2023-04-13 07:00:00+00:00,11.3
2450,2023-04-13 08:00:00+00:00,10.3
2451,2023-04-13 09:00:00+00:00,11.01
2452,2023-04-13 10:00:00+00:00,14.56
2453,2023-04-13 11:00:00+00:00,18.19
2454,2023-04-13 12:00:00+00:00,18.46
2455,2023-04-13 13:00:00+00:00,16.47
2456,2023-04-13 14:00:00+00:00,16.52
2457,2023-04-13 15:00:00+00:00,16.14
2458,2023-04-13 16:00:00+00:00,17.91
2459,2023-04-13 17:00:00+00:00,18.72
2460,2023-04-13 18:00:00+00:00,20.6
2461,2023-04-13 19:00:00+00:00,23.04
2462,2023-04-13 20:00:00+00:00,23.87
2463,2023-04-13 21:00:00+00:00,26.44
2464,2023-04-13 22:00:00+00:00,25.73
2465,2023-04-13 23:00:00+00:00,25.48
2466,2023-04-14 00:00:00+00:00,28.46
2467,2023-04-14 01:00:00+00:00,29.17
2468,2023-04-14 02:00:00+00:00,19.82
2469,2023-04-14 03:00:00+00:00,15.89
2470,2023-04-14 04:00:00+00:00,15.22
2471,2023-04-14 05:00:00+00:00,11.95
2472,2023-04-14 06:00:00+00:00,9.59
2473,2023-04-14 07:00:00+00:00,8.18
2474,2023-04-14 08:00:00+00:00,7.43
2475,2023-04-14 09:00:00+00:00,9.08
2476,2023-04-14 10:00:00+00:00,13.11
2477,2023-04-14 11:00:00+00:00,17.77
2478,2023-04-14 12:00:00+00:00,17.29
2479,2023-04-14 13:00:00+00:00,13.98
2480,2023-04-14 14:00:00+00:00,14.36
2481,2023-04-14 15:00:00+00:00,14.31
2482,2023-04-14 16:00:00+00:00,17.63
2483,2023-04-14 17:00:00+00:00,19.95
2484,2023-04-14 18:00:00+00:00,21.46
2485,2023-04-14 19:00:00+00:00,21.95
2486,2023-04-14 20:00:00+00:00,24.47
2487,2023-04-14 21:00:00+00:00,25.75
2488,2023-04-14 22:00:00+00:00,25.21
2489,2023-04-14 23:00:00+00:00,24.52
2490,2023-04-15 00:00:00+00:00,37.29
2491,2023-04-15 01:00:00+00:00,49.56
2492,2023-04-15 02:00:00+00:00,30.79
2493,2023-04-15 03:00:00+00:00,27.58
2494,2023-04-15 04:00:00+00:00,22.77
2495,2023-04-15 05:00:00+00:00,18.58
2496,2023-04-15 06:00:00+00:00,15.53
2497,2023-04-15 07:00:00+00:00,12.63
2498,2023-04-15 08:00:00+00:00,11.94
2499,2023-04-15 09:00:00+00:00,11.5
2500,2023-04-15 10:00:00+00:00,13.26
2501,2023-04-15 11:00:00+00:00,13.42
2502,2023-04-15 12:00:00+00:00,14.37
2503,2023-04-15 13:00:00+00:00,13.89
2504,2023-04-15 14:00:00+00:00,13.66
2505,2023-04-15 15:00:00+00:00,15.42
2506,2023-04-15 16:00:00+00:00,19.32
2507,2023-04-15 17:00:00+00:00,23.17
2508,2023-04-15 18:00:00+00:00,35.0
2509,2023-04-15 19:00:00+00:00,50.89
2510,2023-04-15 20:00:00+00:00,58.94
2511,2023-04-15 21:00:00+00:00,76.03
2512,2023-04-15 22:00:00+00:00,67.8
2513,2023-04-15 23:00:00+00:00,50.75
2514,2023-04-16 00:00:00+00:00,65.08
2515,2023-04-16 01:00:00+00:00,33.15
2516,2023-04-16 02:00:00+00:00,24.1
2517,2023-04-16 03:00:00+00:00,21.33
2518,2023-04-16 04:00:00+00:00,18.41
2519,2023-04-16 05:00:00+00:00,15.24
2520,2023-04-16 06:00:00+00:00,13.51
2521,2023-04-16 07:00:00+00:00,13.51
2522,2023-04-16 08:00:00+00:00,13.35
2523,2023-04-16 09:00:00+00:00,12.98
2524,2023-04-16 10:00:00+00:00,15.52
2525,2023-04-16 11:00:00+00:00,15.71
2526,2023-04-16 12:00:00+00:00,16.0
2527,2023-04-16 13:00:00+00:00,13.57
2528,2023-04-16 14:00:00+00:00,10.71
2529,2023-04-16 15:00:00+00:00,11.74
2530,2023-04-16 16:00:00+00:00,14.53
2531,2023-04-16 17:00:00+00:00,15.41
2532,2023-04-16 18:00:00+00:00,15.84
2533,2023-04-16 19:00:00+00:00,17.08
2534,2023-04-16 20:00:00+00:00,18.82
2535,2023-04-16 21:00:00+00:00,19.96
2536,2023-04-16 22:00:00+00:00,25.76
2537,2023-04-16 23:00:00+00:00,36.3
2538,2023-04-17 00:00:00+00:00,129.8
2539,2023-04-17 01:00:00+00:00,100.98
2540,2023-04-17 02:00:00+00:00,33.67
2541,2023-04-17 03:00:00+00:00,18.15
2542,2023-04-17 04:00:00+00:00,14.9
2543,2023-04-17 05:00:00+00:00,12.91
2544,2023-04-17 06:00:00+00:00,8.9
2545,2023-04-17 07:00:00+00:00,7.67
2546,2023-04-17 08:00:00+00:00,8.24
2547,2023-04-17 09:00:00+00:00,9.34
2548,2023-04-17 10:00:00+00:00,13.51
2549,2023-04-17 11:00:00+00:00,18.89
2550,2023-04-17 12:00:00+00:00,19.06
2551,2023-04-17 13:00:00+00:00,14.38
2552,2023-04-17 14:00:00+00:00,12.5
2553,2023-04-17 15:00:00+00:00,12.31
2554,2023-04-17 16:00:00+00:00,12.84
2555,2023-04-17 17:00:00+00:00,14.75
2556,2023-04-17 18:00:00+00:00,18.31
2557,2023-04-17 19:00:00+00:00,18.59
2558,2023-04-17 20:00:00+00:00,22.08
2559,2023-04-17 21:00:00+00:00,24.94
2560,2023-04-17 22:00:00+00:00,24.96
2561,2023-04-17 23:00:00+00:00,24.77
2562,2023-04-18 00:00:00+00:00,36.96
2563,2023-04-18 01:00:00+00:00,31.64
2564,2023-04-18 02:00:00+00:00,21.96
2565,2023-04-18 03:00:00+00:00,17.11
2566,2023-04-18 04:00:00+00:00,14.2
2567,2023-04-18 05:00:00+00:00,12.18
2568,2023-04-18 06:00:00+00:00,12.1
2569,2023-04-18 07:00:00+00:00,9.46
2570,2023-04-18 08:00:00+00:00,9.22
2571,2023-04-18 09:00:00+00:00,10.97
2572,2023-04-18 10:00:00+00:00,13.4
2573,2023-04-18 11:00:00+00:00,22.03
2574,2023-04-18 12:00:00+00:00,20.1
2575,2023-04-18 13:00:00+00:00,14.44
2576,2023-04-18 14:00:00+00:00,14.64
2577,2023-04-18 15:00:00+00:00,15.18
2578,2023-04-18 16:00:00+00:00,16.25
2579,2023-04-18 17:00:00+00:00,16.89
2580,2023-04-18 18:00:00+00:00,21.0
2581,2023-04-18 19:00:00+00:00,22.92
2582,2023-04-18 20:00:00+00:00,27.24
2583,2023-04-18 21:00:00+00:00,27.87
2584,2023-04-18 22:00:00+00:00,25.81
2585,2023-04-18 23:00:00+00:00,28.4
2586,2023-04-19 00:00:00+00:00,36.73
2587,2023-04-19 01:00:00+00:00,34.44
2588,2023-04-19 02:00:00+00:00,22.99
2589,2023-04-19 03:00:00+00:00,20.48
2590,2023-04-19 04:00:00+00:00,17.91
2591,2023-04-19 05:00:00+00:00,14.89
2592,2023-04-19 06:00:00+00:00,12.21
2593,2023-04-19 07:00:00+00:00,11.51
2594,2023-04-19 08:00:00+00:00,10.81
2595,2023-04-19 09:00:00+00:00,12.43
2596,2023-04-19 10:00:00+00:00,15.58
2597,2023-04-19 11:00:00+00:00,20.74
2598,2023-04-19 12:00:00+00:00,20.51
2599,2023-04-19 13:00:00+00:00,17.72
2600,2023-04-19 14:00:00+00:00,17.71
2601,2023-04-19 15:00:00+00:00,20.11
2602,2023-04-19 16:00:00+00:00,24.51
2603,2023-04-19 17:00:00+00:00,25.59
2604,2023-04-19 18:00:00+00:00,29.47
2605,2023-04-19 19:00:00+00:00,28.11
2606,2023-04-19 20:00:00+00:00,31.27
2607,2023-04-19 21:00:00+00:00,35.58
2608,2023-04-19 22:00:00+00:00,35.78
2609,2023-04-19 23:00:00+00:00,30.98
2610,2023-04-20 00:00:00+00:00,47.91
2611,2023-04-20 01:00:00+00:00,49.79
2612,2023-04-20 02:00:00+00:00,27.3
2613,2023-04-20 03:00:00+00:00,23.92
2614,2023-04-20 04:00:00+00:00,21.26
2615,2023-04-20 05:00:00+00:00,18.28
2616,2023-04-20 06:00:00+00:00,14.25
2617,2023-04-20 07:00:00+00:00,13.09
2618,2023-04-20 08:00:00+00:00,12.76
2619,2023-04-20 09:00:00+00:00,12.43
2620,2023-04-20 10:00:00+00:00,18.51
2621,2023-04-20 11:00:00+00:00,25.82
2622,2023-04-20 12:00:00+00:00,25.97
2623,2023-04-20 13:00:00+00:00,20.68
2624,2023-04-20 14:00:00+00:00,17.25
2625,2023-04-20 15:00:00+00:00,19.29
2626,2023-04-20 16:00:00+00:00,23.56
2627,2023-04-20 17:00:00+00:00,25.48
2628,2023-04-20 18:00:00+00:00,33.9
2629,2023-04-20 19:00:00+00:00,45.09
2630,2023-04-20 20:00:00+00:00,54.5
2631,2023-04-20 21:00:00+00:00,79.03
2632,2023-04-20 22:00:00+00:00,87.14
2633,2023-04-20 23:00:00+00:00,87.57
2634,2023-04-21 00:00:00+00:00,184.71
2635,2023-04-21 01:00:00+00:00,150.63
2636,2023-04-21 02:00:00+00:00,58.74
2637,2023-04-21 03:00:00+00:00,39.85
2638,2023-04-21 04:00:00+00:00,25.05
2639,2023-04-21 05:00:00+00:00,17.07
2640,2023-04-21 06:00:00+00:00,16.36
2641,2023-04-21 07:00:00+00:00,17.13
2642,2023-04-21 08:00:00+00:00,17.15
2643,2023-04-21 09:00:00+00:00,16.88
2644,2023-04-21 10:00:00+00:00,17.38
2645,2023-04-21 11:00:00+00:00,21.89
2646,2023-04-21 12:00:00+00:00,18.14
2647,2023-04-21 13:00:00+00:00,16.27
2648,2023-04-21 14:00:00+00:00,17.7
2649,2023-04-21 15:00:00+00:00,19.72
2650,2023-04-21 16:00:00+00:00,22.87
2651,2023-04-21 17:00:00+00:00,23.45
2652,2023-04-21 18:00:00+00:00,31.24
2653,2023-04-21 19:00:00+00:00,31.02
2654,2023-04-21 20:00:00+00:00,34.72
2655,2023-04-21 21:00:00+00:00,55.69
2656,2023-04-21 22:00:00+00:00,55.47
2657,2023-04-21 23:00:00+00:00,103.33
2658,2023-04-22 00:00:00+00:00,250.72
2659,2023-04-22 01:00:00+00:00,231.38
2660,2023-04-22 02:00:00+00:00,49.6
2661,2023-04-22 03:00:00+00:00,20.26
2662,2023-04-22 04:00:00+00:00,17.06
2663,2023-04-22 05:00:00+00:00,16.63
2664,2023-04-22 06:00:00+00:00,12.46
2665,2023-04-22 07:00:00+00:00,10.38
2666,2023-04-22 08:00:00+00:00,9.4
2667,2023-04-22 09:00:00+00:00,10.03
2668,2023-04-22 10:00:00+00:00,12.35
2669,2023-04-22 11:00:00+00:00,14.16
2670,2023-04-22 12:00:00+00:00,13.59
2671,2023-04-22 13:00:00+00:00,12.68
2672,2023-04-22 14:00:00+00:00,12.76
2673,2023-04-22 15:00:00+00:00,13.7
2674,2023-04-22 16:00:00+00:00,14.94
2675,2023-04-22 17:00:00+00:00,18.28
2676,2023-04-22 18:00:00+00:00,19.1
2677,2023-04-22 19:00:00+00:00,21.0
2678,2023-04-22 20:00:00+00:00,21.4
2679,2023-04-22 21:00:00+00:00,22.29
2680,2023-04-22 22:00:00+00:00,21.0
2681,2023-04-22 23:00:00+00:00,21.68
2682,2023-04-23 00:00:00+00:00,29.56
2683,2023-04-23 01:00:00+00:00,28.25
2684,2023-04-23 02:00:00+00:00,18.65
2685,2023-04-23 03:00:00+00:00,17.4
2686,2023-04-23 04:00:00+00:00,16.14
2687,2023-04-23 05:00:00+00:00,18.39
2688,2023-04-23 06:00:00+00:00,17.17
2689,2023-04-23 07:00:00+00:00,16.71
2690,2023-04-23 08:00:00+00:00,17.03
2691,2023-04-23 09:00:00+00:00,17.7
2692,2023-04-23 10:00:00+00:00,18.63
2693,2023-04-23 11:00:00+00:00,17.57
2694,2023-04-23 12:00:00+00:00,18.17
2695,2023-04-23 13:00:00+00:00,20.12
2696,2023-04-23 14:00:00+00:00,21.6
2697,2023-04-23 15:00:00+00:00,23.35
2698,2023-04-23 16:00:00+00:00,24.25
2699,2023-04-23 17:00:00+00:00,25.9
2700,2023-04-23 18:00:00+00:00,25.95
2701,2023-04-23 19:00:00+00:00,24.61
2702,2023-04-23 20:00:00+00:00,24.81
2703,2023-04-23 21:00:00+00:00,25.19
2704,2023-04-23 22:00:00+00:00,31.71
2705,2023-04-23 23:00:00+00:00,31.44
2706,2023-04-24 00:00:00+00:00,53.68
2707,2023-04-24 01:00:00+00:00,72.34
2708,2023-04-24 02:00:00+00:00,38.06
2709,2023-04-24 03:00:00+00:00,29.59
2710,2023-04-24 04:00:00+00:00,26.78
2711,2023-04-24 05:00:00+00:00,24.84
2712,2023-04-24 06:00:00+00:00,23.62
2713,2023-04-24 07:00:00+00:00,22.6
2714,2023-04-24 08:00:00+00:00,23.27
2715,2023-04-24 09:00:00+00:00,24.05
2716,2023-04-24 10:00:00+00:00,30.27
2717,2023-04-24 11:00:00+00:00,71.06
2718,2023-04-24 12:00:00+00:00,72.13
2719,2023-04-24 13:00:00+00:00,42.73
2720,2023-04-24 14:00:00+00:00,33.9
2721,2023-04-24 15:00:00+00:00,30.43
2722,2023-04-24 16:00:00+00:00,25.96
2723,2023-04-24 17:00:00+00:00,21.94
2724,2023-04-24 18:00:00+00:00,19.12
2725,2023-04-24 19:00:00+00:00,18.25
2726,2023-04-24 20:00:00+00:00,19.24
2727,2023-04-24 21:00:00+00:00,20.31
2728,2023-04-24 22:00:00+00:00,20.56
2729,2023-04-24 23:00:00+00:00,20.43
2730,2023-04-25 00:00:00+00:00,27.27
2731,2023-04-25 01:00:00+00:00,31.27
2732,2023-04-25 02:00:00+00:00,21.12
2733,2023-04-25 03:00:00+00:00,19.07
2734,2023-04-25 04:00:00+00:00,19.64
2735,2023-04-25 05:00:00+00:00,22.36
2736,2023-04-25 06:00:00+00:00,20.34
2737,2023-04-25 07:00:00+00:00,20.58
2738,2023-04-25 08:00:00+00:00,18.8
2739,2023-04-25 09:00:00+00:00,18.97
2740,2023-04-25 10:00:00+00:00,22.0
2741,2023-04-25 11:00:00+00:00,39.16
2742,2023-04-25 12:00:00+00:00,35.22
2743,2023-04-25 13:00:00+00:00,21.58
2744,2023-04-25 14:00:00+00:00,18.97
2745,2023-04-25 15:00:00+00:00,19.12
2746,2023-04-25 16:00:00+00:00,18.84
2747,2023-04-25 17:00:00+00:00,18.42
2748,2023-04-25 18:00:00+00:00,17.77
2749,2023-04-25 19:00:00+00:00,18.08
2750,2023-04-25 20:00:00+00:00,21.91
2751,2023-04-25 21:00:00+00:00,22.95
2752,2023-04-25 22:00:00+00:00,23.28
2753,2023-04-25 23:00:00+00:00,24.01
2754,2023-04-26 00:00:00+00:00,38.4
2755,2023-04-26 01:00:00+00:00,36.54
2756,2023-04-26 02:00:00+00:00,19.71
2757,2023-04-26 03:00:00+00:00,16.79
2758,2023-04-26 04:00:00+00:00,15.74
2759,2023-04-26 05:00:00+00:00,15.77
2760,2023-04-26 06:00:00+00:00,14.17
2761,2023-04-26 07:00:00+00:00,12.91
2762,2023-04-26 08:00:00+00:00,14.36
2763,2023-04-26 09:00:00+00:00,17.36
2764,2023-04-26 10:00:00+00:00,20.24
2765,2023-04-26 11:00:00+00:00,29.09
2766,2023-04-26 12:00:00+00:00,30.28
2767,2023-04-26 13:00:00+00:00,19.17
2768,2023-04-26 14:00:00+00:00,17.63
2769,2023-04-26 15:00:00+00:00,19.5
2770,2023-04-26 16:00:00+00:00,23.88
2771,2023-04-26 17:00:00+00:00,26.22
2772,2023-04-26 18:00:00+00:00,26.63
2773,2023-04-26 19:00:00+00:00,26.79
2774,2023-04-26 20:00:00+00:00,30.82
2775,2023-04-26 21:00:00+00:00,30.93
2776,2023-04-26 22:00:00+00:00,31.39
2777,2023-04-26 23:00:00+00:00,32.38
2778,2023-04-27 00:00:00+00:00,43.61
2779,2023-04-27 01:00:00+00:00,42.69
2780,2023-04-27 02:00:00+00:00,27.19
2781,2023-04-27 03:00:00+00:00,20.79
2782,2023-04-27 04:00:00+00:00,19.61
2783,2023-04-27 05:00:00+00:00,18.91
2784,2023-04-27 06:00:00+00:00,17.68
2785,2023-04-27 07:00:00+00:00,15.99
2786,2023-04-27 08:00:00+00:00,15.22
2787,2023-04-27 09:00:00+00:00,14.98
2788,2023-04-27 10:00:00+00:00,17.75
2789,2023-04-27 11:00:00+00:00,29.41
2790,2023-04-27 12:00:00+00:00,26.29
2791,2023-04-27 13:00:00+00:00,16.01
2792,2023-04-27 14:00:00+00:00,15.65
2793,2023-04-27 15:00:00+00:00,16.82
2794,2023-04-27 16:00:00+00:00,19.43
2795,2023-04-27 17:00:00+00:00,21.83
2796,2023-04-27 18:00:00+00:00,23.35
2797,2023-04-27 19:00:00+00:00,25.47
2798,2023-04-27 20:00:00+00:00,29.64
2799,2023-04-27 21:00:00+00:00,31.87
2800,2023-04-27 22:00:00+00:00,38.95
2801,2023-04-27 23:00:00+00:00,53.23
2802,2023-04-28 00:00:00+00:00,195.79
2803,2023-04-28 01:00:00+00:00,198.23
2804,2023-04-28 02:00:00+00:00,34.14
2805,2023-04-28 03:00:00+00:00,21.88
2806,2023-04-28 04:00:00+00:00,17.1
2807,2023-04-28 05:00:00+00:00,16.38
2808,2023-04-28 06:00:00+00:00,13.25
2809,2023-04-28 07:00:00+00:00,11.43
2810,2023-04-28 08:00:00+00:00,10.5
2811,2023-04-28 09:00:00+00:00,11.84
2812,2023-04-28 10:00:00+00:00,15.43
2813,2023-04-28 11:00:00+00:00,20.76
2814,2023-04-28 12:00:00+00:00,20.85
2815,2023-04-28 13:00:00+00:00,17.8
2816,2023-04-28 14:00:00+00:00,18.18
2817,2023-04-28 15:00:00+00:00,18.67
2818,2023-04-28 16:00:00+00:00,19.94
2819,2023-04-28 17:00:00+00:00,21.97
2820,2023-04-28 18:00:00+00:00,25.36
2821,2023-04-28 19:00:00+00:00,31.11
2822,2023-04-28 20:00:00+00:00,36.39
2823,2023-04-28 21:00:00+00:00,36.88
2824,2023-04-28 22:00:00+00:00,37.52
2825,2023-04-28 23:00:00+00:00,29.22
2826,2023-04-29 00:00:00+00:00,29.89
2827,2023-04-29 01:00:00+00:00,31.18
2828,2023-04-29 02:00:00+00:00,23.67
2829,2023-04-29 03:00:00+00:00,21.15
2830,2023-04-29 04:00:00+00:00,20.96
2831,2023-04-29 05:00:00+00:00,17.92
2832,2023-04-29 06:00:00+00:00,15.61
2833,2023-04-29 07:00:00+00:00,13.86
2834,2023-04-29 08:00:00+00:00,10.8
2835,2023-04-29 09:00:00+00:00,9.25
2836,2023-04-29 10:00:00+00:00,10.62
2837,2023-04-29 11:00:00+00:00,14.13
2838,2023-04-29 12:00:00+00:00,14.38
2839,2023-04-29 13:00:00+00:00,14.93
2840,2023-04-29 14:00:00+00:00,13.25
2841,2023-04-29 15:00:00+00:00,11.45
2842,2023-04-29 16:00:00+00:00,10.87
2843,2023-04-29 17:00:00+00:00,10.83
2844,2023-04-29 18:00:00+00:00,13.42
2845,2023-04-29 19:00:00+00:00,12.48
2846,2023-04-29 20:00:00+00:00,14.99
2847,2023-04-29 21:00:00+00:00,15.57
2848,2023-04-29 22:00:00+00:00,16.68
2849,2023-04-29 23:00:00+00:00,16.94
2850,2023-04-30 00:00:00+00:00,38.48
2851,2023-04-30 01:00:00+00:00,85.41
2852,2023-04-30 02:00:00+00:00,59.18
2853,2023-04-30 03:00:00+00:00,35.11
2854,2023-04-30 04:00:00+00:00,29.97
2855,2023-04-30 05:00:00+00:00,25.55
2856,2023-04-30 06:00:00+00:00,23.35
2857,2023-04-30 07:00:00+00:00,18.31
2858,2023-04-30 08:00:00+00:00,15.89
2859,2023-04-30 09:00:00+00:00,13.97
2860,2023-04-30 10:00:00+00:00,14.0
2861,2023-04-30 11:00:00+00:00,15.93
2862,2023-04-30 12:00:00+00:00,14.76
2863,2023-04-30 13:00:00+00:00,12.81
2864,2023-04-30 14:00:00+00:00,13.68
2865,2023-04-30 15:00:00+00:00,13.32
2866,2023-04-30 16:00:00+00:00,13.54
2867,2023-04-30 17:00:00+00:00,14.65
2868,2023-04-30 18:00:00+00:00,16.57
2869,2023-04-30 19:00:00+00:00,20.57
2870,2023-04-30 20:00:00+00:00,25.2
2871,2023-04-30 21:00:00+00:00,27.74
2872,2023-04-30 22:00:00+00:00,29.7
2873,2023-04-30 23:00:00+00:00,27.16
2874,2023-05-01 00:00:00+00:00,34.07
2875,2023-05-01 01:00:00+00:00,26.94
2876,2023-05-01 02:00:00+00:00,19.51
2877,2023-05-01 03:00:00+00:00,17.71
2878,2023-05-01 04:00:00+00:00,16.62
2879,2023-05-01 05:00:00+00:00,14.61
2880,2023-05-01 06:00:00+00:00,13.16
2881,2023-05-01 07:00:00+00:00,13.48
2882,2023-05-01 08:00:00+00:00,12.86
2883,2023-05-01 09:00:00+00:00,14.69
2884,2023-05-01 10:00:00+00:00,17.26
2885,2023-05-01 11:00:00+00:00,25.21
2886,2023-05-01 12:00:00+00:00,19.74
2887,2023-05-01 13:00:00+00:00,15.96
2888,2023-05-01 14:00:00+00:00,16.52
2889,2023-05-01 15:00:00+00:00,17.9
2890,2023-05-01 16:00:00+00:00,18.98
2891,2023-05-01 17:00:00+00:00,22.7
2892,2023-05-01 18:00:00+00:00,29.55
2893,2023-05-01 19:00:00+00:00,33.24
2894,2023-05-01 20:00:00+00:00,42.56
2895,2023-05-01 21:00:00+00:00,50.46
2896,2023-05-01 22:00:00+00:00,42.6
2897,2023-05-01 23:00:00+00:00,37.68
2898,2023-05-02 00:00:00+00:00,72.7
2899,2023-05-02 01:00:00+00:00,48.83
2900,2023-05-02 02:00:00+00:00,27.88
2901,2023-05-02 03:00:00+00:00,23.29
2902,2023-05-02 04:00:00+00:00,18.27
2903,2023-05-02 05:00:00+00:00,15.31
2904,2023-05-02 06:00:00+00:00,13.3
2905,2023-05-02 07:00:00+00:00,12.86
2906,2023-05-02 08:00:00+00:00,13.76
2907,2023-05-02 09:00:00+00:00,15.9
2908,2023-05-02 10:00:00+00:00,21.6
2909,2023-05-02 11:00:00+00:00,26.46
2910,2023-05-02 12:00:00+00:00,26.41
2911,2023-05-02 13:00:00+00:00,26.86
2912,2023-05-02 14:00:00+00:00,26.47
2913,2023-05-02 15:00:00+00:00,23.26
2914,2023-05-02 16:00:00+00:00,22.39
2915,2023-05-02 17:00:00+00:00,23.84
2916,2023-05-02 18:00:00+00:00,30.28
2917,2023-05-02 19:00:00+00:00,33.13
2918,2023-05-02 20:00:00+00:00,37.22
2919,2023-05-02 21:00:00+00:00,44.54
2920,2023-05-02 22:00:00+00:00,35.8
2921,2023-05-02 23:00:00+00:00,34.32
2922,2023-05-03 00:00:00+00:00,48.46
2923,2023-05-03 01:00:00+00:00,57.98
2924,2023-05-03 02:00:00+00:00,42.83
2925,2023-05-03 03:00:00+00:00,26.15
2926,2023-05-03 04:00:00+00:00,23.35
2927,2023-05-03 05:00:00+00:00,19.95
2928,2023-05-03 06:00:00+00:00,18.91
2929,2023-05-03 07:00:00+00:00,18.05
2930,2023-05-03 08:00:00+00:00,17.89
2931,2023-05-03 09:00:00+00:00,18.57
2932,2023-05-03 10:00:00+00:00,25.16
2933,2023-05-03 11:00:00+00:00,35.65
2934,2023-05-03 12:00:00+00:00,34.29
2935,2023-05-03 13:00:00+00:00,27.12
2936,2023-05-03 14:00:00+00:00,20.14
2937,2023-05-03 15:00:00+00:00,21.01
2938,2023-05-03 16:00:00+00:00,23.16
2939,2023-05-03 17:00:00+00:00,26.96
2940,2023-05-03 18:00:00+00:00,34.74
2941,2023-05-03 19:00:00+00:00,42.28
2942,2023-05-03 20:00:00+00:00,60.74
2943,2023-05-03 21:00:00+00:00,75.75
2944,2023-05-03 22:00:00+00:00,69.85
2945,2023-05-03 23:00:00+00:00,54.13
2946,2023-05-04 00:00:00+00:00,75.38
2947,2023-05-04 01:00:00+00:00,51.09
2948,2023-05-04 02:00:00+00:00,27.15
2949,2023-05-04 03:00:00+00:00,22.21
2950,2023-05-04 04:00:00+00:00,17.67
2951,2023-05-04 05:00:00+00:00,16.88
2952,2023-05-04 06:00:00+00:00,14.22
2953,2023-05-04 07:00:00+00:00,12.85
2954,2023-05-04 08:00:00+00:00,11.78
2955,2023-05-04 09:00:00+00:00,12.39
2956,2023-05-04 10:00:00+00:00,16.43
2957,2023-05-04 11:00:00+00:00,18.21
2958,2023-05-04 12:00:00+00:00,15.2
2959,2023-05-04 13:00:00+00:00,16.49
2960,2023-05-04 14:00:00+00:00,17.23
2961,2023-05-04 15:00:00+00:00,19.96
2962,2023-05-04 16:00:00+00:00,22.82
2963,2023-05-04 17:00:00+00:00,28.91
2964,2023-05-04 18:00:00+00:00,38.02
2965,2023-05-04 19:00:00+00:00,42.24
2966,2023-05-04 20:00:00+00:00,53.0
2967,2023-05-04 21:00:00+00:00,50.27
2968,2023-05-04 22:00:00+00:00,42.62
2969,2023-05-04 23:00:00+00:00,32.11
2970,2023-05-05 00:00:00+00:00,40.36
2971,2023-05-05 01:00:00+00:00,55.47
2972,2023-05-05 02:00:00+00:00,26.93
2973,2023-05-05 03:00:00+00:00,21.26
2974,2023-05-05 04:00:00+00:00,18.06
2975,2023-05-05 05:00:00+00:00,15.52
2976,2023-05-05 06:00:00+00:00,14.39
2977,2023-05-05 07:00:00+00:00,12.55
2978,2023-05-05 08:00:00+00:00,12.17
2979,2023-05-05 09:00:00+00:00,12.65
2980,2023-05-05 10:00:00+00:00,17.32
2981,2023-05-05 11:00:00+00:00,20.02
2982,2023-05-05 12:00:00+00:00,16.94
2983,2023-05-05 13:00:00+00:00,14.52
2984,2023-05-05 14:00:00+00:00,17.25
2985,2023-05-05 15:00:00+00:00,20.49
2986,2023-05-05 16:00:00+00:00,25.62
2987,2023-05-05 17:00:00+00:00,42.52
2988,2023-05-05 18:00:00+00:00,64.25
2989,2023-05-05 19:00:00+00:00,86.67
2990,2023-05-05 20:00:00+00:00,101.54
2991,2023-05-05 21:00:00+00:00,115.02
2992,2023-05-05 22:00:00+00:00,87.03
2993,2023-05-05 23:00:00+00:00,42.68
2994,2023-05-06 00:00:00+00:00,97.64
2995,2023-05-06 01:00:00+00:00,97.76
2996,2023-05-06 02:00:00+00:00,40.8
2997,2023-05-06 03:00:00+00:00,23.65
2998,2023-05-06 04:00:00+00:00,24.26
2999,2023-05-06 05:00:00+00:00,17.95
3000,2023-05-06 06:00:00+00:00,14.63
3001,2023-05-06 07:00:00+00:00,13.49
3002,2023-05-06 08:00:00+00:00,12.09
3003,2023-05-06 09:00:00+00:00,11.59
3004,2023-05-06 10:00:00+00:00,11.96
3005,2023-05-06 11:00:00+00:00,14.17
3006,2023-05-06 12:00:00+00:00,14.43
3007,2023-05-06 13:00:00+00:00,16.42
3008,2023-05-06 14:00:00+00:00,18.98
3009,2023-05-06 15:00:00+00:00,21.72
3010,2023-05-06 16:00:00+00:00,27.91
3011,2023-05-06 17:00:00+00:00,44.04
3012,2023-05-06 18:00:00+00:00,68.29
3013,2023-05-06 19:00:00+00:00,78.91
3014,2023-05-06 20:00:00+00:00,95.5
3015,2023-05-06 21:00:00+00:00,105.54
3016,2023-05-06 22:00:00+00:00,93.4
3017,2023-05-06 23:00:00+00:00,66.06
3018,2023-05-07 00:00:00+00:00,98.05
3019,2023-05-07 01:00:00+00:00,77.77
3020,2023-05-07 02:00:00+00:00,29.57
3021,2023-05-07 03:00:00+00:00,22.05
3022,2023-05-07 04:00:00+00:00,19.29
3023,2023-05-07 05:00:00+00:00,17.61
3024,2023-05-07 06:00:00+00:00,13.21
3025,2023-05-07 07:00:00+00:00,11.97
3026,2023-05-07 08:00:00+00:00,11.26
3027,2023-05-07 09:00:00+00:00,10.68
3028,2023-05-07 10:00:00+00:00,11.46
3029,2023-05-07 11:00:00+00:00,15.66
3030,2023-05-07 12:00:00+00:00,12.9
3031,2023-05-07 13:00:00+00:00,16.66
3032,2023-05-07 14:00:00+00:00,18.75
3033,2023-05-07 15:00:00+00:00,21.83
3034,2023-05-07 16:00:00+00:00,28.29
3035,2023-05-07 17:00:00+00:00,37.82
3036,2023-05-07 18:00:00+00:00,50.92
3037,2023-05-07 19:00:00+00:00,46.93
3038,2023-05-07 20:00:00+00:00,57.74
3039,2023-05-07 21:00:00+00:00,60.51
3040,2023-05-07 22:00:00+00:00,40.94
3041,2023-05-07 23:00:00+00:00,37.07
3042,2023-05-08 00:00:00+00:00,57.01
3043,2023-05-08 01:00:00+00:00,77.88
3044,2023-05-08 02:00:00+00:00,26.53
3045,2023-05-08 03:00:00+00:00,22.66
3046,2023-05-08 04:00:00+00:00,19.37
3047,2023-05-08 05:00:00+00:00,18.23
3048,2023-05-08 06:00:00+00:00,13.4
3049,2023-05-08 07:00:00+00:00,12.33
3050,2023-05-08 08:00:00+00:00,12.51
3051,2023-05-08 09:00:00+00:00,14.99
3052,2023-05-08 10:00:00+00:00,19.45
3053,2023-05-08 11:00:00+00:00,21.09
3054,2023-05-08 12:00:00+00:00,20.53
3055,2023-05-08 13:00:00+00:00,19.84
3056,2023-05-08 14:00:00+00:00,19.19
3057,2023-05-08 15:00:00+00:00,22.39
3058,2023-05-08 16:00:00+00:00,35.14
3059,2023-05-08 17:00:00+00:00,47.05
3060,2023-05-08 18:00:00+00:00,95.4
3061,2023-05-08 19:00:00+00:00,133.17
3062,2023-05-08 20:00:00+00:00,206.53
3063,2023-05-08 21:00:00+00:00,266.58
3064,2023-05-08 22:00:00+00:00,242.41
3065,2023-05-08 23:00:00+00:00,98.65
3066,2023-05-09 00:00:00+00:00,109.81
3067,2023-05-09 01:00:00+00:00,83.23
3068,2023-05-09 02:00:00+00:00,35.55
3069,2023-05-09 03:00:00+00:00,27.76
3070,2023-05-09 04:00:00+00:00,25.81
3071,2023-05-09 05:00:00+00:00,20.61
3072,2023-05-09 06:00:00+00:00,15.88
3073,2023-05-09 07:00:00+00:00,13.17
3074,2023-05-09 08:00:00+00:00,12.44
3075,2023-05-09 09:00:00+00:00,13.88
3076,2023-05-09 10:00:00+00:00,18.39
3077,2023-05-09 11:00:00+00:00,23.12
3078,2023-05-09 12:00:00+00:00,20.3
3079,2023-05-09 13:00:00+00:00,17.17
3080,2023-05-09 14:00:00+00:00,19.08
3081,2023-05-09 15:00:00+00:00,20.58
3082,2023-05-09 16:00:00+00:00,24.33
3083,2023-05-09 17:00:00+00:00,26.84
3084,2023-05-09 18:00:00+00:00,31.62
3085,2023-05-09 19:00:00+00:00,35.02
3086,2023-05-09 20:00:00+00:00,37.09
3087,2023-05-09 21:00:00+00:00,36.91
3088,2023-05-09 22:00:00+00:00,29.12
3089,2023-05-09 23:00:00+00:00,23.54
3090,2023-05-10 00:00:00+00:00,30.09
3091,2023-05-10 01:00:00+00:00,42.35
3092,2023-05-10 02:00:00+00:00,25.26
3093,2023-05-10 03:00:00+00:00,20.71
3094,2023-05-10 04:00:00+00:00,18.65
3095,2023-05-10 05:00:00+00:00,16.13
3096,2023-05-10 06:00:00+00:00,14.38
3097,2023-05-10 07:00:00+00:00,13.58
3098,2023-05-10 08:00:00+00:00,14.51
3099,2023-05-10 09:00:00+00:00,15.86
3100,2023-05-10 10:00:00+00:00,18.83
3101,2023-05-10 11:00:00+00:00,25.12
3102,2023-05-10 12:00:00+00:00,27.15
3103,2023-05-10 13:00:00+00:00,20.76
3104,2023-05-10 14:00:00+00:00,19.84
3105,2023-05-10 15:00:00+00:00,20.06
3106,2023-05-10 16:00:00+00:00,19.29
3107,2023-05-10 17:00:00+00:00,18.17
3108,2023-05-10 18:00:00+00:00,22.21
3109,2023-05-10 19:00:00+00:00,22.5
3110,2023-05-10 20:00:00+00:00,26.49
3111,2023-05-10 21:00:00+00:00,30.51
3112,2023-05-10 22:00:00+00:00,28.43
3113,2023-05-10 23:00:00+00:00,27.93
3114,2023-05-11 00:00:00+00:00,35.16
3115,2023-05-11 01:00:00+00:00,38.9
3116,2023-05-11 02:00:00+00:00,25.65
3117,2023-05-11 03:00:00+00:00,18.56
3118,2023-05-11 04:00:00+00:00,18.08
3119,2023-05-11 05:00:00+00:00,15.14
3120,2023-05-11 06:00:00+00:00,13.02
3121,2023-05-11 07:00:00+00:00,12.43
3122,2023-05-11 08:00:00+00:00,13.4
3123,2023-05-11 09:00:00+00:00,15.3
3124,2023-05-11 10:00:00+00:00,21.03
3125,2023-05-11 11:00:00+00:00,26.93
3126,2023-05-11 12:00:00+00:00,21.73
3127,2023-05-11 13:00:00+00:00,18.11
3128,2023-05-11 14:00:00+00:00,17.07
3129,2023-05-11 15:00:00+00:00,20.5
3130,2023-05-11 16:00:00+00:00,23.49
3131,2023-05-11 17:00:00+00:00,28.36
3132,2023-05-11 18:00:00+00:00,42.02
3133,2023-05-11 19:00:00+00:00,46.58
3134,2023-05-11 20:00:00+00:00,55.49
3135,2023-05-11 21:00:00+00:00,61.97
3136,2023-05-11 22:00:00+00:00,42.57
3137,2023-05-11 23:00:00+00:00,37.42
3138,2023-05-12 00:00:00+00:00,82.91
3139,2023-05-12 01:00:00+00:00,144.35
3140,2023-05-12 02:00:00+00:00,44.17
3141,2023-05-12 03:00:00+00:00,29.3
3142,2023-05-12 04:00:00+00:00,22.67
3143,2023-05-12 05:00:00+00:00,19.92
3144,2023-05-12 06:00:00+00:00,17.06
3145,2023-05-12 07:00:00+00:00,13.72
3146,2023-05-12 08:00:00+00:00,13.22
3147,2023-05-12 09:00:00+00:00,13.97
3148,2023-05-12 10:00:00+00:00,18.36
3149,2023-05-12 11:00:00+00:00,26.87
3150,2023-05-12 12:00:00+00:00,25.36
3151,2023-05-12 13:00:00+00:00,18.49
3152,2023-05-12 14:00:00+00:00,18.47
3153,2023-05-12 15:00:00+00:00,19.99
3154,2023-05-12 16:00:00+00:00,24.68
3155,2023-05-12 17:00:00+00:00,32.79
3156,2023-05-12 18:00:00+00:00,44.81
3157,2023-05-12 19:00:00+00:00,55.16
3158,2023-05-12 20:00:00+00:00,67.52
3159,2023-05-12 21:00:00+00:00,72.42
3160,2023-05-12 22:00:00+00:00,53.68
3161,2023-05-12 23:00:00+00:00,36.71
3162,2023-05-13 00:00:00+00:00,39.23
3163,2023-05-13 01:00:00+00:00,39.6
3164,2023-05-13 02:00:00+00:00,26.33
3165,2023-05-13 03:00:00+00:00,22.98
3166,2023-05-13 04:00:00+00:00,19.63
3167,2023-05-13 05:00:00+00:00,22.03
3168,2023-05-13 06:00:00+00:00,20.48
3169,2023-05-13 07:00:00+00:00,19.6
3170,2023-05-13 08:00:00+00:00,18.31
3171,2023-05-13 09:00:00+00:00,18.6
3172,2023-05-13 10:00:00+00:00,18.68
3173,2023-05-13 11:00:00+00:00,22.06
3174,2023-05-13 12:00:00+00:00,21.63
3175,2023-05-13 13:00:00+00:00,22.33
3176,2023-05-13 14:00:00+00:00,20.74
3177,2023-05-13 15:00:00+00:00,22.67
3178,2023-05-13 16:00:00+00:00,22.63
3179,2023-05-13 17:00:00+00:00,24.73
3180,2023-05-13 18:00:00+00:00,24.47
3181,2023-05-13 19:00:00+00:00,25.13
3182,2023-05-13 20:00:00+00:00,28.24
3183,2023-05-13 21:00:00+00:00,27.42
3184,2023-05-13 22:00:00+00:00,27.66
3185,2023-05-13 23:00:00+00:00,34.93
3186,2023-05-14 00:00:00+00:00,42.59
3187,2023-05-14 01:00:00+00:00,61.85
3188,2023-05-14 02:00:00+00:00,35.95
3189,2023-05-14 03:00:00+00:00,24.47
3190,2023-05-14 04:00:00+00:00,23.59
3191,2023-05-14 05:00:00+00:00,20.14
3192,2023-05-14 06:00:00+00:00,18.81
3193,2023-05-14 07:00:00+00:00,18.41
3194,2023-05-14 08:00:00+00:00,17.83
3195,2023-05-14 09:00:00+00:00,17.5
3196,2023-05-14 10:00:00+00:00,17.47
3197,2023-05-14 11:00:00+00:00,21.36
3198,2023-05-14 12:00:00+00:00,20.26
3199,2023-05-14 13:00:00+00:00,21.03
3200,2023-05-14 14:00:00+00:00,20.99
3201,2023-05-14 15:00:00+00:00,23.14
3202,2023-05-14 16:00:00+00:00,24.67
3203,2023-05-14 17:00:00+00:00,26.51
3204,2023-05-14 18:00:00+00:00,27.39
3205,2023-05-14 19:00:00+00:00,28.32
3206,2023-05-14 20:00:00+00:00,30.89
3207,2023-05-14 21:00:00+00:00,40.88
3208,2023-05-14 22:00:00+00:00,48.88
3209,2023-05-14 23:00:00+00:00,48.62
3210,2023-05-15 00:00:00+00:00,94.74
3211,2023-05-15 01:00:00+00:00,108.5
3212,2023-05-15 02:00:00+00:00,45.16
3213,2023-05-15 03:00:00+00:00,26.46
3214,2023-05-15 04:00:00+00:00,25.18
3215,2023-05-15 05:00:00+00:00,19.73
3216,2023-05-15 06:00:00+00:00,18.35
3217,2023-05-15 07:00:00+00:00,17.44
3218,2023-05-15 08:00:00+00:00,16.79
3219,2023-05-15 09:00:00+00:00,16.92
3220,2023-05-15 10:00:00+00:00,17.72
3221,2023-05-15 11:00:00+00:00,24.87
3222,2023-05-15 12:00:00+00:00,22.54
3223,2023-05-15 13:00:00+00:00,20.11
3224,2023-05-15 14:00:00+00:00,20.02
3225,2023-05-15 15:00:00+00:00,21.18
3226,2023-05-15 16:00:00+00:00,23.85
3227,2023-05-15 17:00:00+00:00,25.03
3228,2023-05-15 18:00:00+00:00,26.26
3229,2023-05-15 19:00:00+00:00,33.07
3230,2023-05-15 20:00:00+00:00,44.82
3231,2023-05-15 21:00:00+00:00,59.91
3232,2023-05-15 22:00:00+00:00,70.6
3233,2023-05-15 23:00:00+00:00,77.31
3234,2023-05-16 00:00:00+00:00,171.23
3235,2023-05-16 01:00:00+00:00,220.21
3236,2023-05-16 02:00:00+00:00,99.81
3237,2023-05-16 03:00:00+00:00,31.27
3238,2023-05-16 04:00:00+00:00,25.03
3239,2023-05-16 05:00:00+00:00,23.24
3240,2023-05-16 06:00:00+00:00,19.86
3241,2023-05-16 07:00:00+00:00,18.86
3242,2023-05-16 08:00:00+00:00,18.47
3243,2023-05-16 09:00:00+00:00,18.86
3244,2023-05-16 10:00:00+00:00,21.58
3245,2023-05-16 11:00:00+00:00,31.46
3246,2023-05-16 12:00:00+00:00,26.15
3247,2023-05-16 13:00:00+00:00,23.24
3248,2023-05-16 14:00:00+00:00,22.2
3249,2023-05-16 15:00:00+00:00,21.83
3250,2023-05-16 16:00:00+00:00,24.17
3251,2023-05-16 17:00:00+00:00,26.77
3252,2023-05-16 18:00:00+00:00,30.05
3253,2023-05-16 19:00:00+00:00,32.1
3254,2023-05-16 20:00:00+00:00,35.3
3255,2023-05-16 21:00:00+00:00,55.82
3256,2023-05-16 22:00:00+00:00,77.27
3257,2023-05-16 23:00:00+00:00,84.33
3258,2023-05-17 00:00:00+00:00,191.42
3259,2023-05-17 01:00:00+00:00,207.74
3260,2023-05-17 02:00:00+00:00,70.28
3261,2023-05-17 03:00:00+00:00,26.82
3262,2023-05-17 04:00:00+00:00,22.07
3263,2023-05-17 05:00:00+00:00,18.95
3264,2023-05-17 06:00:00+00:00,16.72
3265,2023-05-17 07:00:00+00:00,15.42
3266,2023-05-17 08:00:00+00:00,15.03
3267,2023-05-17 09:00:00+00:00,15.45
3268,2023-05-17 10:00:00+00:00,20.21
3269,2023-05-17 11:00:00+00:00,23.99
3270,2023-05-17 12:00:00+00:00,21.64
3271,2023-05-17 13:00:00+00:00,19.69
3272,2023-05-17 14:00:00+00:00,20.66
3273,2023-05-17 15:00:00+00:00,21.64
3274,2023-05-17 16:00:00+00:00,23.79
3275,2023-05-17 17:00:00+00:00,25.61
3276,2023-05-17 18:00:00+00:00,29.61
3277,2023-05-17 19:00:00+00:00,32.88
3278,2023-05-17 20:00:00+00:00,42.3
3279,2023-05-17 21:00:00+00:00,47.45
3280,2023-05-17 22:00:00+00:00,44.8
3281,2023-05-17 23:00:00+00:00,51.9
3282,2023-05-18 00:00:00+00:00,94.04
3283,2023-05-18 01:00:00+00:00,93.7
3284,2023-05-18 02:00:00+00:00,31.06
3285,2023-05-18 03:00:00+00:00,22.63
3286,2023-05-18 04:00:00+00:00,20.74
3287,2023-05-18 05:00:00+00:00,18.15
3288,2023-05-18 06:00:00+00:00,16.35
3289,2023-05-18 07:00:00+00:00,15.87
3290,2023-05-18 08:00:00+00:00,15.48
3291,2023-05-18 09:00:00+00:00,16.15
3292,2023-05-18 10:00:00+00:00,19.28
3293,2023-05-18 11:00:00+00:00,21.16
3294,2023-05-18 12:00:00+00:00,19.01
3295,2023-05-18 13:00:00+00:00,15.43
3296,2023-05-18 14:00:00+00:00,15.86
3297,2023-05-18 15:00:00+00:00,16.7
3298,2023-05-18 16:00:00+00:00,20.24
3299,2023-05-18 17:00:00+00:00,21.68
3300,2023-05-18 18:00:00+00:00,25.92
3301,2023-05-18 19:00:00+00:00,28.5
3302,2023-05-18 20:00:00+00:00,34.78
3303,2023-05-18 21:00:00+00:00,40.42
3304,2023-05-18 22:00:00+00:00,36.33
3305,2023-05-18 23:00:00+00:00,33.6
3306,2023-05-19 00:00:00+00:00,57.6
3307,2023-05-19 01:00:00+00:00,55.76
3308,2023-05-19 02:00:00+00:00,27.94
3309,2023-05-19 03:00:00+00:00,24.2
3310,2023-05-19 04:00:00+00:00,20.6
3311,2023-05-19 05:00:00+00:00,20.56
3312,2023-05-19 06:00:00+00:00,19.58
3313,2023-05-19 07:00:00+00:00,18.29
3314,2023-05-19 08:00:00+00:00,17.47
3315,2023-05-19 09:00:00+00:00,17.55
3316,2023-05-19 10:00:00+00:00,18.49
3317,2023-05-19 11:00:00+00:00,22.29
3318,2023-05-19 12:00:00+00:00,19.58
3319,2023-05-19 13:00:00+00:00,17.3
3320,2023-05-19 14:00:00+00:00,17.52
3321,2023-05-19 15:00:00+00:00,19.29
3322,2023-05-19 16:00:00+00:00,22.59
3323,2023-05-19 17:00:00+00:00,28.7
3324,2023-05-19 18:00:00+00:00,38.79
3325,2023-05-19 19:00:00+00:00,60.61
3326,2023-05-19 20:00:00+00:00,88.04
3327,2023-05-19 21:00:00+00:00,91.64
3328,2023-05-19 22:00:00+00:00,51.12
3329,2023-05-19 23:00:00+00:00,29.65
3330,2023-05-20 00:00:00+00:00,35.02
3331,2023-05-20 01:00:00+00:00,34.57
3332,2023-05-20 02:00:00+00:00,25.08
3333,2023-05-20 03:00:00+00:00,22.0
3334,2023-05-20 04:00:00+00:00,20.76
3335,2023-05-20 05:00:00+00:00,18.06
3336,2023-05-20 06:00:00+00:00,17.1
3337,2023-05-20 07:00:00+00:00,17.24
3338,2023-05-20 08:00:00+00:00,17.14
3339,2023-05-20 09:00:00+00:00,17.44
3340,2023-05-20 10:00:00+00:00,18.6
3341,2023-05-20 11:00:00+00:00,20.38
3342,2023-05-20 12:00:00+00:00,20.72
3343,2023-05-20 13:00:00+00:00,21.01
3344,2023-05-20 14:00:00+00:00,19.23
3345,2023-05-20 15:00:00+00:00,20.1
3346,2023-05-20 16:00:00+00:00,22.83
3347,2023-05-20 17:00:00+00:00,23.24
3348,2023-05-20 18:00:00+00:00,27.09
3349,2023-05-20 19:00:00+00:00,29.31
3350,2023-05-20 20:00:00+00:00,31.22
3351,2023-05-20 21:00:00+00:00,41.21
3352,2023-05-20 22:00:00+00:00,45.82
3353,2023-05-20 23:00:00+00:00,50.28
3354,2023-05-21 00:00:00+00:00,72.93
3355,2023-05-21 01:00:00+00:00,64.65
3356,2023-05-21 02:00:00+00:00,34.28
3357,2023-05-21 03:00:00+00:00,26.02
3358,2023-05-21 04:00:00+00:00,25.24
3359,2023-05-21 05:00:00+00:00,22.87
3360,2023-05-21 06:00:00+00:00,21.37
3361,2023-05-21 07:00:00+00:00,20.37
3362,2023-05-21 08:00:00+00:00,19.43
3363,2023-05-21 09:00:00+00:00,19.3
3364,2023-05-21 10:00:00+00:00,19.01
3365,2023-05-21 11:00:00+00:00,21.06
3366,2023-05-21 12:00:00+00:00,21.31
3367,2023-05-21 13:00:00+00:00,21.77
3368,2023-05-21 14:00:00+00:00,22.09
3369,2023-05-21 15:00:00+00:00,21.75
3370,2023-05-21 16:00:00+00:00,22.24
3371,2023-05-21 17:00:00+00:00,22.64
3372,2023-05-21 18:00:00+00:00,22.77
3373,2023-05-21 19:00:00+00:00,24.03
3374,2023-05-21 20:00:00+00:00,24.65
3375,2023-05-21 21:00:00+00:00,24.98
3376,2023-05-21 22:00:00+00:00,26.23
3377,2023-05-21 23:00:00+00:00,29.29
3378,2023-05-22 00:00:00+00:00,41.95
3379,2023-05-22 01:00:00+00:00,51.03
3380,2023-05-22 02:00:00+00:00,30.53
3381,2023-05-22 03:00:00+00:00,24.76
3382,2023-05-22 04:00:00+00:00,22.21
3383,2023-05-22 05:00:00+00:00,19.86
3384,2023-05-22 06:00:00+00:00,18.82
3385,2023-05-22 07:00:00+00:00,18.65
3386,2023-05-22 08:00:00+00:00,18.8
3387,2023-05-22 09:00:00+00:00,19.87
3388,2023-05-22 10:00:00+00:00,22.68
3389,2023-05-22 11:00:00+00:00,26.13
3390,2023-05-22 12:00:00+00:00,24.16
3391,2023-05-22 13:00:00+00:00,21.16
3392,2023-05-22 14:00:00+00:00,20.81
3393,2023-05-22 15:00:00+00:00,22.27
3394,2023-05-22 16:00:00+00:00,22.87
3395,2023-05-22 17:00:00+00:00,23.32
3396,2023-05-22 18:00:00+00:00,26.18
3397,2023-05-22 19:00:00+00:00,30.2
3398,2023-05-22 20:00:00+00:00,36.95
3399,2023-05-22 21:00:00+00:00,49.81
3400,2023-05-22 22:00:00+00:00,49.67
3401,2023-05-22 23:00:00+00:00,43.18
3402,2023-05-23 00:00:00+00:00,48.65
3403,2023-05-23 01:00:00+00:00,43.15
3404,2023-05-23 02:00:00+00:00,27.63
3405,2023-05-23 03:00:00+00:00,23.57
3406,2023-05-23 04:00:00+00:00,20.89
3407,2023-05-23 05:00:00+00:00,18.47
3408,2023-05-23 06:00:00+00:00,16.36
3409,2023-05-23 07:00:00+00:00,15.43
3410,2023-05-23 08:00:00+00:00,15.44
3411,2023-05-23 09:00:00+00:00,16.48
3412,2023-05-23 10:00:00+00:00,20.09
3413,2023-05-23 11:00:00+00:00,24.35
3414,2023-05-23 12:00:00+00:00,20.9
3415,2023-05-23 13:00:00+00:00,17.23
3416,2023-05-23 14:00:00+00:00,17.52
3417,2023-05-23 15:00:00+00:00,19.66
3418,2023-05-23 16:00:00+00:00,23.38
3419,2023-05-23 17:00:00+00:00,26.94
3420,2023-05-23 18:00:00+00:00,32.0
3421,2023-05-23 19:00:00+00:00,42.65
3422,2023-05-23 20:00:00+00:00,50.95
3423,2023-05-23 21:00:00+00:00,63.09
3424,2023-05-23 22:00:00+00:00,46.86
3425,2023-05-23 23:00:00+00:00,33.28
3426,2023-05-24 00:00:00+00:00,36.3
3427,2023-05-24 01:00:00+00:00,33.19
3428,2023-05-24 02:00:00+00:00,25.6
3429,2023-05-24 03:00:00+00:00,23.18
3430,2023-05-24 04:00:00+00:00,21.14
3431,2023-05-24 05:00:00+00:00,22.8
3432,2023-05-24 06:00:00+00:00,20.4
3433,2023-05-24 07:00:00+00:00,19.86
3434,2023-05-24 08:00:00+00:00,19.73
3435,2023-05-24 09:00:00+00:00,20.27
3436,2023-05-24 10:00:00+00:00,23.04
3437,2023-05-24 11:00:00+00:00,30.4
3438,2023-05-24 12:00:00+00:00,25.35
3439,2023-05-24 13:00:00+00:00,22.02
3440,2023-05-24 14:00:00+00:00,23.09
3441,2023-05-24 15:00:00+00:00,25.19
3442,2023-05-24 16:00:00+00:00,28.13
3443,2023-05-24 17:00:00+00:00,30.38
3444,2023-05-24 18:00:00+00:00,35.57
3445,2023-05-24 19:00:00+00:00,37.11
3446,2023-05-24 20:00:00+00:00,40.8
3447,2023-05-24 21:00:00+00:00,52.5
3448,2023-05-24 22:00:00+00:00,46.69
3449,2023-05-24 23:00:00+00:00,38.23
3450,2023-05-25 00:00:00+00:00,38.46
3451,2023-05-25 01:00:00+00:00,47.2
3452,2023-05-25 02:00:00+00:00,28.93
3453,2023-05-25 03:00:00+00:00,26.33
3454,2023-05-25 04:00:00+00:00,22.45
3455,2023-05-25 05:00:00+00:00,23.22
3456,2023-05-25 06:00:00+00:00,20.74
3457,2023-05-25 07:00:00+00:00,20.01
3458,2023-05-25 08:00:00+00:00,19.46
3459,2023-05-25 09:00:00+00:00,20.64
3460,2023-05-25 10:00:00+00:00,23.68
3461,2023-05-25 11:00:00+00:00,29.65
3462,2023-05-25 12:00:00+00:00,28.41
3463,2023-05-25 13:00:00+00:00,24.67
3464,2023-05-25 14:00:00+00:00,23.71
3465,2023-05-25 15:00:00+00:00,25.07
3466,2023-05-25 16:00:00+00:00,27.76
3467,2023-05-25 17:00:00+00:00,28.72
3468,2023-05-25 18:00:00+00:00,34.52
3469,2023-05-25 19:00:00+00:00,36.17
3470,2023-05-25 20:00:00+00:00,35.75
3471,2023-05-25 21:00:00+00:00,40.79
3472,2023-05-25 22:00:00+00:00,40.57
3473,2023-05-25 23:00:00+00:00,33.46
3474,2023-05-26 00:00:00+00:00,40.72
3475,2023-05-26 01:00:00+00:00,45.32
3476,2023-05-26 02:00:00+00:00,31.32
3477,2023-05-26 03:00:00+00:00,26.46
3478,2023-05-26 04:00:00+00:00,21.87
3479,2023-05-26 05:00:00+00:00,20.79
3480,2023-05-26 06:00:00+00:00,18.47
3481,2023-05-26 07:00:00+00:00,18.0
3482,2023-05-26 08:00:00+00:00,17.66
3483,2023-05-26 09:00:00+00:00,19.08
3484,2023-05-26 10:00:00+00:00,20.79
3485,2023-05-26 11:00:00+00:00,23.4
3486,2023-05-26 12:00:00+00:00,24.35
3487,2023-05-26 13:00:00+00:00,21.8
3488,2023-05-26 14:00:00+00:00,22.2
3489,2023-05-26 15:00:00+00:00,24.99
3490,2023-05-26 16:00:00+00:00,27.03
3491,2023-05-26 17:00:00+00:00,29.52
3492,2023-05-26 18:00:00+00:00,39.37
3493,2023-05-26 19:00:00+00:00,40.88
3494,2023-05-26 20:00:00+00:00,43.56
3495,2023-05-26 21:00:00+00:00,51.26
3496,2023-05-26 22:00:00+00:00,43.34
3497,2023-05-26 23:00:00+00:00,34.19
3498,2023-05-27 00:00:00+00:00,41.67
3499,2023-05-27 01:00:00+00:00,44.66
3500,2023-05-27 02:00:00+00:00,32.22
3501,2023-05-27 03:00:00+00:00,24.03
3502,2023-05-27 04:00:00+00:00,21.07
3503,2023-05-27 05:00:00+00:00,19.65
3504,2023-05-27 06:00:00+00:00,18.47
3505,2023-05-27 07:00:00+00:00,16.87
3506,2023-05-27 08:00:00+00:00,15.47
3507,2023-05-27 09:00:00+00:00,15.29
3508,2023-05-27 10:00:00+00:00,16.63
3509,2023-05-27 11:00:00+00:00,17.57
3510,2023-05-27 12:00:00+00:00,17.15
3511,2023-05-27 13:00:00+00:00,18.05
3512,2023-05-27 14:00:00+00:00,17.38
3513,2023-05-27 15:00:00+00:00,18.36
3514,2023-05-27 16:00:00+00:00,19.52
3515,2023-05-27 17:00:00+00:00,22.6
3516,2023-05-27 18:00:00+00:00,27.4
3517,2023-05-27 19:00:00+00:00,27.3
3518,2023-05-27 20:00:00+00:00,31.21
3519,2023-05-27 21:00:00+00:00,37.45
3520,2023-05-27 22:00:00+00:00,34.13
3521,2023-05-27 23:00:00+00:00,29.42
3522,2023-05-28 00:00:00+00:00,41.77
3523,2023-05-28 01:00:00+00:00,45.25
3524,2023-05-28 02:00:00+00:00,30.5
3525,2023-05-28 03:00:00+00:00,24.99
3526,2023-05-28 04:00:00+00:00,20.28
3527,2023-05-28 05:00:00+00:00,16.77
3528,2023-05-28 06:00:00+00:00,14.78
3529,2023-05-28 07:00:00+00:00,13.21
3530,2023-05-28 08:00:00+00:00,12.88
3531,2023-05-28 09:00:00+00:00,13.81
3532,2023-05-28 10:00:00+00:00,13.03
3533,2023-05-28 11:00:00+00:00,16.01
3534,2023-05-28 12:00:00+00:00,14.01
3535,2023-05-28 13:00:00+00:00,14.42
3536,2023-05-28 14:00:00+00:00,14.75
3537,2023-05-28 15:00:00+00:00,16.03
3538,2023-05-28 16:00:00+00:00,18.04
3539,2023-05-28 17:00:00+00:00,18.92
3540,2023-05-28 18:00:00+00:00,22.5
3541,2023-05-28 19:00:00+00:00,22.8
3542,2023-05-28 20:00:00+00:00,24.47
3543,2023-05-28 21:00:00+00:00,25.28
3544,2023-05-28 22:00:00+00:00,27.52
3545,2023-05-28 23:00:00+00:00,25.71
3546,2023-05-29 00:00:00+00:00,35.14
3547,2023-05-29 01:00:00+00:00,42.47
3548,2023-05-29 02:00:00+00:00,27.44
3549,2023-05-29 03:00:00+00:00,21.73
3550,2023-05-29 04:00:00+00:00,18.34
3551,2023-05-29 05:00:00+00:00,17.84
3552,2023-05-29 06:00:00+00:00,16.3
3553,2023-05-29 07:00:00+00:00,15.86
3554,2023-05-29 08:00:00+00:00,15.8
3555,2023-05-29 09:00:00+00:00,15.81
3556,2023-05-29 10:00:00+00:00,16.25
3557,2023-05-29 11:00:00+00:00,16.64
3558,2023-05-29 12:00:00+00:00,16.03
3559,2023-05-29 13:00:00+00:00,15.02
3560,2023-05-29 14:00:00+00:00,15.5
3561,2023-05-29 15:00:00+00:00,17.49
3562,2023-05-29 16:00:00+00:00,19.3
3563,2023-05-29 17:00:00+00:00,20.04
3564,2023-05-29 18:00:00+00:00,24.19
3565,2023-05-29 19:00:00+00:00,22.68
3566,2023-05-29 20:00:00+00:00,24.17
3567,2023-05-29 21:00:00+00:00,23.8
3568,2023-05-29 22:00:00+00:00,23.15
3569,2023-05-29 23:00:00+00:00,23.74
3570,2023-05-30 00:00:00+00:00,33.62
3571,2023-05-30 01:00:00+00:00,42.12
3572,2023-05-30 02:00:00+00:00,23.28
3573,2023-05-30 03:00:00+00:00,18.21
3574,2023-05-30 04:00:00+00:00,15.86
3575,2023-05-30 05:00:00+00:00,13.36
3576,2023-05-30 06:00:00+00:00,11.78
3577,2023-05-30 07:00:00+00:00,11.48
3578,2023-05-30 08:00:00+00:00,11.62
3579,2023-05-30 09:00:00+00:00,12.8
3580,2023-05-30 10:00:00+00:00,15.76
3581,2023-05-30 11:00:00+00:00,20.03
3582,2023-05-30 12:00:00+00:00,18.32
3583,2023-05-30 13:00:00+00:00,16.36
3584,2023-05-30 14:00:00+00:00,16.73
3585,2023-05-30 15:00:00+00:00,18.6
3586,2023-05-30 16:00:00+00:00,23.15
3587,2023-05-30 17:00:00+00:00,22.7
3588,2023-05-30 18:00:00+00:00,25.8
3589,2023-05-30 19:00:00+00:00,25.9
3590,2023-05-30 20:00:00+00:00,31.45
3591,2023-05-30 21:00:00+00:00,36.42
3592,2023-05-30 22:00:00+00:00,28.81
3593,2023-05-30 23:00:00+00:00,26.06
3594,2023-05-31 00:00:00+00:00,34.29
3595,2023-05-31 01:00:00+00:00,36.24
3596,2023-05-31 02:00:00+00:00,20.64
3597,2023-05-31 03:00:00+00:00,17.91
3598,2023-05-31 04:00:00+00:00,14.76
3599,2023-05-31 05:00:00+00:00,12.98
3600,2023-05-31 06:00:00+00:00,11.62
3601,2023-05-31 07:00:00+00:00,10.94
3602,2023-05-31 08:00:00+00:00,10.94
3603,2023-05-31 09:00:00+00:00,11.94
3604,2023-05-31 10:00:00+00:00,14.72
3605,2023-05-31 11:00:00+00:00,17.14
3606,2023-05-31 12:00:00+00:00,15.99
3607,2023-05-31 13:00:00+00:00,13.87
3608,2023-05-31 14:00:00+00:00,15.49
3609,2023-05-31 15:00:00+00:00,18.73
3610,2023-05-31 16:00:00+00:00,21.01
3611,2023-05-31 17:00:00+00:00,24.28
3612,2023-05-31 18:00:00+00:00,24.2
3613,2023-05-31 19:00:00+00:00,26.83
3614,2023-05-31 20:00:00+00:00,30.25
3615,2023-05-31 21:00:00+00:00,33.02
3616,2023-05-31 22:00:00+00:00,26.67
3617,2023-05-31 23:00:00+00:00,23.97
3618,2023-06-01 00:00:00+00:00,27.34
3619,2023-06-01 01:00:00+00:00,33.08
3620,2023-06-01 02:00:00+00:00,20.92
3621,2023-06-01 03:00:00+00:00,18.57
3622,2023-06-01 04:00:00+00:00,14.8
3623,2023-06-01 05:00:00+00:00,15.39
3624,2023-06-01 06:00:00+00:00,13.02
3625,2023-06-01 07:00:00+00:00,12.54
3626,2023-06-01 08:00:00+00:00,13.45
3627,2023-06-01 09:00:00+00:00,15.01
3628,2023-06-01 10:00:00+00:00,19.19
3629,2023-06-01 11:00:00+00:00,21.47
3630,2023-06-01 12:00:00+00:00,20.01
3631,2023-06-01 13:00:00+00:00,18.15
3632,2023-06-01 14:00:00+00:00,17.21
3633,2023-06-01 15:00:00+00:00,18.2
3634,2023-06-01 16:00:00+00:00,21.28
3635,2023-06-01 17:00:00+00:00,25.09
3636,2023-06-01 18:00:00+00:00,27.75
3637,2023-06-01 19:00:00+00:00,28.56
3638,2023-06-01 20:00:00+00:00,28.67
3639,2023-06-01 21:00:00+00:00,33.04
3640,2023-06-01 22:00:00+00:00,28.17
3641,2023-06-01 23:00:00+00:00,26.2
3642,2023-06-02 00:00:00+00:00,31.85
3643,2023-06-02 01:00:00+00:00,39.45
3644,2023-06-02 02:00:00+00:00,23.03
3645,2023-06-02 03:00:00+00:00,20.76
3646,2023-06-02 04:00:00+00:00,17.47
3647,2023-06-02 05:00:00+00:00,17.95
3648,2023-06-02 06:00:00+00:00,16.06
3649,2023-06-02 07:00:00+00:00,15.04
3650,2023-06-02 08:00:00+00:00,14.92
3651,2023-06-02 09:00:00+00:00,15.01
3652,2023-06-02 10:00:00+00:00,17.65
3653,2023-06-02 11:00:00+00:00,21.02
3654,2023-06-02 12:00:00+00:00,19.05
3655,2023-06-02 13:00:00+00:00,18.08
3656,2023-06-02 14:00:00+00:00,17.26
3657,2023-06-02 15:00:00+00:00,18.4
3658,2023-06-02 16:00:00+00:00,20.68
3659,2023-06-02 17:00:00+00:00,23.0
3660,2023-06-02 18:00:00+00:00,24.81
3661,2023-06-02 19:00:00+00:00,26.36
3662,2023-06-02 20:00:00+00:00,30.24
3663,2023-06-02 21:00:00+00:00,31.06
3664,2023-06-02 22:00:00+00:00,29.44
3665,2023-06-02 23:00:00+00:00,25.84
3666,2023-06-03 00:00:00+00:00,34.97
3667,2023-06-03 01:00:00+00:00,48.8
3668,2023-06-03 02:00:00+00:00,31.98
3669,2023-06-03 03:00:00+00:00,29.74
3670,2023-06-03 04:00:00+00:00,24.21
3671,2023-06-03 05:00:00+00:00,24.81
3672,2023-06-03 06:00:00+00:00,20.73
3673,2023-06-03 07:00:00+00:00,19.08
3674,2023-06-03 08:00:00+00:00,18.46
3675,2023-06-03 09:00:00+00:00,18.52
3676,2023-06-03 10:00:00+00:00,18.72
3677,2023-06-03 11:00:00+00:00,22.14
3678,2023-06-03 12:00:00+00:00,22.25
3679,2023-06-03 13:00:00+00:00,20.07
3680,2023-06-03 14:00:00+00:00,22.1
3681,2023-06-03 15:00:00+00:00,23.63
3682,2023-06-03 16:00:00+00:00,26.7
3683,2023-06-03 17:00:00+00:00,27.04
3684,2023-06-03 18:00:00+00:00,28.59
3685,2023-06-03 19:00:00+00:00,30.24
3686,2023-06-03 20:00:00+00:00,37.95
3687,2023-06-03 21:00:00+00:00,43.05
3688,2023-06-03 22:00:00+00:00,36.97
3689,2023-06-03 23:00:00+00:00,34.11
3690,2023-06-04 00:00:00+00:00,36.97
3691,2023-06-04 01:00:00+00:00,44.25
3692,2023-06-04 02:00:00+00:00,27.27
3693,2023-06-04 03:00:00+00:00,24.9
3694,2023-06-04 04:00:00+00:00,21.53
3695,2023-06-04 05:00:00+00:00,22.64
3696,2023-06-04 06:00:00+00:00,19.41
3697,2023-06-04 07:00:00+00:00,17.88
3698,2023-06-04 08:00:00+00:00,17.13
3699,2023-06-04 09:00:00+00:00,16.7
3700,2023-06-04 10:00:00+00:00,16.65
3701,2023-06-04 11:00:00+00:00,20.91
3702,2023-06-04 12:00:00+00:00,18.24
3703,2023-06-04 13:00:00+00:00,18.0
3704,2023-06-04 14:00:00+00:00,20.35
3705,2023-06-04 15:00:00+00:00,22.04
3706,2023-06-04 16:00:00+00:00,24.19
3707,2023-06-04 17:00:00+00:00,26.26
3708,2023-06-04 18:00:00+00:00,24.68
3709,2023-06-04 19:00:00+00:00,27.07
3710,2023-06-04 20:00:00+00:00,27.6
3711,2023-06-04 21:00:00+00:00,28.97
3712,2023-06-04 22:00:00+00:00,30.17
3713,2023-06-04 23:00:00+00:00,29.09
3714,2023-06-05 00:00:00+00:00,39.57
3715,2023-06-05 01:00:00+00:00,46.85
3716,2023-06-05 02:00:00+00:00,29.5
3717,2023-06-05 03:00:00+00:00,23.59
3718,2023-06-05 04:00:00+00:00,21.56
3719,2023-06-05 05:00:00+00:00,20.17
3720,2023-06-05 06:00:00+00:00,18.03
3721,2023-06-05 07:00:00+00:00,17.02
3722,2023-06-05 08:00:00+00:00,16.5
3723,2023-06-05 09:00:00+00:00,16.38
3724,2023-06-05 10:00:00+00:00,17.29
3725,2023-06-05 11:00:00+00:00,21.48
3726,2023-06-05 12:00:00+00:00,19.96
3727,2023-06-05 13:00:00+00:00,18.55
3728,2023-06-05 14:00:00+00:00,19.42
3729,2023-06-05 15:00:00+00:00,23.13
3730,2023-06-05 16:00:00+00:00,24.76
3731,2023-06-05 17:00:00+00:00,27.37
3732,2023-06-05 18:00:00+00:00,29.04
3733,2023-06-05 19:00:00+00:00,29.08
3734,2023-06-05 20:00:00+00:00,34.34
3735,2023-06-05 21:00:00+00:00,37.05
3736,2023-06-05 22:00:00+00:00,28.62
3737,2023-06-05 23:00:00+00:00,29.18
3738,2023-06-06 00:00:00+00:00,39.03
3739,2023-06-06 01:00:00+00:00,54.83
3740,2023-06-06 02:00:00+00:00,29.88
3741,2023-06-06 03:00:00+00:00,23.75
3742,2023-06-06 04:00:00+00:00,20.8
3743,2023-06-06 05:00:00+00:00,21.42
3744,2023-06-06 06:00:00+00:00,19.26
3745,2023-06-06 07:00:00+00:00,18.18
3746,2023-06-06 08:00:00+00:00,17.45
3747,2023-06-06 09:00:00+00:00,17.5
3748,2023-06-06 10:00:00+00:00,18.34
3749,2023-06-06 11:00:00+00:00,22.33
3750,2023-06-06 12:00:00+00:00,20.18
3751,2023-06-06 13:00:00+00:00,18.51
3752,2023-06-06 14:00:00+00:00,19.39
3753,2023-06-06 15:00:00+00:00,20.86
3754,2023-06-06 16:00:00+00:00,22.72
3755,2023-06-06 17:00:00+00:00,26.99
3756,2023-06-06 18:00:00+00:00,28.18
3757,2023-06-06 19:00:00+00:00,27.67
3758,2023-06-06 20:00:00+00:00,31.14
3759,2023-06-06 21:00:00+00:00,38.36
3760,2023-06-06 22:00:00+00:00,38.85
3761,2023-06-06 23:00:00+00:00,38.58
3762,2023-06-07 00:00:00+00:00,60.16
3763,2023-06-07 01:00:00+00:00,60.86
3764,2023-06-07 02:00:00+00:00,32.07
3765,2023-06-07 03:00:00+00:00,25.25
3766,2023-06-07 04:00:00+00:00,21.94
3767,2023-06-07 05:00:00+00:00,21.09
3768,2023-06-07 06:00:00+00:00,19.09
3769,2023-06-07 07:00:00+00:00,17.83
3770,2023-06-07 08:00:00+00:00,17.61
3771,2023-06-07 09:00:00+00:00,17.82
3772,2023-06-07 10:00:00+00:00,18.85
3773,2023-06-07 11:00:00+00:00,19.98
3774,2023-06-07 12:00:00+00:00,18.7
3775,2023-06-07 13:00:00+00:00,18.45
3776,2023-06-07 14:00:00+00:00,19.74
3777,2023-06-07 15:00:00+00:00,22.05
3778,2023-06-07 16:00:00+00:00,26.32
3779,2023-06-07 17:00:00+00:00,29.14
3780,2023-06-07 18:00:00+00:00,32.79
3781,2023-06-07 19:00:00+00:00,42.31
3782,2023-06-07 20:00:00+00:00,61.9
3783,2023-06-07 21:00:00+00:00,77.56
3784,2023-06-07 22:00:00+00:00,84.17
3785,2023-06-07 23:00:00+00:00,69.58
3786,2023-06-08 00:00:00+00:00,79.98
3787,2023-06-08 01:00:00+00:00,75.01
3788,2023-06-08 02:00:00+00:00,30.2
3789,2023-06-08 03:00:00+00:00,27.86
3790,2023-06-08 04:00:00+00:00,23.17
3791,2023-06-08 05:00:00+00:00,17.99
3792,2023-06-08 06:00:00+00:00,16.71
3793,2023-06-08 07:00:00+00:00,16.08
3794,2023-06-08 08:00:00+00:00,15.81
3795,2023-06-08 09:00:00+00:00,16.18
3796,2023-06-08 10:00:00+00:00,17.3
3797,2023-06-08 11:00:00+00:00,18.65
3798,2023-06-08 12:00:00+00:00,17.77
3799,2023-06-08 13:00:00+00:00,15.91
3800,2023-06-08 14:00:00+00:00,17.95
3801,2023-06-08 15:00:00+00:00,21.26
3802,2023-06-08 16:00:00+00:00,26.32
3803,2023-06-08 17:00:00+00:00,32.35
3804,2023-06-08 18:00:00+00:00,41.04
3805,2023-06-08 19:00:00+00:00,50.0
3806,2023-06-08 20:00:00+00:00,70.17
3807,2023-06-08 21:00:00+00:00,86.71
3808,2023-06-08 22:00:00+00:00,78.68
3809,2023-06-08 23:00:00+00:00,60.29
3810,2023-06-09 00:00:00+00:00,83.62
3811,2023-06-09 01:00:00+00:00,72.76
3812,2023-06-09 02:00:00+00:00,28.98
3813,2023-06-09 03:00:00+00:00,21.93
3814,2023-06-09 04:00:00+00:00,19.29
3815,2023-06-09 05:00:00+00:00,14.69
3816,2023-06-09 06:00:00+00:00,13.53
3817,2023-06-09 07:00:00+00:00,12.59
3818,2023-06-09 08:00:00+00:00,11.99
3819,2023-06-09 09:00:00+00:00,12.09
3820,2023-06-09 10:00:00+00:00,13.6
3821,2023-06-09 11:00:00+00:00,14.85
3822,2023-06-09 12:00:00+00:00,14.6
3823,2023-06-09 13:00:00+00:00,14.56
3824,2023-06-09 14:00:00+00:00,14.71
3825,2023-06-09 15:00:00+00:00,19.6
3826,2023-06-09 16:00:00+00:00,27.74
3827,2023-06-09 17:00:00+00:00,37.63
3828,2023-06-09 18:00:00+00:00,48.05
3829,2023-06-09 19:00:00+00:00,57.57
3830,2023-06-09 20:00:00+00:00,66.2
3831,2023-06-09 21:00:00+00:00,73.9
3832,2023-06-09 22:00:00+00:00,59.27
3833,2023-06-09 23:00:00+00:00,39.53
3834,2023-06-10 00:00:00+00:00,41.52
3835,2023-06-10 01:00:00+00:00,33.86
3836,2023-06-10 02:00:00+00:00,27.22
3837,2023-06-10 03:00:00+00:00,20.67
3838,2023-06-10 04:00:00+00:00,18.1
3839,2023-06-10 05:00:00+00:00,17.97
3840,2023-06-10 06:00:00+00:00,17.12
3841,2023-06-10 07:00:00+00:00,16.03
3842,2023-06-10 08:00:00+00:00,14.53
3843,2023-06-10 09:00:00+00:00,14.11
3844,2023-06-10 10:00:00+00:00,14.8
3845,2023-06-10 11:00:00+00:00,14.8
3846,2023-06-10 12:00:00+00:00,13.92
3847,2023-06-10 13:00:00+00:00,12.96
3848,2023-06-10 14:00:00+00:00,14.05
3849,2023-06-10 15:00:00+00:00,16.97
3850,2023-06-10 16:00:00+00:00,20.77
3851,2023-06-10 17:00:00+00:00,24.31
3852,2023-06-10 18:00:00+00:00,26.4
3853,2023-06-10 19:00:00+00:00,29.86
3854,2023-06-10 20:00:00+00:00,34.02
3855,2023-06-10 21:00:00+00:00,34.08
3856,2023-06-10 22:00:00+00:00,28.14
3857,2023-06-10 23:00:00+00:00,29.28
3858,2023-06-11 00:00:00+00:00,36.55
3859,2023-06-11 01:00:00+00:00,40.4
3860,2023-06-11 02:00:00+00:00,28.39
3861,2023-06-11 03:00:00+00:00,22.4
3862,2023-06-11 04:00:00+00:00,19.17
3863,2023-06-11 05:00:00+00:00,18.1
3864,2023-06-11 06:00:00+00:00,17.04
3865,2023-06-11 07:00:00+00:00,16.05
3866,2023-06-11 08:00:00+00:00,15.04
3867,2023-06-11 09:00:00+00:00,13.88
3868,2023-06-11 10:00:00+00:00,13.05
3869,2023-06-11 11:00:00+00:00,12.2
3870,2023-06-11 12:00:00+00:00,11.02
3871,2023-06-11 13:00:00+00:00,10.27
3872,2023-06-11 14:00:00+00:00,11.36
3873,2023-06-11 15:00:00+00:00,14.2
3874,2023-06-11 16:00:00+00:00,19.5
3875,2023-06-11 17:00:00+00:00,25.08
3876,2023-06-11 18:00:00+00:00,37.56
3877,2023-06-11 19:00:00+00:00,57.6
3878,2023-06-11 20:00:00+00:00,82.35
3879,2023-06-11 21:00:00+00:00,89.7
3880,2023-06-11 22:00:00+00:00,72.54
3881,2023-06-11 23:00:00+00:00,45.11
3882,2023-06-12 00:00:00+00:00,47.14
3883,2023-06-12 01:00:00+00:00,35.91
3884,2023-06-12 02:00:00+00:00,26.22
3885,2023-06-12 03:00:00+00:00,21.55
3886,2023-06-12 04:00:00+00:00,18.56
3887,2023-06-12 05:00:00+00:00,17.86
3888,2023-06-12 06:00:00+00:00,16.71
3889,2023-06-12 07:00:00+00:00,14.94
3890,2023-06-12 08:00:00+00:00,13.59
3891,2023-06-12 09:00:00+00:00,14.39
3892,2023-06-12 10:00:00+00:00,16.56
3893,2023-06-12 11:00:00+00:00,16.48
3894,2023-06-12 12:00:00+00:00,15.57
3895,2023-06-12 13:00:00+00:00,13.68
3896,2023-06-12 14:00:00+00:00,14.35
3897,2023-06-12 15:00:00+00:00,17.97
3898,2023-06-12 16:00:00+00:00,22.5
3899,2023-06-12 17:00:00+00:00,26.5
3900,2023-06-12 18:00:00+00:00,36.08
3901,2023-06-12 19:00:00+00:00,45.52
3902,2023-06-12 20:00:00+00:00,60.49
3903,2023-06-12 21:00:00+00:00,49.27
3904,2023-06-12 22:00:00+00:00,41.7
3905,2023-06-12 23:00:00+00:00,32.16
3906,2023-06-13 00:00:00+00:00,40.96
3907,2023-06-13 01:00:00+00:00,49.39
3908,2023-06-13 02:00:00+00:00,36.4
3909,2023-06-13 03:00:00+00:00,24.94
3910,2023-06-13 04:00:00+00:00,22.09
3911,2023-06-13 05:00:00+00:00,19.8
3912,2023-06-13 06:00:00+00:00,18.65
3913,2023-06-13 07:00:00+00:00,17.73
3914,2023-06-13 08:00:00+00:00,17.14
3915,2023-06-13 09:00:00+00:00,17.01
3916,2023-06-13 10:00:00+00:00,17.85
3917,2023-06-13 11:00:00+00:00,18.3
3918,2023-06-13 12:00:00+00:00,17.25
3919,2023-06-13 13:00:00+00:00,16.97
3920,2023-06-13 14:00:00+00:00,17.45
3921,2023-06-13 15:00:00+00:00,19.87
3922,2023-06-13 16:00:00+00:00,27.4
3923,2023-06-13 17:00:00+00:00,30.69
3924,2023-06-13 18:00:00+00:00,39.85
3925,2023-06-13 19:00:00+00:00,46.69
3926,2023-06-13 20:00:00+00:00,59.97
3927,2023-06-13 21:00:00+00:00,59.47
3928,2023-06-13 22:00:00+00:00,50.37
3929,2023-06-13 23:00:00+00:00,38.11
3930,2023-06-14 00:00:00+00:00,41.77
3931,2023-06-14 01:00:00+00:00,42.71
3932,2023-06-14 02:00:00+00:00,25.8
3933,2023-06-14 03:00:00+00:00,22.1
3934,2023-06-14 04:00:00+00:00,18.83
3935,2023-06-14 05:00:00+00:00,20.17
3936,2023-06-14 06:00:00+00:00,18.51
3937,2023-06-14 07:00:00+00:00,18.0
3938,2023-06-14 08:00:00+00:00,17.59
3939,2023-06-14 09:00:00+00:00,17.97
3940,2023-06-14 10:00:00+00:00,18.91
3941,2023-06-14 11:00:00+00:00,20.29
3942,2023-06-14 12:00:00+00:00,19.11
3943,2023-06-14 13:00:00+00:00,17.06
3944,2023-06-14 14:00:00+00:00,18.3
3945,2023-06-14 15:00:00+00:00,19.83
3946,2023-06-14 16:00:00+00:00,24.71
3947,2023-06-14 17:00:00+00:00,30.51
3948,2023-06-14 18:00:00+00:00,42.16
3949,2023-06-14 19:00:00+00:00,62.46
3950,2023-06-14 20:00:00+00:00,82.24
3951,2023-06-14 21:00:00+00:00,92.2
3952,2023-06-14 22:00:00+00:00,95.66
3953,2023-06-14 23:00:00+00:00,74.99
3954,2023-06-15 00:00:00+00:00,101.66
3955,2023-06-15 01:00:00+00:00,69.06
3956,2023-06-15 02:00:00+00:00,31.1
3957,2023-06-15 03:00:00+00:00,25.22
3958,2023-06-15 04:00:00+00:00,23.88
3959,2023-06-15 05:00:00+00:00,19.69
3960,2023-06-15 06:00:00+00:00,18.19
3961,2023-06-15 07:00:00+00:00,17.1
3962,2023-06-15 08:00:00+00:00,15.87
3963,2023-06-15 09:00:00+00:00,15.33
3964,2023-06-15 10:00:00+00:00,16.8
3965,2023-06-15 11:00:00+00:00,16.76
3966,2023-06-15 12:00:00+00:00,16.57
3967,2023-06-15 13:00:00+00:00,15.57
3968,2023-06-15 14:00:00+00:00,18.56
3969,2023-06-15 15:00:00+00:00,21.81
3970,2023-06-15 16:00:00+00:00,25.99
3971,2023-06-15 17:00:00+00:00,33.46
3972,2023-06-15 18:00:00+00:00,42.69
3973,2023-06-15 19:00:00+00:00,60.2
3974,2023-06-15 20:00:00+00:00,72.64
3975,2023-06-15 21:00:00+00:00,70.96
3976,2023-06-15 22:00:00+00:00,58.25
3977,2023-06-15 23:00:00+00:00,46.13
3978,2023-06-16 00:00:00+00:00,42.96
3979,2023-06-16 01:00:00+00:00,47.86
3980,2023-06-16 02:00:00+00:00,29.88
3981,2023-06-16 03:00:00+00:00,24.7
3982,2023-06-16 04:00:00+00:00,20.2
3983,2023-06-16 05:00:00+00:00,18.62
3984,2023-06-16 06:00:00+00:00,17.27
3985,2023-06-16 07:00:00+00:00,15.79
3986,2023-06-16 08:00:00+00:00,15.18
3987,2023-06-16 09:00:00+00:00,15.58
3988,2023-06-16 10:00:00+00:00,16.83
3989,2023-06-16 11:00:00+00:00,20.02
3990,2023-06-16 12:00:00+00:00,19.24
3991,2023-06-16 13:00:00+00:00,18.52
3992,2023-06-16 14:00:00+00:00,21.3
3993,2023-06-16 15:00:00+00:00,27.18
3994,2023-06-16 16:00:00+00:00,30.97
3995,2023-06-16 17:00:00+00:00,33.54
3996,2023-06-16 18:00:00+00:00,60.86
3997,2023-06-16 19:00:00+00:00,116.5
3998,2023-06-16 20:00:00+00:00,210.96
3999,2023-06-16 21:00:00+00:00,219.0
4000,2023-06-16 22:00:00+00:00,189.19
4001,2023-06-16 23:00:00+00:00,145.4
4002,2023-06-17 00:00:00+00:00,160.22
4003,2023-06-17 01:00:00+00:00,136.26
4004,2023-06-17 02:00:00+00:00,38.29
4005,2023-06-17 03:00:00+00:00,27.92
4006,2023-06-17 04:00:00+00:00,25.06
4007,2023-06-17 05:00:00+00:00,24.63
4008,2023-06-17 06:00:00+00:00,21.02
4009,2023-06-17 07:00:00+00:00,19.64
4010,2023-06-17 08:00:00+00:00,19.44
4011,2023-06-17 09:00:00+00:00,18.78
4012,2023-06-17 10:00:00+00:00,18.82
4013,2023-06-17 11:00:00+00:00,20.09
4014,2023-06-17 12:00:00+00:00,19.4
4015,2023-06-17 13:00:00+00:00,19.28
4016,2023-06-17 14:00:00+00:00,22.14
4017,2023-06-17 15:00:00+00:00,25.46
4018,2023-06-17 16:00:00+00:00,28.89
4019,2023-06-17 17:00:00+00:00,34.97
4020,2023-06-17 18:00:00+00:00,52.69
4021,2023-06-17 19:00:00+00:00,69.81
4022,2023-06-17 20:00:00+00:00,85.06
4023,2023-06-17 21:00:00+00:00,86.44
4024,2023-06-17 22:00:00+00:00,66.54
4025,2023-06-17 23:00:00+00:00,51.77
4026,2023-06-18 00:00:00+00:00,50.02
4027,2023-06-18 01:00:00+00:00,48.73
4028,2023-06-18 02:00:00+00:00,30.6
4029,2023-06-18 03:00:00+00:00,26.04
4030,2023-06-18 04:00:00+00:00,22.75
4031,2023-06-18 05:00:00+00:00,18.95
4032,2023-06-18 06:00:00+00:00,17.32
4033,2023-06-18 07:00:00+00:00,16.44
4034,2023-06-18 08:00:00+00:00,15.43
4035,2023-06-18 09:00:00+00:00,16.42
4036,2023-06-18 10:00:00+00:00,17.24
4037,2023-06-18 11:00:00+00:00,15.76
4038,2023-06-18 12:00:00+00:00,14.97
4039,2023-06-18 13:00:00+00:00,14.36
4040,2023-06-18 14:00:00+00:00,17.15
4041,2023-06-18 15:00:00+00:00,19.87
4042,2023-06-18 16:00:00+00:00,22.25
4043,2023-06-18 17:00:00+00:00,32.76
4044,2023-06-18 18:00:00+00:00,55.75
4045,2023-06-18 19:00:00+00:00,113.49
4046,2023-06-18 20:00:00+00:00,214.36
4047,2023-06-18 21:00:00+00:00,314.04
4048,2023-06-18 22:00:00+00:00,407.13
4049,2023-06-18 23:00:00+00:00,300.0
4050,2023-06-19 00:00:00+00:00,316.91
4051,2023-06-19 01:00:00+00:00,226.48
4052,2023-06-19 02:00:00+00:00,46.81
4053,2023-06-19 03:00:00+00:00,30.14
4054,2023-06-19 04:00:00+00:00,21.82
4055,2023-06-19 05:00:00+00:00,20.69
4056,2023-06-19 06:00:00+00:00,18.37
4057,2023-06-19 07:00:00+00:00,16.76
4058,2023-06-19 08:00:00+00:00,14.9
4059,2023-06-19 09:00:00+00:00,14.46
4060,2023-06-19 10:00:00+00:00,15.0
4061,2023-06-19 11:00:00+00:00,14.63
4062,2023-06-19 12:00:00+00:00,14.81
4063,2023-06-19 13:00:00+00:00,14.37
4064,2023-06-19 14:00:00+00:00,17.96
4065,2023-06-19 15:00:00+00:00,22.55
4066,2023-06-19 16:00:00+00:00,27.81
4067,2023-06-19 17:00:00+00:00,41.26
4068,2023-06-19 18:00:00+00:00,97.32
4069,2023-06-19 19:00:00+00:00,260.5
4070,2023-06-19 20:00:00+00:00,421.16
4071,2023-06-19 21:00:00+00:00,556.87
4072,2023-06-19 22:00:00+00:00,465.28
4073,2023-06-19 23:00:00+00:00,338.09
4074,2023-06-20 00:00:00+00:00,350.0
4075,2023-06-20 01:00:00+00:00,262.06
4076,2023-06-20 02:00:00+00:00,69.13
4077,2023-06-20 03:00:00+00:00,38.52
4078,2023-06-20 04:00:00+00:00,28.28
4079,2023-06-20 05:00:00+00:00,20.65
4080,2023-06-20 06:00:00+00:00,18.3
4081,2023-06-20 07:00:00+00:00,17.1
4082,2023-06-20 08:00:00+00:00,16.73
4083,2023-06-20 09:00:00+00:00,16.9
4084,2023-06-20 10:00:00+00:00,17.73
4085,2023-06-20 11:00:00+00:00,17.08
4086,2023-06-20 12:00:00+00:00,16.53
4087,2023-06-20 13:00:00+00:00,16.42
4088,2023-06-20 14:00:00+00:00,19.94
4089,2023-06-20 15:00:00+00:00,25.34
4090,2023-06-20 16:00:00+00:00,30.13
4091,2023-06-20 17:00:00+00:00,53.1
4092,2023-06-20 18:00:00+00:00,180.27
4093,2023-06-20 19:00:00+00:00,478.05
4094,2023-06-20 20:00:00+00:00,1943.88
4095,2023-06-20 21:00:00+00:00,2501.0
4096,2023-06-20 22:00:00+00:00,2497.4
4097,2023-06-20 23:00:00+00:00,2029.27
4098,2023-06-21 00:00:00+00:00,1965.26
4099,2023-06-21 01:00:00+00:00,921.77
4100,2023-06-21 02:00:00+00:00,151.83
4101,2023-06-21 03:00:00+00:00,44.28
4102,2023-06-21 04:00:00+00:00,26.64
4103,2023-06-21 05:00:00+00:00,23.43
4104,2023-06-21 06:00:00+00:00,21.93
4105,2023-06-21 07:00:00+00:00,19.9
4106,2023-06-21 08:00:00+00:00,19.42
4107,2023-06-21 09:00:00+00:00,19.6
4108,2023-06-21 10:00:00+00:00,20.0
4109,2023-06-21 11:00:00+00:00,18.97
4110,2023-06-21 12:00:00+00:00,18.93
4111,2023-06-21 13:00:00+00:00,19.21
4112,2023-06-21 14:00:00+00:00,24.14
4113,2023-06-21 15:00:00+00:00,28.06
4114,2023-06-21 16:00:00+00:00,41.37
4115,2023-06-21 17:00:00+00:00,103.03
4116,2023-06-21 18:00:00+00:00,256.01
4117,2023-06-21 19:00:00+00:00,500.0
4118,2023-06-21 20:00:00+00:00,903.27
4119,2023-06-21 21:00:00+00:00,999.17
4120,2023-06-21 22:00:00+00:00,708.67
4121,2023-06-21 23:00:00+00:00,383.26
4122,2023-06-22 00:00:00+00:00,203.34
4123,2023-06-22 01:00:00+00:00,91.41
4124,2023-06-22 02:00:00+00:00,40.49
4125,2023-06-22 03:00:00+00:00,31.96
4126,2023-06-22 04:00:00+00:00,25.85
4127,2023-06-22 05:00:00+00:00,24.44
4128,2023-06-22 06:00:00+00:00,22.21
4129,2023-06-22 07:00:00+00:00,21.22
4130,2023-06-22 08:00:00+00:00,20.93
4131,2023-06-22 09:00:00+00:00,21.34
4132,2023-06-22 10:00:00+00:00,23.26
4133,2023-06-22 11:00:00+00:00,23.49
4134,2023-06-22 12:00:00+00:00,22.53
4135,2023-06-22 13:00:00+00:00,21.52
4136,2023-06-22 14:00:00+00:00,23.55
4137,2023-06-22 15:00:00+00:00,29.29
4138,2023-06-22 16:00:00+00:00,43.8
4139,2023-06-22 17:00:00+00:00,65.11
4140,2023-06-22 18:00:00+00:00,88.27
4141,2023-06-22 19:00:00+00:00,86.3
4142,2023-06-22 20:00:00+00:00,114.46
4143,2023-06-22 21:00:00+00:00,101.52
4144,2023-06-22 22:00:00+00:00,82.35
4145,2023-06-22 23:00:00+00:00,53.32
4146,2023-06-23 00:00:00+00:00,48.23
4147,2023-06-23 01:00:00+00:00,49.53
4148,2023-06-23 02:00:00+00:00,32.35
4149,2023-06-23 03:00:00+00:00,25.14
4150,2023-06-23 04:00:00+00:00,24.81
4151,2023-06-23 05:00:00+00:00,23.96
4152,2023-06-23 06:00:00+00:00,20.38
4153,2023-06-23 07:00:00+00:00,19.01
4154,2023-06-23 08:00:00+00:00,18.88
4155,2023-06-23 09:00:00+00:00,19.35
4156,2023-06-23 10:00:00+00:00,21.18
4157,2023-06-23 11:00:00+00:00,22.26
4158,2023-06-23 12:00:00+00:00,21.92
4159,2023-06-23 13:00:00+00:00,20.57
4160,2023-06-23 14:00:00+00:00,22.68
4161,2023-06-23 15:00:00+00:00,32.37
4162,2023-06-23 16:00:00+00:00,45.1
4163,2023-06-23 17:00:00+00:00,57.4
4164,2023-06-23 18:00:00+00:00,65.94
4165,2023-06-23 19:00:00+00:00,72.8
4166,2023-06-23 20:00:00+00:00,93.4
4167,2023-06-23 21:00:00+00:00,94.2
4168,2023-06-23 22:00:00+00:00,64.82
4169,2023-06-23 23:00:00+00:00,49.2
4170,2023-06-24 00:00:00+00:00,47.91
4171,2023-06-24 01:00:00+00:00,39.83
4172,2023-06-24 02:00:00+00:00,32.24
4173,2023-06-24 03:00:00+00:00,26.77
4174,2023-06-24 04:00:00+00:00,24.37
4175,2023-06-24 05:00:00+00:00,20.32
4176,2023-06-24 06:00:00+00:00,17.91
4177,2023-06-24 07:00:00+00:00,16.78
4178,2023-06-24 08:00:00+00:00,15.4
4179,2023-06-24 09:00:00+00:00,13.97
4180,2023-06-24 10:00:00+00:00,15.05
4181,2023-06-24 11:00:00+00:00,16.62
4182,2023-06-24 12:00:00+00:00,16.17
4183,2023-06-24 13:00:00+00:00,16.23
4184,2023-06-24 14:00:00+00:00,18.16
4185,2023-06-24 15:00:00+00:00,26.86
4186,2023-06-24 16:00:00+00:00,36.88
4187,2023-06-24 17:00:00+00:00,38.65
4188,2023-06-24 18:00:00+00:00,47.22
4189,2023-06-24 19:00:00+00:00,70.66
4190,2023-06-24 20:00:00+00:00,118.9
4191,2023-06-24 21:00:00+00:00,168.96
4192,2023-06-24 22:00:00+00:00,124.74
4193,2023-06-24 23:00:00+00:00,105.19
4194,2023-06-25 00:00:00+00:00,102.82
4195,2023-06-25 01:00:00+00:00,71.6
4196,2023-06-25 02:00:00+00:00,33.6
4197,2023-06-25 03:00:00+00:00,27.63
4198,2023-06-25 04:00:00+00:00,24.18
4199,2023-06-25 05:00:00+00:00,18.77
4200,2023-06-25 06:00:00+00:00,16.46
4201,2023-06-25 07:00:00+00:00,15.97
4202,2023-06-25 08:00:00+00:00,15.0
4203,2023-06-25 09:00:00+00:00,14.3
4204,2023-06-25 10:00:00+00:00,14.1
4205,2023-06-25 11:00:00+00:00,11.78
4206,2023-06-25 12:00:00+00:00,11.78
4207,2023-06-25 13:00:00+00:00,12.31
4208,2023-06-25 14:00:00+00:00,15.58
4209,2023-06-25 15:00:00+00:00,19.05
4210,2023-06-25 16:00:00+00:00,25.99
4211,2023-06-25 17:00:00+00:00,31.64
4212,2023-06-25 18:00:00+00:00,71.12
4213,2023-06-25 19:00:00+00:00,213.55
4214,2023-06-25 20:00:00+00:00,364.29
4215,2023-06-25 21:00:00+00:00,519.03
4216,2023-06-25 22:00:00+00:00,455.17
4217,2023-06-25 23:00:00+00:00,354.81
4218,2023-06-26 00:00:00+00:00,240.14
4219,2023-06-26 01:00:00+00:00,210.75
4220,2023-06-26 02:00:00+00:00,51.11
4221,2023-06-26 03:00:00+00:00,30.25
4222,2023-06-26 04:00:00+00:00,26.15
4223,2023-06-26 05:00:00+00:00,22.19
4224,2023-06-26 06:00:00+00:00,19.05
4225,2023-06-26 07:00:00+00:00,17.74
4226,2023-06-26 08:00:00+00:00,17.16
4227,2023-06-26 09:00:00+00:00,17.12
4228,2023-06-26 10:00:00+00:00,17.81
4229,2023-06-26 11:00:00+00:00,15.52
4230,2023-06-26 12:00:00+00:00,15.95
4231,2023-06-26 13:00:00+00:00,16.23
4232,2023-06-26 14:00:00+00:00,20.16
4233,2023-06-26 15:00:00+00:00,27.83
4234,2023-06-26 16:00:00+00:00,40.16
4235,2023-06-26 17:00:00+00:00,120.18
4236,2023-06-26 18:00:00+00:00,550.86
4237,2023-06-26 19:00:00+00:00,999.02
4238,2023-06-26 20:00:00+00:00,1786.24
4239,2023-06-26 21:00:00+00:00,1364.3
4240,2023-06-26 22:00:00+00:00,1109.74
4241,2023-06-26 23:00:00+00:00,757.9
4242,2023-06-27 00:00:00+00:00,533.78
4243,2023-06-27 01:00:00+00:00,199.14
4244,2023-06-27 02:00:00+00:00,41.16
4245,2023-06-27 03:00:00+00:00,27.38
4246,2023-06-27 04:00:00+00:00,22.98
4247,2023-06-27 05:00:00+00:00,18.26
4248,2023-06-27 06:00:00+00:00,17.8
4249,2023-06-27 07:00:00+00:00,16.62
4250,2023-06-27 08:00:00+00:00,17.43
4251,2023-06-27 09:00:00+00:00,17.16
4252,2023-06-27 10:00:00+00:00,17.55
4253,2023-06-27 11:00:00+00:00,17.81
4254,2023-06-27 12:00:00+00:00,18.42
4255,2023-06-27 13:00:00+00:00,20.76
4256,2023-06-27 14:00:00+00:00,23.1
4257,2023-06-27 15:00:00+00:00,28.03
4258,2023-06-27 16:00:00+00:00,42.7
4259,2023-06-27 17:00:00+00:00,65.77
4260,2023-06-27 18:00:00+00:00,89.0
4261,2023-06-27 19:00:00+00:00,118.26
4262,2023-06-27 20:00:00+00:00,147.84
4263,2023-06-27 21:00:00+00:00,147.52
4264,2023-06-27 22:00:00+00:00,104.96
4265,2023-06-27 23:00:00+00:00,94.18
4266,2023-06-28 00:00:00+00:00,95.33
4267,2023-06-28 01:00:00+00:00,72.9
4268,2023-06-28 02:00:00+00:00,34.59
4269,2023-06-28 03:00:00+00:00,27.94
4270,2023-06-28 04:00:00+00:00,22.04
4271,2023-06-28 05:00:00+00:00,22.35
4272,2023-06-28 06:00:00+00:00,17.88
4273,2023-06-28 07:00:00+00:00,16.61
4274,2023-06-28 08:00:00+00:00,16.24
4275,2023-06-28 09:00:00+00:00,15.7
4276,2023-06-28 10:00:00+00:00,16.52
4277,2023-06-28 11:00:00+00:00,17.31
4278,2023-06-28 12:00:00+00:00,17.56
4279,2023-06-28 13:00:00+00:00,19.24
4280,2023-06-28 14:00:00+00:00,26.26
4281,2023-06-28 15:00:00+00:00,32.61
4282,2023-06-28 16:00:00+00:00,37.2
4283,2023-06-28 17:00:00+00:00,47.13
4284,2023-06-28 18:00:00+00:00,62.88
4285,2023-06-28 19:00:00+00:00,87.79
4286,2023-06-28 20:00:00+00:00,104.24
4287,2023-06-28 21:00:00+00:00,115.68
4288,2023-06-28 22:00:00+00:00,99.3
4289,2023-06-28 23:00:00+00:00,80.97
4290,2023-06-29 00:00:00+00:00,66.28
4291,2023-06-29 01:00:00+00:00,58.83
4292,2023-06-29 02:00:00+00:00,31.54
4293,2023-06-29 03:00:00+00:00,28.68
4294,2023-06-29 04:00:00+00:00,22.42
4295,2023-06-29 05:00:00+00:00,23.02
4296,2023-06-29 06:00:00+00:00,18.43
4297,2023-06-29 07:00:00+00:00,17.06
4298,2023-06-29 08:00:00+00:00,17.06
4299,2023-06-29 09:00:00+00:00,17.33
4300,2023-06-29 10:00:00+00:00,18.29
4301,2023-06-29 11:00:00+00:00,17.46
4302,2023-06-29 12:00:00+00:00,17.89
4303,2023-06-29 13:00:00+00:00,17.9
4304,2023-06-29 14:00:00+00:00,20.36
4305,2023-06-29 15:00:00+00:00,28.56
4306,2023-06-29 16:00:00+00:00,36.94
4307,2023-06-29 17:00:00+00:00,45.71
4308,2023-06-29 18:00:00+00:00,48.91
4309,2023-06-29 19:00:00+00:00,58.79
4310,2023-06-29 20:00:00+00:00,69.54
4311,2023-06-29 21:00:00+00:00,74.04
4312,2023-06-29 22:00:00+00:00,68.41
4313,2023-06-29 23:00:00+00:00,54.07
4314,2023-06-30 00:00:00+00:00,50.45
4315,2023-06-30 01:00:00+00:00,52.96
4316,2023-06-30 02:00:00+00:00,33.86
4317,2023-06-30 03:00:00+00:00,29.86
4318,2023-06-30 04:00:00+00:00,25.22
4319,2023-06-30 05:00:00+00:00,23.76
4320,2023-06-30 06:00:00+00:00,20.8
4321,2023-06-30 07:00:00+00:00,18.67
4322,2023-06-30 08:00:00+00:00,17.83
4323,2023-06-30 09:00:00+00:00,17.94
4324,2023-06-30 10:00:00+00:00,19.14
4325,2023-06-30 11:00:00+00:00,19.21
4326,2023-06-30 12:00:00+00:00,19.31
4327,2023-06-30 13:00:00+00:00,18.27
4328,2023-06-30 14:00:00+00:00,20.59
4329,2023-06-30 15:00:00+00:00,26.52
4330,2023-06-30 16:00:00+00:00,38.04
4331,2023-06-30 17:00:00+00:00,47.46
4332,2023-06-30 18:00:00+00:00,42.11
4333,2023-06-30 19:00:00+00:00,59.72
4334,2023-06-30 20:00:00+00:00,64.9
4335,2023-06-30 21:00:00+00:00,74.28
4336,2023-06-30 22:00:00+00:00,69.15
4337,2023-06-30 23:00:00+00:00,61.66
4338,2023-07-01 00:00:00+00:00,72.11
4339,2023-07-01 01:00:00+00:00,66.83
4340,2023-07-01 02:00:00+00:00,36.86
4341,2023-07-01 03:00:00+00:00,34.42
4342,2023-07-01 04:00:00+00:00,26.5
4343,2023-07-01 05:00:00+00:00,23.47
4344,2023-07-01 06:00:00+00:00,20.26
4345,2023-07-01 07:00:00+00:00,18.12
4346,2023-07-01 08:00:00+00:00,16.96
4347,2023-07-01 09:00:00+00:00,16.05
4348,2023-07-01 10:00:00+00:00,15.75
4349,2023-07-01 11:00:00+00:00,17.27
4350,2023-07-01 12:00:00+00:00,17.26
4351,2023-07-01 13:00:00+00:00,18.33
4352,2023-07-01 14:00:00+00:00,18.78
4353,2023-07-01 15:00:00+00:00,22.39
4354,2023-07-01 16:00:00+00:00,29.47
4355,2023-07-01 17:00:00+00:00,35.88
4356,2023-07-01 18:00:00+00:00,42.4
4357,2023-07-01 19:00:00+00:00,65.06
4358,2023-07-01 20:00:00+00:00,102.59
4359,2023-07-01 21:00:00+00:00,150.22
4360,2023-07-01 22:00:00+00:00,147.33
4361,2023-07-01 23:00:00+00:00,112.64
4362,2023-07-02 00:00:00+00:00,107.67
4363,2023-07-02 01:00:00+00:00,100.25
4364,2023-07-02 02:00:00+00:00,49.74
4365,2023-07-02 03:00:00+00:00,35.47
4366,2023-07-02 04:00:00+00:00,31.83
4367,2023-07-02 05:00:00+00:00,30.33
4368,2023-07-02 06:00:00+00:00,27.54
4369,2023-07-02 07:00:00+00:00,25.24
4370,2023-07-02 08:00:00+00:00,23.83
4371,2023-07-02 09:00:00+00:00,22.27
4372,2023-07-02 10:00:00+00:00,21.95
4373,2023-07-02 11:00:00+00:00,17.64
4374,2023-07-02 12:00:00+00:00,17.92
4375,2023-07-02 13:00:00+00:00,17.94
4376,2023-07-02 14:00:00+00:00,19.01
4377,2023-07-02 15:00:00+00:00,23.18
4378,2023-07-02 16:00:00+00:00,28.99
4379,2023-07-02 17:00:00+00:00,35.17
4380,2023-07-02 18:00:00+00:00,64.04
4381,2023-07-02 19:00:00+00:00,150.01
4382,2023-07-02 20:00:00+00:00,236.52
4383,2023-07-02 21:00:00+00:00,287.0
4384,2023-07-02 22:00:00+00:00,260.3
4385,2023-07-02 23:00:00+00:00,159.66
4386,2023-07-03 00:00:00+00:00,151.63
4387,2023-07-03 01:00:00+00:00,128.82
4388,2023-07-03 02:00:00+00:00,60.28
4389,2023-07-03 03:00:00+00:00,36.74
4390,2023-07-03 04:00:00+00:00,30.84
4391,2023-07-03 05:00:00+00:00,24.97
4392,2023-07-03 06:00:00+00:00,22.36
4393,2023-07-03 07:00:00+00:00,20.97
4394,2023-07-03 08:00:00+00:00,20.36
4395,2023-07-03 09:00:00+00:00,20.51
4396,2023-07-03 10:00:00+00:00,22.19
4397,2023-07-03 11:00:00+00:00,20.94
4398,2023-07-03 12:00:00+00:00,21.11
4399,2023-07-03 13:00:00+00:00,20.44
4400,2023-07-03 14:00:00+00:00,23.12
4401,2023-07-03 15:00:00+00:00,31.65
4402,2023-07-03 16:00:00+00:00,39.72
4403,2023-07-03 17:00:00+00:00,56.37
4404,2023-07-03 18:00:00+00:00,100.32
4405,2023-07-03 19:00:00+00:00,151.88
4406,2023-07-03 20:00:00+00:00,248.19
4407,2023-07-03 21:00:00+00:00,262.57
4408,2023-07-03 22:00:00+00:00,174.14
4409,2023-07-03 23:00:00+00:00,109.45
4410,2023-07-04 00:00:00+00:00,103.15
4411,2023-07-04 01:00:00+00:00,74.16
4412,2023-07-04 02:00:00+00:00,35.89
4413,2023-07-04 03:00:00+00:00,29.32
4414,2023-07-04 04:00:00+00:00,25.47
4415,2023-07-04 05:00:00+00:00,20.84
4416,2023-07-04 06:00:00+00:00,18.69
4417,2023-07-04 07:00:00+00:00,17.51
4418,2023-07-04 08:00:00+00:00,17.14
4419,2023-07-04 09:00:00+00:00,17.02
4420,2023-07-04 10:00:00+00:00,17.14
4421,2023-07-04 11:00:00+00:00,17.01
4422,2023-07-04 12:00:00+00:00,17.03
4423,2023-07-04 13:00:00+00:00,16.2
4424,2023-07-04 14:00:00+00:00,17.01
4425,2023-07-04 15:00:00+00:00,19.11
4426,2023-07-04 16:00:00+00:00,25.95
4427,2023-07-04 17:00:00+00:00,29.51
4428,2023-07-04 18:00:00+00:00,32.35
4429,2023-07-04 19:00:00+00:00,42.02
4430,2023-07-04 20:00:00+00:00,46.73
4431,2023-07-04 21:00:00+00:00,50.65
4432,2023-07-04 22:00:00+00:00,42.84
4433,2023-07-04 23:00:00+00:00,38.56
4434,2023-07-05 00:00:00+00:00,37.5
4435,2023-07-05 01:00:00+00:00,34.13
4436,2023-07-05 02:00:00+00:00,26.1
4437,2023-07-05 03:00:00+00:00,22.93
4438,2023-07-05 04:00:00+00:00,23.1
4439,2023-07-05 05:00:00+00:00,19.12
4440,2023-07-05 06:00:00+00:00,18.12
4441,2023-07-05 07:00:00+00:00,17.24
4442,2023-07-05 08:00:00+00:00,16.62
4443,2023-07-05 09:00:00+00:00,17.67
4444,2023-07-05 10:00:00+00:00,18.7
4445,2023-07-05 11:00:00+00:00,17.98
4446,2023-07-05 12:00:00+00:00,17.58
4447,2023-07-05 13:00:00+00:00,17.29
4448,2023-07-05 14:00:00+00:00,16.79
4449,2023-07-05 15:00:00+00:00,20.06
4450,2023-07-05 16:00:00+00:00,28.28
4451,2023-07-05 17:00:00+00:00,33.32
4452,2023-07-05 18:00:00+00:00,48.26
4453,2023-07-05 19:00:00+00:00,59.63
4454,2023-07-05 20:00:00+00:00,75.14
4455,2023-07-05 21:00:00+00:00,81.02
4456,2023-07-05 22:00:00+00:00,53.41
4457,2023-07-05 23:00:00+00:00,39.52
4458,2023-07-06 00:00:00+00:00,38.62
4459,2023-07-06 01:00:00+00:00,38.91
4460,2023-07-06 02:00:00+00:00,27.75
4461,2023-07-06 03:00:00+00:00,25.49
4462,2023-07-06 04:00:00+00:00,23.01
4463,2023-07-06 05:00:00+00:00,20.35
4464,2023-07-06 06:00:00+00:00,19.27
4465,2023-07-06 07:00:00+00:00,18.3
4466,2023-07-06 08:00:00+00:00,18.13
4467,2023-07-06 09:00:00+00:00,18.4
4468,2023-07-06 10:00:00+00:00,20.33
4469,2023-07-06 11:00:00+00:00,22.38
4470,2023-07-06 12:00:00+00:00,22.92
4471,2023-07-06 13:00:00+00:00,20.35
4472,2023-07-06 14:00:00+00:00,20.87
4473,2023-07-06 15:00:00+00:00,25.02
4474,2023-07-06 16:00:00+00:00,29.89
4475,2023-07-06 17:00:00+00:00,31.6
4476,2023-07-06 18:00:00+00:00,31.08
4477,2023-07-06 19:00:00+00:00,33.53
4478,2023-07-06 20:00:00+00:00,40.82
4479,2023-07-06 21:00:00+00:00,41.01
4480,2023-07-06 22:00:00+00:00,34.52
4481,2023-07-06 23:00:00+00:00,32.61
4482,2023-07-07 00:00:00+00:00,33.07
4483,2023-07-07 01:00:00+00:00,34.75
4484,2023-07-07 02:00:00+00:00,26.54
4485,2023-07-07 03:00:00+00:00,23.82
4486,2023-07-07 04:00:00+00:00,20.18
4487,2023-07-07 05:00:00+00:00,19.61
4488,2023-07-07 06:00:00+00:00,17.9
4489,2023-07-07 07:00:00+00:00,16.63
4490,2023-07-07 08:00:00+00:00,16.55
4491,2023-07-07 09:00:00+00:00,16.75
4492,2023-07-07 10:00:00+00:00,18.78
4493,2023-07-07 11:00:00+00:00,19.41
4494,2023-07-07 12:00:00+00:00,18.9
4495,2023-07-07 13:00:00+00:00,18.15
4496,2023-07-07 14:00:00+00:00,18.66
4497,2023-07-07 15:00:00+00:00,20.56
4498,2023-07-07 16:00:00+00:00,24.37
4499,2023-07-07 17:00:00+00:00,27.79
4500,2023-07-07 18:00:00+00:00,34.33
4501,2023-07-07 19:00:00+00:00,36.03
4502,2023-07-07 20:00:00+00:00,41.95
4503,2023-07-07 21:00:00+00:00,39.49
4504,2023-07-07 22:00:00+00:00,32.72
4505,2023-07-07 23:00:00+00:00,29.43
4506,2023-07-08 00:00:00+00:00,38.54
4507,2023-07-08 01:00:00+00:00,41.13
4508,2023-07-08 02:00:00+00:00,30.61
4509,2023-07-08 03:00:00+00:00,27.05
4510,2023-07-08 04:00:00+00:00,21.91
4511,2023-07-08 05:00:00+00:00,23.54
4512,2023-07-08 06:00:00+00:00,21.06
4513,2023-07-08 07:00:00+00:00,20.12
4514,2023-07-08 08:00:00+00:00,20.61
4515,2023-07-08 09:00:00+00:00,20.69
4516,2023-07-08 10:00:00+00:00,21.38
4517,2023-07-08 11:00:00+00:00,22.55
4518,2023-07-08 12:00:00+00:00,21.82
4519,2023-07-08 13:00:00+00:00,21.63
4520,2023-07-08 14:00:00+00:00,20.04
4521,2023-07-08 15:00:00+00:00,26.36
4522,2023-07-08 16:00:00+00:00,30.53
4523,2023-07-08 17:00:00+00:00,33.98
4524,2023-07-08 18:00:00+00:00,38.02
4525,2023-07-08 19:00:00+00:00,41.71
4526,2023-07-08 20:00:00+00:00,52.58
4527,2023-07-08 21:00:00+00:00,63.7
4528,2023-07-08 22:00:00+00:00,61.6
4529,2023-07-08 23:00:00+00:00,47.4
4530,2023-07-09 00:00:00+00:00,62.78
4531,2023-07-09 01:00:00+00:00,72.6
4532,2023-07-09 02:00:00+00:00,36.34
4533,2023-07-09 03:00:00+00:00,31.72
4534,2023-07-09 04:00:00+00:00,27.4
4535,2023-07-09 05:00:00+00:00,30.0
4536,2023-07-09 06:00:00+00:00,24.98
4537,2023-07-09 07:00:00+00:00,21.34
4538,2023-07-09 08:00:00+00:00,20.1
4539,2023-07-09 09:00:00+00:00,19.06
4540,2023-07-09 10:00:00+00:00,18.77
4541,2023-07-09 11:00:00+00:00,20.9
4542,2023-07-09 12:00:00+00:00,17.48
4543,2023-07-09 13:00:00+00:00,17.61
4544,2023-07-09 14:00:00+00:00,19.35
4545,2023-07-09 15:00:00+00:00,24.44
4546,2023-07-09 16:00:00+00:00,30.2
4547,2023-07-09 17:00:00+00:00,31.23
4548,2023-07-09 18:00:00+00:00,33.07
4549,2023-07-09 19:00:00+00:00,40.28
4550,2023-07-09 20:00:00+00:00,51.75
4551,2023-07-09 21:00:00+00:00,64.43
4552,2023-07-09 22:00:00+00:00,64.09
4553,2023-07-09 23:00:00+00:00,56.82
4554,2023-07-10 00:00:00+00:00,70.17
4555,2023-07-10 01:00:00+00:00,66.16
4556,2023-07-10 02:00:00+00:00,34.5
4557,2023-07-10 03:00:00+00:00,30.63
4558,2023-07-10 04:00:00+00:00,26.39
4559,2023-07-10 05:00:00+00:00,23.29
4560,2023-07-10 06:00:00+00:00,22.9
4561,2023-07-10 07:00:00+00:00,20.79
4562,2023-07-10 08:00:00+00:00,20.77
4563,2023-07-10 09:00:00+00:00,21.32
4564,2023-07-10 10:00:00+00:00,24.61
4565,2023-07-10 11:00:00+00:00,23.68
4566,2023-07-10 12:00:00+00:00,23.45
4567,2023-07-10 13:00:00+00:00,21.14
4568,2023-07-10 14:00:00+00:00,22.09
4569,2023-07-10 15:00:00+00:00,28.28
4570,2023-07-10 16:00:00+00:00,33.27
4571,2023-07-10 17:00:00+00:00,38.94
4572,2023-07-10 18:00:00+00:00,43.35
4573,2023-07-10 19:00:00+00:00,57.11
4574,2023-07-10 20:00:00+00:00,75.25
4575,2023-07-10 21:00:00+00:00,78.15
4576,2023-07-10 22:00:00+00:00,68.57
4577,2023-07-10 23:00:00+00:00,62.1
4578,2023-07-11 00:00:00+00:00,80.28
4579,2023-07-11 01:00:00+00:00,79.19
4580,2023-07-11 02:00:00+00:00,37.22
4581,2023-07-11 03:00:00+00:00,32.82
4582,2023-07-11 04:00:00+00:00,26.36
4583,2023-07-11 05:00:00+00:00,25.27
4584,2023-07-11 06:00:00+00:00,22.96
4585,2023-07-11 07:00:00+00:00,23.55
4586,2023-07-11 08:00:00+00:00,21.68
4587,2023-07-11 09:00:00+00:00,21.58
4588,2023-07-11 10:00:00+00:00,22.39
4589,2023-07-11 11:00:00+00:00,19.92
4590,2023-07-11 12:00:00+00:00,18.43
4591,2023-07-11 13:00:00+00:00,18.41
4592,2023-07-11 14:00:00+00:00,18.75
4593,2023-07-11 15:00:00+00:00,24.17
4594,2023-07-11 16:00:00+00:00,30.36
4595,2023-07-11 17:00:00+00:00,35.66
4596,2023-07-11 18:00:00+00:00,44.88
4597,2023-07-11 19:00:00+00:00,53.12
4598,2023-07-11 20:00:00+00:00,58.97
4599,2023-07-11 21:00:00+00:00,54.01
4600,2023-07-11 22:00:00+00:00,45.01
4601,2023-07-11 23:00:00+00:00,41.62
4602,2023-07-12 00:00:00+00:00,55.7
4603,2023-07-12 01:00:00+00:00,48.9
4604,2023-07-12 02:00:00+00:00,35.47
4605,2023-07-12 03:00:00+00:00,29.12
4606,2023-07-12 04:00:00+00:00,22.38
4607,2023-07-12 05:00:00+00:00,24.28
4608,2023-07-12 06:00:00+00:00,22.02
4609,2023-07-12 07:00:00+00:00,19.57
4610,2023-07-12 08:00:00+00:00,19.12
4611,2023-07-12 09:00:00+00:00,18.73
4612,2023-07-12 10:00:00+00:00,19.25
4613,2023-07-12 11:00:00+00:00,17.09
4614,2023-07-12 12:00:00+00:00,16.94
4615,2023-07-12 13:00:00+00:00,16.97
4616,2023-07-12 14:00:00+00:00,20.03
4617,2023-07-12 15:00:00+00:00,27.54
4618,2023-07-12 16:00:00+00:00,34.67
4619,2023-07-12 17:00:00+00:00,34.88
4620,2023-07-12 18:00:00+00:00,43.86
4621,2023-07-12 19:00:00+00:00,60.12
4622,2023-07-12 20:00:00+00:00,76.65
4623,2023-07-12 21:00:00+00:00,74.95
4624,2023-07-12 22:00:00+00:00,72.79
4625,2023-07-12 23:00:00+00:00,66.61
4626,2023-07-13 00:00:00+00:00,83.8
4627,2023-07-13 01:00:00+00:00,67.08
4628,2023-07-13 02:00:00+00:00,34.11
4629,2023-07-13 03:00:00+00:00,33.82
4630,2023-07-13 04:00:00+00:00,26.03
4631,2023-07-13 05:00:00+00:00,23.43
4632,2023-07-13 06:00:00+00:00,20.88
4633,2023-07-13 07:00:00+00:00,19.48
4634,2023-07-13 08:00:00+00:00,18.53
4635,2023-07-13 09:00:00+00:00,17.99
4636,2023-07-13 10:00:00+00:00,19.0
4637,2023-07-13 11:00:00+00:00,18.97
4638,2023-07-13 12:00:00+00:00,19.03
4639,2023-07-13 13:00:00+00:00,19.38
4640,2023-07-13 14:00:00+00:00,22.68
4641,2023-07-13 15:00:00+00:00,30.52
4642,2023-07-13 16:00:00+00:00,38.04
4643,2023-07-13 17:00:00+00:00,51.92
4644,2023-07-13 18:00:00+00:00,120.74
4645,2023-07-13 19:00:00+00:00,172.81
4646,2023-07-13 20:00:00+00:00,256.64
4647,2023-07-13 21:00:00+00:00,353.91
4648,2023-07-13 22:00:00+00:00,263.29
4649,2023-07-13 23:00:00+00:00,250.01
4650,2023-07-14 00:00:00+00:00,239.51
4651,2023-07-14 01:00:00+00:00,169.99
4652,2023-07-14 02:00:00+00:00,62.11
4653,2023-07-14 03:00:00+00:00,36.76
4654,2023-07-14 04:00:00+00:00,28.93
4655,2023-07-14 05:00:00+00:00,25.78
4656,2023-07-14 06:00:00+00:00,23.55
4657,2023-07-14 07:00:00+00:00,21.03
4658,2023-07-14 08:00:00+00:00,19.12
4659,2023-07-14 09:00:00+00:00,18.66
4660,2023-07-14 10:00:00+00:00,19.29
4661,2023-07-14 11:00:00+00:00,17.3
4662,2023-07-14 12:00:00+00:00,17.74
4663,2023-07-14 13:00:00+00:00,17.5
4664,2023-07-14 14:00:00+00:00,19.65
4665,2023-07-14 15:00:00+00:00,23.97
4666,2023-07-14 16:00:00+00:00,30.32
4667,2023-07-14 17:00:00+00:00,47.19
4668,2023-07-14 18:00:00+00:00,88.46
4669,2023-07-14 19:00:00+00:00,140.87
4670,2023-07-14 20:00:00+00:00,198.72
4671,2023-07-14 21:00:00+00:00,222.07
4672,2023-07-14 22:00:00+00:00,182.3
4673,2023-07-14 23:00:00+00:00,153.39
4674,2023-07-15 00:00:00+00:00,182.35
4675,2023-07-15 01:00:00+00:00,100.23
4676,2023-07-15 02:00:00+00:00,45.48
4677,2023-07-15 03:00:00+00:00,31.85
4678,2023-07-15 04:00:00+00:00,27.45
4679,2023-07-15 05:00:00+00:00,23.72
4680,2023-07-15 06:00:00+00:00,23.41
4681,2023-07-15 07:00:00+00:00,21.26
4682,2023-07-15 08:00:00+00:00,19.73
4683,2023-07-15 09:00:00+00:00,19.25
4684,2023-07-15 10:00:00+00:00,19.18
4685,2023-07-15 11:00:00+00:00,19.39
4686,2023-07-15 12:00:00+00:00,19.44
4687,2023-07-15 13:00:00+00:00,20.83
4688,2023-07-15 14:00:00+00:00,21.71
4689,2023-07-15 15:00:00+00:00,29.37
4690,2023-07-15 16:00:00+00:00,38.92
4691,2023-07-15 17:00:00+00:00,43.34
4692,2023-07-15 18:00:00+00:00,94.64
4693,2023-07-15 19:00:00+00:00,167.46
4694,2023-07-15 20:00:00+00:00,286.28
4695,2023-07-15 21:00:00+00:00,386.79
4696,2023-07-15 22:00:00+00:00,342.25
4697,2023-07-15 23:00:00+00:00,295.57
4698,2023-07-16 00:00:00+00:00,315.47
4699,2023-07-16 01:00:00+00:00,183.86
4700,2023-07-16 02:00:00+00:00,68.0
4701,2023-07-16 03:00:00+00:00,37.06
4702,2023-07-16 04:00:00+00:00,31.86
4703,2023-07-16 05:00:00+00:00,24.74
4704,2023-07-16 06:00:00+00:00,24.01
4705,2023-07-16 07:00:00+00:00,21.59
4706,2023-07-16 08:00:00+00:00,20.5
4707,2023-07-16 09:00:00+00:00,19.58
4708,2023-07-16 10:00:00+00:00,19.19
4709,2023-07-16 11:00:00+00:00,19.0
4710,2023-07-16 12:00:00+00:00,18.98
4711,2023-07-16 13:00:00+00:00,18.63
4712,2023-07-16 14:00:00+00:00,20.79
4713,2023-07-16 15:00:00+00:00,27.2
4714,2023-07-16 16:00:00+00:00,34.5
4715,2023-07-16 17:00:00+00:00,38.36
4716,2023-07-16 18:00:00+00:00,51.21
4717,2023-07-16 19:00:00+00:00,64.22
4718,2023-07-16 20:00:00+00:00,109.71
4719,2023-07-16 21:00:00+00:00,131.13
4720,2023-07-16 22:00:00+00:00,139.99
4721,2023-07-16 23:00:00+00:00,143.75
4722,2023-07-17 00:00:00+00:00,209.39
4723,2023-07-17 01:00:00+00:00,180.0
4724,2023-07-17 02:00:00+00:00,53.18
4725,2023-07-17 03:00:00+00:00,28.07
4726,2023-07-17 04:00:00+00:00,22.89
4727,2023-07-17 05:00:00+00:00,19.42
4728,2023-07-17 06:00:00+00:00,17.99
4729,2023-07-17 07:00:00+00:00,17.87
4730,2023-07-17 08:00:00+00:00,17.07
4731,2023-07-17 09:00:00+00:00,17.09
4732,2023-07-17 10:00:00+00:00,17.63
4733,2023-07-17 11:00:00+00:00,17.44
4734,2023-07-17 12:00:00+00:00,17.2
4735,2023-07-17 13:00:00+00:00,17.41
4736,2023-07-17 14:00:00+00:00,17.79
4737,2023-07-17 15:00:00+00:00,23.58
4738,2023-07-17 16:00:00+00:00,29.3
4739,2023-07-17 17:00:00+00:00,34.91
4740,2023-07-17 18:00:00+00:00,66.37
4741,2023-07-17 19:00:00+00:00,162.31
4742,2023-07-17 20:00:00+00:00,257.75
4743,2023-07-17 21:00:00+00:00,336.7
4744,2023-07-17 22:00:00+00:00,253.29
4745,2023-07-17 23:00:00+00:00,197.13
4746,2023-07-18 00:00:00+00:00,320.84
4747,2023-07-18 01:00:00+00:00,188.51
4748,2023-07-18 02:00:00+00:00,41.33
4749,2023-07-18 03:00:00+00:00,26.22
4750,2023-07-18 04:00:00+00:00,20.81
4751,2023-07-18 05:00:00+00:00,21.71
4752,2023-07-18 06:00:00+00:00,18.57
4753,2023-07-18 07:00:00+00:00,17.02
4754,2023-07-18 08:00:00+00:00,15.62
4755,2023-07-18 09:00:00+00:00,15.37
4756,2023-07-18 10:00:00+00:00,16.1
4757,2023-07-18 11:00:00+00:00,14.99
4758,2023-07-18 12:00:00+00:00,15.13
4759,2023-07-18 13:00:00+00:00,15.17
4760,2023-07-18 14:00:00+00:00,17.66
4761,2023-07-18 15:00:00+00:00,20.64
4762,2023-07-18 16:00:00+00:00,25.57
4763,2023-07-18 17:00:00+00:00,34.02
4764,2023-07-18 18:00:00+00:00,60.6
4765,2023-07-18 19:00:00+00:00,82.33
4766,2023-07-18 20:00:00+00:00,101.52
4767,2023-07-18 21:00:00+00:00,115.1
4768,2023-07-18 22:00:00+00:00,101.2
4769,2023-07-18 23:00:00+00:00,100.2
4770,2023-07-19 00:00:00+00:00,128.64
4771,2023-07-19 01:00:00+00:00,92.5
4772,2023-07-19 02:00:00+00:00,36.44
4773,2023-07-19 03:00:00+00:00,27.44
4774,2023-07-19 04:00:00+00:00,23.54
4775,2023-07-19 05:00:00+00:00,21.06
4776,2023-07-19 06:00:00+00:00,19.38
4777,2023-07-19 07:00:00+00:00,17.77
4778,2023-07-19 08:00:00+00:00,16.66
4779,2023-07-19 09:00:00+00:00,16.72
4780,2023-07-19 10:00:00+00:00,16.8
4781,2023-07-19 11:00:00+00:00,15.57
4782,2023-07-19 12:00:00+00:00,15.46
4783,2023-07-19 13:00:00+00:00,15.49
4784,2023-07-19 14:00:00+00:00,17.51
4785,2023-07-19 15:00:00+00:00,21.8
4786,2023-07-19 16:00:00+00:00,29.71
4787,2023-07-19 17:00:00+00:00,37.58
4788,2023-07-19 18:00:00+00:00,48.17
4789,2023-07-19 19:00:00+00:00,67.55
4790,2023-07-19 20:00:00+00:00,90.05
4791,2023-07-19 21:00:00+00:00,101.94
4792,2023-07-19 22:00:00+00:00,92.38
4793,2023-07-19 23:00:00+00:00,84.97
4794,2023-07-20 00:00:00+00:00,115.94
4795,2023-07-20 01:00:00+00:00,79.91
4796,2023-07-20 02:00:00+00:00,32.25
4797,2023-07-20 03:00:00+00:00,27.58
4798,2023-07-20 04:00:00+00:00,23.49
4799,2023-07-20 05:00:00+00:00,21.08
4800,2023-07-20 06:00:00+00:00,18.95
4801,2023-07-20 07:00:00+00:00,17.71
4802,2023-07-20 08:00:00+00:00,17.23
4803,2023-07-20 09:00:00+00:00,18.07
4804,2023-07-20 10:00:00+00:00,20.04
4805,2023-07-20 11:00:00+00:00,22.51
4806,2023-07-20 12:00:00+00:00,22.56
4807,2023-07-20 13:00:00+00:00,21.19
4808,2023-07-20 14:00:00+00:00,22.98
4809,2023-07-20 15:00:00+00:00,28.43
4810,2023-07-20 16:00:00+00:00,35.87
4811,2023-07-20 17:00:00+00:00,55.92
4812,2023-07-20 18:00:00+00:00,81.22
4813,2023-07-20 19:00:00+00:00,139.87
4814,2023-07-20 20:00:00+00:00,263.69
4815,2023-07-20 21:00:00+00:00,335.71
4816,2023-07-20 22:00:00+00:00,308.58
4817,2023-07-20 23:00:00+00:00,286.08
4818,2023-07-21 00:00:00+00:00,466.07
4819,2023-07-21 01:00:00+00:00,283.6
4820,2023-07-21 02:00:00+00:00,62.0
4821,2023-07-21 03:00:00+00:00,30.54
4822,2023-07-21 04:00:00+00:00,26.17
4823,2023-07-21 05:00:00+00:00,21.24
4824,2023-07-21 06:00:00+00:00,19.08
4825,2023-07-21 07:00:00+00:00,17.94
4826,2023-07-21 08:00:00+00:00,17.32
4827,2023-07-21 09:00:00+00:00,17.38
4828,2023-07-21 10:00:00+00:00,18.33
4829,2023-07-21 11:00:00+00:00,18.69
4830,2023-07-21 12:00:00+00:00,19.32
4831,2023-07-21 13:00:00+00:00,19.54
4832,2023-07-21 14:00:00+00:00,21.76
4833,2023-07-21 15:00:00+00:00,28.09
4834,2023-07-21 16:00:00+00:00,33.55
4835,2023-07-21 17:00:00+00:00,47.71
4836,2023-07-21 18:00:00+00:00,95.54
4837,2023-07-21 19:00:00+00:00,180.82
4838,2023-07-21 20:00:00+00:00,298.3
4839,2023-07-21 21:00:00+00:00,315.86
4840,2023-07-21 22:00:00+00:00,235.86
4841,2023-07-21 23:00:00+00:00,167.23
4842,2023-07-22 00:00:00+00:00,209.82
4843,2023-07-22 01:00:00+00:00,108.65
4844,2023-07-22 02:00:00+00:00,40.63
4845,2023-07-22 03:00:00+00:00,29.01
4846,2023-07-22 04:00:00+00:00,25.02
4847,2023-07-22 05:00:00+00:00,23.27
4848,2023-07-22 06:00:00+00:00,22.29
4849,2023-07-22 07:00:00+00:00,20.61
4850,2023-07-22 08:00:00+00:00,20.46
4851,2023-07-22 09:00:00+00:00,19.25
4852,2023-07-22 10:00:00+00:00,19.6
4853,2023-07-22 11:00:00+00:00,18.61
4854,2023-07-22 12:00:00+00:00,18.28
4855,2023-07-22 13:00:00+00:00,18.39
4856,2023-07-22 14:00:00+00:00,20.06
4857,2023-07-22 15:00:00+00:00,25.33
4858,2023-07-22 16:00:00+00:00,29.96
4859,2023-07-22 17:00:00+00:00,39.21
4860,2023-07-22 18:00:00+00:00,54.51
4861,2023-07-22 19:00:00+00:00,78.89
4862,2023-07-22 20:00:00+00:00,137.96
4863,2023-07-22 21:00:00+00:00,165.65
4864,2023-07-22 22:00:00+00:00,155.32
4865,2023-07-22 23:00:00+00:00,153.93
4866,2023-07-23 00:00:00+00:00,223.22
4867,2023-07-23 01:00:00+00:00,146.64
4868,2023-07-23 02:00:00+00:00,41.71
4869,2023-07-23 03:00:00+00:00,30.84
4870,2023-07-23 04:00:00+00:00,26.23
4871,2023-07-23 05:00:00+00:00,25.1
4872,2023-07-23 06:00:00+00:00,23.19
4873,2023-07-23 07:00:00+00:00,21.09
4874,2023-07-23 08:00:00+00:00,19.68
4875,2023-07-23 09:00:00+00:00,18.75
4876,2023-07-23 10:00:00+00:00,19.02
4877,2023-07-23 11:00:00+00:00,18.23
4878,2023-07-23 12:00:00+00:00,18.25
4879,2023-07-23 13:00:00+00:00,18.22
4880,2023-07-23 14:00:00+00:00,20.01
4881,2023-07-23 15:00:00+00:00,25.79
4882,2023-07-23 16:00:00+00:00,30.04
4883,2023-07-23 17:00:00+00:00,37.99
4884,2023-07-23 18:00:00+00:00,56.02
4885,2023-07-23 19:00:00+00:00,76.45
4886,2023-07-23 20:00:00+00:00,150.33
4887,2023-07-23 21:00:00+00:00,230.43
4888,2023-07-23 22:00:00+00:00,216.51
4889,2023-07-23 23:00:00+00:00,215.74
4890,2023-07-24 00:00:00+00:00,292.87
4891,2023-07-24 01:00:00+00:00,155.92
4892,2023-07-24 02:00:00+00:00,40.12
4893,2023-07-24 03:00:00+00:00,27.44
4894,2023-07-24 04:00:00+00:00,23.97
4895,2023-07-24 05:00:00+00:00,18.72
4896,2023-07-24 06:00:00+00:00,17.36
4897,2023-07-24 07:00:00+00:00,17.05
4898,2023-07-24 08:00:00+00:00,16.48
4899,2023-07-24 09:00:00+00:00,16.91
4900,2023-07-24 10:00:00+00:00,17.76
4901,2023-07-24 11:00:00+00:00,17.26
4902,2023-07-24 12:00:00+00:00,17.43
4903,2023-07-24 13:00:00+00:00,17.74
4904,2023-07-24 14:00:00+00:00,18.9
4905,2023-07-24 15:00:00+00:00,22.93
4906,2023-07-24 16:00:00+00:00,29.45
4907,2023-07-24 17:00:00+00:00,33.56
4908,2023-07-24 18:00:00+00:00,55.01
4909,2023-07-24 19:00:00+00:00,78.15
4910,2023-07-24 20:00:00+00:00,149.8
4911,2023-07-24 21:00:00+00:00,146.57
4912,2023-07-24 22:00:00+00:00,141.96
4913,2023-07-24 23:00:00+00:00,116.52
4914,2023-07-25 00:00:00+00:00,154.39
4915,2023-07-25 01:00:00+00:00,76.25
4916,2023-07-25 02:00:00+00:00,32.26
4917,2023-07-25 03:00:00+00:00,27.52
4918,2023-07-25 04:00:00+00:00,21.21
4919,2023-07-25 05:00:00+00:00,20.39
4920,2023-07-25 06:00:00+00:00,17.96
4921,2023-07-25 07:00:00+00:00,16.17
4922,2023-07-25 08:00:00+00:00,15.47
4923,2023-07-25 09:00:00+00:00,15.59
4924,2023-07-25 10:00:00+00:00,16.95
4925,2023-07-25 11:00:00+00:00,16.83
4926,2023-07-25 12:00:00+00:00,16.38
4927,2023-07-25 13:00:00+00:00,15.7
4928,2023-07-25 14:00:00+00:00,17.41
4929,2023-07-25 15:00:00+00:00,21.27
4930,2023-07-25 16:00:00+00:00,27.98
4931,2023-07-25 17:00:00+00:00,30.0
4932,2023-07-25 18:00:00+00:00,33.72
4933,2023-07-25 19:00:00+00:00,45.93
4934,2023-07-25 20:00:00+00:00,62.34
4935,2023-07-25 21:00:00+00:00,61.7
4936,2023-07-25 22:00:00+00:00,48.67
4937,2023-07-25 23:00:00+00:00,50.98
4938,2023-07-26 00:00:00+00:00,79.45
4939,2023-07-26 01:00:00+00:00,64.19
4940,2023-07-26 02:00:00+00:00,31.33
4941,2023-07-26 03:00:00+00:00,27.55
4942,2023-07-26 04:00:00+00:00,21.67
4943,2023-07-26 05:00:00+00:00,21.7
4944,2023-07-26 06:00:00+00:00,19.72
4945,2023-07-26 07:00:00+00:00,17.4
4946,2023-07-26 08:00:00+00:00,17.24
4947,2023-07-26 09:00:00+00:00,17.19
4948,2023-07-26 10:00:00+00:00,18.46
4949,2023-07-26 11:00:00+00:00,18.53
4950,2023-07-26 12:00:00+00:00,17.67
4951,2023-07-26 13:00:00+00:00,17.64
4952,2023-07-26 14:00:00+00:00,19.39
4953,2023-07-26 15:00:00+00:00,24.78
4954,2023-07-26 16:00:00+00:00,35.07
4955,2023-07-26 17:00:00+00:00,34.65
4956,2023-07-26 18:00:00+00:00,49.81
4957,2023-07-26 19:00:00+00:00,50.16
4958,2023-07-26 20:00:00+00:00,71.76
4959,2023-07-26 21:00:00+00:00,76.33
4960,2023-07-26 22:00:00+00:00,68.14
4961,2023-07-26 23:00:00+00:00,74.36
4962,2023-07-27 00:00:00+00:00,97.27
4963,2023-07-27 01:00:00+00:00,73.8
4964,2023-07-27 02:00:00+00:00,35.39
4965,2023-07-27 03:00:00+00:00,31.43
4966,2023-07-27 04:00:00+00:00,26.43
4967,2023-07-27 05:00:00+00:00,26.19
4968,2023-07-27 06:00:00+00:00,24.47
4969,2023-07-27 07:00:00+00:00,22.75
4970,2023-07-27 08:00:00+00:00,20.76
4971,2023-07-27 09:00:00+00:00,20.03
4972,2023-07-27 10:00:00+00:00,21.26
4973,2023-07-27 11:00:00+00:00,21.33
4974,2023-07-27 12:00:00+00:00,20.35
4975,2023-07-27 13:00:00+00:00,20.81
4976,2023-07-27 14:00:00+00:00,19.92
4977,2023-07-27 15:00:00+00:00,26.15
4978,2023-07-27 16:00:00+00:00,30.7
4979,2023-07-27 17:00:00+00:00,35.43
4980,2023-07-27 18:00:00+00:00,50.87
4981,2023-07-27 19:00:00+00:00,57.3
4982,2023-07-27 20:00:00+00:00,77.8
4983,2023-07-27 21:00:00+00:00,81.79
4984,2023-07-27 22:00:00+00:00,66.04
4985,2023-07-27 23:00:00+00:00,67.2
4986,2023-07-28 00:00:00+00:00,103.1
4987,2023-07-28 01:00:00+00:00,86.32
4988,2023-07-28 02:00:00+00:00,40.27
4989,2023-07-28 03:00:00+00:00,30.29
4990,2023-07-28 04:00:00+00:00,27.47
4991,2023-07-28 05:00:00+00:00,22.9
4992,2023-07-28 06:00:00+00:00,21.36
4993,2023-07-28 07:00:00+00:00,19.47
4994,2023-07-28 08:00:00+00:00,18.43
4995,2023-07-28 09:00:00+00:00,18.19
4996,2023-07-28 10:00:00+00:00,18.7
4997,2023-07-28 11:00:00+00:00,19.05
4998,2023-07-28 12:00:00+00:00,18.81
4999,2023-07-28 13:00:00+00:00,18.82
5000,2023-07-28 14:00:00+00:00,19.15
5001,2023-07-28 15:00:00+00:00,24.86
5002,2023-07-28 16:00:00+00:00,28.88
5003,2023-07-28 17:00:00+00:00,35.88
5004,2023-07-28 18:00:00+00:00,52.06
5005,2023-07-28 19:00:00+00:00,63.75
5006,2023-07-28 20:00:00+00:00,74.67
5007,2023-07-28 21:00:00+00:00,93.62
5008,2023-07-28 22:00:00+00:00,71.92
5009,2023-07-28 23:00:00+00:00,71.13
5010,2023-07-29 00:00:00+00:00,123.82
5011,2023-07-29 01:00:00+00:00,91.25
5012,2023-07-29 02:00:00+00:00,37.47
5013,2023-07-29 03:00:00+00:00,28.41
5014,2023-07-29 04:00:00+00:00,24.04
5015,2023-07-29 05:00:00+00:00,20.32
5016,2023-07-29 06:00:00+00:00,19.41
5017,2023-07-29 07:00:00+00:00,18.36
5018,2023-07-29 08:00:00+00:00,17.67
5019,2023-07-29 09:00:00+00:00,17.21
5020,2023-07-29 10:00:00+00:00,17.32
5021,2023-07-29 11:00:00+00:00,17.61
5022,2023-07-29 12:00:00+00:00,17.07
5023,2023-07-29 13:00:00+00:00,17.25
5024,2023-07-29 14:00:00+00:00,17.77
5025,2023-07-29 15:00:00+00:00,23.76
5026,2023-07-29 16:00:00+00:00,30.91
5027,2023-07-29 17:00:00+00:00,36.62
5028,2023-07-29 18:00:00+00:00,48.32
5029,2023-07-29 19:00:00+00:00,60.45
5030,2023-07-29 20:00:00+00:00,86.46
5031,2023-07-29 21:00:00+00:00,108.75
5032,2023-07-29 22:00:00+00:00,96.71
5033,2023-07-29 23:00:00+00:00,94.85
5034,2023-07-30 00:00:00+00:00,157.36
5035,2023-07-30 01:00:00+00:00,110.44
5036,2023-07-30 02:00:00+00:00,40.25
5037,2023-07-30 03:00:00+00:00,31.63
5038,2023-07-30 04:00:00+00:00,25.91
5039,2023-07-30 05:00:00+00:00,22.5
5040,2023-07-30 06:00:00+00:00,18.87
5041,2023-07-30 07:00:00+00:00,17.92
5042,2023-07-30 08:00:00+00:00,17.13
5043,2023-07-30 09:00:00+00:00,16.79
5044,2023-07-30 10:00:00+00:00,16.38
5045,2023-07-30 11:00:00+00:00,15.15
5046,2023-07-30 12:00:00+00:00,15.05
5047,2023-07-30 13:00:00+00:00,15.0
5048,2023-07-30 14:00:00+00:00,16.48
5049,2023-07-30 15:00:00+00:00,21.35
5050,2023-07-30 16:00:00+00:00,27.66
5051,2023-07-30 17:00:00+00:00,30.61
5052,2023-07-30 18:00:00+00:00,47.06
5053,2023-07-30 19:00:00+00:00,57.83
5054,2023-07-30 20:00:00+00:00,86.37
5055,2023-07-30 21:00:00+00:00,142.37
5056,2023-07-30 22:00:00+00:00,127.02
5057,2023-07-30 23:00:00+00:00,144.63
5058,2023-07-31 00:00:00+00:00,289.41
5059,2023-07-31 01:00:00+00:00,180.0
5060,2023-07-31 02:00:00+00:00,50.28
5061,2023-07-31 03:00:00+00:00,37.26
5062,2023-07-31 04:00:00+00:00,28.95
5063,2023-07-31 05:00:00+00:00,24.22
5064,2023-07-31 06:00:00+00:00,21.97
5065,2023-07-31 07:00:00+00:00,19.0
5066,2023-07-31 08:00:00+00:00,18.14
5067,2023-07-31 09:00:00+00:00,18.06
5068,2023-07-31 10:00:00+00:00,18.82
5069,2023-07-31 11:00:00+00:00,19.33
5070,2023-07-31 12:00:00+00:00,19.07
5071,2023-07-31 13:00:00+00:00,19.02
5072,2023-07-31 14:00:00+00:00,22.02
5073,2023-07-31 15:00:00+00:00,28.46
5074,2023-07-31 16:00:00+00:00,44.94
5075,2023-07-31 17:00:00+00:00,51.31
5076,2023-07-31 18:00:00+00:00,86.19
5077,2023-07-31 19:00:00+00:00,163.61
5078,2023-07-31 20:00:00+00:00,275.62
5079,2023-07-31 21:00:00+00:00,602.04
5080,2023-07-31 22:00:00+00:00,424.81
5081,2023-07-31 23:00:00+00:00,286.96
5082,2023-08-01 00:00:00+00:00,1000.5
5083,2023-08-01 01:00:00+00:00,478.71
5084,2023-08-01 02:00:00+00:00,62.46
5085,2023-08-01 03:00:00+00:00,35.08
5086,2023-08-01 04:00:00+00:00,27.73
5087,2023-08-01 05:00:00+00:00,25.43
5088,2023-08-01 06:00:00+00:00,22.62
5089,2023-08-01 07:00:00+00:00,18.91
5090,2023-08-01 08:00:00+00:00,18.83
5091,2023-08-01 09:00:00+00:00,18.68
5092,2023-08-01 10:00:00+00:00,19.69
5093,2023-08-01 11:00:00+00:00,17.67
5094,2023-08-01 12:00:00+00:00,17.0
5095,2023-08-01 13:00:00+00:00,17.68
5096,2023-08-01 14:00:00+00:00,20.36
5097,2023-08-01 15:00:00+00:00,24.72
5098,2023-08-01 16:00:00+00:00,34.16
5099,2023-08-01 17:00:00+00:00,52.12
5100,2023-08-01 18:00:00+00:00,73.72
5101,2023-08-01 19:00:00+00:00,101.83
5102,2023-08-01 20:00:00+00:00,126.63
5103,2023-08-01 21:00:00+00:00,140.99
5104,2023-08-01 22:00:00+00:00,137.04
5105,2023-08-01 23:00:00+00:00,105.8
5106,2023-08-02 00:00:00+00:00,186.56
5107,2023-08-02 01:00:00+00:00,137.63
5108,2023-08-02 02:00:00+00:00,44.58
5109,2023-08-02 03:00:00+00:00,34.02
5110,2023-08-02 04:00:00+00:00,28.98
5111,2023-08-02 05:00:00+00:00,23.47
5112,2023-08-02 06:00:00+00:00,22.73
5113,2023-08-02 07:00:00+00:00,20.89
5114,2023-08-02 08:00:00+00:00,19.72
5115,2023-08-02 09:00:00+00:00,20.18
5116,2023-08-02 10:00:00+00:00,20.74
5117,2023-08-02 11:00:00+00:00,19.83
5118,2023-08-02 12:00:00+00:00,18.95
5119,2023-08-02 13:00:00+00:00,19.27
5120,2023-08-02 14:00:00+00:00,20.58
5121,2023-08-02 15:00:00+00:00,28.95
5122,2023-08-02 16:00:00+00:00,35.1
5123,2023-08-02 17:00:00+00:00,41.8
5124,2023-08-02 18:00:00+00:00,67.84
5125,2023-08-02 19:00:00+00:00,93.92
5126,2023-08-02 20:00:00+00:00,120.45
5127,2023-08-02 21:00:00+00:00,141.31
5128,2023-08-02 22:00:00+00:00,114.73
5129,2023-08-02 23:00:00+00:00,117.96
5130,2023-08-03 00:00:00+00:00,190.74
5131,2023-08-03 01:00:00+00:00,135.51
5132,2023-08-03 02:00:00+00:00,44.44
5133,2023-08-03 03:00:00+00:00,30.58
5134,2023-08-03 04:00:00+00:00,26.64
5135,2023-08-03 05:00:00+00:00,25.11
5136,2023-08-03 06:00:00+00:00,22.58
5137,2023-08-03 07:00:00+00:00,21.26
5138,2023-08-03 08:00:00+00:00,19.91
5139,2023-08-03 09:00:00+00:00,19.86
5140,2023-08-03 10:00:00+00:00,21.31
5141,2023-08-03 11:00:00+00:00,20.97
5142,2023-08-03 12:00:00+00:00,21.28
5143,2023-08-03 13:00:00+00:00,21.15
5144,2023-08-03 14:00:00+00:00,21.22
5145,2023-08-03 15:00:00+00:00,26.65
5146,2023-08-03 16:00:00+00:00,31.88
5147,2023-08-03 17:00:00+00:00,44.54
5148,2023-08-03 18:00:00+00:00,75.48
5149,2023-08-03 19:00:00+00:00,150.34
5150,2023-08-03 20:00:00+00:00,252.28
5151,2023-08-03 21:00:00+00:00,302.94
5152,2023-08-03 22:00:00+00:00,196.83
5153,2023-08-03 23:00:00+00:00,191.09
5154,2023-08-04 00:00:00+00:00,327.23
5155,2023-08-04 01:00:00+00:00,184.46
5156,2023-08-04 02:00:00+00:00,47.6
5157,2023-08-04 03:00:00+00:00,33.53
5158,2023-08-04 04:00:00+00:00,27.71
5159,2023-08-04 05:00:00+00:00,24.42
5160,2023-08-04 06:00:00+00:00,21.16
5161,2023-08-04 07:00:00+00:00,19.06
5162,2023-08-04 08:00:00+00:00,18.25
5163,2023-08-04 09:00:00+00:00,18.47
5164,2023-08-04 10:00:00+00:00,20.06
5165,2023-08-04 11:00:00+00:00,19.96
5166,2023-08-04 12:00:00+00:00,19.8
5167,2023-08-04 13:00:00+00:00,19.86
5168,2023-08-04 14:00:00+00:00,21.09
5169,2023-08-04 15:00:00+00:00,25.01
5170,2023-08-04 16:00:00+00:00,30.64
5171,2023-08-04 17:00:00+00:00,52.13
5172,2023-08-04 18:00:00+00:00,103.92
5173,2023-08-04 19:00:00+00:00,260.32
5174,2023-08-04 20:00:00+00:00,345.06
5175,2023-08-04 21:00:00+00:00,430.72
5176,2023-08-04 22:00:00+00:00,345.37
5177,2023-08-04 23:00:00+00:00,372.87
5178,2023-08-05 00:00:00+00:00,717.35
5179,2023-08-05 01:00:00+00:00,338.22
5180,2023-08-05 02:00:00+00:00,59.42
5181,2023-08-05 03:00:00+00:00,35.29
5182,2023-08-05 04:00:00+00:00,28.21
5183,2023-08-05 05:00:00+00:00,24.7
5184,2023-08-05 06:00:00+00:00,21.23
5185,2023-08-05 07:00:00+00:00,18.2
5186,2023-08-05 08:00:00+00:00,16.34
5187,2023-08-05 09:00:00+00:00,15.93
5188,2023-08-05 10:00:00+00:00,16.12
5189,2023-08-05 11:00:00+00:00,14.31
5190,2023-08-05 12:00:00+00:00,14.37
5191,2023-08-05 13:00:00+00:00,14.82
5192,2023-08-05 14:00:00+00:00,18.4
5193,2023-08-05 15:00:00+00:00,24.87
5194,2023-08-05 16:00:00+00:00,31.88
5195,2023-08-05 17:00:00+00:00,37.91
5196,2023-08-05 18:00:00+00:00,63.29
5197,2023-08-05 19:00:00+00:00,111.36
5198,2023-08-05 20:00:00+00:00,135.22
5199,2023-08-05 21:00:00+00:00,164.25
5200,2023-08-05 22:00:00+00:00,160.24
5201,2023-08-05 23:00:00+00:00,164.96
5202,2023-08-06 00:00:00+00:00,273.65
5203,2023-08-06 01:00:00+00:00,167.57
5204,2023-08-06 02:00:00+00:00,40.73
5205,2023-08-06 03:00:00+00:00,30.11
5206,2023-08-06 04:00:00+00:00,26.37
5207,2023-08-06 05:00:00+00:00,22.69
5208,2023-08-06 06:00:00+00:00,19.92
5209,2023-08-06 07:00:00+00:00,17.35
5210,2023-08-06 08:00:00+00:00,16.09
5211,2023-08-06 09:00:00+00:00,15.91
5212,2023-08-06 10:00:00+00:00,15.84
5213,2023-08-06 11:00:00+00:00,15.4
5214,2023-08-06 12:00:00+00:00,15.56
5215,2023-08-06 13:00:00+00:00,16.05
5216,2023-08-06 14:00:00+00:00,18.53
5217,2023-08-06 15:00:00+00:00,22.91
5218,2023-08-06 16:00:00+00:00,29.96
5219,2023-08-06 17:00:00+00:00,39.98
5220,2023-08-06 18:00:00+00:00,95.68
5221,2023-08-06 19:00:00+00:00,230.36
5222,2023-08-06 20:00:00+00:00,556.02
5223,2023-08-06 21:00:00+00:00,1190.1
5224,2023-08-06 22:00:00+00:00,1481.16
5225,2023-08-06 23:00:00+00:00,1935.9
5226,2023-08-07 00:00:00+00:00,2484.29
5227,2023-08-07 01:00:00+00:00,1394.08
5228,2023-08-07 02:00:00+00:00,108.44
5229,2023-08-07 03:00:00+00:00,35.91
5230,2023-08-07 04:00:00+00:00,26.69
5231,2023-08-07 05:00:00+00:00,22.69
5232,2023-08-07 06:00:00+00:00,20.24
5233,2023-08-07 07:00:00+00:00,18.76
5234,2023-08-07 08:00:00+00:00,17.94
5235,2023-08-07 09:00:00+00:00,18.33
5236,2023-08-07 10:00:00+00:00,19.87
5237,2023-08-07 11:00:00+00:00,22.13
5238,2023-08-07 12:00:00+00:00,21.93
5239,2023-08-07 13:00:00+00:00,20.99
5240,2023-08-07 14:00:00+00:00,24.95
5241,2023-08-07 15:00:00+00:00,27.91
5242,2023-08-07 16:00:00+00:00,39.28
5243,2023-08-07 17:00:00+00:00,61.71
5244,2023-08-07 18:00:00+00:00,172.75
5245,2023-08-07 19:00:00+00:00,539.94
5246,2023-08-07 20:00:00+00:00,945.99
5247,2023-08-07 21:00:00+00:00,608.09
5248,2023-08-07 22:00:00+00:00,446.65
5249,2023-08-07 23:00:00+00:00,307.76
5250,2023-08-08 00:00:00+00:00,482.72
5251,2023-08-08 01:00:00+00:00,177.59
5252,2023-08-08 02:00:00+00:00,48.52
5253,2023-08-08 03:00:00+00:00,28.59
5254,2023-08-08 04:00:00+00:00,23.99
5255,2023-08-08 05:00:00+00:00,26.26
5256,2023-08-08 06:00:00+00:00,24.6
5257,2023-08-08 07:00:00+00:00,23.48
5258,2023-08-08 08:00:00+00:00,23.42
5259,2023-08-08 09:00:00+00:00,21.26
5260,2023-08-08 10:00:00+00:00,21.63
5261,2023-08-08 11:00:00+00:00,21.57
5262,2023-08-08 12:00:00+00:00,20.06
5263,2023-08-08 13:00:00+00:00,19.88
5264,2023-08-08 14:00:00+00:00,21.05
5265,2023-08-08 15:00:00+00:00,23.66
5266,2023-08-08 16:00:00+00:00,30.36
5267,2023-08-08 17:00:00+00:00,35.95
5268,2023-08-08 18:00:00+00:00,60.64
5269,2023-08-08 19:00:00+00:00,126.0
5270,2023-08-08 20:00:00+00:00,192.89
5271,2023-08-08 21:00:00+00:00,218.1
5272,2023-08-08 22:00:00+00:00,203.65
5273,2023-08-08 23:00:00+00:00,184.22
5274,2023-08-09 00:00:00+00:00,284.18
5275,2023-08-09 01:00:00+00:00,104.68
5276,2023-08-09 02:00:00+00:00,36.3
5277,2023-08-09 03:00:00+00:00,28.51
5278,2023-08-09 04:00:00+00:00,24.59
5279,2023-08-09 05:00:00+00:00,22.44
5280,2023-08-09 06:00:00+00:00,20.42
5281,2023-08-09 07:00:00+00:00,20.09
5282,2023-08-09 08:00:00+00:00,19.26
5283,2023-08-09 09:00:00+00:00,19.18
5284,2023-08-09 10:00:00+00:00,19.71
5285,2023-08-09 11:00:00+00:00,18.56
5286,2023-08-09 12:00:00+00:00,18.38
5287,2023-08-09 13:00:00+00:00,18.01
5288,2023-08-09 14:00:00+00:00,19.84
5289,2023-08-09 15:00:00+00:00,23.97
5290,2023-08-09 16:00:00+00:00,32.79
5291,2023-08-09 17:00:00+00:00,47.77
5292,2023-08-09 18:00:00+00:00,77.37
5293,2023-08-09 19:00:00+00:00,158.86
5294,2023-08-09 20:00:00+00:00,231.34
5295,2023-08-09 21:00:00+00:00,330.89
5296,2023-08-09 22:00:00+00:00,360.97
5297,2023-08-09 23:00:00+00:00,440.57
5298,2023-08-10 00:00:00+00:00,719.31
5299,2023-08-10 01:00:00+00:00,261.98
5300,2023-08-10 02:00:00+00:00,52.67
5301,2023-08-10 03:00:00+00:00,37.09
5302,2023-08-10 04:00:00+00:00,30.03
5303,2023-08-10 05:00:00+00:00,26.56
5304,2023-08-10 06:00:00+00:00,24.52
5305,2023-08-10 07:00:00+00:00,23.72
5306,2023-08-10 08:00:00+00:00,22.1
5307,2023-08-10 09:00:00+00:00,21.88
5308,2023-08-10 10:00:00+00:00,22.35
5309,2023-08-10 11:00:00+00:00,22.28
5310,2023-08-10 12:00:00+00:00,22.33
5311,2023-08-10 13:00:00+00:00,20.94
5312,2023-08-10 14:00:00+00:00,22.46
5313,2023-08-10 15:00:00+00:00,33.67
5314,2023-08-10 16:00:00+00:00,44.94
5315,2023-08-10 17:00:00+00:00,71.97
5316,2023-08-10 18:00:00+00:00,200.32
5317,2023-08-10 19:00:00+00:00,534.62
5318,2023-08-10 20:00:00+00:00,1056.3
5319,2023-08-10 21:00:00+00:00,1546.14
5320,2023-08-10 22:00:00+00:00,1667.83
5321,2023-08-10 23:00:00+00:00,1547.0
5322,2023-08-11 00:00:00+00:00,2491.65
5323,2023-08-11 01:00:00+00:00,727.24
5324,2023-08-11 02:00:00+00:00,94.88
5325,2023-08-11 03:00:00+00:00,35.99
5326,2023-08-11 04:00:00+00:00,28.79
5327,2023-08-11 05:00:00+00:00,27.22
5328,2023-08-11 06:00:00+00:00,24.35
5329,2023-08-11 07:00:00+00:00,20.36
5330,2023-08-11 08:00:00+00:00,19.18
5331,2023-08-11 09:00:00+00:00,18.87
5332,2023-08-11 10:00:00+00:00,20.4
5333,2023-08-11 11:00:00+00:00,20.45
5334,2023-08-11 12:00:00+00:00,20.12
5335,2023-08-11 13:00:00+00:00,18.45
5336,2023-08-11 14:00:00+00:00,20.04
5337,2023-08-11 15:00:00+00:00,23.48
5338,2023-08-11 16:00:00+00:00,35.03
5339,2023-08-11 17:00:00+00:00,46.96
5340,2023-08-11 18:00:00+00:00,72.84
5341,2023-08-11 19:00:00+00:00,209.4
5342,2023-08-11 20:00:00+00:00,352.82
5343,2023-08-11 21:00:00+00:00,498.04
5344,2023-08-11 22:00:00+00:00,405.62
5345,2023-08-11 23:00:00+00:00,378.84
5346,2023-08-12 00:00:00+00:00,685.07
5347,2023-08-12 01:00:00+00:00,239.65
5348,2023-08-12 02:00:00+00:00,51.94
5349,2023-08-12 03:00:00+00:00,32.82
5350,2023-08-12 04:00:00+00:00,28.44
5351,2023-08-12 05:00:00+00:00,27.17
5352,2023-08-12 06:00:00+00:00,24.14
5353,2023-08-12 07:00:00+00:00,19.65
5354,2023-08-12 08:00:00+00:00,18.99
5355,2023-08-12 09:00:00+00:00,19.15
5356,2023-08-12 10:00:00+00:00,17.95
5357,2023-08-12 11:00:00+00:00,17.31
5358,2023-08-12 12:00:00+00:00,17.29
5359,2023-08-12 13:00:00+00:00,17.31
5360,2023-08-12 14:00:00+00:00,17.77
5361,2023-08-12 15:00:00+00:00,21.53
5362,2023-08-12 16:00:00+00:00,32.34
5363,2023-08-12 17:00:00+00:00,37.59
5364,2023-08-12 18:00:00+00:00,71.88
5365,2023-08-12 19:00:00+00:00,159.23
5366,2023-08-12 20:00:00+00:00,277.95
5367,2023-08-12 21:00:00+00:00,381.7
5368,2023-08-12 22:00:00+00:00,327.71
5369,2023-08-12 23:00:00+00:00,290.28
5370,2023-08-13 00:00:00+00:00,549.58
5371,2023-08-13 01:00:00+00:00,198.02
5372,2023-08-13 02:00:00+00:00,50.66
5373,2023-08-13 03:00:00+00:00,36.49
5374,2023-08-13 04:00:00+00:00,27.77
5375,2023-08-13 05:00:00+00:00,27.04
5376,2023-08-13 06:00:00+00:00,23.23
5377,2023-08-13 07:00:00+00:00,22.35
5378,2023-08-13 08:00:00+00:00,20.87
5379,2023-08-13 09:00:00+00:00,19.04
5380,2023-08-13 10:00:00+00:00,18.15
5381,2023-08-13 11:00:00+00:00,17.12
5382,2023-08-13 12:00:00+00:00,16.92
5383,2023-08-13 13:00:00+00:00,16.38
5384,2023-08-13 14:00:00+00:00,16.65
5385,2023-08-13 15:00:00+00:00,19.44
5386,2023-08-13 16:00:00+00:00,28.18
5387,2023-08-13 17:00:00+00:00,37.49
5388,2023-08-13 18:00:00+00:00,67.91
5389,2023-08-13 19:00:00+00:00,142.02
5390,2023-08-13 20:00:00+00:00,311.38
5391,2023-08-13 21:00:00+00:00,404.64
5392,2023-08-13 22:00:00+00:00,383.81
5393,2023-08-13 23:00:00+00:00,365.35
5394,2023-08-14 00:00:00+00:00,737.32
5395,2023-08-14 01:00:00+00:00,275.53
5396,2023-08-14 02:00:00+00:00,48.79
5397,2023-08-14 03:00:00+00:00,32.63
5398,2023-08-14 04:00:00+00:00,27.6
5399,2023-08-14 05:00:00+00:00,25.42
5400,2023-08-14 06:00:00+00:00,23.15
5401,2023-08-14 07:00:00+00:00,20.68
5402,2023-08-14 08:00:00+00:00,20.68
5403,2023-08-14 09:00:00+00:00,21.21
5404,2023-08-14 10:00:00+00:00,22.75
5405,2023-08-14 11:00:00+00:00,24.07
5406,2023-08-14 12:00:00+00:00,23.05
5407,2023-08-14 13:00:00+00:00,21.03
5408,2023-08-14 14:00:00+00:00,22.92
5409,2023-08-14 15:00:00+00:00,33.17
5410,2023-08-14 16:00:00+00:00,34.85
5411,2023-08-14 17:00:00+00:00,47.02
5412,2023-08-14 18:00:00+00:00,82.22
5413,2023-08-14 19:00:00+00:00,210.4
5414,2023-08-14 20:00:00+00:00,378.16
5415,2023-08-14 21:00:00+00:00,447.95
5416,2023-08-14 22:00:00+00:00,388.97
5417,2023-08-14 23:00:00+00:00,389.7
5418,2023-08-15 00:00:00+00:00,999.63
5419,2023-08-15 01:00:00+00:00,311.06
5420,2023-08-15 02:00:00+00:00,71.55
5421,2023-08-15 03:00:00+00:00,35.17
5422,2023-08-15 04:00:00+00:00,30.68
5423,2023-08-15 05:00:00+00:00,27.68
5424,2023-08-15 06:00:00+00:00,24.66
5425,2023-08-15 07:00:00+00:00,23.38
5426,2023-08-15 08:00:00+00:00,23.28
5427,2023-08-15 09:00:00+00:00,23.1
5428,2023-08-15 10:00:00+00:00,24.26
5429,2023-08-15 11:00:00+00:00,25.47
5430,2023-08-15 12:00:00+00:00,25.79
5431,2023-08-15 13:00:00+00:00,24.32
5432,2023-08-15 14:00:00+00:00,25.0
5433,2023-08-15 15:00:00+00:00,33.37
5434,2023-08-15 16:00:00+00:00,48.11
5435,2023-08-15 17:00:00+00:00,55.72
5436,2023-08-15 18:00:00+00:00,182.8
5437,2023-08-15 19:00:00+00:00,437.75
5438,2023-08-15 20:00:00+00:00,1098.38
5439,2023-08-15 21:00:00+00:00,1622.54
5440,2023-08-15 22:00:00+00:00,2057.47
5441,2023-08-15 23:00:00+00:00,2485.75
5442,2023-08-16 00:00:00+00:00,3279.51
5443,2023-08-16 01:00:00+00:00,1485.14
5444,2023-08-16 02:00:00+00:00,72.93
5445,2023-08-16 03:00:00+00:00,34.06
5446,2023-08-16 04:00:00+00:00,28.81
5447,2023-08-16 05:00:00+00:00,25.31
5448,2023-08-16 06:00:00+00:00,22.34
5449,2023-08-16 07:00:00+00:00,19.92
5450,2023-08-16 08:00:00+00:00,19.43
5451,2023-08-16 09:00:00+00:00,18.97
5452,2023-08-16 10:00:00+00:00,19.55
5453,2023-08-16 11:00:00+00:00,19.55
5454,2023-08-16 12:00:00+00:00,19.53
5455,2023-08-16 13:00:00+00:00,19.11
5456,2023-08-16 14:00:00+00:00,19.18
5457,2023-08-16 15:00:00+00:00,21.87
5458,2023-08-16 16:00:00+00:00,26.74
5459,2023-08-16 17:00:00+00:00,30.9
5460,2023-08-16 18:00:00+00:00,58.17
5461,2023-08-16 19:00:00+00:00,114.44
5462,2023-08-16 20:00:00+00:00,363.0
5463,2023-08-16 21:00:00+00:00,530.49
5464,2023-08-16 22:00:00+00:00,931.14
5465,2023-08-16 23:00:00+00:00,1104.88
5466,2023-08-17 00:00:00+00:00,1962.7
5467,2023-08-17 01:00:00+00:00,578.55
5468,2023-08-17 02:00:00+00:00,39.78
5469,2023-08-17 03:00:00+00:00,26.13
5470,2023-08-17 04:00:00+00:00,23.68
5471,2023-08-17 05:00:00+00:00,18.99
5472,2023-08-17 06:00:00+00:00,16.72
5473,2023-08-17 07:00:00+00:00,16.02
5474,2023-08-17 08:00:00+00:00,15.3
5475,2023-08-17 09:00:00+00:00,15.6
5476,2023-08-17 10:00:00+00:00,16.96
5477,2023-08-17 11:00:00+00:00,17.52
5478,2023-08-17 12:00:00+00:00,17.38
5479,2023-08-17 13:00:00+00:00,17.7
5480,2023-08-17 14:00:00+00:00,17.73
5481,2023-08-17 15:00:00+00:00,24.53
5482,2023-08-17 16:00:00+00:00,32.82
5483,2023-08-17 17:00:00+00:00,50.75
5484,2023-08-17 18:00:00+00:00,276.24
5485,2023-08-17 19:00:00+00:00,814.17
5486,2023-08-17 20:00:00+00:00,1914.79
5487,2023-08-17 21:00:00+00:00,2256.17
5488,2023-08-17 22:00:00+00:00,2610.65
5489,2023-08-17 23:00:00+00:00,2937.35
5490,2023-08-18 00:00:00+00:00,3258.51
5491,2023-08-18 01:00:00+00:00,1459.86
5492,2023-08-18 02:00:00+00:00,64.11
5493,2023-08-18 03:00:00+00:00,35.99
5494,2023-08-18 04:00:00+00:00,27.57
5495,2023-08-18 05:00:00+00:00,24.43
5496,2023-08-18 06:00:00+00:00,21.07
5497,2023-08-18 07:00:00+00:00,18.86
5498,2023-08-18 08:00:00+00:00,17.93
5499,2023-08-18 09:00:00+00:00,18.76
5500,2023-08-18 10:00:00+00:00,20.38
5501,2023-08-18 11:00:00+00:00,20.2
5502,2023-08-18 12:00:00+00:00,19.5
5503,2023-08-18 13:00:00+00:00,18.47
5504,2023-08-18 14:00:00+00:00,21.1
5505,2023-08-18 15:00:00+00:00,29.41
5506,2023-08-18 16:00:00+00:00,42.07
5507,2023-08-18 17:00:00+00:00,72.47
5508,2023-08-18 18:00:00+00:00,215.53
5509,2023-08-18 19:00:00+00:00,636.55
5510,2023-08-18 20:00:00+00:00,1107.72
5511,2023-08-18 21:00:00+00:00,933.04
5512,2023-08-18 22:00:00+00:00,795.39
5513,2023-08-18 23:00:00+00:00,715.25
5514,2023-08-19 00:00:00+00:00,885.22
5515,2023-08-19 01:00:00+00:00,308.5
5516,2023-08-19 02:00:00+00:00,48.49
5517,2023-08-19 03:00:00+00:00,32.8
5518,2023-08-19 04:00:00+00:00,26.78
5519,2023-08-19 05:00:00+00:00,22.83
5520,2023-08-19 06:00:00+00:00,20.1
5521,2023-08-19 07:00:00+00:00,17.7
5522,2023-08-19 08:00:00+00:00,16.56
5523,2023-08-19 09:00:00+00:00,16.69
5524,2023-08-19 10:00:00+00:00,17.22
5525,2023-08-19 11:00:00+00:00,15.72
5526,2023-08-19 12:00:00+00:00,15.54
5527,2023-08-19 13:00:00+00:00,15.56
5528,2023-08-19 14:00:00+00:00,17.3
5529,2023-08-19 15:00:00+00:00,21.08
5530,2023-08-19 16:00:00+00:00,30.31
5531,2023-08-19 17:00:00+00:00,40.82
5532,2023-08-19 18:00:00+00:00,78.92
5533,2023-08-19 19:00:00+00:00,133.35
5534,2023-08-19 20:00:00+00:00,222.9
5535,2023-08-19 21:00:00+00:00,286.85
5536,2023-08-19 22:00:00+00:00,223.93
5537,2023-08-19 23:00:00+00:00,243.59
5538,2023-08-20 00:00:00+00:00,426.25
5539,2023-08-20 01:00:00+00:00,176.03
5540,2023-08-20 02:00:00+00:00,43.88
5541,2023-08-20 03:00:00+00:00,35.89
5542,2023-08-20 04:00:00+00:00,27.79
5543,2023-08-20 05:00:00+00:00,23.03
5544,2023-08-20 06:00:00+00:00,21.07
5545,2023-08-20 07:00:00+00:00,19.74
5546,2023-08-20 08:00:00+00:00,18.63
5547,2023-08-20 09:00:00+00:00,18.22
5548,2023-08-20 10:00:00+00:00,18.64
5549,2023-08-20 11:00:00+00:00,16.37
5550,2023-08-20 12:00:00+00:00,16.72
5551,2023-08-20 13:00:00+00:00,16.83
5552,2023-08-20 14:00:00+00:00,19.06
5553,2023-08-20 15:00:00+00:00,22.82
5554,2023-08-20 16:00:00+00:00,31.99
5555,2023-08-20 17:00:00+00:00,45.29
5556,2023-08-20 18:00:00+00:00,71.92
5557,2023-08-20 19:00:00+00:00,108.44
5558,2023-08-20 20:00:00+00:00,218.75
5559,2023-08-20 21:00:00+00:00,264.49
5560,2023-08-20 22:00:00+00:00,294.3
5561,2023-08-20 23:00:00+00:00,310.25
5562,2023-08-21 00:00:00+00:00,965.66
5563,2023-08-21 01:00:00+00:00,659.41
5564,2023-08-21 02:00:00+00:00,128.51
5565,2023-08-21 03:00:00+00:00,59.34
5566,2023-08-21 04:00:00+00:00,42.18
5567,2023-08-21 05:00:00+00:00,44.51
5568,2023-08-21 06:00:00+00:00,33.65
5569,2023-08-21 07:00:00+00:00,31.79
5570,2023-08-21 08:00:00+00:00,28.41
5571,2023-08-21 09:00:00+00:00,29.7
5572,2023-08-21 10:00:00+00:00,33.24
5573,2023-08-21 11:00:00+00:00,29.25
5574,2023-08-21 12:00:00+00:00,27.81
5575,2023-08-21 13:00:00+00:00,25.5
5576,2023-08-21 14:00:00+00:00,26.34
5577,2023-08-21 15:00:00+00:00,35.65
5578,2023-08-21 16:00:00+00:00,50.14
5579,2023-08-21 17:00:00+00:00,34.95
5580,2023-08-21 18:00:00+00:00,51.22
5581,2023-08-21 19:00:00+00:00,88.87
5582,2023-08-21 20:00:00+00:00,103.37
5583,2023-08-21 21:00:00+00:00,111.62
5584,2023-08-21 22:00:00+00:00,93.99
5585,2023-08-21 23:00:00+00:00,109.06
5586,2023-08-22 00:00:00+00:00,170.73
5587,2023-08-22 01:00:00+00:00,119.75
5588,2023-08-22 02:00:00+00:00,40.33
5589,2023-08-22 03:00:00+00:00,44.51
5590,2023-08-22 04:00:00+00:00,31.53
5591,2023-08-22 05:00:00+00:00,30.28
5592,2023-08-22 06:00:00+00:00,28.85
5593,2023-08-22 07:00:00+00:00,26.74
5594,2023-08-22 08:00:00+00:00,26.23
5595,2023-08-22 09:00:00+00:00,25.9
5596,2023-08-22 10:00:00+00:00,27.34
5597,2023-08-22 11:00:00+00:00,28.41
5598,2023-08-22 12:00:00+00:00,27.89
5599,2023-08-22 13:00:00+00:00,25.44
5600,2023-08-22 14:00:00+00:00,28.86
5601,2023-08-22 15:00:00+00:00,41.58
5602,2023-08-22 16:00:00+00:00,38.79
5603,2023-08-22 17:00:00+00:00,54.79
5604,2023-08-22 18:00:00+00:00,84.12
5605,2023-08-22 19:00:00+00:00,118.43
5606,2023-08-22 20:00:00+00:00,145.39
5607,2023-08-22 21:00:00+00:00,148.33
5608,2023-08-22 22:00:00+00:00,131.2
5609,2023-08-22 23:00:00+00:00,102.9
5610,2023-08-23 00:00:00+00:00,141.65
5611,2023-08-23 01:00:00+00:00,107.28
5612,2023-08-23 02:00:00+00:00,52.6
5613,2023-08-23 03:00:00+00:00,39.15
5614,2023-08-23 04:00:00+00:00,31.04
5615,2023-08-23 05:00:00+00:00,29.25
5616,2023-08-23 06:00:00+00:00,27.15
5617,2023-08-23 07:00:00+00:00,24.46
5618,2023-08-23 08:00:00+00:00,24.02
5619,2023-08-23 09:00:00+00:00,24.73
5620,2023-08-23 10:00:00+00:00,26.9
5621,2023-08-23 11:00:00+00:00,33.44
5622,2023-08-23 12:00:00+00:00,31.65
5623,2023-08-23 13:00:00+00:00,29.55
5624,2023-08-23 14:00:00+00:00,30.04
5625,2023-08-23 15:00:00+00:00,41.44
5626,2023-08-23 16:00:00+00:00,40.22
5627,2023-08-23 17:00:00+00:00,53.21
5628,2023-08-23 18:00:00+00:00,89.22
5629,2023-08-23 19:00:00+00:00,142.26
5630,2023-08-23 20:00:00+00:00,234.15
5631,2023-08-23 21:00:00+00:00,292.24
5632,2023-08-23 22:00:00+00:00,354.67
5633,2023-08-23 23:00:00+00:00,731.76
5634,2023-08-24 00:00:00+00:00,1182.56
5635,2023-08-24 01:00:00+00:00,769.18
5636,2023-08-24 02:00:00+00:00,125.97
5637,2023-08-24 03:00:00+00:00,48.96
5638,2023-08-24 04:00:00+00:00,41.01
5639,2023-08-24 05:00:00+00:00,31.82
5640,2023-08-24 06:00:00+00:00,28.06
5641,2023-08-24 07:00:00+00:00,24.71
5642,2023-08-24 08:00:00+00:00,24.07
5643,2023-08-24 09:00:00+00:00,25.03
5644,2023-08-24 10:00:00+00:00,27.22
5645,2023-08-24 11:00:00+00:00,25.55
5646,2023-08-24 12:00:00+00:00,26.42
5647,2023-08-24 13:00:00+00:00,24.71
5648,2023-08-24 14:00:00+00:00,27.08
5649,2023-08-24 15:00:00+00:00,30.67
5650,2023-08-24 16:00:00+00:00,45.86
5651,2023-08-24 17:00:00+00:00,78.79
5652,2023-08-24 18:00:00+00:00,227.2
5653,2023-08-24 19:00:00+00:00,669.23
5654,2023-08-24 20:00:00+00:00,1164.27
5655,2023-08-24 21:00:00+00:00,2426.11
5656,2023-08-24 22:00:00+00:00,2996.73
5657,2023-08-24 23:00:00+00:00,3264.19
5658,2023-08-25 00:00:00+00:00,3896.6
5659,2023-08-25 01:00:00+00:00,3533.63
5660,2023-08-25 02:00:00+00:00,443.52
5661,2023-08-25 03:00:00+00:00,46.71
5662,2023-08-25 04:00:00+00:00,34.24
5663,2023-08-25 05:00:00+00:00,30.18
5664,2023-08-25 06:00:00+00:00,27.28
5665,2023-08-25 07:00:00+00:00,24.35
5666,2023-08-25 08:00:00+00:00,23.86
5667,2023-08-25 09:00:00+00:00,25.49
5668,2023-08-25 10:00:00+00:00,27.21
5669,2023-08-25 11:00:00+00:00,27.25
5670,2023-08-25 12:00:00+00:00,27.53
5671,2023-08-25 13:00:00+00:00,25.82
5672,2023-08-25 14:00:00+00:00,27.72
5673,2023-08-25 15:00:00+00:00,33.7
5674,2023-08-25 16:00:00+00:00,56.42
5675,2023-08-25 17:00:00+00:00,105.3
5676,2023-08-25 18:00:00+00:00,636.87
5677,2023-08-25 19:00:00+00:00,1513.21
5678,2023-08-25 20:00:00+00:00,3014.58
5679,2023-08-25 21:00:00+00:00,3745.29
5680,2023-08-25 22:00:00+00:00,4049.17
5681,2023-08-25 23:00:00+00:00,4038.76
5682,2023-08-26 00:00:00+00:00,4188.23
5683,2023-08-26 01:00:00+00:00,3638.76
5684,2023-08-26 02:00:00+00:00,559.64
5685,2023-08-26 03:00:00+00:00,72.27
5686,2023-08-26 04:00:00+00:00,39.83
5687,2023-08-26 05:00:00+00:00,31.87
5688,2023-08-26 06:00:00+00:00,29.81
5689,2023-08-26 07:00:00+00:00,26.71
5690,2023-08-26 08:00:00+00:00,24.67
5691,2023-08-26 09:00:00+00:00,26.6
5692,2023-08-26 10:00:00+00:00,26.76
5693,2023-08-26 11:00:00+00:00,24.09
5694,2023-08-26 12:00:00+00:00,23.71
5695,2023-08-26 13:00:00+00:00,23.28
5696,2023-08-26 14:00:00+00:00,25.73
5697,2023-08-26 15:00:00+00:00,29.24
5698,2023-08-26 16:00:00+00:00,41.46
5699,2023-08-26 17:00:00+00:00,89.19
5700,2023-08-26 18:00:00+00:00,228.6
5701,2023-08-26 19:00:00+00:00,809.21
5702,2023-08-26 20:00:00+00:00,2106.91
5703,2023-08-26 21:00:00+00:00,3000.81
5704,2023-08-26 22:00:00+00:00,3082.04
5705,2023-08-26 23:00:00+00:00,3176.34
5706,2023-08-27 00:00:00+00:00,3160.59
5707,2023-08-27 01:00:00+00:00,1000.12
5708,2023-08-27 02:00:00+00:00,106.33
5709,2023-08-27 03:00:00+00:00,50.26
5710,2023-08-27 04:00:00+00:00,31.74
5711,2023-08-27 05:00:00+00:00,32.23
5712,2023-08-27 06:00:00+00:00,27.79
5713,2023-08-27 07:00:00+00:00,23.31
5714,2023-08-27 08:00:00+00:00,22.08
5715,2023-08-27 09:00:00+00:00,22.3
5716,2023-08-27 10:00:00+00:00,22.26
5717,2023-08-27 11:00:00+00:00,19.41
5718,2023-08-27 12:00:00+00:00,18.12
5719,2023-08-27 13:00:00+00:00,17.24
5720,2023-08-27 14:00:00+00:00,19.21
5721,2023-08-27 15:00:00+00:00,25.17
5722,2023-08-27 16:00:00+00:00,32.87
5723,2023-08-27 17:00:00+00:00,60.19
5724,2023-08-27 18:00:00+00:00,186.47
5725,2023-08-27 19:00:00+00:00,503.61
5726,2023-08-27 20:00:00+00:00,1101.29
5727,2023-08-27 21:00:00+00:00,2023.02
5728,2023-08-27 22:00:00+00:00,2446.89
5729,2023-08-27 23:00:00+00:00,2500.0
5730,2023-08-28 00:00:00+00:00,2630.37
5731,2023-08-28 01:00:00+00:00,920.12
5732,2023-08-28 02:00:00+00:00,103.91
5733,2023-08-28 03:00:00+00:00,48.82
5734,2023-08-28 04:00:00+00:00,31.96
5735,2023-08-28 05:00:00+00:00,27.52
5736,2023-08-28 06:00:00+00:00,25.48
5737,2023-08-28 07:00:00+00:00,23.5
5738,2023-08-28 08:00:00+00:00,23.32
5739,2023-08-28 09:00:00+00:00,24.54
5740,2023-08-28 10:00:00+00:00,26.79
5741,2023-08-28 11:00:00+00:00,27.66
5742,2023-08-28 12:00:00+00:00,27.95
5743,2023-08-28 13:00:00+00:00,25.1
5744,2023-08-28 14:00:00+00:00,26.68
5745,2023-08-28 15:00:00+00:00,29.37
5746,2023-08-28 16:00:00+00:00,42.99
5747,2023-08-28 17:00:00+00:00,62.66
5748,2023-08-28 18:00:00+00:00,131.51
5749,2023-08-28 19:00:00+00:00,268.3
5750,2023-08-28 20:00:00+00:00,378.91
5751,2023-08-28 21:00:00+00:00,598.5
5752,2023-08-28 22:00:00+00:00,713.52
5753,2023-08-28 23:00:00+00:00,928.33
5754,2023-08-29 00:00:00+00:00,485.23
5755,2023-08-29 01:00:00+00:00,301.42
5756,2023-08-29 02:00:00+00:00,56.15
5757,2023-08-29 03:00:00+00:00,36.49
5758,2023-08-29 04:00:00+00:00,28.03
5759,2023-08-29 05:00:00+00:00,28.5
5760,2023-08-29 06:00:00+00:00,26.48
5761,2023-08-29 07:00:00+00:00,24.79
5762,2023-08-29 08:00:00+00:00,23.83
5763,2023-08-29 09:00:00+00:00,23.93
5764,2023-08-29 10:00:00+00:00,25.79
5765,2023-08-29 11:00:00+00:00,27.52
5766,2023-08-29 12:00:00+00:00,26.4
5767,2023-08-29 13:00:00+00:00,25.39
5768,2023-08-29 14:00:00+00:00,27.01
5769,2023-08-29 15:00:00+00:00,28.26
5770,2023-08-29 16:00:00+00:00,30.54
5771,2023-08-29 17:00:00+00:00,32.5
5772,2023-08-29 18:00:00+00:00,47.64
5773,2023-08-29 19:00:00+00:00,73.6
5774,2023-08-29 20:00:00+00:00,103.4
5775,2023-08-29 21:00:00+00:00,99.39
5776,2023-08-29 22:00:00+00:00,133.28
5777,2023-08-29 23:00:00+00:00,219.08
5778,2023-08-30 00:00:00+00:00,448.83
5779,2023-08-30 01:00:00+00:00,189.13
5780,2023-08-30 02:00:00+00:00,69.84
5781,2023-08-30 03:00:00+00:00,41.37
5782,2023-08-30 04:00:00+00:00,32.12
5783,2023-08-30 05:00:00+00:00,34.9
5784,2023-08-30 06:00:00+00:00,31.74
5785,2023-08-30 07:00:00+00:00,27.53
5786,2023-08-30 08:00:00+00:00,25.92
5787,2023-08-30 09:00:00+00:00,26.06
5788,2023-08-30 10:00:00+00:00,27.94
5789,2023-08-30 11:00:00+00:00,29.3
5790,2023-08-30 12:00:00+00:00,28.0
5791,2023-08-30 13:00:00+00:00,25.77
5792,2023-08-30 14:00:00+00:00,26.9
5793,2023-08-30 15:00:00+00:00,30.85
5794,2023-08-30 16:00:00+00:00,30.0
5795,2023-08-30 17:00:00+00:00,44.48
5796,2023-08-30 18:00:00+00:00,107.3
5797,2023-08-30 19:00:00+00:00,224.36
5798,2023-08-30 20:00:00+00:00,399.51
5799,2023-08-30 21:00:00+00:00,465.12
5800,2023-08-30 22:00:00+00:00,608.83
5801,2023-08-30 23:00:00+00:00,1757.54
5802,2023-08-31 00:00:00+00:00,2572.4
5803,2023-08-31 01:00:00+00:00,828.75
5804,2023-08-31 02:00:00+00:00,118.97
5805,2023-08-31 03:00:00+00:00,43.7
5806,2023-08-31 04:00:00+00:00,36.86
5807,2023-08-31 05:00:00+00:00,27.3
5808,2023-08-31 06:00:00+00:00,24.52
5809,2023-08-31 07:00:00+00:00,23.03
5810,2023-08-31 08:00:00+00:00,21.97
5811,2023-08-31 09:00:00+00:00,22.24
5812,2023-08-31 10:00:00+00:00,24.02
5813,2023-08-31 11:00:00+00:00,26.17
5814,2023-08-31 12:00:00+00:00,25.08
5815,2023-08-31 13:00:00+00:00,22.6
5816,2023-08-31 14:00:00+00:00,23.94
5817,2023-08-31 15:00:00+00:00,25.72
5818,2023-08-31 16:00:00+00:00,31.04
5819,2023-08-31 17:00:00+00:00,45.0
5820,2023-08-31 18:00:00+00:00,74.83
5821,2023-08-31 19:00:00+00:00,138.83
5822,2023-08-31 20:00:00+00:00,226.85
5823,2023-08-31 21:00:00+00:00,341.26
5824,2023-08-31 22:00:00+00:00,333.17
5825,2023-08-31 23:00:00+00:00,493.79
5826,2023-09-01 00:00:00+00:00,550.0
5827,2023-09-01 01:00:00+00:00,168.17
5828,2023-09-01 02:00:00+00:00,40.32
5829,2023-09-01 03:00:00+00:00,26.66
5830,2023-09-01 04:00:00+00:00,23.67
5831,2023-09-01 05:00:00+00:00,20.05
5832,2023-09-01 06:00:00+00:00,17.46
5833,2023-09-01 07:00:00+00:00,16.65
5834,2023-09-01 08:00:00+00:00,16.63
5835,2023-09-01 09:00:00+00:00,17.57
5836,2023-09-01 10:00:00+00:00,19.21
5837,2023-09-01 11:00:00+00:00,21.24
5838,2023-09-01 12:00:00+00:00,21.26
5839,2023-09-01 13:00:00+00:00,19.35
5840,2023-09-01 14:00:00+00:00,21.29
5841,2023-09-01 15:00:00+00:00,26.84
5842,2023-09-01 16:00:00+00:00,36.59
5843,2023-09-01 17:00:00+00:00,52.24
5844,2023-09-01 18:00:00+00:00,88.71
5845,2023-09-01 19:00:00+00:00,132.71
5846,2023-09-01 20:00:00+00:00,215.34
5847,2023-09-01 21:00:00+00:00,261.14
5848,2023-09-01 22:00:00+00:00,215.48
5849,2023-09-01 23:00:00+00:00,262.19
5850,2023-09-02 00:00:00+00:00,376.68
5851,2023-09-02 01:00:00+00:00,97.91
5852,2023-09-02 02:00:00+00:00,32.82
5853,2023-09-02 03:00:00+00:00,26.29
5854,2023-09-02 04:00:00+00:00,22.57
5855,2023-09-02 05:00:00+00:00,18.77
5856,2023-09-02 06:00:00+00:00,17.58
5857,2023-09-02 07:00:00+00:00,16.37
5858,2023-09-02 08:00:00+00:00,15.71
5859,2023-09-02 09:00:00+00:00,16.27
5860,2023-09-02 10:00:00+00:00,16.88
5861,2023-09-02 11:00:00+00:00,17.47
5862,2023-09-02 12:00:00+00:00,18.16
5863,2023-09-02 13:00:00+00:00,17.91
5864,2023-09-02 14:00:00+00:00,19.22
5865,2023-09-02 15:00:00+00:00,23.42
5866,2023-09-02 16:00:00+00:00,33.37
5867,2023-09-02 17:00:00+00:00,43.07
5868,2023-09-02 18:00:00+00:00,59.24
5869,2023-09-02 19:00:00+00:00,82.02
5870,2023-09-02 20:00:00+00:00,136.24
5871,2023-09-02 21:00:00+00:00,204.86
5872,2023-09-02 22:00:00+00:00,181.82
5873,2023-09-02 23:00:00+00:00,248.99
5874,2023-09-03 00:00:00+00:00,323.21
5875,2023-09-03 01:00:00+00:00,79.06
5876,2023-09-03 02:00:00+00:00,38.87
5877,2023-09-03 03:00:00+00:00,25.38
5878,2023-09-03 04:00:00+00:00,21.1
5879,2023-09-03 05:00:00+00:00,19.5
5880,2023-09-03 06:00:00+00:00,17.25
5881,2023-09-03 07:00:00+00:00,16.46
5882,2023-09-03 08:00:00+00:00,15.91
5883,2023-09-03 09:00:00+00:00,16.3
5884,2023-09-03 10:00:00+00:00,16.54
5885,2023-09-03 11:00:00+00:00,16.03
5886,2023-09-03 12:00:00+00:00,16.66
5887,2023-09-03 13:00:00+00:00,16.87
5888,2023-09-03 14:00:00+00:00,18.37
5889,2023-09-03 15:00:00+00:00,20.76
5890,2023-09-03 16:00:00+00:00,27.42
5891,2023-09-03 17:00:00+00:00,35.42
5892,2023-09-03 18:00:00+00:00,55.75
5893,2023-09-03 19:00:00+00:00,60.21
5894,2023-09-03 20:00:00+00:00,88.54
5895,2023-09-03 21:00:00+00:00,110.14
5896,2023-09-03 22:00:00+00:00,85.1
5897,2023-09-03 23:00:00+00:00,128.43
5898,2023-09-04 00:00:00+00:00,179.06
5899,2023-09-04 01:00:00+00:00,55.14
5900,2023-09-04 02:00:00+00:00,29.36
5901,2023-09-04 03:00:00+00:00,21.32
5902,2023-09-04 04:00:00+00:00,18.18
5903,2023-09-04 05:00:00+00:00,15.93
5904,2023-09-04 06:00:00+00:00,15.2
5905,2023-09-04 07:00:00+00:00,13.89
5906,2023-09-04 08:00:00+00:00,11.46
5907,2023-09-04 09:00:00+00:00,12.48
5908,2023-09-04 10:00:00+00:00,13.31
5909,2023-09-04 11:00:00+00:00,13.89
5910,2023-09-04 12:00:00+00:00,13.92
5911,2023-09-04 13:00:00+00:00,13.45
5912,2023-09-04 14:00:00+00:00,14.04
5913,2023-09-04 15:00:00+00:00,15.64
5914,2023-09-04 16:00:00+00:00,18.89
5915,2023-09-04 17:00:00+00:00,20.76
5916,2023-09-04 18:00:00+00:00,28.33
5917,2023-09-04 19:00:00+00:00,30.85
5918,2023-09-04 20:00:00+00:00,33.34
5919,2023-09-04 21:00:00+00:00,39.86
5920,2023-09-04 22:00:00+00:00,37.43
5921,2023-09-04 23:00:00+00:00,49.6
5922,2023-09-05 00:00:00+00:00,77.3
5923,2023-09-05 01:00:00+00:00,38.46
5924,2023-09-05 02:00:00+00:00,25.26
5925,2023-09-05 03:00:00+00:00,18.65
5926,2023-09-05 04:00:00+00:00,16.93
5927,2023-09-05 05:00:00+00:00,14.1
5928,2023-09-05 06:00:00+00:00,13.21
5929,2023-09-05 07:00:00+00:00,10.48
5930,2023-09-05 08:00:00+00:00,8.63
5931,2023-09-05 09:00:00+00:00,11.46
5932,2023-09-05 10:00:00+00:00,13.75
5933,2023-09-05 11:00:00+00:00,15.42
5934,2023-09-05 12:00:00+00:00,15.77
5935,2023-09-05 13:00:00+00:00,15.12
5936,2023-09-05 14:00:00+00:00,15.12
5937,2023-09-05 15:00:00+00:00,17.45
5938,2023-09-05 16:00:00+00:00,24.42
5939,2023-09-05 17:00:00+00:00,29.58
5940,2023-09-05 18:00:00+00:00,33.45
5941,2023-09-05 19:00:00+00:00,41.25
5942,2023-09-05 20:00:00+00:00,69.41
5943,2023-09-05 21:00:00+00:00,83.3
5944,2023-09-05 22:00:00+00:00,88.63
5945,2023-09-05 23:00:00+00:00,106.44
5946,2023-09-06 00:00:00+00:00,129.72
5947,2023-09-06 01:00:00+00:00,37.08
5948,2023-09-06 02:00:00+00:00,30.22
5949,2023-09-06 03:00:00+00:00,22.17
5950,2023-09-06 04:00:00+00:00,21.86
5951,2023-09-06 05:00:00+00:00,22.36
5952,2023-09-06 06:00:00+00:00,21.36
5953,2023-09-06 07:00:00+00:00,20.22
5954,2023-09-06 08:00:00+00:00,20.11
5955,2023-09-06 09:00:00+00:00,21.44
5956,2023-09-06 10:00:00+00:00,23.3
5957,2023-09-06 11:00:00+00:00,24.05
5958,2023-09-06 12:00:00+00:00,22.51
5959,2023-09-06 13:00:00+00:00,22.07
5960,2023-09-06 14:00:00+00:00,21.47
5961,2023-09-06 15:00:00+00:00,25.76
5962,2023-09-06 16:00:00+00:00,34.42
5963,2023-09-06 17:00:00+00:00,60.75
5964,2023-09-06 18:00:00+00:00,106.48
5965,2023-09-06 19:00:00+00:00,203.74
5966,2023-09-06 20:00:00+00:00,312.55
5967,2023-09-06 21:00:00+00:00,471.32
5968,2023-09-06 22:00:00+00:00,424.2
5969,2023-09-06 23:00:00+00:00,661.97
5970,2023-09-07 00:00:00+00:00,1272.62
5971,2023-09-07 01:00:00+00:00,258.28
5972,2023-09-07 02:00:00+00:00,38.03
5973,2023-09-07 03:00:00+00:00,29.96
5974,2023-09-07 04:00:00+00:00,25.09
5975,2023-09-07 05:00:00+00:00,22.53
5976,2023-09-07 06:00:00+00:00,21.05
5977,2023-09-07 07:00:00+00:00,18.84
5978,2023-09-07 08:00:00+00:00,18.07
5979,2023-09-07 09:00:00+00:00,18.72
5980,2023-09-07 10:00:00+00:00,20.29
5981,2023-09-07 11:00:00+00:00,21.62
5982,2023-09-07 12:00:00+00:00,20.95
5983,2023-09-07 13:00:00+00:00,18.74
5984,2023-09-07 14:00:00+00:00,20.83
5985,2023-09-07 15:00:00+00:00,23.78
5986,2023-09-07 16:00:00+00:00,31.12
5987,2023-09-07 17:00:00+00:00,52.39
5988,2023-09-07 18:00:00+00:00,107.01
5989,2023-09-07 19:00:00+00:00,259.1
5990,2023-09-07 20:00:00+00:00,610.42
5991,2023-09-07 21:00:00+00:00,938.06
5992,2023-09-07 22:00:00+00:00,1045.07
5993,2023-09-07 23:00:00+00:00,2205.43
5994,2023-09-08 00:00:00+00:00,2720.52
5995,2023-09-08 01:00:00+00:00,392.9
5996,2023-09-08 02:00:00+00:00,41.0
5997,2023-09-08 03:00:00+00:00,25.27
5998,2023-09-08 04:00:00+00:00,20.7
5999,2023-09-08 05:00:00+00:00,18.52
6000,2023-09-08 06:00:00+00:00,16.74
6001,2023-09-08 07:00:00+00:00,15.69
6002,2023-09-08 08:00:00+00:00,14.84
6003,2023-09-08 09:00:00+00:00,15.97
6004,2023-09-08 10:00:00+00:00,16.59
6005,2023-09-08 11:00:00+00:00,18.15
6006,2023-09-08 12:00:00+00:00,18.25
6007,2023-09-08 13:00:00+00:00,17.82
6008,2023-09-08 14:00:00+00:00,18.88
6009,2023-09-08 15:00:00+00:00,23.56
6010,2023-09-08 16:00:00+00:00,29.59
6011,2023-09-08 17:00:00+00:00,48.58
6012,2023-09-08 18:00:00+00:00,249.35
6013,2023-09-08 19:00:00+00:00,462.04
6014,2023-09-08 20:00:00+00:00,1000.96
6015,2023-09-08 21:00:00+00:00,1479.56
6016,2023-09-08 22:00:00+00:00,1556.57
6017,2023-09-08 23:00:00+00:00,1962.5
6018,2023-09-09 00:00:00+00:00,2398.13
6019,2023-09-09 01:00:00+00:00,350.19
6020,2023-09-09 02:00:00+00:00,37.15
6021,2023-09-09 03:00:00+00:00,27.78
6022,2023-09-09 04:00:00+00:00,23.03
6023,2023-09-09 05:00:00+00:00,21.1
6024,2023-09-09 06:00:00+00:00,18.92
6025,2023-09-09 07:00:00+00:00,17.95
6026,2023-09-09 08:00:00+00:00,17.62
6027,2023-09-09 09:00:00+00:00,17.71
6028,2023-09-09 10:00:00+00:00,18.13
6029,2023-09-09 11:00:00+00:00,17.98
6030,2023-09-09 12:00:00+00:00,18.37
6031,2023-09-09 13:00:00+00:00,17.75
6032,2023-09-09 14:00:00+00:00,18.55
6033,2023-09-09 15:00:00+00:00,22.98
6034,2023-09-09 16:00:00+00:00,28.63
6035,2023-09-09 17:00:00+00:00,38.04
6036,2023-09-09 18:00:00+00:00,53.19
6037,2023-09-09 19:00:00+00:00,72.01
6038,2023-09-09 20:00:00+00:00,149.8
6039,2023-09-09 21:00:00+00:00,194.03
6040,2023-09-09 22:00:00+00:00,138.53
6041,2023-09-09 23:00:00+00:00,161.8
6042,2023-09-10 00:00:00+00:00,177.41
6043,2023-09-10 01:00:00+00:00,44.23
6044,2023-09-10 02:00:00+00:00,28.11
6045,2023-09-10 03:00:00+00:00,26.87
6046,2023-09-10 04:00:00+00:00,22.65
6047,2023-09-10 05:00:00+00:00,21.01
6048,2023-09-10 06:00:00+00:00,19.17
6049,2023-09-10 07:00:00+00:00,18.17
6050,2023-09-10 08:00:00+00:00,17.94
6051,2023-09-10 09:00:00+00:00,18.06
6052,2023-09-10 10:00:00+00:00,19.4
6053,2023-09-10 11:00:00+00:00,18.08
6054,2023-09-10 12:00:00+00:00,17.76
6055,2023-09-10 13:00:00+00:00,17.3
6056,2023-09-10 14:00:00+00:00,16.66
6057,2023-09-10 15:00:00+00:00,18.15
6058,2023-09-10 16:00:00+00:00,23.74
6059,2023-09-10 17:00:00+00:00,27.0
6060,2023-09-10 18:00:00+00:00,32.9
6061,2023-09-10 19:00:00+00:00,39.88
6062,2023-09-10 20:00:00+00:00,50.48
6063,2023-09-10 21:00:00+00:00,56.51
6064,2023-09-10 22:00:00+00:00,46.54
6065,2023-09-10 23:00:00+00:00,63.61
6066,2023-09-11 00:00:00+00:00,74.75
6067,2023-09-11 01:00:00+00:00,34.83
6068,2023-09-11 02:00:00+00:00,26.25
6069,2023-09-11 03:00:00+00:00,23.67
6070,2023-09-11 04:00:00+00:00,19.84
6071,2023-09-11 05:00:00+00:00,18.62
6072,2023-09-11 06:00:00+00:00,17.77
6073,2023-09-11 07:00:00+00:00,17.06
6074,2023-09-11 08:00:00+00:00,16.77
6075,2023-09-11 09:00:00+00:00,17.23
6076,2023-09-11 10:00:00+00:00,18.58
6077,2023-09-11 11:00:00+00:00,22.72
6078,2023-09-11 12:00:00+00:00,22.32
6079,2023-09-11 13:00:00+00:00,21.48
6080,2023-09-11 14:00:00+00:00,20.33
6081,2023-09-11 15:00:00+00:00,21.22
6082,2023-09-11 16:00:00+00:00,24.75
6083,2023-09-11 17:00:00+00:00,28.4
6084,2023-09-11 18:00:00+00:00,34.42
6085,2023-09-11 19:00:00+00:00,45.35
6086,2023-09-11 20:00:00+00:00,61.51
6087,2023-09-11 21:00:00+00:00,70.08
6088,2023-09-11 22:00:00+00:00,49.59
6089,2023-09-11 23:00:00+00:00,49.98
6090,2023-09-12 00:00:00+00:00,63.31
6091,2023-09-12 01:00:00+00:00,41.14
6092,2023-09-12 02:00:00+00:00,33.68
6093,2023-09-12 03:00:00+00:00,26.82
6094,2023-09-12 04:00:00+00:00,23.03
6095,2023-09-12 05:00:00+00:00,21.18
6096,2023-09-12 06:00:00+00:00,20.0
6097,2023-09-12 07:00:00+00:00,19.44
6098,2023-09-12 08:00:00+00:00,19.18
6099,2023-09-12 09:00:00+00:00,20.04
6100,2023-09-12 10:00:00+00:00,22.45
6101,2023-09-12 11:00:00+00:00,24.5
6102,2023-09-12 12:00:00+00:00,24.19
6103,2023-09-12 13:00:00+00:00,23.02
6104,2023-09-12 14:00:00+00:00,22.66
6105,2023-09-12 15:00:00+00:00,24.59
6106,2023-09-12 16:00:00+00:00,30.11
6107,2023-09-12 17:00:00+00:00,35.65
6108,2023-09-12 18:00:00+00:00,45.54
6109,2023-09-12 19:00:00+00:00,54.4
6110,2023-09-12 20:00:00+00:00,68.08
6111,2023-09-12 21:00:00+00:00,85.72
6112,2023-09-12 22:00:00+00:00,76.15
6113,2023-09-12 23:00:00+00:00,66.24
6114,2023-09-13 00:00:00+00:00,67.33
6115,2023-09-13 01:00:00+00:00,52.16
6116,2023-09-13 02:00:00+00:00,36.38
6117,2023-09-13 03:00:00+00:00,31.0
6118,2023-09-13 04:00:00+00:00,23.64
6119,2023-09-13 05:00:00+00:00,23.97
6120,2023-09-13 06:00:00+00:00,23.14
6121,2023-09-13 07:00:00+00:00,22.02
6122,2023-09-13 08:00:00+00:00,21.63
6123,2023-09-13 09:00:00+00:00,22.43
6124,2023-09-13 10:00:00+00:00,23.3
6125,2023-09-13 11:00:00+00:00,28.86
6126,2023-09-13 12:00:00+00:00,26.95
6127,2023-09-13 13:00:00+00:00,23.77
6128,2023-09-13 14:00:00+00:00,24.89
6129,2023-09-13 15:00:00+00:00,25.76
6130,2023-09-13 16:00:00+00:00,28.73
6131,2023-09-13 17:00:00+00:00,33.98
6132,2023-09-13 18:00:00+00:00,39.65
6133,2023-09-13 19:00:00+00:00,43.79
6134,2023-09-13 20:00:00+00:00,50.14
6135,2023-09-13 21:00:00+00:00,53.36
6136,2023-09-13 22:00:00+00:00,46.44
6137,2023-09-13 23:00:00+00:00,43.25
6138,2023-09-14 00:00:00+00:00,56.8
6139,2023-09-14 01:00:00+00:00,37.89
6140,2023-09-14 02:00:00+00:00,31.46
6141,2023-09-14 03:00:00+00:00,25.88
6142,2023-09-14 04:00:00+00:00,21.76
6143,2023-09-14 05:00:00+00:00,22.15
6144,2023-09-14 06:00:00+00:00,21.35
6145,2023-09-14 07:00:00+00:00,20.76
6146,2023-09-14 08:00:00+00:00,20.5
6147,2023-09-14 09:00:00+00:00,21.53
6148,2023-09-14 10:00:00+00:00,23.3
6149,2023-09-14 11:00:00+00:00,27.04
6150,2023-09-14 12:00:00+00:00,26.45
6151,2023-09-14 13:00:00+00:00,23.44
6152,2023-09-14 14:00:00+00:00,23.01
6153,2023-09-14 15:00:00+00:00,23.7
6154,2023-09-14 16:00:00+00:00,26.01
6155,2023-09-14 17:00:00+00:00,30.33
6156,2023-09-14 18:00:00+00:00,35.04
6157,2023-09-14 19:00:00+00:00,33.1
6158,2023-09-14 20:00:00+00:00,35.57
6159,2023-09-14 21:00:00+00:00,36.93
6160,2023-09-14 22:00:00+00:00,33.27
6161,2023-09-14 23:00:00+00:00,35.33
6162,2023-09-15 00:00:00+00:00,45.74
6163,2023-09-15 01:00:00+00:00,34.91
6164,2023-09-15 02:00:00+00:00,30.63
6165,2023-09-15 03:00:00+00:00,26.48
6166,2023-09-15 04:00:00+00:00,22.59
6167,2023-09-15 05:00:00+00:00,22.37
6168,2023-09-15 06:00:00+00:00,22.1
6169,2023-09-15 07:00:00+00:00,22.43
6170,2023-09-15 08:00:00+00:00,22.34
6171,2023-09-15 09:00:00+00:00,22.85
6172,2023-09-15 10:00:00+00:00,23.72
6173,2023-09-15 11:00:00+00:00,28.83
6174,2023-09-15 12:00:00+00:00,27.81
6175,2023-09-15 13:00:00+00:00,23.8
6176,2023-09-15 14:00:00+00:00,23.85
6177,2023-09-15 15:00:00+00:00,23.86
6178,2023-09-15 16:00:00+00:00,26.6
6179,2023-09-15 17:00:00+00:00,28.69
6180,2023-09-15 18:00:00+00:00,32.94
6181,2023-09-15 19:00:00+00:00,35.97
6182,2023-09-15 20:00:00+00:00,40.09
6183,2023-09-15 21:00:00+00:00,40.78
6184,2023-09-15 22:00:00+00:00,39.86
6185,2023-09-15 23:00:00+00:00,42.43
6186,2023-09-16 00:00:00+00:00,50.78
6187,2023-09-16 01:00:00+00:00,35.14
6188,2023-09-16 02:00:00+00:00,30.75
6189,2023-09-16 03:00:00+00:00,26.81
6190,2023-09-16 04:00:00+00:00,23.93
6191,2023-09-16 05:00:00+00:00,24.4
6192,2023-09-16 06:00:00+00:00,23.92
6193,2023-09-16 07:00:00+00:00,23.07
6194,2023-09-16 08:00:00+00:00,22.15
6195,2023-09-16 09:00:00+00:00,21.6
6196,2023-09-16 10:00:00+00:00,21.7
6197,2023-09-16 11:00:00+00:00,23.72
6198,2023-09-16 12:00:00+00:00,23.59
6199,2023-09-16 13:00:00+00:00,23.14
6200,2023-09-16 14:00:00+00:00,23.26
6201,2023-09-16 15:00:00+00:00,23.56
6202,2023-09-16 16:00:00+00:00,24.23
6203,2023-09-16 17:00:00+00:00,28.05
6204,2023-09-16 18:00:00+00:00,29.99
6205,2023-09-16 19:00:00+00:00,29.06
6206,2023-09-16 20:00:00+00:00,29.8
6207,2023-09-16 21:00:00+00:00,28.98
6208,2023-09-16 22:00:00+00:00,28.62
6209,2023-09-16 23:00:00+00:00,40.4
6210,2023-09-17 00:00:00+00:00,69.26
6211,2023-09-17 01:00:00+00:00,39.83
6212,2023-09-17 02:00:00+00:00,32.91
6213,2023-09-17 03:00:00+00:00,29.92
6214,2023-09-17 04:00:00+00:00,25.34
6215,2023-09-17 05:00:00+00:00,28.41
6216,2023-09-17 06:00:00+00:00,26.01
6217,2023-09-17 07:00:00+00:00,24.28
6218,2023-09-17 08:00:00+00:00,23.41
6219,2023-09-17 09:00:00+00:00,22.82
6220,2023-09-17 10:00:00+00:00,22.42
6221,2023-09-17 11:00:00+00:00,23.35
6222,2023-09-17 12:00:00+00:00,22.77
6223,2023-09-17 13:00:00+00:00,19.9
6224,2023-09-17 14:00:00+00:00,19.85
6225,2023-09-17 15:00:00+00:00,21.88
6226,2023-09-17 16:00:00+00:00,22.8
6227,2023-09-17 17:00:00+00:00,26.4
6228,2023-09-17 18:00:00+00:00,30.35
6229,2023-09-17 19:00:00+00:00,31.76
6230,2023-09-17 20:00:00+00:00,37.29
6231,2023-09-17 21:00:00+00:00,39.87
6232,2023-09-17 22:00:00+00:00,50.27
6233,2023-09-17 23:00:00+00:00,104.55
6234,2023-09-18 00:00:00+00:00,140.86
6235,2023-09-18 01:00:00+00:00,42.58
6236,2023-09-18 02:00:00+00:00,33.22
6237,2023-09-18 03:00:00+00:00,28.13
6238,2023-09-18 04:00:00+00:00,24.05
6239,2023-09-18 05:00:00+00:00,20.23
6240,2023-09-18 06:00:00+00:00,17.8
6241,2023-09-18 07:00:00+00:00,16.56
6242,2023-09-18 08:00:00+00:00,16.01
6243,2023-09-18 09:00:00+00:00,15.99
6244,2023-09-18 10:00:00+00:00,16.71
6245,2023-09-18 11:00:00+00:00,19.55
6246,2023-09-18 12:00:00+00:00,19.38
6247,2023-09-18 13:00:00+00:00,17.68
6248,2023-09-18 14:00:00+00:00,17.03
6249,2023-09-18 15:00:00+00:00,17.84
6250,2023-09-18 16:00:00+00:00,19.79
6251,2023-09-18 17:00:00+00:00,24.52
6252,2023-09-18 18:00:00+00:00,29.89
6253,2023-09-18 19:00:00+00:00,35.06
6254,2023-09-18 20:00:00+00:00,44.49
6255,2023-09-18 21:00:00+00:00,50.3
6256,2023-09-18 22:00:00+00:00,52.04
6257,2023-09-18 23:00:00+00:00,65.16
6258,2023-09-19 00:00:00+00:00,59.95
6259,2023-09-19 01:00:00+00:00,28.95
6260,2023-09-19 02:00:00+00:00,24.66
6261,2023-09-19 03:00:00+00:00,20.0
6262,2023-09-19 04:00:00+00:00,16.94
6263,2023-09-19 05:00:00+00:00,14.67
6264,2023-09-19 06:00:00+00:00,12.68
6265,2023-09-19 07:00:00+00:00,8.06
6266,2023-09-19 08:00:00+00:00,7.83
6267,2023-09-19 09:00:00+00:00,11.45
6268,2023-09-19 10:00:00+00:00,14.96
6269,2023-09-19 11:00:00+00:00,18.72
6270,2023-09-19 12:00:00+00:00,19.4
6271,2023-09-19 13:00:00+00:00,17.23
6272,2023-09-19 14:00:00+00:00,17.15
6273,2023-09-19 15:00:00+00:00,19.93
6274,2023-09-19 16:00:00+00:00,24.46
6275,2023-09-19 17:00:00+00:00,30.0
6276,2023-09-19 18:00:00+00:00,39.32
6277,2023-09-19 19:00:00+00:00,42.04
6278,2023-09-19 20:00:00+00:00,44.89
6279,2023-09-19 21:00:00+00:00,53.1
6280,2023-09-19 22:00:00+00:00,51.89
6281,2023-09-19 23:00:00+00:00,63.87
6282,2023-09-20 00:00:00+00:00,49.94
6283,2023-09-20 01:00:00+00:00,28.81
6284,2023-09-20 02:00:00+00:00,23.76
6285,2023-09-20 03:00:00+00:00,21.59
6286,2023-09-20 04:00:00+00:00,18.42
6287,2023-09-20 05:00:00+00:00,16.4
6288,2023-09-20 06:00:00+00:00,12.21
6289,2023-09-20 07:00:00+00:00,9.39
6290,2023-09-20 08:00:00+00:00,8.48
6291,2023-09-20 09:00:00+00:00,10.6
6292,2023-09-20 10:00:00+00:00,14.72
6293,2023-09-20 11:00:00+00:00,18.48
6294,2023-09-20 12:00:00+00:00,18.83
6295,2023-09-20 13:00:00+00:00,17.43
6296,2023-09-20 14:00:00+00:00,17.77
6297,2023-09-20 15:00:00+00:00,21.78
6298,2023-09-20 16:00:00+00:00,26.9
6299,2023-09-20 17:00:00+00:00,29.78
6300,2023-09-20 18:00:00+00:00,46.98
6301,2023-09-20 19:00:00+00:00,62.48
6302,2023-09-20 20:00:00+00:00,108.64
6303,2023-09-20 21:00:00+00:00,219.42
6304,2023-09-20 22:00:00+00:00,222.35
6305,2023-09-20 23:00:00+00:00,500.6
6306,2023-09-21 00:00:00+00:00,290.25
6307,2023-09-21 01:00:00+00:00,57.51
6308,2023-09-21 02:00:00+00:00,29.08
6309,2023-09-21 03:00:00+00:00,24.29
6310,2023-09-21 04:00:00+00:00,22.2
6311,2023-09-21 05:00:00+00:00,20.24
6312,2023-09-21 06:00:00+00:00,17.88
6313,2023-09-21 07:00:00+00:00,16.69
6314,2023-09-21 08:00:00+00:00,16.61
6315,2023-09-21 09:00:00+00:00,18.1
6316,2023-09-21 10:00:00+00:00,20.19
6317,2023-09-21 11:00:00+00:00,23.36
6318,2023-09-21 12:00:00+00:00,23.25
6319,2023-09-21 13:00:00+00:00,22.51
6320,2023-09-21 14:00:00+00:00,23.07
6321,2023-09-21 15:00:00+00:00,23.37
6322,2023-09-21 16:00:00+00:00,27.04
6323,2023-09-21 17:00:00+00:00,31.58
6324,2023-09-21 18:00:00+00:00,45.19
6325,2023-09-21 19:00:00+00:00,51.53
6326,2023-09-21 20:00:00+00:00,56.79
6327,2023-09-21 21:00:00+00:00,54.3
6328,2023-09-21 22:00:00+00:00,52.1
6329,2023-09-21 23:00:00+00:00,65.54
6330,2023-09-22 00:00:00+00:00,58.04
6331,2023-09-22 01:00:00+00:00,38.13
6332,2023-09-22 02:00:00+00:00,27.09
6333,2023-09-22 03:00:00+00:00,27.21
6334,2023-09-22 04:00:00+00:00,22.58
6335,2023-09-22 05:00:00+00:00,22.26
6336,2023-09-22 06:00:00+00:00,21.37
6337,2023-09-22 07:00:00+00:00,20.1
6338,2023-09-22 08:00:00+00:00,19.83
6339,2023-09-22 09:00:00+00:00,20.98
6340,2023-09-22 10:00:00+00:00,21.62
6341,2023-09-22 11:00:00+00:00,24.99
6342,2023-09-22 12:00:00+00:00,24.89
6343,2023-09-22 13:00:00+00:00,21.76
6344,2023-09-22 14:00:00+00:00,19.68
6345,2023-09-22 15:00:00+00:00,19.48
6346,2023-09-22 16:00:00+00:00,22.93
6347,2023-09-22 17:00:00+00:00,26.45
6348,2023-09-22 18:00:00+00:00,37.73
6349,2023-09-22 19:00:00+00:00,50.87
6350,2023-09-22 20:00:00+00:00,60.63
6351,2023-09-22 21:00:00+00:00,55.28
6352,2023-09-22 22:00:00+00:00,48.94
6353,2023-09-22 23:00:00+00:00,69.98
6354,2023-09-23 00:00:00+00:00,51.49
6355,2023-09-23 01:00:00+00:00,29.05
6356,2023-09-23 02:00:00+00:00,24.79
6357,2023-09-23 03:00:00+00:00,23.97
6358,2023-09-23 04:00:00+00:00,21.4
6359,2023-09-23 05:00:00+00:00,20.31
6360,2023-09-23 06:00:00+00:00,18.55
6361,2023-09-23 07:00:00+00:00,17.56
6362,2023-09-23 08:00:00+00:00,16.46
6363,2023-09-23 09:00:00+00:00,17.96
6364,2023-09-23 10:00:00+00:00,17.9
6365,2023-09-23 11:00:00+00:00,16.19
6366,2023-09-23 12:00:00+00:00,16.98
6367,2023-09-23 13:00:00+00:00,16.64
6368,2023-09-23 14:00:00+00:00,16.06
6369,2023-09-23 15:00:00+00:00,19.11
6370,2023-09-23 16:00:00+00:00,26.09
6371,2023-09-23 17:00:00+00:00,25.49
6372,2023-09-23 18:00:00+00:00,40.54
6373,2023-09-23 19:00:00+00:00,55.33
6374,2023-09-23 20:00:00+00:00,70.81
6375,2023-09-23 21:00:00+00:00,99.68
6376,2023-09-23 22:00:00+00:00,96.32
6377,2023-09-23 23:00:00+00:00,141.93
6378,2023-09-24 00:00:00+00:00,84.14
6379,2023-09-24 01:00:00+00:00,32.31
6380,2023-09-24 02:00:00+00:00,23.63
6381,2023-09-24 03:00:00+00:00,25.16
6382,2023-09-24 04:00:00+00:00,22.01
6383,2023-09-24 05:00:00+00:00,21.89
6384,2023-09-24 06:00:00+00:00,22.1
6385,2023-09-24 07:00:00+00:00,20.34
6386,2023-09-24 08:00:00+00:00,18.63
6387,2023-09-24 09:00:00+00:00,19.82
6388,2023-09-24 10:00:00+00:00,19.73
6389,2023-09-24 11:00:00+00:00,18.44
6390,2023-09-24 12:00:00+00:00,19.3
6391,2023-09-24 13:00:00+00:00,17.96
6392,2023-09-24 14:00:00+00:00,17.9
6393,2023-09-24 15:00:00+00:00,21.38
6394,2023-09-24 16:00:00+00:00,26.57
6395,2023-09-24 17:00:00+00:00,36.34
6396,2023-09-24 18:00:00+00:00,50.37
6397,2023-09-24 19:00:00+00:00,69.0
6398,2023-09-24 20:00:00+00:00,104.6
6399,2023-09-24 21:00:00+00:00,176.13
6400,2023-09-24 22:00:00+00:00,203.19
6401,2023-09-24 23:00:00+00:00,281.62
6402,2023-09-25 00:00:00+00:00,170.75
6403,2023-09-25 01:00:00+00:00,39.54
6404,2023-09-25 02:00:00+00:00,25.6
6405,2023-09-25 03:00:00+00:00,27.73
6406,2023-09-25 04:00:00+00:00,23.4
6407,2023-09-25 05:00:00+00:00,22.1
6408,2023-09-25 06:00:00+00:00,20.4
6409,2023-09-25 07:00:00+00:00,20.52
6410,2023-09-25 08:00:00+00:00,20.43
6411,2023-09-25 09:00:00+00:00,21.56
6412,2023-09-25 10:00:00+00:00,23.58
6413,2023-09-25 11:00:00+00:00,28.34
6414,2023-09-25 12:00:00+00:00,29.05
6415,2023-09-25 13:00:00+00:00,23.8
6416,2023-09-25 14:00:00+00:00,23.16
6417,2023-09-25 15:00:00+00:00,25.83
6418,2023-09-25 16:00:00+00:00,27.8
6419,2023-09-25 17:00:00+00:00,30.63
6420,2023-09-25 18:00:00+00:00,43.33
6421,2023-09-25 19:00:00+00:00,51.79
6422,2023-09-25 20:00:00+00:00,71.26
6423,2023-09-25 21:00:00+00:00,81.59
6424,2023-09-25 22:00:00+00:00,84.07
6425,2023-09-25 23:00:00+00:00,130.69
6426,2023-09-26 00:00:00+00:00,115.67
6427,2023-09-26 01:00:00+00:00,41.21
6428,2023-09-26 02:00:00+00:00,32.03
6429,2023-09-26 03:00:00+00:00,27.07
6430,2023-09-26 04:00:00+00:00,22.24
6431,2023-09-26 05:00:00+00:00,22.79
6432,2023-09-26 06:00:00+00:00,21.71
6433,2023-09-26 07:00:00+00:00,21.22
6434,2023-09-26 08:00:00+00:00,21.03
6435,2023-09-26 09:00:00+00:00,21.5
6436,2023-09-26 10:00:00+00:00,25.05
6437,2023-09-26 11:00:00+00:00,32.49
6438,2023-09-26 12:00:00+00:00,32.26
6439,2023-09-26 13:00:00+00:00,24.43
6440,2023-09-26 14:00:00+00:00,23.69
6441,2023-09-26 15:00:00+00:00,24.7
6442,2023-09-26 16:00:00+00:00,29.96
6443,2023-09-26 17:00:00+00:00,36.1
6444,2023-09-26 18:00:00+00:00,51.3
6445,2023-09-26 19:00:00+00:00,65.05
6446,2023-09-26 20:00:00+00:00,98.24
6447,2023-09-26 21:00:00+00:00,159.57
6448,2023-09-26 22:00:00+00:00,184.46
6449,2023-09-26 23:00:00+00:00,283.17
6450,2023-09-27 00:00:00+00:00,213.49
6451,2023-09-27 01:00:00+00:00,47.62
6452,2023-09-27 02:00:00+00:00,30.13
6453,2023-09-27 03:00:00+00:00,25.57
6454,2023-09-27 04:00:00+00:00,21.93
6455,2023-09-27 05:00:00+00:00,20.92
6456,2023-09-27 06:00:00+00:00,18.53
6457,2023-09-27 07:00:00+00:00,16.94
6458,2023-09-27 08:00:00+00:00,16.54
6459,2023-09-27 09:00:00+00:00,17.27
6460,2023-09-27 10:00:00+00:00,19.22
6461,2023-09-27 11:00:00+00:00,22.81
6462,2023-09-27 12:00:00+00:00,23.1
6463,2023-09-27 13:00:00+00:00,19.23
6464,2023-09-27 14:00:00+00:00,20.51
6465,2023-09-27 15:00:00+00:00,26.21
6466,2023-09-27 16:00:00+00:00,30.82
6467,2023-09-27 17:00:00+00:00,39.57
6468,2023-09-27 18:00:00+00:00,65.23
6469,2023-09-27 19:00:00+00:00,111.83
6470,2023-09-27 20:00:00+00:00,204.25
6471,2023-09-27 21:00:00+00:00,366.85
6472,2023-09-27 22:00:00+00:00,303.02
6473,2023-09-27 23:00:00+00:00,450.34
6474,2023-09-28 00:00:00+00:00,244.76
6475,2023-09-28 01:00:00+00:00,48.98
6476,2023-09-28 02:00:00+00:00,29.09
6477,2023-09-28 03:00:00+00:00,24.06
6478,2023-09-28 04:00:00+00:00,20.19
6479,2023-09-28 05:00:00+00:00,16.93
6480,2023-09-28 06:00:00+00:00,16.09
6481,2023-09-28 07:00:00+00:00,15.2
6482,2023-09-28 08:00:00+00:00,15.38
6483,2023-09-28 09:00:00+00:00,16.19
6484,2023-09-28 10:00:00+00:00,17.29
6485,2023-09-28 11:00:00+00:00,19.1
6486,2023-09-28 12:00:00+00:00,19.61
6487,2023-09-28 13:00:00+00:00,17.48
6488,2023-09-28 14:00:00+00:00,17.7
6489,2023-09-28 15:00:00+00:00,20.99
6490,2023-09-28 16:00:00+00:00,31.54
6491,2023-09-28 17:00:00+00:00,35.15
6492,2023-09-28 18:00:00+00:00,48.17
6493,2023-09-28 19:00:00+00:00,57.49
6494,2023-09-28 20:00:00+00:00,72.31
6495,2023-09-28 21:00:00+00:00,88.15
6496,2023-09-28 22:00:00+00:00,86.55
6497,2023-09-28 23:00:00+00:00,124.63
6498,2023-09-29 00:00:00+00:00,71.13
6499,2023-09-29 01:00:00+00:00,31.71
6500,2023-09-29 02:00:00+00:00,26.77
6501,2023-09-29 03:00:00+00:00,22.35
6502,2023-09-29 04:00:00+00:00,19.91
6503,2023-09-29 05:00:00+00:00,17.36
6504,2023-09-29 06:00:00+00:00,16.14
6505,2023-09-29 07:00:00+00:00,14.63
6506,2023-09-29 08:00:00+00:00,14.07
6507,2023-09-29 09:00:00+00:00,13.89
6508,2023-09-29 10:00:00+00:00,15.83
6509,2023-09-29 11:00:00+00:00,18.5
6510,2023-09-29 12:00:00+00:00,18.91
6511,2023-09-29 13:00:00+00:00,18.01
6512,2023-09-29 14:00:00+00:00,18.38
6513,2023-09-29 15:00:00+00:00,21.44
6514,2023-09-29 16:00:00+00:00,22.3
6515,2023-09-29 17:00:00+00:00,32.04
6516,2023-09-29 18:00:00+00:00,36.91
6517,2023-09-29 19:00:00+00:00,37.91
6518,2023-09-29 20:00:00+00:00,43.95
6519,2023-09-29 21:00:00+00:00,45.66
6520,2023-09-29 22:00:00+00:00,44.12
6521,2023-09-29 23:00:00+00:00,70.19
6522,2023-09-30 00:00:00+00:00,53.75
6523,2023-09-30 01:00:00+00:00,31.4
6524,2023-09-30 02:00:00+00:00,24.91
6525,2023-09-30 03:00:00+00:00,22.5
6526,2023-09-30 04:00:00+00:00,19.25
6527,2023-09-30 05:00:00+00:00,18.18
6528,2023-09-30 06:00:00+00:00,16.4
6529,2023-09-30 07:00:00+00:00,15.34
6530,2023-09-30 08:00:00+00:00,14.07
6531,2023-09-30 09:00:00+00:00,14.26
6532,2023-09-30 10:00:00+00:00,15.05
6533,2023-09-30 11:00:00+00:00,16.26
6534,2023-09-30 12:00:00+00:00,17.13
6535,2023-09-30 13:00:00+00:00,18.47
6536,2023-09-30 14:00:00+00:00,18.51
6537,2023-09-30 15:00:00+00:00,20.6
6538,2023-09-30 16:00:00+00:00,27.18
6539,2023-09-30 17:00:00+00:00,33.73
6540,2023-09-30 18:00:00+00:00,40.46
6541,2023-09-30 19:00:00+00:00,34.6
6542,2023-09-30 20:00:00+00:00,38.62
6543,2023-09-30 21:00:00+00:00,35.12
6544,2023-09-30 22:00:00+00:00,37.52
6545,2023-09-30 23:00:00+00:00,50.39
6546,2023-10-01 00:00:00+00:00,45.68
6547,2023-10-01 01:00:00+00:00,30.0
6548,2023-10-01 02:00:00+00:00,25.05
6549,2023-10-01 03:00:00+00:00,24.95
6550,2023-10-01 04:00:00+00:00,22.59
6551,2023-10-01 05:00:00+00:00,21.18
6552,2023-10-01 06:00:00+00:00,18.11
6553,2023-10-01 07:00:00+00:00,17.4
6554,2023-10-01 08:00:00+00:00,16.75
6555,2023-10-01 09:00:00+00:00,16.8
6556,2023-10-01 10:00:00+00:00,17.74
6557,2023-10-01 11:00:00+00:00,17.29
6558,2023-10-01 12:00:00+00:00,18.38
6559,2023-10-01 13:00:00+00:00,19.16
6560,2023-10-01 14:00:00+00:00,18.82
6561,2023-10-01 15:00:00+00:00,18.68
6562,2023-10-01 16:00:00+00:00,23.09
6563,2023-10-01 17:00:00+00:00,27.01
6564,2023-10-01 18:00:00+00:00,32.42
6565,2023-10-01 19:00:00+00:00,37.19
6566,2023-10-01 20:00:00+00:00,44.73
6567,2023-10-01 21:00:00+00:00,49.35
6568,2023-10-01 22:00:00+00:00,52.96
6569,2023-10-01 23:00:00+00:00,92.21
6570,2023-10-02 00:00:00+00:00,71.73
6571,2023-10-02 01:00:00+00:00,40.13
6572,2023-10-02 02:00:00+00:00,28.69
6573,2023-10-02 03:00:00+00:00,26.46
6574,2023-10-02 04:00:00+00:00,23.4
6575,2023-10-02 05:00:00+00:00,22.69
6576,2023-10-02 06:00:00+00:00,20.42
6577,2023-10-02 07:00:00+00:00,19.75
6578,2023-10-02 08:00:00+00:00,19.32
6579,2023-10-02 09:00:00+00:00,20.69
6580,2023-10-02 10:00:00+00:00,22.47
6581,2023-10-02 11:00:00+00:00,25.79
6582,2023-10-02 12:00:00+00:00,26.12
6583,2023-10-02 13:00:00+00:00,22.67
6584,2023-10-02 14:00:00+00:00,21.2
6585,2023-10-02 15:00:00+00:00,21.16
6586,2023-10-02 16:00:00+00:00,28.6
6587,2023-10-02 17:00:00+00:00,31.25
6588,2023-10-02 18:00:00+00:00,40.98
6589,2023-10-02 19:00:00+00:00,46.61
6590,2023-10-02 20:00:00+00:00,60.27
6591,2023-10-02 21:00:00+00:00,61.29
6592,2023-10-02 22:00:00+00:00,59.11
6593,2023-10-02 23:00:00+00:00,75.44
6594,2023-10-03 00:00:00+00:00,64.72
6595,2023-10-03 01:00:00+00:00,36.09
6596,2023-10-03 02:00:00+00:00,26.14
6597,2023-10-03 03:00:00+00:00,25.2
6598,2023-10-03 04:00:00+00:00,22.06
6599,2023-10-03 05:00:00+00:00,21.19
6600,2023-10-03 06:00:00+00:00,17.52
6601,2023-10-03 07:00:00+00:00,18.08
6602,2023-10-03 08:00:00+00:00,16.94
6603,2023-10-03 09:00:00+00:00,17.09
6604,2023-10-03 10:00:00+00:00,18.11
6605,2023-10-03 11:00:00+00:00,19.36
6606,2023-10-03 12:00:00+00:00,20.75
6607,2023-10-03 13:00:00+00:00,19.3
6608,2023-10-03 14:00:00+00:00,19.05
6609,2023-10-03 15:00:00+00:00,21.11
6610,2023-10-03 16:00:00+00:00,26.05
6611,2023-10-03 17:00:00+00:00,29.8
6612,2023-10-03 18:00:00+00:00,36.42
6613,2023-10-03 19:00:00+00:00,42.97
6614,2023-10-03 20:00:00+00:00,47.83
6615,2023-10-03 21:00:00+00:00,54.27
6616,2023-10-03 22:00:00+00:00,51.96
6617,2023-10-03 23:00:00+00:00,84.75
6618,2023-10-04 00:00:00+00:00,68.21
6619,2023-10-04 01:00:00+00:00,33.95
6620,2023-10-04 02:00:00+00:00,27.96
6621,2023-10-04 03:00:00+00:00,26.08
6622,2023-10-04 04:00:00+00:00,23.33
6623,2023-10-04 05:00:00+00:00,22.18
6624,2023-10-04 06:00:00+00:00,20.33
6625,2023-10-04 07:00:00+00:00,19.5
6626,2023-10-04 08:00:00+00:00,19.79
6627,2023-10-04 09:00:00+00:00,20.75
6628,2023-10-04 10:00:00+00:00,23.58
6629,2023-10-04 11:00:00+00:00,24.92
6630,2023-10-04 12:00:00+00:00,25.22
6631,2023-10-04 13:00:00+00:00,23.74
6632,2023-10-04 14:00:00+00:00,22.38
6633,2023-10-04 15:00:00+00:00,23.04
6634,2023-10-04 16:00:00+00:00,26.54
6635,2023-10-04 17:00:00+00:00,29.38
6636,2023-10-04 18:00:00+00:00,39.3
6637,2023-10-04 19:00:00+00:00,38.65
6638,2023-10-04 20:00:00+00:00,44.79
6639,2023-10-04 21:00:00+00:00,51.45
6640,2023-10-04 22:00:00+00:00,59.07
6641,2023-10-04 23:00:00+00:00,75.54
6642,2023-10-05 00:00:00+00:00,57.74
6643,2023-10-05 01:00:00+00:00,37.2
6644,2023-10-05 02:00:00+00:00,31.78
6645,2023-10-05 03:00:00+00:00,29.7
6646,2023-10-05 04:00:00+00:00,26.0
6647,2023-10-05 05:00:00+00:00,26.25
6648,2023-10-05 06:00:00+00:00,23.99
6649,2023-10-05 07:00:00+00:00,21.59
6650,2023-10-05 08:00:00+00:00,20.88
6651,2023-10-05 09:00:00+00:00,21.89
6652,2023-10-05 10:00:00+00:00,24.07
6653,2023-10-05 11:00:00+00:00,25.71
6654,2023-10-05 12:00:00+00:00,24.97
6655,2023-10-05 13:00:00+00:00,22.91
6656,2023-10-05 14:00:00+00:00,23.97
6657,2023-10-05 15:00:00+00:00,21.0
6658,2023-10-05 16:00:00+00:00,20.67
6659,2023-10-05 17:00:00+00:00,20.48
6660,2023-10-05 18:00:00+00:00,22.18
6661,2023-10-05 19:00:00+00:00,22.32
6662,2023-10-05 20:00:00+00:00,24.59
6663,2023-10-05 21:00:00+00:00,25.54
6664,2023-10-05 22:00:00+00:00,25.82
6665,2023-10-05 23:00:00+00:00,40.37
6666,2023-10-06 00:00:00+00:00,60.0
6667,2023-10-06 01:00:00+00:00,36.71
6668,2023-10-06 02:00:00+00:00,32.68
6669,2023-10-06 03:00:00+00:00,30.13
6670,2023-10-06 04:00:00+00:00,26.33
6671,2023-10-06 05:00:00+00:00,27.34
6672,2023-10-06 06:00:00+00:00,24.9
6673,2023-10-06 07:00:00+00:00,23.61
6674,2023-10-06 08:00:00+00:00,23.38
6675,2023-10-06 09:00:00+00:00,22.61
6676,2023-10-06 10:00:00+00:00,24.86
6677,2023-10-06 11:00:00+00:00,25.37
6678,2023-10-06 12:00:00+00:00,24.24
6679,2023-10-06 13:00:00+00:00,20.59
6680,2023-10-06 14:00:00+00:00,19.42
6681,2023-10-06 15:00:00+00:00,19.58
6682,2023-10-06 16:00:00+00:00,20.79
6683,2023-10-06 17:00:00+00:00,23.25
6684,2023-10-06 18:00:00+00:00,29.09
6685,2023-10-06 19:00:00+00:00,31.46
6686,2023-10-06 20:00:00+00:00,35.02
6687,2023-10-06 21:00:00+00:00,36.33
6688,2023-10-06 22:00:00+00:00,35.6
6689,2023-10-06 23:00:00+00:00,43.93
6690,2023-10-07 00:00:00+00:00,33.04
6691,2023-10-07 01:00:00+00:00,24.73
6692,2023-10-07 02:00:00+00:00,21.84
6693,2023-10-07 03:00:00+00:00,20.7
6694,2023-10-07 04:00:00+00:00,17.47
6695,2023-10-07 05:00:00+00:00,17.18
6696,2023-10-07 06:00:00+00:00,15.98
6697,2023-10-07 07:00:00+00:00,15.25
6698,2023-10-07 08:00:00+00:00,15.15
6699,2023-10-07 09:00:00+00:00,16.79
6700,2023-10-07 10:00:00+00:00,17.49
6701,2023-10-07 11:00:00+00:00,18.27
6702,2023-10-07 12:00:00+00:00,19.4
6703,2023-10-07 13:00:00+00:00,18.88
6704,2023-10-07 14:00:00+00:00,17.99
6705,2023-10-07 15:00:00+00:00,17.04
6706,2023-10-07 16:00:00+00:00,17.79
6707,2023-10-07 17:00:00+00:00,18.94
6708,2023-10-07 18:00:00+00:00,19.85
6709,2023-10-07 19:00:00+00:00,20.45
6710,2023-10-07 20:00:00+00:00,20.29
6711,2023-10-07 21:00:00+00:00,21.83
6712,2023-10-07 22:00:00+00:00,26.53
6713,2023-10-07 23:00:00+00:00,48.52
6714,2023-10-08 00:00:00+00:00,41.97
6715,2023-10-08 01:00:00+00:00,27.82
6716,2023-10-08 02:00:00+00:00,24.73
6717,2023-10-08 03:00:00+00:00,21.68
6718,2023-10-08 04:00:00+00:00,20.76
6719,2023-10-08 05:00:00+00:00,19.87
6720,2023-10-08 06:00:00+00:00,17.92
6721,2023-10-08 07:00:00+00:00,16.53
6722,2023-10-08 08:00:00+00:00,16.02
6723,2023-10-08 09:00:00+00:00,17.0
6724,2023-10-08 10:00:00+00:00,17.02
6725,2023-10-08 11:00:00+00:00,18.64
6726,2023-10-08 12:00:00+00:00,18.53
6727,2023-10-08 13:00:00+00:00,16.21
6728,2023-10-08 14:00:00+00:00,15.76
6729,2023-10-08 15:00:00+00:00,16.2
6730,2023-10-08 16:00:00+00:00,16.03
6731,2023-10-08 17:00:00+00:00,17.06
6732,2023-10-08 18:00:00+00:00,18.92
6733,2023-10-08 19:00:00+00:00,20.25
6734,2023-10-08 20:00:00+00:00,21.79
6735,2023-10-08 21:00:00+00:00,25.18
6736,2023-10-08 22:00:00+00:00,30.26
6737,2023-10-08 23:00:00+00:00,59.04
6738,2023-10-09 00:00:00+00:00,39.05
6739,2023-10-09 01:00:00+00:00,24.99
6740,2023-10-09 02:00:00+00:00,19.47
6741,2023-10-09 03:00:00+00:00,18.21
6742,2023-10-09 04:00:00+00:00,13.24
6743,2023-10-09 05:00:00+00:00,9.6
6744,2023-10-09 06:00:00+00:00,7.88
6745,2023-10-09 07:00:00+00:00,8.37
6746,2023-10-09 08:00:00+00:00,9.58
6747,2023-10-09 09:00:00+00:00,13.38
6748,2023-10-09 10:00:00+00:00,17.18
6749,2023-10-09 11:00:00+00:00,19.67
6750,2023-10-09 12:00:00+00:00,20.38
6751,2023-10-09 13:00:00+00:00,17.87
6752,2023-10-09 14:00:00+00:00,17.65
6753,2023-10-09 15:00:00+00:00,19.64
6754,2023-10-09 16:00:00+00:00,21.8
6755,2023-10-09 17:00:00+00:00,27.28
6756,2023-10-09 18:00:00+00:00,29.24
6757,2023-10-09 19:00:00+00:00,31.59
6758,2023-10-09 20:00:00+00:00,35.47
6759,2023-10-09 21:00:00+00:00,44.34
6760,2023-10-09 22:00:00+00:00,57.52
6761,2023-10-09 23:00:00+00:00,121.77
6762,2023-10-10 00:00:00+00:00,66.11
6763,2023-10-10 01:00:00+00:00,32.46
6764,2023-10-10 02:00:00+00:00,26.11
6765,2023-10-10 03:00:00+00:00,26.17
6766,2023-10-10 04:00:00+00:00,20.5
6767,2023-10-10 05:00:00+00:00,15.03
6768,2023-10-10 06:00:00+00:00,14.82
6769,2023-10-10 07:00:00+00:00,15.14
6770,2023-10-10 08:00:00+00:00,15.4
6771,2023-10-10 09:00:00+00:00,16.73
6772,2023-10-10 10:00:00+00:00,20.61
6773,2023-10-10 11:00:00+00:00,22.34
6774,2023-10-10 12:00:00+00:00,23.46
6775,2023-10-10 13:00:00+00:00,21.74
6776,2023-10-10 14:00:00+00:00,24.65
6777,2023-10-10 15:00:00+00:00,26.28
6778,2023-10-10 16:00:00+00:00,24.73
6779,2023-10-10 17:00:00+00:00,24.77
6780,2023-10-10 18:00:00+00:00,26.65
6781,2023-10-10 19:00:00+00:00,29.32
6782,2023-10-10 20:00:00+00:00,29.86
6783,2023-10-10 21:00:00+00:00,34.39
6784,2023-10-10 22:00:00+00:00,35.69
6785,2023-10-10 23:00:00+00:00,49.27
6786,2023-10-11 00:00:00+00:00,32.47
6787,2023-10-11 01:00:00+00:00,25.46
6788,2023-10-11 02:00:00+00:00,21.06
6789,2023-10-11 03:00:00+00:00,22.33
6790,2023-10-11 04:00:00+00:00,18.06
6791,2023-10-11 05:00:00+00:00,19.07
6792,2023-10-11 06:00:00+00:00,17.33
6793,2023-10-11 07:00:00+00:00,16.61
6794,2023-10-11 08:00:00+00:00,16.2
6795,2023-10-11 09:00:00+00:00,18.15
6796,2023-10-11 10:00:00+00:00,20.14
6797,2023-10-11 11:00:00+00:00,25.5
6798,2023-10-11 12:00:00+00:00,25.44
6799,2023-10-11 13:00:00+00:00,24.0
6800,2023-10-11 14:00:00+00:00,22.01
6801,2023-10-11 15:00:00+00:00,22.06
6802,2023-10-11 16:00:00+00:00,20.82
6803,2023-10-11 17:00:00+00:00,25.33
6804,2023-10-11 18:00:00+00:00,28.14
6805,2023-10-11 19:00:00+00:00,28.3
6806,2023-10-11 20:00:00+00:00,29.6
6807,2023-10-11 21:00:00+00:00,33.16
6808,2023-10-11 22:00:00+00:00,34.41
6809,2023-10-11 23:00:00+00:00,45.82
6810,2023-10-12 00:00:00+00:00,31.2
6811,2023-10-12 01:00:00+00:00,25.07
6812,2023-10-12 02:00:00+00:00,22.6
6813,2023-10-12 03:00:00+00:00,21.93
6814,2023-10-12 04:00:00+00:00,18.38
6815,2023-10-12 05:00:00+00:00,14.15
6816,2023-10-12 06:00:00+00:00,12.09
6817,2023-10-12 07:00:00+00:00,9.84
6818,2023-10-12 08:00:00+00:00,9.78
6819,2023-10-12 09:00:00+00:00,12.98
6820,2023-10-12 10:00:00+00:00,15.96
6821,2023-10-12 11:00:00+00:00,21.3
6822,2023-10-12 12:00:00+00:00,20.04
6823,2023-10-12 13:00:00+00:00,15.47
6824,2023-10-12 14:00:00+00:00,17.22
6825,2023-10-12 15:00:00+00:00,18.3
6826,2023-10-12 16:00:00+00:00,18.72
6827,2023-10-12 17:00:00+00:00,20.28
6828,2023-10-12 18:00:00+00:00,25.03
6829,2023-10-12 19:00:00+00:00,26.4
6830,2023-10-12 20:00:00+00:00,29.22
6831,2023-10-12 21:00:00+00:00,35.73
6832,2023-10-12 22:00:00+00:00,41.79
6833,2023-10-12 23:00:00+00:00,69.9
6834,2023-10-13 00:00:00+00:00,49.66
6835,2023-10-13 01:00:00+00:00,29.85
6836,2023-10-13 02:00:00+00:00,23.55
6837,2023-10-13 03:00:00+00:00,22.27
6838,2023-10-13 04:00:00+00:00,21.54
6839,2023-10-13 05:00:00+00:00,20.03
6840,2023-10-13 06:00:00+00:00,18.92
6841,2023-10-13 07:00:00+00:00,20.57
6842,2023-10-13 08:00:00+00:00,23.05
6843,2023-10-13 09:00:00+00:00,23.47
6844,2023-10-13 10:00:00+00:00,24.26
6845,2023-10-13 11:00:00+00:00,28.0
6846,2023-10-13 12:00:00+00:00,28.33
6847,2023-10-13 13:00:00+00:00,19.88
6848,2023-10-13 14:00:00+00:00,18.68
6849,2023-10-13 15:00:00+00:00,20.66
6850,2023-10-13 16:00:00+00:00,24.69
6851,2023-10-13 17:00:00+00:00,29.8
6852,2023-10-13 18:00:00+00:00,38.48
6853,2023-10-13 19:00:00+00:00,42.9
6854,2023-10-13 20:00:00+00:00,51.41
6855,2023-10-13 21:00:00+00:00,57.88
6856,2023-10-13 22:00:00+00:00,64.44
6857,2023-10-13 23:00:00+00:00,229.81
6858,2023-10-14 00:00:00+00:00,125.82
6859,2023-10-14 01:00:00+00:00,37.47
6860,2023-10-14 02:00:00+00:00,30.75
6861,2023-10-14 03:00:00+00:00,28.35
6862,2023-10-14 04:00:00+00:00,25.2
6863,2023-10-14 05:00:00+00:00,22.01
6864,2023-10-14 06:00:00+00:00,18.71
6865,2023-10-14 07:00:00+00:00,16.57
6866,2023-10-14 08:00:00+00:00,14.13
6867,2023-10-14 09:00:00+00:00,13.73
6868,2023-10-14 10:00:00+00:00,13.68
6869,2023-10-14 11:00:00+00:00,14.33
6870,2023-10-14 12:00:00+00:00,15.33
6871,2023-10-14 13:00:00+00:00,16.01
6872,2023-10-14 14:00:00+00:00,13.89
6873,2023-10-14 15:00:00+00:00,20.41
6874,2023-10-14 16:00:00+00:00,29.59
6875,2023-10-14 17:00:00+00:00,24.65
6876,2023-10-14 18:00:00+00:00,19.11
6877,2023-10-14 19:00:00+00:00,17.76
6878,2023-10-14 20:00:00+00:00,16.61
6879,2023-10-14 21:00:00+00:00,19.08
6880,2023-10-14 22:00:00+00:00,24.91
6881,2023-10-14 23:00:00+00:00,65.38
6882,2023-10-15 00:00:00+00:00,49.35
6883,2023-10-15 01:00:00+00:00,25.99
6884,2023-10-15 02:00:00+00:00,22.31
6885,2023-10-15 03:00:00+00:00,23.65
6886,2023-10-15 04:00:00+00:00,20.97
6887,2023-10-15 05:00:00+00:00,24.45
6888,2023-10-15 06:00:00+00:00,18.56
6889,2023-10-15 07:00:00+00:00,16.68
6890,2023-10-15 08:00:00+00:00,15.62
6891,2023-10-15 09:00:00+00:00,15.46
6892,2023-10-15 10:00:00+00:00,13.47
6893,2023-10-15 11:00:00+00:00,14.99
6894,2023-10-15 12:00:00+00:00,16.15
6895,2023-10-15 13:00:00+00:00,13.5
6896,2023-10-15 14:00:00+00:00,10.32
6897,2023-10-15 15:00:00+00:00,9.0
6898,2023-10-15 16:00:00+00:00,10.26
6899,2023-10-15 17:00:00+00:00,11.39
6900,2023-10-15 18:00:00+00:00,12.36
6901,2023-10-15 19:00:00+00:00,13.14
6902,2023-10-15 20:00:00+00:00,13.33
6903,2023-10-15 21:00:00+00:00,15.34
6904,2023-10-15 22:00:00+00:00,19.66
6905,2023-10-15 23:00:00+00:00,53.22
6906,2023-10-16 00:00:00+00:00,48.63
6907,2023-10-16 01:00:00+00:00,31.8
6908,2023-10-16 02:00:00+00:00,26.09
6909,2023-10-16 03:00:00+00:00,23.1
6910,2023-10-16 04:00:00+00:00,21.61
6911,2023-10-16 05:00:00+00:00,24.05
6912,2023-10-16 06:00:00+00:00,21.3
6913,2023-10-16 07:00:00+00:00,20.0
6914,2023-10-16 08:00:00+00:00,19.64
6915,2023-10-16 09:00:00+00:00,19.99
6916,2023-10-16 10:00:00+00:00,21.94
6917,2023-10-16 11:00:00+00:00,28.87
6918,2023-10-16 12:00:00+00:00,27.88
6919,2023-10-16 13:00:00+00:00,25.65
6920,2023-10-16 14:00:00+00:00,21.15
6921,2023-10-16 15:00:00+00:00,19.77
6922,2023-10-16 16:00:00+00:00,18.92
6923,2023-10-16 17:00:00+00:00,18.85
6924,2023-10-16 18:00:00+00:00,19.12
6925,2023-10-16 19:00:00+00:00,18.58
6926,2023-10-16 20:00:00+00:00,18.87
6927,2023-10-16 21:00:00+00:00,20.15
6928,2023-10-16 22:00:00+00:00,27.72
6929,2023-10-16 23:00:00+00:00,84.58
6930,2023-10-17 00:00:00+00:00,58.6
6931,2023-10-17 01:00:00+00:00,32.72
6932,2023-10-17 02:00:00+00:00,25.87
6933,2023-10-17 03:00:00+00:00,23.99
6934,2023-10-17 04:00:00+00:00,21.6
6935,2023-10-17 05:00:00+00:00,37.67
6936,2023-10-17 06:00:00+00:00,26.85
6937,2023-10-17 07:00:00+00:00,23.47
6938,2023-10-17 08:00:00+00:00,21.08
6939,2023-10-17 09:00:00+00:00,21.22
6940,2023-10-17 10:00:00+00:00,27.87
6941,2023-10-17 11:00:00+00:00,30.44
6942,2023-10-17 12:00:00+00:00,27.55
6943,2023-10-17 13:00:00+00:00,21.05
6944,2023-10-17 14:00:00+00:00,19.8
6945,2023-10-17 15:00:00+00:00,18.38
6946,2023-10-17 16:00:00+00:00,17.87
6947,2023-10-17 17:00:00+00:00,17.19
6948,2023-10-17 18:00:00+00:00,17.18
6949,2023-10-17 19:00:00+00:00,15.36
6950,2023-10-17 20:00:00+00:00,16.13
6951,2023-10-17 21:00:00+00:00,19.29
6952,2023-10-17 22:00:00+00:00,22.9
6953,2023-10-17 23:00:00+00:00,48.46
6954,2023-10-18 00:00:00+00:00,27.38
6955,2023-10-18 01:00:00+00:00,19.33
6956,2023-10-18 02:00:00+00:00,17.05
6957,2023-10-18 03:00:00+00:00,16.12
6958,2023-10-18 04:00:00+00:00,12.27
6959,2023-10-18 05:00:00+00:00,11.78
6960,2023-10-18 06:00:00+00:00,8.44
6961,2023-10-18 07:00:00+00:00,7.48
6962,2023-10-18 08:00:00+00:00,7.0
6963,2023-10-18 09:00:00+00:00,11.03
6964,2023-10-18 10:00:00+00:00,15.59
6965,2023-10-18 11:00:00+00:00,20.24
6966,2023-10-18 12:00:00+00:00,20.07
6967,2023-10-18 13:00:00+00:00,16.5
6968,2023-10-18 14:00:00+00:00,15.53
6969,2023-10-18 15:00:00+00:00,14.73
6970,2023-10-18 16:00:00+00:00,15.3
6971,2023-10-18 17:00:00+00:00,17.86
6972,2023-10-18 18:00:00+00:00,16.88
6973,2023-10-18 19:00:00+00:00,19.81
6974,2023-10-18 20:00:00+00:00,20.65
6975,2023-10-18 21:00:00+00:00,24.78
6976,2023-10-18 22:00:00+00:00,32.58
6977,2023-10-18 23:00:00+00:00,98.97
6978,2023-10-19 00:00:00+00:00,42.32
6979,2023-10-19 01:00:00+00:00,27.72
6980,2023-10-19 02:00:00+00:00,21.05
6981,2023-10-19 03:00:00+00:00,22.13
6982,2023-10-19 04:00:00+00:00,21.74
6983,2023-10-19 05:00:00+00:00,18.82
6984,2023-10-19 06:00:00+00:00,17.33
6985,2023-10-19 07:00:00+00:00,16.96
6986,2023-10-19 08:00:00+00:00,16.64
6987,2023-10-19 09:00:00+00:00,17.45
6988,2023-10-19 10:00:00+00:00,19.03
6989,2023-10-19 11:00:00+00:00,25.86
6990,2023-10-19 12:00:00+00:00,26.15
6991,2023-10-19 13:00:00+00:00,20.5
6992,2023-10-19 14:00:00+00:00,19.35
6993,2023-10-19 15:00:00+00:00,21.51
6994,2023-10-19 16:00:00+00:00,23.15
6995,2023-10-19 17:00:00+00:00,25.88
6996,2023-10-19 18:00:00+00:00,27.61
6997,2023-10-19 19:00:00+00:00,33.61
6998,2023-10-19 20:00:00+00:00,48.31
6999,2023-10-19 21:00:00+00:00,64.44
7000,2023-10-19 22:00:00+00:00,198.92
7001,2023-10-19 23:00:00+00:00,660.06
7002,2023-10-20 00:00:00+00:00,260.08
7003,2023-10-20 01:00:00+00:00,88.77
7004,2023-10-20 02:00:00+00:00,37.98
7005,2023-10-20 03:00:00+00:00,29.62
7006,2023-10-20 04:00:00+00:00,23.72
7007,2023-10-20 05:00:00+00:00,20.53
7008,2023-10-20 06:00:00+00:00,18.58
7009,2023-10-20 07:00:00+00:00,16.56
7010,2023-10-20 08:00:00+00:00,15.37
7011,2023-10-20 09:00:00+00:00,16.76
7012,2023-10-20 10:00:00+00:00,18.64
7013,2023-10-20 11:00:00+00:00,20.64
7014,2023-10-20 12:00:00+00:00,20.51
7015,2023-10-20 13:00:00+00:00,17.14
7016,2023-10-20 14:00:00+00:00,17.46
7017,2023-10-20 15:00:00+00:00,19.96
7018,2023-10-20 16:00:00+00:00,23.83
7019,2023-10-20 17:00:00+00:00,32.95
7020,2023-10-20 18:00:00+00:00,36.59
7021,2023-10-20 19:00:00+00:00,51.58
7022,2023-10-20 20:00:00+00:00,76.86
7023,2023-10-20 21:00:00+00:00,115.76
7024,2023-10-20 22:00:00+00:00,318.89
7025,2023-10-20 23:00:00+00:00,748.42
7026,2023-10-21 00:00:00+00:00,199.01
7027,2023-10-21 01:00:00+00:00,47.6
7028,2023-10-21 02:00:00+00:00,28.73
7029,2023-10-21 03:00:00+00:00,23.64
7030,2023-10-21 04:00:00+00:00,19.59
7031,2023-10-21 05:00:00+00:00,18.92
7032,2023-10-21 06:00:00+00:00,16.78
7033,2023-10-21 07:00:00+00:00,14.37
7034,2023-10-21 08:00:00+00:00,12.8
7035,2023-10-21 09:00:00+00:00,12.3
7036,2023-10-21 10:00:00+00:00,13.52
7037,2023-10-21 11:00:00+00:00,15.38
7038,2023-10-21 12:00:00+00:00,16.28
7039,2023-10-21 13:00:00+00:00,15.85
7040,2023-10-21 14:00:00+00:00,17.15
7041,2023-10-21 15:00:00+00:00,20.05
7042,2023-10-21 16:00:00+00:00,21.7
7043,2023-10-21 17:00:00+00:00,25.64
7044,2023-10-21 18:00:00+00:00,25.24
7045,2023-10-21 19:00:00+00:00,29.84
7046,2023-10-21 20:00:00+00:00,39.31
7047,2023-10-21 21:00:00+00:00,53.26
7048,2023-10-21 22:00:00+00:00,57.49
7049,2023-10-21 23:00:00+00:00,64.94
7050,2023-10-22 00:00:00+00:00,29.25
7051,2023-10-22 01:00:00+00:00,21.26
7052,2023-10-22 02:00:00+00:00,18.33
7053,2023-10-22 03:00:00+00:00,17.41
7054,2023-10-22 04:00:00+00:00,15.37
7055,2023-10-22 05:00:00+00:00,18.37
7056,2023-10-22 06:00:00+00:00,14.97
7057,2023-10-22 07:00:00+00:00,13.9
7058,2023-10-22 08:00:00+00:00,13.03
7059,2023-10-22 09:00:00+00:00,13.27
7060,2023-10-22 10:00:00+00:00,14.44
7061,2023-10-22 11:00:00+00:00,14.11
7062,2023-10-22 12:00:00+00:00,14.64
7063,2023-10-22 13:00:00+00:00,14.69
7064,2023-10-22 14:00:00+00:00,15.46
7065,2023-10-22 15:00:00+00:00,15.5
7066,2023-10-22 16:00:00+00:00,17.42
7067,2023-10-22 17:00:00+00:00,18.52
7068,2023-10-22 18:00:00+00:00,22.61
7069,2023-10-22 19:00:00+00:00,24.94
7070,2023-10-22 20:00:00+00:00,26.37
7071,2023-10-22 21:00:00+00:00,28.09
7072,2023-10-22 22:00:00+00:00,32.75
7073,2023-10-22 23:00:00+00:00,48.36
7074,2023-10-23 00:00:00+00:00,33.81
7075,2023-10-23 01:00:00+00:00,24.66
7076,2023-10-23 02:00:00+00:00,22.18
7077,2023-10-23 03:00:00+00:00,19.29
7078,2023-10-23 04:00:00+00:00,17.29
7079,2023-10-23 05:00:00+00:00,21.32
7080,2023-10-23 06:00:00+00:00,18.98
7081,2023-10-23 07:00:00+00:00,18.22
7082,2023-10-23 08:00:00+00:00,18.03
7083,2023-10-23 09:00:00+00:00,18.56
7084,2023-10-23 10:00:00+00:00,23.41
7085,2023-10-23 11:00:00+00:00,20.03
7086,2023-10-23 12:00:00+00:00,21.83
7087,2023-10-23 13:00:00+00:00,22.06
7088,2023-10-23 14:00:00+00:00,20.85
7089,2023-10-23 15:00:00+00:00,20.38
7090,2023-10-23 16:00:00+00:00,23.01
7091,2023-10-23 17:00:00+00:00,25.0
7092,2023-10-23 18:00:00+00:00,24.7
7093,2023-10-23 19:00:00+00:00,27.04
7094,2023-10-23 20:00:00+00:00,28.75
7095,2023-10-23 21:00:00+00:00,37.48
7096,2023-10-23 22:00:00+00:00,41.33
7097,2023-10-23 23:00:00+00:00,59.7
7098,2023-10-24 00:00:00+00:00,41.71
7099,2023-10-24 01:00:00+00:00,38.44
7100,2023-10-24 02:00:00+00:00,26.04
7101,2023-10-24 03:00:00+00:00,27.44
7102,2023-10-24 04:00:00+00:00,23.45
7103,2023-10-24 05:00:00+00:00,24.22
7104,2023-10-24 06:00:00+00:00,20.14
7105,2023-10-24 07:00:00+00:00,18.36
7106,2023-10-24 08:00:00+00:00,16.5
7107,2023-10-24 09:00:00+00:00,17.79
7108,2023-10-24 10:00:00+00:00,21.23
7109,2023-10-24 11:00:00+00:00,28.43
7110,2023-10-24 12:00:00+00:00,29.24
7111,2023-10-24 13:00:00+00:00,26.12
7112,2023-10-24 14:00:00+00:00,23.1
7113,2023-10-24 15:00:00+00:00,24.78
7114,2023-10-24 16:00:00+00:00,25.72
7115,2023-10-24 17:00:00+00:00,31.31
7116,2023-10-24 18:00:00+00:00,30.32
7117,2023-10-24 19:00:00+00:00,38.54
7118,2023-10-24 20:00:00+00:00,44.77
7119,2023-10-24 21:00:00+00:00,48.45
7120,2023-10-24 22:00:00+00:00,56.9
7121,2023-10-24 23:00:00+00:00,146.58
7122,2023-10-25 00:00:00+00:00,55.09
7123,2023-10-25 01:00:00+00:00,34.71
7124,2023-10-25 02:00:00+00:00,30.45
7125,2023-10-25 03:00:00+00:00,28.77
7126,2023-10-25 04:00:00+00:00,21.97
7127,2023-10-25 05:00:00+00:00,19.56
7128,2023-10-25 06:00:00+00:00,17.47
7129,2023-10-25 07:00:00+00:00,16.43
7130,2023-10-25 08:00:00+00:00,15.89
7131,2023-10-25 09:00:00+00:00,17.27
7132,2023-10-25 10:00:00+00:00,22.91
7133,2023-10-25 11:00:00+00:00,29.11
7134,2023-10-25 12:00:00+00:00,30.98
7135,2023-10-25 13:00:00+00:00,26.85
7136,2023-10-25 14:00:00+00:00,22.93
7137,2023-10-25 15:00:00+00:00,25.5
7138,2023-10-25 16:00:00+00:00,28.32
7139,2023-10-25 17:00:00+00:00,32.33
7140,2023-10-25 18:00:00+00:00,40.15
7141,2023-10-25 19:00:00+00:00,47.73
7142,2023-10-25 20:00:00+00:00,55.45
7143,2023-10-25 21:00:00+00:00,67.76
7144,2023-10-25 22:00:00+00:00,89.04
7145,2023-10-25 23:00:00+00:00,136.62
7146,2023-10-26 00:00:00+00:00,90.41
7147,2023-10-26 01:00:00+00:00,62.79
7148,2023-10-26 02:00:00+00:00,41.65
7149,2023-10-26 03:00:00+00:00,38.78
7150,2023-10-26 04:00:00+00:00,32.32
7151,2023-10-26 05:00:00+00:00,26.59
7152,2023-10-26 06:00:00+00:00,23.15
7153,2023-10-26 07:00:00+00:00,23.34
7154,2023-10-26 08:00:00+00:00,23.31
7155,2023-10-26 09:00:00+00:00,24.24
7156,2023-10-26 10:00:00+00:00,26.59
7157,2023-10-26 11:00:00+00:00,36.06
7158,2023-10-26 12:00:00+00:00,34.7
7159,2023-10-26 13:00:00+00:00,27.53
7160,2023-10-26 14:00:00+00:00,24.37
7161,2023-10-26 15:00:00+00:00,24.52
7162,2023-10-26 16:00:00+00:00,27.22
7163,2023-10-26 17:00:00+00:00,29.04
7164,2023-10-26 18:00:00+00:00,30.51
7165,2023-10-26 19:00:00+00:00,28.76
7166,2023-10-26 20:00:00+00:00,31.82
7167,2023-10-26 21:00:00+00:00,33.66
7168,2023-10-26 22:00:00+00:00,49.49
7169,2023-10-26 23:00:00+00:00,110.28
7170,2023-10-27 00:00:00+00:00,49.14
7171,2023-10-27 01:00:00+00:00,32.94
7172,2023-10-27 02:00:00+00:00,25.34
7173,2023-10-27 03:00:00+00:00,23.14
7174,2023-10-27 04:00:00+00:00,19.32
7175,2023-10-27 05:00:00+00:00,21.68
7176,2023-10-27 06:00:00+00:00,19.01
7177,2023-10-27 07:00:00+00:00,19.34
7178,2023-10-27 08:00:00+00:00,20.73
7179,2023-10-27 09:00:00+00:00,22.69
7180,2023-10-27 10:00:00+00:00,27.8
7181,2023-10-27 11:00:00+00:00,32.97
7182,2023-10-27 12:00:00+00:00,38.88
7183,2023-10-27 13:00:00+00:00,33.24
7184,2023-10-27 14:00:00+00:00,32.17
7185,2023-10-27 15:00:00+00:00,30.91
7186,2023-10-27 16:00:00+00:00,39.68
7187,2023-10-27 17:00:00+00:00,49.75
7188,2023-10-27 18:00:00+00:00,66.59
7189,2023-10-27 19:00:00+00:00,84.01
7190,2023-10-27 20:00:00+00:00,101.45
7191,2023-10-27 21:00:00+00:00,109.15
7192,2023-10-27 22:00:00+00:00,146.6
7193,2023-10-27 23:00:00+00:00,215.22
7194,2023-10-28 00:00:00+00:00,87.19
7195,2023-10-28 01:00:00+00:00,51.87
7196,2023-10-28 02:00:00+00:00,40.2
7197,2023-10-28 03:00:00+00:00,37.95
7198,2023-10-28 04:00:00+00:00,33.4
7199,2023-10-28 05:00:00+00:00,36.61
7200,2023-10-28 06:00:00+00:00,32.45
7201,2023-10-28 07:00:00+00:00,32.83
7202,2023-10-28 08:00:00+00:00,32.19
7203,2023-10-28 09:00:00+00:00,30.6
7204,2023-10-28 10:00:00+00:00,31.8
7205,2023-10-28 11:00:00+00:00,30.21
7206,2023-10-28 12:00:00+00:00,31.76
7207,2023-10-28 13:00:00+00:00,30.95
7208,2023-10-28 14:00:00+00:00,36.89
7209,2023-10-28 15:00:00+00:00,34.39
7210,2023-10-28 16:00:00+00:00,37.39
7211,2023-10-28 17:00:00+00:00,36.54
7212,2023-10-28 18:00:00+00:00,37.33
7213,2023-10-28 19:00:00+00:00,44.84
7214,2023-10-28 20:00:00+00:00,52.8
7215,2023-10-28 21:00:00+00:00,63.33
7216,2023-10-28 22:00:00+00:00,78.5
7217,2023-10-28 23:00:00+00:00,125.95
7218,2023-10-29 00:00:00+00:00,65.84
7219,2023-10-29 01:00:00+00:00,36.81
7220,2023-10-29 02:00:00+00:00,31.29
7221,2023-10-29 03:00:00+00:00,35.0
7222,2023-10-29 04:00:00+00:00,31.83
7223,2023-10-29 05:00:00+00:00,29.61
7224,2023-10-29 06:00:00+00:00,28.25
7225,2023-10-29 07:00:00+00:00,27.38
7226,2023-10-29 08:00:00+00:00,22.93
7227,2023-10-29 09:00:00+00:00,19.98
7228,2023-10-29 10:00:00+00:00,20.6
7229,2023-10-29 11:00:00+00:00,18.14
7230,2023-10-29 12:00:00+00:00,19.38
7231,2023-10-29 13:00:00+00:00,20.28
7232,2023-10-29 14:00:00+00:00,23.62
7233,2023-10-29 15:00:00+00:00,25.41
7234,2023-10-29 16:00:00+00:00,32.23
7235,2023-10-29 17:00:00+00:00,34.16
7236,2023-10-29 18:00:00+00:00,50.76
7237,2023-10-29 19:00:00+00:00,53.27
7238,2023-10-29 20:00:00+00:00,68.23
7239,2023-10-29 21:00:00+00:00,63.33
7240,2023-10-29 22:00:00+00:00,55.44
7241,2023-10-29 23:00:00+00:00,52.02
7242,2023-10-30 00:00:00+00:00,39.57
7243,2023-10-30 01:00:00+00:00,33.41
7244,2023-10-30 02:00:00+00:00,33.79
7245,2023-10-30 03:00:00+00:00,33.77
7246,2023-10-30 04:00:00+00:00,29.04
7247,2023-10-30 05:00:00+00:00,19.21
7248,2023-10-30 06:00:00+00:00,17.66
7249,2023-10-30 07:00:00+00:00,16.77
7250,2023-10-30 08:00:00+00:00,16.01
7251,2023-10-30 09:00:00+00:00,17.25
7252,2023-10-30 10:00:00+00:00,26.44
7253,2023-10-30 11:00:00+00:00,29.51
7254,2023-10-30 12:00:00+00:00,35.41
7255,2023-10-30 13:00:00+00:00,32.04
7256,2023-10-30 14:00:00+00:00,33.95
7257,2023-10-30 15:00:00+00:00,31.7
7258,2023-10-30 16:00:00+00:00,30.94
7259,2023-10-30 17:00:00+00:00,27.56
7260,2023-10-30 18:00:00+00:00,35.68
7261,2023-10-30 19:00:00+00:00,31.26
7262,2023-10-30 20:00:00+00:00,36.97
7263,2023-10-30 21:00:00+00:00,45.28
7264,2023-10-30 22:00:00+00:00,85.34
7265,2023-10-30 23:00:00+00:00,214.99
7266,2023-10-31 00:00:00+00:00,207.02
7267,2023-10-31 01:00:00+00:00,147.3
7268,2023-10-31 02:00:00+00:00,94.44
7269,2023-10-31 03:00:00+00:00,57.5
7270,2023-10-31 04:00:00+00:00,41.25
7271,2023-10-31 05:00:00+00:00,35.04
7272,2023-10-31 06:00:00+00:00,33.69
7273,2023-10-31 07:00:00+00:00,32.62
7274,2023-10-31 08:00:00+00:00,33.03
7275,2023-10-31 09:00:00+00:00,35.55
7276,2023-10-31 10:00:00+00:00,50.08
7277,2023-10-31 11:00:00+00:00,189.15
7278,2023-10-31 12:00:00+00:00,195.93
7279,2023-10-31 13:00:00+00:00,69.28
7280,2023-10-31 14:00:00+00:00,35.52
7281,2023-10-31 15:00:00+00:00,28.83
7282,2023-10-31 16:00:00+00:00,27.03
7283,2023-10-31 17:00:00+00:00,26.69
7284,2023-10-31 18:00:00+00:00,23.12
7285,2023-10-31 19:00:00+00:00,21.71
7286,2023-10-31 20:00:00+00:00,23.83
7287,2023-10-31 21:00:00+00:00,24.56
7288,2023-10-31 22:00:00+00:00,34.72
7289,2023-10-31 23:00:00+00:00,102.44
7290,2023-11-01 00:00:00+00:00,87.38
7291,2023-11-01 01:00:00+00:00,66.74
7292,2023-11-01 02:00:00+00:00,44.73
7293,2023-11-01 03:00:00+00:00,31.88
7294,2023-11-01 04:00:00+00:00,30.23
7295,2023-11-01 05:00:00+00:00,23.06
7296,2023-11-01 06:00:00+00:00,22.31
7297,2023-11-01 07:00:00+00:00,23.36
7298,2023-11-01 08:00:00+00:00,24.28
7299,2023-11-01 09:00:00+00:00,26.58
7300,2023-11-01 10:00:00+00:00,34.17
7301,2023-11-01 11:00:00+00:00,93.16
7302,2023-11-01 12:00:00+00:00,114.96
7303,2023-11-01 13:00:00+00:00,35.73
7304,2023-11-01 14:00:00+00:00,26.91
7305,2023-11-01 15:00:00+00:00,25.04
7306,2023-11-01 16:00:00+00:00,21.73
7307,2023-11-01 17:00:00+00:00,21.13
7308,2023-11-01 18:00:00+00:00,19.81
7309,2023-11-01 19:00:00+00:00,18.9
7310,2023-11-01 20:00:00+00:00,18.69
7311,2023-11-01 21:00:00+00:00,20.01
7312,2023-11-01 22:00:00+00:00,27.79
7313,2023-11-01 23:00:00+00:00,45.0
7314,2023-11-02 00:00:00+00:00,32.9
7315,2023-11-02 01:00:00+00:00,27.69
7316,2023-11-02 02:00:00+00:00,24.91
7317,2023-11-02 03:00:00+00:00,21.77
7318,2023-11-02 04:00:00+00:00,20.48
7319,2023-11-02 05:00:00+00:00,19.6
7320,2023-11-02 06:00:00+00:00,19.19
7321,2023-11-02 07:00:00+00:00,20.26
7322,2023-11-02 08:00:00+00:00,21.53
7323,2023-11-02 09:00:00+00:00,22.24
7324,2023-11-02 10:00:00+00:00,26.29
7325,2023-11-02 11:00:00+00:00,45.79
7326,2023-11-02 12:00:00+00:00,44.61
7327,2023-11-02 13:00:00+00:00,31.73
7328,2023-11-02 14:00:00+00:00,25.27
7329,2023-11-02 15:00:00+00:00,20.92
7330,2023-11-02 16:00:00+00:00,20.06
7331,2023-11-02 17:00:00+00:00,20.14
7332,2023-11-02 18:00:00+00:00,20.04
7333,2023-11-02 19:00:00+00:00,19.47
7334,2023-11-02 20:00:00+00:00,20.11
7335,2023-11-02 21:00:00+00:00,20.13
7336,2023-11-02 22:00:00+00:00,29.26
7337,2023-11-02 23:00:00+00:00,53.09
7338,2023-11-03 00:00:00+00:00,30.12
7339,2023-11-03 01:00:00+00:00,25.51
7340,2023-11-03 02:00:00+00:00,20.64
7341,2023-11-03 03:00:00+00:00,19.82
7342,2023-11-03 04:00:00+00:00,18.32
7343,2023-11-03 05:00:00+00:00,17.04
7344,2023-11-03 06:00:00+00:00,16.05
7345,2023-11-03 07:00:00+00:00,15.98
7346,2023-11-03 08:00:00+00:00,16.17
7347,2023-11-03 09:00:00+00:00,17.57
7348,2023-11-03 10:00:00+00:00,21.07
7349,2023-11-03 11:00:00+00:00,30.59
7350,2023-11-03 12:00:00+00:00,31.22
7351,2023-11-03 13:00:00+00:00,24.4
7352,2023-11-03 14:00:00+00:00,19.35
7353,2023-11-03 15:00:00+00:00,18.38
7354,2023-11-03 16:00:00+00:00,18.98
7355,2023-11-03 17:00:00+00:00,19.95
7356,2023-11-03 18:00:00+00:00,20.99
7357,2023-11-03 19:00:00+00:00,19.09
7358,2023-11-03 20:00:00+00:00,19.75
7359,2023-11-03 21:00:00+00:00,21.77
7360,2023-11-03 22:00:00+00:00,30.31
7361,2023-11-03 23:00:00+00:00,42.68
7362,2023-11-04 00:00:00+00:00,26.5
7363,2023-11-04 01:00:00+00:00,20.96
7364,2023-11-04 02:00:00+00:00,18.78
7365,2023-11-04 03:00:00+00:00,17.8
7366,2023-11-04 04:00:00+00:00,16.91
7367,2023-11-04 05:00:00+00:00,13.83
7368,2023-11-04 06:00:00+00:00,12.53
7369,2023-11-04 07:00:00+00:00,14.64
7370,2023-11-04 08:00:00+00:00,15.99
7371,2023-11-04 09:00:00+00:00,19.13
7372,2023-11-04 10:00:00+00:00,20.27
7373,2023-11-04 11:00:00+00:00,21.57
7374,2023-11-04 12:00:00+00:00,24.68
7375,2023-11-04 13:00:00+00:00,20.38
7376,2023-11-04 14:00:00+00:00,17.25
7377,2023-11-04 15:00:00+00:00,16.15
7378,2023-11-04 16:00:00+00:00,19.36
7379,2023-11-04 17:00:00+00:00,21.85
7380,2023-11-04 18:00:00+00:00,25.06
7381,2023-11-04 19:00:00+00:00,26.67
7382,2023-11-04 20:00:00+00:00,26.81
7383,2023-11-04 21:00:00+00:00,29.02
7384,2023-11-04 22:00:00+00:00,77.2
7385,2023-11-04 23:00:00+00:00,122.56
7386,2023-11-05 00:00:00+00:00,47.62
7387,2023-11-05 01:00:00+00:00,27.04
7388,2023-11-05 02:00:00+00:00,22.88
7389,2023-11-05 03:00:00+00:00,24.47
7390,2023-11-05 04:00:00+00:00,22.95
7391,2023-11-05 05:00:00+00:00,20.25
7392,2023-11-05 06:00:00+00:00,21.96
7393,2023-11-05 07:00:00+00:00,25.24
7394,2023-11-05 08:00:00+00:00,22.77
7395,2023-11-05 09:00:00+00:00,23.53
7396,2023-11-05 10:00:00+00:00,24.89
7397,2023-11-05 11:00:00+00:00,27.26
7398,2023-11-05 12:00:00+00:00,29.29
7399,2023-11-05 13:00:00+00:00,23.33
7400,2023-11-05 14:00:00+00:00,21.13
7401,2023-11-05 15:00:00+00:00,21.95
7402,2023-11-05 16:00:00+00:00,19.99
7403,2023-11-05 17:00:00+00:00,20.94
7404,2023-11-05 18:00:00+00:00,20.64
7405,2023-11-05 19:00:00+00:00,21.14
7406,2023-11-05 20:00:00+00:00,22.27
7407,2023-11-05 21:00:00+00:00,25.41
7408,2023-11-05 22:00:00+00:00,43.0
7409,2023-11-05 23:00:00+00:00,59.31
7410,2023-11-06 00:00:00+00:00,27.08
7411,2023-11-06 01:00:00+00:00,21.66
7412,2023-11-06 02:00:00+00:00,18.56
7413,2023-11-06 03:00:00+00:00,16.87
7414,2023-11-06 04:00:00+00:00,16.38
7415,2023-11-06 05:00:00+00:00,14.04
7416,2023-11-06 06:00:00+00:00,12.04
7417,2023-11-06 07:00:00+00:00,9.82
7418,2023-11-06 08:00:00+00:00,7.38
7419,2023-11-06 09:00:00+00:00,7.07
7420,2023-11-06 10:00:00+00:00,11.05
7421,2023-11-06 11:00:00+00:00,15.52
7422,2023-11-06 12:00:00+00:00,20.18
7423,2023-11-06 13:00:00+00:00,20.24
7424,2023-11-06 14:00:00+00:00,18.22
7425,2023-11-06 15:00:00+00:00,18.21
7426,2023-11-06 16:00:00+00:00,20.11
7427,2023-11-06 17:00:00+00:00,24.83
7428,2023-11-06 18:00:00+00:00,28.97
7429,2023-11-06 19:00:00+00:00,31.3
7430,2023-11-06 20:00:00+00:00,34.56
7431,2023-11-06 21:00:00+00:00,34.68
7432,2023-11-06 22:00:00+00:00,69.13
7433,2023-11-06 23:00:00+00:00,156.42
7434,2023-11-07 00:00:00+00:00,35.91
7435,2023-11-07 01:00:00+00:00,24.74
7436,2023-11-07 02:00:00+00:00,21.91
7437,2023-11-07 03:00:00+00:00,19.77
7438,2023-11-07 04:00:00+00:00,18.24
7439,2023-11-07 05:00:00+00:00,14.87
7440,2023-11-07 06:00:00+00:00,16.1
7441,2023-11-07 07:00:00+00:00,12.89
7442,2023-11-07 08:00:00+00:00,11.09
7443,2023-11-07 09:00:00+00:00,11.01
7444,2023-11-07 10:00:00+00:00,12.75
7445,2023-11-07 11:00:00+00:00,17.87
7446,2023-11-07 12:00:00+00:00,26.18
7447,2023-11-07 13:00:00+00:00,25.71
7448,2023-11-07 14:00:00+00:00,19.05
7449,2023-11-07 15:00:00+00:00,19.03
7450,2023-11-07 16:00:00+00:00,24.47
7451,2023-11-07 17:00:00+00:00,30.2
7452,2023-11-07 18:00:00+00:00,33.35
7453,2023-11-07 19:00:00+00:00,39.1
7454,2023-11-07 20:00:00+00:00,37.79
7455,2023-11-07 21:00:00+00:00,45.18
7456,2023-11-07 22:00:00+00:00,78.2
7457,2023-11-07 23:00:00+00:00,198.57
7458,2023-11-08 00:00:00+00:00,42.18
7459,2023-11-08 01:00:00+00:00,31.14
7460,2023-11-08 02:00:00+00:00,25.8
7461,2023-11-08 03:00:00+00:00,24.55
7462,2023-11-08 04:00:00+00:00,22.27
7463,2023-11-08 05:00:00+00:00,18.38
7464,2023-11-08 06:00:00+00:00,11.74
7465,2023-11-08 07:00:00+00:00,9.46
7466,2023-11-08 08:00:00+00:00,8.34
7467,2023-11-08 09:00:00+00:00,7.65
7468,2023-11-08 10:00:00+00:00,11.89
7469,2023-11-08 11:00:00+00:00,16.24
7470,2023-11-08 12:00:00+00:00,20.47
7471,2023-11-08 13:00:00+00:00,21.1
7472,2023-11-08 14:00:00+00:00,18.56
7473,2023-11-08 15:00:00+00:00,14.87
7474,2023-11-08 16:00:00+00:00,19.96
7475,2023-11-08 17:00:00+00:00,23.82
7476,2023-11-08 18:00:00+00:00,35.05
7477,2023-11-08 19:00:00+00:00,37.24
7478,2023-11-08 20:00:00+00:00,57.25
7479,2023-11-08 21:00:00+00:00,79.33
7480,2023-11-08 22:00:00+00:00,350.77
7481,2023-11-08 23:00:00+00:00,572.72
7482,2023-11-09 00:00:00+00:00,184.3
7483,2023-11-09 01:00:00+00:00,54.9
7484,2023-11-09 02:00:00+00:00,28.42
7485,2023-11-09 03:00:00+00:00,25.22
7486,2023-11-09 04:00:00+00:00,17.86
7487,2023-11-09 05:00:00+00:00,16.03
7488,2023-11-09 06:00:00+00:00,11.3
7489,2023-11-09 07:00:00+00:00,10.36
7490,2023-11-09 08:00:00+00:00,9.83
7491,2023-11-09 09:00:00+00:00,9.62
7492,2023-11-09 10:00:00+00:00,10.61
7493,2023-11-09 11:00:00+00:00,14.02
7494,2023-11-09 12:00:00+00:00,19.54
7495,2023-11-09 13:00:00+00:00,18.12
7496,2023-11-09 14:00:00+00:00,20.33
7497,2023-11-09 15:00:00+00:00,23.85
7498,2023-11-09 16:00:00+00:00,26.21
7499,2023-11-09 17:00:00+00:00,29.75
7500,2023-11-09 18:00:00+00:00,30.56
7501,2023-11-09 19:00:00+00:00,31.89
7502,2023-11-09 20:00:00+00:00,35.65
7503,2023-11-09 21:00:00+00:00,34.69
7504,2023-11-09 22:00:00+00:00,51.16
7505,2023-11-09 23:00:00+00:00,75.37
7506,2023-11-10 00:00:00+00:00,56.22
7507,2023-11-10 01:00:00+00:00,48.65
7508,2023-11-10 02:00:00+00:00,39.26
7509,2023-11-10 03:00:00+00:00,33.57
7510,2023-11-10 04:00:00+00:00,31.83
7511,2023-11-10 05:00:00+00:00,23.67
7512,2023-11-10 06:00:00+00:00,21.39
7513,2023-11-10 07:00:00+00:00,18.59
7514,2023-11-10 08:00:00+00:00,18.0
7515,2023-11-10 09:00:00+00:00,17.28
7516,2023-11-10 10:00:00+00:00,17.42
7517,2023-11-10 11:00:00+00:00,21.95
7518,2023-11-10 12:00:00+00:00,33.89
7519,2023-11-10 13:00:00+00:00,35.79
7520,2023-11-10 14:00:00+00:00,32.54
7521,2023-11-10 15:00:00+00:00,35.64
7522,2023-11-10 16:00:00+00:00,26.57
7523,2023-11-10 17:00:00+00:00,23.49
7524,2023-11-10 18:00:00+00:00,22.52
7525,2023-11-10 19:00:00+00:00,25.61
7526,2023-11-10 20:00:00+00:00,29.83
7527,2023-11-10 21:00:00+00:00,29.46
7528,2023-11-10 22:00:00+00:00,54.22
7529,2023-11-10 23:00:00+00:00,106.32
7530,2023-11-11 00:00:00+00:00,68.51
7531,2023-11-11 01:00:00+00:00,69.74
7532,2023-11-11 02:00:00+00:00,54.39
7533,2023-11-11 03:00:00+00:00,40.38
7534,2023-11-11 04:00:00+00:00,36.87
7535,2023-11-11 05:00:00+00:00,29.97
7536,2023-11-11 06:00:00+00:00,48.91
7537,2023-11-11 07:00:00+00:00,35.68
7538,2023-11-11 08:00:00+00:00,33.82
7539,2023-11-11 09:00:00+00:00,30.74
7540,2023-11-11 10:00:00+00:00,30.95
7541,2023-11-11 11:00:00+00:00,37.37
7542,2023-11-11 12:00:00+00:00,52.63
7543,2023-11-11 13:00:00+00:00,66.47
7544,2023-11-11 14:00:00+00:00,77.88
7545,2023-11-11 15:00:00+00:00,78.31
7546,2023-11-11 16:00:00+00:00,58.6
7547,2023-11-11 17:00:00+00:00,45.51
7548,2023-11-11 18:00:00+00:00,31.61
7549,2023-11-11 19:00:00+00:00,30.03
7550,2023-11-11 20:00:00+00:00,32.91
7551,2023-11-11 21:00:00+00:00,39.05
7552,2023-11-11 22:00:00+00:00,108.15
7553,2023-11-11 23:00:00+00:00,300.29
7554,2023-11-12 00:00:00+00:00,163.66
7555,2023-11-12 01:00:00+00:00,125.11
7556,2023-11-12 02:00:00+00:00,91.81
7557,2023-11-12 03:00:00+00:00,58.04
7558,2023-11-12 04:00:00+00:00,44.89
7559,2023-11-12 05:00:00+00:00,39.13
7560,2023-11-12 06:00:00+00:00,36.59
7561,2023-11-12 07:00:00+00:00,31.77
7562,2023-11-12 08:00:00+00:00,31.49
7563,2023-11-12 09:00:00+00:00,31.51
7564,2023-11-12 10:00:00+00:00,33.21
7565,2023-11-12 11:00:00+00:00,36.2
7566,2023-11-12 12:00:00+00:00,40.75
7567,2023-11-12 13:00:00+00:00,37.72
7568,2023-11-12 14:00:00+00:00,36.97
7569,2023-11-12 15:00:00+00:00,40.12
7570,2023-11-12 16:00:00+00:00,36.81
7571,2023-11-12 17:00:00+00:00,31.51
7572,2023-11-12 18:00:00+00:00,31.76
7573,2023-11-12 19:00:00+00:00,32.98
7574,2023-11-12 20:00:00+00:00,31.87
7575,2023-11-12 21:00:00+00:00,35.82
7576,2023-11-12 22:00:00+00:00,52.53
7577,2023-11-12 23:00:00+00:00,105.99
7578,2023-11-13 00:00:00+00:00,69.17
7579,2023-11-13 01:00:00+00:00,50.45
7580,2023-11-13 02:00:00+00:00,41.67
7581,2023-11-13 03:00:00+00:00,33.73
7582,2023-11-13 04:00:00+00:00,30.6
7583,2023-11-13 05:00:00+00:00,29.37
7584,2023-11-13 06:00:00+00:00,32.16
7585,2023-11-13 07:00:00+00:00,27.33
7586,2023-11-13 08:00:00+00:00,26.08
7587,2023-11-13 09:00:00+00:00,26.83
7588,2023-11-13 10:00:00+00:00,26.24
7589,2023-11-13 11:00:00+00:00,34.33
7590,2023-11-13 12:00:00+00:00,52.46
7591,2023-11-13 13:00:00+00:00,56.28
7592,2023-11-13 14:00:00+00:00,54.56
7593,2023-11-13 15:00:00+00:00,58.6
7594,2023-11-13 16:00:00+00:00,50.34
7595,2023-11-13 17:00:00+00:00,38.68
7596,2023-11-13 18:00:00+00:00,33.61
7597,2023-11-13 19:00:00+00:00,31.86
7598,2023-11-13 20:00:00+00:00,35.42
7599,2023-11-13 21:00:00+00:00,39.99
7600,2023-11-13 22:00:00+00:00,60.56
7601,2023-11-13 23:00:00+00:00,112.68
7602,2023-11-14 00:00:00+00:00,67.4
7603,2023-11-14 01:00:00+00:00,52.76
7604,2023-11-14 02:00:00+00:00,42.64
7605,2023-11-14 03:00:00+00:00,32.98
7606,2023-11-14 04:00:00+00:00,30.23
7607,2023-11-14 05:00:00+00:00,27.0
7608,2023-11-14 06:00:00+00:00,31.3
7609,2023-11-14 07:00:00+00:00,29.54
7610,2023-11-14 08:00:00+00:00,27.71
7611,2023-11-14 09:00:00+00:00,29.07
7612,2023-11-14 10:00:00+00:00,29.68
7613,2023-11-14 11:00:00+00:00,36.08
7614,2023-11-14 12:00:00+00:00,95.0
7615,2023-11-14 13:00:00+00:00,71.62
7616,2023-11-14 14:00:00+00:00,48.91
7617,2023-11-14 15:00:00+00:00,33.92
7618,2023-11-14 16:00:00+00:00,28.46
7619,2023-11-14 17:00:00+00:00,25.5
7620,2023-11-14 18:00:00+00:00,22.49
7621,2023-11-14 19:00:00+00:00,22.05
7622,2023-11-14 20:00:00+00:00,23.07
7623,2023-11-14 21:00:00+00:00,25.84
7624,2023-11-14 22:00:00+00:00,70.86
7625,2023-11-14 23:00:00+00:00,256.04
7626,2023-11-15 00:00:00+00:00,90.94
7627,2023-11-15 01:00:00+00:00,61.82
7628,2023-11-15 02:00:00+00:00,48.97
7629,2023-11-15 03:00:00+00:00,37.99
7630,2023-11-15 04:00:00+00:00,28.43
7631,2023-11-15 05:00:00+00:00,25.56
7632,2023-11-15 06:00:00+00:00,24.73
7633,2023-11-15 07:00:00+00:00,23.8
7634,2023-11-15 08:00:00+00:00,23.89
7635,2023-11-15 09:00:00+00:00,25.23
7636,2023-11-15 10:00:00+00:00,28.69
7637,2023-11-15 11:00:00+00:00,38.7
7638,2023-11-15 12:00:00+00:00,82.7
7639,2023-11-15 13:00:00+00:00,59.79
7640,2023-11-15 14:00:00+00:00,32.83
7641,2023-11-15 15:00:00+00:00,28.51
7642,2023-11-15 16:00:00+00:00,28.0
7643,2023-11-15 17:00:00+00:00,27.16
7644,2023-11-15 18:00:00+00:00,25.55
7645,2023-11-15 19:00:00+00:00,25.23
7646,2023-11-15 20:00:00+00:00,25.24
7647,2023-11-15 21:00:00+00:00,26.05
7648,2023-11-15 22:00:00+00:00,74.29
7649,2023-11-15 23:00:00+00:00,252.58
7650,2023-11-16 00:00:00+00:00,75.52
7651,2023-11-16 01:00:00+00:00,52.77
7652,2023-11-16 02:00:00+00:00,42.45
7653,2023-11-16 03:00:00+00:00,32.73
7654,2023-11-16 04:00:00+00:00,25.87
7655,2023-11-16 05:00:00+00:00,23.07
7656,2023-11-16 06:00:00+00:00,18.79
7657,2023-11-16 07:00:00+00:00,17.62
7658,2023-11-16 08:00:00+00:00,17.57
7659,2023-11-16 09:00:00+00:00,17.47
7660,2023-11-16 10:00:00+00:00,18.15
7661,2023-11-16 11:00:00+00:00,20.96
7662,2023-11-16 12:00:00+00:00,36.81
7663,2023-11-16 13:00:00+00:00,27.26
7664,2023-11-16 14:00:00+00:00,19.96
7665,2023-11-16 15:00:00+00:00,19.8
7666,2023-11-16 16:00:00+00:00,18.68
7667,2023-11-16 17:00:00+00:00,18.11
7668,2023-11-16 18:00:00+00:00,17.6
7669,2023-11-16 19:00:00+00:00,17.56
7670,2023-11-16 20:00:00+00:00,17.81
7671,2023-11-16 21:00:00+00:00,20.01
7672,2023-11-16 22:00:00+00:00,34.7
7673,2023-11-16 23:00:00+00:00,73.66
7674,2023-11-17 00:00:00+00:00,28.94
7675,2023-11-17 01:00:00+00:00,23.12
7676,2023-11-17 02:00:00+00:00,20.89
7677,2023-11-17 03:00:00+00:00,19.26
7678,2023-11-17 04:00:00+00:00,17.34
7679,2023-11-17 05:00:00+00:00,15.53
7680,2023-11-17 06:00:00+00:00,13.82
7681,2023-11-17 07:00:00+00:00,14.7
7682,2023-11-17 08:00:00+00:00,14.99
7683,2023-11-17 09:00:00+00:00,15.67
7684,2023-11-17 10:00:00+00:00,19.01
7685,2023-11-17 11:00:00+00:00,18.95
7686,2023-11-17 12:00:00+00:00,27.73
7687,2023-11-17 13:00:00+00:00,23.91
7688,2023-11-17 14:00:00+00:00,18.75
7689,2023-11-17 15:00:00+00:00,18.51
7690,2023-11-17 16:00:00+00:00,18.58
7691,2023-11-17 17:00:00+00:00,19.86
7692,2023-11-17 18:00:00+00:00,20.9
7693,2023-11-17 19:00:00+00:00,21.04
7694,2023-11-17 20:00:00+00:00,22.88
7695,2023-11-17 21:00:00+00:00,26.01
7696,2023-11-17 22:00:00+00:00,45.16
7697,2023-11-17 23:00:00+00:00,119.78
7698,2023-11-18 00:00:00+00:00,70.48
7699,2023-11-18 01:00:00+00:00,46.83
7700,2023-11-18 02:00:00+00:00,42.45
7701,2023-11-18 03:00:00+00:00,38.04
7702,2023-11-18 04:00:00+00:00,33.39
7703,2023-11-18 05:00:00+00:00,29.58
7704,2023-11-18 06:00:00+00:00,26.87
7705,2023-11-18 07:00:00+00:00,24.64
7706,2023-11-18 08:00:00+00:00,25.16
7707,2023-11-18 09:00:00+00:00,23.21
7708,2023-11-18 10:00:00+00:00,22.33
7709,2023-11-18 11:00:00+00:00,24.06
7710,2023-11-18 12:00:00+00:00,28.89
7711,2023-11-18 13:00:00+00:00,29.29
7712,2023-11-18 14:00:00+00:00,25.55
7713,2023-11-18 15:00:00+00:00,28.39
7714,2023-11-18 16:00:00+00:00,25.92
7715,2023-11-18 17:00:00+00:00,25.25
7716,2023-11-18 18:00:00+00:00,23.46
7717,2023-11-18 19:00:00+00:00,21.75
7718,2023-11-18 20:00:00+00:00,21.52
7719,2023-11-18 21:00:00+00:00,21.85
7720,2023-11-18 22:00:00+00:00,39.03
7721,2023-11-18 23:00:00+00:00,55.94
7722,2023-11-19 00:00:00+00:00,26.68
7723,2023-11-19 01:00:00+00:00,22.79
7724,2023-11-19 02:00:00+00:00,20.45
7725,2023-11-19 03:00:00+00:00,18.73
7726,2023-11-19 04:00:00+00:00,16.15
7727,2023-11-19 05:00:00+00:00,15.46
7728,2023-11-19 06:00:00+00:00,14.26
7729,2023-11-19 07:00:00+00:00,12.85
7730,2023-11-19 08:00:00+00:00,11.91
7731,2023-11-19 09:00:00+00:00,11.03
7732,2023-11-19 10:00:00+00:00,12.53
7733,2023-11-19 11:00:00+00:00,14.46
7734,2023-11-19 12:00:00+00:00,19.41
7735,2023-11-19 13:00:00+00:00,18.05
7736,2023-11-19 14:00:00+00:00,15.09
7737,2023-11-19 15:00:00+00:00,14.73
7738,2023-11-19 16:00:00+00:00,13.96
7739,2023-11-19 17:00:00+00:00,15.41
7740,2023-11-19 18:00:00+00:00,13.71
7741,2023-11-19 19:00:00+00:00,14.39
7742,2023-11-19 20:00:00+00:00,14.94
7743,2023-11-19 21:00:00+00:00,14.98
7744,2023-11-19 22:00:00+00:00,20.19
7745,2023-11-19 23:00:00+00:00,45.7
7746,2023-11-20 00:00:00+00:00,29.53
7747,2023-11-20 01:00:00+00:00,21.56
7748,2023-11-20 02:00:00+00:00,17.85
7749,2023-11-20 03:00:00+00:00,16.66
7750,2023-11-20 04:00:00+00:00,16.67
7751,2023-11-20 05:00:00+00:00,14.34
7752,2023-11-20 06:00:00+00:00,17.15
7753,2023-11-20 07:00:00+00:00,15.63
7754,2023-11-20 08:00:00+00:00,13.89
7755,2023-11-20 09:00:00+00:00,13.25
7756,2023-11-20 10:00:00+00:00,13.83
7757,2023-11-20 11:00:00+00:00,17.64
7758,2023-11-20 12:00:00+00:00,24.12
7759,2023-11-20 13:00:00+00:00,22.32
7760,2023-11-20 14:00:00+00:00,17.03
7761,2023-11-20 15:00:00+00:00,15.34
7762,2023-11-20 16:00:00+00:00,15.84
7763,2023-11-20 17:00:00+00:00,18.91
7764,2023-11-20 18:00:00+00:00,18.69
7765,2023-11-20 19:00:00+00:00,20.4
7766,2023-11-20 20:00:00+00:00,19.05
7767,2023-11-20 21:00:00+00:00,18.79
7768,2023-11-20 22:00:00+00:00,22.93
7769,2023-11-20 23:00:00+00:00,32.47
7770,2023-11-21 00:00:00+00:00,25.63
7771,2023-11-21 01:00:00+00:00,24.66
7772,2023-11-21 02:00:00+00:00,21.33
7773,2023-11-21 03:00:00+00:00,18.05
7774,2023-11-21 04:00:00+00:00,16.55
7775,2023-11-21 05:00:00+00:00,11.95
7776,2023-11-21 06:00:00+00:00,6.81
7777,2023-11-21 07:00:00+00:00,4.51
7778,2023-11-21 08:00:00+00:00,2.08
7779,2023-11-21 09:00:00+00:00,2.57
7780,2023-11-21 10:00:00+00:00,6.14
7781,2023-11-21 11:00:00+00:00,12.93
7782,2023-11-21 12:00:00+00:00,21.59
7783,2023-11-21 13:00:00+00:00,22.38
7784,2023-11-21 14:00:00+00:00,17.27
7785,2023-11-21 15:00:00+00:00,13.45
7786,2023-11-21 16:00:00+00:00,13.26
7787,2023-11-21 17:00:00+00:00,13.28
7788,2023-11-21 18:00:00+00:00,12.4
7789,2023-11-21 19:00:00+00:00,11.27
7790,2023-11-21 20:00:00+00:00,11.64
7791,2023-11-21 21:00:00+00:00,12.49
7792,2023-11-21 22:00:00+00:00,17.29
7793,2023-11-21 23:00:00+00:00,29.17
7794,2023-11-22 00:00:00+00:00,30.9
7795,2023-11-22 01:00:00+00:00,31.72
7796,2023-11-22 02:00:00+00:00,34.51
7797,2023-11-22 03:00:00+00:00,33.42
7798,2023-11-22 04:00:00+00:00,27.34
7799,2023-11-22 05:00:00+00:00,23.72
7800,2023-11-22 06:00:00+00:00,23.49
7801,2023-11-22 07:00:00+00:00,20.54
7802,2023-11-22 08:00:00+00:00,19.37
7803,2023-11-22 09:00:00+00:00,19.77
7804,2023-11-22 10:00:00+00:00,22.31
7805,2023-11-22 11:00:00+00:00,25.94
7806,2023-11-22 12:00:00+00:00,46.65
7807,2023-11-22 13:00:00+00:00,38.58
7808,2023-11-22 14:00:00+00:00,25.09
7809,2023-11-22 15:00:00+00:00,23.3
7810,2023-11-22 16:00:00+00:00,23.2
7811,2023-11-22 17:00:00+00:00,23.03
7812,2023-11-22 18:00:00+00:00,21.58
7813,2023-11-22 19:00:00+00:00,19.7
7814,2023-11-22 20:00:00+00:00,18.87
7815,2023-11-22 21:00:00+00:00,21.0
7816,2023-11-22 22:00:00+00:00,27.86
7817,2023-11-22 23:00:00+00:00,56.55
7818,2023-11-23 00:00:00+00:00,40.98
7819,2023-11-23 01:00:00+00:00,30.86
7820,2023-11-23 02:00:00+00:00,29.24
7821,2023-11-23 03:00:00+00:00,25.54
7822,2023-11-23 04:00:00+00:00,23.03
7823,2023-11-23 05:00:00+00:00,20.88
7824,2023-11-23 06:00:00+00:00,16.77
7825,2023-11-23 07:00:00+00:00,16.05
7826,2023-11-23 08:00:00+00:00,16.19
7827,2023-11-23 09:00:00+00:00,16.21
7828,2023-11-23 10:00:00+00:00,17.44
7829,2023-11-23 11:00:00+00:00,18.67
7830,2023-11-23 12:00:00+00:00,22.95
7831,2023-11-23 13:00:00+00:00,23.27
7832,2023-11-23 14:00:00+00:00,24.27
7833,2023-11-23 15:00:00+00:00,26.04
7834,2023-11-23 16:00:00+00:00,25.78
7835,2023-11-23 17:00:00+00:00,23.0
7836,2023-11-23 18:00:00+00:00,19.9
7837,2023-11-23 19:00:00+00:00,16.25
7838,2023-11-23 20:00:00+00:00,15.75
7839,2023-11-23 21:00:00+00:00,15.04
7840,2023-11-23 22:00:00+00:00,20.0
7841,2023-11-23 23:00:00+00:00,25.68
7842,2023-11-24 00:00:00+00:00,19.58
7843,2023-11-24 01:00:00+00:00,18.34
7844,2023-11-24 02:00:00+00:00,18.43
7845,2023-11-24 03:00:00+00:00,18.14
7846,2023-11-24 04:00:00+00:00,17.73
7847,2023-11-24 05:00:00+00:00,17.4
7848,2023-11-24 06:00:00+00:00,16.81
7849,2023-11-24 07:00:00+00:00,16.5
7850,2023-11-24 08:00:00+00:00,17.11
7851,2023-11-24 09:00:00+00:00,18.14
7852,2023-11-24 10:00:00+00:00,23.24
7853,2023-11-24 11:00:00+00:00,27.55
7854,2023-11-24 12:00:00+00:00,30.12
7855,2023-11-24 13:00:00+00:00,29.54
7856,2023-11-24 14:00:00+00:00,23.21
7857,2023-11-24 15:00:00+00:00,19.7
7858,2023-11-24 16:00:00+00:00,18.27
7859,2023-11-24 17:00:00+00:00,17.72
7860,2023-11-24 18:00:00+00:00,17.26
7861,2023-11-24 19:00:00+00:00,16.59
7862,2023-11-24 20:00:00+00:00,15.13
7863,2023-11-24 21:00:00+00:00,15.44
7864,2023-11-24 22:00:00+00:00,22.98
7865,2023-11-24 23:00:00+00:00,44.59
7866,2023-11-25 00:00:00+00:00,27.1
7867,2023-11-25 01:00:00+00:00,23.39
7868,2023-11-25 02:00:00+00:00,22.0
7869,2023-11-25 03:00:00+00:00,22.16
7870,2023-11-25 04:00:00+00:00,20.94
7871,2023-11-25 05:00:00+00:00,21.23
7872,2023-11-25 06:00:00+00:00,22.64
7873,2023-11-25 07:00:00+00:00,22.45
7874,2023-11-25 08:00:00+00:00,23.64
7875,2023-11-25 09:00:00+00:00,23.74
7876,2023-11-25 10:00:00+00:00,25.01
7877,2023-11-25 11:00:00+00:00,28.08
7878,2023-11-25 12:00:00+00:00,34.89
7879,2023-11-25 13:00:00+00:00,35.12
7880,2023-11-25 14:00:00+00:00,27.77
7881,2023-11-25 15:00:00+00:00,26.88
7882,2023-11-25 16:00:00+00:00,24.52
7883,2023-11-25 17:00:00+00:00,21.73
7884,2023-11-25 18:00:00+00:00,19.02
7885,2023-11-25 19:00:00+00:00,18.99
7886,2023-11-25 20:00:00+00:00,18.5
7887,2023-11-25 21:00:00+00:00,21.05
7888,2023-11-25 22:00:00+00:00,29.62
7889,2023-11-25 23:00:00+00:00,50.41
7890,2023-11-26 00:00:00+00:00,31.99
7891,2023-11-26 01:00:00+00:00,28.06
7892,2023-11-26 02:00:00+00:00,28.21
7893,2023-11-26 03:00:00+00:00,23.47
7894,2023-11-26 04:00:00+00:00,26.27
7895,2023-11-26 05:00:00+00:00,23.28
7896,2023-11-26 06:00:00+00:00,23.3
7897,2023-11-26 07:00:00+00:00,18.8
7898,2023-11-26 08:00:00+00:00,16.45
7899,2023-11-26 09:00:00+00:00,15.72
7900,2023-11-26 10:00:00+00:00,15.69
7901,2023-11-26 11:00:00+00:00,16.21
7902,2023-11-26 12:00:00+00:00,19.17
7903,2023-11-26 13:00:00+00:00,20.08
7904,2023-11-26 14:00:00+00:00,20.38
7905,2023-11-26 15:00:00+00:00,17.64
7906,2023-11-26 16:00:00+00:00,16.6
7907,2023-11-26 17:00:00+00:00,15.87
7908,2023-11-26 18:00:00+00:00,15.14
7909,2023-11-26 19:00:00+00:00,15.08
7910,2023-11-26 20:00:00+00:00,15.55
7911,2023-11-26 21:00:00+00:00,16.71
7912,2023-11-26 22:00:00+00:00,20.45
7913,2023-11-26 23:00:00+00:00,41.99
7914,2023-11-27 00:00:00+00:00,35.55
7915,2023-11-27 01:00:00+00:00,36.64
7916,2023-11-27 02:00:00+00:00,40.73
7917,2023-11-27 03:00:00+00:00,37.13
7918,2023-11-27 04:00:00+00:00,30.33
7919,2023-11-27 05:00:00+00:00,29.04
7920,2023-11-27 06:00:00+00:00,29.83
7921,2023-11-27 07:00:00+00:00,27.55
7922,2023-11-27 08:00:00+00:00,29.3
7923,2023-11-27 09:00:00+00:00,29.34
7924,2023-11-27 10:00:00+00:00,31.25
7925,2023-11-27 11:00:00+00:00,36.23
7926,2023-11-27 12:00:00+00:00,89.25
7927,2023-11-27 13:00:00+00:00,63.51
7928,2023-11-27 14:00:00+00:00,34.36
7929,2023-11-27 15:00:00+00:00,27.6
7930,2023-11-27 16:00:00+00:00,24.66
7931,2023-11-27 17:00:00+00:00,22.6
7932,2023-11-27 18:00:00+00:00,20.69
7933,2023-11-27 19:00:00+00:00,20.39
7934,2023-11-27 20:00:00+00:00,20.62
7935,2023-11-27 21:00:00+00:00,22.6
7936,2023-11-27 22:00:00+00:00,34.81
7937,2023-11-27 23:00:00+00:00,71.2
7938,2023-11-28 00:00:00+00:00,46.3
7939,2023-11-28 01:00:00+00:00,39.52
7940,2023-11-28 02:00:00+00:00,38.31
7941,2023-11-28 03:00:00+00:00,34.47
7942,2023-11-28 04:00:00+00:00,30.07
7943,2023-11-28 05:00:00+00:00,28.76
7944,2023-11-28 06:00:00+00:00,24.14
7945,2023-11-28 07:00:00+00:00,23.71
7946,2023-11-28 08:00:00+00:00,23.56
7947,2023-11-28 09:00:00+00:00,23.51
7948,2023-11-28 10:00:00+00:00,25.69
7949,2023-11-28 11:00:00+00:00,33.07
7950,2023-11-28 12:00:00+00:00,64.06
7951,2023-11-28 13:00:00+00:00,45.63
7952,2023-11-28 14:00:00+00:00,27.3
7953,2023-11-28 15:00:00+00:00,23.83
7954,2023-11-28 16:00:00+00:00,22.41
7955,2023-11-28 17:00:00+00:00,20.15
7956,2023-11-28 18:00:00+00:00,18.8
7957,2023-11-28 19:00:00+00:00,17.27
7958,2023-11-28 20:00:00+00:00,16.79
7959,2023-11-28 21:00:00+00:00,17.92
7960,2023-11-28 22:00:00+00:00,28.17
7961,2023-11-28 23:00:00+00:00,44.05
7962,2023-11-29 00:00:00+00:00,30.5
7963,2023-11-29 01:00:00+00:00,26.49
7964,2023-11-29 02:00:00+00:00,26.08
7965,2023-11-29 03:00:00+00:00,25.06
7966,2023-11-29 04:00:00+00:00,20.62
7967,2023-11-29 05:00:00+00:00,19.54
7968,2023-11-29 06:00:00+00:00,17.62
7969,2023-11-29 07:00:00+00:00,17.43
7970,2023-11-29 08:00:00+00:00,17.61
7971,2023-11-29 09:00:00+00:00,18.82
7972,2023-11-29 10:00:00+00:00,20.4
7973,2023-11-29 11:00:00+00:00,25.8
7974,2023-11-29 12:00:00+00:00,40.72
7975,2023-11-29 13:00:00+00:00,35.02
7976,2023-11-29 14:00:00+00:00,32.63
7977,2023-11-29 15:00:00+00:00,31.07
7978,2023-11-29 16:00:00+00:00,29.6
7979,2023-11-29 17:00:00+00:00,21.51
7980,2023-11-29 18:00:00+00:00,19.11
7981,2023-11-29 19:00:00+00:00,17.27
7982,2023-11-29 20:00:00+00:00,16.24
7983,2023-11-29 21:00:00+00:00,15.89
7984,2023-11-29 22:00:00+00:00,17.5
7985,2023-11-29 23:00:00+00:00,27.75
7986,2023-11-30 00:00:00+00:00,19.63
7987,2023-11-30 01:00:00+00:00,19.61
7988,2023-11-30 02:00:00+00:00,18.25
7989,2023-11-30 03:00:00+00:00,17.86
7990,2023-11-30 04:00:00+00:00,15.81
7991,2023-11-30 05:00:00+00:00,10.35
7992,2023-11-30 06:00:00+00:00,14.83
7993,2023-11-30 07:00:00+00:00,12.54
7994,2023-11-30 08:00:00+00:00,10.38
7995,2023-11-30 09:00:00+00:00,12.2
7996,2023-11-30 10:00:00+00:00,16.64
7997,2023-11-30 11:00:00+00:00,19.73
7998,2023-11-30 12:00:00+00:00,27.93
7999,2023-11-30 13:00:00+00:00,27.93
8000,2023-11-30 14:00:00+00:00,27.25
8001,2023-11-30 15:00:00+00:00,27.6
8002,2023-11-30 16:00:00+00:00,22.82
8003,2023-11-30 17:00:00+00:00,21.84
8004,2023-11-30 18:00:00+00:00,19.84
8005,2023-11-30 19:00:00+00:00,18.26
8006,2023-11-30 20:00:00+00:00,17.88
8007,2023-11-30 21:00:00+00:00,17.04
8008,2023-11-30 22:00:00+00:00,22.54
8009,2023-11-30 23:00:00+00:00,37.02
8010,2023-12-01 00:00:00+00:00,27.52
8011,2023-12-01 01:00:00+00:00,26.48
8012,2023-12-01 02:00:00+00:00,24.48
8013,2023-12-01 03:00:00+00:00,22.56
8014,2023-12-01 04:00:00+00:00,23.31
8015,2023-12-01 05:00:00+00:00,20.59
8016,2023-12-01 06:00:00+00:00,23.16
8017,2023-12-01 07:00:00+00:00,23.36
8018,2023-12-01 08:00:00+00:00,23.53
8019,2023-12-01 09:00:00+00:00,24.87
8020,2023-12-01 10:00:00+00:00,27.62
8021,2023-12-01 11:00:00+00:00,22.19
8022,2023-12-01 12:00:00+00:00,40.9
8023,2023-12-01 13:00:00+00:00,34.87
8024,2023-12-01 14:00:00+00:00,28.17
8025,2023-12-01 15:00:00+00:00,24.64
8026,2023-12-01 16:00:00+00:00,22.58
8027,2023-12-01 17:00:00+00:00,21.23
8028,2023-12-01 18:00:00+00:00,20.19
8029,2023-12-01 19:00:00+00:00,19.71
8030,2023-12-01 20:00:00+00:00,18.4
8031,2023-12-01 21:00:00+00:00,18.69
8032,2023-12-01 22:00:00+00:00,27.05
8033,2023-12-01 23:00:00+00:00,53.29
8034,2023-12-02 00:00:00+00:00,35.24
8035,2023-12-02 01:00:00+00:00,25.69
8036,2023-12-02 02:00:00+00:00,26.26
8037,2023-12-02 03:00:00+00:00,24.76
8038,2023-12-02 04:00:00+00:00,22.25
8039,2023-12-02 05:00:00+00:00,22.1
8040,2023-12-02 06:00:00+00:00,30.07
8041,2023-12-02 07:00:00+00:00,24.84
8042,2023-12-02 08:00:00+00:00,25.24
8043,2023-12-02 09:00:00+00:00,24.82
8044,2023-12-02 10:00:00+00:00,24.51
8045,2023-12-02 11:00:00+00:00,25.41
8046,2023-12-02 12:00:00+00:00,26.96
8047,2023-12-02 13:00:00+00:00,24.78
8048,2023-12-02 14:00:00+00:00,21.25
8049,2023-12-02 15:00:00+00:00,17.07
8050,2023-12-02 16:00:00+00:00,16.01
8051,2023-12-02 17:00:00+00:00,15.59
8052,2023-12-02 18:00:00+00:00,14.36
8053,2023-12-02 19:00:00+00:00,13.2
8054,2023-12-02 20:00:00+00:00,12.89
8055,2023-12-02 21:00:00+00:00,13.87
8056,2023-12-02 22:00:00+00:00,18.58
8057,2023-12-02 23:00:00+00:00,48.94
8058,2023-12-03 00:00:00+00:00,33.36
8059,2023-12-03 01:00:00+00:00,27.19
8060,2023-12-03 02:00:00+00:00,25.25
8061,2023-12-03 03:00:00+00:00,22.83
8062,2023-12-03 04:00:00+00:00,20.57
8063,2023-12-03 05:00:00+00:00,20.93
8064,2023-12-03 06:00:00+00:00,22.39
8065,2023-12-03 07:00:00+00:00,17.72
8066,2023-12-03 08:00:00+00:00,17.46
8067,2023-12-03 09:00:00+00:00,17.67
8068,2023-12-03 10:00:00+00:00,17.97
8069,2023-12-03 11:00:00+00:00,18.34
8070,2023-12-03 12:00:00+00:00,19.61
8071,2023-12-03 13:00:00+00:00,17.93
8072,2023-12-03 14:00:00+00:00,16.29
8073,2023-12-03 15:00:00+00:00,15.06
8074,2023-12-03 16:00:00+00:00,14.97
8075,2023-12-03 17:00:00+00:00,13.3
8076,2023-12-03 18:00:00+00:00,11.05
8077,2023-12-03 19:00:00+00:00,11.47
8078,2023-12-03 20:00:00+00:00,11.42
8079,2023-12-03 21:00:00+00:00,13.76
8080,2023-12-03 22:00:00+00:00,17.73
8081,2023-12-03 23:00:00+00:00,43.97
8082,2023-12-04 00:00:00+00:00,28.26
8083,2023-12-04 01:00:00+00:00,25.84
8084,2023-12-04 02:00:00+00:00,25.29
8085,2023-12-04 03:00:00+00:00,24.08
8086,2023-12-04 04:00:00+00:00,23.86
8087,2023-12-04 05:00:00+00:00,20.69
8088,2023-12-04 06:00:00+00:00,19.78
8089,2023-12-04 07:00:00+00:00,22.37
8090,2023-12-04 08:00:00+00:00,25.55
8091,2023-12-04 09:00:00+00:00,28.25
8092,2023-12-04 10:00:00+00:00,31.17
8093,2023-12-04 11:00:00+00:00,26.45
8094,2023-12-04 12:00:00+00:00,49.12
8095,2023-12-04 13:00:00+00:00,43.93
8096,2023-12-04 14:00:00+00:00,26.68
8097,2023-12-04 15:00:00+00:00,21.43
8098,2023-12-04 16:00:00+00:00,19.97
8099,2023-12-04 17:00:00+00:00,19.53
8100,2023-12-04 18:00:00+00:00,19.26
8101,2023-12-04 19:00:00+00:00,18.51
8102,2023-12-04 20:00:00+00:00,18.08
8103,2023-12-04 21:00:00+00:00,18.84
8104,2023-12-04 22:00:00+00:00,27.7
8105,2023-12-04 23:00:00+00:00,58.22
8106,2023-12-05 00:00:00+00:00,32.33
8107,2023-12-05 01:00:00+00:00,26.82
8108,2023-12-05 02:00:00+00:00,25.74
8109,2023-12-05 03:00:00+00:00,24.43
8110,2023-12-05 04:00:00+00:00,25.57
8111,2023-12-05 05:00:00+00:00,25.52
8112,2023-12-05 06:00:00+00:00,19.7
8113,2023-12-05 07:00:00+00:00,20.32
8114,2023-12-05 08:00:00+00:00,20.6
8115,2023-12-05 09:00:00+00:00,22.12
8116,2023-12-05 10:00:00+00:00,24.06
8117,2023-12-05 11:00:00+00:00,29.71
8118,2023-12-05 12:00:00+00:00,46.85
8119,2023-12-05 13:00:00+00:00,36.42
8120,2023-12-05 14:00:00+00:00,23.73
8121,2023-12-05 15:00:00+00:00,18.65
8122,2023-12-05 16:00:00+00:00,19.7
8123,2023-12-05 17:00:00+00:00,19.08
8124,2023-12-05 18:00:00+00:00,18.7
8125,2023-12-05 19:00:00+00:00,18.43
8126,2023-12-05 20:00:00+00:00,19.15
8127,2023-12-05 21:00:00+00:00,20.3
8128,2023-12-05 22:00:00+00:00,32.34
8129,2023-12-05 23:00:00+00:00,63.12
8130,2023-12-06 00:00:00+00:00,35.18
8131,2023-12-06 01:00:00+00:00,32.81
8132,2023-12-06 02:00:00+00:00,32.34
8133,2023-12-06 03:00:00+00:00,28.71
8134,2023-12-06 04:00:00+00:00,26.51
8135,2023-12-06 05:00:00+00:00,25.14
8136,2023-12-06 06:00:00+00:00,26.87
8137,2023-12-06 07:00:00+00:00,24.91
8138,2023-12-06 08:00:00+00:00,24.75
8139,2023-12-06 09:00:00+00:00,24.07
8140,2023-12-06 10:00:00+00:00,25.11
8141,2023-12-06 11:00:00+00:00,32.39
8142,2023-12-06 12:00:00+00:00,61.86
8143,2023-12-06 13:00:00+00:00,45.06
8144,2023-12-06 14:00:00+00:00,25.64
8145,2023-12-06 15:00:00+00:00,23.93
8146,2023-12-06 16:00:00+00:00,21.06
8147,2023-12-06 17:00:00+00:00,18.59
8148,2023-12-06 18:00:00+00:00,17.61
8149,2023-12-06 19:00:00+00:00,16.95
8150,2023-12-06 20:00:00+00:00,16.38
8151,2023-12-06 21:00:00+00:00,16.99
8152,2023-12-06 22:00:00+00:00,25.84
8153,2023-12-06 23:00:00+00:00,40.57
8154,2023-12-07 00:00:00+00:00,25.1
8155,2023-12-07 01:00:00+00:00,19.43
8156,2023-12-07 02:00:00+00:00,19.52
8157,2023-12-07 03:00:00+00:00,18.4
8158,2023-12-07 04:00:00+00:00,18.53
8159,2023-12-07 05:00:00+00:00,17.07
8160,2023-12-07 06:00:00+00:00,15.36
8161,2023-12-07 07:00:00+00:00,14.24
8162,2023-12-07 08:00:00+00:00,13.76
8163,2023-12-07 09:00:00+00:00,13.98
8164,2023-12-07 10:00:00+00:00,15.83
8165,2023-12-07 11:00:00+00:00,19.14
8166,2023-12-07 12:00:00+00:00,34.53
8167,2023-12-07 13:00:00+00:00,31.45
8168,2023-12-07 14:00:00+00:00,23.7
8169,2023-12-07 15:00:00+00:00,17.73
8170,2023-12-07 16:00:00+00:00,16.22
8171,2023-12-07 17:00:00+00:00,13.94
8172,2023-12-07 18:00:00+00:00,13.75
8173,2023-12-07 19:00:00+00:00,13.33
8174,2023-12-07 20:00:00+00:00,12.46
8175,2023-12-07 21:00:00+00:00,13.37
8176,2023-12-07 22:00:00+00:00,19.85
8177,2023-12-07 23:00:00+00:00,31.89
8178,2023-12-08 00:00:00+00:00,24.66
8179,2023-12-08 01:00:00+00:00,21.55
8180,2023-12-08 02:00:00+00:00,18.71
8181,2023-12-08 03:00:00+00:00,17.84
8182,2023-12-08 04:00:00+00:00,16.49
8183,2023-12-08 05:00:00+00:00,13.49
8184,2023-12-08 06:00:00+00:00,11.54
8185,2023-12-08 07:00:00+00:00,9.19
8186,2023-12-08 08:00:00+00:00,7.13
8187,2023-12-08 09:00:00+00:00,7.54
8188,2023-12-08 10:00:00+00:00,9.63
8189,2023-12-08 11:00:00+00:00,15.67
8190,2023-12-08 12:00:00+00:00,23.76
8191,2023-12-08 13:00:00+00:00,24.15
8192,2023-12-08 14:00:00+00:00,21.16
8193,2023-12-08 15:00:00+00:00,18.02
8194,2023-12-08 16:00:00+00:00,17.44
8195,2023-12-08 17:00:00+00:00,18.22
8196,2023-12-08 18:00:00+00:00,19.04
8197,2023-12-08 19:00:00+00:00,19.59
8198,2023-12-08 20:00:00+00:00,19.18
8199,2023-12-08 21:00:00+00:00,17.28
8200,2023-12-08 22:00:00+00:00,26.88
8201,2023-12-08 23:00:00+00:00,49.33
8202,2023-12-09 00:00:00+00:00,24.91
8203,2023-12-09 01:00:00+00:00,21.24
8204,2023-12-09 02:00:00+00:00,20.7
8205,2023-12-09 03:00:00+00:00,17.61
8206,2023-12-09 04:00:00+00:00,19.55
8207,2023-12-09 05:00:00+00:00,22.13
8208,2023-12-09 06:00:00+00:00,25.95
8209,2023-12-09 07:00:00+00:00,23.58
8210,2023-12-09 08:00:00+00:00,23.29
8211,2023-12-09 09:00:00+00:00,21.53
8212,2023-12-09 10:00:00+00:00,21.52
8213,2023-12-09 11:00:00+00:00,23.59
8214,2023-12-09 12:00:00+00:00,23.45
8215,2023-12-09 13:00:00+00:00,23.43
8216,2023-12-09 14:00:00+00:00,17.19
8217,2023-12-09 15:00:00+00:00,15.19
8218,2023-12-09 16:00:00+00:00,13.76
8219,2023-12-09 17:00:00+00:00,14.5
8220,2023-12-09 18:00:00+00:00,15.47
8221,2023-12-09 19:00:00+00:00,15.68
8222,2023-12-09 20:00:00+00:00,15.38
8223,2023-12-09 21:00:00+00:00,16.38
8224,2023-12-09 22:00:00+00:00,18.86
8225,2023-12-09 23:00:00+00:00,29.08
8226,2023-12-10 00:00:00+00:00,25.18
8227,2023-12-10 01:00:00+00:00,19.69
8228,2023-12-10 02:00:00+00:00,18.46
8229,2023-12-10 03:00:00+00:00,17.02
8230,2023-12-10 04:00:00+00:00,18.57
8231,2023-12-10 05:00:00+00:00,19.45
8232,2023-12-10 06:00:00+00:00,17.7
8233,2023-12-10 07:00:00+00:00,17.92
8234,2023-12-10 08:00:00+00:00,18.83
8235,2023-12-10 09:00:00+00:00,20.74
8236,2023-12-10 10:00:00+00:00,22.15
8237,2023-12-10 11:00:00+00:00,28.01
8238,2023-12-10 12:00:00+00:00,33.19
8239,2023-12-10 13:00:00+00:00,38.85
8240,2023-12-10 14:00:00+00:00,23.07
8241,2023-12-10 15:00:00+00:00,16.91
8242,2023-12-10 16:00:00+00:00,15.23
8243,2023-12-10 17:00:00+00:00,13.85
8244,2023-12-10 18:00:00+00:00,13.55
8245,2023-12-10 19:00:00+00:00,11.82
8246,2023-12-10 20:00:00+00:00,11.48
8247,2023-12-10 21:00:00+00:00,11.79
8248,2023-12-10 22:00:00+00:00,17.59
8249,2023-12-10 23:00:00+00:00,48.03
8250,2023-12-11 00:00:00+00:00,24.81
8251,2023-12-11 01:00:00+00:00,20.08
8252,2023-12-11 02:00:00+00:00,21.37
8253,2023-12-11 03:00:00+00:00,20.4
8254,2023-12-11 04:00:00+00:00,20.97
8255,2023-12-11 05:00:00+00:00,18.29
8256,2023-12-11 06:00:00+00:00,17.67
8257,2023-12-11 07:00:00+00:00,19.24
8258,2023-12-11 08:00:00+00:00,20.92
8259,2023-12-11 09:00:00+00:00,22.0
8260,2023-12-11 10:00:00+00:00,24.22
8261,2023-12-11 11:00:00+00:00,28.51
8262,2023-12-11 12:00:00+00:00,91.38
8263,2023-12-11 13:00:00+00:00,76.97
8264,2023-12-11 14:00:00+00:00,32.64
8265,2023-12-11 15:00:00+00:00,25.14
8266,2023-12-11 16:00:00+00:00,22.41
8267,2023-12-11 17:00:00+00:00,20.66
8268,2023-12-11 18:00:00+00:00,19.4
8269,2023-12-11 19:00:00+00:00,17.79
8270,2023-12-11 20:00:00+00:00,16.54
8271,2023-12-11 21:00:00+00:00,16.52
8272,2023-12-11 22:00:00+00:00,28.87
8273,2023-12-11 23:00:00+00:00,46.68
8274,2023-12-12 00:00:00+00:00,26.01
8275,2023-12-12 01:00:00+00:00,21.65
8276,2023-12-12 02:00:00+00:00,19.11
8277,2023-12-12 03:00:00+00:00,18.6
8278,2023-12-12 04:00:00+00:00,16.79
8279,2023-12-12 05:00:00+00:00,16.96
8280,2023-12-12 06:00:00+00:00,16.43
8281,2023-12-12 07:00:00+00:00,17.18
8282,2023-12-12 08:00:00+00:00,19.83
8283,2023-12-12 09:00:00+00:00,21.07
8284,2023-12-12 10:00:00+00:00,22.52
8285,2023-12-12 11:00:00+00:00,26.75
8286,2023-12-12 12:00:00+00:00,48.55
8287,2023-12-12 13:00:00+00:00,40.31
8288,2023-12-12 14:00:00+00:00,24.42
8289,2023-12-12 15:00:00+00:00,23.69
8290,2023-12-12 16:00:00+00:00,18.15
8291,2023-12-12 17:00:00+00:00,14.84
8292,2023-12-12 18:00:00+00:00,13.45
8293,2023-12-12 19:00:00+00:00,12.47
8294,2023-12-12 20:00:00+00:00,11.67
8295,2023-12-12 21:00:00+00:00,12.96
8296,2023-12-12 22:00:00+00:00,18.71
8297,2023-12-12 23:00:00+00:00,29.63
8298,2023-12-13 00:00:00+00:00,20.44
8299,2023-12-13 01:00:00+00:00,17.72
8300,2023-12-13 02:00:00+00:00,17.68
8301,2023-12-13 03:00:00+00:00,16.98
8302,2023-12-13 04:00:00+00:00,16.75
8303,2023-12-13 05:00:00+00:00,15.94
8304,2023-12-13 06:00:00+00:00,16.26
8305,2023-12-13 07:00:00+00:00,15.92
8306,2023-12-13 08:00:00+00:00,16.75
8307,2023-12-13 09:00:00+00:00,17.8
8308,2023-12-13 10:00:00+00:00,19.51
8309,2023-12-13 11:00:00+00:00,22.64
8310,2023-12-13 12:00:00+00:00,31.13
8311,2023-12-13 13:00:00+00:00,32.02
8312,2023-12-13 14:00:00+00:00,28.41
8313,2023-12-13 15:00:00+00:00,26.49
8314,2023-12-13 16:00:00+00:00,19.18
8315,2023-12-13 17:00:00+00:00,18.35
8316,2023-12-13 18:00:00+00:00,17.1
8317,2023-12-13 19:00:00+00:00,16.95
8318,2023-12-13 20:00:00+00:00,17.23
8319,2023-12-13 21:00:00+00:00,16.93
8320,2023-12-13 22:00:00+00:00,20.63
8321,2023-12-13 23:00:00+00:00,29.74
8322,2023-12-14 00:00:00+00:00,21.43
8323,2023-12-14 01:00:00+00:00,20.94
8324,2023-12-14 02:00:00+00:00,21.43
8325,2023-12-14 03:00:00+00:00,19.56
8326,2023-12-14 04:00:00+00:00,19.11
8327,2023-12-14 05:00:00+00:00,16.48
8328,2023-12-14 06:00:00+00:00,13.14
8329,2023-12-14 07:00:00+00:00,13.06
8330,2023-12-14 08:00:00+00:00,13.45
8331,2023-12-14 09:00:00+00:00,14.65
8332,2023-12-14 10:00:00+00:00,17.15
8333,2023-12-14 11:00:00+00:00,19.7
8334,2023-12-14 12:00:00+00:00,32.93
8335,2023-12-14 13:00:00+00:00,31.98
8336,2023-12-14 14:00:00+00:00,26.0
8337,2023-12-14 15:00:00+00:00,23.18
8338,2023-12-14 16:00:00+00:00,17.98
8339,2023-12-14 17:00:00+00:00,15.04
8340,2023-12-14 18:00:00+00:00,14.09
8341,2023-12-14 19:00:00+00:00,13.97
8342,2023-12-14 20:00:00+00:00,13.99
8343,2023-12-14 21:00:00+00:00,14.61
8344,2023-12-14 22:00:00+00:00,19.27
8345,2023-12-14 23:00:00+00:00,33.05
8346,2023-12-15 00:00:00+00:00,21.79
8347,2023-12-15 01:00:00+00:00,20.16
8348,2023-12-15 02:00:00+00:00,20.45
8349,2023-12-15 03:00:00+00:00,19.45
8350,2023-12-15 04:00:00+00:00,19.1
8351,2023-12-15 05:00:00+00:00,16.97
8352,2023-12-15 06:00:00+00:00,15.09
8353,2023-12-15 07:00:00+00:00,17.38
8354,2023-12-15 08:00:00+00:00,18.59
8355,2023-12-15 09:00:00+00:00,19.52
8356,2023-12-15 10:00:00+00:00,20.14
8357,2023-12-15 11:00:00+00:00,24.33
8358,2023-12-15 12:00:00+00:00,34.04
8359,2023-12-15 13:00:00+00:00,30.07
8360,2023-12-15 14:00:00+00:00,23.4
8361,2023-12-15 15:00:00+00:00,20.93
8362,2023-12-15 16:00:00+00:00,19.29
8363,2023-12-15 17:00:00+00:00,19.53
8364,2023-12-15 18:00:00+00:00,17.93
8365,2023-12-15 19:00:00+00:00,16.28
8366,2023-12-15 20:00:00+00:00,14.66
8367,2023-12-15 21:00:00+00:00,14.02
8368,2023-12-15 22:00:00+00:00,19.4
8369,2023-12-15 23:00:00+00:00,35.75
8370,2023-12-16 00:00:00+00:00,24.58
8371,2023-12-16 01:00:00+00:00,21.47
8372,2023-12-16 02:00:00+00:00,20.02
8373,2023-12-16 03:00:00+00:00,19.22
8374,2023-12-16 04:00:00+00:00,19.69
8375,2023-12-16 05:00:00+00:00,16.35
8376,2023-12-16 06:00:00+00:00,16.59
8377,2023-12-16 07:00:00+00:00,14.74
8378,2023-12-16 08:00:00+00:00,11.86
8379,2023-12-16 09:00:00+00:00,10.26
8380,2023-12-16 10:00:00+00:00,10.92
8381,2023-12-16 11:00:00+00:00,13.9
8382,2023-12-16 12:00:00+00:00,16.03
8383,2023-12-16 13:00:00+00:00,19.17
8384,2023-12-16 14:00:00+00:00,16.93
8385,2023-12-16 15:00:00+00:00,14.69
8386,2023-12-16 16:00:00+00:00,15.34
8387,2023-12-16 17:00:00+00:00,14.28
8388,2023-12-16 18:00:00+00:00,12.53
8389,2023-12-16 19:00:00+00:00,11.68
8390,2023-12-16 20:00:00+00:00,11.43
8391,2023-12-16 21:00:00+00:00,12.33
8392,2023-12-16 22:00:00+00:00,18.85
8393,2023-12-16 23:00:00+00:00,36.86
8394,2023-12-17 00:00:00+00:00,28.42
8395,2023-12-17 01:00:00+00:00,23.58
8396,2023-12-17 02:00:00+00:00,19.75
8397,2023-12-17 03:00:00+00:00,19.03
8398,2023-12-17 04:00:00+00:00,20.31
8399,2023-12-17 05:00:00+00:00,18.16
8400,2023-12-17 06:00:00+00:00,16.2
8401,2023-12-17 07:00:00+00:00,15.19
8402,2023-12-17 08:00:00+00:00,14.83
8403,2023-12-17 09:00:00+00:00,15.02
8404,2023-12-17 10:00:00+00:00,15.98
8405,2023-12-17 11:00:00+00:00,17.8
8406,2023-12-17 12:00:00+00:00,23.67
8407,2023-12-17 13:00:00+00:00,25.34
8408,2023-12-17 14:00:00+00:00,16.73
8409,2023-12-17 15:00:00+00:00,15.35
8410,2023-12-17 16:00:00+00:00,14.83
8411,2023-12-17 17:00:00+00:00,14.14
8412,2023-12-17 18:00:00+00:00,13.63
8413,2023-12-17 19:00:00+00:00,12.91
8414,2023-12-17 20:00:00+00:00,12.95
8415,2023-12-17 21:00:00+00:00,13.76
8416,2023-12-17 22:00:00+00:00,18.76
8417,2023-12-17 23:00:00+00:00,35.22
8418,2023-12-18 00:00:00+00:00,27.01
8419,2023-12-18 01:00:00+00:00,25.16
8420,2023-12-18 02:00:00+00:00,21.2
8421,2023-12-18 03:00:00+00:00,18.86
8422,2023-12-18 04:00:00+00:00,17.74
8423,2023-12-18 05:00:00+00:00,16.34
8424,2023-12-18 06:00:00+00:00,11.93
8425,2023-12-18 07:00:00+00:00,10.39
8426,2023-12-18 08:00:00+00:00,10.32
8427,2023-12-18 09:00:00+00:00,11.44
8428,2023-12-18 10:00:00+00:00,14.74
8429,2023-12-18 11:00:00+00:00,16.74
8430,2023-12-18 12:00:00+00:00,25.56
8431,2023-12-18 13:00:00+00:00,25.32
8432,2023-12-18 14:00:00+00:00,17.58
8433,2023-12-18 15:00:00+00:00,15.94
8434,2023-12-18 16:00:00+00:00,14.09
8435,2023-12-18 17:00:00+00:00,14.05
8436,2023-12-18 18:00:00+00:00,14.78
8437,2023-12-18 19:00:00+00:00,14.51
8438,2023-12-18 20:00:00+00:00,14.74
8439,2023-12-18 21:00:00+00:00,15.32
8440,2023-12-18 22:00:00+00:00,20.01
8441,2023-12-18 23:00:00+00:00,38.27
8442,2023-12-19 00:00:00+00:00,29.84
8443,2023-12-19 01:00:00+00:00,25.64
8444,2023-12-19 02:00:00+00:00,23.0
8445,2023-12-19 03:00:00+00:00,19.0
8446,2023-12-19 04:00:00+00:00,18.38
8447,2023-12-19 05:00:00+00:00,16.9
8448,2023-12-19 06:00:00+00:00,14.65
8449,2023-12-19 07:00:00+00:00,13.52
8450,2023-12-19 08:00:00+00:00,13.15
8451,2023-12-19 09:00:00+00:00,13.08
8452,2023-12-19 10:00:00+00:00,14.24
8453,2023-12-19 11:00:00+00:00,17.35
8454,2023-12-19 12:00:00+00:00,26.08
8455,2023-12-19 13:00:00+00:00,24.15
8456,2023-12-19 14:00:00+00:00,18.58
8457,2023-12-19 15:00:00+00:00,19.42
8458,2023-12-19 16:00:00+00:00,16.67
8459,2023-12-19 17:00:00+00:00,13.7
8460,2023-12-19 18:00:00+00:00,11.77
8461,2023-12-19 19:00:00+00:00,9.91
8462,2023-12-19 20:00:00+00:00,9.53
8463,2023-12-19 21:00:00+00:00,10.54
8464,2023-12-19 22:00:00+00:00,14.95
8465,2023-12-19 23:00:00+00:00,26.78
8466,2023-12-20 00:00:00+00:00,23.22
8467,2023-12-20 01:00:00+00:00,19.15
8468,2023-12-20 02:00:00+00:00,18.54
8469,2023-12-20 03:00:00+00:00,16.56
8470,2023-12-20 04:00:00+00:00,15.49
8471,2023-12-20 05:00:00+00:00,14.09
8472,2023-12-20 06:00:00+00:00,11.87
8473,2023-12-20 07:00:00+00:00,11.16
8474,2023-12-20 08:00:00+00:00,11.07
8475,2023-12-20 09:00:00+00:00,10.58
8476,2023-12-20 10:00:00+00:00,11.28
8477,2023-12-20 11:00:00+00:00,14.79
8478,2023-12-20 12:00:00+00:00,20.38
8479,2023-12-20 13:00:00+00:00,21.21
8480,2023-12-20 14:00:00+00:00,16.81
8481,2023-12-20 15:00:00+00:00,16.59
8482,2023-12-20 16:00:00+00:00,13.89
8483,2023-12-20 17:00:00+00:00,11.05
8484,2023-12-20 18:00:00+00:00,10.18
8485,2023-12-20 19:00:00+00:00,10.18
8486,2023-12-20 20:00:00+00:00,11.11
8487,2023-12-20 21:00:00+00:00,14.38
8488,2023-12-20 22:00:00+00:00,24.69
8489,2023-12-20 23:00:00+00:00,36.09
8490,2023-12-21 00:00:00+00:00,23.45
8491,2023-12-21 01:00:00+00:00,16.86
8492,2023-12-21 02:00:00+00:00,15.3
8493,2023-12-21 03:00:00+00:00,13.92
8494,2023-12-21 04:00:00+00:00,15.89
8495,2023-12-21 05:00:00+00:00,13.56
8496,2023-12-21 06:00:00+00:00,14.11
8497,2023-12-21 07:00:00+00:00,14.58
8498,2023-12-21 08:00:00+00:00,16.95
8499,2023-12-21 09:00:00+00:00,17.79
8500,2023-12-21 10:00:00+00:00,19.32
8501,2023-12-21 11:00:00+00:00,19.66
8502,2023-12-21 12:00:00+00:00,23.04
8503,2023-12-21 13:00:00+00:00,22.94
8504,2023-12-21 14:00:00+00:00,20.39
8505,2023-12-21 15:00:00+00:00,19.32
8506,2023-12-21 16:00:00+00:00,16.4
8507,2023-12-21 17:00:00+00:00,14.65
8508,2023-12-21 18:00:00+00:00,14.96
8509,2023-12-21 19:00:00+00:00,15.14
8510,2023-12-21 20:00:00+00:00,15.53
8511,2023-12-21 21:00:00+00:00,16.34
8512,2023-12-21 22:00:00+00:00,27.18
8513,2023-12-21 23:00:00+00:00,42.53
8514,2023-12-22 00:00:00+00:00,25.59
8515,2023-12-22 01:00:00+00:00,24.58
8516,2023-12-22 02:00:00+00:00,23.51
8517,2023-12-22 03:00:00+00:00,18.89
8518,2023-12-22 04:00:00+00:00,17.64
8519,2023-12-22 05:00:00+00:00,16.67
8520,2023-12-22 06:00:00+00:00,15.44
8521,2023-12-22 07:00:00+00:00,14.98
8522,2023-12-22 08:00:00+00:00,15.19
8523,2023-12-22 09:00:00+00:00,16.39
8524,2023-12-22 10:00:00+00:00,16.63
8525,2023-12-22 11:00:00+00:00,18.25
8526,2023-12-22 12:00:00+00:00,22.29
8527,2023-12-22 13:00:00+00:00,24.96
8528,2023-12-22 14:00:00+00:00,21.6
8529,2023-12-22 15:00:00+00:00,18.58
8530,2023-12-22 16:00:00+00:00,18.22
8531,2023-12-22 17:00:00+00:00,19.06
8532,2023-12-22 18:00:00+00:00,18.11
8533,2023-12-22 19:00:00+00:00,18.82
8534,2023-12-22 20:00:00+00:00,17.81
8535,2023-12-22 21:00:00+00:00,18.48
8536,2023-12-22 22:00:00+00:00,30.05
8537,2023-12-22 23:00:00+00:00,47.23
8538,2023-12-23 00:00:00+00:00,27.27
8539,2023-12-23 01:00:00+00:00,22.77
8540,2023-12-23 02:00:00+00:00,19.95
8541,2023-12-23 03:00:00+00:00,17.48
8542,2023-12-23 04:00:00+00:00,19.79
8543,2023-12-23 05:00:00+00:00,15.94
8544,2023-12-23 06:00:00+00:00,12.17
8545,2023-12-23 07:00:00+00:00,10.05
8546,2023-12-23 08:00:00+00:00,8.79
8547,2023-12-23 09:00:00+00:00,10.8
8548,2023-12-23 10:00:00+00:00,10.58
8549,2023-12-23 11:00:00+00:00,11.4
8550,2023-12-23 12:00:00+00:00,11.11
8551,2023-12-23 13:00:00+00:00,11.9
8552,2023-12-23 14:00:00+00:00,12.5
8553,2023-12-23 15:00:00+00:00,14.6
8554,2023-12-23 16:00:00+00:00,10.79
8555,2023-12-23 17:00:00+00:00,9.37
8556,2023-12-23 18:00:00+00:00,9.21
8557,2023-12-23 19:00:00+00:00,8.81
8558,2023-12-23 20:00:00+00:00,9.51
8559,2023-12-23 21:00:00+00:00,10.2
8560,2023-12-23 22:00:00+00:00,17.37
8561,2023-12-23 23:00:00+00:00,21.64
8562,2023-12-24 00:00:00+00:00,19.23
8563,2023-12-24 01:00:00+00:00,14.53
8564,2023-12-24 02:00:00+00:00,14.08
8565,2023-12-24 03:00:00+00:00,13.69
8566,2023-12-24 04:00:00+00:00,14.91
8567,2023-12-24 05:00:00+00:00,13.43
8568,2023-12-24 06:00:00+00:00,15.6
8569,2023-12-24 07:00:00+00:00,13.78
8570,2023-12-24 08:00:00+00:00,13.52
8571,2023-12-24 09:00:00+00:00,14.71
8572,2023-12-24 10:00:00+00:00,16.12
8573,2023-12-24 11:00:00+00:00,17.4
8574,2023-12-24 12:00:00+00:00,18.03
8575,2023-12-24 13:00:00+00:00,17.26
8576,2023-12-24 14:00:00+00:00,16.08
8577,2023-12-24 15:00:00+00:00,11.46
8578,2023-12-24 16:00:00+00:00,10.65
8579,2023-12-24 17:00:00+00:00,9.92
8580,2023-12-24 18:00:00+00:00,8.13
8581,2023-12-24 19:00:00+00:00,7.05
8582,2023-12-24 20:00:00+00:00,6.98
8583,2023-12-24 21:00:00+00:00,7.64
8584,2023-12-24 22:00:00+00:00,13.55
8585,2023-12-24 23:00:00+00:00,26.11
8586,2023-12-25 00:00:00+00:00,23.14
8587,2023-12-25 01:00:00+00:00,18.55
8588,2023-12-25 02:00:00+00:00,15.31
8589,2023-12-25 03:00:00+00:00,13.68
8590,2023-12-25 04:00:00+00:00,12.92
8591,2023-12-25 05:00:00+00:00,11.16
8592,2023-12-25 06:00:00+00:00,11.51
8593,2023-12-25 07:00:00+00:00,10.39
8594,2023-12-25 08:00:00+00:00,11.41
8595,2023-12-25 09:00:00+00:00,11.33
8596,2023-12-25 10:00:00+00:00,12.62
8597,2023-12-25 11:00:00+00:00,13.36
8598,2023-12-25 12:00:00+00:00,15.68
8599,2023-12-25 13:00:00+00:00,17.61
8600,2023-12-25 14:00:00+00:00,13.4
8601,2023-12-25 15:00:00+00:00,11.12
8602,2023-12-25 16:00:00+00:00,10.88
8603,2023-12-25 17:00:00+00:00,12.15
8604,2023-12-25 18:00:00+00:00,12.71
8605,2023-12-25 19:00:00+00:00,12.54
8606,2023-12-25 20:00:00+00:00,12.31
8607,2023-12-25 21:00:00+00:00,12.74
8608,2023-12-25 22:00:00+00:00,21.15
8609,2023-12-25 23:00:00+00:00,43.69
8610,2023-12-26 00:00:00+00:00,33.63
8611,2023-12-26 01:00:00+00:00,33.53
8612,2023-12-26 02:00:00+00:00,31.25
8613,2023-12-26 03:00:00+00:00,27.11
8614,2023-12-26 04:00:00+00:00,31.31
8615,2023-12-26 05:00:00+00:00,23.93
8616,2023-12-26 06:00:00+00:00,25.16
8617,2023-12-26 07:00:00+00:00,18.99
8618,2023-12-26 08:00:00+00:00,17.51
8619,2023-12-26 09:00:00+00:00,16.73
8620,2023-12-26 10:00:00+00:00,17.03
8621,2023-12-26 11:00:00+00:00,19.59
8622,2023-12-26 12:00:00+00:00,31.26
8623,2023-12-26 13:00:00+00:00,36.72
8624,2023-12-26 14:00:00+00:00,24.5
8625,2023-12-26 15:00:00+00:00,18.53
8626,2023-12-26 16:00:00+00:00,18.25
8627,2023-12-26 17:00:00+00:00,15.04
8628,2023-12-26 18:00:00+00:00,12.93
8629,2023-12-26 19:00:00+00:00,12.06
8630,2023-12-26 20:00:00+00:00,11.97
8631,2023-12-26 21:00:00+00:00,12.01
8632,2023-12-26 22:00:00+00:00,18.38
8633,2023-12-26 23:00:00+00:00,39.34
8634,2023-12-27 00:00:00+00:00,30.62
8635,2023-12-27 01:00:00+00:00,32.66
8636,2023-12-27 02:00:00+00:00,32.1
8637,2023-12-27 03:00:00+00:00,25.45
8638,2023-12-27 04:00:00+00:00,21.71
8639,2023-12-27 05:00:00+00:00,20.49
8640,2023-12-27 06:00:00+00:00,17.37
8641,2023-12-27 07:00:00+00:00,16.98
8642,2023-12-27 08:00:00+00:00,16.18
8643,2023-12-27 09:00:00+00:00,15.46
8644,2023-12-27 10:00:00+00:00,15.19
8645,2023-12-27 11:00:00+00:00,16.66
8646,2023-12-27 12:00:00+00:00,22.78
8647,2023-12-27 13:00:00+00:00,27.47
8648,2023-12-27 14:00:00+00:00,18.1
8649,2023-12-27 15:00:00+00:00,14.41
8650,2023-12-27 16:00:00+00:00,12.21
8651,2023-12-27 17:00:00+00:00,11.45
8652,2023-12-27 18:00:00+00:00,10.8
8653,2023-12-27 19:00:00+00:00,10.15
8654,2023-12-27 20:00:00+00:00,10.14
8655,2023-12-27 21:00:00+00:00,10.65
8656,2023-12-27 22:00:00+00:00,16.11
8657,2023-12-27 23:00:00+00:00,41.15
8658,2023-12-28 00:00:00+00:00,35.79
8659,2023-12-28 01:00:00+00:00,36.13
8660,2023-12-28 02:00:00+00:00,33.53
8661,2023-12-28 03:00:00+00:00,30.55
8662,2023-12-28 04:00:00+00:00,30.54
8663,2023-12-28 05:00:00+00:00,24.67
8664,2023-12-28 06:00:00+00:00,23.21
8665,2023-12-28 07:00:00+00:00,21.26
8666,2023-12-28 08:00:00+00:00,21.2
8667,2023-12-28 09:00:00+00:00,20.7
8668,2023-12-28 10:00:00+00:00,23.47
8669,2023-12-28 11:00:00+00:00,26.24
8670,2023-12-28 12:00:00+00:00,41.51
8671,2023-12-28 13:00:00+00:00,45.02
8672,2023-12-28 14:00:00+00:00,26.11
8673,2023-12-28 15:00:00+00:00,19.64
8674,2023-12-28 16:00:00+00:00,18.38
8675,2023-12-28 17:00:00+00:00,17.05
8676,2023-12-28 18:00:00+00:00,15.92
8677,2023-12-28 19:00:00+00:00,13.85
8678,2023-12-28 20:00:00+00:00,13.36
8679,2023-12-28 21:00:00+00:00,13.53
8680,2023-12-28 22:00:00+00:00,17.34
8681,2023-12-28 23:00:00+00:00,33.18
8682,2023-12-29 00:00:00+00:00,29.28
8683,2023-12-29 01:00:00+00:00,30.66
8684,2023-12-29 02:00:00+00:00,33.69
8685,2023-12-29 03:00:00+00:00,33.25
8686,2023-12-29 04:00:00+00:00,31.01
8687,2023-12-29 05:00:00+00:00,26.57
8688,2023-12-29 06:00:00+00:00,22.98
8689,2023-12-29 07:00:00+00:00,22.78
8690,2023-12-29 08:00:00+00:00,21.58
8691,2023-12-29 09:00:00+00:00,21.1
8692,2023-12-29 10:00:00+00:00,20.9
8693,2023-12-29 11:00:00+00:00,22.27
8694,2023-12-29 12:00:00+00:00,30.02
8695,2023-12-29 13:00:00+00:00,25.99
8696,2023-12-29 14:00:00+00:00,17.65
8697,2023-12-29 15:00:00+00:00,15.9
8698,2023-12-29 16:00:00+00:00,15.17
8699,2023-12-29 17:00:00+00:00,14.05
8700,2023-12-29 18:00:00+00:00,12.57
8701,2023-12-29 19:00:00+00:00,10.5
8702,2023-12-29 20:00:00+00:00,10.04
8703,2023-12-29 21:00:00+00:00,11.61
8704,2023-12-29 22:00:00+00:00,16.13
8705,2023-12-29 23:00:00+00:00,39.61
8706,2023-12-30 00:00:00+00:00,33.45
8707,2023-12-30 01:00:00+00:00,29.84
8708,2023-12-30 02:00:00+00:00,26.32
8709,2023-12-30 03:00:00+00:00,25.75
8710,2023-12-30 04:00:00+00:00,22.76
8711,2023-12-30 05:00:00+00:00,20.29
8712,2023-12-30 06:00:00+00:00,21.07
8713,2023-12-30 07:00:00+00:00,20.66
8714,2023-12-30 08:00:00+00:00,21.2
8715,2023-12-30 09:00:00+00:00,23.0
8716,2023-12-30 10:00:00+00:00,25.63
8717,2023-12-30 11:00:00+00:00,34.05
8718,2023-12-30 12:00:00+00:00,42.02
8719,2023-12-30 13:00:00+00:00,42.22
8720,2023-12-30 14:00:00+00:00,21.35
8721,2023-12-30 15:00:00+00:00,17.75
8722,2023-12-30 16:00:00+00:00,16.05
8723,2023-12-30 17:00:00+00:00,15.0
8724,2023-12-30 18:00:00+00:00,13.9
8725,2023-12-30 19:00:00+00:00,12.56
8726,2023-12-30 20:00:00+00:00,11.56
8727,2023-12-30 21:00:00+00:00,12.0
8728,2023-12-30 22:00:00+00:00,16.23
8729,2023-12-30 23:00:00+00:00,29.12
8730,2023-12-31 00:00:00+00:00,19.29
8731,2023-12-31 01:00:00+00:00,16.47
8732,2023-12-31 02:00:00+00:00,15.63
8733,2023-12-31 03:00:00+00:00,13.91
8734,2023-12-31 04:00:00+00:00,14.2
8735,2023-12-31 05:00:00+00:00,13.05
8736,2023-12-31 06:00:00+00:00,12.15
8737,2023-12-31 07:00:00+00:00,12.34
8738,2023-12-31 08:00:00+00:00,13.32
8739,2023-12-31 09:00:00+00:00,15.73
8740,2023-12-31 10:00:00+00:00,16.97
8741,2023-12-31 11:00:00+00:00,17.45
8742,2023-12-31 12:00:00+00:00,19.04
8743,2023-12-31 13:00:00+00:00,24.28
8744,2023-12-31 14:00:00+00:00,19.77
8745,2023-12-31 15:00:00+00:00,17.28
8746,2023-12-31 16:00:00+00:00,15.98
8747,2023-12-31 17:00:00+00:00,14.49
8748,2023-12-31 18:00:00+00:00,12.78
8749,2023-12-31 19:00:00+00:00,11.94
8750,2023-12-31 20:00:00+00:00,11.76
8751,2023-12-31 21:00:00+00:00,12.45
8752,2023-12-31 22:00:00+00:00,19.35
8753,2023-12-31 23:00:00+00:00,35.59
8754,2024-01-01 00:00:00+00:00,23.02
8755,2024-01-01 01:00:00+00:00,19.29
8756,2024-01-01 02:00:00+00:00,16.57
8757,2024-01-01 03:00:00+00:00,14.47
8758,2024-01-01 04:00:00+00:00,15.5
8759,2024-01-01 05:00:00+00:00,15.5
