hour,datetime_utc,price_usd_per_mwh
0,2024-01-01 06:00:00+00:00,15.84
1,2024-01-01 07:00:00+00:00,16.84
2,2024-01-01 08:00:00+00:00,16.78
3,2024-01-01 09:00:00+00:00,17.39
4,2024-01-01 10:00:00+00:00,19.01
5,2024-01-01 11:00:00+00:00,21.42
6,2024-01-01 12:00:00+00:00,24.22
7,2024-01-01 13:00:00+00:00,28.41
8,2024-01-01 14:00:00+00:00,22.68
9,2024-01-01 15:00:00+00:00,19.54
10,2024-01-01 16:00:00+00:00,18.49
11,2024-01-01 17:00:00+00:00,17.9
12,2024-01-01 18:00:00+00:00,16.55
13,2024-01-01 19:00:00+00:00,14.46
14,2024-01-01 20:00:00+00:00,13.86
15,2024-01-01 21:00:00+00:00,13.18
16,2024-01-01 22:00:00+00:00,20.21
17,2024-01-01 23:00:00+00:00,36.45
18,2024-01-02 00:00:00+00:00,27.6
19,2024-01-02 01:00:00+00:00,23.92
20,2024-01-02 02:00:00+00:00,24.09
21,2024-01-02 03:00:00+00:00,22.18
22,2024-01-02 04:00:00+00:00,21.25
23,2024-01-02 05:00:00+00:00,20.22
24,2024-01-02 06:00:00+00:00,19.24
25,2024-01-02 07:00:00+00:00,18.49
26,2024-01-02 08:00:00+00:00,18.94
27,2024-01-02 09:00:00+00:00,19.65
28,2024-01-02 10:00:00+00:00,20.77
29,2024-01-02 11:00:00+00:00,25.05
30,2024-01-02 12:00:00+00:00,35.82
31,2024-01-02 13:00:00+00:00,41.47
32,2024-01-02 14:00:00+00:00,34.73
33,2024-01-02 15:00:00+00:00,25.75
34,2024-01-02 16:00:00+00:00,22.72
35,2024-01-02 17:00:00+00:00,19.32
36,2024-01-02 18:00:00+00:00,18.08
37,2024-01-02 19:00:00+00:00,17.71
38,2024-01-02 20:00:00+00:00,17.17
39,2024-01-02 21:00:00+00:00,18.5
40,2024-01-02 22:00:00+00:00,24.2
41,2024-01-02 23:00:00+00:00,45.55
42,2024-01-03 00:00:00+00:00,37.63
43,2024-01-03 01:00:00+00:00,31.66
44,2024-01-03 02:00:00+00:00,26.75
45,2024-01-03 03:00:00+00:00,23.72
46,2024-01-03 04:00:00+00:00,24.81
47,2024-01-03 05:00:00+00:00,22.06
48,2024-01-03 06:00:00+00:00,20.91
49,2024-01-03 07:00:00+00:00,19.22
50,2024-01-03 08:00:00+00:00,19.07
51,2024-01-03 09:00:00+00:00,19.27
52,2024-01-03 10:00:00+00:00,20.94
53,2024-01-03 11:00:00+00:00,23.36
54,2024-01-03 12:00:00+00:00,39.31
55,2024-01-03 13:00:00+00:00,42.58
56,2024-01-03 14:00:00+00:00,33.61
57,2024-01-03 15:00:00+00:00,24.84
58,2024-01-03 16:00:00+00:00,20.38
59,2024-01-03 17:00:00+00:00,19.21
60,2024-01-03 18:00:00+00:00,17.02
61,2024-01-03 19:00:00+00:00,16.67
62,2024-01-03 20:00:00+00:00,15.58
63,2024-01-03 21:00:00+00:00,15.33
64,2024-01-03 22:00:00+00:00,19.57
65,2024-01-03 23:00:00+00:00,42.21
66,2024-01-04 00:00:00+00:00,32.78
67,2024-01-04 01:00:00+00:00,27.78
68,2024-01-04 02:00:00+00:00,24.73
69,2024-01-04 03:00:00+00:00,21.67
70,2024-01-04 04:00:00+00:00,18.26
71,2024-01-04 05:00:00+00:00,16.66
72,2024-01-04 06:00:00+00:00,17.39
73,2024-01-04 07:00:00+00:00,17.15
74,2024-01-04 08:00:00+00:00,17.64
75,2024-01-04 09:00:00+00:00,18.73
76,2024-01-04 10:00:00+00:00,19.46
77,2024-01-04 11:00:00+00:00,21.49
78,2024-01-04 12:00:00+00:00,29.61
79,2024-01-04 13:00:00+00:00,27.76
80,2024-01-04 14:00:00+00:00,21.15
81,2024-01-04 15:00:00+00:00,18.3
82,2024-01-04 16:00:00+00:00,17.08
83,2024-01-04 17:00:00+00:00,16.18
84,2024-01-04 18:00:00+00:00,12.99
85,2024-01-04 19:00:00+00:00,11.13
86,2024-01-04 20:00:00+00:00,10.92
87,2024-01-04 21:00:00+00:00,13.17
88,2024-01-04 22:00:00+00:00,16.73
89,2024-01-04 23:00:00+00:00,28.5
90,2024-01-05 00:00:00+00:00,23.68
91,2024-01-05 01:00:00+00:00,20.15
92,2024-01-05 02:00:00+00:00,20.48
93,2024-01-05 03:00:00+00:00,18.92
94,2024-01-05 04:00:00+00:00,17.75
95,2024-01-05 05:00:00+00:00,17.4
96,2024-01-05 06:00:00+00:00,16.1
97,2024-01-05 07:00:00+00:00,15.59
98,2024-01-05 08:00:00+00:00,15.39
99,2024-01-05 09:00:00+00:00,16.01
100,2024-01-05 10:00:00+00:00,17.92
101,2024-01-05 11:00:00+00:00,21.61
102,2024-01-05 12:00:00+00:00,27.81
103,2024-01-05 13:00:00+00:00,27.81
104,2024-01-05 14:00:00+00:00,20.89
105,2024-01-05 15:00:00+00:00,18.17
106,2024-01-05 16:00:00+00:00,17.14
107,2024-01-05 17:00:00+00:00,15.29
108,2024-01-05 18:00:00+00:00,11.02
109,2024-01-05 19:00:00+00:00,8.41
110,2024-01-05 20:00:00+00:00,6.95
111,2024-01-05 21:00:00+00:00,10.01
112,2024-01-05 22:00:00+00:00,18.3
113,2024-01-05 23:00:00+00:00,38.91
114,2024-01-06 00:00:00+00:00,33.41
115,2024-01-06 01:00:00+00:00,30.37
116,2024-01-06 02:00:00+00:00,30.09
117,2024-01-06 03:00:00+00:00,27.78
118,2024-01-06 04:00:00+00:00,27.86
119,2024-01-06 05:00:00+00:00,26.37
120,2024-01-06 06:00:00+00:00,24.37
121,2024-01-06 07:00:00+00:00,21.92
122,2024-01-06 08:00:00+00:00,21.41
123,2024-01-06 09:00:00+00:00,22.67
124,2024-01-06 10:00:00+00:00,24.29
125,2024-01-06 11:00:00+00:00,28.92
126,2024-01-06 12:00:00+00:00,42.06
127,2024-01-06 13:00:00+00:00,44.99
128,2024-01-06 14:00:00+00:00,32.34
129,2024-01-06 15:00:00+00:00,19.96
130,2024-01-06 16:00:00+00:00,18.62
131,2024-01-06 17:00:00+00:00,18.19
132,2024-01-06 18:00:00+00:00,15.39
133,2024-01-06 19:00:00+00:00,14.75
134,2024-01-06 20:00:00+00:00,14.07
135,2024-01-06 21:00:00+00:00,14.47
136,2024-01-06 22:00:00+00:00,19.52
137,2024-01-06 23:00:00+00:00,36.06
138,2024-01-07 00:00:00+00:00,32.49
139,2024-01-07 01:00:00+00:00,34.54
140,2024-01-07 02:00:00+00:00,33.36
141,2024-01-07 03:00:00+00:00,26.78
142,2024-01-07 04:00:00+00:00,25.87
143,2024-01-07 05:00:00+00:00,23.05
144,2024-01-07 06:00:00+00:00,30.19
145,2024-01-07 07:00:00+00:00,29.41
146,2024-01-07 08:00:00+00:00,29.21
147,2024-01-07 09:00:00+00:00,24.47
148,2024-01-07 10:00:00+00:00,26.38
149,2024-01-07 11:00:00+00:00,24.75
150,2024-01-07 12:00:00+00:00,22.48
151,2024-01-07 13:00:00+00:00,21.75
152,2024-01-07 14:00:00+00:00,18.88
153,2024-01-07 15:00:00+00:00,16.17
154,2024-01-07 16:00:00+00:00,12.69
155,2024-01-07 17:00:00+00:00,6.38
156,2024-01-07 18:00:00+00:00,3.36
157,2024-01-07 19:00:00+00:00,1.43
158,2024-01-07 20:00:00+00:00,0.9
159,2024-01-07 21:00:00+00:00,1.5
160,2024-01-07 22:00:00+00:00,4.17
161,2024-01-07 23:00:00+00:00,11.66
162,2024-01-08 00:00:00+00:00,15.87
163,2024-01-08 01:00:00+00:00,16.13
164,2024-01-08 02:00:00+00:00,15.22
165,2024-01-08 03:00:00+00:00,15.48
166,2024-01-08 04:00:00+00:00,8.21
167,2024-01-08 05:00:00+00:00,5.61
168,2024-01-08 06:00:00+00:00,3.81
169,2024-01-08 07:00:00+00:00,1.82
170,2024-01-08 08:00:00+00:00,1.4
171,2024-01-08 09:00:00+00:00,1.85
172,2024-01-08 10:00:00+00:00,3.95
173,2024-01-08 11:00:00+00:00,9.48
174,2024-01-08 12:00:00+00:00,18.71
175,2024-01-08 13:00:00+00:00,23.96
176,2024-01-08 14:00:00+00:00,18.63
177,2024-01-08 15:00:00+00:00,13.49
178,2024-01-08 16:00:00+00:00,12.95
179,2024-01-08 17:00:00+00:00,12.63
180,2024-01-08 18:00:00+00:00,11.32
181,2024-01-08 19:00:00+00:00,10.97
182,2024-01-08 20:00:00+00:00,10.65
183,2024-01-08 21:00:00+00:00,11.18
184,2024-01-08 22:00:00+00:00,14.43
185,2024-01-08 23:00:00+00:00,25.19
186,2024-01-09 00:00:00+00:00,28.71
187,2024-01-09 01:00:00+00:00,20.15
188,2024-01-09 02:00:00+00:00,17.61
189,2024-01-09 03:00:00+00:00,15.07
190,2024-01-09 04:00:00+00:00,12.47
191,2024-01-09 05:00:00+00:00,9.52
192,2024-01-09 06:00:00+00:00,14.77
193,2024-01-09 07:00:00+00:00,13.82
194,2024-01-09 08:00:00+00:00,13.92
195,2024-01-09 09:00:00+00:00,13.86
196,2024-01-09 10:00:00+00:00,16.27
197,2024-01-09 11:00:00+00:00,18.48
198,2024-01-09 12:00:00+00:00,28.16
199,2024-01-09 13:00:00+00:00,35.77
200,2024-01-09 14:00:00+00:00,24.27
201,2024-01-09 15:00:00+00:00,17.61
202,2024-01-09 16:00:00+00:00,14.33
203,2024-01-09 17:00:00+00:00,12.01
204,2024-01-09 18:00:00+00:00,10.84
205,2024-01-09 19:00:00+00:00,13.25
206,2024-01-09 20:00:00+00:00,14.13
207,2024-01-09 21:00:00+00:00,15.33
208,2024-01-09 22:00:00+00:00,18.31
209,2024-01-09 23:00:00+00:00,59.63
210,2024-01-10 00:00:00+00:00,61.53
211,2024-01-10 01:00:00+00:00,42.78
212,2024-01-10 02:00:00+00:00,27.98
213,2024-01-10 03:00:00+00:00,23.29
214,2024-01-10 04:00:00+00:00,19.18
215,2024-01-10 05:00:00+00:00,19.01
216,2024-01-10 06:00:00+00:00,19.1
217,2024-01-10 07:00:00+00:00,17.74
218,2024-01-10 08:00:00+00:00,17.64
219,2024-01-10 09:00:00+00:00,17.76
220,2024-01-10 10:00:00+00:00,18.3
221,2024-01-10 11:00:00+00:00,23.58
222,2024-01-10 12:00:00+00:00,31.61
223,2024-01-10 13:00:00+00:00,29.68
224,2024-01-10 14:00:00+00:00,22.39
225,2024-01-10 15:00:00+00:00,17.84
226,2024-01-10 16:00:00+00:00,14.93
227,2024-01-10 17:00:00+00:00,8.15
228,2024-01-10 18:00:00+00:00,5.61
229,2024-01-10 19:00:00+00:00,5.61
230,2024-01-10 20:00:00+00:00,6.59
231,2024-01-10 21:00:00+00:00,12.64
232,2024-01-10 22:00:00+00:00,19.76
233,2024-01-10 23:00:00+00:00,52.58
234,2024-01-11 00:00:00+00:00,43.04
235,2024-01-11 01:00:00+00:00,39.01
236,2024-01-11 02:00:00+00:00,31.91
237,2024-01-11 03:00:00+00:00,25.09
238,2024-01-11 04:00:00+00:00,19.72
239,2024-01-11 05:00:00+00:00,19.79
240,2024-01-11 06:00:00+00:00,20.04
241,2024-01-11 07:00:00+00:00,19.52
242,2024-01-11 08:00:00+00:00,18.35
243,2024-01-11 09:00:00+00:00,17.42
244,2024-01-11 10:00:00+00:00,17.21
245,2024-01-11 11:00:00+00:00,20.01
246,2024-01-11 12:00:00+00:00,28.32
247,2024-01-11 13:00:00+00:00,27.5
248,2024-01-11 14:00:00+00:00,23.03
249,2024-01-11 15:00:00+00:00,17.59
250,2024-01-11 16:00:00+00:00,15.4
251,2024-01-11 17:00:00+00:00,9.49
252,2024-01-11 18:00:00+00:00,6.2
253,2024-01-11 19:00:00+00:00,6.25
254,2024-01-11 20:00:00+00:00,6.35
255,2024-01-11 21:00:00+00:00,6.8
256,2024-01-11 22:00:00+00:00,11.52
257,2024-01-11 23:00:00+00:00,20.47
258,2024-01-12 00:00:00+00:00,21.95
259,2024-01-12 01:00:00+00:00,20.01
260,2024-01-12 02:00:00+00:00,18.43
261,2024-01-12 03:00:00+00:00,17.08
262,2024-01-12 04:00:00+00:00,12.51
263,2024-01-12 05:00:00+00:00,10.16
264,2024-01-12 06:00:00+00:00,6.26
265,2024-01-12 07:00:00+00:00,4.36
266,2024-01-12 08:00:00+00:00,3.87
267,2024-01-12 09:00:00+00:00,3.37
268,2024-01-12 10:00:00+00:00,7.24
269,2024-01-12 11:00:00+00:00,16.67
270,2024-01-12 12:00:00+00:00,21.95
271,2024-01-12 13:00:00+00:00,25.47
272,2024-01-12 14:00:00+00:00,23.65
273,2024-01-12 15:00:00+00:00,18.36
274,2024-01-12 16:00:00+00:00,16.68
275,2024-01-12 17:00:00+00:00,14.6
276,2024-01-12 18:00:00+00:00,10.31
277,2024-01-12 19:00:00+00:00,10.63
278,2024-01-12 20:00:00+00:00,9.19
279,2024-01-12 21:00:00+00:00,10.4
280,2024-01-12 22:00:00+00:00,18.32
281,2024-01-12 23:00:00+00:00,35.06
282,2024-01-13 00:00:00+00:00,42.39
283,2024-01-13 01:00:00+00:00,34.67
284,2024-01-13 02:00:00+00:00,29.05
285,2024-01-13 03:00:00+00:00,25.01
286,2024-01-13 04:00:00+00:00,21.57
287,2024-01-13 05:00:00+00:00,21.17
288,2024-01-13 06:00:00+00:00,14.99
289,2024-01-13 07:00:00+00:00,12.98
290,2024-01-13 08:00:00+00:00,9.31
291,2024-01-13 09:00:00+00:00,10.66
292,2024-01-13 10:00:00+00:00,14.87
293,2024-01-13 11:00:00+00:00,16.2
294,2024-01-13 12:00:00+00:00,19.67
295,2024-01-13 13:00:00+00:00,24.85
296,2024-01-13 14:00:00+00:00,19.39
297,2024-01-13 15:00:00+00:00,16.18
298,2024-01-13 16:00:00+00:00,12.68
299,2024-01-13 17:00:00+00:00,9.71
300,2024-01-13 18:00:00+00:00,7.38
301,2024-01-13 19:00:00+00:00,5.45
302,2024-01-13 20:00:00+00:00,4.6
303,2024-01-13 21:00:00+00:00,3.48
304,2024-01-13 22:00:00+00:00,3.31
305,2024-01-13 23:00:00+00:00,14.01
306,2024-01-14 00:00:00+00:00,15.58
307,2024-01-14 01:00:00+00:00,13.14
308,2024-01-14 02:00:00+00:00,13.52
309,2024-01-14 03:00:00+00:00,17.66
310,2024-01-14 04:00:00+00:00,22.51
311,2024-01-14 05:00:00+00:00,22.02
312,2024-01-14 06:00:00+00:00,28.0
313,2024-01-14 07:00:00+00:00,31.08
314,2024-01-14 08:00:00+00:00,41.57
315,2024-01-14 09:00:00+00:00,54.03
316,2024-01-14 10:00:00+00:00,57.2
317,2024-01-14 11:00:00+00:00,56.49
318,2024-01-14 12:00:00+00:00,59.92
319,2024-01-14 13:00:00+00:00,68.89
320,2024-01-14 14:00:00+00:00,68.89
321,2024-01-14 15:00:00+00:00,67.07
322,2024-01-14 16:00:00+00:00,64.54
323,2024-01-14 17:00:00+00:00,61.46
324,2024-01-14 18:00:00+00:00,60.85
325,2024-01-14 19:00:00+00:00,54.73
326,2024-01-14 20:00:00+00:00,53.65
327,2024-01-14 21:00:00+00:00,54.35
328,2024-01-14 22:00:00+00:00,58.98
329,2024-01-14 23:00:00+00:00,91.34
330,2024-01-15 00:00:00+00:00,98.52
331,2024-01-15 01:00:00+00:00,93.6
332,2024-01-15 02:00:00+00:00,93.75
333,2024-01-15 03:00:00+00:00,87.69
334,2024-01-15 04:00:00+00:00,73.74
335,2024-01-15 05:00:00+00:00,66.36
336,2024-01-15 06:00:00+00:00,139.21
337,2024-01-15 07:00:00+00:00,104.27
338,2024-01-15 08:00:00+00:00,123.56
339,2024-01-15 09:00:00+00:00,132.89
340,2024-01-15 10:00:00+00:00,182.51
341,2024-01-15 11:00:00+00:00,277.27
342,2024-01-15 12:00:00+00:00,739.59
343,2024-01-15 13:00:00+00:00,961.52
344,2024-01-15 14:00:00+00:00,829.83
345,2024-01-15 15:00:00+00:00,356.42
346,2024-01-15 16:00:00+00:00,215.72
347,2024-01-15 17:00:00+00:00,139.13
348,2024-01-15 18:00:00+00:00,114.83
349,2024-01-15 19:00:00+00:00,92.94
350,2024-01-15 20:00:00+00:00,82.04
351,2024-01-15 21:00:00+00:00,82.42
352,2024-01-15 22:00:00+00:00,88.68
353,2024-01-15 23:00:00+00:00,150.0
354,2024-01-16 00:00:00+00:00,140.87
355,2024-01-16 01:00:00+00:00,122.96
356,2024-01-16 02:00:00+00:00,109.08
357,2024-01-16 03:00:00+00:00,89.95
358,2024-01-16 04:00:00+00:00,115.23
359,2024-01-16 05:00:00+00:00,98.6
360,2024-01-16 06:00:00+00:00,140.64
361,2024-01-16 07:00:00+00:00,139.42
362,2024-01-16 08:00:00+00:00,179.18
363,2024-01-16 09:00:00+00:00,229.83
364,2024-01-16 10:00:00+00:00,343.01
365,2024-01-16 11:00:00+00:00,684.08
366,2024-01-16 12:00:00+00:00,1268.4
367,2024-01-16 13:00:00+00:00,1836.98
368,2024-01-16 14:00:00+00:00,1331.09
369,2024-01-16 15:00:00+00:00,328.27
370,2024-01-16 16:00:00+00:00,189.61
371,2024-01-16 17:00:00+00:00,141.83
372,2024-01-16 18:00:00+00:00,100.16
373,2024-01-16 19:00:00+00:00,86.21
374,2024-01-16 20:00:00+00:00,79.69
375,2024-01-16 21:00:00+00:00,78.54
376,2024-01-16 22:00:00+00:00,94.29
377,2024-01-16 23:00:00+00:00,254.3
378,2024-01-17 00:00:00+00:00,324.64
379,2024-01-17 01:00:00+00:00,318.15
380,2024-01-17 02:00:00+00:00,278.17
381,2024-01-17 03:00:00+00:00,201.54
382,2024-01-17 04:00:00+00:00,212.22
383,2024-01-17 05:00:00+00:00,160.99
384,2024-01-17 06:00:00+00:00,91.37
385,2024-01-17 07:00:00+00:00,81.72
386,2024-01-17 08:00:00+00:00,79.2
387,2024-01-17 09:00:00+00:00,82.31
388,2024-01-17 10:00:00+00:00,88.8
389,2024-01-17 11:00:00+00:00,95.42
390,2024-01-17 12:00:00+00:00,149.61
391,2024-01-17 13:00:00+00:00,174.26
392,2024-01-17 14:00:00+00:00,93.39
393,2024-01-17 15:00:00+00:00,55.69
394,2024-01-17 16:00:00+00:00,33.09
395,2024-01-17 17:00:00+00:00,26.79
396,2024-01-17 18:00:00+00:00,21.87
397,2024-01-17 19:00:00+00:00,19.17
398,2024-01-17 20:00:00+00:00,16.77
399,2024-01-17 21:00:00+00:00,16.77
400,2024-01-17 22:00:00+00:00,20.9
401,2024-01-17 23:00:00+00:00,27.31
402,2024-01-18 00:00:00+00:00,30.83
403,2024-01-18 01:00:00+00:00,30.06
404,2024-01-18 02:00:00+00:00,28.41
405,2024-01-18 03:00:00+00:00,25.95
406,2024-01-18 04:00:00+00:00,25.36
407,2024-01-18 05:00:00+00:00,24.49
408,2024-01-18 06:00:00+00:00,16.75
409,2024-01-18 07:00:00+00:00,14.59
410,2024-01-18 08:00:00+00:00,14.86
411,2024-01-18 09:00:00+00:00,15.54
412,2024-01-18 10:00:00+00:00,15.64
413,2024-01-18 11:00:00+00:00,21.2
414,2024-01-18 12:00:00+00:00,35.29
415,2024-01-18 13:00:00+00:00,35.69
416,2024-01-18 14:00:00+00:00,28.29
417,2024-01-18 15:00:00+00:00,19.83
418,2024-01-18 16:00:00+00:00,17.64
419,2024-01-18 17:00:00+00:00,17.65
420,2024-01-18 18:00:00+00:00,16.35
421,2024-01-18 19:00:00+00:00,14.66
422,2024-01-18 20:00:00+00:00,13.72
423,2024-01-18 21:00:00+00:00,13.3
424,2024-01-18 22:00:00+00:00,16.24
425,2024-01-18 23:00:00+00:00,31.7
426,2024-01-19 00:00:00+00:00,42.38
427,2024-01-19 01:00:00+00:00,29.74
428,2024-01-19 02:00:00+00:00,28.01
429,2024-01-19 03:00:00+00:00,23.15
430,2024-01-19 04:00:00+00:00,19.02
431,2024-01-19 05:00:00+00:00,16.11
432,2024-01-19 06:00:00+00:00,12.83
433,2024-01-19 07:00:00+00:00,11.81
434,2024-01-19 08:00:00+00:00,12.28
435,2024-01-19 09:00:00+00:00,13.11
436,2024-01-19 10:00:00+00:00,14.65
437,2024-01-19 11:00:00+00:00,18.75
438,2024-01-19 12:00:00+00:00,20.72
439,2024-01-19 13:00:00+00:00,25.06
440,2024-01-19 14:00:00+00:00,23.52
441,2024-01-19 15:00:00+00:00,17.76
442,2024-01-19 16:00:00+00:00,17.87
443,2024-01-19 17:00:00+00:00,20.4
444,2024-01-19 18:00:00+00:00,18.87
445,2024-01-19 19:00:00+00:00,17.15
446,2024-01-19 20:00:00+00:00,16.43
447,2024-01-19 21:00:00+00:00,17.46
448,2024-01-19 22:00:00+00:00,20.64
449,2024-01-19 23:00:00+00:00,40.83
450,2024-01-20 00:00:00+00:00,58.85
451,2024-01-20 01:00:00+00:00,41.99
452,2024-01-20 02:00:00+00:00,40.31
453,2024-01-20 03:00:00+00:00,38.37
454,2024-01-20 04:00:00+00:00,34.96
455,2024-01-20 05:00:00+00:00,31.72
456,2024-01-20 06:00:00+00:00,28.06
457,2024-01-20 07:00:00+00:00,28.22
458,2024-01-20 08:00:00+00:00,28.87
459,2024-01-20 09:00:00+00:00,31.23
460,2024-01-20 10:00:00+00:00,38.19
461,2024-01-20 11:00:00+00:00,47.07
462,2024-01-20 12:00:00+00:00,77.71
463,2024-01-20 13:00:00+00:00,85.59
464,2024-01-20 14:00:00+00:00,54.04
465,2024-01-20 15:00:00+00:00,31.86
466,2024-01-20 16:00:00+00:00,27.92
467,2024-01-20 17:00:00+00:00,23.4
468,2024-01-20 18:00:00+00:00,21.33
469,2024-01-20 19:00:00+00:00,18.04
470,2024-01-20 20:00:00+00:00,16.12
471,2024-01-20 21:00:00+00:00,16.09
472,2024-01-20 22:00:00+00:00,18.88
473,2024-01-20 23:00:00+00:00,27.96
474,2024-01-21 00:00:00+00:00,35.3
475,2024-01-21 01:00:00+00:00,28.96
476,2024-01-21 02:00:00+00:00,27.97
477,2024-01-21 03:00:00+00:00,26.68
478,2024-01-21 04:00:00+00:00,22.79
479,2024-01-21 05:00:00+00:00,20.03
480,2024-01-21 06:00:00+00:00,20.76
481,2024-01-21 07:00:00+00:00,20.23
482,2024-01-21 08:00:00+00:00,19.86
483,2024-01-21 09:00:00+00:00,21.17
484,2024-01-21 10:00:00+00:00,21.43
485,2024-01-21 11:00:00+00:00,21.99
486,2024-01-21 12:00:00+00:00,24.81
487,2024-01-21 13:00:00+00:00,24.79
488,2024-01-21 14:00:00+00:00,26.4
489,2024-01-21 15:00:00+00:00,22.44
490,2024-01-21 16:00:00+00:00,19.95
491,2024-01-21 17:00:00+00:00,18.72
492,2024-01-21 18:00:00+00:00,17.88
493,2024-01-21 19:00:00+00:00,17.44
494,2024-01-21 20:00:00+00:00,17.4
495,2024-01-21 21:00:00+00:00,17.35
496,2024-01-21 22:00:00+00:00,19.27
497,2024-01-21 23:00:00+00:00,23.78
498,2024-01-22 00:00:00+00:00,25.12
499,2024-01-22 01:00:00+00:00,23.71
500,2024-01-22 02:00:00+00:00,22.96
501,2024-01-22 03:00:00+00:00,21.37
502,2024-01-22 04:00:00+00:00,18.02
503,2024-01-22 05:00:00+00:00,17.08
504,2024-01-22 06:00:00+00:00,18.85
505,2024-01-22 07:00:00+00:00,18.8
506,2024-01-22 08:00:00+00:00,19.59
507,2024-01-22 09:00:00+00:00,21.62
508,2024-01-22 10:00:00+00:00,25.55
509,2024-01-22 11:00:00+00:00,30.35
510,2024-01-22 12:00:00+00:00,44.11
511,2024-01-22 13:00:00+00:00,59.59
512,2024-01-22 14:00:00+00:00,38.1
513,2024-01-22 15:00:00+00:00,32.26
514,2024-01-22 16:00:00+00:00,26.4
515,2024-01-22 17:00:00+00:00,23.57
516,2024-01-22 18:00:00+00:00,20.98
517,2024-01-22 19:00:00+00:00,20.13
518,2024-01-22 20:00:00+00:00,18.42
519,2024-01-22 21:00:00+00:00,17.55
520,2024-01-22 22:00:00+00:00,21.21
521,2024-01-22 23:00:00+00:00,39.79
522,2024-01-23 00:00:00+00:00,40.61
523,2024-01-23 01:00:00+00:00,26.26
524,2024-01-23 02:00:00+00:00,21.29
525,2024-01-23 03:00:00+00:00,18.81
526,2024-01-23 04:00:00+00:00,18.84
527,2024-01-23 05:00:00+00:00,17.35
528,2024-01-23 06:00:00+00:00,19.21
529,2024-01-23 07:00:00+00:00,18.75
530,2024-01-23 08:00:00+00:00,19.01
531,2024-01-23 09:00:00+00:00,20.05
532,2024-01-23 10:00:00+00:00,21.35
533,2024-01-23 11:00:00+00:00,20.94
534,2024-01-23 12:00:00+00:00,33.85
535,2024-01-23 13:00:00+00:00,36.23
536,2024-01-23 14:00:00+00:00,33.71
537,2024-01-23 15:00:00+00:00,30.95
538,2024-01-23 16:00:00+00:00,29.46
539,2024-01-23 17:00:00+00:00,25.7
540,2024-01-23 18:00:00+00:00,20.75
541,2024-01-23 19:00:00+00:00,20.41
542,2024-01-23 20:00:00+00:00,20.14
543,2024-01-23 21:00:00+00:00,20.12
544,2024-01-23 22:00:00+00:00,24.91
545,2024-01-23 23:00:00+00:00,46.19
546,2024-01-24 00:00:00+00:00,47.66
547,2024-01-24 01:00:00+00:00,39.5
548,2024-01-24 02:00:00+00:00,34.27
549,2024-01-24 03:00:00+00:00,27.21
550,2024-01-24 04:00:00+00:00,22.44
551,2024-01-24 05:00:00+00:00,20.15
552,2024-01-24 06:00:00+00:00,22.18
553,2024-01-24 07:00:00+00:00,20.81
554,2024-01-24 08:00:00+00:00,20.68
555,2024-01-24 09:00:00+00:00,20.95
556,2024-01-24 10:00:00+00:00,21.64
557,2024-01-24 11:00:00+00:00,25.22
558,2024-01-24 12:00:00+00:00,43.76
559,2024-01-24 13:00:00+00:00,48.24
560,2024-01-24 14:00:00+00:00,42.56
561,2024-01-24 15:00:00+00:00,36.48
562,2024-01-24 16:00:00+00:00,31.04
563,2024-01-24 17:00:00+00:00,25.75
564,2024-01-24 18:00:00+00:00,24.5
565,2024-01-24 19:00:00+00:00,22.09
566,2024-01-24 20:00:00+00:00,22.29
567,2024-01-24 21:00:00+00:00,21.86
568,2024-01-24 22:00:00+00:00,25.82
569,2024-01-24 23:00:00+00:00,49.54
570,2024-01-25 00:00:00+00:00,54.11
571,2024-01-25 01:00:00+00:00,45.61
572,2024-01-25 02:00:00+00:00,34.46
573,2024-01-25 03:00:00+00:00,28.93
574,2024-01-25 04:00:00+00:00,22.42
575,2024-01-25 05:00:00+00:00,20.68
576,2024-01-25 06:00:00+00:00,21.28
577,2024-01-25 07:00:00+00:00,19.57
578,2024-01-25 08:00:00+00:00,19.01
579,2024-01-25 09:00:00+00:00,20.48
580,2024-01-25 10:00:00+00:00,21.38
581,2024-01-25 11:00:00+00:00,25.18
582,2024-01-25 12:00:00+00:00,51.64
583,2024-01-25 13:00:00+00:00,49.38
584,2024-01-25 14:00:00+00:00,35.27
585,2024-01-25 15:00:00+00:00,26.25
586,2024-01-25 16:00:00+00:00,21.68
587,2024-01-25 17:00:00+00:00,19.34
588,2024-01-25 18:00:00+00:00,17.0
589,2024-01-25 19:00:00+00:00,16.05
590,2024-01-25 20:00:00+00:00,15.52
591,2024-01-25 21:00:00+00:00,15.95
592,2024-01-25 22:00:00+00:00,20.15
593,2024-01-25 23:00:00+00:00,44.55
594,2024-01-26 00:00:00+00:00,43.08
595,2024-01-26 01:00:00+00:00,30.04
596,2024-01-26 02:00:00+00:00,24.04
597,2024-01-26 03:00:00+00:00,21.37
598,2024-01-26 04:00:00+00:00,17.98
599,2024-01-26 05:00:00+00:00,17.41
600,2024-01-26 06:00:00+00:00,14.35
601,2024-01-26 07:00:00+00:00,14.73
602,2024-01-26 08:00:00+00:00,15.92
603,2024-01-26 09:00:00+00:00,16.68
604,2024-01-26 10:00:00+00:00,16.87
605,2024-01-26 11:00:00+00:00,21.8
606,2024-01-26 12:00:00+00:00,30.74
607,2024-01-26 13:00:00+00:00,37.88
608,2024-01-26 14:00:00+00:00,21.9
609,2024-01-26 15:00:00+00:00,19.98
610,2024-01-26 16:00:00+00:00,19.55
611,2024-01-26 17:00:00+00:00,18.62
612,2024-01-26 18:00:00+00:00,17.9
613,2024-01-26 19:00:00+00:00,16.82
614,2024-01-26 20:00:00+00:00,16.52
615,2024-01-26 21:00:00+00:00,16.25
616,2024-01-26 22:00:00+00:00,18.5
617,2024-01-26 23:00:00+00:00,34.13
618,2024-01-27 00:00:00+00:00,29.93
619,2024-01-27 01:00:00+00:00,24.62
620,2024-01-27 02:00:00+00:00,24.81
621,2024-01-27 03:00:00+00:00,21.24
622,2024-01-27 04:00:00+00:00,20.86
623,2024-01-27 05:00:00+00:00,17.1
624,2024-01-27 06:00:00+00:00,17.04
625,2024-01-27 07:00:00+00:00,14.4
626,2024-01-27 08:00:00+00:00,12.57
627,2024-01-27 09:00:00+00:00,12.31
628,2024-01-27 10:00:00+00:00,12.11
629,2024-01-27 11:00:00+00:00,14.32
630,2024-01-27 12:00:00+00:00,21.28
631,2024-01-27 13:00:00+00:00,23.88
632,2024-01-27 14:00:00+00:00,22.87
633,2024-01-27 15:00:00+00:00,17.06
634,2024-01-27 16:00:00+00:00,16.7
635,2024-01-27 17:00:00+00:00,15.08
636,2024-01-27 18:00:00+00:00,12.46
637,2024-01-27 19:00:00+00:00,11.85
638,2024-01-27 20:00:00+00:00,11.07
639,2024-01-27 21:00:00+00:00,11.13
640,2024-01-27 22:00:00+00:00,13.86
641,2024-01-27 23:00:00+00:00,28.49
642,2024-01-28 00:00:00+00:00,39.47
643,2024-01-28 01:00:00+00:00,34.57
644,2024-01-28 02:00:00+00:00,32.4
645,2024-01-28 03:00:00+00:00,32.05
646,2024-01-28 04:00:00+00:00,27.2
647,2024-01-28 05:00:00+00:00,24.65
648,2024-01-28 06:00:00+00:00,26.63
649,2024-01-28 07:00:00+00:00,24.62
650,2024-01-28 08:00:00+00:00,24.88
651,2024-01-28 09:00:00+00:00,24.88
652,2024-01-28 10:00:00+00:00,25.13
653,2024-01-28 11:00:00+00:00,27.21
654,2024-01-28 12:00:00+00:00,45.95
655,2024-01-28 13:00:00+00:00,48.43
656,2024-01-28 14:00:00+00:00,30.09
657,2024-01-28 15:00:00+00:00,19.29
658,2024-01-28 16:00:00+00:00,16.46
659,2024-01-28 17:00:00+00:00,18.85
660,2024-01-28 18:00:00+00:00,16.39
661,2024-01-28 19:00:00+00:00,15.33
662,2024-01-28 20:00:00+00:00,14.86
663,2024-01-28 21:00:00+00:00,15.28
664,2024-01-28 22:00:00+00:00,17.26
665,2024-01-28 23:00:00+00:00,38.85
666,2024-01-29 00:00:00+00:00,41.91
667,2024-01-29 01:00:00+00:00,37.25
668,2024-01-29 02:00:00+00:00,32.0
669,2024-01-29 03:00:00+00:00,29.18
670,2024-01-29 04:00:00+00:00,22.12
671,2024-01-29 05:00:00+00:00,18.43
672,2024-01-29 06:00:00+00:00,13.76
673,2024-01-29 07:00:00+00:00,13.47
674,2024-01-29 08:00:00+00:00,13.58
675,2024-01-29 09:00:00+00:00,14.37
676,2024-01-29 10:00:00+00:00,17.24
677,2024-01-29 11:00:00+00:00,22.34
678,2024-01-29 12:00:00+00:00,41.98
679,2024-01-29 13:00:00+00:00,38.1
680,2024-01-29 14:00:00+00:00,23.33
681,2024-01-29 15:00:00+00:00,16.35
682,2024-01-29 16:00:00+00:00,16.56
683,2024-01-29 17:00:00+00:00,18.46
684,2024-01-29 18:00:00+00:00,16.53
685,2024-01-29 19:00:00+00:00,15.66
686,2024-01-29 20:00:00+00:00,15.58
687,2024-01-29 21:00:00+00:00,14.15
688,2024-01-29 22:00:00+00:00,16.4
689,2024-01-29 23:00:00+00:00,39.74
690,2024-01-30 00:00:00+00:00,40.92
691,2024-01-30 01:00:00+00:00,29.3
692,2024-01-30 02:00:00+00:00,27.57
693,2024-01-30 03:00:00+00:00,23.64
694,2024-01-30 04:00:00+00:00,19.21
695,2024-01-30 05:00:00+00:00,18.64
696,2024-01-30 06:00:00+00:00,18.78
697,2024-01-30 07:00:00+00:00,16.29
698,2024-01-30 08:00:00+00:00,15.79
699,2024-01-30 09:00:00+00:00,16.11
700,2024-01-30 10:00:00+00:00,17.77
701,2024-01-30 11:00:00+00:00,20.2
702,2024-01-30 12:00:00+00:00,27.08
703,2024-01-30 13:00:00+00:00,29.63
704,2024-01-30 14:00:00+00:00,19.35
705,2024-01-30 15:00:00+00:00,15.16
706,2024-01-30 16:00:00+00:00,14.77
707,2024-01-30 17:00:00+00:00,15.51
708,2024-01-30 18:00:00+00:00,14.98
709,2024-01-30 19:00:00+00:00,14.59
710,2024-01-30 20:00:00+00:00,14.03
711,2024-01-30 21:00:00+00:00,14.41
712,2024-01-30 22:00:00+00:00,16.44
713,2024-01-30 23:00:00+00:00,32.4
714,2024-01-31 00:00:00+00:00,36.0
715,2024-01-31 01:00:00+00:00,26.59
716,2024-01-31 02:00:00+00:00,25.67
717,2024-01-31 03:00:00+00:00,23.57
718,2024-01-31 04:00:00+00:00,20.11
719,2024-01-31 05:00:00+00:00,19.53
720,2024-01-31 06:00:00+00:00,17.45
721,2024-01-31 07:00:00+00:00,17.44
722,2024-01-31 08:00:00+00:00,17.41
723,2024-01-31 09:00:00+00:00,17.65
724,2024-01-31 10:00:00+00:00,19.81
725,2024-01-31 11:00:00+00:00,24.59
726,2024-01-31 12:00:00+00:00,45.72
727,2024-01-31 13:00:00+00:00,38.45
728,2024-01-31 14:00:00+00:00,20.56
729,2024-01-31 15:00:00+00:00,16.62
730,2024-01-31 16:00:00+00:00,14.62
731,2024-01-31 17:00:00+00:00,16.27
732,2024-01-31 18:00:00+00:00,14.96
733,2024-01-31 19:00:00+00:00,13.17
734,2024-01-31 20:00:00+00:00,12.21
735,2024-01-31 21:00:00+00:00,13.06
736,2024-01-31 22:00:00+00:00,13.43
737,2024-01-31 23:00:00+00:00,26.08
738,2024-02-01 00:00:00+00:00,21.69
739,2024-02-01 01:00:00+00:00,17.58
740,2024-02-01 02:00:00+00:00,15.63
741,2024-02-01 03:00:00+00:00,14.11
742,2024-02-01 04:00:00+00:00,12.41
743,2024-02-01 05:00:00+00:00,9.69
744,2024-02-01 06:00:00+00:00,10.71
745,2024-02-01 07:00:00+00:00,10.35
746,2024-02-01 08:00:00+00:00,10.83
747,2024-02-01 09:00:00+00:00,11.31
748,2024-02-01 10:00:00+00:00,15.16
749,2024-02-01 11:00:00+00:00,17.09
750,2024-02-01 12:00:00+00:00,22.31
751,2024-02-01 13:00:00+00:00,25.59
752,2024-02-01 14:00:00+00:00,18.71
753,2024-02-01 15:00:00+00:00,14.15
754,2024-02-01 16:00:00+00:00,11.25
755,2024-02-01 17:00:00+00:00,11.18
756,2024-02-01 18:00:00+00:00,10.82
757,2024-02-01 19:00:00+00:00,10.81
758,2024-02-01 20:00:00+00:00,10.81
759,2024-02-01 21:00:00+00:00,11.09
760,2024-02-01 22:00:00+00:00,12.59
761,2024-02-01 23:00:00+00:00,25.38
762,2024-02-02 00:00:00+00:00,23.77
763,2024-02-02 01:00:00+00:00,17.18
764,2024-02-02 02:00:00+00:00,14.81
765,2024-02-02 03:00:00+00:00,13.12
766,2024-02-02 04:00:00+00:00,14.45
767,2024-02-02 05:00:00+00:00,11.25
768,2024-02-02 06:00:00+00:00,10.1
769,2024-02-02 07:00:00+00:00,9.12
770,2024-02-02 08:00:00+00:00,9.13
771,2024-02-02 09:00:00+00:00,10.63
772,2024-02-02 10:00:00+00:00,14.61
773,2024-02-02 11:00:00+00:00,17.38
774,2024-02-02 12:00:00+00:00,20.9
775,2024-02-02 13:00:00+00:00,23.9
776,2024-02-02 14:00:00+00:00,18.42
777,2024-02-02 15:00:00+00:00,14.32
778,2024-02-02 16:00:00+00:00,13.08
779,2024-02-02 17:00:00+00:00,13.39
780,2024-02-02 18:00:00+00:00,14.18
781,2024-02-02 19:00:00+00:00,13.26
782,2024-02-02 20:00:00+00:00,13.07
783,2024-02-02 21:00:00+00:00,14.29
784,2024-02-02 22:00:00+00:00,14.54
785,2024-02-02 23:00:00+00:00,21.39
786,2024-02-03 00:00:00+00:00,22.12
787,2024-02-03 01:00:00+00:00,18.57
788,2024-02-03 02:00:00+00:00,18.87
789,2024-02-03 03:00:00+00:00,18.21
790,2024-02-03 04:00:00+00:00,19.89
791,2024-02-03 05:00:00+00:00,16.37
792,2024-02-03 06:00:00+00:00,12.07
793,2024-02-03 07:00:00+00:00,9.0
794,2024-02-03 08:00:00+00:00,6.13
795,2024-02-03 09:00:00+00:00,5.31
796,2024-02-03 10:00:00+00:00,7.01
797,2024-02-03 11:00:00+00:00,8.86
798,2024-02-03 12:00:00+00:00,12.22
799,2024-02-03 13:00:00+00:00,15.85
800,2024-02-03 14:00:00+00:00,13.91
801,2024-02-03 15:00:00+00:00,9.5
802,2024-02-03 16:00:00+00:00,7.36
803,2024-02-03 17:00:00+00:00,4.98
804,2024-02-03 18:00:00+00:00,3.24
805,2024-02-03 19:00:00+00:00,2.91
806,2024-02-03 20:00:00+00:00,3.32
807,2024-02-03 21:00:00+00:00,3.39
808,2024-02-03 22:00:00+00:00,9.76
809,2024-02-03 23:00:00+00:00,23.11
810,2024-02-04 00:00:00+00:00,29.99
811,2024-02-04 01:00:00+00:00,20.35
812,2024-02-04 02:00:00+00:00,16.82
813,2024-02-04 03:00:00+00:00,13.04
814,2024-02-04 04:00:00+00:00,10.78
815,2024-02-04 05:00:00+00:00,11.36
816,2024-02-04 06:00:00+00:00,12.58
817,2024-02-04 07:00:00+00:00,10.04
818,2024-02-04 08:00:00+00:00,7.36
819,2024-02-04 09:00:00+00:00,5.86
820,2024-02-04 10:00:00+00:00,7.47
821,2024-02-04 11:00:00+00:00,8.76
822,2024-02-04 12:00:00+00:00,12.02
823,2024-02-04 13:00:00+00:00,14.96
824,2024-02-04 14:00:00+00:00,10.47
825,2024-02-04 15:00:00+00:00,7.38
826,2024-02-04 16:00:00+00:00,5.42
827,2024-02-04 17:00:00+00:00,4.93
828,2024-02-04 18:00:00+00:00,4.04
829,2024-02-04 19:00:00+00:00,2.8
830,2024-02-04 20:00:00+00:00,3.15
831,2024-02-04 21:00:00+00:00,2.67
832,2024-02-04 22:00:00+00:00,5.14
833,2024-02-04 23:00:00+00:00,12.41
834,2024-02-05 00:00:00+00:00,27.5
835,2024-02-05 01:00:00+00:00,21.05
836,2024-02-05 02:00:00+00:00,17.92
837,2024-02-05 03:00:00+00:00,17.11
838,2024-02-05 04:00:00+00:00,13.95
839,2024-02-05 05:00:00+00:00,11.21
840,2024-02-05 06:00:00+00:00,8.4
841,2024-02-05 07:00:00+00:00,7.65
842,2024-02-05 08:00:00+00:00,8.48
843,2024-02-05 09:00:00+00:00,10.39
844,2024-02-05 10:00:00+00:00,13.07
845,2024-02-05 11:00:00+00:00,16.14
846,2024-02-05 12:00:00+00:00,24.41
847,2024-02-05 13:00:00+00:00,29.21
848,2024-02-05 14:00:00+00:00,22.54
849,2024-02-05 15:00:00+00:00,18.16
850,2024-02-05 16:00:00+00:00,16.82
851,2024-02-05 17:00:00+00:00,14.56
852,2024-02-05 18:00:00+00:00,13.39
853,2024-02-05 19:00:00+00:00,13.12
854,2024-02-05 20:00:00+00:00,13.06
855,2024-02-05 21:00:00+00:00,12.92
856,2024-02-05 22:00:00+00:00,14.2
857,2024-02-05 23:00:00+00:00,32.76
858,2024-02-06 00:00:00+00:00,49.43
859,2024-02-06 01:00:00+00:00,34.28
860,2024-02-06 02:00:00+00:00,32.36
861,2024-02-06 03:00:00+00:00,25.41
862,2024-02-06 04:00:00+00:00,20.16
863,2024-02-06 05:00:00+00:00,19.17
864,2024-02-06 06:00:00+00:00,19.74
865,2024-02-06 07:00:00+00:00,19.14
866,2024-02-06 08:00:00+00:00,19.22
867,2024-02-06 09:00:00+00:00,19.56
868,2024-02-06 10:00:00+00:00,22.24
869,2024-02-06 11:00:00+00:00,27.26
870,2024-02-06 12:00:00+00:00,62.37
871,2024-02-06 13:00:00+00:00,45.11
872,2024-02-06 14:00:00+00:00,20.71
873,2024-02-06 15:00:00+00:00,16.68
874,2024-02-06 16:00:00+00:00,12.93
875,2024-02-06 17:00:00+00:00,12.46
876,2024-02-06 18:00:00+00:00,11.5
877,2024-02-06 19:00:00+00:00,10.78
878,2024-02-06 20:00:00+00:00,10.3
879,2024-02-06 21:00:00+00:00,10.6
880,2024-02-06 22:00:00+00:00,12.31
881,2024-02-06 23:00:00+00:00,19.36
882,2024-02-07 00:00:00+00:00,19.75
883,2024-02-07 01:00:00+00:00,15.99
884,2024-02-07 02:00:00+00:00,13.54
885,2024-02-07 03:00:00+00:00,13.12
886,2024-02-07 04:00:00+00:00,12.92
887,2024-02-07 05:00:00+00:00,11.98
888,2024-02-07 06:00:00+00:00,9.72
889,2024-02-07 07:00:00+00:00,8.81
890,2024-02-07 08:00:00+00:00,8.67
891,2024-02-07 09:00:00+00:00,9.3
892,2024-02-07 10:00:00+00:00,12.61
893,2024-02-07 11:00:00+00:00,21.52
894,2024-02-07 12:00:00+00:00,27.61
895,2024-02-07 13:00:00+00:00,22.91
896,2024-02-07 14:00:00+00:00,18.19
897,2024-02-07 15:00:00+00:00,11.71
898,2024-02-07 16:00:00+00:00,7.84
899,2024-02-07 17:00:00+00:00,4.2
900,2024-02-07 18:00:00+00:00,3.78
901,2024-02-07 19:00:00+00:00,4.58
902,2024-02-07 20:00:00+00:00,5.05
903,2024-02-07 21:00:00+00:00,5.34
904,2024-02-07 22:00:00+00:00,9.17
905,2024-02-07 23:00:00+00:00,16.24
906,2024-02-08 00:00:00+00:00,16.99
907,2024-02-08 01:00:00+00:00,16.3
908,2024-02-08 02:00:00+00:00,17.21
909,2024-02-08 03:00:00+00:00,14.98
910,2024-02-08 04:00:00+00:00,15.04
911,2024-02-08 05:00:00+00:00,11.52
912,2024-02-08 06:00:00+00:00,9.39
913,2024-02-08 07:00:00+00:00,5.32
914,2024-02-08 08:00:00+00:00,4.57
915,2024-02-08 09:00:00+00:00,7.14
916,2024-02-08 10:00:00+00:00,9.31
917,2024-02-08 11:00:00+00:00,15.53
918,2024-02-08 12:00:00+00:00,21.48
919,2024-02-08 13:00:00+00:00,23.45
920,2024-02-08 14:00:00+00:00,14.81
921,2024-02-08 15:00:00+00:00,9.53
922,2024-02-08 16:00:00+00:00,9.69
923,2024-02-08 17:00:00+00:00,10.03
924,2024-02-08 18:00:00+00:00,10.56
925,2024-02-08 19:00:00+00:00,12.05
926,2024-02-08 20:00:00+00:00,12.16
927,2024-02-08 21:00:00+00:00,14.28
928,2024-02-08 22:00:00+00:00,14.97
929,2024-02-08 23:00:00+00:00,31.49
930,2024-02-09 00:00:00+00:00,31.2
931,2024-02-09 01:00:00+00:00,19.24
932,2024-02-09 02:00:00+00:00,16.1
933,2024-02-09 03:00:00+00:00,12.46
934,2024-02-09 04:00:00+00:00,13.04
935,2024-02-09 05:00:00+00:00,14.05
936,2024-02-09 06:00:00+00:00,10.86
937,2024-02-09 07:00:00+00:00,9.45
938,2024-02-09 08:00:00+00:00,9.24
939,2024-02-09 09:00:00+00:00,9.46
940,2024-02-09 10:00:00+00:00,12.4
941,2024-02-09 11:00:00+00:00,17.3
942,2024-02-09 12:00:00+00:00,17.68
943,2024-02-09 13:00:00+00:00,18.28
944,2024-02-09 14:00:00+00:00,16.09
945,2024-02-09 15:00:00+00:00,15.92
946,2024-02-09 16:00:00+00:00,12.43
947,2024-02-09 17:00:00+00:00,10.84
948,2024-02-09 18:00:00+00:00,10.51
949,2024-02-09 19:00:00+00:00,10.89
950,2024-02-09 20:00:00+00:00,13.48
951,2024-02-09 21:00:00+00:00,16.58
952,2024-02-09 22:00:00+00:00,18.07
953,2024-02-09 23:00:00+00:00,37.14
954,2024-02-10 00:00:00+00:00,44.06
955,2024-02-10 01:00:00+00:00,29.77
956,2024-02-10 02:00:00+00:00,29.88
957,2024-02-10 03:00:00+00:00,25.2
958,2024-02-10 04:00:00+00:00,24.61
959,2024-02-10 05:00:00+00:00,19.5
960,2024-02-10 06:00:00+00:00,19.98
961,2024-02-10 07:00:00+00:00,17.01
962,2024-02-10 08:00:00+00:00,15.11
963,2024-02-10 09:00:00+00:00,12.98
964,2024-02-10 10:00:00+00:00,11.93
965,2024-02-10 11:00:00+00:00,13.43
966,2024-02-10 12:00:00+00:00,12.45
967,2024-02-10 13:00:00+00:00,15.12
968,2024-02-10 14:00:00+00:00,13.34
969,2024-02-10 15:00:00+00:00,12.76
970,2024-02-10 16:00:00+00:00,13.1
971,2024-02-10 17:00:00+00:00,12.51
972,2024-02-10 18:00:00+00:00,12.07
973,2024-02-10 19:00:00+00:00,12.25
974,2024-02-10 20:00:00+00:00,11.21
975,2024-02-10 21:00:00+00:00,11.49
976,2024-02-10 22:00:00+00:00,13.77
977,2024-02-10 23:00:00+00:00,26.92
978,2024-02-11 00:00:00+00:00,29.63
979,2024-02-11 01:00:00+00:00,19.82
980,2024-02-11 02:00:00+00:00,17.52
981,2024-02-11 03:00:00+00:00,15.24
982,2024-02-11 04:00:00+00:00,15.72
983,2024-02-11 05:00:00+00:00,14.67
984,2024-02-11 06:00:00+00:00,17.83
985,2024-02-11 07:00:00+00:00,16.37
986,2024-02-11 08:00:00+00:00,15.21
987,2024-02-11 09:00:00+00:00,15.13
988,2024-02-11 10:00:00+00:00,15.04
989,2024-02-11 11:00:00+00:00,16.75
990,2024-02-11 12:00:00+00:00,15.41
991,2024-02-11 13:00:00+00:00,17.63
992,2024-02-11 14:00:00+00:00,17.42
993,2024-02-11 15:00:00+00:00,14.01
994,2024-02-11 16:00:00+00:00,12.36
995,2024-02-11 17:00:00+00:00,11.25
996,2024-02-11 18:00:00+00:00,10.3
997,2024-02-11 19:00:00+00:00,9.96
998,2024-02-11 20:00:00+00:00,8.48
999,2024-02-11 21:00:00+00:00,8.31
1000,2024-02-11 22:00:00+00:00,10.81
1001,2024-02-11 23:00:00+00:00,19.64
1002,2024-02-12 00:00:00+00:00,28.85
1003,2024-02-12 01:00:00+00:00,20.16
1004,2024-02-12 02:00:00+00:00,19.42
1005,2024-02-12 03:00:00+00:00,15.85
1006,2024-02-12 04:00:00+00:00,14.97
1007,2024-02-12 05:00:00+00:00,14.23
1008,2024-02-12 06:00:00+00:00,15.29
1009,2024-02-12 07:00:00+00:00,12.81
1010,2024-02-12 08:00:00+00:00,13.03
1011,2024-02-12 09:00:00+00:00,15.3
1012,2024-02-12 10:00:00+00:00,17.5
1013,2024-02-12 11:00:00+00:00,19.3
1014,2024-02-12 12:00:00+00:00,29.36
1015,2024-02-12 13:00:00+00:00,35.13
1016,2024-02-12 14:00:00+00:00,19.86
1017,2024-02-12 15:00:00+00:00,13.16
1018,2024-02-12 16:00:00+00:00,11.21
1019,2024-02-12 17:00:00+00:00,10.64
1020,2024-02-12 18:00:00+00:00,9.53
1021,2024-02-12 19:00:00+00:00,9.09
1022,2024-02-12 20:00:00+00:00,8.95
1023,2024-02-12 21:00:00+00:00,9.31
1024,2024-02-12 22:00:00+00:00,11.1
1025,2024-02-12 23:00:00+00:00,25.86
1026,2024-02-13 00:00:00+00:00,53.3
1027,2024-02-13 01:00:00+00:00,45.65
1028,2024-02-13 02:00:00+00:00,36.03
1029,2024-02-13 03:00:00+00:00,27.1
1030,2024-02-13 04:00:00+00:00,18.48
1031,2024-02-13 05:00:00+00:00,17.46
1032,2024-02-13 06:00:00+00:00,17.96
1033,2024-02-13 07:00:00+00:00,16.73
1034,2024-02-13 08:00:00+00:00,16.25
1035,2024-02-13 09:00:00+00:00,15.94
1036,2024-02-13 10:00:00+00:00,16.69
1037,2024-02-13 11:00:00+00:00,21.29
1038,2024-02-13 12:00:00+00:00,33.23
1039,2024-02-13 13:00:00+00:00,25.85
1040,2024-02-13 14:00:00+00:00,17.06
1041,2024-02-13 15:00:00+00:00,12.63
1042,2024-02-13 16:00:00+00:00,12.46
1043,2024-02-13 17:00:00+00:00,11.01
1044,2024-02-13 18:00:00+00:00,9.01
1045,2024-02-13 19:00:00+00:00,7.44
1046,2024-02-13 20:00:00+00:00,5.47
1047,2024-02-13 21:00:00+00:00,5.1
1048,2024-02-13 22:00:00+00:00,9.25
1049,2024-02-13 23:00:00+00:00,20.04
1050,2024-02-14 00:00:00+00:00,24.21
1051,2024-02-14 01:00:00+00:00,16.55
1052,2024-02-14 02:00:00+00:00,15.07
1053,2024-02-14 03:00:00+00:00,12.09
1054,2024-02-14 04:00:00+00:00,9.14
1055,2024-02-14 05:00:00+00:00,8.47
1056,2024-02-14 06:00:00+00:00,6.27
1057,2024-02-14 07:00:00+00:00,4.63
1058,2024-02-14 08:00:00+00:00,4.79
1059,2024-02-14 09:00:00+00:00,6.25
1060,2024-02-14 10:00:00+00:00,8.48
1061,2024-02-14 11:00:00+00:00,13.52
1062,2024-02-14 12:00:00+00:00,21.24
1063,2024-02-14 13:00:00+00:00,20.65
1064,2024-02-14 14:00:00+00:00,13.15
1065,2024-02-14 15:00:00+00:00,8.18
1066,2024-02-14 16:00:00+00:00,4.57
1067,2024-02-14 17:00:00+00:00,3.02
1068,2024-02-14 18:00:00+00:00,2.52
1069,2024-02-14 19:00:00+00:00,2.45
1070,2024-02-14 20:00:00+00:00,2.69
1071,2024-02-14 21:00:00+00:00,3.68
1072,2024-02-14 22:00:00+00:00,9.33
1073,2024-02-14 23:00:00+00:00,16.89
1074,2024-02-15 00:00:00+00:00,21.71
1075,2024-02-15 01:00:00+00:00,15.57
1076,2024-02-15 02:00:00+00:00,14.02
1077,2024-02-15 03:00:00+00:00,10.15
1078,2024-02-15 04:00:00+00:00,9.16
1079,2024-02-15 05:00:00+00:00,11.31
1080,2024-02-15 06:00:00+00:00,10.82
1081,2024-02-15 07:00:00+00:00,10.61
1082,2024-02-15 08:00:00+00:00,11.33
1083,2024-02-15 09:00:00+00:00,12.67
1084,2024-02-15 10:00:00+00:00,13.93
1085,2024-02-15 11:00:00+00:00,13.35
1086,2024-02-15 12:00:00+00:00,25.0
1087,2024-02-15 13:00:00+00:00,28.6
1088,2024-02-15 14:00:00+00:00,18.89
1089,2024-02-15 15:00:00+00:00,14.02
1090,2024-02-15 16:00:00+00:00,14.21
1091,2024-02-15 17:00:00+00:00,12.93
1092,2024-02-15 18:00:00+00:00,11.91
1093,2024-02-15 19:00:00+00:00,11.12
1094,2024-02-15 20:00:00+00:00,11.08
1095,2024-02-15 21:00:00+00:00,14.03
1096,2024-02-15 22:00:00+00:00,16.59
1097,2024-02-15 23:00:00+00:00,24.01
1098,2024-02-16 00:00:00+00:00,23.27
1099,2024-02-16 01:00:00+00:00,14.57
1100,2024-02-16 02:00:00+00:00,11.61
1101,2024-02-16 03:00:00+00:00,11.78
1102,2024-02-16 04:00:00+00:00,10.82
1103,2024-02-16 05:00:00+00:00,8.55
1104,2024-02-16 06:00:00+00:00,5.1
1105,2024-02-16 07:00:00+00:00,4.24
1106,2024-02-16 08:00:00+00:00,4.36
1107,2024-02-16 09:00:00+00:00,5.7
1108,2024-02-16 10:00:00+00:00,7.96
1109,2024-02-16 11:00:00+00:00,10.31
1110,2024-02-16 12:00:00+00:00,16.57
1111,2024-02-16 13:00:00+00:00,16.16
1112,2024-02-16 14:00:00+00:00,14.25
1113,2024-02-16 15:00:00+00:00,12.64
1114,2024-02-16 16:00:00+00:00,10.15
1115,2024-02-16 17:00:00+00:00,10.03
1116,2024-02-16 18:00:00+00:00,9.03
1117,2024-02-16 19:00:00+00:00,8.55
1118,2024-02-16 20:00:00+00:00,8.16
1119,2024-02-16 21:00:00+00:00,8.13
1120,2024-02-16 22:00:00+00:00,8.93
1121,2024-02-16 23:00:00+00:00,16.21
1122,2024-02-17 00:00:00+00:00,17.43
1123,2024-02-17 01:00:00+00:00,14.72
1124,2024-02-17 02:00:00+00:00,13.58
1125,2024-02-17 03:00:00+00:00,12.59
1126,2024-02-17 04:00:00+00:00,10.63
1127,2024-02-17 05:00:00+00:00,9.45
1128,2024-02-17 06:00:00+00:00,12.13
1129,2024-02-17 07:00:00+00:00,9.94
1130,2024-02-17 08:00:00+00:00,9.2
1131,2024-02-17 09:00:00+00:00,9.55
1132,2024-02-17 10:00:00+00:00,9.84
1133,2024-02-17 11:00:00+00:00,10.04
1134,2024-02-17 12:00:00+00:00,13.64
1135,2024-02-17 13:00:00+00:00,16.91
1136,2024-02-17 14:00:00+00:00,14.14
1137,2024-02-17 15:00:00+00:00,12.22
1138,2024-02-17 16:00:00+00:00,10.6
1139,2024-02-17 17:00:00+00:00,10.09
1140,2024-02-17 18:00:00+00:00,10.23
1141,2024-02-17 19:00:00+00:00,8.75
1142,2024-02-17 20:00:00+00:00,8.8
1143,2024-02-17 21:00:00+00:00,9.38
1144,2024-02-17 22:00:00+00:00,10.32
1145,2024-02-17 23:00:00+00:00,22.83
1146,2024-02-18 00:00:00+00:00,47.09
1147,2024-02-18 01:00:00+00:00,37.58
1148,2024-02-18 02:00:00+00:00,41.42
1149,2024-02-18 03:00:00+00:00,37.84
1150,2024-02-18 04:00:00+00:00,24.87
1151,2024-02-18 05:00:00+00:00,19.78
1152,2024-02-18 06:00:00+00:00,21.64
1153,2024-02-18 07:00:00+00:00,20.47
1154,2024-02-18 08:00:00+00:00,19.23
1155,2024-02-18 09:00:00+00:00,21.09
1156,2024-02-18 10:00:00+00:00,22.78
1157,2024-02-18 11:00:00+00:00,25.8
1158,2024-02-18 12:00:00+00:00,34.03
1159,2024-02-18 13:00:00+00:00,33.34
1160,2024-02-18 14:00:00+00:00,19.35
1161,2024-02-18 15:00:00+00:00,15.47
1162,2024-02-18 16:00:00+00:00,13.71
1163,2024-02-18 17:00:00+00:00,13.8
1164,2024-02-18 18:00:00+00:00,12.26
1165,2024-02-18 19:00:00+00:00,9.74
1166,2024-02-18 20:00:00+00:00,8.89
1167,2024-02-18 21:00:00+00:00,8.67
1168,2024-02-18 22:00:00+00:00,8.97
1169,2024-02-18 23:00:00+00:00,20.03
1170,2024-02-19 00:00:00+00:00,36.19
1171,2024-02-19 01:00:00+00:00,19.85
1172,2024-02-19 02:00:00+00:00,16.25
1173,2024-02-19 03:00:00+00:00,12.26
1174,2024-02-19 04:00:00+00:00,10.93
1175,2024-02-19 05:00:00+00:00,11.28
1176,2024-02-19 06:00:00+00:00,10.88
1177,2024-02-19 07:00:00+00:00,11.35
1178,2024-02-19 08:00:00+00:00,12.16
1179,2024-02-19 09:00:00+00:00,12.17
1180,2024-02-19 10:00:00+00:00,12.27
1181,2024-02-19 11:00:00+00:00,15.87
1182,2024-02-19 12:00:00+00:00,23.59
1183,2024-02-19 13:00:00+00:00,21.41
1184,2024-02-19 14:00:00+00:00,11.63
1185,2024-02-19 15:00:00+00:00,9.2
1186,2024-02-19 16:00:00+00:00,10.03
1187,2024-02-19 17:00:00+00:00,9.57
1188,2024-02-19 18:00:00+00:00,9.16
1189,2024-02-19 19:00:00+00:00,8.06
1190,2024-02-19 20:00:00+00:00,7.8
1191,2024-02-19 21:00:00+00:00,8.11
1192,2024-02-19 22:00:00+00:00,9.32
1193,2024-02-19 23:00:00+00:00,26.55
1194,2024-02-20 00:00:00+00:00,43.98
1195,2024-02-20 01:00:00+00:00,23.13
1196,2024-02-20 02:00:00+00:00,19.17
1197,2024-02-20 03:00:00+00:00,14.82
1198,2024-02-20 04:00:00+00:00,12.13
1199,2024-02-20 05:00:00+00:00,12.23
1200,2024-02-20 06:00:00+00:00,11.69
1201,2024-02-20 07:00:00+00:00,10.74
1202,2024-02-20 08:00:00+00:00,10.27
1203,2024-02-20 09:00:00+00:00,10.15
1204,2024-02-20 10:00:00+00:00,10.86
1205,2024-02-20 11:00:00+00:00,14.08
1206,2024-02-20 12:00:00+00:00,23.64
1207,2024-02-20 13:00:00+00:00,20.42
1208,2024-02-20 14:00:00+00:00,10.64
1209,2024-02-20 15:00:00+00:00,9.63
1210,2024-02-20 16:00:00+00:00,9.33
1211,2024-02-20 17:00:00+00:00,10.26
1212,2024-02-20 18:00:00+00:00,9.08
1213,2024-02-20 19:00:00+00:00,7.55
1214,2024-02-20 20:00:00+00:00,6.36
1215,2024-02-20 21:00:00+00:00,6.99
1216,2024-02-20 22:00:00+00:00,7.7
1217,2024-02-20 23:00:00+00:00,24.66
1218,2024-02-21 00:00:00+00:00,30.88
1219,2024-02-21 01:00:00+00:00,14.53
1220,2024-02-21 02:00:00+00:00,11.81
1221,2024-02-21 03:00:00+00:00,9.51
1222,2024-02-21 04:00:00+00:00,10.1
1223,2024-02-21 05:00:00+00:00,9.33
1224,2024-02-21 06:00:00+00:00,5.11
1225,2024-02-21 07:00:00+00:00,4.5
1226,2024-02-21 08:00:00+00:00,3.58
1227,2024-02-21 09:00:00+00:00,3.54
1228,2024-02-21 10:00:00+00:00,5.58
1229,2024-02-21 11:00:00+00:00,11.89
1230,2024-02-21 12:00:00+00:00,22.13
1231,2024-02-21 13:00:00+00:00,21.12
1232,2024-02-21 14:00:00+00:00,9.39
1233,2024-02-21 15:00:00+00:00,8.44
1234,2024-02-21 16:00:00+00:00,8.02
1235,2024-02-21 17:00:00+00:00,8.15
1236,2024-02-21 18:00:00+00:00,8.37
1237,2024-02-21 19:00:00+00:00,8.51
1238,2024-02-21 20:00:00+00:00,8.08
1239,2024-02-21 21:00:00+00:00,7.83
1240,2024-02-21 22:00:00+00:00,9.3
1241,2024-02-21 23:00:00+00:00,14.17
1242,2024-02-22 00:00:00+00:00,19.35
1243,2024-02-22 01:00:00+00:00,15.75
1244,2024-02-22 02:00:00+00:00,13.82
1245,2024-02-22 03:00:00+00:00,10.61
1246,2024-02-22 04:00:00+00:00,8.85
1247,2024-02-22 05:00:00+00:00,7.77
1248,2024-02-22 06:00:00+00:00,4.77
1249,2024-02-22 07:00:00+00:00,3.62
1250,2024-02-22 08:00:00+00:00,3.52
1251,2024-02-22 09:00:00+00:00,3.85
1252,2024-02-22 10:00:00+00:00,5.24
1253,2024-02-22 11:00:00+00:00,9.37
1254,2024-02-22 12:00:00+00:00,18.09
1255,2024-02-22 13:00:00+00:00,18.02
1256,2024-02-22 14:00:00+00:00,10.55
1257,2024-02-22 15:00:00+00:00,8.71
1258,2024-02-22 16:00:00+00:00,8.76
1259,2024-02-22 17:00:00+00:00,9.38
1260,2024-02-22 18:00:00+00:00,10.2
1261,2024-02-22 19:00:00+00:00,11.95
1262,2024-02-22 20:00:00+00:00,13.05
1263,2024-02-22 21:00:00+00:00,11.99
1264,2024-02-22 22:00:00+00:00,12.69
1265,2024-02-22 23:00:00+00:00,26.09
1266,2024-02-23 00:00:00+00:00,49.51
1267,2024-02-23 01:00:00+00:00,22.19
1268,2024-02-23 02:00:00+00:00,16.78
1269,2024-02-23 03:00:00+00:00,14.4
1270,2024-02-23 04:00:00+00:00,12.6
1271,2024-02-23 05:00:00+00:00,14.61
1272,2024-02-23 06:00:00+00:00,10.39
1273,2024-02-23 07:00:00+00:00,10.71
1274,2024-02-23 08:00:00+00:00,10.24
1275,2024-02-23 09:00:00+00:00,10.17
1276,2024-02-23 10:00:00+00:00,11.19
1277,2024-02-23 11:00:00+00:00,12.98
1278,2024-02-23 12:00:00+00:00,23.86
1279,2024-02-23 13:00:00+00:00,28.17
1280,2024-02-23 14:00:00+00:00,13.19
1281,2024-02-23 15:00:00+00:00,10.95
1282,2024-02-23 16:00:00+00:00,10.3
1283,2024-02-23 17:00:00+00:00,10.31
1284,2024-02-23 18:00:00+00:00,10.34
1285,2024-02-23 19:00:00+00:00,10.52
1286,2024-02-23 20:00:00+00:00,11.18
1287,2024-02-23 21:00:00+00:00,12.17
1288,2024-02-23 22:00:00+00:00,14.17
1289,2024-02-23 23:00:00+00:00,39.35
1290,2024-02-24 00:00:00+00:00,56.74
1291,2024-02-24 01:00:00+00:00,39.82
1292,2024-02-24 02:00:00+00:00,30.95
1293,2024-02-24 03:00:00+00:00,22.11
1294,2024-02-24 04:00:00+00:00,14.87
1295,2024-02-24 05:00:00+00:00,14.28
1296,2024-02-24 06:00:00+00:00,17.57
1297,2024-02-24 07:00:00+00:00,16.13
1298,2024-02-24 08:00:00+00:00,15.49
1299,2024-02-24 09:00:00+00:00,14.02
1300,2024-02-24 10:00:00+00:00,14.43
1301,2024-02-24 11:00:00+00:00,15.52
1302,2024-02-24 12:00:00+00:00,19.95
1303,2024-02-24 13:00:00+00:00,17.92
1304,2024-02-24 14:00:00+00:00,11.33
1305,2024-02-24 15:00:00+00:00,8.28
1306,2024-02-24 16:00:00+00:00,7.36
1307,2024-02-24 17:00:00+00:00,6.23
1308,2024-02-24 18:00:00+00:00,6.15
1309,2024-02-24 19:00:00+00:00,6.21
1310,2024-02-24 20:00:00+00:00,7.53
1311,2024-02-24 21:00:00+00:00,6.83
1312,2024-02-24 22:00:00+00:00,6.35
1313,2024-02-24 23:00:00+00:00,17.55
1314,2024-02-25 00:00:00+00:00,21.11
1315,2024-02-25 01:00:00+00:00,12.94
1316,2024-02-25 02:00:00+00:00,9.66
1317,2024-02-25 03:00:00+00:00,8.14
1318,2024-02-25 04:00:00+00:00,6.85
1319,2024-02-25 05:00:00+00:00,8.13
1320,2024-02-25 06:00:00+00:00,6.63
1321,2024-02-25 07:00:00+00:00,4.12
1322,2024-02-25 08:00:00+00:00,2.94
1323,2024-02-25 09:00:00+00:00,2.4
1324,2024-02-25 10:00:00+00:00,4.77
1325,2024-02-25 11:00:00+00:00,6.52
1326,2024-02-25 12:00:00+00:00,9.83
1327,2024-02-25 13:00:00+00:00,8.88
1328,2024-02-25 14:00:00+00:00,5.04
1329,2024-02-25 15:00:00+00:00,3.03
1330,2024-02-25 16:00:00+00:00,3.02
1331,2024-02-25 17:00:00+00:00,3.51
1332,2024-02-25 18:00:00+00:00,5.5
1333,2024-02-25 19:00:00+00:00,6.97
1334,2024-02-25 20:00:00+00:00,7.78
1335,2024-02-25 21:00:00+00:00,8.12
1336,2024-02-25 22:00:00+00:00,10.46
1337,2024-02-25 23:00:00+00:00,32.79
1338,2024-02-26 00:00:00+00:00,59.2
1339,2024-02-26 01:00:00+00:00,30.7
1340,2024-02-26 02:00:00+00:00,19.55
1341,2024-02-26 03:00:00+00:00,16.33
1342,2024-02-26 04:00:00+00:00,13.83
1343,2024-02-26 05:00:00+00:00,10.57
1344,2024-02-26 06:00:00+00:00,10.75
1345,2024-02-26 07:00:00+00:00,7.98
1346,2024-02-26 08:00:00+00:00,7.43
1347,2024-02-26 09:00:00+00:00,6.38
1348,2024-02-26 10:00:00+00:00,6.74
1349,2024-02-26 11:00:00+00:00,9.73
1350,2024-02-26 12:00:00+00:00,15.58
1351,2024-02-26 13:00:00+00:00,13.84
1352,2024-02-26 14:00:00+00:00,8.6
1353,2024-02-26 15:00:00+00:00,7.67
1354,2024-02-26 16:00:00+00:00,9.49
1355,2024-02-26 17:00:00+00:00,10.23
1356,2024-02-26 18:00:00+00:00,12.18
1357,2024-02-26 19:00:00+00:00,14.56
1358,2024-02-26 20:00:00+00:00,15.15
1359,2024-02-26 21:00:00+00:00,18.97
1360,2024-02-26 22:00:00+00:00,25.39
1361,2024-02-26 23:00:00+00:00,47.65
1362,2024-02-27 00:00:00+00:00,47.79
1363,2024-02-27 01:00:00+00:00,23.35
1364,2024-02-27 02:00:00+00:00,18.78
1365,2024-02-27 03:00:00+00:00,16.51
1366,2024-02-27 04:00:00+00:00,11.2
1367,2024-02-27 05:00:00+00:00,11.18
1368,2024-02-27 06:00:00+00:00,11.37
1369,2024-02-27 07:00:00+00:00,8.22
1370,2024-02-27 08:00:00+00:00,6.59
1371,2024-02-27 09:00:00+00:00,4.79
1372,2024-02-27 10:00:00+00:00,5.71
1373,2024-02-27 11:00:00+00:00,9.92
1374,2024-02-27 12:00:00+00:00,16.78
1375,2024-02-27 13:00:00+00:00,14.35
1376,2024-02-27 14:00:00+00:00,11.27
1377,2024-02-27 15:00:00+00:00,9.33
1378,2024-02-27 16:00:00+00:00,10.21
1379,2024-02-27 17:00:00+00:00,11.66
1380,2024-02-27 18:00:00+00:00,13.18
1381,2024-02-27 19:00:00+00:00,18.35
1382,2024-02-27 20:00:00+00:00,19.9
1383,2024-02-27 21:00:00+00:00,23.39
1384,2024-02-27 22:00:00+00:00,27.79
1385,2024-02-27 23:00:00+00:00,37.12
1386,2024-02-28 00:00:00+00:00,39.43
1387,2024-02-28 01:00:00+00:00,22.13
1388,2024-02-28 02:00:00+00:00,18.21
1389,2024-02-28 03:00:00+00:00,15.68
1390,2024-02-28 04:00:00+00:00,13.43
1391,2024-02-28 05:00:00+00:00,10.92
1392,2024-02-28 06:00:00+00:00,11.14
1393,2024-02-28 07:00:00+00:00,8.31
1394,2024-02-28 08:00:00+00:00,7.76
1395,2024-02-28 09:00:00+00:00,6.52
1396,2024-02-28 10:00:00+00:00,8.29
1397,2024-02-28 11:00:00+00:00,11.32
1398,2024-02-28 12:00:00+00:00,18.94
1399,2024-02-28 13:00:00+00:00,17.93
1400,2024-02-28 14:00:00+00:00,15.3
1401,2024-02-28 15:00:00+00:00,14.92
1402,2024-02-28 16:00:00+00:00,12.88
1403,2024-02-28 17:00:00+00:00,12.87
1404,2024-02-28 18:00:00+00:00,13.67
1405,2024-02-28 19:00:00+00:00,13.04
1406,2024-02-28 20:00:00+00:00,14.15
1407,2024-02-28 21:00:00+00:00,16.68
1408,2024-02-28 22:00:00+00:00,17.89
1409,2024-02-28 23:00:00+00:00,29.79
1410,2024-02-29 00:00:00+00:00,34.87
1411,2024-02-29 01:00:00+00:00,28.43
1412,2024-02-29 02:00:00+00:00,24.49
1413,2024-02-29 03:00:00+00:00,21.74
1414,2024-02-29 04:00:00+00:00,20.07
1415,2024-02-29 05:00:00+00:00,16.9
1416,2024-02-29 06:00:00+00:00,15.49
1417,2024-02-29 07:00:00+00:00,15.32
1418,2024-02-29 08:00:00+00:00,16.09
1419,2024-02-29 09:00:00+00:00,15.89
1420,2024-02-29 10:00:00+00:00,17.69
1421,2024-02-29 11:00:00+00:00,22.65
1422,2024-02-29 12:00:00+00:00,44.43
1423,2024-02-29 13:00:00+00:00,40.39
1424,2024-02-29 14:00:00+00:00,29.43
1425,2024-02-29 15:00:00+00:00,20.6
1426,2024-02-29 16:00:00+00:00,17.21
1427,2024-02-29 17:00:00+00:00,15.19
1428,2024-02-29 18:00:00+00:00,12.34
1429,2024-02-29 19:00:00+00:00,11.85
1430,2024-02-29 20:00:00+00:00,11.43
1431,2024-02-29 21:00:00+00:00,10.88
1432,2024-02-29 22:00:00+00:00,13.17
1433,2024-02-29 23:00:00+00:00,24.36
1434,2024-03-01 00:00:00+00:00,40.93
1435,2024-03-01 01:00:00+00:00,24.88
1436,2024-03-01 02:00:00+00:00,19.86
1437,2024-03-01 03:00:00+00:00,16.65
1438,2024-03-01 04:00:00+00:00,15.21
1439,2024-03-01 05:00:00+00:00,14.49
1440,2024-03-01 06:00:00+00:00,14.31
1441,2024-03-01 07:00:00+00:00,13.06
1442,2024-03-01 08:00:00+00:00,11.96
1443,2024-03-01 09:00:00+00:00,11.59
1444,2024-03-01 10:00:00+00:00,13.37
1445,2024-03-01 11:00:00+00:00,18.56
1446,2024-03-01 12:00:00+00:00,38.66
1447,2024-03-01 13:00:00+00:00,27.65
1448,2024-03-01 14:00:00+00:00,17.26
1449,2024-03-01 15:00:00+00:00,13.71
1450,2024-03-01 16:00:00+00:00,12.41
1451,2024-03-01 17:00:00+00:00,11.58
1452,2024-03-01 18:00:00+00:00,11.24
1453,2024-03-01 19:00:00+00:00,10.69
1454,2024-03-01 20:00:00+00:00,9.63
1455,2024-03-01 21:00:00+00:00,9.17
1456,2024-03-01 22:00:00+00:00,10.36
1457,2024-03-01 23:00:00+00:00,26.11
1458,2024-03-02 00:00:00+00:00,48.6
1459,2024-03-02 01:00:00+00:00,19.93
1460,2024-03-02 02:00:00+00:00,16.56
1461,2024-03-02 03:00:00+00:00,13.93
1462,2024-03-02 04:00:00+00:00,13.44
1463,2024-03-02 05:00:00+00:00,13.0
1464,2024-03-02 06:00:00+00:00,11.36
1465,2024-03-02 07:00:00+00:00,10.22
1466,2024-03-02 08:00:00+00:00,9.91
1467,2024-03-02 09:00:00+00:00,10.04
1468,2024-03-02 10:00:00+00:00,12.05
1469,2024-03-02 11:00:00+00:00,15.99
1470,2024-03-02 12:00:00+00:00,20.34
1471,2024-03-02 13:00:00+00:00,19.98
1472,2024-03-02 14:00:00+00:00,15.27
1473,2024-03-02 15:00:00+00:00,11.55
1474,2024-03-02 16:00:00+00:00,11.42
1475,2024-03-02 17:00:00+00:00,12.67
1476,2024-03-02 18:00:00+00:00,11.08
1477,2024-03-02 19:00:00+00:00,9.82
1478,2024-03-02 20:00:00+00:00,10.3
1479,2024-03-02 21:00:00+00:00,10.44
1480,2024-03-02 22:00:00+00:00,14.77
1481,2024-03-02 23:00:00+00:00,29.96
1482,2024-03-03 00:00:00+00:00,48.5
1483,2024-03-03 01:00:00+00:00,23.35
1484,2024-03-03 02:00:00+00:00,15.12
1485,2024-03-03 03:00:00+00:00,12.36
1486,2024-03-03 04:00:00+00:00,12.62
1487,2024-03-03 05:00:00+00:00,11.1
1488,2024-03-03 06:00:00+00:00,9.61
1489,2024-03-03 07:00:00+00:00,8.25
1490,2024-03-03 08:00:00+00:00,6.36
1491,2024-03-03 09:00:00+00:00,6.38
1492,2024-03-03 10:00:00+00:00,7.51
1493,2024-03-03 11:00:00+00:00,10.85
1494,2024-03-03 12:00:00+00:00,13.37
1495,2024-03-03 13:00:00+00:00,15.12
1496,2024-03-03 14:00:00+00:00,12.99
1497,2024-03-03 15:00:00+00:00,11.39
1498,2024-03-03 16:00:00+00:00,10.61
1499,2024-03-03 17:00:00+00:00,8.74
1500,2024-03-03 18:00:00+00:00,8.96
1501,2024-03-03 19:00:00+00:00,10.6
1502,2024-03-03 20:00:00+00:00,12.12
1503,2024-03-03 21:00:00+00:00,12.46
1504,2024-03-03 22:00:00+00:00,17.17
1505,2024-03-03 23:00:00+00:00,35.69
1506,2024-03-04 00:00:00+00:00,45.06
1507,2024-03-04 01:00:00+00:00,26.79
1508,2024-03-04 02:00:00+00:00,17.69
1509,2024-03-04 03:00:00+00:00,15.88
1510,2024-03-04 04:00:00+00:00,12.52
1511,2024-03-04 05:00:00+00:00,11.69
1512,2024-03-04 06:00:00+00:00,10.14
1513,2024-03-04 07:00:00+00:00,8.21
1514,2024-03-04 08:00:00+00:00,6.76
1515,2024-03-04 09:00:00+00:00,6.93
1516,2024-03-04 10:00:00+00:00,10.23
1517,2024-03-04 11:00:00+00:00,12.52
1518,2024-03-04 12:00:00+00:00,18.44
1519,2024-03-04 13:00:00+00:00,17.67
1520,2024-03-04 14:00:00+00:00,17.05
1521,2024-03-04 15:00:00+00:00,17.12
1522,2024-03-04 16:00:00+00:00,17.79
1523,2024-03-04 17:00:00+00:00,18.75
1524,2024-03-04 18:00:00+00:00,24.14
1525,2024-03-04 19:00:00+00:00,27.23
1526,2024-03-04 20:00:00+00:00,29.78
1527,2024-03-04 21:00:00+00:00,30.87
1528,2024-03-04 22:00:00+00:00,37.69
1529,2024-03-04 23:00:00+00:00,92.45
1530,2024-03-05 00:00:00+00:00,142.05
1531,2024-03-05 01:00:00+00:00,92.18
1532,2024-03-05 02:00:00+00:00,38.44
1533,2024-03-05 03:00:00+00:00,26.65
1534,2024-03-05 04:00:00+00:00,19.07
1535,2024-03-05 05:00:00+00:00,16.95
1536,2024-03-05 06:00:00+00:00,13.16
1537,2024-03-05 07:00:00+00:00,13.77
1538,2024-03-05 08:00:00+00:00,13.57
1539,2024-03-05 09:00:00+00:00,15.23
1540,2024-03-05 10:00:00+00:00,15.62
1541,2024-03-05 11:00:00+00:00,18.26
1542,2024-03-05 12:00:00+00:00,31.07
1543,2024-03-05 13:00:00+00:00,23.39
1544,2024-03-05 14:00:00+00:00,15.98
1545,2024-03-05 15:00:00+00:00,16.72
1546,2024-03-05 16:00:00+00:00,18.27
1547,2024-03-05 17:00:00+00:00,20.13
1548,2024-03-05 18:00:00+00:00,24.13
1549,2024-03-05 19:00:00+00:00,26.87
1550,2024-03-05 20:00:00+00:00,29.66
1551,2024-03-05 21:00:00+00:00,31.54
1552,2024-03-05 22:00:00+00:00,45.04
1553,2024-03-05 23:00:00+00:00,224.86
1554,2024-03-06 00:00:00+00:00,247.11
1555,2024-03-06 01:00:00+00:00,110.0
1556,2024-03-06 02:00:00+00:00,47.17
1557,2024-03-06 03:00:00+00:00,34.58
1558,2024-03-06 04:00:00+00:00,21.45
1559,2024-03-06 05:00:00+00:00,19.24
1560,2024-03-06 06:00:00+00:00,14.21
1561,2024-03-06 07:00:00+00:00,13.58
1562,2024-03-06 08:00:00+00:00,14.07
1563,2024-03-06 09:00:00+00:00,15.57
1564,2024-03-06 10:00:00+00:00,17.16
1565,2024-03-06 11:00:00+00:00,21.79
1566,2024-03-06 12:00:00+00:00,45.49
1567,2024-03-06 13:00:00+00:00,36.73
1568,2024-03-06 14:00:00+00:00,22.49
1569,2024-03-06 15:00:00+00:00,19.22
1570,2024-03-06 16:00:00+00:00,18.03
1571,2024-03-06 17:00:00+00:00,17.43
1572,2024-03-06 18:00:00+00:00,18.29
1573,2024-03-06 19:00:00+00:00,19.1
1574,2024-03-06 20:00:00+00:00,19.65
1575,2024-03-06 21:00:00+00:00,23.03
1576,2024-03-06 22:00:00+00:00,30.01
1577,2024-03-06 23:00:00+00:00,63.03
1578,2024-03-07 00:00:00+00:00,68.02
1579,2024-03-07 01:00:00+00:00,32.13
1580,2024-03-07 02:00:00+00:00,22.73
1581,2024-03-07 03:00:00+00:00,18.83
1582,2024-03-07 04:00:00+00:00,14.03
1583,2024-03-07 05:00:00+00:00,15.2
1584,2024-03-07 06:00:00+00:00,10.9
1585,2024-03-07 07:00:00+00:00,10.3
1586,2024-03-07 08:00:00+00:00,10.51
1587,2024-03-07 09:00:00+00:00,10.59
1588,2024-03-07 10:00:00+00:00,10.34
1589,2024-03-07 11:00:00+00:00,14.51
1590,2024-03-07 12:00:00+00:00,22.55
1591,2024-03-07 13:00:00+00:00,19.67
1592,2024-03-07 14:00:00+00:00,20.52
1593,2024-03-07 15:00:00+00:00,15.92
1594,2024-03-07 16:00:00+00:00,15.14
1595,2024-03-07 17:00:00+00:00,14.43
1596,2024-03-07 18:00:00+00:00,13.36
1597,2024-03-07 19:00:00+00:00,13.61
1598,2024-03-07 20:00:00+00:00,14.05
1599,2024-03-07 21:00:00+00:00,15.42
1600,2024-03-07 22:00:00+00:00,17.33
1601,2024-03-07 23:00:00+00:00,27.46
1602,2024-03-08 00:00:00+00:00,37.1
1603,2024-03-08 01:00:00+00:00,29.99
1604,2024-03-08 02:00:00+00:00,21.73
1605,2024-03-08 03:00:00+00:00,19.99
1606,2024-03-08 04:00:00+00:00,17.98
1607,2024-03-08 05:00:00+00:00,15.89
1608,2024-03-08 06:00:00+00:00,22.0
1609,2024-03-08 07:00:00+00:00,17.67
1610,2024-03-08 08:00:00+00:00,16.68
1611,2024-03-08 09:00:00+00:00,15.13
1612,2024-03-08 10:00:00+00:00,15.43
1613,2024-03-08 11:00:00+00:00,18.71
1614,2024-03-08 12:00:00+00:00,27.52
1615,2024-03-08 13:00:00+00:00,21.44
1616,2024-03-08 14:00:00+00:00,14.4
1617,2024-03-08 15:00:00+00:00,12.04
1618,2024-03-08 16:00:00+00:00,10.77
1619,2024-03-08 17:00:00+00:00,11.17
1620,2024-03-08 18:00:00+00:00,10.73
1621,2024-03-08 19:00:00+00:00,11.17
1622,2024-03-08 20:00:00+00:00,12.93
1623,2024-03-08 21:00:00+00:00,15.07
1624,2024-03-08 22:00:00+00:00,19.56
1625,2024-03-08 23:00:00+00:00,26.44
1626,2024-03-09 00:00:00+00:00,30.6
1627,2024-03-09 01:00:00+00:00,24.5
1628,2024-03-09 02:00:00+00:00,16.49
1629,2024-03-09 03:00:00+00:00,13.88
1630,2024-03-09 04:00:00+00:00,11.77
1631,2024-03-09 05:00:00+00:00,12.29
1632,2024-03-09 06:00:00+00:00,6.21
1633,2024-03-09 07:00:00+00:00,4.91
1634,2024-03-09 08:00:00+00:00,3.6
1635,2024-03-09 09:00:00+00:00,4.91
1636,2024-03-09 10:00:00+00:00,7.62
1637,2024-03-09 11:00:00+00:00,11.16
1638,2024-03-09 12:00:00+00:00,15.7
1639,2024-03-09 13:00:00+00:00,16.09
1640,2024-03-09 14:00:00+00:00,10.22
1641,2024-03-09 15:00:00+00:00,8.39
1642,2024-03-09 16:00:00+00:00,9.15
1643,2024-03-09 17:00:00+00:00,9.54
1644,2024-03-09 18:00:00+00:00,9.17
1645,2024-03-09 19:00:00+00:00,7.81
1646,2024-03-09 20:00:00+00:00,8.51
1647,2024-03-09 21:00:00+00:00,9.8
1648,2024-03-09 22:00:00+00:00,12.21
1649,2024-03-09 23:00:00+00:00,28.65
1650,2024-03-10 00:00:00+00:00,92.55
1651,2024-03-10 01:00:00+00:00,73.89
1652,2024-03-10 02:00:00+00:00,64.69
1653,2024-03-10 03:00:00+00:00,48.72
1654,2024-03-10 04:00:00+00:00,28.23
1655,2024-03-10 05:00:00+00:00,21.76
1656,2024-03-10 06:00:00+00:00,25.48
1657,2024-03-10 07:00:00+00:00,22.79
1658,2024-03-10 08:00:00+00:00,22.53
1659,2024-03-10 09:00:00+00:00,21.77
1660,2024-03-10 10:00:00+00:00,25.77
1661,2024-03-10 11:00:00+00:00,42.21
1662,2024-03-10 12:00:00+00:00,45.95
1663,2024-03-10 13:00:00+00:00,47.9
1664,2024-03-10 14:00:00+00:00,22.13
1665,2024-03-10 15:00:00+00:00,14.64
1666,2024-03-10 16:00:00+00:00,13.47
1667,2024-03-10 17:00:00+00:00,12.44
1668,2024-03-10 18:00:00+00:00,11.66
1669,2024-03-10 19:00:00+00:00,11.22
1670,2024-03-10 20:00:00+00:00,11.89
1671,2024-03-10 21:00:00+00:00,13.71
1672,2024-03-10 22:00:00+00:00,17.61
1673,2024-03-10 23:00:00+00:00,32.79
1674,2024-03-11 00:00:00+00:00,65.47
1675,2024-03-11 01:00:00+00:00,43.24
1676,2024-03-11 02:00:00+00:00,23.48
1677,2024-03-11 03:00:00+00:00,16.71
1678,2024-03-11 04:00:00+00:00,13.17
1679,2024-03-11 05:00:00+00:00,10.95
1680,2024-03-11 06:00:00+00:00,10.11
1681,2024-03-11 07:00:00+00:00,9.17
1682,2024-03-11 08:00:00+00:00,11.44
1683,2024-03-11 09:00:00+00:00,12.4
1684,2024-03-11 10:00:00+00:00,14.71
1685,2024-03-11 11:00:00+00:00,27.19
1686,2024-03-11 12:00:00+00:00,34.92
1687,2024-03-11 13:00:00+00:00,26.25
1688,2024-03-11 14:00:00+00:00,17.35
1689,2024-03-11 15:00:00+00:00,11.62
1690,2024-03-11 16:00:00+00:00,10.75
1691,2024-03-11 17:00:00+00:00,9.95
1692,2024-03-11 18:00:00+00:00,9.66
1693,2024-03-11 19:00:00+00:00,9.15
1694,2024-03-11 20:00:00+00:00,8.87
1695,2024-03-11 21:00:00+00:00,10.19
1696,2024-03-11 22:00:00+00:00,13.63
1697,2024-03-11 23:00:00+00:00,21.94
1698,2024-03-12 00:00:00+00:00,36.37
1699,2024-03-12 01:00:00+00:00,20.0
1700,2024-03-12 02:00:00+00:00,15.23
1701,2024-03-12 03:00:00+00:00,10.53
1702,2024-03-12 04:00:00+00:00,8.15
1703,2024-03-12 05:00:00+00:00,7.51
1704,2024-03-12 06:00:00+00:00,5.12
1705,2024-03-12 07:00:00+00:00,3.3
1706,2024-03-12 08:00:00+00:00,4.1
1707,2024-03-12 09:00:00+00:00,6.11
1708,2024-03-12 10:00:00+00:00,9.63
1709,2024-03-12 11:00:00+00:00,16.17
1710,2024-03-12 12:00:00+00:00,16.93
1711,2024-03-12 13:00:00+00:00,14.28
1712,2024-03-12 14:00:00+00:00,12.67
1713,2024-03-12 15:00:00+00:00,8.18
1714,2024-03-12 16:00:00+00:00,7.1
1715,2024-03-12 17:00:00+00:00,7.23
1716,2024-03-12 18:00:00+00:00,9.31
1717,2024-03-12 19:00:00+00:00,11.5
1718,2024-03-12 20:00:00+00:00,13.68
1719,2024-03-12 21:00:00+00:00,14.4
1720,2024-03-12 22:00:00+00:00,14.52
1721,2024-03-12 23:00:00+00:00,27.36
1722,2024-03-13 00:00:00+00:00,51.63
1723,2024-03-13 01:00:00+00:00,27.69
1724,2024-03-13 02:00:00+00:00,15.96
1725,2024-03-13 03:00:00+00:00,11.33
1726,2024-03-13 04:00:00+00:00,10.02
1727,2024-03-13 05:00:00+00:00,6.12
1728,2024-03-13 06:00:00+00:00,4.94
1729,2024-03-13 07:00:00+00:00,3.25
1730,2024-03-13 08:00:00+00:00,2.66
1731,2024-03-13 09:00:00+00:00,4.54
1732,2024-03-13 10:00:00+00:00,9.02
1733,2024-03-13 11:00:00+00:00,14.66
1734,2024-03-13 12:00:00+00:00,15.6
1735,2024-03-13 13:00:00+00:00,16.79
1736,2024-03-13 14:00:00+00:00,14.4
1737,2024-03-13 15:00:00+00:00,12.18
1738,2024-03-13 16:00:00+00:00,13.23
1739,2024-03-13 17:00:00+00:00,13.36
1740,2024-03-13 18:00:00+00:00,14.15
1741,2024-03-13 19:00:00+00:00,20.83
1742,2024-03-13 20:00:00+00:00,25.63
1743,2024-03-13 21:00:00+00:00,26.0
1744,2024-03-13 22:00:00+00:00,27.64
1745,2024-03-13 23:00:00+00:00,28.35
1746,2024-03-14 00:00:00+00:00,54.98
1747,2024-03-14 01:00:00+00:00,41.76
1748,2024-03-14 02:00:00+00:00,25.21
1749,2024-03-14 03:00:00+00:00,18.85
1750,2024-03-14 04:00:00+00:00,17.98
1751,2024-03-14 05:00:00+00:00,14.32
1752,2024-03-14 06:00:00+00:00,14.06
1753,2024-03-14 07:00:00+00:00,13.66
1754,2024-03-14 08:00:00+00:00,14.44
1755,2024-03-14 09:00:00+00:00,14.6
1756,2024-03-14 10:00:00+00:00,16.74
1757,2024-03-14 11:00:00+00:00,28.04
1758,2024-03-14 12:00:00+00:00,31.12
1759,2024-03-14 13:00:00+00:00,27.81
1760,2024-03-14 14:00:00+00:00,20.01
1761,2024-03-14 15:00:00+00:00,18.43
1762,2024-03-14 16:00:00+00:00,21.54
1763,2024-03-14 17:00:00+00:00,27.62
1764,2024-03-14 18:00:00+00:00,30.97
1765,2024-03-14 19:00:00+00:00,31.56
1766,2024-03-14 20:00:00+00:00,36.64
1767,2024-03-14 21:00:00+00:00,45.83
1768,2024-03-14 22:00:00+00:00,47.25
1769,2024-03-14 23:00:00+00:00,78.47
1770,2024-03-15 00:00:00+00:00,102.95
1771,2024-03-15 01:00:00+00:00,52.44
1772,2024-03-15 02:00:00+00:00,23.42
1773,2024-03-15 03:00:00+00:00,18.29
1774,2024-03-15 04:00:00+00:00,13.58
1775,2024-03-15 05:00:00+00:00,11.83
1776,2024-03-15 06:00:00+00:00,9.18
1777,2024-03-15 07:00:00+00:00,7.04
1778,2024-03-15 08:00:00+00:00,5.85
1779,2024-03-15 09:00:00+00:00,8.11
1780,2024-03-15 10:00:00+00:00,9.04
1781,2024-03-15 11:00:00+00:00,16.79
1782,2024-03-15 12:00:00+00:00,16.16
1783,2024-03-15 13:00:00+00:00,13.88
1784,2024-03-15 14:00:00+00:00,14.11
1785,2024-03-15 15:00:00+00:00,14.6
1786,2024-03-15 16:00:00+00:00,14.49
1787,2024-03-15 17:00:00+00:00,16.63
1788,2024-03-15 18:00:00+00:00,16.7
1789,2024-03-15 19:00:00+00:00,18.03
1790,2024-03-15 20:00:00+00:00,19.84
1791,2024-03-15 21:00:00+00:00,19.77
1792,2024-03-15 22:00:00+00:00,21.56
1793,2024-03-15 23:00:00+00:00,23.37
1794,2024-03-16 00:00:00+00:00,34.88
1795,2024-03-16 01:00:00+00:00,39.88
1796,2024-03-16 02:00:00+00:00,32.97
1797,2024-03-16 03:00:00+00:00,22.06
1798,2024-03-16 04:00:00+00:00,18.94
1799,2024-03-16 05:00:00+00:00,21.73
1800,2024-03-16 06:00:00+00:00,19.52
1801,2024-03-16 07:00:00+00:00,17.81
1802,2024-03-16 08:00:00+00:00,19.42
1803,2024-03-16 09:00:00+00:00,20.27
1804,2024-03-16 10:00:00+00:00,19.89
1805,2024-03-16 11:00:00+00:00,21.46
1806,2024-03-16 12:00:00+00:00,23.52
1807,2024-03-16 13:00:00+00:00,29.02
1808,2024-03-16 14:00:00+00:00,33.02
1809,2024-03-16 15:00:00+00:00,33.31
1810,2024-03-16 16:00:00+00:00,27.66
1811,2024-03-16 17:00:00+00:00,24.04
1812,2024-03-16 18:00:00+00:00,20.51
1813,2024-03-16 19:00:00+00:00,19.93
1814,2024-03-16 20:00:00+00:00,22.55
1815,2024-03-16 21:00:00+00:00,25.55
1816,2024-03-16 22:00:00+00:00,39.81
1817,2024-03-16 23:00:00+00:00,48.76
1818,2024-03-17 00:00:00+00:00,58.95
1819,2024-03-17 01:00:00+00:00,52.93
1820,2024-03-17 02:00:00+00:00,41.8
1821,2024-03-17 03:00:00+00:00,31.12
1822,2024-03-17 04:00:00+00:00,23.26
1823,2024-03-17 05:00:00+00:00,27.19
1824,2024-03-17 06:00:00+00:00,20.33
1825,2024-03-17 07:00:00+00:00,19.53
1826,2024-03-17 08:00:00+00:00,18.98
1827,2024-03-17 09:00:00+00:00,18.51
1828,2024-03-17 10:00:00+00:00,18.88
1829,2024-03-17 11:00:00+00:00,20.96
1830,2024-03-17 12:00:00+00:00,21.2
1831,2024-03-17 13:00:00+00:00,19.03
1832,2024-03-17 14:00:00+00:00,16.61
1833,2024-03-17 15:00:00+00:00,15.23
1834,2024-03-17 16:00:00+00:00,13.42
1835,2024-03-17 17:00:00+00:00,12.62
1836,2024-03-17 18:00:00+00:00,12.66
1837,2024-03-17 19:00:00+00:00,12.68
1838,2024-03-17 20:00:00+00:00,13.85
1839,2024-03-17 21:00:00+00:00,15.08
1840,2024-03-17 22:00:00+00:00,20.44
1841,2024-03-17 23:00:00+00:00,25.38
1842,2024-03-18 00:00:00+00:00,51.58
1843,2024-03-18 01:00:00+00:00,41.58
1844,2024-03-18 02:00:00+00:00,26.49
1845,2024-03-18 03:00:00+00:00,18.3
1846,2024-03-18 04:00:00+00:00,15.53
1847,2024-03-18 05:00:00+00:00,15.94
1848,2024-03-18 06:00:00+00:00,14.52
1849,2024-03-18 07:00:00+00:00,14.36
1850,2024-03-18 08:00:00+00:00,13.84
1851,2024-03-18 09:00:00+00:00,15.05
1852,2024-03-18 10:00:00+00:00,21.32
1853,2024-03-18 11:00:00+00:00,39.64
1854,2024-03-18 12:00:00+00:00,46.82
1855,2024-03-18 13:00:00+00:00,33.98
1856,2024-03-18 14:00:00+00:00,19.77
1857,2024-03-18 15:00:00+00:00,12.49
1858,2024-03-18 16:00:00+00:00,11.72
1859,2024-03-18 17:00:00+00:00,9.02
1860,2024-03-18 18:00:00+00:00,8.54
1861,2024-03-18 19:00:00+00:00,8.69
1862,2024-03-18 20:00:00+00:00,8.73
1863,2024-03-18 21:00:00+00:00,9.52
1864,2024-03-18 22:00:00+00:00,14.17
1865,2024-03-18 23:00:00+00:00,33.53
1866,2024-03-19 00:00:00+00:00,95.34
1867,2024-03-19 01:00:00+00:00,66.25
1868,2024-03-19 02:00:00+00:00,45.08
1869,2024-03-19 03:00:00+00:00,25.48
1870,2024-03-19 04:00:00+00:00,17.84
1871,2024-03-19 05:00:00+00:00,19.88
1872,2024-03-19 06:00:00+00:00,18.09
1873,2024-03-19 07:00:00+00:00,17.48
1874,2024-03-19 08:00:00+00:00,16.47
1875,2024-03-19 09:00:00+00:00,16.36
1876,2024-03-19 10:00:00+00:00,20.2
1877,2024-03-19 11:00:00+00:00,49.21
1878,2024-03-19 12:00:00+00:00,49.77
1879,2024-03-19 13:00:00+00:00,28.62
1880,2024-03-19 14:00:00+00:00,18.14
1881,2024-03-19 15:00:00+00:00,11.98
1882,2024-03-19 16:00:00+00:00,10.68
1883,2024-03-19 17:00:00+00:00,8.84
1884,2024-03-19 18:00:00+00:00,7.33
1885,2024-03-19 19:00:00+00:00,6.59
1886,2024-03-19 20:00:00+00:00,7.99
1887,2024-03-19 21:00:00+00:00,8.92
1888,2024-03-19 22:00:00+00:00,11.78
1889,2024-03-19 23:00:00+00:00,20.08
1890,2024-03-20 00:00:00+00:00,45.24
1891,2024-03-20 01:00:00+00:00,22.64
1892,2024-03-20 02:00:00+00:00,16.61
1893,2024-03-20 03:00:00+00:00,12.33
1894,2024-03-20 04:00:00+00:00,10.77
1895,2024-03-20 05:00:00+00:00,9.73
1896,2024-03-20 06:00:00+00:00,7.99
1897,2024-03-20 07:00:00+00:00,8.42
1898,2024-03-20 08:00:00+00:00,10.25
1899,2024-03-20 09:00:00+00:00,12.61
1900,2024-03-20 10:00:00+00:00,16.45
1901,2024-03-20 11:00:00+00:00,32.17
1902,2024-03-20 12:00:00+00:00,35.59
1903,2024-03-20 13:00:00+00:00,30.84
1904,2024-03-20 14:00:00+00:00,23.25
1905,2024-03-20 15:00:00+00:00,17.88
1906,2024-03-20 16:00:00+00:00,18.18
1907,2024-03-20 17:00:00+00:00,17.04
1908,2024-03-20 18:00:00+00:00,17.39
1909,2024-03-20 19:00:00+00:00,16.94
1910,2024-03-20 20:00:00+00:00,18.52
1911,2024-03-20 21:00:00+00:00,22.41
1912,2024-03-20 22:00:00+00:00,30.94
1913,2024-03-20 23:00:00+00:00,33.88
1914,2024-03-21 00:00:00+00:00,76.11
1915,2024-03-21 01:00:00+00:00,40.54
1916,2024-03-21 02:00:00+00:00,20.67
1917,2024-03-21 03:00:00+00:00,17.0
1918,2024-03-21 04:00:00+00:00,14.62
1919,2024-03-21 05:00:00+00:00,12.69
1920,2024-03-21 06:00:00+00:00,12.31
1921,2024-03-21 07:00:00+00:00,12.56
1922,2024-03-21 08:00:00+00:00,15.19
1923,2024-03-21 09:00:00+00:00,16.47
1924,2024-03-21 10:00:00+00:00,23.08
1925,2024-03-21 11:00:00+00:00,43.77
1926,2024-03-21 12:00:00+00:00,52.87
1927,2024-03-21 13:00:00+00:00,51.59
1928,2024-03-21 14:00:00+00:00,32.93
1929,2024-03-21 15:00:00+00:00,28.14
1930,2024-03-21 16:00:00+00:00,25.42
1931,2024-03-21 17:00:00+00:00,21.6
1932,2024-03-21 18:00:00+00:00,19.52
1933,2024-03-21 19:00:00+00:00,17.75
1934,2024-03-21 20:00:00+00:00,17.69
1935,2024-03-21 21:00:00+00:00,17.1
1936,2024-03-21 22:00:00+00:00,20.89
1937,2024-03-21 23:00:00+00:00,40.8
1938,2024-03-22 00:00:00+00:00,119.07
1939,2024-03-22 01:00:00+00:00,113.72
1940,2024-03-22 02:00:00+00:00,69.13
1941,2024-03-22 03:00:00+00:00,35.24
1942,2024-03-22 04:00:00+00:00,27.91
1943,2024-03-22 05:00:00+00:00,28.44
1944,2024-03-22 06:00:00+00:00,24.35
1945,2024-03-22 07:00:00+00:00,21.35
1946,2024-03-22 08:00:00+00:00,19.32
1947,2024-03-22 09:00:00+00:00,21.16
1948,2024-03-22 10:00:00+00:00,23.38
1949,2024-03-22 11:00:00+00:00,55.46
1950,2024-03-22 12:00:00+00:00,45.49
1951,2024-03-22 13:00:00+00:00,29.3
1952,2024-03-22 14:00:00+00:00,17.55
1953,2024-03-22 15:00:00+00:00,14.12
1954,2024-03-22 16:00:00+00:00,12.46
1955,2024-03-22 17:00:00+00:00,10.44
1956,2024-03-22 18:00:00+00:00,9.24
1957,2024-03-22 19:00:00+00:00,8.22
1958,2024-03-22 20:00:00+00:00,8.74
1959,2024-03-22 21:00:00+00:00,10.58
1960,2024-03-22 22:00:00+00:00,13.08
1961,2024-03-22 23:00:00+00:00,24.73
1962,2024-03-23 00:00:00+00:00,70.42
1963,2024-03-23 01:00:00+00:00,36.73
1964,2024-03-23 02:00:00+00:00,22.38
1965,2024-03-23 03:00:00+00:00,16.46
1966,2024-03-23 04:00:00+00:00,15.18
1967,2024-03-23 05:00:00+00:00,11.68
1968,2024-03-23 06:00:00+00:00,10.35
1969,2024-03-23 07:00:00+00:00,9.22
1970,2024-03-23 08:00:00+00:00,12.87
1971,2024-03-23 09:00:00+00:00,14.78
1972,2024-03-23 10:00:00+00:00,17.47
1973,2024-03-23 11:00:00+00:00,32.59
1974,2024-03-23 12:00:00+00:00,39.73
1975,2024-03-23 13:00:00+00:00,31.02
1976,2024-03-23 14:00:00+00:00,17.25
1977,2024-03-23 15:00:00+00:00,14.57
1978,2024-03-23 16:00:00+00:00,14.57
1979,2024-03-23 17:00:00+00:00,13.05
1980,2024-03-23 18:00:00+00:00,9.28
1981,2024-03-23 19:00:00+00:00,8.42
1982,2024-03-23 20:00:00+00:00,9.13
1983,2024-03-23 21:00:00+00:00,9.9
1984,2024-03-23 22:00:00+00:00,11.24
1985,2024-03-23 23:00:00+00:00,14.13
1986,2024-03-24 00:00:00+00:00,25.02
1987,2024-03-24 01:00:00+00:00,17.22
1988,2024-03-24 02:00:00+00:00,13.08
1989,2024-03-24 03:00:00+00:00,10.36
1990,2024-03-24 04:00:00+00:00,7.27
1991,2024-03-24 05:00:00+00:00,3.35
1992,2024-03-24 06:00:00+00:00,2.71
1993,2024-03-24 07:00:00+00:00,2.17
1994,2024-03-24 08:00:00+00:00,1.64
1995,2024-03-24 09:00:00+00:00,1.31
1996,2024-03-24 10:00:00+00:00,1.19
1997,2024-03-24 11:00:00+00:00,5.61
1998,2024-03-24 12:00:00+00:00,8.05
1999,2024-03-24 13:00:00+00:00,6.01
2000,2024-03-24 14:00:00+00:00,5.74
2001,2024-03-24 15:00:00+00:00,4.32
2002,2024-03-24 16:00:00+00:00,4.6
2003,2024-03-24 17:00:00+00:00,4.07
2004,2024-03-24 18:00:00+00:00,3.55
2005,2024-03-24 19:00:00+00:00,4.6
2006,2024-03-24 20:00:00+00:00,5.47
2007,2024-03-24 21:00:00+00:00,4.6
2008,2024-03-24 22:00:00+00:00,7.94
2009,2024-03-24 23:00:00+00:00,11.93
2010,2024-03-25 00:00:00+00:00,21.93
2011,2024-03-25 01:00:00+00:00,27.26
2012,2024-03-25 02:00:00+00:00,21.6
2013,2024-03-25 03:00:00+00:00,15.34
2014,2024-03-25 04:00:00+00:00,12.85
2015,2024-03-25 05:00:00+00:00,9.83
2016,2024-03-25 06:00:00+00:00,8.5
2017,2024-03-25 07:00:00+00:00,7.44
2018,2024-03-25 08:00:00+00:00,6.8
2019,2024-03-25 09:00:00+00:00,8.69
2020,2024-03-25 10:00:00+00:00,10.3
2021,2024-03-25 11:00:00+00:00,19.2
2022,2024-03-25 12:00:00+00:00,24.4
2023,2024-03-25 13:00:00+00:00,17.26
2024,2024-03-25 14:00:00+00:00,11.44
2025,2024-03-25 15:00:00+00:00,10.85
2026,2024-03-25 16:00:00+00:00,10.18
2027,2024-03-25 17:00:00+00:00,9.43
2028,2024-03-25 18:00:00+00:00,9.11
2029,2024-03-25 19:00:00+00:00,9.24
2030,2024-03-25 20:00:00+00:00,10.17
2031,2024-03-25 21:00:00+00:00,12.22
2032,2024-03-25 22:00:00+00:00,13.22
2033,2024-03-25 23:00:00+00:00,16.67
2034,2024-03-26 00:00:00+00:00,35.86
2035,2024-03-26 01:00:00+00:00,45.69
2036,2024-03-26 02:00:00+00:00,37.63
2037,2024-03-26 03:00:00+00:00,23.7
2038,2024-03-26 04:00:00+00:00,18.43
2039,2024-03-26 05:00:00+00:00,17.11
2040,2024-03-26 06:00:00+00:00,16.68
2041,2024-03-26 07:00:00+00:00,16.62
2042,2024-03-26 08:00:00+00:00,18.85
2043,2024-03-26 09:00:00+00:00,19.4
2044,2024-03-26 10:00:00+00:00,31.29
2045,2024-03-26 11:00:00+00:00,74.38
2046,2024-03-26 12:00:00+00:00,81.53
2047,2024-03-26 13:00:00+00:00,25.2
2048,2024-03-26 14:00:00+00:00,11.68
2049,2024-03-26 15:00:00+00:00,9.96
2050,2024-03-26 16:00:00+00:00,9.59
2051,2024-03-26 17:00:00+00:00,10.5
2052,2024-03-26 18:00:00+00:00,10.7
2053,2024-03-26 19:00:00+00:00,11.1
2054,2024-03-26 20:00:00+00:00,11.37
2055,2024-03-26 21:00:00+00:00,13.18
2056,2024-03-26 22:00:00+00:00,14.86
2057,2024-03-26 23:00:00+00:00,28.55
2058,2024-03-27 00:00:00+00:00,85.62
2059,2024-03-27 01:00:00+00:00,46.12
2060,2024-03-27 02:00:00+00:00,25.85
2061,2024-03-27 03:00:00+00:00,18.51
2062,2024-03-27 04:00:00+00:00,16.01
2063,2024-03-27 05:00:00+00:00,14.33
2064,2024-03-27 06:00:00+00:00,12.96
2065,2024-03-27 07:00:00+00:00,13.5
2066,2024-03-27 08:00:00+00:00,13.12
2067,2024-03-27 09:00:00+00:00,15.74
2068,2024-03-27 10:00:00+00:00,19.23
2069,2024-03-27 11:00:00+00:00,36.82
2070,2024-03-27 12:00:00+00:00,42.97
2071,2024-03-27 13:00:00+00:00,24.26
2072,2024-03-27 14:00:00+00:00,13.48
2073,2024-03-27 15:00:00+00:00,11.79
2074,2024-03-27 16:00:00+00:00,10.52
2075,2024-03-27 17:00:00+00:00,10.03
2076,2024-03-27 18:00:00+00:00,8.79
2077,2024-03-27 19:00:00+00:00,8.65
2078,2024-03-27 20:00:00+00:00,8.64
2079,2024-03-27 21:00:00+00:00,10.2
2080,2024-03-27 22:00:00+00:00,12.7
2081,2024-03-27 23:00:00+00:00,19.07
2082,2024-03-28 00:00:00+00:00,47.38
2083,2024-03-28 01:00:00+00:00,40.71
2084,2024-03-28 02:00:00+00:00,21.68
2085,2024-03-28 03:00:00+00:00,20.58
2086,2024-03-28 04:00:00+00:00,18.32
2087,2024-03-28 05:00:00+00:00,19.72
2088,2024-03-28 06:00:00+00:00,20.29
2089,2024-03-28 07:00:00+00:00,21.12
2090,2024-03-28 08:00:00+00:00,21.58
2091,2024-03-28 09:00:00+00:00,26.16
2092,2024-03-28 10:00:00+00:00,32.4
2093,2024-03-28 11:00:00+00:00,86.24
2094,2024-03-28 12:00:00+00:00,77.04
2095,2024-03-28 13:00:00+00:00,23.7
2096,2024-03-28 14:00:00+00:00,15.88
2097,2024-03-28 15:00:00+00:00,13.52
2098,2024-03-28 16:00:00+00:00,12.25
2099,2024-03-28 17:00:00+00:00,9.1
2100,2024-03-28 18:00:00+00:00,7.63
2101,2024-03-28 19:00:00+00:00,7.78
2102,2024-03-28 20:00:00+00:00,7.4
2103,2024-03-28 21:00:00+00:00,7.22
2104,2024-03-28 22:00:00+00:00,8.11
2105,2024-03-28 23:00:00+00:00,12.75
2106,2024-03-29 00:00:00+00:00,30.6
2107,2024-03-29 01:00:00+00:00,16.91
2108,2024-03-29 02:00:00+00:00,11.9
2109,2024-03-29 03:00:00+00:00,10.33
2110,2024-03-29 04:00:00+00:00,8.04
2111,2024-03-29 05:00:00+00:00,4.08
2112,2024-03-29 06:00:00+00:00,0.83
2113,2024-03-29 07:00:00+00:00,0.0
2114,2024-03-29 08:00:00+00:00,-0.02
2115,2024-03-29 09:00:00+00:00,0.09
2116,2024-03-29 10:00:00+00:00,3.05
2117,2024-03-29 11:00:00+00:00,9.89
2118,2024-03-29 12:00:00+00:00,11.15
2119,2024-03-29 13:00:00+00:00,11.77
2120,2024-03-29 14:00:00+00:00,7.02
2121,2024-03-29 15:00:00+00:00,5.79
2122,2024-03-29 16:00:00+00:00,5.92
2123,2024-03-29 17:00:00+00:00,5.21
2124,2024-03-29 18:00:00+00:00,7.39
2125,2024-03-29 19:00:00+00:00,8.56
2126,2024-03-29 20:00:00+00:00,8.39
2127,2024-03-29 21:00:00+00:00,9.74
2128,2024-03-29 22:00:00+00:00,14.2
2129,2024-03-29 23:00:00+00:00,16.79
2130,2024-03-30 00:00:00+00:00,25.79
2131,2024-03-30 01:00:00+00:00,17.3
2132,2024-03-30 02:00:00+00:00,14.13
2133,2024-03-30 03:00:00+00:00,10.94
2134,2024-03-30 04:00:00+00:00,9.86
2135,2024-03-30 05:00:00+00:00,8.67
2136,2024-03-30 06:00:00+00:00,5.7
2137,2024-03-30 07:00:00+00:00,3.84
2138,2024-03-30 08:00:00+00:00,2.09
2139,2024-03-30 09:00:00+00:00,3.26
2140,2024-03-30 10:00:00+00:00,6.11
2141,2024-03-30 11:00:00+00:00,10.25
2142,2024-03-30 12:00:00+00:00,12.13
2143,2024-03-30 13:00:00+00:00,11.01
2144,2024-03-30 14:00:00+00:00,10.18
2145,2024-03-30 15:00:00+00:00,11.3
2146,2024-03-30 16:00:00+00:00,12.88
2147,2024-03-30 17:00:00+00:00,14.18
2148,2024-03-30 18:00:00+00:00,16.01
2149,2024-03-30 19:00:00+00:00,16.32
2150,2024-03-30 20:00:00+00:00,20.28
2151,2024-03-30 21:00:00+00:00,26.36
2152,2024-03-30 22:00:00+00:00,33.26
2153,2024-03-30 23:00:00+00:00,29.76
2154,2024-03-31 00:00:00+00:00,31.15
2155,2024-03-31 01:00:00+00:00,18.45
2156,2024-03-31 02:00:00+00:00,16.02
2157,2024-03-31 03:00:00+00:00,13.4
2158,2024-03-31 04:00:00+00:00,10.78
2159,2024-03-31 05:00:00+00:00,9.73
2160,2024-03-31 06:00:00+00:00,7.2
2161,2024-03-31 07:00:00+00:00,3.43
2162,2024-03-31 08:00:00+00:00,2.12
2163,2024-03-31 09:00:00+00:00,2.63
2164,2024-03-31 10:00:00+00:00,4.96
2165,2024-03-31 11:00:00+00:00,8.36
2166,2024-03-31 12:00:00+00:00,10.02
2167,2024-03-31 13:00:00+00:00,10.33
2168,2024-03-31 14:00:00+00:00,10.33
2169,2024-03-31 15:00:00+00:00,9.52
2170,2024-03-31 16:00:00+00:00,10.12
2171,2024-03-31 17:00:00+00:00,9.91
2172,2024-03-31 18:00:00+00:00,10.03
2173,2024-03-31 19:00:00+00:00,10.63
2174,2024-03-31 20:00:00+00:00,12.38
2175,2024-03-31 21:00:00+00:00,15.42
2176,2024-03-31 22:00:00+00:00,20.41
2177,2024-03-31 23:00:00+00:00,29.71
2178,2024-04-01 00:00:00+00:00,39.93
2179,2024-04-01 01:00:00+00:00,29.93
2180,2024-04-01 02:00:00+00:00,19.05
2181,2024-04-01 03:00:00+00:00,14.75
2182,2024-04-01 04:00:00+00:00,12.86
2183,2024-04-01 05:00:00+00:00,14.5
2184,2024-04-01 06:00:00+00:00,11.56
2185,2024-04-01 07:00:00+00:00,10.93
2186,2024-04-01 08:00:00+00:00,8.99
2187,2024-04-01 09:00:00+00:00,11.96
2188,2024-04-01 10:00:00+00:00,15.72
2189,2024-04-01 11:00:00+00:00,24.41
2190,2024-04-01 12:00:00+00:00,33.02
2191,2024-04-01 13:00:00+00:00,32.68
2192,2024-04-01 14:00:00+00:00,34.24
2193,2024-04-01 15:00:00+00:00,33.83
2194,2024-04-01 16:00:00+00:00,37.81
2195,2024-04-01 17:00:00+00:00,33.26
2196,2024-04-01 18:00:00+00:00,31.33
2197,2024-04-01 19:00:00+00:00,33.12
2198,2024-04-01 20:00:00+00:00,33.58
2199,2024-04-01 21:00:00+00:00,35.42
2200,2024-04-01 22:00:00+00:00,39.98
2201,2024-04-01 23:00:00+00:00,35.58
2202,2024-04-02 00:00:00+00:00,48.89
2203,2024-04-02 01:00:00+00:00,42.11
2204,2024-04-02 02:00:00+00:00,27.44
2205,2024-04-02 03:00:00+00:00,21.51
2206,2024-04-02 04:00:00+00:00,17.47
2207,2024-04-02 05:00:00+00:00,15.88
2208,2024-04-02 06:00:00+00:00,14.45
2209,2024-04-02 07:00:00+00:00,13.61
2210,2024-04-02 08:00:00+00:00,13.48
2211,2024-04-02 09:00:00+00:00,12.64
2212,2024-04-02 10:00:00+00:00,12.78
2213,2024-04-02 11:00:00+00:00,18.27
2214,2024-04-02 12:00:00+00:00,16.37
2215,2024-04-02 13:00:00+00:00,11.41
2216,2024-04-02 14:00:00+00:00,9.3
2217,2024-04-02 15:00:00+00:00,10.0
2218,2024-04-02 16:00:00+00:00,11.35
2219,2024-04-02 17:00:00+00:00,11.92
2220,2024-04-02 18:00:00+00:00,13.21
2221,2024-04-02 19:00:00+00:00,13.48
2222,2024-04-02 20:00:00+00:00,14.07
2223,2024-04-02 21:00:00+00:00,16.01
2224,2024-04-02 22:00:00+00:00,15.08
2225,2024-04-02 23:00:00+00:00,16.19
2226,2024-04-03 00:00:00+00:00,29.59
2227,2024-04-03 01:00:00+00:00,52.53
2228,2024-04-03 02:00:00+00:00,47.47
2229,2024-04-03 03:00:00+00:00,29.05
2230,2024-04-03 04:00:00+00:00,22.35
2231,2024-04-03 05:00:00+00:00,18.66
2232,2024-04-03 06:00:00+00:00,15.64
2233,2024-04-03 07:00:00+00:00,13.94
2234,2024-04-03 08:00:00+00:00,13.12
2235,2024-04-03 09:00:00+00:00,12.2
2236,2024-04-03 10:00:00+00:00,14.75
2237,2024-04-03 11:00:00+00:00,28.71
2238,2024-04-03 12:00:00+00:00,21.47
2239,2024-04-03 13:00:00+00:00,10.85
2240,2024-04-03 14:00:00+00:00,8.24
2241,2024-04-03 15:00:00+00:00,8.46
2242,2024-04-03 16:00:00+00:00,6.98
2243,2024-04-03 17:00:00+00:00,7.16
2244,2024-04-03 18:00:00+00:00,7.94
2245,2024-04-03 19:00:00+00:00,8.59
2246,2024-04-03 20:00:00+00:00,10.31
2247,2024-04-03 21:00:00+00:00,12.08
2248,2024-04-03 22:00:00+00:00,14.07
2249,2024-04-03 23:00:00+00:00,27.93
2250,2024-04-04 00:00:00+00:00,158.09
2251,2024-04-04 01:00:00+00:00,147.13
2252,2024-04-04 02:00:00+00:00,81.44
2253,2024-04-04 03:00:00+00:00,33.61
2254,2024-04-04 04:00:00+00:00,19.82
2255,2024-04-04 05:00:00+00:00,22.52
2256,2024-04-04 06:00:00+00:00,17.18
2257,2024-04-04 07:00:00+00:00,13.33
2258,2024-04-04 08:00:00+00:00,11.55
2259,2024-04-04 09:00:00+00:00,12.26
2260,2024-04-04 10:00:00+00:00,14.47
2261,2024-04-04 11:00:00+00:00,20.9
2262,2024-04-04 12:00:00+00:00,18.99
2263,2024-04-04 13:00:00+00:00,12.04
2264,2024-04-04 14:00:00+00:00,9.29
2265,2024-04-04 15:00:00+00:00,10.14
2266,2024-04-04 16:00:00+00:00,10.51
2267,2024-04-04 17:00:00+00:00,11.0
2268,2024-04-04 18:00:00+00:00,12.17
2269,2024-04-04 19:00:00+00:00,12.7
2270,2024-04-04 20:00:00+00:00,15.04
2271,2024-04-04 21:00:00+00:00,17.42
2272,2024-04-04 22:00:00+00:00,19.42
2273,2024-04-04 23:00:00+00:00,32.66
2274,2024-04-05 00:00:00+00:00,67.73
2275,2024-04-05 01:00:00+00:00,24.13
2276,2024-04-05 02:00:00+00:00,16.13
2277,2024-04-05 03:00:00+00:00,14.25
2278,2024-04-05 04:00:00+00:00,11.62
2279,2024-04-05 05:00:00+00:00,7.11
2280,2024-04-05 06:00:00+00:00,2.91
2281,2024-04-05 07:00:00+00:00,1.19
2282,2024-04-05 08:00:00+00:00,0.76
2283,2024-04-05 09:00:00+00:00,1.61
2284,2024-04-05 10:00:00+00:00,7.29
2285,2024-04-05 11:00:00+00:00,12.8
2286,2024-04-05 12:00:00+00:00,12.31
2287,2024-04-05 13:00:00+00:00,7.07
2288,2024-04-05 14:00:00+00:00,3.37
2289,2024-04-05 15:00:00+00:00,3.07
2290,2024-04-05 16:00:00+00:00,3.47
2291,2024-04-05 17:00:00+00:00,5.07
2292,2024-04-05 18:00:00+00:00,7.02
2293,2024-04-05 19:00:00+00:00,7.99
2294,2024-04-05 20:00:00+00:00,9.14
2295,2024-04-05 21:00:00+00:00,11.74
2296,2024-04-05 22:00:00+00:00,10.99
2297,2024-04-05 23:00:00+00:00,16.36
2298,2024-04-06 00:00:00+00:00,28.75
2299,2024-04-06 01:00:00+00:00,20.17
2300,2024-04-06 02:00:00+00:00,14.26
2301,2024-04-06 03:00:00+00:00,11.36
2302,2024-04-06 04:00:00+00:00,9.36
2303,2024-04-06 05:00:00+00:00,7.51
2304,2024-04-06 06:00:00+00:00,2.66
2305,2024-04-06 07:00:00+00:00,0.33
2306,2024-04-06 08:00:00+00:00,0.21
2307,2024-04-06 09:00:00+00:00,0.26
2308,2024-04-06 10:00:00+00:00,1.87
2309,2024-04-06 11:00:00+00:00,2.8
2310,2024-04-06 12:00:00+00:00,3.72
2311,2024-04-06 13:00:00+00:00,1.36
2312,2024-04-06 14:00:00+00:00,1.11
2313,2024-04-06 15:00:00+00:00,1.66
2314,2024-04-06 16:00:00+00:00,2.48
2315,2024-04-06 17:00:00+00:00,3.39
2316,2024-04-06 18:00:00+00:00,5.34
2317,2024-04-06 19:00:00+00:00,7.8
2318,2024-04-06 20:00:00+00:00,9.64
2319,2024-04-06 21:00:00+00:00,11.62
2320,2024-04-06 22:00:00+00:00,12.45
2321,2024-04-06 23:00:00+00:00,15.19
2322,2024-04-07 00:00:00+00:00,31.18
2323,2024-04-07 01:00:00+00:00,32.03
2324,2024-04-07 02:00:00+00:00,20.22
2325,2024-04-07 03:00:00+00:00,17.68
2326,2024-04-07 04:00:00+00:00,12.92
2327,2024-04-07 05:00:00+00:00,13.48
2328,2024-04-07 06:00:00+00:00,13.09
2329,2024-04-07 07:00:00+00:00,11.4
2330,2024-04-07 08:00:00+00:00,11.04
2331,2024-04-07 09:00:00+00:00,13.32
2332,2024-04-07 10:00:00+00:00,14.91
2333,2024-04-07 11:00:00+00:00,16.24
2334,2024-04-07 12:00:00+00:00,16.93
2335,2024-04-07 13:00:00+00:00,11.57
2336,2024-04-07 14:00:00+00:00,6.77
2337,2024-04-07 15:00:00+00:00,6.19
2338,2024-04-07 16:00:00+00:00,7.39
2339,2024-04-07 17:00:00+00:00,10.67
2340,2024-04-07 18:00:00+00:00,13.74
2341,2024-04-07 19:00:00+00:00,15.52
2342,2024-04-07 20:00:00+00:00,15.08
2343,2024-04-07 21:00:00+00:00,14.88
2344,2024-04-07 22:00:00+00:00,17.51
2345,2024-04-07 23:00:00+00:00,25.83
2346,2024-04-08 00:00:00+00:00,138.71
2347,2024-04-08 01:00:00+00:00,92.11
2348,2024-04-08 02:00:00+00:00,34.11
2349,2024-04-08 03:00:00+00:00,22.63
2350,2024-04-08 04:00:00+00:00,16.3
2351,2024-04-08 05:00:00+00:00,12.11
2352,2024-04-08 06:00:00+00:00,8.94
2353,2024-04-08 07:00:00+00:00,8.43
2354,2024-04-08 08:00:00+00:00,8.81
2355,2024-04-08 09:00:00+00:00,11.31
2356,2024-04-08 10:00:00+00:00,14.94
2357,2024-04-08 11:00:00+00:00,29.43
2358,2024-04-08 12:00:00+00:00,29.04
2359,2024-04-08 13:00:00+00:00,21.76
2360,2024-04-08 14:00:00+00:00,17.64
2361,2024-04-08 15:00:00+00:00,17.03
2362,2024-04-08 16:00:00+00:00,15.75
2363,2024-04-08 17:00:00+00:00,42.0
2364,2024-04-08 18:00:00+00:00,99.88
2365,2024-04-08 19:00:00+00:00,30.22
2366,2024-04-08 20:00:00+00:00,16.36
2367,2024-04-08 21:00:00+00:00,20.54
2368,2024-04-08 22:00:00+00:00,25.05
2369,2024-04-08 23:00:00+00:00,25.41
2370,2024-04-09 00:00:00+00:00,60.67
2371,2024-04-09 01:00:00+00:00,50.13
2372,2024-04-09 02:00:00+00:00,26.63
2373,2024-04-09 03:00:00+00:00,20.14
2374,2024-04-09 04:00:00+00:00,17.26
2375,2024-04-09 05:00:00+00:00,14.23
2376,2024-04-09 06:00:00+00:00,11.82
2377,2024-04-09 07:00:00+00:00,9.42
2378,2024-04-09 08:00:00+00:00,9.67
2379,2024-04-09 09:00:00+00:00,11.42
2380,2024-04-09 10:00:00+00:00,15.09
2381,2024-04-09 11:00:00+00:00,23.89
2382,2024-04-09 12:00:00+00:00,22.97
2383,2024-04-09 13:00:00+00:00,16.34
2384,2024-04-09 14:00:00+00:00,13.64
2385,2024-04-09 15:00:00+00:00,14.22
2386,2024-04-09 16:00:00+00:00,15.66
2387,2024-04-09 17:00:00+00:00,17.45
2388,2024-04-09 18:00:00+00:00,20.51
2389,2024-04-09 19:00:00+00:00,24.7
2390,2024-04-09 20:00:00+00:00,27.99
2391,2024-04-09 21:00:00+00:00,30.51
2392,2024-04-09 22:00:00+00:00,34.25
2393,2024-04-09 23:00:00+00:00,37.55
2394,2024-04-10 00:00:00+00:00,64.59
2395,2024-04-10 01:00:00+00:00,55.07
2396,2024-04-10 02:00:00+00:00,29.94
2397,2024-04-10 03:00:00+00:00,22.74
2398,2024-04-10 04:00:00+00:00,21.67
2399,2024-04-10 05:00:00+00:00,32.85
2400,2024-04-10 06:00:00+00:00,21.59
2401,2024-04-10 07:00:00+00:00,17.26
2402,2024-04-10 08:00:00+00:00,14.36
2403,2024-04-10 09:00:00+00:00,11.08
2404,2024-04-10 10:00:00+00:00,13.9
2405,2024-04-10 11:00:00+00:00,17.31
2406,2024-04-10 12:00:00+00:00,16.58
2407,2024-04-10 13:00:00+00:00,13.06
2408,2024-04-10 14:00:00+00:00,11.48
2409,2024-04-10 15:00:00+00:00,9.94
2410,2024-04-10 16:00:00+00:00,10.66
2411,2024-04-10 17:00:00+00:00,10.73
2412,2024-04-10 18:00:00+00:00,11.21
2413,2024-04-10 19:00:00+00:00,11.29
2414,2024-04-10 20:00:00+00:00,11.09
2415,2024-04-10 21:00:00+00:00,15.09
2416,2024-04-10 22:00:00+00:00,16.88
2417,2024-04-10 23:00:00+00:00,16.43
2418,2024-04-11 00:00:00+00:00,48.83
2419,2024-04-11 01:00:00+00:00,85.75
2420,2024-04-11 02:00:00+00:00,43.85
2421,2024-04-11 03:00:00+00:00,26.96
2422,2024-04-11 04:00:00+00:00,24.15
2423,2024-04-11 05:00:00+00:00,17.12
2424,2024-04-11 06:00:00+00:00,14.88
2425,2024-04-11 07:00:00+00:00,14.28
2426,2024-04-11 08:00:00+00:00,14.87
2427,2024-04-11 09:00:00+00:00,15.04
2428,2024-04-11 10:00:00+00:00,17.5
2429,2024-04-11 11:00:00+00:00,27.23
2430,2024-04-11 12:00:00+00:00,21.71
2431,2024-04-11 13:00:00+00:00,10.79
2432,2024-04-11 14:00:00+00:00,7.94
2433,2024-04-11 15:00:00+00:00,8.71
2434,2024-04-11 16:00:00+00:00,9.97
2435,2024-04-11 17:00:00+00:00,11.88
2436,2024-04-11 18:00:00+00:00,14.13
2437,2024-04-11 19:00:00+00:00,15.51
2438,2024-04-11 20:00:00+00:00,16.53
2439,2024-04-11 21:00:00+00:00,18.11
2440,2024-04-11 22:00:00+00:00,22.37
2441,2024-04-11 23:00:00+00:00,53.88
2442,2024-04-12 00:00:00+00:00,230.6
2443,2024-04-12 01:00:00+00:00,120.38
2444,2024-04-12 02:00:00+00:00,31.1
2445,2024-04-12 03:00:00+00:00,16.85
2446,2024-04-12 04:00:00+00:00,13.5
2447,2024-04-12 05:00:00+00:00,11.99
2448,2024-04-12 06:00:00+00:00,9.88
2449,2024-04-12 07:00:00+00:00,7.03
2450,2024-04-12 08:00:00+00:00,6.85
2451,2024-04-12 09:00:00+00:00,7.81
2452,2024-04-12 10:00:00+00:00,10.87
2453,2024-04-12 11:00:00+00:00,20.05
2454,2024-04-12 12:00:00+00:00,18.18
2455,2024-04-12 13:00:00+00:00,10.96
2456,2024-04-12 14:00:00+00:00,8.99
2457,2024-04-12 15:00:00+00:00,7.44
2458,2024-04-12 16:00:00+00:00,7.85
2459,2024-04-12 17:00:00+00:00,9.13
2460,2024-04-12 18:00:00+00:00,11.55
2461,2024-04-12 19:00:00+00:00,13.69
2462,2024-04-12 20:00:00+00:00,15.97
2463,2024-04-12 21:00:00+00:00,18.64
2464,2024-04-12 22:00:00+00:00,18.89
2465,2024-04-12 23:00:00+00:00,19.76
2466,2024-04-13 00:00:00+00:00,32.43
2467,2024-04-13 01:00:00+00:00,27.42
2468,2024-04-13 02:00:00+00:00,19.05
2469,2024-04-13 03:00:00+00:00,15.75
2470,2024-04-13 04:00:00+00:00,11.6
2471,2024-04-13 05:00:00+00:00,11.31
2472,2024-04-13 06:00:00+00:00,8.63
2473,2024-04-13 07:00:00+00:00,7.23
2474,2024-04-13 08:00:00+00:00,6.52
2475,2024-04-13 09:00:00+00:00,6.35
2476,2024-04-13 10:00:00+00:00,6.74
2477,2024-04-13 11:00:00+00:00,8.52
2478,2024-04-13 12:00:00+00:00,8.75
2479,2024-04-13 13:00:00+00:00,7.54
2480,2024-04-13 14:00:00+00:00,5.46
2481,2024-04-13 15:00:00+00:00,5.74
2482,2024-04-13 16:00:00+00:00,6.5
2483,2024-04-13 17:00:00+00:00,7.94
2484,2024-04-13 18:00:00+00:00,9.36
2485,2024-04-13 19:00:00+00:00,10.79
2486,2024-04-13 20:00:00+00:00,13.55
2487,2024-04-13 21:00:00+00:00,16.49
2488,2024-04-13 22:00:00+00:00,19.74
2489,2024-04-13 23:00:00+00:00,21.06
2490,2024-04-14 00:00:00+00:00,31.26
2491,2024-04-14 01:00:00+00:00,24.66
2492,2024-04-14 02:00:00+00:00,16.31
2493,2024-04-14 03:00:00+00:00,13.23
2494,2024-04-14 04:00:00+00:00,12.24
2495,2024-04-14 05:00:00+00:00,7.16
2496,2024-04-14 06:00:00+00:00,5.38
2497,2024-04-14 07:00:00+00:00,3.1
2498,2024-04-14 08:00:00+00:00,2.58
2499,2024-04-14 09:00:00+00:00,2.17
2500,2024-04-14 10:00:00+00:00,4.09
2501,2024-04-14 11:00:00+00:00,7.82
2502,2024-04-14 12:00:00+00:00,8.66
2503,2024-04-14 13:00:00+00:00,6.44
2504,2024-04-14 14:00:00+00:00,5.42
2505,2024-04-14 15:00:00+00:00,7.51
2506,2024-04-14 16:00:00+00:00,11.12
2507,2024-04-14 17:00:00+00:00,14.91
2508,2024-04-14 18:00:00+00:00,12.83
2509,2024-04-14 19:00:00+00:00,14.52
2510,2024-04-14 20:00:00+00:00,16.76
2511,2024-04-14 21:00:00+00:00,16.47
2512,2024-04-14 22:00:00+00:00,27.17
2513,2024-04-14 23:00:00+00:00,44.01
2514,2024-04-15 00:00:00+00:00,84.4
2515,2024-04-15 01:00:00+00:00,40.3
2516,2024-04-15 02:00:00+00:00,20.0
2517,2024-04-15 03:00:00+00:00,13.57
2518,2024-04-15 04:00:00+00:00,9.27
2519,2024-04-15 05:00:00+00:00,8.28
2520,2024-04-15 06:00:00+00:00,5.62
2521,2024-04-15 07:00:00+00:00,3.99
2522,2024-04-15 08:00:00+00:00,4.41
2523,2024-04-15 09:00:00+00:00,5.77
2524,2024-04-15 10:00:00+00:00,9.7
2525,2024-04-15 11:00:00+00:00,17.71
2526,2024-04-15 12:00:00+00:00,16.8
2527,2024-04-15 13:00:00+00:00,12.36
2528,2024-04-15 14:00:00+00:00,10.62
2529,2024-04-15 15:00:00+00:00,10.98
2530,2024-04-15 16:00:00+00:00,12.58
2531,2024-04-15 17:00:00+00:00,13.31
2532,2024-04-15 18:00:00+00:00,15.29
2533,2024-04-15 19:00:00+00:00,15.72
2534,2024-04-15 20:00:00+00:00,15.2
2535,2024-04-15 21:00:00+00:00,21.42
2536,2024-04-15 22:00:00+00:00,19.31
2537,2024-04-15 23:00:00+00:00,19.18
2538,2024-04-16 00:00:00+00:00,21.19
2539,2024-04-16 01:00:00+00:00,18.46
2540,2024-04-16 02:00:00+00:00,14.07
2541,2024-04-16 03:00:00+00:00,10.37
2542,2024-04-16 04:00:00+00:00,8.54
2543,2024-04-16 05:00:00+00:00,8.31
2544,2024-04-16 06:00:00+00:00,7.21
2545,2024-04-16 07:00:00+00:00,7.18
2546,2024-04-16 08:00:00+00:00,6.97
2547,2024-04-16 09:00:00+00:00,9.26
2548,2024-04-16 10:00:00+00:00,12.73
2549,2024-04-16 11:00:00+00:00,15.61
2550,2024-04-16 12:00:00+00:00,15.37
2551,2024-04-16 13:00:00+00:00,11.18
2552,2024-04-16 14:00:00+00:00,9.02
2553,2024-04-16 15:00:00+00:00,8.6
2554,2024-04-16 16:00:00+00:00,10.56
2555,2024-04-16 17:00:00+00:00,13.46
2556,2024-04-16 18:00:00+00:00,18.04
2557,2024-04-16 19:00:00+00:00,17.24
2558,2024-04-16 20:00:00+00:00,19.43
2559,2024-04-16 21:00:00+00:00,27.07
2560,2024-04-16 22:00:00+00:00,37.84
2561,2024-04-16 23:00:00+00:00,81.84
2562,2024-04-17 00:00:00+00:00,272.84
2563,2024-04-17 01:00:00+00:00,212.03
2564,2024-04-17 02:00:00+00:00,88.38
2565,2024-04-17 03:00:00+00:00,33.34
2566,2024-04-17 04:00:00+00:00,23.16
2567,2024-04-17 05:00:00+00:00,18.36
2568,2024-04-17 06:00:00+00:00,15.88
2569,2024-04-17 07:00:00+00:00,14.34
2570,2024-04-17 08:00:00+00:00,13.59
2571,2024-04-17 09:00:00+00:00,14.15
2572,2024-04-17 10:00:00+00:00,15.4
2573,2024-04-17 11:00:00+00:00,21.22
2574,2024-04-17 12:00:00+00:00,22.6
2575,2024-04-17 13:00:00+00:00,22.78
2576,2024-04-17 14:00:00+00:00,25.05
2577,2024-04-17 15:00:00+00:00,28.02
2578,2024-04-17 16:00:00+00:00,29.9
2579,2024-04-17 17:00:00+00:00,32.97
2580,2024-04-17 18:00:00+00:00,49.34
2581,2024-04-17 19:00:00+00:00,52.09
2582,2024-04-17 20:00:00+00:00,62.4
2583,2024-04-17 21:00:00+00:00,110.01
2584,2024-04-17 22:00:00+00:00,129.93
2585,2024-04-17 23:00:00+00:00,131.45
2586,2024-04-18 00:00:00+00:00,246.45
2587,2024-04-18 01:00:00+00:00,151.85
2588,2024-04-18 02:00:00+00:00,29.34
2589,2024-04-18 03:00:00+00:00,18.19
2590,2024-04-18 04:00:00+00:00,13.15
2591,2024-04-18 05:00:00+00:00,10.32
2592,2024-04-18 06:00:00+00:00,6.71
2593,2024-04-18 07:00:00+00:00,3.45
2594,2024-04-18 08:00:00+00:00,4.7
2595,2024-04-18 09:00:00+00:00,7.88
2596,2024-04-18 10:00:00+00:00,10.97
2597,2024-04-18 11:00:00+00:00,17.35
2598,2024-04-18 12:00:00+00:00,17.09
2599,2024-04-18 13:00:00+00:00,15.08
2600,2024-04-18 14:00:00+00:00,13.01
2601,2024-04-18 15:00:00+00:00,13.94
2602,2024-04-18 16:00:00+00:00,16.45
2603,2024-04-18 17:00:00+00:00,18.61
2604,2024-04-18 18:00:00+00:00,22.67
2605,2024-04-18 19:00:00+00:00,27.17
2606,2024-04-18 20:00:00+00:00,33.03
2607,2024-04-18 21:00:00+00:00,35.09
2608,2024-04-18 22:00:00+00:00,29.22
2609,2024-04-18 23:00:00+00:00,31.66
2610,2024-04-19 00:00:00+00:00,52.79
2611,2024-04-19 01:00:00+00:00,38.94
2612,2024-04-19 02:00:00+00:00,24.92
2613,2024-04-19 03:00:00+00:00,19.79
2614,2024-04-19 04:00:00+00:00,14.64
2615,2024-04-19 05:00:00+00:00,11.39
2616,2024-04-19 06:00:00+00:00,9.49
2617,2024-04-19 07:00:00+00:00,8.49
2618,2024-04-19 08:00:00+00:00,8.86
2619,2024-04-19 09:00:00+00:00,9.99
2620,2024-04-19 10:00:00+00:00,12.01
2621,2024-04-19 11:00:00+00:00,20.07
2622,2024-04-19 12:00:00+00:00,17.74
2623,2024-04-19 13:00:00+00:00,15.82
2624,2024-04-19 14:00:00+00:00,16.72
2625,2024-04-19 15:00:00+00:00,19.02
2626,2024-04-19 16:00:00+00:00,19.37
2627,2024-04-19 17:00:00+00:00,21.32
2628,2024-04-19 18:00:00+00:00,23.21
2629,2024-04-19 19:00:00+00:00,26.9
2630,2024-04-19 20:00:00+00:00,32.69
2631,2024-04-19 21:00:00+00:00,38.1
2632,2024-04-19 22:00:00+00:00,40.42
2633,2024-04-19 23:00:00+00:00,38.47
2634,2024-04-20 00:00:00+00:00,61.25
2635,2024-04-20 01:00:00+00:00,55.12
2636,2024-04-20 02:00:00+00:00,33.23
2637,2024-04-20 03:00:00+00:00,32.73
2638,2024-04-20 04:00:00+00:00,22.4
2639,2024-04-20 05:00:00+00:00,29.64
2640,2024-04-20 06:00:00+00:00,20.64
2641,2024-04-20 07:00:00+00:00,18.17
2642,2024-04-20 08:00:00+00:00,17.35
2643,2024-04-20 09:00:00+00:00,14.9
2644,2024-04-20 10:00:00+00:00,15.53
2645,2024-04-20 11:00:00+00:00,14.85
2646,2024-04-20 12:00:00+00:00,13.33
2647,2024-04-20 13:00:00+00:00,13.01
2648,2024-04-20 14:00:00+00:00,13.71
2649,2024-04-20 15:00:00+00:00,14.33
2650,2024-04-20 16:00:00+00:00,14.87
2651,2024-04-20 17:00:00+00:00,15.33
2652,2024-04-20 18:00:00+00:00,15.88
2653,2024-04-20 19:00:00+00:00,16.21
2654,2024-04-20 20:00:00+00:00,17.14
2655,2024-04-20 21:00:00+00:00,18.85
2656,2024-04-20 22:00:00+00:00,22.5
2657,2024-04-20 23:00:00+00:00,20.76
2658,2024-04-21 00:00:00+00:00,24.77
2659,2024-04-21 01:00:00+00:00,29.72
2660,2024-04-21 02:00:00+00:00,23.91
2661,2024-04-21 03:00:00+00:00,25.91
2662,2024-04-21 04:00:00+00:00,19.46
2663,2024-04-21 05:00:00+00:00,22.06
2664,2024-04-21 06:00:00+00:00,19.71
2665,2024-04-21 07:00:00+00:00,17.9
2666,2024-04-21 08:00:00+00:00,16.64
2667,2024-04-21 09:00:00+00:00,16.41
2668,2024-04-21 10:00:00+00:00,15.99
2669,2024-04-21 11:00:00+00:00,17.29
2670,2024-04-21 12:00:00+00:00,20.96
2671,2024-04-21 13:00:00+00:00,18.65
2672,2024-04-21 14:00:00+00:00,16.17
2673,2024-04-21 15:00:00+00:00,13.92
2674,2024-04-21 16:00:00+00:00,13.59
2675,2024-04-21 17:00:00+00:00,12.47
2676,2024-04-21 18:00:00+00:00,10.04
2677,2024-04-21 19:00:00+00:00,10.14
2678,2024-04-21 20:00:00+00:00,10.85
2679,2024-04-21 21:00:00+00:00,12.58
2680,2024-04-21 22:00:00+00:00,15.65
2681,2024-04-21 23:00:00+00:00,21.88
2682,2024-04-22 00:00:00+00:00,59.41
2683,2024-04-22 01:00:00+00:00,75.39
2684,2024-04-22 02:00:00+00:00,45.24
2685,2024-04-22 03:00:00+00:00,27.12
2686,2024-04-22 04:00:00+00:00,24.63
2687,2024-04-22 05:00:00+00:00,25.1
2688,2024-04-22 06:00:00+00:00,19.18
2689,2024-04-22 07:00:00+00:00,18.84
2690,2024-04-22 08:00:00+00:00,18.87
2691,2024-04-22 09:00:00+00:00,18.73
2692,2024-04-22 10:00:00+00:00,26.28
2693,2024-04-22 11:00:00+00:00,46.37
2694,2024-04-22 12:00:00+00:00,31.14
2695,2024-04-22 13:00:00+00:00,13.05
2696,2024-04-22 14:00:00+00:00,8.72
2697,2024-04-22 15:00:00+00:00,6.88
2698,2024-04-22 16:00:00+00:00,7.41
2699,2024-04-22 17:00:00+00:00,7.72
2700,2024-04-22 18:00:00+00:00,7.88
2701,2024-04-22 19:00:00+00:00,8.41
2702,2024-04-22 20:00:00+00:00,8.57
2703,2024-04-22 21:00:00+00:00,9.16
2704,2024-04-22 22:00:00+00:00,9.72
2705,2024-04-22 23:00:00+00:00,15.55
2706,2024-04-23 00:00:00+00:00,28.46
2707,2024-04-23 01:00:00+00:00,33.27
2708,2024-04-23 02:00:00+00:00,17.56
2709,2024-04-23 03:00:00+00:00,12.63
2710,2024-04-23 04:00:00+00:00,10.87
2711,2024-04-23 05:00:00+00:00,9.0
2712,2024-04-23 06:00:00+00:00,6.47
2713,2024-04-23 07:00:00+00:00,3.2
2714,2024-04-23 08:00:00+00:00,1.67
2715,2024-04-23 09:00:00+00:00,3.63
2716,2024-04-23 10:00:00+00:00,9.89
2717,2024-04-23 11:00:00+00:00,13.34
2718,2024-04-23 12:00:00+00:00,13.2
2719,2024-04-23 13:00:00+00:00,6.75
2720,2024-04-23 14:00:00+00:00,5.99
2721,2024-04-23 15:00:00+00:00,5.59
2722,2024-04-23 16:00:00+00:00,6.67
2723,2024-04-23 17:00:00+00:00,8.04
2724,2024-04-23 18:00:00+00:00,9.87
2725,2024-04-23 19:00:00+00:00,11.23
2726,2024-04-23 20:00:00+00:00,13.24
2727,2024-04-23 21:00:00+00:00,13.98
2728,2024-04-23 22:00:00+00:00,15.88
2729,2024-04-23 23:00:00+00:00,23.54
2730,2024-04-24 00:00:00+00:00,55.8
2731,2024-04-24 01:00:00+00:00,37.12
2732,2024-04-24 02:00:00+00:00,22.23
2733,2024-04-24 03:00:00+00:00,16.17
2734,2024-04-24 04:00:00+00:00,14.51
2735,2024-04-24 05:00:00+00:00,13.43
2736,2024-04-24 06:00:00+00:00,12.6
2737,2024-04-24 07:00:00+00:00,11.91
2738,2024-04-24 08:00:00+00:00,14.69
2739,2024-04-24 09:00:00+00:00,15.74
2740,2024-04-24 10:00:00+00:00,23.75
2741,2024-04-24 11:00:00+00:00,38.69
2742,2024-04-24 12:00:00+00:00,32.07
2743,2024-04-24 13:00:00+00:00,23.15
2744,2024-04-24 14:00:00+00:00,19.11
2745,2024-04-24 15:00:00+00:00,22.39
2746,2024-04-24 16:00:00+00:00,22.81
2747,2024-04-24 17:00:00+00:00,22.81
2748,2024-04-24 18:00:00+00:00,23.93
2749,2024-04-24 19:00:00+00:00,23.33
2750,2024-04-24 20:00:00+00:00,26.43
2751,2024-04-24 21:00:00+00:00,30.8
2752,2024-04-24 22:00:00+00:00,39.19
2753,2024-04-24 23:00:00+00:00,47.76
2754,2024-04-25 00:00:00+00:00,96.8
2755,2024-04-25 01:00:00+00:00,58.27
2756,2024-04-25 02:00:00+00:00,26.68
2757,2024-04-25 03:00:00+00:00,22.04
2758,2024-04-25 04:00:00+00:00,16.84
2759,2024-04-25 05:00:00+00:00,11.95
2760,2024-04-25 06:00:00+00:00,8.83
2761,2024-04-25 07:00:00+00:00,7.07
2762,2024-04-25 08:00:00+00:00,6.96
2763,2024-04-25 09:00:00+00:00,8.33
2764,2024-04-25 10:00:00+00:00,11.08
2765,2024-04-25 11:00:00+00:00,19.57
2766,2024-04-25 12:00:00+00:00,18.12
2767,2024-04-25 13:00:00+00:00,13.72
2768,2024-04-25 14:00:00+00:00,12.2
2769,2024-04-25 15:00:00+00:00,10.82
2770,2024-04-25 16:00:00+00:00,13.91
2771,2024-04-25 17:00:00+00:00,14.59
2772,2024-04-25 18:00:00+00:00,16.45
2773,2024-04-25 19:00:00+00:00,17.73
2774,2024-04-25 20:00:00+00:00,23.95
2775,2024-04-25 21:00:00+00:00,22.41
2776,2024-04-25 22:00:00+00:00,24.52
2777,2024-04-25 23:00:00+00:00,24.29
2778,2024-04-26 00:00:00+00:00,31.42
2779,2024-04-26 01:00:00+00:00,30.78
2780,2024-04-26 02:00:00+00:00,21.98
2781,2024-04-26 03:00:00+00:00,16.41
2782,2024-04-26 04:00:00+00:00,17.0
2783,2024-04-26 05:00:00+00:00,13.76
2784,2024-04-26 06:00:00+00:00,11.09
2785,2024-04-26 07:00:00+00:00,11.2
2786,2024-04-26 08:00:00+00:00,12.27
2787,2024-04-26 09:00:00+00:00,14.4
2788,2024-04-26 10:00:00+00:00,18.49
2789,2024-04-26 11:00:00+00:00,33.4
2790,2024-04-26 12:00:00+00:00,24.67
2791,2024-04-26 13:00:00+00:00,17.81
2792,2024-04-26 14:00:00+00:00,12.26
2793,2024-04-26 15:00:00+00:00,14.14
2794,2024-04-26 16:00:00+00:00,15.89
2795,2024-04-26 17:00:00+00:00,18.75
2796,2024-04-26 18:00:00+00:00,21.4
2797,2024-04-26 19:00:00+00:00,22.41
2798,2024-04-26 20:00:00+00:00,23.46
2799,2024-04-26 21:00:00+00:00,23.95
2800,2024-04-26 22:00:00+00:00,23.17
2801,2024-04-26 23:00:00+00:00,27.37
2802,2024-04-27 00:00:00+00:00,84.0
2803,2024-04-27 01:00:00+00:00,83.16
2804,2024-04-27 02:00:00+00:00,34.33
2805,2024-04-27 03:00:00+00:00,22.63
2806,2024-04-27 04:00:00+00:00,16.75
2807,2024-04-27 05:00:00+00:00,14.04
2808,2024-04-27 06:00:00+00:00,10.46
2809,2024-04-27 07:00:00+00:00,8.39
2810,2024-04-27 08:00:00+00:00,9.16
2811,2024-04-27 09:00:00+00:00,8.79
2812,2024-04-27 10:00:00+00:00,10.96
2813,2024-04-27 11:00:00+00:00,16.5
2814,2024-04-27 12:00:00+00:00,14.61
2815,2024-04-27 13:00:00+00:00,13.71
2816,2024-04-27 14:00:00+00:00,13.2
2817,2024-04-27 15:00:00+00:00,16.15
2818,2024-04-27 16:00:00+00:00,18.76
2819,2024-04-27 17:00:00+00:00,19.15
2820,2024-04-27 18:00:00+00:00,19.68
2821,2024-04-27 19:00:00+00:00,20.64
2822,2024-04-27 20:00:00+00:00,21.56
2823,2024-04-27 21:00:00+00:00,23.2
2824,2024-04-27 22:00:00+00:00,22.51
2825,2024-04-27 23:00:00+00:00,24.0
2826,2024-04-28 00:00:00+00:00,41.63
2827,2024-04-28 01:00:00+00:00,42.85
2828,2024-04-28 02:00:00+00:00,25.91
2829,2024-04-28 03:00:00+00:00,20.07
2830,2024-04-28 04:00:00+00:00,19.0
2831,2024-04-28 05:00:00+00:00,17.07
2832,2024-04-28 06:00:00+00:00,16.31
2833,2024-04-28 07:00:00+00:00,16.51
2834,2024-04-28 08:00:00+00:00,16.38
2835,2024-04-28 09:00:00+00:00,15.94
2836,2024-04-28 10:00:00+00:00,17.11
2837,2024-04-28 11:00:00+00:00,25.88
2838,2024-04-28 12:00:00+00:00,21.06
2839,2024-04-28 13:00:00+00:00,13.96
2840,2024-04-28 14:00:00+00:00,13.14
2841,2024-04-28 15:00:00+00:00,13.45
2842,2024-04-28 16:00:00+00:00,16.02
2843,2024-04-28 17:00:00+00:00,19.01
2844,2024-04-28 18:00:00+00:00,19.72
2845,2024-04-28 19:00:00+00:00,20.01
2846,2024-04-28 20:00:00+00:00,27.0
2847,2024-04-28 21:00:00+00:00,30.7
2848,2024-04-28 22:00:00+00:00,36.69
2849,2024-04-28 23:00:00+00:00,100.03
2850,2024-04-29 00:00:00+00:00,597.65
2851,2024-04-29 01:00:00+00:00,590.07
2852,2024-04-29 02:00:00+00:00,219.35
2853,2024-04-29 03:00:00+00:00,42.56
2854,2024-04-29 04:00:00+00:00,20.84
2855,2024-04-29 05:00:00+00:00,24.41
2856,2024-04-29 06:00:00+00:00,18.7
2857,2024-04-29 07:00:00+00:00,17.06
2858,2024-04-29 08:00:00+00:00,16.73
2859,2024-04-29 09:00:00+00:00,19.54
2860,2024-04-29 10:00:00+00:00,23.58
2861,2024-04-29 11:00:00+00:00,41.04
2862,2024-04-29 12:00:00+00:00,32.69
2863,2024-04-29 13:00:00+00:00,17.61
2864,2024-04-29 14:00:00+00:00,14.55
2865,2024-04-29 15:00:00+00:00,14.99
2866,2024-04-29 16:00:00+00:00,16.49
2867,2024-04-29 17:00:00+00:00,17.75
2868,2024-04-29 18:00:00+00:00,22.51
2869,2024-04-29 19:00:00+00:00,24.39
2870,2024-04-29 20:00:00+00:00,28.51
2871,2024-04-29 21:00:00+00:00,31.97
2872,2024-04-29 22:00:00+00:00,33.29
2873,2024-04-29 23:00:00+00:00,52.12
2874,2024-04-30 00:00:00+00:00,217.72
2875,2024-04-30 01:00:00+00:00,128.21
2876,2024-04-30 02:00:00+00:00,26.03
2877,2024-04-30 03:00:00+00:00,16.38
2878,2024-04-30 04:00:00+00:00,12.04
2879,2024-04-30 05:00:00+00:00,11.29
2880,2024-04-30 06:00:00+00:00,8.73
2881,2024-04-30 07:00:00+00:00,6.99
2882,2024-04-30 08:00:00+00:00,6.36
2883,2024-04-30 09:00:00+00:00,7.31
2884,2024-04-30 10:00:00+00:00,9.64
2885,2024-04-30 11:00:00+00:00,14.94
2886,2024-04-30 12:00:00+00:00,14.52
2887,2024-04-30 13:00:00+00:00,13.11
2888,2024-04-30 14:00:00+00:00,12.43
2889,2024-04-30 15:00:00+00:00,13.81
2890,2024-04-30 16:00:00+00:00,18.05
2891,2024-04-30 17:00:00+00:00,20.61
2892,2024-04-30 18:00:00+00:00,22.71
2893,2024-04-30 19:00:00+00:00,25.82
2894,2024-04-30 20:00:00+00:00,28.74
2895,2024-04-30 21:00:00+00:00,32.12
2896,2024-04-30 22:00:00+00:00,36.06
2897,2024-04-30 23:00:00+00:00,37.59
2898,2024-05-01 00:00:00+00:00,137.5
2899,2024-05-01 01:00:00+00:00,97.5
2900,2024-05-01 02:00:00+00:00,24.77
2901,2024-05-01 03:00:00+00:00,19.3
2902,2024-05-01 04:00:00+00:00,15.81
2903,2024-05-01 05:00:00+00:00,11.76
2904,2024-05-01 06:00:00+00:00,10.0
2905,2024-05-01 07:00:00+00:00,9.43
2906,2024-05-01 08:00:00+00:00,9.07
2907,2024-05-01 09:00:00+00:00,9.87
2908,2024-05-01 10:00:00+00:00,12.64
2909,2024-05-01 11:00:00+00:00,17.2
2910,2024-05-01 12:00:00+00:00,15.45
2911,2024-05-01 13:00:00+00:00,12.27
2912,2024-05-01 14:00:00+00:00,13.31
2913,2024-05-01 15:00:00+00:00,14.08
2914,2024-05-01 16:00:00+00:00,15.33
2915,2024-05-01 17:00:00+00:00,16.52
2916,2024-05-01 18:00:00+00:00,17.1
2917,2024-05-01 19:00:00+00:00,18.09
2918,2024-05-01 20:00:00+00:00,19.44
2919,2024-05-01 21:00:00+00:00,22.14
2920,2024-05-01 22:00:00+00:00,20.97
2921,2024-05-01 23:00:00+00:00,21.09
2922,2024-05-02 00:00:00+00:00,34.3
2923,2024-05-02 01:00:00+00:00,39.31
2924,2024-05-02 02:00:00+00:00,28.25
2925,2024-05-02 03:00:00+00:00,23.91
2926,2024-05-02 04:00:00+00:00,16.37
2927,2024-05-02 05:00:00+00:00,15.75
2928,2024-05-02 06:00:00+00:00,15.43
2929,2024-05-02 07:00:00+00:00,14.67
2930,2024-05-02 08:00:00+00:00,12.79
2931,2024-05-02 09:00:00+00:00,13.16
2932,2024-05-02 10:00:00+00:00,16.44
2933,2024-05-02 11:00:00+00:00,26.45
2934,2024-05-02 12:00:00+00:00,21.86
2935,2024-05-02 13:00:00+00:00,15.54
2936,2024-05-02 14:00:00+00:00,14.98
2937,2024-05-02 15:00:00+00:00,16.36
2938,2024-05-02 16:00:00+00:00,16.45
2939,2024-05-02 17:00:00+00:00,19.96
2940,2024-05-02 18:00:00+00:00,24.23
2941,2024-05-02 19:00:00+00:00,23.33
2942,2024-05-02 20:00:00+00:00,29.18
2943,2024-05-02 21:00:00+00:00,44.04
2944,2024-05-02 22:00:00+00:00,58.79
2945,2024-05-02 23:00:00+00:00,75.29
2946,2024-05-03 00:00:00+00:00,498.77
2947,2024-05-03 01:00:00+00:00,384.08
2948,2024-05-03 02:00:00+00:00,79.74
2949,2024-05-03 03:00:00+00:00,31.49
2950,2024-05-03 04:00:00+00:00,20.24
2951,2024-05-03 05:00:00+00:00,17.92
2952,2024-05-03 06:00:00+00:00,16.35
2953,2024-05-03 07:00:00+00:00,16.38
2954,2024-05-03 08:00:00+00:00,18.43
2955,2024-05-03 09:00:00+00:00,26.46
2956,2024-05-03 10:00:00+00:00,36.81
2957,2024-05-03 11:00:00+00:00,78.17
2958,2024-05-03 12:00:00+00:00,64.51
2959,2024-05-03 13:00:00+00:00,55.08
2960,2024-05-03 14:00:00+00:00,35.49
2961,2024-05-03 15:00:00+00:00,34.45
2962,2024-05-03 16:00:00+00:00,24.8
2963,2024-05-03 17:00:00+00:00,22.05
2964,2024-05-03 18:00:00+00:00,22.25
2965,2024-05-03 19:00:00+00:00,19.43
2966,2024-05-03 20:00:00+00:00,18.12
2967,2024-05-03 21:00:00+00:00,21.52
2968,2024-05-03 22:00:00+00:00,20.04
2969,2024-05-03 23:00:00+00:00,26.8
2970,2024-05-04 00:00:00+00:00,71.04
2971,2024-05-04 01:00:00+00:00,88.99
2972,2024-05-04 02:00:00+00:00,47.07
2973,2024-05-04 03:00:00+00:00,27.97
2974,2024-05-04 04:00:00+00:00,19.76
2975,2024-05-04 05:00:00+00:00,13.61
2976,2024-05-04 06:00:00+00:00,10.42
2977,2024-05-04 07:00:00+00:00,10.15
2978,2024-05-04 08:00:00+00:00,10.59
2979,2024-05-04 09:00:00+00:00,10.98
2980,2024-05-04 10:00:00+00:00,12.76
2981,2024-05-04 11:00:00+00:00,13.57
2982,2024-05-04 12:00:00+00:00,13.92
2983,2024-05-04 13:00:00+00:00,11.49
2984,2024-05-04 14:00:00+00:00,10.43
2985,2024-05-04 15:00:00+00:00,10.73
2986,2024-05-04 16:00:00+00:00,11.94
2987,2024-05-04 17:00:00+00:00,12.71
2988,2024-05-04 18:00:00+00:00,14.77
2989,2024-05-04 19:00:00+00:00,14.85
2990,2024-05-04 20:00:00+00:00,15.72
2991,2024-05-04 21:00:00+00:00,19.82
2992,2024-05-04 22:00:00+00:00,23.86
2993,2024-05-04 23:00:00+00:00,27.44
2994,2024-05-05 00:00:00+00:00,51.03
2995,2024-05-05 01:00:00+00:00,60.1
2996,2024-05-05 02:00:00+00:00,41.58
2997,2024-05-05 03:00:00+00:00,31.58
2998,2024-05-05 04:00:00+00:00,20.39
2999,2024-05-05 05:00:00+00:00,17.13
3000,2024-05-05 06:00:00+00:00,16.52
3001,2024-05-05 07:00:00+00:00,16.45
3002,2024-05-05 08:00:00+00:00,17.55
3003,2024-05-05 09:00:00+00:00,19.88
3004,2024-05-05 10:00:00+00:00,21.4
3005,2024-05-05 11:00:00+00:00,24.74
3006,2024-05-05 12:00:00+00:00,23.0
3007,2024-05-05 13:00:00+00:00,17.48
3008,2024-05-05 14:00:00+00:00,18.83
3009,2024-05-05 15:00:00+00:00,18.57
3010,2024-05-05 16:00:00+00:00,17.51
3011,2024-05-05 17:00:00+00:00,17.01
3012,2024-05-05 18:00:00+00:00,18.0
3013,2024-05-05 19:00:00+00:00,17.18
3014,2024-05-05 20:00:00+00:00,20.59
3015,2024-05-05 21:00:00+00:00,22.38
3016,2024-05-05 22:00:00+00:00,27.06
3017,2024-05-05 23:00:00+00:00,36.63
3018,2024-05-06 00:00:00+00:00,57.25
3019,2024-05-06 01:00:00+00:00,58.86
3020,2024-05-06 02:00:00+00:00,25.86
3021,2024-05-06 03:00:00+00:00,15.8
3022,2024-05-06 04:00:00+00:00,12.47
3023,2024-05-06 05:00:00+00:00,9.72
3024,2024-05-06 06:00:00+00:00,8.52
3025,2024-05-06 07:00:00+00:00,7.44
3026,2024-05-06 08:00:00+00:00,6.51
3027,2024-05-06 09:00:00+00:00,7.19
3028,2024-05-06 10:00:00+00:00,10.16
3029,2024-05-06 11:00:00+00:00,13.45
3030,2024-05-06 12:00:00+00:00,15.84
3031,2024-05-06 13:00:00+00:00,10.22
3032,2024-05-06 14:00:00+00:00,9.92
3033,2024-05-06 15:00:00+00:00,11.61
3034,2024-05-06 16:00:00+00:00,14.45
3035,2024-05-06 17:00:00+00:00,16.93
3036,2024-05-06 18:00:00+00:00,18.68
3037,2024-05-06 19:00:00+00:00,18.29
3038,2024-05-06 20:00:00+00:00,20.52
3039,2024-05-06 21:00:00+00:00,25.03
3040,2024-05-06 22:00:00+00:00,29.58
3041,2024-05-06 23:00:00+00:00,31.53
3042,2024-05-07 00:00:00+00:00,50.26
3043,2024-05-07 01:00:00+00:00,68.16
3044,2024-05-07 02:00:00+00:00,36.63
3045,2024-05-07 03:00:00+00:00,29.52
3046,2024-05-07 04:00:00+00:00,16.53
3047,2024-05-07 05:00:00+00:00,13.04
3048,2024-05-07 06:00:00+00:00,11.55
3049,2024-05-07 07:00:00+00:00,10.86
3050,2024-05-07 08:00:00+00:00,11.55
3051,2024-05-07 09:00:00+00:00,14.78
3052,2024-05-07 10:00:00+00:00,21.63
3053,2024-05-07 11:00:00+00:00,34.46
3054,2024-05-07 12:00:00+00:00,32.44
3055,2024-05-07 13:00:00+00:00,21.78
3056,2024-05-07 14:00:00+00:00,19.84
3057,2024-05-07 15:00:00+00:00,21.96
3058,2024-05-07 16:00:00+00:00,26.15
3059,2024-05-07 17:00:00+00:00,30.74
3060,2024-05-07 18:00:00+00:00,39.77
3061,2024-05-07 19:00:00+00:00,38.68
3062,2024-05-07 20:00:00+00:00,42.35
3063,2024-05-07 21:00:00+00:00,43.6
3064,2024-05-07 22:00:00+00:00,47.67
3065,2024-05-07 23:00:00+00:00,43.8
3066,2024-05-08 00:00:00+00:00,123.54
3067,2024-05-08 01:00:00+00:00,79.27
3068,2024-05-08 02:00:00+00:00,23.01
3069,2024-05-08 03:00:00+00:00,16.2
3070,2024-05-08 04:00:00+00:00,16.28
3071,2024-05-08 05:00:00+00:00,12.7
3072,2024-05-08 06:00:00+00:00,10.92
3073,2024-05-08 07:00:00+00:00,9.16
3074,2024-05-08 08:00:00+00:00,8.14
3075,2024-05-08 09:00:00+00:00,9.05
3076,2024-05-08 10:00:00+00:00,12.1
3077,2024-05-08 11:00:00+00:00,14.96
3078,2024-05-08 12:00:00+00:00,14.95
3079,2024-05-08 13:00:00+00:00,12.18
3080,2024-05-08 14:00:00+00:00,13.23
3081,2024-05-08 15:00:00+00:00,15.97
3082,2024-05-08 16:00:00+00:00,18.41
3083,2024-05-08 17:00:00+00:00,24.85
3084,2024-05-08 18:00:00+00:00,37.68
3085,2024-05-08 19:00:00+00:00,47.6
3086,2024-05-08 20:00:00+00:00,78.89
3087,2024-05-08 21:00:00+00:00,240.34
3088,2024-05-08 22:00:00+00:00,704.77
3089,2024-05-08 23:00:00+00:00,898.97
3090,2024-05-09 00:00:00+00:00,2215.08
3091,2024-05-09 01:00:00+00:00,1898.15
3092,2024-05-09 02:00:00+00:00,209.84
3093,2024-05-09 03:00:00+00:00,64.25
3094,2024-05-09 04:00:00+00:00,25.6
3095,2024-05-09 05:00:00+00:00,18.87
3096,2024-05-09 06:00:00+00:00,16.12
3097,2024-05-09 07:00:00+00:00,15.63
3098,2024-05-09 08:00:00+00:00,15.18
3099,2024-05-09 09:00:00+00:00,16.33
3100,2024-05-09 10:00:00+00:00,18.97
3101,2024-05-09 11:00:00+00:00,25.45
3102,2024-05-09 12:00:00+00:00,19.48
3103,2024-05-09 13:00:00+00:00,15.59
3104,2024-05-09 14:00:00+00:00,13.89
3105,2024-05-09 15:00:00+00:00,17.15
3106,2024-05-09 16:00:00+00:00,20.99
3107,2024-05-09 17:00:00+00:00,26.3
3108,2024-05-09 18:00:00+00:00,39.63
3109,2024-05-09 19:00:00+00:00,41.56
3110,2024-05-09 20:00:00+00:00,56.73
3111,2024-05-09 21:00:00+00:00,56.07
3112,2024-05-09 22:00:00+00:00,52.68
3113,2024-05-09 23:00:00+00:00,41.25
3114,2024-05-10 00:00:00+00:00,48.27
3115,2024-05-10 01:00:00+00:00,41.74
3116,2024-05-10 02:00:00+00:00,24.61
3117,2024-05-10 03:00:00+00:00,17.98
3118,2024-05-10 04:00:00+00:00,15.29
3119,2024-05-10 05:00:00+00:00,13.87
3120,2024-05-10 06:00:00+00:00,13.02
3121,2024-05-10 07:00:00+00:00,12.78
3122,2024-05-10 08:00:00+00:00,16.31
3123,2024-05-10 09:00:00+00:00,18.23
3124,2024-05-10 10:00:00+00:00,19.94
3125,2024-05-10 11:00:00+00:00,20.95
3126,2024-05-10 12:00:00+00:00,16.06
3127,2024-05-10 13:00:00+00:00,11.73
3128,2024-05-10 14:00:00+00:00,10.6
3129,2024-05-10 15:00:00+00:00,10.35
3130,2024-05-10 16:00:00+00:00,12.46
3131,2024-05-10 17:00:00+00:00,14.48
3132,2024-05-10 18:00:00+00:00,16.2
3133,2024-05-10 19:00:00+00:00,17.74
3134,2024-05-10 20:00:00+00:00,20.83
3135,2024-05-10 21:00:00+00:00,32.4
3136,2024-05-10 22:00:00+00:00,33.63
3137,2024-05-10 23:00:00+00:00,43.54
3138,2024-05-11 00:00:00+00:00,91.27
3139,2024-05-11 01:00:00+00:00,86.46
3140,2024-05-11 02:00:00+00:00,56.4
3141,2024-05-11 03:00:00+00:00,33.46
3142,2024-05-11 04:00:00+00:00,26.02
3143,2024-05-11 05:00:00+00:00,29.72
3144,2024-05-11 06:00:00+00:00,24.18
3145,2024-05-11 07:00:00+00:00,24.61
3146,2024-05-11 08:00:00+00:00,23.52
3147,2024-05-11 09:00:00+00:00,23.7
3148,2024-05-11 10:00:00+00:00,25.64
3149,2024-05-11 11:00:00+00:00,23.24
3150,2024-05-11 12:00:00+00:00,19.03
3151,2024-05-11 13:00:00+00:00,16.46
3152,2024-05-11 14:00:00+00:00,14.53
3153,2024-05-11 15:00:00+00:00,14.46
3154,2024-05-11 16:00:00+00:00,14.65
3155,2024-05-11 17:00:00+00:00,15.01
3156,2024-05-11 18:00:00+00:00,16.19
3157,2024-05-11 19:00:00+00:00,17.36
3158,2024-05-11 20:00:00+00:00,18.82
3159,2024-05-11 21:00:00+00:00,22.26
3160,2024-05-11 22:00:00+00:00,24.88
3161,2024-05-11 23:00:00+00:00,22.51
3162,2024-05-12 00:00:00+00:00,28.58
3163,2024-05-12 01:00:00+00:00,32.53
3164,2024-05-12 02:00:00+00:00,23.7
3165,2024-05-12 03:00:00+00:00,19.57
3166,2024-05-12 04:00:00+00:00,16.9
3167,2024-05-12 05:00:00+00:00,15.73
3168,2024-05-12 06:00:00+00:00,13.12
3169,2024-05-12 07:00:00+00:00,13.24
3170,2024-05-12 08:00:00+00:00,15.05
3171,2024-05-12 09:00:00+00:00,17.13
3172,2024-05-12 10:00:00+00:00,17.3
3173,2024-05-12 11:00:00+00:00,16.84
3174,2024-05-12 12:00:00+00:00,14.32
3175,2024-05-12 13:00:00+00:00,13.2
3176,2024-05-12 14:00:00+00:00,12.77
3177,2024-05-12 15:00:00+00:00,12.59
3178,2024-05-12 16:00:00+00:00,12.64
3179,2024-05-12 17:00:00+00:00,13.15
3180,2024-05-12 18:00:00+00:00,12.94
3181,2024-05-12 19:00:00+00:00,15.19
3182,2024-05-12 20:00:00+00:00,16.3
3183,2024-05-12 21:00:00+00:00,17.66
3184,2024-05-12 22:00:00+00:00,17.67
3185,2024-05-12 23:00:00+00:00,18.57
3186,2024-05-13 00:00:00+00:00,38.57
3187,2024-05-13 01:00:00+00:00,59.28
3188,2024-05-13 02:00:00+00:00,30.44
3189,2024-05-13 03:00:00+00:00,24.91
3190,2024-05-13 04:00:00+00:00,22.78
3191,2024-05-13 05:00:00+00:00,25.14
3192,2024-05-13 06:00:00+00:00,21.94
3193,2024-05-13 07:00:00+00:00,20.08
3194,2024-05-13 08:00:00+00:00,19.02
3195,2024-05-13 09:00:00+00:00,18.99
3196,2024-05-13 10:00:00+00:00,24.47
3197,2024-05-13 11:00:00+00:00,33.51
3198,2024-05-13 12:00:00+00:00,28.0
3199,2024-05-13 13:00:00+00:00,17.3
3200,2024-05-13 14:00:00+00:00,15.32
3201,2024-05-13 15:00:00+00:00,16.68
3202,2024-05-13 16:00:00+00:00,17.07
3203,2024-05-13 17:00:00+00:00,20.75
3204,2024-05-13 18:00:00+00:00,26.85
3205,2024-05-13 19:00:00+00:00,27.05
3206,2024-05-13 20:00:00+00:00,30.1
3207,2024-05-13 21:00:00+00:00,34.84
3208,2024-05-13 22:00:00+00:00,35.22
3209,2024-05-13 23:00:00+00:00,42.06
3210,2024-05-14 00:00:00+00:00,248.55
3211,2024-05-14 01:00:00+00:00,371.15
3212,2024-05-14 02:00:00+00:00,152.63
3213,2024-05-14 03:00:00+00:00,50.53
3214,2024-05-14 04:00:00+00:00,28.18
3215,2024-05-14 05:00:00+00:00,32.08
3216,2024-05-14 06:00:00+00:00,30.14
3217,2024-05-14 07:00:00+00:00,29.15
3218,2024-05-14 08:00:00+00:00,29.43
3219,2024-05-14 09:00:00+00:00,30.99
3220,2024-05-14 10:00:00+00:00,33.9
3221,2024-05-14 11:00:00+00:00,37.95
3222,2024-05-14 12:00:00+00:00,28.46
3223,2024-05-14 13:00:00+00:00,17.39
3224,2024-05-14 14:00:00+00:00,16.74
3225,2024-05-14 15:00:00+00:00,18.88
3226,2024-05-14 16:00:00+00:00,20.59
3227,2024-05-14 17:00:00+00:00,25.16
3228,2024-05-14 18:00:00+00:00,34.44
3229,2024-05-14 19:00:00+00:00,42.73
3230,2024-05-14 20:00:00+00:00,56.43
3231,2024-05-14 21:00:00+00:00,83.07
3232,2024-05-14 22:00:00+00:00,100.24
3233,2024-05-14 23:00:00+00:00,106.53
3234,2024-05-15 00:00:00+00:00,500.36
3235,2024-05-15 01:00:00+00:00,137.56
3236,2024-05-15 02:00:00+00:00,31.06
3237,2024-05-15 03:00:00+00:00,20.33
3238,2024-05-15 04:00:00+00:00,17.04
3239,2024-05-15 05:00:00+00:00,12.39
3240,2024-05-15 06:00:00+00:00,10.18
3241,2024-05-15 07:00:00+00:00,8.94
3242,2024-05-15 08:00:00+00:00,8.22
3243,2024-05-15 09:00:00+00:00,8.71
3244,2024-05-15 10:00:00+00:00,10.71
3245,2024-05-15 11:00:00+00:00,14.8
3246,2024-05-15 12:00:00+00:00,14.45
3247,2024-05-15 13:00:00+00:00,11.07
3248,2024-05-15 14:00:00+00:00,10.99
3249,2024-05-15 15:00:00+00:00,13.21
3250,2024-05-15 16:00:00+00:00,14.17
3251,2024-05-15 17:00:00+00:00,16.67
3252,2024-05-15 18:00:00+00:00,20.47
3253,2024-05-15 19:00:00+00:00,23.23
3254,2024-05-15 20:00:00+00:00,30.8
3255,2024-05-15 21:00:00+00:00,30.61
3256,2024-05-15 22:00:00+00:00,32.88
3257,2024-05-15 23:00:00+00:00,29.4
3258,2024-05-16 00:00:00+00:00,45.59
3259,2024-05-16 01:00:00+00:00,44.82
3260,2024-05-16 02:00:00+00:00,29.74
3261,2024-05-16 03:00:00+00:00,19.34
3262,2024-05-16 04:00:00+00:00,17.55
3263,2024-05-16 05:00:00+00:00,16.03
3264,2024-05-16 06:00:00+00:00,13.93
3265,2024-05-16 07:00:00+00:00,13.02
3266,2024-05-16 08:00:00+00:00,14.25
3267,2024-05-16 09:00:00+00:00,17.9
3268,2024-05-16 10:00:00+00:00,22.78
3269,2024-05-16 11:00:00+00:00,30.26
3270,2024-05-16 12:00:00+00:00,28.3
3271,2024-05-16 13:00:00+00:00,19.97
3272,2024-05-16 14:00:00+00:00,18.76
3273,2024-05-16 15:00:00+00:00,19.28
3274,2024-05-16 16:00:00+00:00,19.22
3275,2024-05-16 17:00:00+00:00,20.3
3276,2024-05-16 18:00:00+00:00,25.13
3277,2024-05-16 19:00:00+00:00,28.16
3278,2024-05-16 20:00:00+00:00,29.92
3279,2024-05-16 21:00:00+00:00,33.54
3280,2024-05-16 22:00:00+00:00,34.28
3281,2024-05-16 23:00:00+00:00,37.36
3282,2024-05-17 00:00:00+00:00,78.78
3283,2024-05-17 01:00:00+00:00,118.89
3284,2024-05-17 02:00:00+00:00,102.13
3285,2024-05-17 03:00:00+00:00,46.44
3286,2024-05-17 04:00:00+00:00,28.94
3287,2024-05-17 05:00:00+00:00,30.91
3288,2024-05-17 06:00:00+00:00,27.75
3289,2024-05-17 07:00:00+00:00,25.36
3290,2024-05-17 08:00:00+00:00,24.79
3291,2024-05-17 09:00:00+00:00,24.57
3292,2024-05-17 10:00:00+00:00,29.76
3293,2024-05-17 11:00:00+00:00,48.42
3294,2024-05-17 12:00:00+00:00,37.19
3295,2024-05-17 13:00:00+00:00,28.25
3296,2024-05-17 14:00:00+00:00,30.06
3297,2024-05-17 15:00:00+00:00,28.17
3298,2024-05-17 16:00:00+00:00,23.8
3299,2024-05-17 17:00:00+00:00,24.81
3300,2024-05-17 18:00:00+00:00,31.52
3301,2024-05-17 19:00:00+00:00,31.44
3302,2024-05-17 20:00:00+00:00,35.23
3303,2024-05-17 21:00:00+00:00,61.04
3304,2024-05-17 22:00:00+00:00,79.69
3305,2024-05-17 23:00:00+00:00,122.17
3306,2024-05-18 00:00:00+00:00,422.11
3307,2024-05-18 01:00:00+00:00,690.2
3308,2024-05-18 02:00:00+00:00,249.93
3309,2024-05-18 03:00:00+00:00,46.61
3310,2024-05-18 04:00:00+00:00,27.93
3311,2024-05-18 05:00:00+00:00,15.6
3312,2024-05-18 06:00:00+00:00,12.54
3313,2024-05-18 07:00:00+00:00,11.46
3314,2024-05-18 08:00:00+00:00,11.35
3315,2024-05-18 09:00:00+00:00,10.06
3316,2024-05-18 10:00:00+00:00,13.91
3317,2024-05-18 11:00:00+00:00,14.07
3318,2024-05-18 12:00:00+00:00,11.56
3319,2024-05-18 13:00:00+00:00,9.91
3320,2024-05-18 14:00:00+00:00,12.79
3321,2024-05-18 15:00:00+00:00,15.53
3322,2024-05-18 16:00:00+00:00,18.89
3323,2024-05-18 17:00:00+00:00,25.33
3324,2024-05-18 18:00:00+00:00,38.82
3325,2024-05-18 19:00:00+00:00,40.82
3326,2024-05-18 20:00:00+00:00,49.42
3327,2024-05-18 21:00:00+00:00,68.51
3328,2024-05-18 22:00:00+00:00,70.1
3329,2024-05-18 23:00:00+00:00,70.81
3330,2024-05-19 00:00:00+00:00,109.88
3331,2024-05-19 01:00:00+00:00,48.34
3332,2024-05-19 02:00:00+00:00,28.5
3333,2024-05-19 03:00:00+00:00,20.2
3334,2024-05-19 04:00:00+00:00,17.11
3335,2024-05-19 05:00:00+00:00,13.91
3336,2024-05-19 06:00:00+00:00,13.11
3337,2024-05-19 07:00:00+00:00,11.39
3338,2024-05-19 08:00:00+00:00,10.21
3339,2024-05-19 09:00:00+00:00,10.36
3340,2024-05-19 10:00:00+00:00,10.84
3341,2024-05-19 11:00:00+00:00,12.44
3342,2024-05-19 12:00:00+00:00,10.93
3343,2024-05-19 13:00:00+00:00,7.2
3344,2024-05-19 14:00:00+00:00,10.83
3345,2024-05-19 15:00:00+00:00,13.31
3346,2024-05-19 16:00:00+00:00,16.11
3347,2024-05-19 17:00:00+00:00,20.54
3348,2024-05-19 18:00:00+00:00,27.79
3349,2024-05-19 19:00:00+00:00,31.67
3350,2024-05-19 20:00:00+00:00,32.89
3351,2024-05-19 21:00:00+00:00,38.72
3352,2024-05-19 22:00:00+00:00,37.94
3353,2024-05-19 23:00:00+00:00,37.42
3354,2024-05-20 00:00:00+00:00,47.27
3355,2024-05-20 01:00:00+00:00,42.26
3356,2024-05-20 02:00:00+00:00,28.67
3357,2024-05-20 03:00:00+00:00,19.47
3358,2024-05-20 04:00:00+00:00,16.43
3359,2024-05-20 05:00:00+00:00,14.37
3360,2024-05-20 06:00:00+00:00,12.71
3361,2024-05-20 07:00:00+00:00,11.93
3362,2024-05-20 08:00:00+00:00,11.6
3363,2024-05-20 09:00:00+00:00,11.73
3364,2024-05-20 10:00:00+00:00,13.36
3365,2024-05-20 11:00:00+00:00,17.72
3366,2024-05-20 12:00:00+00:00,15.42
3367,2024-05-20 13:00:00+00:00,13.78
3368,2024-05-20 14:00:00+00:00,14.31
3369,2024-05-20 15:00:00+00:00,17.49
3370,2024-05-20 16:00:00+00:00,24.99
3371,2024-05-20 17:00:00+00:00,40.64
3372,2024-05-20 18:00:00+00:00,52.53
3373,2024-05-20 19:00:00+00:00,48.02
3374,2024-05-20 20:00:00+00:00,53.0
3375,2024-05-20 21:00:00+00:00,55.89
3376,2024-05-20 22:00:00+00:00,49.54
3377,2024-05-20 23:00:00+00:00,41.4
3378,2024-05-21 00:00:00+00:00,47.25
3379,2024-05-21 01:00:00+00:00,39.22
3380,2024-05-21 02:00:00+00:00,26.76
3381,2024-05-21 03:00:00+00:00,19.4
3382,2024-05-21 04:00:00+00:00,16.33
3383,2024-05-21 05:00:00+00:00,13.47
3384,2024-05-21 06:00:00+00:00,12.6
3385,2024-05-21 07:00:00+00:00,12.23
3386,2024-05-21 08:00:00+00:00,10.8
3387,2024-05-21 09:00:00+00:00,11.84
3388,2024-05-21 10:00:00+00:00,13.44
3389,2024-05-21 11:00:00+00:00,16.15
3390,2024-05-21 12:00:00+00:00,15.66
3391,2024-05-21 13:00:00+00:00,13.83
3392,2024-05-21 14:00:00+00:00,15.08
3393,2024-05-21 15:00:00+00:00,20.91
3394,2024-05-21 16:00:00+00:00,26.77
3395,2024-05-21 17:00:00+00:00,31.66
3396,2024-05-21 18:00:00+00:00,42.32
3397,2024-05-21 19:00:00+00:00,44.59
3398,2024-05-21 20:00:00+00:00,56.26
3399,2024-05-21 21:00:00+00:00,66.12
3400,2024-05-21 22:00:00+00:00,50.7
3401,2024-05-21 23:00:00+00:00,46.22
3402,2024-05-22 00:00:00+00:00,85.75
3403,2024-05-22 01:00:00+00:00,83.13
3404,2024-05-22 02:00:00+00:00,36.38
3405,2024-05-22 03:00:00+00:00,27.88
3406,2024-05-22 04:00:00+00:00,21.24
3407,2024-05-22 05:00:00+00:00,21.45
3408,2024-05-22 06:00:00+00:00,19.5
3409,2024-05-22 07:00:00+00:00,16.77
3410,2024-05-22 08:00:00+00:00,15.06
3411,2024-05-22 09:00:00+00:00,14.76
3412,2024-05-22 10:00:00+00:00,16.92
3413,2024-05-22 11:00:00+00:00,19.03
3414,2024-05-22 12:00:00+00:00,17.8
3415,2024-05-22 13:00:00+00:00,16.06
3416,2024-05-22 14:00:00+00:00,15.76
3417,2024-05-22 15:00:00+00:00,18.52
3418,2024-05-22 16:00:00+00:00,24.16
3419,2024-05-22 17:00:00+00:00,26.85
3420,2024-05-22 18:00:00+00:00,37.05
3421,2024-05-22 19:00:00+00:00,40.04
3422,2024-05-22 20:00:00+00:00,45.48
3423,2024-05-22 21:00:00+00:00,49.42
3424,2024-05-22 22:00:00+00:00,47.33
3425,2024-05-22 23:00:00+00:00,44.67
3426,2024-05-23 00:00:00+00:00,73.17
3427,2024-05-23 01:00:00+00:00,88.42
3428,2024-05-23 02:00:00+00:00,32.82
3429,2024-05-23 03:00:00+00:00,26.04
3430,2024-05-23 04:00:00+00:00,20.5
3431,2024-05-23 05:00:00+00:00,20.14
3432,2024-05-23 06:00:00+00:00,20.04
3433,2024-05-23 07:00:00+00:00,19.04
3434,2024-05-23 08:00:00+00:00,17.99
3435,2024-05-23 09:00:00+00:00,17.96
3436,2024-05-23 10:00:00+00:00,21.15
3437,2024-05-23 11:00:00+00:00,22.71
3438,2024-05-23 12:00:00+00:00,20.18
3439,2024-05-23 13:00:00+00:00,16.41
3440,2024-05-23 14:00:00+00:00,14.7
3441,2024-05-23 15:00:00+00:00,15.1
3442,2024-05-23 16:00:00+00:00,18.72
3443,2024-05-23 17:00:00+00:00,23.85
3444,2024-05-23 18:00:00+00:00,32.17
3445,2024-05-23 19:00:00+00:00,40.42
3446,2024-05-23 20:00:00+00:00,45.55
3447,2024-05-23 21:00:00+00:00,54.95
3448,2024-05-23 22:00:00+00:00,53.34
3449,2024-05-23 23:00:00+00:00,39.14
3450,2024-05-24 00:00:00+00:00,45.29
3451,2024-05-24 01:00:00+00:00,58.46
3452,2024-05-24 02:00:00+00:00,28.27
3453,2024-05-24 03:00:00+00:00,23.76
3454,2024-05-24 04:00:00+00:00,18.55
3455,2024-05-24 05:00:00+00:00,15.54
3456,2024-05-24 06:00:00+00:00,14.32
3457,2024-05-24 07:00:00+00:00,13.09
3458,2024-05-24 08:00:00+00:00,12.92
3459,2024-05-24 09:00:00+00:00,12.64
3460,2024-05-24 10:00:00+00:00,15.44
3461,2024-05-24 11:00:00+00:00,15.65
3462,2024-05-24 12:00:00+00:00,16.04
3463,2024-05-24 13:00:00+00:00,15.87
3464,2024-05-24 14:00:00+00:00,17.04
3465,2024-05-24 15:00:00+00:00,19.8
3466,2024-05-24 16:00:00+00:00,31.34
3467,2024-05-24 17:00:00+00:00,32.89
3468,2024-05-24 18:00:00+00:00,47.4
3469,2024-05-24 19:00:00+00:00,58.66
3470,2024-05-24 20:00:00+00:00,99.67
3471,2024-05-24 21:00:00+00:00,210.33
3472,2024-05-24 22:00:00+00:00,243.73
3473,2024-05-24 23:00:00+00:00,331.71
3474,2024-05-25 00:00:00+00:00,653.5
3475,2024-05-25 01:00:00+00:00,485.01
3476,2024-05-25 02:00:00+00:00,82.17
3477,2024-05-25 03:00:00+00:00,32.03
3478,2024-05-25 04:00:00+00:00,29.4
3479,2024-05-25 05:00:00+00:00,21.14
3480,2024-05-25 06:00:00+00:00,19.65
3481,2024-05-25 07:00:00+00:00,17.9
3482,2024-05-25 08:00:00+00:00,17.0
3483,2024-05-25 09:00:00+00:00,17.86
3484,2024-05-25 10:00:00+00:00,18.44
3485,2024-05-25 11:00:00+00:00,19.07
3486,2024-05-25 12:00:00+00:00,17.12
3487,2024-05-25 13:00:00+00:00,14.28
3488,2024-05-25 14:00:00+00:00,14.0
3489,2024-05-25 15:00:00+00:00,16.69
3490,2024-05-25 16:00:00+00:00,24.77
3491,2024-05-25 17:00:00+00:00,33.18
3492,2024-05-25 18:00:00+00:00,38.37
3493,2024-05-25 19:00:00+00:00,50.26
3494,2024-05-25 20:00:00+00:00,55.58
3495,2024-05-25 21:00:00+00:00,56.85
3496,2024-05-25 22:00:00+00:00,49.63
3497,2024-05-25 23:00:00+00:00,40.39
3498,2024-05-26 00:00:00+00:00,37.08
3499,2024-05-26 01:00:00+00:00,44.43
3500,2024-05-26 02:00:00+00:00,23.64
3501,2024-05-26 03:00:00+00:00,19.82
3502,2024-05-26 04:00:00+00:00,16.8
3503,2024-05-26 05:00:00+00:00,14.7
3504,2024-05-26 06:00:00+00:00,13.3
3505,2024-05-26 07:00:00+00:00,11.02
3506,2024-05-26 08:00:00+00:00,10.88
3507,2024-05-26 09:00:00+00:00,8.41
3508,2024-05-26 10:00:00+00:00,9.14
3509,2024-05-26 11:00:00+00:00,8.65
3510,2024-05-26 12:00:00+00:00,7.28
3511,2024-05-26 13:00:00+00:00,7.07
3512,2024-05-26 14:00:00+00:00,10.0
3513,2024-05-26 15:00:00+00:00,12.8
3514,2024-05-26 16:00:00+00:00,24.99
3515,2024-05-26 17:00:00+00:00,31.63
3516,2024-05-26 18:00:00+00:00,37.67
3517,2024-05-26 19:00:00+00:00,44.26
3518,2024-05-26 20:00:00+00:00,61.02
3519,2024-05-26 21:00:00+00:00,83.23
3520,2024-05-26 22:00:00+00:00,110.51
3521,2024-05-26 23:00:00+00:00,214.25
3522,2024-05-27 00:00:00+00:00,1014.97
3523,2024-05-27 01:00:00+00:00,1519.63
3524,2024-05-27 02:00:00+00:00,349.41
3525,2024-05-27 03:00:00+00:00,70.45
3526,2024-05-27 04:00:00+00:00,39.28
3527,2024-05-27 05:00:00+00:00,32.35
3528,2024-05-27 06:00:00+00:00,28.67
3529,2024-05-27 07:00:00+00:00,22.74
3530,2024-05-27 08:00:00+00:00,21.95
3531,2024-05-27 09:00:00+00:00,20.56
3532,2024-05-27 10:00:00+00:00,20.92
3533,2024-05-27 11:00:00+00:00,18.56
3534,2024-05-27 12:00:00+00:00,15.79
3535,2024-05-27 13:00:00+00:00,14.13
3536,2024-05-27 14:00:00+00:00,14.62
3537,2024-05-27 15:00:00+00:00,20.25
3538,2024-05-27 16:00:00+00:00,35.28
3539,2024-05-27 17:00:00+00:00,44.69
3540,2024-05-27 18:00:00+00:00,62.4
3541,2024-05-27 19:00:00+00:00,84.66
3542,2024-05-27 20:00:00+00:00,108.42
3543,2024-05-27 21:00:00+00:00,164.58
3544,2024-05-27 22:00:00+00:00,146.65
3545,2024-05-27 23:00:00+00:00,138.01
3546,2024-05-28 00:00:00+00:00,276.92
3547,2024-05-28 01:00:00+00:00,144.25
3548,2024-05-28 02:00:00+00:00,31.81
3549,2024-05-28 03:00:00+00:00,23.43
3550,2024-05-28 04:00:00+00:00,21.03
3551,2024-05-28 05:00:00+00:00,18.91
3552,2024-05-28 06:00:00+00:00,16.33
3553,2024-05-28 07:00:00+00:00,13.68
3554,2024-05-28 08:00:00+00:00,14.64
3555,2024-05-28 09:00:00+00:00,14.58
3556,2024-05-28 10:00:00+00:00,17.26
3557,2024-05-28 11:00:00+00:00,22.35
3558,2024-05-28 12:00:00+00:00,20.93
3559,2024-05-28 13:00:00+00:00,17.26
3560,2024-05-28 14:00:00+00:00,19.09
3561,2024-05-28 15:00:00+00:00,22.96
3562,2024-05-28 16:00:00+00:00,25.98
3563,2024-05-28 17:00:00+00:00,31.46
3564,2024-05-28 18:00:00+00:00,42.24
3565,2024-05-28 19:00:00+00:00,46.38
3566,2024-05-28 20:00:00+00:00,51.04
3567,2024-05-28 21:00:00+00:00,55.69
3568,2024-05-28 22:00:00+00:00,44.67
3569,2024-05-28 23:00:00+00:00,38.23
3570,2024-05-29 00:00:00+00:00,49.94
3571,2024-05-29 01:00:00+00:00,40.85
3572,2024-05-29 02:00:00+00:00,28.3
3573,2024-05-29 03:00:00+00:00,22.02
3574,2024-05-29 04:00:00+00:00,17.49
3575,2024-05-29 05:00:00+00:00,15.78
3576,2024-05-29 06:00:00+00:00,15.65
3577,2024-05-29 07:00:00+00:00,15.87
3578,2024-05-29 08:00:00+00:00,15.21
3579,2024-05-29 09:00:00+00:00,16.54
3580,2024-05-29 10:00:00+00:00,18.32
3581,2024-05-29 11:00:00+00:00,22.22
3582,2024-05-29 12:00:00+00:00,20.06
3583,2024-05-29 13:00:00+00:00,20.01
3584,2024-05-29 14:00:00+00:00,18.65
3585,2024-05-29 15:00:00+00:00,18.5
3586,2024-05-29 16:00:00+00:00,21.27
3587,2024-05-29 17:00:00+00:00,24.46
3588,2024-05-29 18:00:00+00:00,29.36
3589,2024-05-29 19:00:00+00:00,30.24
3590,2024-05-29 20:00:00+00:00,29.78
3591,2024-05-29 21:00:00+00:00,36.92
3592,2024-05-29 22:00:00+00:00,33.91
3593,2024-05-29 23:00:00+00:00,27.48
3594,2024-05-30 00:00:00+00:00,32.85
3595,2024-05-30 01:00:00+00:00,36.53
3596,2024-05-30 02:00:00+00:00,27.79
3597,2024-05-30 03:00:00+00:00,22.59
3598,2024-05-30 04:00:00+00:00,18.37
3599,2024-05-30 05:00:00+00:00,14.32
3600,2024-05-30 06:00:00+00:00,13.19
3601,2024-05-30 07:00:00+00:00,12.62
3602,2024-05-30 08:00:00+00:00,13.29
3603,2024-05-30 09:00:00+00:00,15.4
3604,2024-05-30 10:00:00+00:00,18.03
3605,2024-05-30 11:00:00+00:00,22.68
3606,2024-05-30 12:00:00+00:00,22.43
3607,2024-05-30 13:00:00+00:00,20.56
3608,2024-05-30 14:00:00+00:00,16.09
3609,2024-05-30 15:00:00+00:00,19.09
3610,2024-05-30 16:00:00+00:00,22.41
3611,2024-05-30 17:00:00+00:00,24.41
3612,2024-05-30 18:00:00+00:00,25.27
3613,2024-05-30 19:00:00+00:00,25.29
3614,2024-05-30 20:00:00+00:00,26.02
3615,2024-05-30 21:00:00+00:00,25.02
3616,2024-05-30 22:00:00+00:00,21.13
3617,2024-05-30 23:00:00+00:00,19.34
3618,2024-05-31 00:00:00+00:00,26.04
3619,2024-05-31 01:00:00+00:00,25.92
3620,2024-05-31 02:00:00+00:00,20.01
3621,2024-05-31 03:00:00+00:00,16.68
3622,2024-05-31 04:00:00+00:00,14.57
3623,2024-05-31 05:00:00+00:00,16.63
3624,2024-05-31 06:00:00+00:00,16.2
3625,2024-05-31 07:00:00+00:00,15.53
3626,2024-05-31 08:00:00+00:00,15.89
3627,2024-05-31 09:00:00+00:00,17.73
3628,2024-05-31 10:00:00+00:00,20.22
3629,2024-05-31 11:00:00+00:00,28.02
3630,2024-05-31 12:00:00+00:00,24.53
3631,2024-05-31 13:00:00+00:00,21.24
3632,2024-05-31 14:00:00+00:00,19.22
3633,2024-05-31 15:00:00+00:00,20.18
3634,2024-05-31 16:00:00+00:00,24.13
3635,2024-05-31 17:00:00+00:00,28.15
3636,2024-05-31 18:00:00+00:00,30.37
3637,2024-05-31 19:00:00+00:00,31.04
3638,2024-05-31 20:00:00+00:00,37.34
3639,2024-05-31 21:00:00+00:00,50.93
3640,2024-05-31 22:00:00+00:00,51.3
3641,2024-05-31 23:00:00+00:00,39.3
3642,2024-06-01 00:00:00+00:00,56.99
3643,2024-06-01 01:00:00+00:00,68.01
3644,2024-06-01 02:00:00+00:00,51.73
3645,2024-06-01 03:00:00+00:00,29.81
3646,2024-06-01 04:00:00+00:00,24.97
3647,2024-06-01 05:00:00+00:00,24.79
3648,2024-06-01 06:00:00+00:00,20.7
3649,2024-06-01 07:00:00+00:00,21.85
3650,2024-06-01 08:00:00+00:00,22.15
3651,2024-06-01 09:00:00+00:00,23.36
3652,2024-06-01 10:00:00+00:00,25.1
3653,2024-06-01 11:00:00+00:00,24.39
3654,2024-06-01 12:00:00+00:00,20.27
3655,2024-06-01 13:00:00+00:00,19.56
3656,2024-06-01 14:00:00+00:00,20.05
3657,2024-06-01 15:00:00+00:00,21.4
3658,2024-06-01 16:00:00+00:00,23.3
3659,2024-06-01 17:00:00+00:00,29.87
3660,2024-06-01 18:00:00+00:00,29.9
3661,2024-06-01 19:00:00+00:00,27.49
3662,2024-06-01 20:00:00+00:00,27.92
3663,2024-06-01 21:00:00+00:00,32.21
3664,2024-06-01 22:00:00+00:00,31.29
3665,2024-06-01 23:00:00+00:00,30.88
3666,2024-06-02 00:00:00+00:00,49.58
3667,2024-06-02 01:00:00+00:00,45.49
3668,2024-06-02 02:00:00+00:00,27.24
3669,2024-06-02 03:00:00+00:00,23.55
3670,2024-06-02 04:00:00+00:00,19.85
3671,2024-06-02 05:00:00+00:00,16.0
3672,2024-06-02 06:00:00+00:00,13.87
3673,2024-06-02 07:00:00+00:00,13.24
3674,2024-06-02 08:00:00+00:00,12.75
3675,2024-06-02 09:00:00+00:00,13.48
3676,2024-06-02 10:00:00+00:00,14.94
3677,2024-06-02 11:00:00+00:00,15.16
3678,2024-06-02 12:00:00+00:00,12.54
3679,2024-06-02 13:00:00+00:00,10.02
3680,2024-06-02 14:00:00+00:00,10.49
3681,2024-06-02 15:00:00+00:00,13.26
3682,2024-06-02 16:00:00+00:00,16.08
3683,2024-06-02 17:00:00+00:00,23.79
3684,2024-06-02 18:00:00+00:00,29.83
3685,2024-06-02 19:00:00+00:00,30.64
3686,2024-06-02 20:00:00+00:00,34.63
3687,2024-06-02 21:00:00+00:00,36.97
3688,2024-06-02 22:00:00+00:00,33.02
3689,2024-06-02 23:00:00+00:00,32.71
3690,2024-06-03 00:00:00+00:00,40.82
3691,2024-06-03 01:00:00+00:00,37.8
3692,2024-06-03 02:00:00+00:00,25.82
3693,2024-06-03 03:00:00+00:00,19.75
3694,2024-06-03 04:00:00+00:00,17.64
3695,2024-06-03 05:00:00+00:00,16.18
3696,2024-06-03 06:00:00+00:00,13.28
3697,2024-06-03 07:00:00+00:00,11.32
3698,2024-06-03 08:00:00+00:00,10.42
3699,2024-06-03 09:00:00+00:00,10.43
3700,2024-06-03 10:00:00+00:00,12.42
3701,2024-06-03 11:00:00+00:00,12.17
3702,2024-06-03 12:00:00+00:00,11.11
3703,2024-06-03 13:00:00+00:00,9.41
3704,2024-06-03 14:00:00+00:00,11.3
3705,2024-06-03 15:00:00+00:00,13.98
3706,2024-06-03 16:00:00+00:00,21.52
3707,2024-06-03 17:00:00+00:00,23.35
3708,2024-06-03 18:00:00+00:00,31.61
3709,2024-06-03 19:00:00+00:00,31.63
3710,2024-06-03 20:00:00+00:00,35.04
3711,2024-06-03 21:00:00+00:00,46.99
3712,2024-06-03 22:00:00+00:00,43.93
3713,2024-06-03 23:00:00+00:00,39.42
3714,2024-06-04 00:00:00+00:00,53.25
3715,2024-06-04 01:00:00+00:00,38.82
3716,2024-06-04 02:00:00+00:00,24.58
3717,2024-06-04 03:00:00+00:00,20.76
3718,2024-06-04 04:00:00+00:00,18.15
3719,2024-06-04 05:00:00+00:00,16.04
3720,2024-06-04 06:00:00+00:00,13.76
3721,2024-06-04 07:00:00+00:00,11.98
3722,2024-06-04 08:00:00+00:00,12.4
3723,2024-06-04 09:00:00+00:00,13.35
3724,2024-06-04 10:00:00+00:00,15.34
3725,2024-06-04 11:00:00+00:00,14.69
3726,2024-06-04 12:00:00+00:00,13.42
3727,2024-06-04 13:00:00+00:00,11.32
3728,2024-06-04 14:00:00+00:00,13.99
3729,2024-06-04 15:00:00+00:00,17.04
3730,2024-06-04 16:00:00+00:00,21.69
3731,2024-06-04 17:00:00+00:00,30.59
3732,2024-06-04 18:00:00+00:00,35.74
3733,2024-06-04 19:00:00+00:00,41.61
3734,2024-06-04 20:00:00+00:00,51.05
3735,2024-06-04 21:00:00+00:00,63.77
3736,2024-06-04 22:00:00+00:00,60.5
3737,2024-06-04 23:00:00+00:00,61.88
3738,2024-06-05 00:00:00+00:00,112.54
3739,2024-06-05 01:00:00+00:00,79.07
3740,2024-06-05 02:00:00+00:00,38.57
3741,2024-06-05 03:00:00+00:00,26.92
3742,2024-06-05 04:00:00+00:00,21.91
3743,2024-06-05 05:00:00+00:00,18.54
3744,2024-06-05 06:00:00+00:00,17.12
3745,2024-06-05 07:00:00+00:00,16.57
3746,2024-06-05 08:00:00+00:00,16.83
3747,2024-06-05 09:00:00+00:00,17.77
3748,2024-06-05 10:00:00+00:00,19.76
3749,2024-06-05 11:00:00+00:00,22.15
3750,2024-06-05 12:00:00+00:00,19.71
3751,2024-06-05 13:00:00+00:00,17.09
3752,2024-06-05 14:00:00+00:00,17.75
3753,2024-06-05 15:00:00+00:00,20.88
3754,2024-06-05 16:00:00+00:00,24.14
3755,2024-06-05 17:00:00+00:00,31.37
3756,2024-06-05 18:00:00+00:00,41.26
3757,2024-06-05 19:00:00+00:00,46.02
3758,2024-06-05 20:00:00+00:00,65.33
3759,2024-06-05 21:00:00+00:00,78.78
3760,2024-06-05 22:00:00+00:00,77.05
3761,2024-06-05 23:00:00+00:00,77.53
3762,2024-06-06 00:00:00+00:00,117.64
3763,2024-06-06 01:00:00+00:00,138.96
3764,2024-06-06 02:00:00+00:00,63.25
3765,2024-06-06 03:00:00+00:00,28.44
3766,2024-06-06 04:00:00+00:00,23.72
3767,2024-06-06 05:00:00+00:00,20.05
3768,2024-06-06 06:00:00+00:00,17.42
3769,2024-06-06 07:00:00+00:00,16.38
3770,2024-06-06 08:00:00+00:00,15.7
3771,2024-06-06 09:00:00+00:00,15.23
3772,2024-06-06 10:00:00+00:00,16.88
3773,2024-06-06 11:00:00+00:00,20.17
3774,2024-06-06 12:00:00+00:00,18.5
3775,2024-06-06 13:00:00+00:00,16.11
3776,2024-06-06 14:00:00+00:00,15.77
3777,2024-06-06 15:00:00+00:00,18.5
3778,2024-06-06 16:00:00+00:00,23.44
3779,2024-06-06 17:00:00+00:00,37.15
3780,2024-06-06 18:00:00+00:00,56.36
3781,2024-06-06 19:00:00+00:00,67.84
3782,2024-06-06 20:00:00+00:00,95.82
3783,2024-06-06 21:00:00+00:00,119.33
3784,2024-06-06 22:00:00+00:00,119.02
3785,2024-06-06 23:00:00+00:00,96.02
3786,2024-06-07 00:00:00+00:00,187.62
3787,2024-06-07 01:00:00+00:00,119.32
3788,2024-06-07 02:00:00+00:00,37.44
3789,2024-06-07 03:00:00+00:00,25.19
3790,2024-06-07 04:00:00+00:00,20.15
3791,2024-06-07 05:00:00+00:00,15.19
3792,2024-06-07 06:00:00+00:00,13.99
3793,2024-06-07 07:00:00+00:00,12.77
3794,2024-06-07 08:00:00+00:00,12.41
3795,2024-06-07 09:00:00+00:00,12.49
3796,2024-06-07 10:00:00+00:00,13.88
3797,2024-06-07 11:00:00+00:00,16.4
3798,2024-06-07 12:00:00+00:00,14.34
3799,2024-06-07 13:00:00+00:00,12.75
3800,2024-06-07 14:00:00+00:00,13.0
3801,2024-06-07 15:00:00+00:00,15.85
3802,2024-06-07 16:00:00+00:00,20.3
3803,2024-06-07 17:00:00+00:00,27.92
3804,2024-06-07 18:00:00+00:00,37.76
3805,2024-06-07 19:00:00+00:00,47.24
3806,2024-06-07 20:00:00+00:00,50.43
3807,2024-06-07 21:00:00+00:00,57.31
3808,2024-06-07 22:00:00+00:00,56.7
3809,2024-06-07 23:00:00+00:00,50.3
3810,2024-06-08 00:00:00+00:00,44.99
3811,2024-06-08 01:00:00+00:00,42.81
3812,2024-06-08 02:00:00+00:00,31.45
3813,2024-06-08 03:00:00+00:00,22.73
3814,2024-06-08 04:00:00+00:00,19.06
3815,2024-06-08 05:00:00+00:00,16.14
3816,2024-06-08 06:00:00+00:00,13.97
3817,2024-06-08 07:00:00+00:00,12.38
3818,2024-06-08 08:00:00+00:00,11.82
3819,2024-06-08 09:00:00+00:00,11.0
3820,2024-06-08 10:00:00+00:00,10.02
3821,2024-06-08 11:00:00+00:00,11.16
3822,2024-06-08 12:00:00+00:00,10.19
3823,2024-06-08 13:00:00+00:00,10.17
3824,2024-06-08 14:00:00+00:00,11.52
3825,2024-06-08 15:00:00+00:00,16.02
3826,2024-06-08 16:00:00+00:00,20.89
3827,2024-06-08 17:00:00+00:00,24.45
3828,2024-06-08 18:00:00+00:00,28.06
3829,2024-06-08 19:00:00+00:00,30.27
3830,2024-06-08 20:00:00+00:00,35.9
3831,2024-06-08 21:00:00+00:00,42.29
3832,2024-06-08 22:00:00+00:00,39.1
3833,2024-06-08 23:00:00+00:00,37.64
3834,2024-06-09 00:00:00+00:00,46.59
3835,2024-06-09 01:00:00+00:00,43.01
3836,2024-06-09 02:00:00+00:00,28.35
3837,2024-06-09 03:00:00+00:00,22.35
3838,2024-06-09 04:00:00+00:00,19.0
3839,2024-06-09 05:00:00+00:00,17.35
3840,2024-06-09 06:00:00+00:00,14.06
3841,2024-06-09 07:00:00+00:00,12.75
3842,2024-06-09 08:00:00+00:00,11.76
3843,2024-06-09 09:00:00+00:00,11.83
3844,2024-06-09 10:00:00+00:00,13.46
3845,2024-06-09 11:00:00+00:00,15.77
3846,2024-06-09 12:00:00+00:00,15.25
3847,2024-06-09 13:00:00+00:00,13.55
3848,2024-06-09 14:00:00+00:00,13.62
3849,2024-06-09 15:00:00+00:00,19.52
3850,2024-06-09 16:00:00+00:00,21.94
3851,2024-06-09 17:00:00+00:00,26.88
3852,2024-06-09 18:00:00+00:00,35.43
3853,2024-06-09 19:00:00+00:00,40.99
3854,2024-06-09 20:00:00+00:00,39.92
3855,2024-06-09 21:00:00+00:00,60.0
3856,2024-06-09 22:00:00+00:00,62.74
3857,2024-06-09 23:00:00+00:00,60.6
3858,2024-06-10 00:00:00+00:00,82.56
3859,2024-06-10 01:00:00+00:00,64.56
3860,2024-06-10 02:00:00+00:00,44.28
3861,2024-06-10 03:00:00+00:00,26.54
3862,2024-06-10 04:00:00+00:00,24.08
3863,2024-06-10 05:00:00+00:00,25.01
3864,2024-06-10 06:00:00+00:00,20.94
3865,2024-06-10 07:00:00+00:00,19.78
3866,2024-06-10 08:00:00+00:00,20.68
3867,2024-06-10 09:00:00+00:00,21.41
3868,2024-06-10 10:00:00+00:00,22.05
3869,2024-06-10 11:00:00+00:00,28.15
3870,2024-06-10 12:00:00+00:00,25.21
3871,2024-06-10 13:00:00+00:00,24.17
3872,2024-06-10 14:00:00+00:00,24.03
3873,2024-06-10 15:00:00+00:00,26.39
3874,2024-06-10 16:00:00+00:00,31.46
3875,2024-06-10 17:00:00+00:00,41.28
3876,2024-06-10 18:00:00+00:00,38.23
3877,2024-06-10 19:00:00+00:00,42.55
3878,2024-06-10 20:00:00+00:00,57.0
3879,2024-06-10 21:00:00+00:00,65.77
3880,2024-06-10 22:00:00+00:00,62.34
3881,2024-06-10 23:00:00+00:00,91.15
3882,2024-06-11 00:00:00+00:00,118.24
3883,2024-06-11 01:00:00+00:00,126.75
3884,2024-06-11 02:00:00+00:00,74.66
3885,2024-06-11 03:00:00+00:00,32.56
3886,2024-06-11 04:00:00+00:00,27.19
3887,2024-06-11 05:00:00+00:00,27.16
3888,2024-06-11 06:00:00+00:00,25.05
3889,2024-06-11 07:00:00+00:00,23.96
3890,2024-06-11 08:00:00+00:00,23.58
3891,2024-06-11 09:00:00+00:00,23.28
3892,2024-06-11 10:00:00+00:00,25.83
3893,2024-06-11 11:00:00+00:00,27.71
3894,2024-06-11 12:00:00+00:00,25.44
3895,2024-06-11 13:00:00+00:00,24.47
3896,2024-06-11 14:00:00+00:00,23.77
3897,2024-06-11 15:00:00+00:00,27.32
3898,2024-06-11 16:00:00+00:00,29.6
3899,2024-06-11 17:00:00+00:00,36.52
3900,2024-06-11 18:00:00+00:00,49.44
3901,2024-06-11 19:00:00+00:00,52.17
3902,2024-06-11 20:00:00+00:00,58.43
3903,2024-06-11 21:00:00+00:00,58.59
3904,2024-06-11 22:00:00+00:00,58.75
3905,2024-06-11 23:00:00+00:00,59.71
3906,2024-06-12 00:00:00+00:00,76.47
3907,2024-06-12 01:00:00+00:00,90.64
3908,2024-06-12 02:00:00+00:00,46.48
3909,2024-06-12 03:00:00+00:00,29.31
3910,2024-06-12 04:00:00+00:00,26.11
3911,2024-06-12 05:00:00+00:00,28.53
3912,2024-06-12 06:00:00+00:00,26.49
3913,2024-06-12 07:00:00+00:00,25.01
3914,2024-06-12 08:00:00+00:00,25.28
3915,2024-06-12 09:00:00+00:00,25.65
3916,2024-06-12 10:00:00+00:00,26.63
3917,2024-06-12 11:00:00+00:00,29.16
3918,2024-06-12 12:00:00+00:00,26.05
3919,2024-06-12 13:00:00+00:00,24.23
3920,2024-06-12 14:00:00+00:00,21.83
3921,2024-06-12 15:00:00+00:00,25.27
3922,2024-06-12 16:00:00+00:00,31.36
3923,2024-06-12 17:00:00+00:00,37.3
3924,2024-06-12 18:00:00+00:00,47.19
3925,2024-06-12 19:00:00+00:00,55.71
3926,2024-06-12 20:00:00+00:00,65.08
3927,2024-06-12 21:00:00+00:00,69.4
3928,2024-06-12 22:00:00+00:00,60.77
3929,2024-06-12 23:00:00+00:00,65.46
3930,2024-06-13 00:00:00+00:00,82.84
3931,2024-06-13 01:00:00+00:00,84.13
3932,2024-06-13 02:00:00+00:00,41.0
3933,2024-06-13 03:00:00+00:00,26.31
3934,2024-06-13 04:00:00+00:00,24.74
3935,2024-06-13 05:00:00+00:00,20.66
3936,2024-06-13 06:00:00+00:00,17.83
3937,2024-06-13 07:00:00+00:00,16.29
3938,2024-06-13 08:00:00+00:00,17.05
3939,2024-06-13 09:00:00+00:00,18.19
3940,2024-06-13 10:00:00+00:00,20.53
3941,2024-06-13 11:00:00+00:00,24.73
3942,2024-06-13 12:00:00+00:00,23.3
3943,2024-06-13 13:00:00+00:00,21.14
3944,2024-06-13 14:00:00+00:00,20.14
3945,2024-06-13 15:00:00+00:00,26.82
3946,2024-06-13 16:00:00+00:00,35.91
3947,2024-06-13 17:00:00+00:00,47.15
3948,2024-06-13 18:00:00+00:00,67.24
3949,2024-06-13 19:00:00+00:00,76.03
3950,2024-06-13 20:00:00+00:00,86.36
3951,2024-06-13 21:00:00+00:00,89.06
3952,2024-06-13 22:00:00+00:00,76.03
3953,2024-06-13 23:00:00+00:00,74.89
3954,2024-06-14 00:00:00+00:00,109.61
3955,2024-06-14 01:00:00+00:00,73.29
3956,2024-06-14 02:00:00+00:00,37.11
3957,2024-06-14 03:00:00+00:00,27.7
3958,2024-06-14 04:00:00+00:00,25.56
3959,2024-06-14 05:00:00+00:00,20.63
3960,2024-06-14 06:00:00+00:00,19.21
3961,2024-06-14 07:00:00+00:00,17.24
3962,2024-06-14 08:00:00+00:00,17.59
3963,2024-06-14 09:00:00+00:00,17.96
3964,2024-06-14 10:00:00+00:00,20.82
3965,2024-06-14 11:00:00+00:00,21.01
3966,2024-06-14 12:00:00+00:00,19.99
3967,2024-06-14 13:00:00+00:00,18.12
3968,2024-06-14 14:00:00+00:00,18.93
3969,2024-06-14 15:00:00+00:00,27.08
3970,2024-06-14 16:00:00+00:00,35.58
3971,2024-06-14 17:00:00+00:00,46.63
3972,2024-06-14 18:00:00+00:00,61.02
3973,2024-06-14 19:00:00+00:00,66.86
3974,2024-06-14 20:00:00+00:00,73.7
3975,2024-06-14 21:00:00+00:00,74.55
3976,2024-06-14 22:00:00+00:00,53.81
3977,2024-06-14 23:00:00+00:00,44.44
3978,2024-06-15 00:00:00+00:00,57.4
3979,2024-06-15 01:00:00+00:00,55.73
3980,2024-06-15 02:00:00+00:00,32.34
3981,2024-06-15 03:00:00+00:00,28.16
3982,2024-06-15 04:00:00+00:00,24.87
3983,2024-06-15 05:00:00+00:00,24.71
3984,2024-06-15 06:00:00+00:00,22.73
3985,2024-06-15 07:00:00+00:00,21.14
3986,2024-06-15 08:00:00+00:00,21.48
3987,2024-06-15 09:00:00+00:00,21.09
3988,2024-06-15 10:00:00+00:00,21.1
3989,2024-06-15 11:00:00+00:00,18.46
3990,2024-06-15 12:00:00+00:00,17.7
3991,2024-06-15 13:00:00+00:00,15.65
3992,2024-06-15 14:00:00+00:00,16.26
3993,2024-06-15 15:00:00+00:00,20.83
3994,2024-06-15 16:00:00+00:00,29.42
3995,2024-06-15 17:00:00+00:00,39.98
3996,2024-06-15 18:00:00+00:00,49.62
3997,2024-06-15 19:00:00+00:00,45.67
3998,2024-06-15 20:00:00+00:00,51.33
3999,2024-06-15 21:00:00+00:00,56.14
4000,2024-06-15 22:00:00+00:00,45.4
4001,2024-06-15 23:00:00+00:00,41.96
4002,2024-06-16 00:00:00+00:00,60.75
4003,2024-06-16 01:00:00+00:00,51.81
4004,2024-06-16 02:00:00+00:00,33.52
4005,2024-06-16 03:00:00+00:00,28.33
4006,2024-06-16 04:00:00+00:00,23.46
4007,2024-06-16 05:00:00+00:00,21.91
4008,2024-06-16 06:00:00+00:00,18.7
4009,2024-06-16 07:00:00+00:00,16.99
4010,2024-06-16 08:00:00+00:00,15.54
4011,2024-06-16 09:00:00+00:00,14.91
4012,2024-06-16 10:00:00+00:00,15.43
4013,2024-06-16 11:00:00+00:00,14.86
4014,2024-06-16 12:00:00+00:00,13.7
4015,2024-06-16 13:00:00+00:00,9.2
4016,2024-06-16 14:00:00+00:00,11.69
4017,2024-06-16 15:00:00+00:00,17.19
4018,2024-06-16 16:00:00+00:00,22.1
4019,2024-06-16 17:00:00+00:00,26.06
4020,2024-06-16 18:00:00+00:00,29.4
4021,2024-06-16 19:00:00+00:00,30.31
4022,2024-06-16 20:00:00+00:00,34.22
4023,2024-06-16 21:00:00+00:00,36.31
4024,2024-06-16 22:00:00+00:00,35.71
4025,2024-06-16 23:00:00+00:00,36.38
4026,2024-06-17 00:00:00+00:00,43.34
4027,2024-06-17 01:00:00+00:00,48.64
4028,2024-06-17 02:00:00+00:00,31.71
4029,2024-06-17 03:00:00+00:00,28.43
4030,2024-06-17 04:00:00+00:00,23.83
4031,2024-06-17 05:00:00+00:00,21.18
4032,2024-06-17 06:00:00+00:00,19.48
4033,2024-06-17 07:00:00+00:00,17.38
4034,2024-06-17 08:00:00+00:00,16.15
4035,2024-06-17 09:00:00+00:00,16.31
4036,2024-06-17 10:00:00+00:00,18.74
4037,2024-06-17 11:00:00+00:00,18.98
4038,2024-06-17 12:00:00+00:00,17.52
4039,2024-06-17 13:00:00+00:00,14.4
4040,2024-06-17 14:00:00+00:00,14.45
4041,2024-06-17 15:00:00+00:00,17.86
4042,2024-06-17 16:00:00+00:00,22.84
4043,2024-06-17 17:00:00+00:00,26.41
4044,2024-06-17 18:00:00+00:00,34.15
4045,2024-06-17 19:00:00+00:00,30.49
4046,2024-06-17 20:00:00+00:00,30.86
4047,2024-06-17 21:00:00+00:00,30.57
4048,2024-06-17 22:00:00+00:00,27.39
4049,2024-06-17 23:00:00+00:00,26.38
4050,2024-06-18 00:00:00+00:00,34.37
4051,2024-06-18 01:00:00+00:00,35.76
4052,2024-06-18 02:00:00+00:00,26.64
4053,2024-06-18 03:00:00+00:00,28.22
4054,2024-06-18 04:00:00+00:00,19.71
4055,2024-06-18 05:00:00+00:00,21.55
4056,2024-06-18 06:00:00+00:00,20.66
4057,2024-06-18 07:00:00+00:00,18.76
4058,2024-06-18 08:00:00+00:00,18.18
4059,2024-06-18 09:00:00+00:00,19.93
4060,2024-06-18 10:00:00+00:00,22.23
4061,2024-06-18 11:00:00+00:00,22.65
4062,2024-06-18 12:00:00+00:00,20.63
4063,2024-06-18 13:00:00+00:00,18.1
4064,2024-06-18 14:00:00+00:00,17.46
4065,2024-06-18 15:00:00+00:00,19.37
4066,2024-06-18 16:00:00+00:00,22.98
4067,2024-06-18 17:00:00+00:00,26.3
4068,2024-06-18 18:00:00+00:00,29.83
4069,2024-06-18 19:00:00+00:00,33.15
4070,2024-06-18 20:00:00+00:00,35.31
4071,2024-06-18 21:00:00+00:00,34.16
4072,2024-06-18 22:00:00+00:00,32.71
4073,2024-06-18 23:00:00+00:00,30.48
4074,2024-06-19 00:00:00+00:00,36.27
4075,2024-06-19 01:00:00+00:00,35.76
4076,2024-06-19 02:00:00+00:00,28.28
4077,2024-06-19 03:00:00+00:00,28.63
4078,2024-06-19 04:00:00+00:00,22.51
4079,2024-06-19 05:00:00+00:00,23.18
4080,2024-06-19 06:00:00+00:00,18.58
4081,2024-06-19 07:00:00+00:00,17.31
4082,2024-06-19 08:00:00+00:00,16.8
4083,2024-06-19 09:00:00+00:00,17.63
4084,2024-06-19 10:00:00+00:00,20.26
4085,2024-06-19 11:00:00+00:00,24.03
4086,2024-06-19 12:00:00+00:00,23.2
4087,2024-06-19 13:00:00+00:00,20.97
4088,2024-06-19 14:00:00+00:00,20.88
4089,2024-06-19 15:00:00+00:00,25.66
4090,2024-06-19 16:00:00+00:00,28.23
4091,2024-06-19 17:00:00+00:00,31.35
4092,2024-06-19 18:00:00+00:00,28.79
4093,2024-06-19 19:00:00+00:00,28.02
4094,2024-06-19 20:00:00+00:00,23.53
4095,2024-06-19 21:00:00+00:00,24.05
4096,2024-06-19 22:00:00+00:00,24.13
4097,2024-06-19 23:00:00+00:00,23.3
4098,2024-06-20 00:00:00+00:00,27.53
4099,2024-06-20 01:00:00+00:00,31.61
4100,2024-06-20 02:00:00+00:00,26.06
4101,2024-06-20 03:00:00+00:00,28.14
4102,2024-06-20 04:00:00+00:00,23.21
4103,2024-06-20 05:00:00+00:00,20.43
4104,2024-06-20 06:00:00+00:00,18.47
4105,2024-06-20 07:00:00+00:00,18.85
4106,2024-06-20 08:00:00+00:00,19.08
4107,2024-06-20 09:00:00+00:00,20.04
4108,2024-06-20 10:00:00+00:00,23.14
4109,2024-06-20 11:00:00+00:00,23.58
4110,2024-06-20 12:00:00+00:00,22.84
4111,2024-06-20 13:00:00+00:00,21.07
4112,2024-06-20 14:00:00+00:00,22.8
4113,2024-06-20 15:00:00+00:00,24.71
4114,2024-06-20 16:00:00+00:00,28.28
4115,2024-06-20 17:00:00+00:00,29.77
4116,2024-06-20 18:00:00+00:00,34.68
4117,2024-06-20 19:00:00+00:00,34.41
4118,2024-06-20 20:00:00+00:00,35.1
4119,2024-06-20 21:00:00+00:00,37.32
4120,2024-06-20 22:00:00+00:00,38.8
4121,2024-06-20 23:00:00+00:00,32.68
4122,2024-06-21 00:00:00+00:00,51.9
4123,2024-06-21 01:00:00+00:00,60.54
4124,2024-06-21 02:00:00+00:00,44.02
4125,2024-06-21 03:00:00+00:00,33.06
4126,2024-06-21 04:00:00+00:00,26.8
4127,2024-06-21 05:00:00+00:00,25.43
4128,2024-06-21 06:00:00+00:00,23.57
4129,2024-06-21 07:00:00+00:00,23.19
4130,2024-06-21 08:00:00+00:00,23.66
4131,2024-06-21 09:00:00+00:00,24.16
4132,2024-06-21 10:00:00+00:00,27.41
4133,2024-06-21 11:00:00+00:00,30.39
4134,2024-06-21 12:00:00+00:00,26.95
4135,2024-06-21 13:00:00+00:00,22.72
4136,2024-06-21 14:00:00+00:00,21.45
4137,2024-06-21 15:00:00+00:00,23.4
4138,2024-06-21 16:00:00+00:00,23.51
4139,2024-06-21 17:00:00+00:00,27.97
4140,2024-06-21 18:00:00+00:00,31.76
4141,2024-06-21 19:00:00+00:00,35.57
4142,2024-06-21 20:00:00+00:00,40.2
4143,2024-06-21 21:00:00+00:00,40.76
4144,2024-06-21 22:00:00+00:00,38.32
4145,2024-06-21 23:00:00+00:00,37.07
4146,2024-06-22 00:00:00+00:00,61.5
4147,2024-06-22 01:00:00+00:00,57.79
4148,2024-06-22 02:00:00+00:00,36.53
4149,2024-06-22 03:00:00+00:00,27.62
4150,2024-06-22 04:00:00+00:00,22.85
4151,2024-06-22 05:00:00+00:00,19.74
4152,2024-06-22 06:00:00+00:00,18.01
4153,2024-06-22 07:00:00+00:00,17.37
4154,2024-06-22 08:00:00+00:00,16.94
4155,2024-06-22 09:00:00+00:00,16.93
4156,2024-06-22 10:00:00+00:00,17.15
4157,2024-06-22 11:00:00+00:00,18.58
4158,2024-06-22 12:00:00+00:00,17.67
4159,2024-06-22 13:00:00+00:00,16.17
4160,2024-06-22 14:00:00+00:00,15.18
4161,2024-06-22 15:00:00+00:00,17.13
4162,2024-06-22 16:00:00+00:00,20.27
4163,2024-06-22 17:00:00+00:00,24.33
4164,2024-06-22 18:00:00+00:00,25.51
4165,2024-06-22 19:00:00+00:00,28.08
4166,2024-06-22 20:00:00+00:00,35.0
4167,2024-06-22 21:00:00+00:00,37.96
4168,2024-06-22 22:00:00+00:00,38.74
4169,2024-06-22 23:00:00+00:00,45.27
4170,2024-06-23 00:00:00+00:00,84.11
4171,2024-06-23 01:00:00+00:00,82.15
4172,2024-06-23 02:00:00+00:00,35.97
4173,2024-06-23 03:00:00+00:00,27.44
4174,2024-06-23 04:00:00+00:00,24.05
4175,2024-06-23 05:00:00+00:00,18.23
4176,2024-06-23 06:00:00+00:00,17.61
4177,2024-06-23 07:00:00+00:00,16.31
4178,2024-06-23 08:00:00+00:00,15.42
4179,2024-06-23 09:00:00+00:00,15.64
4180,2024-06-23 10:00:00+00:00,15.4
4181,2024-06-23 11:00:00+00:00,15.4
4182,2024-06-23 12:00:00+00:00,14.28
4183,2024-06-23 13:00:00+00:00,12.83
4184,2024-06-23 14:00:00+00:00,15.58
4185,2024-06-23 15:00:00+00:00,18.65
4186,2024-06-23 16:00:00+00:00,25.87
4187,2024-06-23 17:00:00+00:00,32.88
4188,2024-06-23 18:00:00+00:00,37.64
4189,2024-06-23 19:00:00+00:00,41.2
4190,2024-06-23 20:00:00+00:00,46.6
4191,2024-06-23 21:00:00+00:00,57.87
4192,2024-06-23 22:00:00+00:00,65.0
4193,2024-06-23 23:00:00+00:00,74.44
4194,2024-06-24 00:00:00+00:00,197.53
4195,2024-06-24 01:00:00+00:00,215.18
4196,2024-06-24 02:00:00+00:00,59.41
4197,2024-06-24 03:00:00+00:00,32.77
4198,2024-06-24 04:00:00+00:00,25.29
4199,2024-06-24 05:00:00+00:00,20.69
4200,2024-06-24 06:00:00+00:00,17.99
4201,2024-06-24 07:00:00+00:00,16.95
4202,2024-06-24 08:00:00+00:00,16.97
4203,2024-06-24 09:00:00+00:00,17.91
4204,2024-06-24 10:00:00+00:00,19.48
4205,2024-06-24 11:00:00+00:00,20.45
4206,2024-06-24 12:00:00+00:00,18.15
4207,2024-06-24 13:00:00+00:00,17.66
4208,2024-06-24 14:00:00+00:00,18.25
4209,2024-06-24 15:00:00+00:00,23.97
4210,2024-06-24 16:00:00+00:00,28.73
4211,2024-06-24 17:00:00+00:00,35.22
4212,2024-06-24 18:00:00+00:00,43.22
4213,2024-06-24 19:00:00+00:00,47.67
4214,2024-06-24 20:00:00+00:00,60.63
4215,2024-06-24 21:00:00+00:00,70.22
4216,2024-06-24 22:00:00+00:00,69.61
4217,2024-06-24 23:00:00+00:00,70.91
4218,2024-06-25 00:00:00+00:00,122.61
4219,2024-06-25 01:00:00+00:00,116.23
4220,2024-06-25 02:00:00+00:00,39.12
4221,2024-06-25 03:00:00+00:00,29.24
4222,2024-06-25 04:00:00+00:00,23.36
4223,2024-06-25 05:00:00+00:00,17.48
4224,2024-06-25 06:00:00+00:00,16.56
4225,2024-06-25 07:00:00+00:00,15.0
4226,2024-06-25 08:00:00+00:00,14.59
4227,2024-06-25 09:00:00+00:00,14.73
4228,2024-06-25 10:00:00+00:00,16.47
4229,2024-06-25 11:00:00+00:00,17.79
4230,2024-06-25 12:00:00+00:00,15.67
4231,2024-06-25 13:00:00+00:00,14.57
4232,2024-06-25 14:00:00+00:00,13.82
4233,2024-06-25 15:00:00+00:00,17.98
4234,2024-06-25 16:00:00+00:00,23.27
4235,2024-06-25 17:00:00+00:00,27.75
4236,2024-06-25 18:00:00+00:00,32.27
4237,2024-06-25 19:00:00+00:00,34.54
4238,2024-06-25 20:00:00+00:00,38.14
4239,2024-06-25 21:00:00+00:00,46.37
4240,2024-06-25 22:00:00+00:00,45.53
4241,2024-06-25 23:00:00+00:00,46.47
4242,2024-06-26 00:00:00+00:00,86.37
4243,2024-06-26 01:00:00+00:00,71.15
4244,2024-06-26 02:00:00+00:00,31.02
4245,2024-06-26 03:00:00+00:00,27.46
4246,2024-06-26 04:00:00+00:00,22.44
4247,2024-06-26 05:00:00+00:00,19.74
4248,2024-06-26 06:00:00+00:00,17.91
4249,2024-06-26 07:00:00+00:00,16.5
4250,2024-06-26 08:00:00+00:00,16.17
4251,2024-06-26 09:00:00+00:00,17.08
4252,2024-06-26 10:00:00+00:00,18.69
4253,2024-06-26 11:00:00+00:00,19.7
4254,2024-06-26 12:00:00+00:00,19.25
4255,2024-06-26 13:00:00+00:00,18.45
4256,2024-06-26 14:00:00+00:00,18.91
4257,2024-06-26 15:00:00+00:00,26.77
4258,2024-06-26 16:00:00+00:00,33.03
4259,2024-06-26 17:00:00+00:00,40.15
4260,2024-06-26 18:00:00+00:00,50.54
4261,2024-06-26 19:00:00+00:00,61.76
4262,2024-06-26 20:00:00+00:00,63.74
4263,2024-06-26 21:00:00+00:00,65.02
4264,2024-06-26 22:00:00+00:00,60.37
4265,2024-06-26 23:00:00+00:00,59.72
4266,2024-06-27 00:00:00+00:00,149.54
4267,2024-06-27 01:00:00+00:00,136.17
4268,2024-06-27 02:00:00+00:00,59.01
4269,2024-06-27 03:00:00+00:00,34.95
4270,2024-06-27 04:00:00+00:00,28.52
4271,2024-06-27 05:00:00+00:00,27.74
4272,2024-06-27 06:00:00+00:00,24.72
4273,2024-06-27 07:00:00+00:00,22.59
4274,2024-06-27 08:00:00+00:00,22.41
4275,2024-06-27 09:00:00+00:00,23.87
4276,2024-06-27 10:00:00+00:00,25.6
4277,2024-06-27 11:00:00+00:00,26.14
4278,2024-06-27 12:00:00+00:00,24.54
4279,2024-06-27 13:00:00+00:00,21.78
4280,2024-06-27 14:00:00+00:00,21.19
4281,2024-06-27 15:00:00+00:00,27.9
4282,2024-06-27 16:00:00+00:00,33.47
4283,2024-06-27 17:00:00+00:00,40.86
4284,2024-06-27 18:00:00+00:00,51.99
4285,2024-06-27 19:00:00+00:00,55.2
4286,2024-06-27 20:00:00+00:00,55.97
4287,2024-06-27 21:00:00+00:00,53.17
4288,2024-06-27 22:00:00+00:00,42.96
4289,2024-06-27 23:00:00+00:00,43.21
4290,2024-06-28 00:00:00+00:00,59.27
4291,2024-06-28 01:00:00+00:00,50.3
4292,2024-06-28 02:00:00+00:00,31.79
4293,2024-06-28 03:00:00+00:00,28.44
4294,2024-06-28 04:00:00+00:00,22.03
4295,2024-06-28 05:00:00+00:00,19.96
4296,2024-06-28 06:00:00+00:00,18.42
4297,2024-06-28 07:00:00+00:00,17.02
4298,2024-06-28 08:00:00+00:00,15.86
4299,2024-06-28 09:00:00+00:00,15.36
4300,2024-06-28 10:00:00+00:00,17.04
4301,2024-06-28 11:00:00+00:00,16.91
4302,2024-06-28 12:00:00+00:00,15.89
4303,2024-06-28 13:00:00+00:00,14.53
4304,2024-06-28 14:00:00+00:00,14.75
4305,2024-06-28 15:00:00+00:00,17.94
4306,2024-06-28 16:00:00+00:00,22.23
4307,2024-06-28 17:00:00+00:00,28.0
4308,2024-06-28 18:00:00+00:00,32.84
4309,2024-06-28 19:00:00+00:00,36.32
4310,2024-06-28 20:00:00+00:00,41.87
4311,2024-06-28 21:00:00+00:00,40.15
4312,2024-06-28 22:00:00+00:00,36.77
4313,2024-06-28 23:00:00+00:00,29.75
4314,2024-06-29 00:00:00+00:00,44.48
4315,2024-06-29 01:00:00+00:00,36.72
4316,2024-06-29 02:00:00+00:00,25.78
4317,2024-06-29 03:00:00+00:00,24.06
4318,2024-06-29 04:00:00+00:00,19.11
4319,2024-06-29 05:00:00+00:00,20.79
4320,2024-06-29 06:00:00+00:00,17.8
4321,2024-06-29 07:00:00+00:00,16.16
4322,2024-06-29 08:00:00+00:00,14.81
4323,2024-06-29 09:00:00+00:00,15.25
4324,2024-06-29 10:00:00+00:00,16.29
4325,2024-06-29 11:00:00+00:00,17.29
4326,2024-06-29 12:00:00+00:00,16.61
4327,2024-06-29 13:00:00+00:00,14.63
4328,2024-06-29 14:00:00+00:00,15.41
4329,2024-06-29 15:00:00+00:00,18.71
4330,2024-06-29 16:00:00+00:00,23.5
4331,2024-06-29 17:00:00+00:00,29.71
4332,2024-06-29 18:00:00+00:00,36.06
4333,2024-06-29 19:00:00+00:00,34.39
4334,2024-06-29 20:00:00+00:00,36.59
4335,2024-06-29 21:00:00+00:00,36.34
4336,2024-06-29 22:00:00+00:00,33.06
4337,2024-06-29 23:00:00+00:00,32.99
4338,2024-06-30 00:00:00+00:00,43.23
4339,2024-06-30 01:00:00+00:00,54.43
4340,2024-06-30 02:00:00+00:00,33.03
4341,2024-06-30 03:00:00+00:00,28.34
4342,2024-06-30 04:00:00+00:00,23.41
4343,2024-06-30 05:00:00+00:00,19.18
4344,2024-06-30 06:00:00+00:00,18.08
4345,2024-06-30 07:00:00+00:00,17.61
4346,2024-06-30 08:00:00+00:00,17.67
4347,2024-06-30 09:00:00+00:00,17.37
4348,2024-06-30 10:00:00+00:00,18.61
4349,2024-06-30 11:00:00+00:00,18.26
4350,2024-06-30 12:00:00+00:00,15.81
4351,2024-06-30 13:00:00+00:00,15.2
4352,2024-06-30 14:00:00+00:00,16.5
4353,2024-06-30 15:00:00+00:00,19.83
4354,2024-06-30 16:00:00+00:00,23.17
4355,2024-06-30 17:00:00+00:00,28.88
4356,2024-06-30 18:00:00+00:00,31.88
4357,2024-06-30 19:00:00+00:00,34.54
4358,2024-06-30 20:00:00+00:00,37.77
4359,2024-06-30 21:00:00+00:00,39.08
4360,2024-06-30 22:00:00+00:00,39.3
4361,2024-06-30 23:00:00+00:00,37.43
4362,2024-07-01 00:00:00+00:00,63.14
4363,2024-07-01 01:00:00+00:00,71.21
4364,2024-07-01 02:00:00+00:00,37.83
4365,2024-07-01 03:00:00+00:00,24.83
4366,2024-07-01 04:00:00+00:00,19.56
4367,2024-07-01 05:00:00+00:00,20.6
4368,2024-07-01 06:00:00+00:00,18.63
4369,2024-07-01 07:00:00+00:00,17.21
4370,2024-07-01 08:00:00+00:00,16.9
4371,2024-07-01 09:00:00+00:00,16.91
4372,2024-07-01 10:00:00+00:00,17.32
4373,2024-07-01 11:00:00+00:00,18.19
4374,2024-07-01 12:00:00+00:00,17.1
4375,2024-07-01 13:00:00+00:00,14.1
4376,2024-07-01 14:00:00+00:00,14.95
4377,2024-07-01 15:00:00+00:00,19.1
4378,2024-07-01 16:00:00+00:00,24.03
4379,2024-07-01 17:00:00+00:00,29.55
4380,2024-07-01 18:00:00+00:00,35.4
4381,2024-07-01 19:00:00+00:00,39.42
4382,2024-07-01 20:00:00+00:00,41.28
4383,2024-07-01 21:00:00+00:00,40.49
4384,2024-07-01 22:00:00+00:00,36.89
4385,2024-07-01 23:00:00+00:00,35.46
4386,2024-07-02 00:00:00+00:00,41.27
4387,2024-07-02 01:00:00+00:00,46.66
4388,2024-07-02 02:00:00+00:00,31.7
4389,2024-07-02 03:00:00+00:00,27.42
4390,2024-07-02 04:00:00+00:00,21.52
4391,2024-07-02 05:00:00+00:00,19.78
4392,2024-07-02 06:00:00+00:00,17.56
4393,2024-07-02 07:00:00+00:00,17.51
4394,2024-07-02 08:00:00+00:00,16.62
4395,2024-07-02 09:00:00+00:00,15.84
4396,2024-07-02 10:00:00+00:00,17.54
4397,2024-07-02 11:00:00+00:00,15.5
4398,2024-07-02 12:00:00+00:00,13.17
4399,2024-07-02 13:00:00+00:00,11.06
4400,2024-07-02 14:00:00+00:00,12.76
4401,2024-07-02 15:00:00+00:00,16.93
4402,2024-07-02 16:00:00+00:00,20.71
4403,2024-07-02 17:00:00+00:00,28.55
4404,2024-07-02 18:00:00+00:00,33.73
4405,2024-07-02 19:00:00+00:00,37.57
4406,2024-07-02 20:00:00+00:00,44.68
4407,2024-07-02 21:00:00+00:00,44.73
4408,2024-07-02 22:00:00+00:00,42.24
4409,2024-07-02 23:00:00+00:00,35.42
4410,2024-07-03 00:00:00+00:00,49.08
4411,2024-07-03 01:00:00+00:00,50.43
4412,2024-07-03 02:00:00+00:00,32.64
4413,2024-07-03 03:00:00+00:00,25.8
4414,2024-07-03 04:00:00+00:00,22.31
4415,2024-07-03 05:00:00+00:00,19.02
4416,2024-07-03 06:00:00+00:00,16.17
4417,2024-07-03 07:00:00+00:00,15.25
4418,2024-07-03 08:00:00+00:00,14.87
4419,2024-07-03 09:00:00+00:00,14.9
4420,2024-07-03 10:00:00+00:00,16.05
4421,2024-07-03 11:00:00+00:00,16.43
4422,2024-07-03 12:00:00+00:00,13.78
4423,2024-07-03 13:00:00+00:00,11.09
4424,2024-07-03 14:00:00+00:00,11.25
4425,2024-07-03 15:00:00+00:00,14.65
4426,2024-07-03 16:00:00+00:00,22.43
4427,2024-07-03 17:00:00+00:00,28.51
4428,2024-07-03 18:00:00+00:00,34.94
4429,2024-07-03 19:00:00+00:00,36.88
4430,2024-07-03 20:00:00+00:00,35.77
4431,2024-07-03 21:00:00+00:00,33.87
4432,2024-07-03 22:00:00+00:00,31.9
4433,2024-07-03 23:00:00+00:00,31.49
4434,2024-07-04 00:00:00+00:00,47.45
4435,2024-07-04 01:00:00+00:00,44.77
4436,2024-07-04 02:00:00+00:00,27.67
4437,2024-07-04 03:00:00+00:00,26.04
4438,2024-07-04 04:00:00+00:00,20.92
4439,2024-07-04 05:00:00+00:00,18.25
4440,2024-07-04 06:00:00+00:00,15.74
4441,2024-07-04 07:00:00+00:00,13.84
4442,2024-07-04 08:00:00+00:00,12.69
4443,2024-07-04 09:00:00+00:00,12.53
4444,2024-07-04 10:00:00+00:00,13.24
4445,2024-07-04 11:00:00+00:00,12.61
4446,2024-07-04 12:00:00+00:00,11.44
4447,2024-07-04 13:00:00+00:00,9.0
4448,2024-07-04 14:00:00+00:00,8.73
4449,2024-07-04 15:00:00+00:00,12.35
4450,2024-07-04 16:00:00+00:00,19.08
4451,2024-07-04 17:00:00+00:00,22.3
4452,2024-07-04 18:00:00+00:00,27.45
4453,2024-07-04 19:00:00+00:00,28.36
4454,2024-07-04 20:00:00+00:00,30.1
4455,2024-07-04 21:00:00+00:00,34.99
4456,2024-07-04 22:00:00+00:00,35.12
4457,2024-07-04 23:00:00+00:00,38.43
4458,2024-07-05 00:00:00+00:00,77.0
4459,2024-07-05 01:00:00+00:00,75.2
4460,2024-07-05 02:00:00+00:00,37.83
4461,2024-07-05 03:00:00+00:00,28.47
4462,2024-07-05 04:00:00+00:00,22.24
4463,2024-07-05 05:00:00+00:00,27.71
4464,2024-07-05 06:00:00+00:00,23.01
4465,2024-07-05 07:00:00+00:00,19.64
4466,2024-07-05 08:00:00+00:00,18.93
4467,2024-07-05 09:00:00+00:00,18.68
4468,2024-07-05 10:00:00+00:00,19.99
4469,2024-07-05 11:00:00+00:00,19.38
4470,2024-07-05 12:00:00+00:00,17.1
4471,2024-07-05 13:00:00+00:00,14.04
4472,2024-07-05 14:00:00+00:00,13.6
4473,2024-07-05 15:00:00+00:00,16.53
4474,2024-07-05 16:00:00+00:00,21.34
4475,2024-07-05 17:00:00+00:00,26.2
4476,2024-07-05 18:00:00+00:00,30.61
4477,2024-07-05 19:00:00+00:00,33.82
4478,2024-07-05 20:00:00+00:00,31.75
4479,2024-07-05 21:00:00+00:00,33.1
4480,2024-07-05 22:00:00+00:00,32.11
4481,2024-07-05 23:00:00+00:00,29.6
4482,2024-07-06 00:00:00+00:00,38.64
4483,2024-07-06 01:00:00+00:00,45.12
4484,2024-07-06 02:00:00+00:00,32.87
4485,2024-07-06 03:00:00+00:00,33.94
4486,2024-07-06 04:00:00+00:00,27.85
4487,2024-07-06 05:00:00+00:00,23.47
4488,2024-07-06 06:00:00+00:00,22.88
4489,2024-07-06 07:00:00+00:00,21.72
4490,2024-07-06 08:00:00+00:00,20.56
4491,2024-07-06 09:00:00+00:00,19.93
4492,2024-07-06 10:00:00+00:00,23.01
4493,2024-07-06 11:00:00+00:00,21.99
4494,2024-07-06 12:00:00+00:00,18.16
4495,2024-07-06 13:00:00+00:00,16.21
4496,2024-07-06 14:00:00+00:00,17.96
4497,2024-07-06 15:00:00+00:00,17.4
4498,2024-07-06 16:00:00+00:00,20.97
4499,2024-07-06 17:00:00+00:00,24.71
4500,2024-07-06 18:00:00+00:00,32.17
4501,2024-07-06 19:00:00+00:00,34.56
4502,2024-07-06 20:00:00+00:00,35.14
4503,2024-07-06 21:00:00+00:00,35.73
4504,2024-07-06 22:00:00+00:00,30.85
4505,2024-07-06 23:00:00+00:00,32.13
4506,2024-07-07 00:00:00+00:00,52.89
4507,2024-07-07 01:00:00+00:00,40.67
4508,2024-07-07 02:00:00+00:00,28.08
4509,2024-07-07 03:00:00+00:00,20.88
4510,2024-07-07 04:00:00+00:00,18.2
4511,2024-07-07 05:00:00+00:00,19.01
4512,2024-07-07 06:00:00+00:00,16.75
4513,2024-07-07 07:00:00+00:00,15.36
4514,2024-07-07 08:00:00+00:00,14.87
4515,2024-07-07 09:00:00+00:00,13.79
4516,2024-07-07 10:00:00+00:00,13.95
4517,2024-07-07 11:00:00+00:00,13.22
4518,2024-07-07 12:00:00+00:00,11.12
4519,2024-07-07 13:00:00+00:00,8.32
4520,2024-07-07 14:00:00+00:00,9.07
4521,2024-07-07 15:00:00+00:00,12.07
4522,2024-07-07 16:00:00+00:00,14.96
4523,2024-07-07 17:00:00+00:00,17.5
4524,2024-07-07 18:00:00+00:00,20.74
4525,2024-07-07 19:00:00+00:00,22.48
4526,2024-07-07 20:00:00+00:00,23.43
4527,2024-07-07 21:00:00+00:00,26.34
4528,2024-07-07 22:00:00+00:00,27.06
4529,2024-07-07 23:00:00+00:00,28.11
4530,2024-07-08 00:00:00+00:00,34.34
4531,2024-07-08 01:00:00+00:00,35.05
4532,2024-07-08 02:00:00+00:00,24.81
4533,2024-07-08 03:00:00+00:00,19.2
4534,2024-07-08 04:00:00+00:00,17.96
4535,2024-07-08 05:00:00+00:00,20.09
4536,2024-07-08 06:00:00+00:00,18.36
4537,2024-07-08 07:00:00+00:00,18.46
4538,2024-07-08 08:00:00+00:00,19.18
4539,2024-07-08 09:00:00+00:00,21.26
4540,2024-07-08 10:00:00+00:00,24.44
4541,2024-07-08 11:00:00+00:00,20.0
4542,2024-07-08 12:00:00+00:00,16.89
4543,2024-07-08 13:00:00+00:00,12.74
4544,2024-07-08 14:00:00+00:00,12.77
4545,2024-07-08 15:00:00+00:00,14.16
4546,2024-07-08 16:00:00+00:00,13.86
4547,2024-07-08 17:00:00+00:00,14.39
4548,2024-07-08 18:00:00+00:00,15.38
4549,2024-07-08 19:00:00+00:00,16.15
4550,2024-07-08 20:00:00+00:00,17.23
4551,2024-07-08 21:00:00+00:00,17.89
4552,2024-07-08 22:00:00+00:00,18.78
4553,2024-07-08 23:00:00+00:00,18.63
4554,2024-07-09 00:00:00+00:00,18.72
4555,2024-07-09 01:00:00+00:00,25.72
4556,2024-07-09 02:00:00+00:00,23.39
4557,2024-07-09 03:00:00+00:00,27.5
4558,2024-07-09 04:00:00+00:00,21.1
4559,2024-07-09 05:00:00+00:00,21.5
4560,2024-07-09 06:00:00+00:00,17.68
4561,2024-07-09 07:00:00+00:00,16.77
4562,2024-07-09 08:00:00+00:00,15.86
4563,2024-07-09 09:00:00+00:00,16.15
4564,2024-07-09 10:00:00+00:00,17.23
4565,2024-07-09 11:00:00+00:00,16.77
4566,2024-07-09 12:00:00+00:00,13.62
4567,2024-07-09 13:00:00+00:00,10.55
4568,2024-07-09 14:00:00+00:00,10.72
4569,2024-07-09 15:00:00+00:00,12.33
4570,2024-07-09 16:00:00+00:00,15.35
4571,2024-07-09 17:00:00+00:00,18.23
4572,2024-07-09 18:00:00+00:00,23.53
4573,2024-07-09 19:00:00+00:00,25.42
4574,2024-07-09 20:00:00+00:00,28.01
4575,2024-07-09 21:00:00+00:00,37.1
4576,2024-07-09 22:00:00+00:00,32.82
4577,2024-07-09 23:00:00+00:00,35.06
4578,2024-07-10 00:00:00+00:00,88.59
4579,2024-07-10 01:00:00+00:00,81.47
4580,2024-07-10 02:00:00+00:00,37.2
4581,2024-07-10 03:00:00+00:00,32.21
4582,2024-07-10 04:00:00+00:00,23.2
4583,2024-07-10 05:00:00+00:00,17.5
4584,2024-07-10 06:00:00+00:00,15.27
4585,2024-07-10 07:00:00+00:00,13.47
4586,2024-07-10 08:00:00+00:00,12.4
4587,2024-07-10 09:00:00+00:00,12.79
4588,2024-07-10 10:00:00+00:00,13.86
4589,2024-07-10 11:00:00+00:00,12.58
4590,2024-07-10 12:00:00+00:00,11.06
4591,2024-07-10 13:00:00+00:00,9.4
4592,2024-07-10 14:00:00+00:00,10.9
4593,2024-07-10 15:00:00+00:00,14.24
4594,2024-07-10 16:00:00+00:00,17.81
4595,2024-07-10 17:00:00+00:00,25.0
4596,2024-07-10 18:00:00+00:00,27.8
4597,2024-07-10 19:00:00+00:00,30.07
4598,2024-07-10 20:00:00+00:00,30.86
4599,2024-07-10 21:00:00+00:00,38.35
4600,2024-07-10 22:00:00+00:00,34.47
4601,2024-07-10 23:00:00+00:00,33.82
4602,2024-07-11 00:00:00+00:00,70.41
4603,2024-07-11 01:00:00+00:00,62.59
4604,2024-07-11 02:00:00+00:00,30.63
4605,2024-07-11 03:00:00+00:00,27.13
4606,2024-07-11 04:00:00+00:00,22.97
4607,2024-07-11 05:00:00+00:00,18.97
4608,2024-07-11 06:00:00+00:00,16.09
4609,2024-07-11 07:00:00+00:00,15.1
4610,2024-07-11 08:00:00+00:00,14.63
4611,2024-07-11 09:00:00+00:00,14.91
4612,2024-07-11 10:00:00+00:00,16.47
4613,2024-07-11 11:00:00+00:00,15.97
4614,2024-07-11 12:00:00+00:00,13.01
4615,2024-07-11 13:00:00+00:00,11.37
4616,2024-07-11 14:00:00+00:00,12.63
4617,2024-07-11 15:00:00+00:00,15.6
4618,2024-07-11 16:00:00+00:00,22.48
4619,2024-07-11 17:00:00+00:00,29.19
4620,2024-07-11 18:00:00+00:00,28.43
4621,2024-07-11 19:00:00+00:00,29.46
4622,2024-07-11 20:00:00+00:00,30.37
4623,2024-07-11 21:00:00+00:00,32.88
4624,2024-07-11 22:00:00+00:00,34.05
4625,2024-07-11 23:00:00+00:00,35.88
4626,2024-07-12 00:00:00+00:00,60.18
4627,2024-07-12 01:00:00+00:00,63.57
4628,2024-07-12 02:00:00+00:00,33.0
4629,2024-07-12 03:00:00+00:00,25.2
4630,2024-07-12 04:00:00+00:00,20.39
4631,2024-07-12 05:00:00+00:00,17.35
4632,2024-07-12 06:00:00+00:00,14.57
4633,2024-07-12 07:00:00+00:00,13.6
4634,2024-07-12 08:00:00+00:00,13.32
4635,2024-07-12 09:00:00+00:00,13.81
4636,2024-07-12 10:00:00+00:00,14.85
4637,2024-07-12 11:00:00+00:00,14.11
4638,2024-07-12 12:00:00+00:00,12.51
4639,2024-07-12 13:00:00+00:00,11.12
4640,2024-07-12 14:00:00+00:00,12.91
4641,2024-07-12 15:00:00+00:00,16.52
4642,2024-07-12 16:00:00+00:00,21.58
4643,2024-07-12 17:00:00+00:00,26.16
4644,2024-07-12 18:00:00+00:00,28.08
4645,2024-07-12 19:00:00+00:00,28.27
4646,2024-07-12 20:00:00+00:00,29.99
4647,2024-07-12 21:00:00+00:00,33.61
4648,2024-07-12 22:00:00+00:00,29.5
4649,2024-07-12 23:00:00+00:00,28.29
4650,2024-07-13 00:00:00+00:00,35.95
4651,2024-07-13 01:00:00+00:00,34.73
4652,2024-07-13 02:00:00+00:00,24.47
4653,2024-07-13 03:00:00+00:00,21.35
4654,2024-07-13 04:00:00+00:00,17.66
4655,2024-07-13 05:00:00+00:00,14.27
4656,2024-07-13 06:00:00+00:00,13.11
4657,2024-07-13 07:00:00+00:00,12.99
4658,2024-07-13 08:00:00+00:00,13.73
4659,2024-07-13 09:00:00+00:00,14.31
4660,2024-07-13 10:00:00+00:00,14.91
4661,2024-07-13 11:00:00+00:00,14.72
4662,2024-07-13 12:00:00+00:00,11.99
4663,2024-07-13 13:00:00+00:00,8.8
4664,2024-07-13 14:00:00+00:00,9.8
4665,2024-07-13 15:00:00+00:00,13.72
4666,2024-07-13 16:00:00+00:00,18.31
4667,2024-07-13 17:00:00+00:00,23.23
4668,2024-07-13 18:00:00+00:00,25.11
4669,2024-07-13 19:00:00+00:00,25.79
4670,2024-07-13 20:00:00+00:00,26.99
4671,2024-07-13 21:00:00+00:00,26.55
4672,2024-07-13 22:00:00+00:00,23.86
4673,2024-07-13 23:00:00+00:00,22.82
4674,2024-07-14 00:00:00+00:00,28.63
4675,2024-07-14 01:00:00+00:00,25.58
4676,2024-07-14 02:00:00+00:00,21.5
4677,2024-07-14 03:00:00+00:00,18.81
4678,2024-07-14 04:00:00+00:00,16.55
4679,2024-07-14 05:00:00+00:00,14.43
4680,2024-07-14 06:00:00+00:00,12.95
4681,2024-07-14 07:00:00+00:00,12.01
4682,2024-07-14 08:00:00+00:00,11.85
4683,2024-07-14 09:00:00+00:00,12.38
4684,2024-07-14 10:00:00+00:00,13.39
4685,2024-07-14 11:00:00+00:00,13.02
4686,2024-07-14 12:00:00+00:00,10.7
4687,2024-07-14 13:00:00+00:00,5.72
4688,2024-07-14 14:00:00+00:00,8.1
4689,2024-07-14 15:00:00+00:00,11.84
4690,2024-07-14 16:00:00+00:00,15.29
4691,2024-07-14 17:00:00+00:00,18.37
4692,2024-07-14 18:00:00+00:00,20.2
4693,2024-07-14 19:00:00+00:00,20.88
4694,2024-07-14 20:00:00+00:00,21.82
4695,2024-07-14 21:00:00+00:00,23.93
4696,2024-07-14 22:00:00+00:00,23.7
4697,2024-07-14 23:00:00+00:00,26.91
4698,2024-07-15 00:00:00+00:00,34.33
4699,2024-07-15 01:00:00+00:00,34.68
4700,2024-07-15 02:00:00+00:00,23.64
4701,2024-07-15 03:00:00+00:00,19.28
4702,2024-07-15 04:00:00+00:00,15.18
4703,2024-07-15 05:00:00+00:00,14.27
4704,2024-07-15 06:00:00+00:00,12.42
4705,2024-07-15 07:00:00+00:00,11.79
4706,2024-07-15 08:00:00+00:00,11.69
4707,2024-07-15 09:00:00+00:00,11.96
4708,2024-07-15 10:00:00+00:00,13.37
4709,2024-07-15 11:00:00+00:00,13.39
4710,2024-07-15 12:00:00+00:00,11.96
4711,2024-07-15 13:00:00+00:00,11.02
4712,2024-07-15 14:00:00+00:00,10.2
4713,2024-07-15 15:00:00+00:00,12.17
4714,2024-07-15 16:00:00+00:00,15.88
4715,2024-07-15 17:00:00+00:00,19.24
4716,2024-07-15 18:00:00+00:00,21.61
4717,2024-07-15 19:00:00+00:00,23.5
4718,2024-07-15 20:00:00+00:00,24.96
4719,2024-07-15 21:00:00+00:00,27.09
4720,2024-07-15 22:00:00+00:00,28.09
4721,2024-07-15 23:00:00+00:00,28.94
4722,2024-07-16 00:00:00+00:00,44.71
4723,2024-07-16 01:00:00+00:00,39.5
4724,2024-07-16 02:00:00+00:00,23.81
4725,2024-07-16 03:00:00+00:00,19.44
4726,2024-07-16 04:00:00+00:00,15.55
4727,2024-07-16 05:00:00+00:00,13.62
4728,2024-07-16 06:00:00+00:00,12.58
4729,2024-07-16 07:00:00+00:00,11.79
4730,2024-07-16 08:00:00+00:00,11.94
4731,2024-07-16 09:00:00+00:00,12.46
4732,2024-07-16 10:00:00+00:00,13.71
4733,2024-07-16 11:00:00+00:00,15.09
4734,2024-07-16 12:00:00+00:00,12.37
4735,2024-07-16 13:00:00+00:00,10.46
4736,2024-07-16 14:00:00+00:00,9.75
4737,2024-07-16 15:00:00+00:00,13.67
4738,2024-07-16 16:00:00+00:00,18.41
4739,2024-07-16 17:00:00+00:00,24.83
4740,2024-07-16 18:00:00+00:00,28.5
4741,2024-07-16 19:00:00+00:00,29.89
4742,2024-07-16 20:00:00+00:00,34.91
4743,2024-07-16 21:00:00+00:00,37.29
4744,2024-07-16 22:00:00+00:00,38.88
4745,2024-07-16 23:00:00+00:00,42.21
4746,2024-07-17 00:00:00+00:00,81.6
4747,2024-07-17 01:00:00+00:00,60.42
4748,2024-07-17 02:00:00+00:00,28.92
4749,2024-07-17 03:00:00+00:00,23.7
4750,2024-07-17 04:00:00+00:00,18.05
4751,2024-07-17 05:00:00+00:00,18.03
4752,2024-07-17 06:00:00+00:00,16.05
4753,2024-07-17 07:00:00+00:00,14.39
4754,2024-07-17 08:00:00+00:00,14.38
4755,2024-07-17 09:00:00+00:00,16.33
4756,2024-07-17 10:00:00+00:00,18.65
4757,2024-07-17 11:00:00+00:00,19.18
4758,2024-07-17 12:00:00+00:00,18.67
4759,2024-07-17 13:00:00+00:00,16.59
4760,2024-07-17 14:00:00+00:00,15.77
4761,2024-07-17 15:00:00+00:00,19.02
4762,2024-07-17 16:00:00+00:00,25.01
4763,2024-07-17 17:00:00+00:00,31.01
4764,2024-07-17 18:00:00+00:00,38.29
4765,2024-07-17 19:00:00+00:00,42.15
4766,2024-07-17 20:00:00+00:00,42.27
4767,2024-07-17 21:00:00+00:00,48.27
4768,2024-07-17 22:00:00+00:00,47.91
4769,2024-07-17 23:00:00+00:00,42.34
4770,2024-07-18 00:00:00+00:00,67.37
4771,2024-07-18 01:00:00+00:00,66.08
4772,2024-07-18 02:00:00+00:00,32.24
4773,2024-07-18 03:00:00+00:00,25.81
4774,2024-07-18 04:00:00+00:00,21.14
4775,2024-07-18 05:00:00+00:00,23.77
4776,2024-07-18 06:00:00+00:00,21.51
4777,2024-07-18 07:00:00+00:00,19.6
4778,2024-07-18 08:00:00+00:00,18.36
4779,2024-07-18 09:00:00+00:00,18.76
4780,2024-07-18 10:00:00+00:00,21.37
4781,2024-07-18 11:00:00+00:00,23.67
4782,2024-07-18 12:00:00+00:00,21.36
4783,2024-07-18 13:00:00+00:00,17.96
4784,2024-07-18 14:00:00+00:00,16.8
4785,2024-07-18 15:00:00+00:00,18.53
4786,2024-07-18 16:00:00+00:00,21.21
4787,2024-07-18 17:00:00+00:00,22.68
4788,2024-07-18 18:00:00+00:00,25.14
4789,2024-07-18 19:00:00+00:00,23.28
4790,2024-07-18 20:00:00+00:00,25.49
4791,2024-07-18 21:00:00+00:00,25.44
4792,2024-07-18 22:00:00+00:00,25.0
4793,2024-07-18 23:00:00+00:00,25.43
4794,2024-07-19 00:00:00+00:00,43.04
4795,2024-07-19 01:00:00+00:00,45.63
4796,2024-07-19 02:00:00+00:00,27.13
4797,2024-07-19 03:00:00+00:00,22.03
4798,2024-07-19 04:00:00+00:00,20.16
4799,2024-07-19 05:00:00+00:00,18.97
4800,2024-07-19 06:00:00+00:00,17.32
4801,2024-07-19 07:00:00+00:00,15.23
4802,2024-07-19 08:00:00+00:00,14.88
4803,2024-07-19 09:00:00+00:00,15.29
4804,2024-07-19 10:00:00+00:00,17.05
4805,2024-07-19 11:00:00+00:00,17.34
4806,2024-07-19 12:00:00+00:00,16.39
4807,2024-07-19 13:00:00+00:00,14.19
4808,2024-07-19 14:00:00+00:00,13.61
4809,2024-07-19 15:00:00+00:00,15.18
4810,2024-07-19 16:00:00+00:00,18.61
4811,2024-07-19 17:00:00+00:00,22.01
4812,2024-07-19 18:00:00+00:00,24.36
4813,2024-07-19 19:00:00+00:00,25.67
4814,2024-07-19 20:00:00+00:00,27.97
4815,2024-07-19 21:00:00+00:00,30.03
4816,2024-07-19 22:00:00+00:00,31.72
4817,2024-07-19 23:00:00+00:00,30.64
4818,2024-07-20 00:00:00+00:00,49.18
4819,2024-07-20 01:00:00+00:00,44.87
4820,2024-07-20 02:00:00+00:00,24.63
4821,2024-07-20 03:00:00+00:00,22.01
4822,2024-07-20 04:00:00+00:00,18.64
4823,2024-07-20 05:00:00+00:00,15.35
4824,2024-07-20 06:00:00+00:00,13.51
4825,2024-07-20 07:00:00+00:00,11.69
4826,2024-07-20 08:00:00+00:00,11.36
4827,2024-07-20 09:00:00+00:00,11.16
4828,2024-07-20 10:00:00+00:00,12.34
4829,2024-07-20 11:00:00+00:00,15.07
4830,2024-07-20 12:00:00+00:00,13.1
4831,2024-07-20 13:00:00+00:00,9.83
4832,2024-07-20 14:00:00+00:00,9.63
4833,2024-07-20 15:00:00+00:00,13.16
4834,2024-07-20 16:00:00+00:00,17.88
4835,2024-07-20 17:00:00+00:00,25.66
4836,2024-07-20 18:00:00+00:00,27.46
4837,2024-07-20 19:00:00+00:00,28.26
4838,2024-07-20 20:00:00+00:00,30.63
4839,2024-07-20 21:00:00+00:00,33.32
4840,2024-07-20 22:00:00+00:00,35.15
4841,2024-07-20 23:00:00+00:00,35.3
4842,2024-07-21 00:00:00+00:00,46.96
4843,2024-07-21 01:00:00+00:00,53.96
4844,2024-07-21 02:00:00+00:00,28.89
4845,2024-07-21 03:00:00+00:00,21.65
4846,2024-07-21 04:00:00+00:00,21.5
4847,2024-07-21 05:00:00+00:00,18.61
4848,2024-07-21 06:00:00+00:00,18.1
4849,2024-07-21 07:00:00+00:00,16.67
4850,2024-07-21 08:00:00+00:00,16.49
4851,2024-07-21 09:00:00+00:00,16.24
4852,2024-07-21 10:00:00+00:00,15.71
4853,2024-07-21 11:00:00+00:00,17.11
4854,2024-07-21 12:00:00+00:00,15.48
4855,2024-07-21 13:00:00+00:00,13.3
4856,2024-07-21 14:00:00+00:00,14.95
4857,2024-07-21 15:00:00+00:00,18.1
4858,2024-07-21 16:00:00+00:00,19.77
4859,2024-07-21 17:00:00+00:00,21.21
4860,2024-07-21 18:00:00+00:00,23.61
4861,2024-07-21 19:00:00+00:00,23.54
4862,2024-07-21 20:00:00+00:00,25.05
4863,2024-07-21 21:00:00+00:00,24.93
4864,2024-07-21 22:00:00+00:00,25.61
4865,2024-07-21 23:00:00+00:00,28.82
4866,2024-07-22 00:00:00+00:00,43.5
4867,2024-07-22 01:00:00+00:00,45.59
4868,2024-07-22 02:00:00+00:00,30.37
4869,2024-07-22 03:00:00+00:00,21.59
4870,2024-07-22 04:00:00+00:00,20.81
4871,2024-07-22 05:00:00+00:00,17.54
4872,2024-07-22 06:00:00+00:00,16.61
4873,2024-07-22 07:00:00+00:00,16.43
4874,2024-07-22 08:00:00+00:00,15.9
4875,2024-07-22 09:00:00+00:00,15.82
4876,2024-07-22 10:00:00+00:00,16.89
4877,2024-07-22 11:00:00+00:00,20.5
4878,2024-07-22 12:00:00+00:00,19.77
4879,2024-07-22 13:00:00+00:00,17.75
4880,2024-07-22 14:00:00+00:00,18.39
4881,2024-07-22 15:00:00+00:00,23.48
4882,2024-07-22 16:00:00+00:00,25.89
4883,2024-07-22 17:00:00+00:00,26.71
4884,2024-07-22 18:00:00+00:00,26.26
4885,2024-07-22 19:00:00+00:00,23.74
4886,2024-07-22 20:00:00+00:00,23.56
4887,2024-07-22 21:00:00+00:00,24.14
4888,2024-07-22 22:00:00+00:00,24.96
4889,2024-07-22 23:00:00+00:00,26.6
4890,2024-07-23 00:00:00+00:00,26.06
4891,2024-07-23 01:00:00+00:00,36.45
4892,2024-07-23 02:00:00+00:00,29.28
4893,2024-07-23 03:00:00+00:00,21.36
4894,2024-07-23 04:00:00+00:00,19.64
4895,2024-07-23 05:00:00+00:00,21.16
4896,2024-07-23 06:00:00+00:00,19.64
4897,2024-07-23 07:00:00+00:00,17.96
4898,2024-07-23 08:00:00+00:00,17.24
4899,2024-07-23 09:00:00+00:00,17.92
4900,2024-07-23 10:00:00+00:00,19.32
4901,2024-07-23 11:00:00+00:00,21.8
4902,2024-07-23 12:00:00+00:00,19.46
4903,2024-07-23 13:00:00+00:00,17.15
4904,2024-07-23 14:00:00+00:00,16.98
4905,2024-07-23 15:00:00+00:00,18.2
4906,2024-07-23 16:00:00+00:00,19.12
4907,2024-07-23 17:00:00+00:00,20.62
4908,2024-07-23 18:00:00+00:00,21.42
4909,2024-07-23 19:00:00+00:00,22.52
4910,2024-07-23 20:00:00+00:00,23.06
4911,2024-07-23 21:00:00+00:00,23.28
4912,2024-07-23 22:00:00+00:00,22.78
4913,2024-07-23 23:00:00+00:00,26.01
4914,2024-07-24 00:00:00+00:00,36.92
4915,2024-07-24 01:00:00+00:00,44.24
4916,2024-07-24 02:00:00+00:00,29.91
4917,2024-07-24 03:00:00+00:00,23.52
4918,2024-07-24 04:00:00+00:00,20.77
4919,2024-07-24 05:00:00+00:00,20.59
4920,2024-07-24 06:00:00+00:00,18.17
4921,2024-07-24 07:00:00+00:00,17.95
4922,2024-07-24 08:00:00+00:00,17.76
4923,2024-07-24 09:00:00+00:00,18.15
4924,2024-07-24 10:00:00+00:00,20.11
4925,2024-07-24 11:00:00+00:00,24.01
4926,2024-07-24 12:00:00+00:00,22.69
4927,2024-07-24 13:00:00+00:00,17.58
4928,2024-07-24 14:00:00+00:00,17.7
4929,2024-07-24 15:00:00+00:00,18.68
4930,2024-07-24 16:00:00+00:00,19.23
4931,2024-07-24 17:00:00+00:00,20.04
4932,2024-07-24 18:00:00+00:00,21.42
4933,2024-07-24 19:00:00+00:00,22.72
4934,2024-07-24 20:00:00+00:00,24.2
4935,2024-07-24 21:00:00+00:00,25.12
4936,2024-07-24 22:00:00+00:00,25.68
4937,2024-07-24 23:00:00+00:00,29.54
4938,2024-07-25 00:00:00+00:00,39.56
4939,2024-07-25 01:00:00+00:00,41.64
4940,2024-07-25 02:00:00+00:00,25.03
4941,2024-07-25 03:00:00+00:00,22.88
4942,2024-07-25 04:00:00+00:00,19.92
4943,2024-07-25 05:00:00+00:00,17.36
4944,2024-07-25 06:00:00+00:00,16.37
4945,2024-07-25 07:00:00+00:00,16.23
4946,2024-07-25 08:00:00+00:00,16.14
4947,2024-07-25 09:00:00+00:00,17.29
4948,2024-07-25 10:00:00+00:00,19.35
4949,2024-07-25 11:00:00+00:00,26.32
4950,2024-07-25 12:00:00+00:00,24.55
4951,2024-07-25 13:00:00+00:00,19.03
4952,2024-07-25 14:00:00+00:00,18.34
4953,2024-07-25 15:00:00+00:00,20.07
4954,2024-07-25 16:00:00+00:00,21.1
4955,2024-07-25 17:00:00+00:00,21.18
4956,2024-07-25 18:00:00+00:00,23.54
4957,2024-07-25 19:00:00+00:00,24.9
4958,2024-07-25 20:00:00+00:00,26.28
4959,2024-07-25 21:00:00+00:00,26.72
4960,2024-07-25 22:00:00+00:00,26.91
4961,2024-07-25 23:00:00+00:00,29.12
4962,2024-07-26 00:00:00+00:00,47.44
4963,2024-07-26 01:00:00+00:00,45.34
4964,2024-07-26 02:00:00+00:00,27.32
4965,2024-07-26 03:00:00+00:00,20.05
4966,2024-07-26 04:00:00+00:00,16.48
4967,2024-07-26 05:00:00+00:00,15.74
4968,2024-07-26 06:00:00+00:00,14.51
4969,2024-07-26 07:00:00+00:00,14.47
4970,2024-07-26 08:00:00+00:00,14.91
4971,2024-07-26 09:00:00+00:00,16.52
4972,2024-07-26 10:00:00+00:00,18.82
4973,2024-07-26 11:00:00+00:00,22.99
4974,2024-07-26 12:00:00+00:00,23.76
4975,2024-07-26 13:00:00+00:00,19.05
4976,2024-07-26 14:00:00+00:00,18.43
4977,2024-07-26 15:00:00+00:00,18.83
4978,2024-07-26 16:00:00+00:00,20.74
4979,2024-07-26 17:00:00+00:00,23.47
4980,2024-07-26 18:00:00+00:00,24.62
4981,2024-07-26 19:00:00+00:00,26.49
4982,2024-07-26 20:00:00+00:00,28.46
4983,2024-07-26 21:00:00+00:00,28.81
4984,2024-07-26 22:00:00+00:00,27.58
4985,2024-07-26 23:00:00+00:00,27.07
4986,2024-07-27 00:00:00+00:00,43.68
4987,2024-07-27 01:00:00+00:00,42.13
4988,2024-07-27 02:00:00+00:00,24.53
4989,2024-07-27 03:00:00+00:00,19.44
4990,2024-07-27 04:00:00+00:00,16.63
4991,2024-07-27 05:00:00+00:00,17.27
4992,2024-07-27 06:00:00+00:00,16.26
4993,2024-07-27 07:00:00+00:00,16.07
4994,2024-07-27 08:00:00+00:00,16.07
4995,2024-07-27 09:00:00+00:00,16.62
4996,2024-07-27 10:00:00+00:00,17.12
4997,2024-07-27 11:00:00+00:00,16.92
4998,2024-07-27 12:00:00+00:00,16.77
4999,2024-07-27 13:00:00+00:00,14.98
5000,2024-07-27 14:00:00+00:00,14.98
5001,2024-07-27 15:00:00+00:00,16.36
5002,2024-07-27 16:00:00+00:00,18.01
5003,2024-07-27 17:00:00+00:00,19.27
5004,2024-07-27 18:00:00+00:00,20.54
5005,2024-07-27 19:00:00+00:00,21.99
5006,2024-07-27 20:00:00+00:00,24.43
5007,2024-07-27 21:00:00+00:00,25.63
5008,2024-07-27 22:00:00+00:00,26.34
5009,2024-07-27 23:00:00+00:00,26.22
5010,2024-07-28 00:00:00+00:00,38.4
5011,2024-07-28 01:00:00+00:00,33.4
5012,2024-07-28 02:00:00+00:00,21.65
5013,2024-07-28 03:00:00+00:00,17.35
5014,2024-07-28 04:00:00+00:00,14.31
5015,2024-07-28 05:00:00+00:00,15.22
5016,2024-07-28 06:00:00+00:00,12.26
5017,2024-07-28 07:00:00+00:00,10.35
5018,2024-07-28 08:00:00+00:00,10.11
5019,2024-07-28 09:00:00+00:00,10.08
5020,2024-07-28 10:00:00+00:00,10.47
5021,2024-07-28 11:00:00+00:00,10.66
5022,2024-07-28 12:00:00+00:00,10.08
5023,2024-07-28 13:00:00+00:00,6.23
5024,2024-07-28 14:00:00+00:00,8.3
5025,2024-07-28 15:00:00+00:00,9.99
5026,2024-07-28 16:00:00+00:00,12.24
5027,2024-07-28 17:00:00+00:00,14.72
5028,2024-07-28 18:00:00+00:00,16.28
5029,2024-07-28 19:00:00+00:00,19.28
5030,2024-07-28 20:00:00+00:00,20.94
5031,2024-07-28 21:00:00+00:00,22.27
5032,2024-07-28 22:00:00+00:00,23.71
5033,2024-07-28 23:00:00+00:00,25.97
5034,2024-07-29 00:00:00+00:00,43.65
5035,2024-07-29 01:00:00+00:00,40.67
5036,2024-07-29 02:00:00+00:00,24.67
5037,2024-07-29 03:00:00+00:00,19.77
5038,2024-07-29 04:00:00+00:00,13.89
5039,2024-07-29 05:00:00+00:00,15.57
5040,2024-07-29 06:00:00+00:00,14.98
5041,2024-07-29 07:00:00+00:00,13.55
5042,2024-07-29 08:00:00+00:00,12.19
5043,2024-07-29 09:00:00+00:00,12.67
5044,2024-07-29 10:00:00+00:00,14.61
5045,2024-07-29 11:00:00+00:00,12.79
5046,2024-07-29 12:00:00+00:00,12.73
5047,2024-07-29 13:00:00+00:00,9.56
5048,2024-07-29 14:00:00+00:00,9.53
5049,2024-07-29 15:00:00+00:00,11.34
5050,2024-07-29 16:00:00+00:00,17.07
5051,2024-07-29 17:00:00+00:00,19.97
5052,2024-07-29 18:00:00+00:00,22.4
5053,2024-07-29 19:00:00+00:00,27.85
5054,2024-07-29 20:00:00+00:00,30.94
5055,2024-07-29 21:00:00+00:00,30.61
5056,2024-07-29 22:00:00+00:00,28.23
5057,2024-07-29 23:00:00+00:00,32.06
5058,2024-07-30 00:00:00+00:00,66.33
5059,2024-07-30 01:00:00+00:00,48.53
5060,2024-07-30 02:00:00+00:00,25.32
5061,2024-07-30 03:00:00+00:00,22.37
5062,2024-07-30 04:00:00+00:00,17.36
5063,2024-07-30 05:00:00+00:00,17.95
5064,2024-07-30 06:00:00+00:00,16.89
5065,2024-07-30 07:00:00+00:00,14.54
5066,2024-07-30 08:00:00+00:00,13.86
5067,2024-07-30 09:00:00+00:00,14.15
5068,2024-07-30 10:00:00+00:00,15.36
5069,2024-07-30 11:00:00+00:00,14.82
5070,2024-07-30 12:00:00+00:00,13.91
5071,2024-07-30 13:00:00+00:00,11.69
5072,2024-07-30 14:00:00+00:00,10.66
5073,2024-07-30 15:00:00+00:00,12.92
5074,2024-07-30 16:00:00+00:00,15.27
5075,2024-07-30 17:00:00+00:00,19.79
5076,2024-07-30 18:00:00+00:00,26.99
5077,2024-07-30 19:00:00+00:00,29.26
5078,2024-07-30 20:00:00+00:00,29.84
5079,2024-07-30 21:00:00+00:00,27.44
5080,2024-07-30 22:00:00+00:00,26.33
5081,2024-07-30 23:00:00+00:00,27.11
5082,2024-07-31 00:00:00+00:00,48.65
5083,2024-07-31 01:00:00+00:00,39.24
5084,2024-07-31 02:00:00+00:00,23.83
5085,2024-07-31 03:00:00+00:00,19.34
5086,2024-07-31 04:00:00+00:00,15.8
5087,2024-07-31 05:00:00+00:00,17.33
5088,2024-07-31 06:00:00+00:00,15.78
5089,2024-07-31 07:00:00+00:00,13.78
5090,2024-07-31 08:00:00+00:00,13.41
5091,2024-07-31 09:00:00+00:00,13.56
5092,2024-07-31 10:00:00+00:00,14.91
5093,2024-07-31 11:00:00+00:00,14.09
5094,2024-07-31 12:00:00+00:00,13.1
5095,2024-07-31 13:00:00+00:00,10.29
5096,2024-07-31 14:00:00+00:00,10.21
5097,2024-07-31 15:00:00+00:00,12.26
5098,2024-07-31 16:00:00+00:00,15.21
5099,2024-07-31 17:00:00+00:00,18.25
5100,2024-07-31 18:00:00+00:00,24.67
5101,2024-07-31 19:00:00+00:00,25.6
5102,2024-07-31 20:00:00+00:00,27.01
5103,2024-07-31 21:00:00+00:00,29.47
5104,2024-07-31 22:00:00+00:00,30.32
5105,2024-07-31 23:00:00+00:00,30.86
5106,2024-08-01 00:00:00+00:00,41.37
5107,2024-08-01 01:00:00+00:00,35.76
5108,2024-08-01 02:00:00+00:00,23.33
5109,2024-08-01 03:00:00+00:00,19.35
5110,2024-08-01 04:00:00+00:00,16.5
5111,2024-08-01 05:00:00+00:00,15.4
5112,2024-08-01 06:00:00+00:00,13.02
5113,2024-08-01 07:00:00+00:00,12.17
5114,2024-08-01 08:00:00+00:00,11.62
5115,2024-08-01 09:00:00+00:00,12.75
5116,2024-08-01 10:00:00+00:00,14.64
5117,2024-08-01 11:00:00+00:00,16.28
5118,2024-08-01 12:00:00+00:00,15.39
5119,2024-08-01 13:00:00+00:00,11.82
5120,2024-08-01 14:00:00+00:00,10.53
5121,2024-08-01 15:00:00+00:00,14.49
5122,2024-08-01 16:00:00+00:00,15.93
5123,2024-08-01 17:00:00+00:00,20.14
5124,2024-08-01 18:00:00+00:00,24.59
5125,2024-08-01 19:00:00+00:00,27.25
5126,2024-08-01 20:00:00+00:00,31.13
5127,2024-08-01 21:00:00+00:00,30.12
5128,2024-08-01 22:00:00+00:00,28.25
5129,2024-08-01 23:00:00+00:00,29.84
5130,2024-08-02 00:00:00+00:00,55.02
5131,2024-08-02 01:00:00+00:00,57.5
5132,2024-08-02 02:00:00+00:00,27.85
5133,2024-08-02 03:00:00+00:00,23.31
5134,2024-08-02 04:00:00+00:00,18.17
5135,2024-08-02 05:00:00+00:00,18.14
5136,2024-08-02 06:00:00+00:00,16.88
5137,2024-08-02 07:00:00+00:00,15.77
5138,2024-08-02 08:00:00+00:00,15.78
5139,2024-08-02 09:00:00+00:00,16.21
5140,2024-08-02 10:00:00+00:00,18.73
5141,2024-08-02 11:00:00+00:00,19.13
5142,2024-08-02 12:00:00+00:00,18.35
5143,2024-08-02 13:00:00+00:00,15.91
5144,2024-08-02 14:00:00+00:00,16.01
5145,2024-08-02 15:00:00+00:00,20.02
5146,2024-08-02 16:00:00+00:00,25.2
5147,2024-08-02 17:00:00+00:00,34.1
5148,2024-08-02 18:00:00+00:00,45.42
5149,2024-08-02 19:00:00+00:00,59.14
5150,2024-08-02 20:00:00+00:00,59.21
5151,2024-08-02 21:00:00+00:00,63.91
5152,2024-08-02 22:00:00+00:00,57.79
5153,2024-08-02 23:00:00+00:00,121.59
5154,2024-08-03 00:00:00+00:00,501.35
5155,2024-08-03 01:00:00+00:00,397.84
5156,2024-08-03 02:00:00+00:00,81.97
5157,2024-08-03 03:00:00+00:00,33.28
5158,2024-08-03 04:00:00+00:00,24.55
5159,2024-08-03 05:00:00+00:00,22.6
5160,2024-08-03 06:00:00+00:00,20.09
5161,2024-08-03 07:00:00+00:00,19.77
5162,2024-08-03 08:00:00+00:00,18.85
5163,2024-08-03 09:00:00+00:00,19.05
5164,2024-08-03 10:00:00+00:00,18.8
5165,2024-08-03 11:00:00+00:00,18.32
5166,2024-08-03 12:00:00+00:00,16.81
5167,2024-08-03 13:00:00+00:00,14.18
5168,2024-08-03 14:00:00+00:00,14.19
5169,2024-08-03 15:00:00+00:00,18.34
5170,2024-08-03 16:00:00+00:00,22.98
5171,2024-08-03 17:00:00+00:00,27.53
5172,2024-08-03 18:00:00+00:00,35.44
5173,2024-08-03 19:00:00+00:00,40.87
5174,2024-08-03 20:00:00+00:00,48.0
5175,2024-08-03 21:00:00+00:00,53.03
5176,2024-08-03 22:00:00+00:00,48.34
5177,2024-08-03 23:00:00+00:00,56.67
5178,2024-08-04 00:00:00+00:00,144.84
5179,2024-08-04 01:00:00+00:00,110.85
5180,2024-08-04 02:00:00+00:00,46.95
5181,2024-08-04 03:00:00+00:00,26.92
5182,2024-08-04 04:00:00+00:00,23.39
5183,2024-08-04 05:00:00+00:00,20.85
5184,2024-08-04 06:00:00+00:00,19.47
5185,2024-08-04 07:00:00+00:00,18.62
5186,2024-08-04 08:00:00+00:00,18.11
5187,2024-08-04 09:00:00+00:00,17.87
5188,2024-08-04 10:00:00+00:00,17.97
5189,2024-08-04 11:00:00+00:00,17.11
5190,2024-08-04 12:00:00+00:00,15.78
5191,2024-08-04 13:00:00+00:00,12.38
5192,2024-08-04 14:00:00+00:00,14.05
5193,2024-08-04 15:00:00+00:00,17.19
5194,2024-08-04 16:00:00+00:00,20.05
5195,2024-08-04 17:00:00+00:00,22.95
5196,2024-08-04 18:00:00+00:00,26.38
5197,2024-08-04 19:00:00+00:00,27.47
5198,2024-08-04 20:00:00+00:00,30.57
5199,2024-08-04 21:00:00+00:00,31.68
5200,2024-08-04 22:00:00+00:00,32.03
5201,2024-08-04 23:00:00+00:00,38.39
5202,2024-08-05 00:00:00+00:00,85.17
5203,2024-08-05 01:00:00+00:00,61.02
5204,2024-08-05 02:00:00+00:00,29.68
5205,2024-08-05 03:00:00+00:00,22.15
5206,2024-08-05 04:00:00+00:00,19.53
5207,2024-08-05 05:00:00+00:00,18.78
5208,2024-08-05 06:00:00+00:00,16.62
5209,2024-08-05 07:00:00+00:00,15.08
5210,2024-08-05 08:00:00+00:00,15.24
5211,2024-08-05 09:00:00+00:00,15.47
5212,2024-08-05 10:00:00+00:00,17.84
5213,2024-08-05 11:00:00+00:00,17.69
5214,2024-08-05 12:00:00+00:00,16.86
5215,2024-08-05 13:00:00+00:00,13.49
5216,2024-08-05 14:00:00+00:00,14.29
5217,2024-08-05 15:00:00+00:00,17.75
5218,2024-08-05 16:00:00+00:00,22.75
5219,2024-08-05 17:00:00+00:00,29.28
5220,2024-08-05 18:00:00+00:00,35.61
5221,2024-08-05 19:00:00+00:00,36.51
5222,2024-08-05 20:00:00+00:00,36.82
5223,2024-08-05 21:00:00+00:00,37.56
5224,2024-08-05 22:00:00+00:00,33.16
5225,2024-08-05 23:00:00+00:00,44.08
5226,2024-08-06 00:00:00+00:00,104.79
5227,2024-08-06 01:00:00+00:00,76.97
5228,2024-08-06 02:00:00+00:00,36.36
5229,2024-08-06 03:00:00+00:00,23.61
5230,2024-08-06 04:00:00+00:00,20.43
5231,2024-08-06 05:00:00+00:00,17.66
5232,2024-08-06 06:00:00+00:00,16.6
5233,2024-08-06 07:00:00+00:00,15.38
5234,2024-08-06 08:00:00+00:00,15.65
5235,2024-08-06 09:00:00+00:00,16.09
5236,2024-08-06 10:00:00+00:00,17.89
5237,2024-08-06 11:00:00+00:00,19.92
5238,2024-08-06 12:00:00+00:00,17.76
5239,2024-08-06 13:00:00+00:00,14.91
5240,2024-08-06 14:00:00+00:00,15.44
5241,2024-08-06 15:00:00+00:00,19.75
5242,2024-08-06 16:00:00+00:00,25.11
5243,2024-08-06 17:00:00+00:00,37.93
5244,2024-08-06 18:00:00+00:00,53.94
5245,2024-08-06 19:00:00+00:00,65.9
5246,2024-08-06 20:00:00+00:00,78.14
5247,2024-08-06 21:00:00+00:00,89.59
5248,2024-08-06 22:00:00+00:00,115.88
5249,2024-08-06 23:00:00+00:00,188.2
5250,2024-08-07 00:00:00+00:00,841.27
5251,2024-08-07 01:00:00+00:00,388.07
5252,2024-08-07 02:00:00+00:00,85.18
5253,2024-08-07 03:00:00+00:00,28.63
5254,2024-08-07 04:00:00+00:00,22.24
5255,2024-08-07 05:00:00+00:00,20.06
5256,2024-08-07 06:00:00+00:00,18.04
5257,2024-08-07 07:00:00+00:00,16.45
5258,2024-08-07 08:00:00+00:00,15.61
5259,2024-08-07 09:00:00+00:00,15.64
5260,2024-08-07 10:00:00+00:00,17.25
5261,2024-08-07 11:00:00+00:00,18.33
5262,2024-08-07 12:00:00+00:00,15.86
5263,2024-08-07 13:00:00+00:00,13.26
5264,2024-08-07 14:00:00+00:00,14.7
5265,2024-08-07 15:00:00+00:00,18.48
5266,2024-08-07 16:00:00+00:00,25.84
5267,2024-08-07 17:00:00+00:00,33.41
5268,2024-08-07 18:00:00+00:00,52.4
5269,2024-08-07 19:00:00+00:00,67.24
5270,2024-08-07 20:00:00+00:00,71.89
5271,2024-08-07 21:00:00+00:00,83.67
5272,2024-08-07 22:00:00+00:00,77.05
5273,2024-08-07 23:00:00+00:00,122.16
5274,2024-08-08 00:00:00+00:00,397.77
5275,2024-08-08 01:00:00+00:00,165.57
5276,2024-08-08 02:00:00+00:00,37.31
5277,2024-08-08 03:00:00+00:00,24.97
5278,2024-08-08 04:00:00+00:00,19.66
5279,2024-08-08 05:00:00+00:00,18.95
5280,2024-08-08 06:00:00+00:00,16.47
5281,2024-08-08 07:00:00+00:00,15.65
5282,2024-08-08 08:00:00+00:00,15.62
5283,2024-08-08 09:00:00+00:00,15.77
5284,2024-08-08 10:00:00+00:00,17.06
5285,2024-08-08 11:00:00+00:00,18.05
5286,2024-08-08 12:00:00+00:00,16.61
5287,2024-08-08 13:00:00+00:00,14.02
5288,2024-08-08 14:00:00+00:00,15.55
5289,2024-08-08 15:00:00+00:00,19.86
5290,2024-08-08 16:00:00+00:00,25.68
5291,2024-08-08 17:00:00+00:00,32.6
5292,2024-08-08 18:00:00+00:00,42.62
5293,2024-08-08 19:00:00+00:00,38.15
5294,2024-08-08 20:00:00+00:00,39.02
5295,2024-08-08 21:00:00+00:00,41.56
5296,2024-08-08 22:00:00+00:00,38.91
5297,2024-08-08 23:00:00+00:00,44.37
5298,2024-08-09 00:00:00+00:00,85.18
5299,2024-08-09 01:00:00+00:00,66.72
5300,2024-08-09 02:00:00+00:00,29.59
5301,2024-08-09 03:00:00+00:00,25.11
5302,2024-08-09 04:00:00+00:00,20.59
5303,2024-08-09 05:00:00+00:00,23.87
5304,2024-08-09 06:00:00+00:00,20.21
5305,2024-08-09 07:00:00+00:00,18.47
5306,2024-08-09 08:00:00+00:00,18.39
5307,2024-08-09 09:00:00+00:00,18.43
5308,2024-08-09 10:00:00+00:00,20.15
5309,2024-08-09 11:00:00+00:00,21.1
5310,2024-08-09 12:00:00+00:00,19.27
5311,2024-08-09 13:00:00+00:00,16.57
5312,2024-08-09 14:00:00+00:00,15.81
5313,2024-08-09 15:00:00+00:00,19.07
5314,2024-08-09 16:00:00+00:00,25.32
5315,2024-08-09 17:00:00+00:00,30.71
5316,2024-08-09 18:00:00+00:00,39.79
5317,2024-08-09 19:00:00+00:00,41.59
5318,2024-08-09 20:00:00+00:00,47.4
5319,2024-08-09 21:00:00+00:00,54.72
5320,2024-08-09 22:00:00+00:00,47.56
5321,2024-08-09 23:00:00+00:00,48.33
5322,2024-08-10 00:00:00+00:00,59.08
5323,2024-08-10 01:00:00+00:00,48.52
5324,2024-08-10 02:00:00+00:00,30.71
5325,2024-08-10 03:00:00+00:00,28.54
5326,2024-08-10 04:00:00+00:00,25.46
5327,2024-08-10 05:00:00+00:00,29.53
5328,2024-08-10 06:00:00+00:00,26.35
5329,2024-08-10 07:00:00+00:00,23.03
5330,2024-08-10 08:00:00+00:00,22.8
5331,2024-08-10 09:00:00+00:00,21.85
5332,2024-08-10 10:00:00+00:00,21.63
5333,2024-08-10 11:00:00+00:00,20.83
5334,2024-08-10 12:00:00+00:00,19.05
5335,2024-08-10 13:00:00+00:00,16.02
5336,2024-08-10 14:00:00+00:00,15.34
5337,2024-08-10 15:00:00+00:00,17.73
5338,2024-08-10 16:00:00+00:00,21.74
5339,2024-08-10 17:00:00+00:00,27.06
5340,2024-08-10 18:00:00+00:00,32.37
5341,2024-08-10 19:00:00+00:00,32.14
5342,2024-08-10 20:00:00+00:00,32.6
5343,2024-08-10 21:00:00+00:00,35.05
5344,2024-08-10 22:00:00+00:00,36.95
5345,2024-08-10 23:00:00+00:00,37.35
5346,2024-08-11 00:00:00+00:00,48.25
5347,2024-08-11 01:00:00+00:00,35.52
5348,2024-08-11 02:00:00+00:00,26.18
5349,2024-08-11 03:00:00+00:00,24.39
5350,2024-08-11 04:00:00+00:00,20.0
5351,2024-08-11 05:00:00+00:00,18.99
5352,2024-08-11 06:00:00+00:00,17.26
5353,2024-08-11 07:00:00+00:00,15.67
5354,2024-08-11 08:00:00+00:00,14.61
5355,2024-08-11 09:00:00+00:00,14.24
5356,2024-08-11 10:00:00+00:00,14.23
5357,2024-08-11 11:00:00+00:00,13.56
5358,2024-08-11 12:00:00+00:00,12.68
5359,2024-08-11 13:00:00+00:00,8.41
5360,2024-08-11 14:00:00+00:00,9.76
5361,2024-08-11 15:00:00+00:00,12.83
5362,2024-08-11 16:00:00+00:00,16.8
5363,2024-08-11 17:00:00+00:00,21.59
5364,2024-08-11 18:00:00+00:00,25.59
5365,2024-08-11 19:00:00+00:00,27.37
5366,2024-08-11 20:00:00+00:00,30.44
5367,2024-08-11 21:00:00+00:00,32.15
5368,2024-08-11 22:00:00+00:00,30.3
5369,2024-08-11 23:00:00+00:00,34.17
5370,2024-08-12 00:00:00+00:00,45.2
5371,2024-08-12 01:00:00+00:00,43.99
5372,2024-08-12 02:00:00+00:00,26.58
5373,2024-08-12 03:00:00+00:00,22.06
5374,2024-08-12 04:00:00+00:00,17.37
5375,2024-08-12 05:00:00+00:00,16.83
5376,2024-08-12 06:00:00+00:00,15.18
5377,2024-08-12 07:00:00+00:00,13.48
5378,2024-08-12 08:00:00+00:00,12.67
5379,2024-08-12 09:00:00+00:00,13.59
5380,2024-08-12 10:00:00+00:00,15.95
5381,2024-08-12 11:00:00+00:00,15.41
5382,2024-08-12 12:00:00+00:00,15.45
5383,2024-08-12 13:00:00+00:00,11.71
5384,2024-08-12 14:00:00+00:00,12.53
5385,2024-08-12 15:00:00+00:00,14.91
5386,2024-08-12 16:00:00+00:00,22.25
5387,2024-08-12 17:00:00+00:00,29.85
5388,2024-08-12 18:00:00+00:00,37.86
5389,2024-08-12 19:00:00+00:00,40.01
5390,2024-08-12 20:00:00+00:00,41.31
5391,2024-08-12 21:00:00+00:00,45.24
5392,2024-08-12 22:00:00+00:00,34.01
5393,2024-08-12 23:00:00+00:00,36.83
5394,2024-08-13 00:00:00+00:00,50.81
5395,2024-08-13 01:00:00+00:00,47.7
5396,2024-08-13 02:00:00+00:00,26.75
5397,2024-08-13 03:00:00+00:00,23.58
5398,2024-08-13 04:00:00+00:00,19.44
5399,2024-08-13 05:00:00+00:00,17.09
5400,2024-08-13 06:00:00+00:00,15.97
5401,2024-08-13 07:00:00+00:00,14.55
5402,2024-08-13 08:00:00+00:00,15.02
5403,2024-08-13 09:00:00+00:00,15.82
5404,2024-08-13 10:00:00+00:00,17.75
5405,2024-08-13 11:00:00+00:00,18.52
5406,2024-08-13 12:00:00+00:00,17.7
5407,2024-08-13 13:00:00+00:00,14.19
5408,2024-08-13 14:00:00+00:00,12.93
5409,2024-08-13 15:00:00+00:00,16.0
5410,2024-08-13 16:00:00+00:00,20.19
5411,2024-08-13 17:00:00+00:00,25.08
5412,2024-08-13 18:00:00+00:00,27.94
5413,2024-08-13 19:00:00+00:00,29.22
5414,2024-08-13 20:00:00+00:00,30.7
5415,2024-08-13 21:00:00+00:00,31.72
5416,2024-08-13 22:00:00+00:00,30.39
5417,2024-08-13 23:00:00+00:00,30.0
5418,2024-08-14 00:00:00+00:00,46.91
5419,2024-08-14 01:00:00+00:00,48.76
5420,2024-08-14 02:00:00+00:00,25.27
5421,2024-08-14 03:00:00+00:00,23.71
5422,2024-08-14 04:00:00+00:00,19.31
5423,2024-08-14 05:00:00+00:00,18.14
5424,2024-08-14 06:00:00+00:00,16.08
5425,2024-08-14 07:00:00+00:00,14.98
5426,2024-08-14 08:00:00+00:00,14.32
5427,2024-08-14 09:00:00+00:00,14.35
5428,2024-08-14 10:00:00+00:00,16.44
5429,2024-08-14 11:00:00+00:00,17.02
5430,2024-08-14 12:00:00+00:00,16.54
5431,2024-08-14 13:00:00+00:00,11.83
5432,2024-08-14 14:00:00+00:00,12.8
5433,2024-08-14 15:00:00+00:00,15.94
5434,2024-08-14 16:00:00+00:00,20.12
5435,2024-08-14 17:00:00+00:00,26.6
5436,2024-08-14 18:00:00+00:00,28.43
5437,2024-08-14 19:00:00+00:00,32.16
5438,2024-08-14 20:00:00+00:00,36.09
5439,2024-08-14 21:00:00+00:00,39.89
5440,2024-08-14 22:00:00+00:00,36.69
5441,2024-08-14 23:00:00+00:00,48.62
5442,2024-08-15 00:00:00+00:00,88.04
5443,2024-08-15 01:00:00+00:00,58.19
5444,2024-08-15 02:00:00+00:00,30.39
5445,2024-08-15 03:00:00+00:00,25.18
5446,2024-08-15 04:00:00+00:00,20.64
5447,2024-08-15 05:00:00+00:00,19.76
5448,2024-08-15 06:00:00+00:00,17.07
5449,2024-08-15 07:00:00+00:00,15.76
5450,2024-08-15 08:00:00+00:00,14.95
5451,2024-08-15 09:00:00+00:00,15.52
5452,2024-08-15 10:00:00+00:00,17.06
5453,2024-08-15 11:00:00+00:00,17.37
5454,2024-08-15 12:00:00+00:00,17.04
5455,2024-08-15 13:00:00+00:00,12.63
5456,2024-08-15 14:00:00+00:00,12.97
5457,2024-08-15 15:00:00+00:00,15.74
5458,2024-08-15 16:00:00+00:00,23.82
5459,2024-08-15 17:00:00+00:00,27.16
5460,2024-08-15 18:00:00+00:00,35.77
5461,2024-08-15 19:00:00+00:00,39.7
5462,2024-08-15 20:00:00+00:00,46.32
5463,2024-08-15 21:00:00+00:00,53.71
5464,2024-08-15 22:00:00+00:00,53.16
5465,2024-08-15 23:00:00+00:00,88.82
5466,2024-08-16 00:00:00+00:00,168.29
5467,2024-08-16 01:00:00+00:00,99.34
5468,2024-08-16 02:00:00+00:00,36.45
5469,2024-08-16 03:00:00+00:00,29.53
5470,2024-08-16 04:00:00+00:00,23.65
5471,2024-08-16 05:00:00+00:00,22.62
5472,2024-08-16 06:00:00+00:00,20.57
5473,2024-08-16 07:00:00+00:00,17.68
5474,2024-08-16 08:00:00+00:00,16.81
5475,2024-08-16 09:00:00+00:00,16.97
5476,2024-08-16 10:00:00+00:00,18.76
5477,2024-08-16 11:00:00+00:00,20.29
5478,2024-08-16 12:00:00+00:00,18.82
5479,2024-08-16 13:00:00+00:00,15.59
5480,2024-08-16 14:00:00+00:00,15.05
5481,2024-08-16 15:00:00+00:00,18.8
5482,2024-08-16 16:00:00+00:00,26.14
5483,2024-08-16 17:00:00+00:00,32.94
5484,2024-08-16 18:00:00+00:00,43.26
5485,2024-08-16 19:00:00+00:00,50.29
5486,2024-08-16 20:00:00+00:00,57.61
5487,2024-08-16 21:00:00+00:00,65.67
5488,2024-08-16 22:00:00+00:00,65.06
5489,2024-08-16 23:00:00+00:00,106.65
5490,2024-08-17 00:00:00+00:00,190.96
5491,2024-08-17 01:00:00+00:00,99.43
5492,2024-08-17 02:00:00+00:00,35.11
5493,2024-08-17 03:00:00+00:00,28.08
5494,2024-08-17 04:00:00+00:00,22.25
5495,2024-08-17 05:00:00+00:00,20.44
5496,2024-08-17 06:00:00+00:00,18.49
5497,2024-08-17 07:00:00+00:00,16.89
5498,2024-08-17 08:00:00+00:00,15.47
5499,2024-08-17 09:00:00+00:00,13.49
5500,2024-08-17 10:00:00+00:00,13.79
5501,2024-08-17 11:00:00+00:00,12.25
5502,2024-08-17 12:00:00+00:00,12.07
5503,2024-08-17 13:00:00+00:00,10.84
5504,2024-08-17 14:00:00+00:00,11.28
5505,2024-08-17 15:00:00+00:00,17.09
5506,2024-08-17 16:00:00+00:00,25.55
5507,2024-08-17 17:00:00+00:00,31.7
5508,2024-08-17 18:00:00+00:00,39.14
5509,2024-08-17 19:00:00+00:00,40.99
5510,2024-08-17 20:00:00+00:00,43.8
5511,2024-08-17 21:00:00+00:00,48.25
5512,2024-08-17 22:00:00+00:00,41.35
5513,2024-08-17 23:00:00+00:00,65.03
5514,2024-08-18 00:00:00+00:00,114.89
5515,2024-08-18 01:00:00+00:00,66.96
5516,2024-08-18 02:00:00+00:00,30.37
5517,2024-08-18 03:00:00+00:00,26.97
5518,2024-08-18 04:00:00+00:00,21.79
5519,2024-08-18 05:00:00+00:00,20.84
5520,2024-08-18 06:00:00+00:00,18.96
5521,2024-08-18 07:00:00+00:00,16.93
5522,2024-08-18 08:00:00+00:00,16.82
5523,2024-08-18 09:00:00+00:00,16.3
5524,2024-08-18 10:00:00+00:00,16.22
5525,2024-08-18 11:00:00+00:00,15.97
5526,2024-08-18 12:00:00+00:00,13.91
5527,2024-08-18 13:00:00+00:00,11.47
5528,2024-08-18 14:00:00+00:00,11.72
5529,2024-08-18 15:00:00+00:00,18.21
5530,2024-08-18 16:00:00+00:00,25.28
5531,2024-08-18 17:00:00+00:00,29.71
5532,2024-08-18 18:00:00+00:00,35.37
5533,2024-08-18 19:00:00+00:00,38.99
5534,2024-08-18 20:00:00+00:00,40.58
5535,2024-08-18 21:00:00+00:00,46.22
5536,2024-08-18 22:00:00+00:00,45.03
5537,2024-08-18 23:00:00+00:00,76.21
5538,2024-08-19 00:00:00+00:00,226.9
5539,2024-08-19 01:00:00+00:00,114.4
5540,2024-08-19 02:00:00+00:00,37.08
5541,2024-08-19 03:00:00+00:00,27.32
5542,2024-08-19 04:00:00+00:00,22.15
5543,2024-08-19 05:00:00+00:00,21.07
5544,2024-08-19 06:00:00+00:00,18.75
5545,2024-08-19 07:00:00+00:00,16.06
5546,2024-08-19 08:00:00+00:00,15.21
5547,2024-08-19 09:00:00+00:00,15.4
5548,2024-08-19 10:00:00+00:00,16.25
5549,2024-08-19 11:00:00+00:00,17.99
5550,2024-08-19 12:00:00+00:00,16.56
5551,2024-08-19 13:00:00+00:00,15.6
5552,2024-08-19 14:00:00+00:00,16.02
5553,2024-08-19 15:00:00+00:00,20.1
5554,2024-08-19 16:00:00+00:00,27.04
5555,2024-08-19 17:00:00+00:00,37.44
5556,2024-08-19 18:00:00+00:00,50.24
5557,2024-08-19 19:00:00+00:00,66.99
5558,2024-08-19 20:00:00+00:00,56.77
5559,2024-08-19 21:00:00+00:00,62.35
5560,2024-08-19 22:00:00+00:00,61.59
5561,2024-08-19 23:00:00+00:00,140.84
5562,2024-08-20 00:00:00+00:00,515.54
5563,2024-08-20 01:00:00+00:00,256.28
5564,2024-08-20 02:00:00+00:00,52.45
5565,2024-08-20 03:00:00+00:00,31.14
5566,2024-08-20 04:00:00+00:00,22.52
5567,2024-08-20 05:00:00+00:00,20.25
5568,2024-08-20 06:00:00+00:00,17.34
5569,2024-08-20 07:00:00+00:00,15.99
5570,2024-08-20 08:00:00+00:00,15.74
5571,2024-08-20 09:00:00+00:00,16.82
5572,2024-08-20 10:00:00+00:00,18.62
5573,2024-08-20 11:00:00+00:00,21.22
5574,2024-08-20 12:00:00+00:00,20.5
5575,2024-08-20 13:00:00+00:00,15.87
5576,2024-08-20 14:00:00+00:00,16.12
5577,2024-08-20 15:00:00+00:00,18.93
5578,2024-08-20 16:00:00+00:00,26.21
5579,2024-08-20 17:00:00+00:00,32.73
5580,2024-08-20 18:00:00+00:00,49.08
5581,2024-08-20 19:00:00+00:00,65.02
5582,2024-08-20 20:00:00+00:00,72.71
5583,2024-08-20 21:00:00+00:00,77.09
5584,2024-08-20 22:00:00+00:00,69.99
5585,2024-08-20 23:00:00+00:00,195.48
5586,2024-08-21 00:00:00+00:00,622.31
5587,2024-08-21 01:00:00+00:00,276.44
5588,2024-08-21 02:00:00+00:00,60.36
5589,2024-08-21 03:00:00+00:00,31.17
5590,2024-08-21 04:00:00+00:00,25.03
5591,2024-08-21 05:00:00+00:00,20.23
5592,2024-08-21 06:00:00+00:00,18.38
5593,2024-08-21 07:00:00+00:00,16.45
5594,2024-08-21 08:00:00+00:00,15.96
5595,2024-08-21 09:00:00+00:00,16.32
5596,2024-08-21 10:00:00+00:00,17.54
5597,2024-08-21 11:00:00+00:00,18.6
5598,2024-08-21 12:00:00+00:00,17.52
5599,2024-08-21 13:00:00+00:00,14.98
5600,2024-08-21 14:00:00+00:00,15.74
5601,2024-08-21 15:00:00+00:00,17.74
5602,2024-08-21 16:00:00+00:00,25.36
5603,2024-08-21 17:00:00+00:00,30.09
5604,2024-08-21 18:00:00+00:00,43.45
5605,2024-08-21 19:00:00+00:00,51.09
5606,2024-08-21 20:00:00+00:00,53.69
5607,2024-08-21 21:00:00+00:00,57.77
5608,2024-08-21 22:00:00+00:00,52.9
5609,2024-08-21 23:00:00+00:00,73.24
5610,2024-08-22 00:00:00+00:00,117.36
5611,2024-08-22 01:00:00+00:00,63.83
5612,2024-08-22 02:00:00+00:00,28.0
5613,2024-08-22 03:00:00+00:00,22.28
5614,2024-08-22 04:00:00+00:00,18.47
5615,2024-08-22 05:00:00+00:00,17.51
5616,2024-08-22 06:00:00+00:00,15.66
5617,2024-08-22 07:00:00+00:00,14.45
5618,2024-08-22 08:00:00+00:00,14.34
5619,2024-08-22 09:00:00+00:00,14.83
5620,2024-08-22 10:00:00+00:00,16.28
5621,2024-08-22 11:00:00+00:00,17.2
5622,2024-08-22 12:00:00+00:00,15.83
5623,2024-08-22 13:00:00+00:00,12.21
5624,2024-08-22 14:00:00+00:00,12.16
5625,2024-08-22 15:00:00+00:00,15.24
5626,2024-08-22 16:00:00+00:00,20.22
5627,2024-08-22 17:00:00+00:00,25.6
5628,2024-08-22 18:00:00+00:00,31.03
5629,2024-08-22 19:00:00+00:00,36.31
5630,2024-08-22 20:00:00+00:00,37.91
5631,2024-08-22 21:00:00+00:00,42.22
5632,2024-08-22 22:00:00+00:00,40.11
5633,2024-08-22 23:00:00+00:00,52.2
5634,2024-08-23 00:00:00+00:00,84.9
5635,2024-08-23 01:00:00+00:00,53.99
5636,2024-08-23 02:00:00+00:00,28.46
5637,2024-08-23 03:00:00+00:00,22.5
5638,2024-08-23 04:00:00+00:00,17.9
5639,2024-08-23 05:00:00+00:00,18.66
5640,2024-08-23 06:00:00+00:00,15.55
5641,2024-08-23 07:00:00+00:00,14.71
5642,2024-08-23 08:00:00+00:00,14.65
5643,2024-08-23 09:00:00+00:00,15.15
5644,2024-08-23 10:00:00+00:00,16.27
5645,2024-08-23 11:00:00+00:00,16.9
5646,2024-08-23 12:00:00+00:00,17.99
5647,2024-08-23 13:00:00+00:00,15.0
5648,2024-08-23 14:00:00+00:00,13.77
5649,2024-08-23 15:00:00+00:00,16.65
5650,2024-08-23 16:00:00+00:00,21.96
5651,2024-08-23 17:00:00+00:00,26.63
5652,2024-08-23 18:00:00+00:00,33.72
5653,2024-08-23 19:00:00+00:00,35.91
5654,2024-08-23 20:00:00+00:00,39.58
5655,2024-08-23 21:00:00+00:00,41.52
5656,2024-08-23 22:00:00+00:00,39.35
5657,2024-08-23 23:00:00+00:00,35.22
5658,2024-08-24 00:00:00+00:00,40.28
5659,2024-08-24 01:00:00+00:00,31.14
5660,2024-08-24 02:00:00+00:00,23.87
5661,2024-08-24 03:00:00+00:00,20.18
5662,2024-08-24 04:00:00+00:00,17.38
5663,2024-08-24 05:00:00+00:00,18.7
5664,2024-08-24 06:00:00+00:00,17.11
5665,2024-08-24 07:00:00+00:00,15.2
5666,2024-08-24 08:00:00+00:00,14.81
5667,2024-08-24 09:00:00+00:00,13.65
5668,2024-08-24 10:00:00+00:00,14.16
5669,2024-08-24 11:00:00+00:00,16.0
5670,2024-08-24 12:00:00+00:00,15.52
5671,2024-08-24 13:00:00+00:00,11.5
5672,2024-08-24 14:00:00+00:00,11.69
5673,2024-08-24 15:00:00+00:00,15.64
5674,2024-08-24 16:00:00+00:00,21.21
5675,2024-08-24 17:00:00+00:00,23.71
5676,2024-08-24 18:00:00+00:00,26.56
5677,2024-08-24 19:00:00+00:00,29.09
5678,2024-08-24 20:00:00+00:00,31.24
5679,2024-08-24 21:00:00+00:00,28.1
5680,2024-08-24 22:00:00+00:00,28.91
5681,2024-08-24 23:00:00+00:00,33.1
5682,2024-08-25 00:00:00+00:00,47.29
5683,2024-08-25 01:00:00+00:00,38.87
5684,2024-08-25 02:00:00+00:00,21.94
5685,2024-08-25 03:00:00+00:00,20.05
5686,2024-08-25 04:00:00+00:00,16.15
5687,2024-08-25 05:00:00+00:00,16.62
5688,2024-08-25 06:00:00+00:00,14.57
5689,2024-08-25 07:00:00+00:00,13.86
5690,2024-08-25 08:00:00+00:00,13.33
5691,2024-08-25 09:00:00+00:00,13.39
5692,2024-08-25 10:00:00+00:00,14.29
5693,2024-08-25 11:00:00+00:00,14.3
5694,2024-08-25 12:00:00+00:00,14.06
5695,2024-08-25 13:00:00+00:00,11.42
5696,2024-08-25 14:00:00+00:00,11.53
5697,2024-08-25 15:00:00+00:00,15.38
5698,2024-08-25 16:00:00+00:00,19.98
5699,2024-08-25 17:00:00+00:00,24.64
5700,2024-08-25 18:00:00+00:00,27.69
5701,2024-08-25 19:00:00+00:00,26.42
5702,2024-08-25 20:00:00+00:00,29.28
5703,2024-08-25 21:00:00+00:00,30.24
5704,2024-08-25 22:00:00+00:00,29.73
5705,2024-08-25 23:00:00+00:00,36.89
5706,2024-08-26 00:00:00+00:00,52.37
5707,2024-08-26 01:00:00+00:00,48.03
5708,2024-08-26 02:00:00+00:00,28.06
5709,2024-08-26 03:00:00+00:00,21.65
5710,2024-08-26 04:00:00+00:00,16.57
5711,2024-08-26 05:00:00+00:00,18.32
5712,2024-08-26 06:00:00+00:00,17.05
5713,2024-08-26 07:00:00+00:00,17.21
5714,2024-08-26 08:00:00+00:00,17.28
5715,2024-08-26 09:00:00+00:00,18.34
5716,2024-08-26 10:00:00+00:00,20.34
5717,2024-08-26 11:00:00+00:00,20.1
5718,2024-08-26 12:00:00+00:00,19.9
5719,2024-08-26 13:00:00+00:00,15.4
5720,2024-08-26 14:00:00+00:00,14.95
5721,2024-08-26 15:00:00+00:00,18.82
5722,2024-08-26 16:00:00+00:00,22.61
5723,2024-08-26 17:00:00+00:00,27.93
5724,2024-08-26 18:00:00+00:00,31.24
5725,2024-08-26 19:00:00+00:00,34.81
5726,2024-08-26 20:00:00+00:00,36.42
5727,2024-08-26 21:00:00+00:00,38.6
5728,2024-08-26 22:00:00+00:00,39.86
5729,2024-08-26 23:00:00+00:00,41.69
5730,2024-08-27 00:00:00+00:00,49.8
5731,2024-08-27 01:00:00+00:00,39.21
5732,2024-08-27 02:00:00+00:00,26.05
5733,2024-08-27 03:00:00+00:00,22.22
5734,2024-08-27 04:00:00+00:00,17.34
5735,2024-08-27 05:00:00+00:00,18.72
5736,2024-08-27 06:00:00+00:00,18.08
5737,2024-08-27 07:00:00+00:00,18.0
5738,2024-08-27 08:00:00+00:00,18.45
5739,2024-08-27 09:00:00+00:00,19.08
5740,2024-08-27 10:00:00+00:00,23.18
5741,2024-08-27 11:00:00+00:00,25.26
5742,2024-08-27 12:00:00+00:00,23.2
5743,2024-08-27 13:00:00+00:00,18.77
5744,2024-08-27 14:00:00+00:00,17.17
5745,2024-08-27 15:00:00+00:00,20.08
5746,2024-08-27 16:00:00+00:00,22.23
5747,2024-08-27 17:00:00+00:00,27.67
5748,2024-08-27 18:00:00+00:00,27.66
5749,2024-08-27 19:00:00+00:00,32.34
5750,2024-08-27 20:00:00+00:00,33.17
5751,2024-08-27 21:00:00+00:00,36.38
5752,2024-08-27 22:00:00+00:00,37.91
5753,2024-08-27 23:00:00+00:00,41.89
5754,2024-08-28 00:00:00+00:00,46.29
5755,2024-08-28 01:00:00+00:00,38.22
5756,2024-08-28 02:00:00+00:00,25.94
5757,2024-08-28 03:00:00+00:00,22.37
5758,2024-08-28 04:00:00+00:00,19.53
5759,2024-08-28 05:00:00+00:00,20.5
5760,2024-08-28 06:00:00+00:00,19.27
5761,2024-08-28 07:00:00+00:00,18.58
5762,2024-08-28 08:00:00+00:00,19.27
5763,2024-08-28 09:00:00+00:00,20.74
5764,2024-08-28 10:00:00+00:00,23.45
5765,2024-08-28 11:00:00+00:00,28.0
5766,2024-08-28 12:00:00+00:00,25.69
5767,2024-08-28 13:00:00+00:00,20.03
5768,2024-08-28 14:00:00+00:00,18.76
5769,2024-08-28 15:00:00+00:00,23.32
5770,2024-08-28 16:00:00+00:00,24.84
5771,2024-08-28 17:00:00+00:00,26.94
5772,2024-08-28 18:00:00+00:00,30.77
5773,2024-08-28 19:00:00+00:00,37.87
5774,2024-08-28 20:00:00+00:00,36.94
5775,2024-08-28 21:00:00+00:00,37.7
5776,2024-08-28 22:00:00+00:00,36.53
5777,2024-08-28 23:00:00+00:00,36.57
5778,2024-08-29 00:00:00+00:00,40.88
5779,2024-08-29 01:00:00+00:00,40.47
5780,2024-08-29 02:00:00+00:00,28.44
5781,2024-08-29 03:00:00+00:00,23.4
5782,2024-08-29 04:00:00+00:00,20.99
5783,2024-08-29 05:00:00+00:00,18.76
5784,2024-08-29 06:00:00+00:00,17.35
5785,2024-08-29 07:00:00+00:00,16.82
5786,2024-08-29 08:00:00+00:00,17.11
5787,2024-08-29 09:00:00+00:00,17.92
5788,2024-08-29 10:00:00+00:00,20.72
5789,2024-08-29 11:00:00+00:00,23.58
5790,2024-08-29 12:00:00+00:00,22.41
5791,2024-08-29 13:00:00+00:00,18.1
5792,2024-08-29 14:00:00+00:00,16.28
5793,2024-08-29 15:00:00+00:00,17.2
5794,2024-08-29 16:00:00+00:00,19.87
5795,2024-08-29 17:00:00+00:00,21.8
5796,2024-08-29 18:00:00+00:00,22.4
5797,2024-08-29 19:00:00+00:00,26.73
5798,2024-08-29 20:00:00+00:00,29.23
5799,2024-08-29 21:00:00+00:00,31.0
5800,2024-08-29 22:00:00+00:00,32.02
5801,2024-08-29 23:00:00+00:00,35.97
5802,2024-08-30 00:00:00+00:00,43.68
5803,2024-08-30 01:00:00+00:00,35.49
5804,2024-08-30 02:00:00+00:00,25.54
5805,2024-08-30 03:00:00+00:00,21.0
5806,2024-08-30 04:00:00+00:00,17.92
5807,2024-08-30 05:00:00+00:00,15.46
5808,2024-08-30 06:00:00+00:00,15.12
5809,2024-08-30 07:00:00+00:00,15.93
5810,2024-08-30 08:00:00+00:00,16.57
5811,2024-08-30 09:00:00+00:00,17.7
5812,2024-08-30 10:00:00+00:00,20.78
5813,2024-08-30 11:00:00+00:00,24.44
5814,2024-08-30 12:00:00+00:00,22.94
5815,2024-08-30 13:00:00+00:00,17.76
5816,2024-08-30 14:00:00+00:00,17.67
5817,2024-08-30 15:00:00+00:00,19.56
5818,2024-08-30 16:00:00+00:00,21.59
5819,2024-08-30 17:00:00+00:00,20.8
5820,2024-08-30 18:00:00+00:00,24.61
5821,2024-08-30 19:00:00+00:00,26.4
5822,2024-08-30 20:00:00+00:00,28.61
5823,2024-08-30 21:00:00+00:00,32.6
5824,2024-08-30 22:00:00+00:00,32.36
5825,2024-08-30 23:00:00+00:00,34.4
5826,2024-08-31 00:00:00+00:00,43.37
5827,2024-08-31 01:00:00+00:00,36.69
5828,2024-08-31 02:00:00+00:00,29.27
5829,2024-08-31 03:00:00+00:00,23.31
5830,2024-08-31 04:00:00+00:00,21.65
5831,2024-08-31 05:00:00+00:00,22.52
5832,2024-08-31 06:00:00+00:00,21.02
5833,2024-08-31 07:00:00+00:00,19.95
5834,2024-08-31 08:00:00+00:00,18.8
5835,2024-08-31 09:00:00+00:00,18.46
5836,2024-08-31 10:00:00+00:00,18.92
5837,2024-08-31 11:00:00+00:00,19.64
5838,2024-08-31 12:00:00+00:00,18.58
5839,2024-08-31 13:00:00+00:00,17.15
5840,2024-08-31 14:00:00+00:00,16.42
5841,2024-08-31 15:00:00+00:00,17.17
5842,2024-08-31 16:00:00+00:00,18.81
5843,2024-08-31 17:00:00+00:00,19.35
5844,2024-08-31 18:00:00+00:00,21.73
5845,2024-08-31 19:00:00+00:00,24.71
5846,2024-08-31 20:00:00+00:00,26.17
5847,2024-08-31 21:00:00+00:00,26.9
5848,2024-08-31 22:00:00+00:00,29.52
5849,2024-08-31 23:00:00+00:00,39.59
5850,2024-09-01 00:00:00+00:00,60.74
5851,2024-09-01 01:00:00+00:00,52.35
5852,2024-09-01 02:00:00+00:00,32.55
5853,2024-09-01 03:00:00+00:00,23.83
5854,2024-09-01 04:00:00+00:00,21.31
5855,2024-09-01 05:00:00+00:00,25.17
5856,2024-09-01 06:00:00+00:00,22.74
5857,2024-09-01 07:00:00+00:00,21.09
5858,2024-09-01 08:00:00+00:00,20.03
5859,2024-09-01 09:00:00+00:00,19.42
5860,2024-09-01 10:00:00+00:00,19.21
5861,2024-09-01 11:00:00+00:00,20.33
5862,2024-09-01 12:00:00+00:00,19.26
5863,2024-09-01 13:00:00+00:00,17.28
5864,2024-09-01 14:00:00+00:00,15.78
5865,2024-09-01 15:00:00+00:00,16.49
5866,2024-09-01 16:00:00+00:00,18.2
5867,2024-09-01 17:00:00+00:00,18.98
5868,2024-09-01 18:00:00+00:00,19.56
5869,2024-09-01 19:00:00+00:00,19.84
5870,2024-09-01 20:00:00+00:00,22.63
5871,2024-09-01 21:00:00+00:00,23.42
5872,2024-09-01 22:00:00+00:00,23.72
5873,2024-09-01 23:00:00+00:00,26.68
5874,2024-09-02 00:00:00+00:00,38.85
5875,2024-09-02 01:00:00+00:00,33.44
5876,2024-09-02 02:00:00+00:00,26.95
5877,2024-09-02 03:00:00+00:00,24.26
5878,2024-09-02 04:00:00+00:00,21.25
5879,2024-09-02 05:00:00+00:00,23.05
5880,2024-09-02 06:00:00+00:00,20.43
5881,2024-09-02 07:00:00+00:00,19.04
5882,2024-09-02 08:00:00+00:00,18.93
5883,2024-09-02 09:00:00+00:00,18.39
5884,2024-09-02 10:00:00+00:00,18.35
5885,2024-09-02 11:00:00+00:00,18.97
5886,2024-09-02 12:00:00+00:00,18.78
5887,2024-09-02 13:00:00+00:00,16.73
5888,2024-09-02 14:00:00+00:00,16.99
5889,2024-09-02 15:00:00+00:00,16.67
5890,2024-09-02 16:00:00+00:00,17.44
5891,2024-09-02 17:00:00+00:00,18.86
5892,2024-09-02 18:00:00+00:00,19.73
5893,2024-09-02 19:00:00+00:00,20.08
5894,2024-09-02 20:00:00+00:00,19.54
5895,2024-09-02 21:00:00+00:00,20.17
5896,2024-09-02 22:00:00+00:00,21.17
5897,2024-09-02 23:00:00+00:00,23.59
5898,2024-09-03 00:00:00+00:00,32.7
5899,2024-09-03 01:00:00+00:00,31.08
5900,2024-09-03 02:00:00+00:00,26.97
5901,2024-09-03 03:00:00+00:00,22.11
5902,2024-09-03 04:00:00+00:00,20.77
5903,2024-09-03 05:00:00+00:00,18.76
5904,2024-09-03 06:00:00+00:00,17.39
5905,2024-09-03 07:00:00+00:00,16.72
5906,2024-09-03 08:00:00+00:00,16.38
5907,2024-09-03 09:00:00+00:00,16.67
5908,2024-09-03 10:00:00+00:00,18.2
5909,2024-09-03 11:00:00+00:00,20.58
5910,2024-09-03 12:00:00+00:00,19.5
5911,2024-09-03 13:00:00+00:00,18.24
5912,2024-09-03 14:00:00+00:00,18.79
5913,2024-09-03 15:00:00+00:00,18.59
5914,2024-09-03 16:00:00+00:00,18.17
5915,2024-09-03 17:00:00+00:00,18.98
5916,2024-09-03 18:00:00+00:00,19.28
5917,2024-09-03 19:00:00+00:00,18.79
5918,2024-09-03 20:00:00+00:00,18.59
5919,2024-09-03 21:00:00+00:00,18.64
5920,2024-09-03 22:00:00+00:00,20.34
5921,2024-09-03 23:00:00+00:00,25.22
5922,2024-09-04 00:00:00+00:00,28.82
5923,2024-09-04 01:00:00+00:00,28.22
5924,2024-09-04 02:00:00+00:00,25.38
5925,2024-09-04 03:00:00+00:00,19.76
5926,2024-09-04 04:00:00+00:00,17.96
5927,2024-09-04 05:00:00+00:00,19.62
5928,2024-09-04 06:00:00+00:00,18.74
5929,2024-09-04 07:00:00+00:00,17.73
5930,2024-09-04 08:00:00+00:00,17.61
5931,2024-09-04 09:00:00+00:00,17.75
5932,2024-09-04 10:00:00+00:00,19.63
5933,2024-09-04 11:00:00+00:00,21.49
5934,2024-09-04 12:00:00+00:00,20.82
5935,2024-09-04 13:00:00+00:00,20.15
5936,2024-09-04 14:00:00+00:00,20.23
5937,2024-09-04 15:00:00+00:00,19.46
5938,2024-09-04 16:00:00+00:00,19.61
5939,2024-09-04 17:00:00+00:00,19.8
5940,2024-09-04 18:00:00+00:00,20.32
5941,2024-09-04 19:00:00+00:00,21.01
5942,2024-09-04 20:00:00+00:00,21.64
5943,2024-09-04 21:00:00+00:00,22.2
5944,2024-09-04 22:00:00+00:00,24.73
5945,2024-09-04 23:00:00+00:00,38.11
5946,2024-09-05 00:00:00+00:00,41.84
5947,2024-09-05 01:00:00+00:00,35.93
5948,2024-09-05 02:00:00+00:00,28.74
5949,2024-09-05 03:00:00+00:00,22.95
5950,2024-09-05 04:00:00+00:00,20.63
5951,2024-09-05 05:00:00+00:00,20.62
5952,2024-09-05 06:00:00+00:00,18.74
5953,2024-09-05 07:00:00+00:00,18.51
5954,2024-09-05 08:00:00+00:00,17.77
5955,2024-09-05 09:00:00+00:00,18.48
5956,2024-09-05 10:00:00+00:00,19.66
5957,2024-09-05 11:00:00+00:00,22.83
5958,2024-09-05 12:00:00+00:00,21.89
5959,2024-09-05 13:00:00+00:00,20.33
5960,2024-09-05 14:00:00+00:00,19.33
5961,2024-09-05 15:00:00+00:00,19.17
5962,2024-09-05 16:00:00+00:00,18.12
5963,2024-09-05 17:00:00+00:00,19.31
5964,2024-09-05 18:00:00+00:00,20.65
5965,2024-09-05 19:00:00+00:00,23.56
5966,2024-09-05 20:00:00+00:00,25.67
5967,2024-09-05 21:00:00+00:00,26.43
5968,2024-09-05 22:00:00+00:00,29.27
5969,2024-09-05 23:00:00+00:00,44.61
5970,2024-09-06 00:00:00+00:00,47.36
5971,2024-09-06 01:00:00+00:00,39.44
5972,2024-09-06 02:00:00+00:00,31.09
5973,2024-09-06 03:00:00+00:00,23.12
5974,2024-09-06 04:00:00+00:00,21.16
5975,2024-09-06 05:00:00+00:00,20.5
5976,2024-09-06 06:00:00+00:00,18.4
5977,2024-09-06 07:00:00+00:00,17.27
5978,2024-09-06 08:00:00+00:00,16.81
5979,2024-09-06 09:00:00+00:00,16.52
5980,2024-09-06 10:00:00+00:00,17.22
5981,2024-09-06 11:00:00+00:00,17.77
5982,2024-09-06 12:00:00+00:00,17.08
5983,2024-09-06 13:00:00+00:00,11.8
5984,2024-09-06 14:00:00+00:00,10.21
5985,2024-09-06 15:00:00+00:00,10.34
5986,2024-09-06 16:00:00+00:00,9.58
5987,2024-09-06 17:00:00+00:00,10.43
5988,2024-09-06 18:00:00+00:00,15.24
5989,2024-09-06 19:00:00+00:00,16.69
5990,2024-09-06 20:00:00+00:00,17.94
5991,2024-09-06 21:00:00+00:00,20.28
5992,2024-09-06 22:00:00+00:00,18.14
5993,2024-09-06 23:00:00+00:00,21.95
5994,2024-09-07 00:00:00+00:00,38.15
5995,2024-09-07 01:00:00+00:00,30.84
5996,2024-09-07 02:00:00+00:00,25.47
5997,2024-09-07 03:00:00+00:00,21.05
5998,2024-09-07 04:00:00+00:00,17.67
5999,2024-09-07 05:00:00+00:00,18.52
6000,2024-09-07 06:00:00+00:00,16.68
6001,2024-09-07 07:00:00+00:00,16.3
6002,2024-09-07 08:00:00+00:00,14.83
6003,2024-09-07 09:00:00+00:00,14.52
6004,2024-09-07 10:00:00+00:00,14.91
6005,2024-09-07 11:00:00+00:00,14.29
6006,2024-09-07 12:00:00+00:00,13.85
6007,2024-09-07 13:00:00+00:00,7.72
6008,2024-09-07 14:00:00+00:00,4.11
6009,2024-09-07 15:00:00+00:00,5.43
6010,2024-09-07 16:00:00+00:00,6.65
6011,2024-09-07 17:00:00+00:00,8.83
6012,2024-09-07 18:00:00+00:00,12.0
6013,2024-09-07 19:00:00+00:00,13.6
6014,2024-09-07 20:00:00+00:00,14.63
6015,2024-09-07 21:00:00+00:00,15.36
6016,2024-09-07 22:00:00+00:00,16.13
6017,2024-09-07 23:00:00+00:00,20.6
6018,2024-09-08 00:00:00+00:00,33.63
6019,2024-09-08 01:00:00+00:00,27.29
6020,2024-09-08 02:00:00+00:00,21.92
6021,2024-09-08 03:00:00+00:00,19.47
6022,2024-09-08 04:00:00+00:00,16.68
6023,2024-09-08 05:00:00+00:00,15.78
6024,2024-09-08 06:00:00+00:00,14.37
6025,2024-09-08 07:00:00+00:00,13.92
6026,2024-09-08 08:00:00+00:00,12.85
6027,2024-09-08 09:00:00+00:00,12.67
6028,2024-09-08 10:00:00+00:00,13.0
6029,2024-09-08 11:00:00+00:00,12.15
6030,2024-09-08 12:00:00+00:00,11.83
6031,2024-09-08 13:00:00+00:00,5.1
6032,2024-09-08 14:00:00+00:00,1.99
6033,2024-09-08 15:00:00+00:00,1.82
6034,2024-09-08 16:00:00+00:00,3.28
6035,2024-09-08 17:00:00+00:00,7.21
6036,2024-09-08 18:00:00+00:00,10.13
6037,2024-09-08 19:00:00+00:00,11.44
6038,2024-09-08 20:00:00+00:00,12.52
6039,2024-09-08 21:00:00+00:00,14.16
6040,2024-09-08 22:00:00+00:00,14.72
6041,2024-09-08 23:00:00+00:00,20.04
6042,2024-09-09 00:00:00+00:00,37.26
6043,2024-09-09 01:00:00+00:00,23.58
6044,2024-09-09 02:00:00+00:00,20.86
6045,2024-09-09 03:00:00+00:00,18.18
6046,2024-09-09 04:00:00+00:00,14.94
6047,2024-09-09 05:00:00+00:00,14.87
6048,2024-09-09 06:00:00+00:00,13.6
6049,2024-09-09 07:00:00+00:00,12.45
6050,2024-09-09 08:00:00+00:00,12.46
6051,2024-09-09 09:00:00+00:00,14.25
6052,2024-09-09 10:00:00+00:00,16.74
6053,2024-09-09 11:00:00+00:00,17.43
6054,2024-09-09 12:00:00+00:00,16.27
6055,2024-09-09 13:00:00+00:00,10.29
6056,2024-09-09 14:00:00+00:00,4.54
6057,2024-09-09 15:00:00+00:00,4.66
6058,2024-09-09 16:00:00+00:00,8.54
6059,2024-09-09 17:00:00+00:00,10.99
6060,2024-09-09 18:00:00+00:00,13.35
6061,2024-09-09 19:00:00+00:00,14.62
6062,2024-09-09 20:00:00+00:00,15.08
6063,2024-09-09 21:00:00+00:00,17.74
6064,2024-09-09 22:00:00+00:00,20.39
6065,2024-09-09 23:00:00+00:00,33.58
6066,2024-09-10 00:00:00+00:00,47.68
6067,2024-09-10 01:00:00+00:00,29.48
6068,2024-09-10 02:00:00+00:00,24.1
6069,2024-09-10 03:00:00+00:00,18.62
6070,2024-09-10 04:00:00+00:00,15.54
6071,2024-09-10 05:00:00+00:00,16.68
6072,2024-09-10 06:00:00+00:00,15.2
6073,2024-09-10 07:00:00+00:00,14.44
6074,2024-09-10 08:00:00+00:00,14.66
6075,2024-09-10 09:00:00+00:00,15.07
6076,2024-09-10 10:00:00+00:00,19.21
6077,2024-09-10 11:00:00+00:00,20.0
6078,2024-09-10 12:00:00+00:00,20.59
6079,2024-09-10 13:00:00+00:00,12.81
6080,2024-09-10 14:00:00+00:00,7.92
6081,2024-09-10 15:00:00+00:00,11.82
6082,2024-09-10 16:00:00+00:00,11.97
6083,2024-09-10 17:00:00+00:00,15.0
6084,2024-09-10 18:00:00+00:00,17.65
6085,2024-09-10 19:00:00+00:00,20.03
6086,2024-09-10 20:00:00+00:00,22.35
6087,2024-09-10 21:00:00+00:00,25.1
6088,2024-09-10 22:00:00+00:00,27.9
6089,2024-09-10 23:00:00+00:00,43.15
6090,2024-09-11 00:00:00+00:00,61.36
6091,2024-09-11 01:00:00+00:00,38.65
6092,2024-09-11 02:00:00+00:00,25.49
6093,2024-09-11 03:00:00+00:00,23.11
6094,2024-09-11 04:00:00+00:00,19.37
6095,2024-09-11 05:00:00+00:00,18.18
6096,2024-09-11 06:00:00+00:00,17.13
6097,2024-09-11 07:00:00+00:00,17.33
6098,2024-09-11 08:00:00+00:00,18.0
6099,2024-09-11 09:00:00+00:00,20.3
6100,2024-09-11 10:00:00+00:00,23.92
6101,2024-09-11 11:00:00+00:00,27.46
6102,2024-09-11 12:00:00+00:00,26.24
6103,2024-09-11 13:00:00+00:00,21.65
6104,2024-09-11 14:00:00+00:00,17.64
6105,2024-09-11 15:00:00+00:00,18.19
6106,2024-09-11 16:00:00+00:00,17.56
6107,2024-09-11 17:00:00+00:00,20.69
6108,2024-09-11 18:00:00+00:00,23.63
6109,2024-09-11 19:00:00+00:00,22.24
6110,2024-09-11 20:00:00+00:00,21.03
6111,2024-09-11 21:00:00+00:00,24.2
6112,2024-09-11 22:00:00+00:00,25.16
6113,2024-09-11 23:00:00+00:00,46.16
6114,2024-09-12 00:00:00+00:00,68.36
6115,2024-09-12 01:00:00+00:00,42.92
6116,2024-09-12 02:00:00+00:00,27.27
6117,2024-09-12 03:00:00+00:00,21.5
6118,2024-09-12 04:00:00+00:00,19.35
6119,2024-09-12 05:00:00+00:00,16.11
6120,2024-09-12 06:00:00+00:00,14.22
6121,2024-09-12 07:00:00+00:00,13.4
6122,2024-09-12 08:00:00+00:00,12.97
6123,2024-09-12 09:00:00+00:00,15.44
6124,2024-09-12 10:00:00+00:00,17.84
6125,2024-09-12 11:00:00+00:00,22.5
6126,2024-09-12 12:00:00+00:00,21.57
6127,2024-09-12 13:00:00+00:00,15.67
6128,2024-09-12 14:00:00+00:00,13.88
6129,2024-09-12 15:00:00+00:00,14.13
6130,2024-09-12 16:00:00+00:00,14.43
6131,2024-09-12 17:00:00+00:00,17.01
6132,2024-09-12 18:00:00+00:00,19.31
6133,2024-09-12 19:00:00+00:00,20.6
6134,2024-09-12 20:00:00+00:00,22.26
6135,2024-09-12 21:00:00+00:00,23.84
6136,2024-09-12 22:00:00+00:00,26.4
6137,2024-09-12 23:00:00+00:00,41.98
6138,2024-09-13 00:00:00+00:00,71.14
6139,2024-09-13 01:00:00+00:00,39.62
6140,2024-09-13 02:00:00+00:00,24.74
6141,2024-09-13 03:00:00+00:00,18.61
6142,2024-09-13 04:00:00+00:00,15.91
6143,2024-09-13 05:00:00+00:00,13.42
6144,2024-09-13 06:00:00+00:00,11.8
6145,2024-09-13 07:00:00+00:00,10.44
6146,2024-09-13 08:00:00+00:00,9.65
6147,2024-09-13 09:00:00+00:00,9.67
6148,2024-09-13 10:00:00+00:00,12.23
6149,2024-09-13 11:00:00+00:00,14.81
6150,2024-09-13 12:00:00+00:00,14.94
6151,2024-09-13 13:00:00+00:00,10.59
6152,2024-09-13 14:00:00+00:00,5.69
6153,2024-09-13 15:00:00+00:00,9.55
6154,2024-09-13 16:00:00+00:00,12.51
6155,2024-09-13 17:00:00+00:00,15.66
6156,2024-09-13 18:00:00+00:00,18.75
6157,2024-09-13 19:00:00+00:00,22.35
6158,2024-09-13 20:00:00+00:00,24.14
6159,2024-09-13 21:00:00+00:00,25.63
6160,2024-09-13 22:00:00+00:00,25.8
6161,2024-09-13 23:00:00+00:00,48.3
6162,2024-09-14 00:00:00+00:00,51.1
6163,2024-09-14 01:00:00+00:00,25.54
6164,2024-09-14 02:00:00+00:00,20.85
6165,2024-09-14 03:00:00+00:00,18.0
6166,2024-09-14 04:00:00+00:00,15.58
6167,2024-09-14 05:00:00+00:00,15.54
6168,2024-09-14 06:00:00+00:00,13.5
6169,2024-09-14 07:00:00+00:00,12.33
6170,2024-09-14 08:00:00+00:00,12.52
6171,2024-09-14 09:00:00+00:00,12.34
6172,2024-09-14 10:00:00+00:00,13.55
6173,2024-09-14 11:00:00+00:00,14.15
6174,2024-09-14 12:00:00+00:00,14.99
6175,2024-09-14 13:00:00+00:00,14.18
6176,2024-09-14 14:00:00+00:00,14.71
6177,2024-09-14 15:00:00+00:00,16.31
6178,2024-09-14 16:00:00+00:00,18.91
6179,2024-09-14 17:00:00+00:00,20.69
6180,2024-09-14 18:00:00+00:00,24.19
6181,2024-09-14 19:00:00+00:00,27.72
6182,2024-09-14 20:00:00+00:00,27.81
6183,2024-09-14 21:00:00+00:00,32.02
6184,2024-09-14 22:00:00+00:00,39.33
6185,2024-09-14 23:00:00+00:00,68.87
6186,2024-09-15 00:00:00+00:00,72.15
6187,2024-09-15 01:00:00+00:00,35.75
6188,2024-09-15 02:00:00+00:00,26.44
6189,2024-09-15 03:00:00+00:00,21.06
6190,2024-09-15 04:00:00+00:00,20.25
6191,2024-09-15 05:00:00+00:00,20.03
6192,2024-09-15 06:00:00+00:00,18.69
6193,2024-09-15 07:00:00+00:00,17.48
6194,2024-09-15 08:00:00+00:00,16.62
6195,2024-09-15 09:00:00+00:00,16.77
6196,2024-09-15 10:00:00+00:00,16.84
6197,2024-09-15 11:00:00+00:00,17.35
6198,2024-09-15 12:00:00+00:00,16.77
6199,2024-09-15 13:00:00+00:00,14.89
6200,2024-09-15 14:00:00+00:00,13.85
6201,2024-09-15 15:00:00+00:00,16.2
6202,2024-09-15 16:00:00+00:00,19.15
6203,2024-09-15 17:00:00+00:00,20.54
6204,2024-09-15 18:00:00+00:00,20.24
6205,2024-09-15 19:00:00+00:00,21.84
6206,2024-09-15 20:00:00+00:00,22.31
6207,2024-09-15 21:00:00+00:00,26.05
6208,2024-09-15 22:00:00+00:00,26.64
6209,2024-09-15 23:00:00+00:00,43.59
6210,2024-09-16 00:00:00+00:00,57.91
6211,2024-09-16 01:00:00+00:00,40.3
6212,2024-09-16 02:00:00+00:00,25.25
6213,2024-09-16 03:00:00+00:00,21.37
6214,2024-09-16 04:00:00+00:00,18.61
6215,2024-09-16 05:00:00+00:00,21.45
6216,2024-09-16 06:00:00+00:00,19.95
6217,2024-09-16 07:00:00+00:00,19.4
6218,2024-09-16 08:00:00+00:00,19.21
6219,2024-09-16 09:00:00+00:00,20.98
6220,2024-09-16 10:00:00+00:00,23.44
6221,2024-09-16 11:00:00+00:00,25.52
6222,2024-09-16 12:00:00+00:00,24.52
6223,2024-09-16 13:00:00+00:00,18.43
6224,2024-09-16 14:00:00+00:00,17.31
6225,2024-09-16 15:00:00+00:00,17.89
6226,2024-09-16 16:00:00+00:00,19.93
6227,2024-09-16 17:00:00+00:00,22.96
6228,2024-09-16 18:00:00+00:00,24.73
6229,2024-09-16 19:00:00+00:00,23.08
6230,2024-09-16 20:00:00+00:00,24.71
6231,2024-09-16 21:00:00+00:00,26.87
6232,2024-09-16 22:00:00+00:00,30.03
6233,2024-09-16 23:00:00+00:00,47.58
6234,2024-09-17 00:00:00+00:00,61.92
6235,2024-09-17 01:00:00+00:00,35.3
6236,2024-09-17 02:00:00+00:00,24.45
6237,2024-09-17 03:00:00+00:00,21.75
6238,2024-09-17 04:00:00+00:00,18.57
6239,2024-09-17 05:00:00+00:00,19.87
6240,2024-09-17 06:00:00+00:00,18.24
6241,2024-09-17 07:00:00+00:00,17.71
6242,2024-09-17 08:00:00+00:00,18.3
6243,2024-09-17 09:00:00+00:00,18.83
6244,2024-09-17 10:00:00+00:00,21.62
6245,2024-09-17 11:00:00+00:00,24.91
6246,2024-09-17 12:00:00+00:00,24.53
6247,2024-09-17 13:00:00+00:00,19.56
6248,2024-09-17 14:00:00+00:00,16.85
6249,2024-09-17 15:00:00+00:00,18.0
6250,2024-09-17 16:00:00+00:00,20.06
6251,2024-09-17 17:00:00+00:00,23.69
6252,2024-09-17 18:00:00+00:00,27.82
6253,2024-09-17 19:00:00+00:00,27.41
6254,2024-09-17 20:00:00+00:00,28.27
6255,2024-09-17 21:00:00+00:00,30.37
6256,2024-09-17 22:00:00+00:00,30.83
6257,2024-09-17 23:00:00+00:00,40.94
6258,2024-09-18 00:00:00+00:00,48.66
6259,2024-09-18 01:00:00+00:00,35.32
6260,2024-09-18 02:00:00+00:00,23.52
6261,2024-09-18 03:00:00+00:00,20.65
6262,2024-09-18 04:00:00+00:00,17.19
6263,2024-09-18 05:00:00+00:00,16.39
6264,2024-09-18 06:00:00+00:00,14.61
6265,2024-09-18 07:00:00+00:00,13.7
6266,2024-09-18 08:00:00+00:00,13.7
6267,2024-09-18 09:00:00+00:00,14.71
6268,2024-09-18 10:00:00+00:00,16.87
6269,2024-09-18 11:00:00+00:00,18.43
6270,2024-09-18 12:00:00+00:00,17.54
6271,2024-09-18 13:00:00+00:00,16.08
6272,2024-09-18 14:00:00+00:00,14.86
6273,2024-09-18 15:00:00+00:00,16.59
6274,2024-09-18 16:00:00+00:00,17.93
6275,2024-09-18 17:00:00+00:00,21.71
6276,2024-09-18 18:00:00+00:00,26.11
6277,2024-09-18 19:00:00+00:00,26.38
6278,2024-09-18 20:00:00+00:00,28.95
6279,2024-09-18 21:00:00+00:00,30.78
6280,2024-09-18 22:00:00+00:00,31.78
6281,2024-09-18 23:00:00+00:00,44.76
6282,2024-09-19 00:00:00+00:00,52.0
6283,2024-09-19 01:00:00+00:00,34.64
6284,2024-09-19 02:00:00+00:00,24.81
6285,2024-09-19 03:00:00+00:00,20.53
6286,2024-09-19 04:00:00+00:00,17.64
6287,2024-09-19 05:00:00+00:00,16.09
6288,2024-09-19 06:00:00+00:00,15.08
6289,2024-09-19 07:00:00+00:00,14.1
6290,2024-09-19 08:00:00+00:00,13.73
6291,2024-09-19 09:00:00+00:00,14.3
6292,2024-09-19 10:00:00+00:00,15.76
6293,2024-09-19 11:00:00+00:00,19.06
6294,2024-09-19 12:00:00+00:00,20.09
6295,2024-09-19 13:00:00+00:00,17.12
6296,2024-09-19 14:00:00+00:00,15.43
6297,2024-09-19 15:00:00+00:00,20.1
6298,2024-09-19 16:00:00+00:00,24.11
6299,2024-09-19 17:00:00+00:00,28.61
6300,2024-09-19 18:00:00+00:00,30.68
6301,2024-09-19 19:00:00+00:00,34.27
6302,2024-09-19 20:00:00+00:00,34.13
6303,2024-09-19 21:00:00+00:00,36.12
6304,2024-09-19 22:00:00+00:00,43.76
6305,2024-09-19 23:00:00+00:00,103.86
6306,2024-09-20 00:00:00+00:00,109.04
6307,2024-09-20 01:00:00+00:00,50.28
6308,2024-09-20 02:00:00+00:00,27.8
6309,2024-09-20 03:00:00+00:00,24.31
6310,2024-09-20 04:00:00+00:00,18.91
6311,2024-09-20 05:00:00+00:00,18.24
6312,2024-09-20 06:00:00+00:00,16.11
6313,2024-09-20 07:00:00+00:00,14.56
6314,2024-09-20 08:00:00+00:00,14.52
6315,2024-09-20 09:00:00+00:00,15.9
6316,2024-09-20 10:00:00+00:00,18.38
6317,2024-09-20 11:00:00+00:00,21.0
6318,2024-09-20 12:00:00+00:00,21.09
6319,2024-09-20 13:00:00+00:00,18.18
6320,2024-09-20 14:00:00+00:00,15.53
6321,2024-09-20 15:00:00+00:00,19.87
6322,2024-09-20 16:00:00+00:00,22.59
6323,2024-09-20 17:00:00+00:00,25.41
6324,2024-09-20 18:00:00+00:00,30.35
6325,2024-09-20 19:00:00+00:00,32.87
6326,2024-09-20 20:00:00+00:00,32.56
6327,2024-09-20 21:00:00+00:00,35.35
6328,2024-09-20 22:00:00+00:00,33.26
6329,2024-09-20 23:00:00+00:00,43.07
6330,2024-09-21 00:00:00+00:00,56.11
6331,2024-09-21 01:00:00+00:00,33.52
6332,2024-09-21 02:00:00+00:00,25.04
6333,2024-09-21 03:00:00+00:00,22.79
6334,2024-09-21 04:00:00+00:00,18.24
6335,2024-09-21 05:00:00+00:00,21.44
6336,2024-09-21 06:00:00+00:00,19.9
6337,2024-09-21 07:00:00+00:00,18.24
6338,2024-09-21 08:00:00+00:00,18.07
6339,2024-09-21 09:00:00+00:00,18.36
6340,2024-09-21 10:00:00+00:00,19.22
6341,2024-09-21 11:00:00+00:00,17.09
6342,2024-09-21 12:00:00+00:00,17.09
6343,2024-09-21 13:00:00+00:00,14.9
6344,2024-09-21 14:00:00+00:00,13.15
6345,2024-09-21 15:00:00+00:00,14.98
6346,2024-09-21 16:00:00+00:00,20.26
6347,2024-09-21 17:00:00+00:00,22.62
6348,2024-09-21 18:00:00+00:00,24.31
6349,2024-09-21 19:00:00+00:00,26.39
6350,2024-09-21 20:00:00+00:00,29.82
6351,2024-09-21 21:00:00+00:00,30.15
6352,2024-09-21 22:00:00+00:00,27.79
6353,2024-09-21 23:00:00+00:00,32.35
6354,2024-09-22 00:00:00+00:00,30.85
6355,2024-09-22 01:00:00+00:00,26.46
6356,2024-09-22 02:00:00+00:00,21.38
6357,2024-09-22 03:00:00+00:00,20.88
6358,2024-09-22 04:00:00+00:00,17.25
6359,2024-09-22 05:00:00+00:00,17.52
6360,2024-09-22 06:00:00+00:00,15.51
6361,2024-09-22 07:00:00+00:00,14.67
6362,2024-09-22 08:00:00+00:00,14.63
6363,2024-09-22 09:00:00+00:00,15.44
6364,2024-09-22 10:00:00+00:00,16.77
6365,2024-09-22 11:00:00+00:00,17.26
6366,2024-09-22 12:00:00+00:00,16.65
6367,2024-09-22 13:00:00+00:00,12.93
6368,2024-09-22 14:00:00+00:00,11.22
6369,2024-09-22 15:00:00+00:00,13.81
6370,2024-09-22 16:00:00+00:00,17.38
6371,2024-09-22 17:00:00+00:00,21.87
6372,2024-09-22 18:00:00+00:00,23.58
6373,2024-09-22 19:00:00+00:00,25.4
6374,2024-09-22 20:00:00+00:00,28.06
6375,2024-09-22 21:00:00+00:00,28.26
6376,2024-09-22 22:00:00+00:00,26.91
6377,2024-09-22 23:00:00+00:00,31.43
6378,2024-09-23 00:00:00+00:00,29.44
6379,2024-09-23 01:00:00+00:00,24.19
6380,2024-09-23 02:00:00+00:00,20.71
6381,2024-09-23 03:00:00+00:00,21.85
6382,2024-09-23 04:00:00+00:00,18.55
6383,2024-09-23 05:00:00+00:00,21.45
6384,2024-09-23 06:00:00+00:00,21.28
6385,2024-09-23 07:00:00+00:00,20.61
6386,2024-09-23 08:00:00+00:00,20.29
6387,2024-09-23 09:00:00+00:00,21.38
6388,2024-09-23 10:00:00+00:00,24.13
6389,2024-09-23 11:00:00+00:00,27.21
6390,2024-09-23 12:00:00+00:00,26.34
6391,2024-09-23 13:00:00+00:00,21.54
6392,2024-09-23 14:00:00+00:00,22.0
6393,2024-09-23 15:00:00+00:00,24.62
6394,2024-09-23 16:00:00+00:00,28.56
6395,2024-09-23 17:00:00+00:00,31.1
6396,2024-09-23 18:00:00+00:00,35.75
6397,2024-09-23 19:00:00+00:00,38.52
6398,2024-09-23 20:00:00+00:00,38.63
6399,2024-09-23 21:00:00+00:00,37.97
6400,2024-09-23 22:00:00+00:00,45.73
6401,2024-09-23 23:00:00+00:00,60.45
6402,2024-09-24 00:00:00+00:00,58.99
6403,2024-09-24 01:00:00+00:00,42.15
6404,2024-09-24 02:00:00+00:00,31.56
6405,2024-09-24 03:00:00+00:00,26.46
6406,2024-09-24 04:00:00+00:00,24.98
6407,2024-09-24 05:00:00+00:00,24.71
6408,2024-09-24 06:00:00+00:00,23.31
6409,2024-09-24 07:00:00+00:00,22.17
6410,2024-09-24 08:00:00+00:00,21.52
6411,2024-09-24 09:00:00+00:00,21.57
6412,2024-09-24 10:00:00+00:00,23.52
6413,2024-09-24 11:00:00+00:00,27.22
6414,2024-09-24 12:00:00+00:00,25.48
6415,2024-09-24 13:00:00+00:00,21.06
6416,2024-09-24 14:00:00+00:00,18.05
6417,2024-09-24 15:00:00+00:00,20.3
6418,2024-09-24 16:00:00+00:00,24.77
6419,2024-09-24 17:00:00+00:00,29.36
6420,2024-09-24 18:00:00+00:00,32.75
6421,2024-09-24 19:00:00+00:00,32.37
6422,2024-09-24 20:00:00+00:00,32.55
6423,2024-09-24 21:00:00+00:00,32.57
6424,2024-09-24 22:00:00+00:00,33.69
6425,2024-09-24 23:00:00+00:00,56.08
6426,2024-09-25 00:00:00+00:00,75.55
6427,2024-09-25 01:00:00+00:00,42.08
6428,2024-09-25 02:00:00+00:00,32.55
6429,2024-09-25 03:00:00+00:00,28.02
6430,2024-09-25 04:00:00+00:00,23.92
6431,2024-09-25 05:00:00+00:00,23.68
6432,2024-09-25 06:00:00+00:00,22.29
6433,2024-09-25 07:00:00+00:00,21.84
6434,2024-09-25 08:00:00+00:00,21.54
6435,2024-09-25 09:00:00+00:00,21.38
6436,2024-09-25 10:00:00+00:00,22.83
6437,2024-09-25 11:00:00+00:00,27.0
6438,2024-09-25 12:00:00+00:00,25.19
6439,2024-09-25 13:00:00+00:00,19.78
6440,2024-09-25 14:00:00+00:00,18.12
6441,2024-09-25 15:00:00+00:00,20.34
6442,2024-09-25 16:00:00+00:00,24.09
6443,2024-09-25 17:00:00+00:00,25.69
6444,2024-09-25 18:00:00+00:00,27.05
6445,2024-09-25 19:00:00+00:00,29.16
6446,2024-09-25 20:00:00+00:00,30.36
6447,2024-09-25 21:00:00+00:00,29.66
6448,2024-09-25 22:00:00+00:00,30.21
6449,2024-09-25 23:00:00+00:00,60.92
6450,2024-09-26 00:00:00+00:00,77.67
6451,2024-09-26 01:00:00+00:00,55.89
6452,2024-09-26 02:00:00+00:00,40.23
6453,2024-09-26 03:00:00+00:00,29.66
6454,2024-09-26 04:00:00+00:00,26.28
6455,2024-09-26 05:00:00+00:00,21.75
6456,2024-09-26 06:00:00+00:00,19.91
6457,2024-09-26 07:00:00+00:00,19.38
6458,2024-09-26 08:00:00+00:00,19.45
6459,2024-09-26 09:00:00+00:00,19.4
6460,2024-09-26 10:00:00+00:00,22.27
6461,2024-09-26 11:00:00+00:00,24.38
6462,2024-09-26 12:00:00+00:00,22.57
6463,2024-09-26 13:00:00+00:00,16.62
6464,2024-09-26 14:00:00+00:00,11.44
6465,2024-09-26 15:00:00+00:00,12.5
6466,2024-09-26 16:00:00+00:00,15.67
6467,2024-09-26 17:00:00+00:00,17.87
6468,2024-09-26 18:00:00+00:00,19.37
6469,2024-09-26 19:00:00+00:00,21.16
6470,2024-09-26 20:00:00+00:00,22.51
6471,2024-09-26 21:00:00+00:00,25.11
6472,2024-09-26 22:00:00+00:00,27.86
6473,2024-09-26 23:00:00+00:00,47.41
6474,2024-09-27 00:00:00+00:00,64.07
6475,2024-09-27 01:00:00+00:00,42.66
6476,2024-09-27 02:00:00+00:00,31.25
6477,2024-09-27 03:00:00+00:00,24.95
6478,2024-09-27 04:00:00+00:00,23.51
6479,2024-09-27 05:00:00+00:00,21.21
6480,2024-09-27 06:00:00+00:00,19.32
6481,2024-09-27 07:00:00+00:00,18.71
6482,2024-09-27 08:00:00+00:00,18.74
6483,2024-09-27 09:00:00+00:00,19.4
6484,2024-09-27 10:00:00+00:00,22.13
6485,2024-09-27 11:00:00+00:00,23.63
6486,2024-09-27 12:00:00+00:00,23.37
6487,2024-09-27 13:00:00+00:00,16.55
6488,2024-09-27 14:00:00+00:00,12.52
6489,2024-09-27 15:00:00+00:00,14.1
6490,2024-09-27 16:00:00+00:00,16.54
6491,2024-09-27 17:00:00+00:00,17.84
6492,2024-09-27 18:00:00+00:00,19.92
6493,2024-09-27 19:00:00+00:00,23.14
6494,2024-09-27 20:00:00+00:00,28.8
6495,2024-09-27 21:00:00+00:00,30.64
6496,2024-09-27 22:00:00+00:00,29.43
6497,2024-09-27 23:00:00+00:00,48.74
6498,2024-09-28 00:00:00+00:00,51.23
6499,2024-09-28 01:00:00+00:00,35.03
6500,2024-09-28 02:00:00+00:00,28.18
6501,2024-09-28 03:00:00+00:00,25.82
6502,2024-09-28 04:00:00+00:00,23.36
6503,2024-09-28 05:00:00+00:00,22.78
6504,2024-09-28 06:00:00+00:00,21.41
6505,2024-09-28 07:00:00+00:00,19.11
6506,2024-09-28 08:00:00+00:00,18.69
6507,2024-09-28 09:00:00+00:00,18.0
6508,2024-09-28 10:00:00+00:00,18.21
6509,2024-09-28 11:00:00+00:00,17.41
6510,2024-09-28 12:00:00+00:00,17.03
6511,2024-09-28 13:00:00+00:00,14.5
6512,2024-09-28 14:00:00+00:00,9.49
6513,2024-09-28 15:00:00+00:00,14.21
6514,2024-09-28 16:00:00+00:00,15.18
6515,2024-09-28 17:00:00+00:00,17.54
6516,2024-09-28 18:00:00+00:00,18.55
6517,2024-09-28 19:00:00+00:00,23.68
6518,2024-09-28 20:00:00+00:00,27.49
6519,2024-09-28 21:00:00+00:00,30.15
6520,2024-09-28 22:00:00+00:00,27.3
6521,2024-09-28 23:00:00+00:00,41.0
6522,2024-09-29 00:00:00+00:00,47.03
6523,2024-09-29 01:00:00+00:00,30.69
6524,2024-09-29 02:00:00+00:00,24.66
6525,2024-09-29 03:00:00+00:00,24.02
6526,2024-09-29 04:00:00+00:00,20.44
6527,2024-09-29 05:00:00+00:00,22.91
6528,2024-09-29 06:00:00+00:00,21.4
6529,2024-09-29 07:00:00+00:00,18.87
6530,2024-09-29 08:00:00+00:00,18.24
6531,2024-09-29 09:00:00+00:00,17.98
6532,2024-09-29 10:00:00+00:00,17.66
6533,2024-09-29 11:00:00+00:00,15.73
6534,2024-09-29 12:00:00+00:00,15.63
6535,2024-09-29 13:00:00+00:00,12.43
6536,2024-09-29 14:00:00+00:00,6.62
6537,2024-09-29 15:00:00+00:00,9.16
6538,2024-09-29 16:00:00+00:00,13.69
6539,2024-09-29 17:00:00+00:00,15.85
6540,2024-09-29 18:00:00+00:00,17.89
6541,2024-09-29 19:00:00+00:00,20.15
6542,2024-09-29 20:00:00+00:00,21.03
6543,2024-09-29 21:00:00+00:00,22.26
6544,2024-09-29 22:00:00+00:00,26.98
6545,2024-09-29 23:00:00+00:00,56.24
6546,2024-09-30 00:00:00+00:00,49.78
6547,2024-09-30 01:00:00+00:00,30.09
6548,2024-09-30 02:00:00+00:00,24.96
6549,2024-09-30 03:00:00+00:00,24.88
6550,2024-09-30 04:00:00+00:00,21.06
6551,2024-09-30 05:00:00+00:00,23.01
6552,2024-09-30 06:00:00+00:00,20.46
6553,2024-09-30 07:00:00+00:00,20.21
6554,2024-09-30 08:00:00+00:00,19.32
6555,2024-09-30 09:00:00+00:00,19.47
6556,2024-09-30 10:00:00+00:00,20.75
6557,2024-09-30 11:00:00+00:00,24.34
6558,2024-09-30 12:00:00+00:00,23.52
6559,2024-09-30 13:00:00+00:00,16.99
6560,2024-09-30 14:00:00+00:00,14.68
6561,2024-09-30 15:00:00+00:00,16.86
6562,2024-09-30 16:00:00+00:00,19.13
6563,2024-09-30 17:00:00+00:00,21.92
6564,2024-09-30 18:00:00+00:00,25.85
6565,2024-09-30 19:00:00+00:00,28.52
6566,2024-09-30 20:00:00+00:00,29.25
6567,2024-09-30 21:00:00+00:00,27.65
6568,2024-09-30 22:00:00+00:00,35.42
6569,2024-09-30 23:00:00+00:00,81.1
6570,2024-10-01 00:00:00+00:00,69.85
6571,2024-10-01 01:00:00+00:00,34.22
6572,2024-10-01 02:00:00+00:00,28.47
6573,2024-10-01 03:00:00+00:00,23.83
6574,2024-10-01 04:00:00+00:00,22.23
6575,2024-10-01 05:00:00+00:00,20.7
6576,2024-10-01 06:00:00+00:00,20.59
6577,2024-10-01 07:00:00+00:00,19.2
6578,2024-10-01 08:00:00+00:00,19.93
6579,2024-10-01 09:00:00+00:00,20.84
6580,2024-10-01 10:00:00+00:00,22.09
6581,2024-10-01 11:00:00+00:00,28.75
6582,2024-10-01 12:00:00+00:00,23.98
6583,2024-10-01 13:00:00+00:00,17.29
6584,2024-10-01 14:00:00+00:00,12.03
6585,2024-10-01 15:00:00+00:00,14.96
6586,2024-10-01 16:00:00+00:00,18.47
6587,2024-10-01 17:00:00+00:00,23.02
6588,2024-10-01 18:00:00+00:00,27.14
6589,2024-10-01 19:00:00+00:00,25.51
6590,2024-10-01 20:00:00+00:00,26.12
6591,2024-10-01 21:00:00+00:00,28.09
6592,2024-10-01 22:00:00+00:00,31.94
6593,2024-10-01 23:00:00+00:00,67.11
6594,2024-10-02 00:00:00+00:00,72.6
6595,2024-10-02 01:00:00+00:00,38.39
6596,2024-10-02 02:00:00+00:00,29.71
6597,2024-10-02 03:00:00+00:00,25.87
6598,2024-10-02 04:00:00+00:00,23.9
6599,2024-10-02 05:00:00+00:00,25.1
6600,2024-10-02 06:00:00+00:00,22.42
6601,2024-10-02 07:00:00+00:00,21.94
6602,2024-10-02 08:00:00+00:00,21.06
6603,2024-10-02 09:00:00+00:00,21.65
6604,2024-10-02 10:00:00+00:00,23.2
6605,2024-10-02 11:00:00+00:00,28.3
6606,2024-10-02 12:00:00+00:00,26.68
6607,2024-10-02 13:00:00+00:00,18.91
6608,2024-10-02 14:00:00+00:00,15.65
6609,2024-10-02 15:00:00+00:00,16.75
6610,2024-10-02 16:00:00+00:00,18.99
6611,2024-10-02 17:00:00+00:00,21.93
6612,2024-10-02 18:00:00+00:00,26.54
6613,2024-10-02 19:00:00+00:00,29.34
6614,2024-10-02 20:00:00+00:00,32.69
6615,2024-10-02 21:00:00+00:00,34.25
6616,2024-10-02 22:00:00+00:00,36.69
6617,2024-10-02 23:00:00+00:00,72.83
6618,2024-10-03 00:00:00+00:00,62.92
6619,2024-10-03 01:00:00+00:00,34.43
6620,2024-10-03 02:00:00+00:00,26.09
6621,2024-10-03 03:00:00+00:00,22.13
6622,2024-10-03 04:00:00+00:00,20.46
6623,2024-10-03 05:00:00+00:00,17.97
6624,2024-10-03 06:00:00+00:00,16.12
6625,2024-10-03 07:00:00+00:00,14.43
6626,2024-10-03 08:00:00+00:00,13.77
6627,2024-10-03 09:00:00+00:00,14.64
6628,2024-10-03 10:00:00+00:00,16.92
6629,2024-10-03 11:00:00+00:00,20.94
6630,2024-10-03 12:00:00+00:00,21.25
6631,2024-10-03 13:00:00+00:00,15.34
6632,2024-10-03 14:00:00+00:00,14.24
6633,2024-10-03 15:00:00+00:00,16.97
6634,2024-10-03 16:00:00+00:00,20.67
6635,2024-10-03 17:00:00+00:00,25.48
6636,2024-10-03 18:00:00+00:00,30.66
6637,2024-10-03 19:00:00+00:00,33.74
6638,2024-10-03 20:00:00+00:00,36.02
6639,2024-10-03 21:00:00+00:00,35.94
6640,2024-10-03 22:00:00+00:00,36.75
6641,2024-10-03 23:00:00+00:00,74.11
6642,2024-10-04 00:00:00+00:00,60.86
6643,2024-10-04 01:00:00+00:00,33.41
6644,2024-10-04 02:00:00+00:00,28.63
6645,2024-10-04 03:00:00+00:00,24.52
6646,2024-10-04 04:00:00+00:00,22.01
6647,2024-10-04 05:00:00+00:00,19.67
6648,2024-10-04 06:00:00+00:00,18.84
6649,2024-10-04 07:00:00+00:00,18.34
6650,2024-10-04 08:00:00+00:00,19.58
6651,2024-10-04 09:00:00+00:00,20.46
6652,2024-10-04 10:00:00+00:00,23.52
6653,2024-10-04 11:00:00+00:00,28.4
6654,2024-10-04 12:00:00+00:00,26.8
6655,2024-10-04 13:00:00+00:00,20.49
6656,2024-10-04 14:00:00+00:00,16.63
6657,2024-10-04 15:00:00+00:00,19.26
6658,2024-10-04 16:00:00+00:00,22.34
6659,2024-10-04 17:00:00+00:00,27.42
6660,2024-10-04 18:00:00+00:00,30.71
6661,2024-10-04 19:00:00+00:00,33.43
6662,2024-10-04 20:00:00+00:00,37.77
6663,2024-10-04 21:00:00+00:00,39.75
6664,2024-10-04 22:00:00+00:00,46.73
6665,2024-10-04 23:00:00+00:00,89.82
6666,2024-10-05 00:00:00+00:00,70.78
6667,2024-10-05 01:00:00+00:00,41.31
6668,2024-10-05 02:00:00+00:00,38.91
6669,2024-10-05 03:00:00+00:00,26.92
6670,2024-10-05 04:00:00+00:00,24.24
6671,2024-10-05 05:00:00+00:00,21.36
6672,2024-10-05 06:00:00+00:00,19.96
6673,2024-10-05 07:00:00+00:00,19.58
6674,2024-10-05 08:00:00+00:00,19.83
6675,2024-10-05 09:00:00+00:00,20.09
6676,2024-10-05 10:00:00+00:00,20.86
6677,2024-10-05 11:00:00+00:00,22.57
6678,2024-10-05 12:00:00+00:00,22.15
6679,2024-10-05 13:00:00+00:00,18.69
6680,2024-10-05 14:00:00+00:00,14.76
6681,2024-10-05 15:00:00+00:00,16.55
6682,2024-10-05 16:00:00+00:00,19.05
6683,2024-10-05 17:00:00+00:00,23.35
6684,2024-10-05 18:00:00+00:00,26.31
6685,2024-10-05 19:00:00+00:00,27.51
6686,2024-10-05 20:00:00+00:00,32.24
6687,2024-10-05 21:00:00+00:00,34.37
6688,2024-10-05 22:00:00+00:00,47.17
6689,2024-10-05 23:00:00+00:00,75.59
6690,2024-10-06 00:00:00+00:00,66.76
6691,2024-10-06 01:00:00+00:00,38.39
6692,2024-10-06 02:00:00+00:00,28.96
6693,2024-10-06 03:00:00+00:00,23.73
6694,2024-10-06 04:00:00+00:00,20.59
6695,2024-10-06 05:00:00+00:00,19.06
6696,2024-10-06 06:00:00+00:00,18.17
6697,2024-10-06 07:00:00+00:00,17.99
6698,2024-10-06 08:00:00+00:00,18.79
6699,2024-10-06 09:00:00+00:00,19.46
6700,2024-10-06 10:00:00+00:00,20.38
6701,2024-10-06 11:00:00+00:00,20.96
6702,2024-10-06 12:00:00+00:00,20.6
6703,2024-10-06 13:00:00+00:00,16.4
6704,2024-10-06 14:00:00+00:00,13.63
6705,2024-10-06 15:00:00+00:00,15.09
6706,2024-10-06 16:00:00+00:00,17.33
6707,2024-10-06 17:00:00+00:00,21.4
6708,2024-10-06 18:00:00+00:00,26.14
6709,2024-10-06 19:00:00+00:00,27.32
6710,2024-10-06 20:00:00+00:00,30.45
6711,2024-10-06 21:00:00+00:00,31.4
6712,2024-10-06 22:00:00+00:00,43.45
6713,2024-10-06 23:00:00+00:00,105.7
6714,2024-10-07 00:00:00+00:00,98.12
6715,2024-10-07 01:00:00+00:00,53.97
6716,2024-10-07 02:00:00+00:00,36.53
6717,2024-10-07 03:00:00+00:00,26.46
6718,2024-10-07 04:00:00+00:00,23.21
6719,2024-10-07 05:00:00+00:00,22.73
6720,2024-10-07 06:00:00+00:00,19.96
6721,2024-10-07 07:00:00+00:00,19.77
6722,2024-10-07 08:00:00+00:00,19.31
6723,2024-10-07 09:00:00+00:00,19.95
6724,2024-10-07 10:00:00+00:00,21.67
6725,2024-10-07 11:00:00+00:00,28.7
6726,2024-10-07 12:00:00+00:00,29.98
6727,2024-10-07 13:00:00+00:00,22.64
6728,2024-10-07 14:00:00+00:00,18.22
6729,2024-10-07 15:00:00+00:00,20.01
6730,2024-10-07 16:00:00+00:00,23.76
6731,2024-10-07 17:00:00+00:00,27.59
6732,2024-10-07 18:00:00+00:00,28.49
6733,2024-10-07 19:00:00+00:00,31.69
6734,2024-10-07 20:00:00+00:00,37.99
6735,2024-10-07 21:00:00+00:00,42.88
6736,2024-10-07 22:00:00+00:00,77.45
6737,2024-10-07 23:00:00+00:00,328.79
6738,2024-10-08 00:00:00+00:00,358.27
6739,2024-10-08 01:00:00+00:00,113.69
6740,2024-10-08 02:00:00+00:00,43.77
6741,2024-10-08 03:00:00+00:00,27.28
6742,2024-10-08 04:00:00+00:00,22.1
6743,2024-10-08 05:00:00+00:00,21.05
6744,2024-10-08 06:00:00+00:00,19.5
6745,2024-10-08 07:00:00+00:00,18.47
6746,2024-10-08 08:00:00+00:00,17.96
6747,2024-10-08 09:00:00+00:00,17.77
6748,2024-10-08 10:00:00+00:00,19.46
6749,2024-10-08 11:00:00+00:00,23.1
6750,2024-10-08 12:00:00+00:00,24.32
6751,2024-10-08 13:00:00+00:00,17.05
6752,2024-10-08 14:00:00+00:00,14.76
6753,2024-10-08 15:00:00+00:00,15.59
6754,2024-10-08 16:00:00+00:00,17.63
6755,2024-10-08 17:00:00+00:00,21.36
6756,2024-10-08 18:00:00+00:00,25.57
6757,2024-10-08 19:00:00+00:00,27.48
6758,2024-10-08 20:00:00+00:00,29.63
6759,2024-10-08 21:00:00+00:00,36.75
6760,2024-10-08 22:00:00+00:00,44.73
6761,2024-10-08 23:00:00+00:00,157.94
6762,2024-10-09 00:00:00+00:00,92.56
6763,2024-10-09 01:00:00+00:00,39.46
6764,2024-10-09 02:00:00+00:00,27.81
6765,2024-10-09 03:00:00+00:00,22.22
6766,2024-10-09 04:00:00+00:00,18.65
6767,2024-10-09 05:00:00+00:00,14.71
6768,2024-10-09 06:00:00+00:00,12.59
6769,2024-10-09 07:00:00+00:00,11.11
6770,2024-10-09 08:00:00+00:00,10.99
6771,2024-10-09 09:00:00+00:00,13.17
6772,2024-10-09 10:00:00+00:00,15.53
6773,2024-10-09 11:00:00+00:00,17.89
6774,2024-10-09 12:00:00+00:00,19.57
6775,2024-10-09 13:00:00+00:00,14.27
6776,2024-10-09 14:00:00+00:00,9.87
6777,2024-10-09 15:00:00+00:00,13.06
6778,2024-10-09 16:00:00+00:00,14.83
6779,2024-10-09 17:00:00+00:00,16.37
6780,2024-10-09 18:00:00+00:00,18.8
6781,2024-10-09 19:00:00+00:00,21.39
6782,2024-10-09 20:00:00+00:00,22.42
6783,2024-10-09 21:00:00+00:00,25.77
6784,2024-10-09 22:00:00+00:00,38.38
6785,2024-10-09 23:00:00+00:00,93.15
6786,2024-10-10 00:00:00+00:00,53.32
6787,2024-10-10 01:00:00+00:00,28.83
6788,2024-10-10 02:00:00+00:00,21.0
6789,2024-10-10 03:00:00+00:00,18.11
6790,2024-10-10 04:00:00+00:00,15.81
6791,2024-10-10 05:00:00+00:00,14.69
6792,2024-10-10 06:00:00+00:00,13.96
6793,2024-10-10 07:00:00+00:00,12.5
6794,2024-10-10 08:00:00+00:00,11.9
6795,2024-10-10 09:00:00+00:00,12.82
6796,2024-10-10 10:00:00+00:00,15.39
6797,2024-10-10 11:00:00+00:00,19.18
6798,2024-10-10 12:00:00+00:00,20.1
6799,2024-10-10 13:00:00+00:00,14.93
6800,2024-10-10 14:00:00+00:00,11.97
6801,2024-10-10 15:00:00+00:00,13.48
6802,2024-10-10 16:00:00+00:00,15.75
6803,2024-10-10 17:00:00+00:00,18.24
6804,2024-10-10 18:00:00+00:00,21.97
6805,2024-10-10 19:00:00+00:00,24.92
6806,2024-10-10 20:00:00+00:00,26.36
6807,2024-10-10 21:00:00+00:00,29.35
6808,2024-10-10 22:00:00+00:00,45.03
6809,2024-10-10 23:00:00+00:00,87.81
6810,2024-10-11 00:00:00+00:00,50.45
6811,2024-10-11 01:00:00+00:00,26.51
6812,2024-10-11 02:00:00+00:00,19.49
6813,2024-10-11 03:00:00+00:00,17.98
6814,2024-10-11 04:00:00+00:00,16.35
6815,2024-10-11 05:00:00+00:00,13.83
6816,2024-10-11 06:00:00+00:00,12.66
6817,2024-10-11 07:00:00+00:00,11.82
6818,2024-10-11 08:00:00+00:00,12.07
6819,2024-10-11 09:00:00+00:00,12.92
6820,2024-10-11 10:00:00+00:00,14.96
6821,2024-10-11 11:00:00+00:00,19.46
6822,2024-10-11 12:00:00+00:00,19.98
6823,2024-10-11 13:00:00+00:00,14.98
6824,2024-10-11 14:00:00+00:00,12.24
6825,2024-10-11 15:00:00+00:00,13.95
6826,2024-10-11 16:00:00+00:00,15.16
6827,2024-10-11 17:00:00+00:00,17.68
6828,2024-10-11 18:00:00+00:00,19.54
6829,2024-10-11 19:00:00+00:00,21.44
6830,2024-10-11 20:00:00+00:00,24.03
6831,2024-10-11 21:00:00+00:00,26.58
6832,2024-10-11 22:00:00+00:00,42.93
6833,2024-10-11 23:00:00+00:00,76.8
6834,2024-10-12 00:00:00+00:00,34.66
6835,2024-10-12 01:00:00+00:00,21.69
6836,2024-10-12 02:00:00+00:00,17.96
6837,2024-10-12 03:00:00+00:00,17.55
6838,2024-10-12 04:00:00+00:00,16.28
6839,2024-10-12 05:00:00+00:00,14.8
6840,2024-10-12 06:00:00+00:00,12.76
6841,2024-10-12 07:00:00+00:00,11.44
6842,2024-10-12 08:00:00+00:00,9.81
6843,2024-10-12 09:00:00+00:00,9.07
6844,2024-10-12 10:00:00+00:00,11.32
6845,2024-10-12 11:00:00+00:00,13.86
6846,2024-10-12 12:00:00+00:00,14.56
6847,2024-10-12 13:00:00+00:00,10.72
6848,2024-10-12 14:00:00+00:00,8.78
6849,2024-10-12 15:00:00+00:00,11.51
6850,2024-10-12 16:00:00+00:00,14.54
6851,2024-10-12 17:00:00+00:00,17.21
6852,2024-10-12 18:00:00+00:00,18.99
6853,2024-10-12 19:00:00+00:00,21.79
6854,2024-10-12 20:00:00+00:00,23.99
6855,2024-10-12 21:00:00+00:00,26.13
6856,2024-10-12 22:00:00+00:00,41.57
6857,2024-10-12 23:00:00+00:00,95.23
6858,2024-10-13 00:00:00+00:00,36.95
6859,2024-10-13 01:00:00+00:00,23.6
6860,2024-10-13 02:00:00+00:00,20.74
6861,2024-10-13 03:00:00+00:00,18.31
6862,2024-10-13 04:00:00+00:00,17.73
6863,2024-10-13 05:00:00+00:00,16.72
6864,2024-10-13 06:00:00+00:00,14.06
6865,2024-10-13 07:00:00+00:00,12.18
6866,2024-10-13 08:00:00+00:00,11.58
6867,2024-10-13 09:00:00+00:00,11.65
6868,2024-10-13 10:00:00+00:00,11.72
6869,2024-10-13 11:00:00+00:00,13.98
6870,2024-10-13 12:00:00+00:00,14.85
6871,2024-10-13 13:00:00+00:00,12.18
6872,2024-10-13 14:00:00+00:00,9.52
6873,2024-10-13 15:00:00+00:00,12.7
6874,2024-10-13 16:00:00+00:00,15.88
6875,2024-10-13 17:00:00+00:00,18.09
6876,2024-10-13 18:00:00+00:00,20.43
6877,2024-10-13 19:00:00+00:00,24.36
6878,2024-10-13 20:00:00+00:00,27.38
6879,2024-10-13 21:00:00+00:00,31.43
6880,2024-10-13 22:00:00+00:00,60.06
6881,2024-10-13 23:00:00+00:00,152.43
6882,2024-10-14 00:00:00+00:00,58.83
6883,2024-10-14 01:00:00+00:00,29.06
6884,2024-10-14 02:00:00+00:00,24.92
6885,2024-10-14 03:00:00+00:00,20.62
6886,2024-10-14 04:00:00+00:00,18.16
6887,2024-10-14 05:00:00+00:00,19.84
6888,2024-10-14 06:00:00+00:00,17.87
6889,2024-10-14 07:00:00+00:00,17.4
6890,2024-10-14 08:00:00+00:00,17.01
6891,2024-10-14 09:00:00+00:00,16.96
6892,2024-10-14 10:00:00+00:00,19.14
6893,2024-10-14 11:00:00+00:00,24.25
6894,2024-10-14 12:00:00+00:00,26.69
6895,2024-10-14 13:00:00+00:00,21.26
6896,2024-10-14 14:00:00+00:00,16.75
6897,2024-10-14 15:00:00+00:00,18.11
6898,2024-10-14 16:00:00+00:00,19.51
6899,2024-10-14 17:00:00+00:00,23.37
6900,2024-10-14 18:00:00+00:00,27.36
6901,2024-10-14 19:00:00+00:00,28.37
6902,2024-10-14 20:00:00+00:00,30.01
6903,2024-10-14 21:00:00+00:00,32.88
6904,2024-10-14 22:00:00+00:00,60.59
6905,2024-10-14 23:00:00+00:00,113.77
6906,2024-10-15 00:00:00+00:00,66.29
6907,2024-10-15 01:00:00+00:00,30.48
6908,2024-10-15 02:00:00+00:00,26.05
6909,2024-10-15 03:00:00+00:00,20.39
6910,2024-10-15 04:00:00+00:00,17.09
6911,2024-10-15 05:00:00+00:00,14.78
6912,2024-10-15 06:00:00+00:00,11.37
6913,2024-10-15 07:00:00+00:00,9.85
6914,2024-10-15 08:00:00+00:00,9.24
6915,2024-10-15 09:00:00+00:00,10.03
6916,2024-10-15 10:00:00+00:00,14.73
6917,2024-10-15 11:00:00+00:00,18.19
6918,2024-10-15 12:00:00+00:00,20.9
6919,2024-10-15 13:00:00+00:00,16.04
6920,2024-10-15 14:00:00+00:00,14.2
6921,2024-10-15 15:00:00+00:00,15.42
6922,2024-10-15 16:00:00+00:00,16.75
6923,2024-10-15 17:00:00+00:00,19.39
6924,2024-10-15 18:00:00+00:00,24.55
6925,2024-10-15 19:00:00+00:00,27.18
6926,2024-10-15 20:00:00+00:00,30.2
6927,2024-10-15 21:00:00+00:00,36.01
6928,2024-10-15 22:00:00+00:00,49.77
6929,2024-10-15 23:00:00+00:00,71.34
6930,2024-10-16 00:00:00+00:00,39.2
6931,2024-10-16 01:00:00+00:00,26.86
6932,2024-10-16 02:00:00+00:00,23.56
6933,2024-10-16 03:00:00+00:00,21.14
6934,2024-10-16 04:00:00+00:00,17.9
6935,2024-10-16 05:00:00+00:00,18.09
6936,2024-10-16 06:00:00+00:00,15.97
6937,2024-10-16 07:00:00+00:00,14.36
6938,2024-10-16 08:00:00+00:00,14.8
6939,2024-10-16 09:00:00+00:00,14.69
6940,2024-10-16 10:00:00+00:00,18.26
6941,2024-10-16 11:00:00+00:00,23.43
6942,2024-10-16 12:00:00+00:00,25.84
6943,2024-10-16 13:00:00+00:00,17.94
6944,2024-10-16 14:00:00+00:00,9.08
6945,2024-10-16 15:00:00+00:00,7.38
6946,2024-10-16 16:00:00+00:00,10.84
6947,2024-10-16 17:00:00+00:00,11.04
6948,2024-10-16 18:00:00+00:00,12.92
6949,2024-10-16 19:00:00+00:00,14.19
6950,2024-10-16 20:00:00+00:00,14.02
6951,2024-10-16 21:00:00+00:00,14.59
6952,2024-10-16 22:00:00+00:00,18.63
6953,2024-10-16 23:00:00+00:00,39.35
6954,2024-10-17 00:00:00+00:00,39.38
6955,2024-10-17 01:00:00+00:00,25.49
6956,2024-10-17 02:00:00+00:00,18.58
6957,2024-10-17 03:00:00+00:00,15.49
6958,2024-10-17 04:00:00+00:00,14.94
6959,2024-10-17 05:00:00+00:00,15.36
6960,2024-10-17 06:00:00+00:00,13.19
6961,2024-10-17 07:00:00+00:00,12.1
6962,2024-10-17 08:00:00+00:00,11.71
6963,2024-10-17 09:00:00+00:00,13.48
6964,2024-10-17 10:00:00+00:00,16.72
6965,2024-10-17 11:00:00+00:00,30.76
6966,2024-10-17 12:00:00+00:00,30.09
6967,2024-10-17 13:00:00+00:00,18.69
6968,2024-10-17 14:00:00+00:00,9.93
6969,2024-10-17 15:00:00+00:00,9.04
6970,2024-10-17 16:00:00+00:00,9.51
6971,2024-10-17 17:00:00+00:00,9.3
6972,2024-10-17 18:00:00+00:00,10.0
6973,2024-10-17 19:00:00+00:00,10.16
6974,2024-10-17 20:00:00+00:00,9.98
6975,2024-10-17 21:00:00+00:00,13.33
6976,2024-10-17 22:00:00+00:00,17.21
6977,2024-10-17 23:00:00+00:00,28.37
6978,2024-10-18 00:00:00+00:00,28.56
6979,2024-10-18 01:00:00+00:00,24.85
6980,2024-10-18 02:00:00+00:00,20.7
6981,2024-10-18 03:00:00+00:00,15.88
6982,2024-10-18 04:00:00+00:00,14.73
6983,2024-10-18 05:00:00+00:00,15.75
6984,2024-10-18 06:00:00+00:00,13.53
6985,2024-10-18 07:00:00+00:00,12.74
6986,2024-10-18 08:00:00+00:00,12.11
6987,2024-10-18 09:00:00+00:00,13.0
6988,2024-10-18 10:00:00+00:00,15.26
6989,2024-10-18 11:00:00+00:00,26.04
6990,2024-10-18 12:00:00+00:00,23.03
6991,2024-10-18 13:00:00+00:00,17.83
6992,2024-10-18 14:00:00+00:00,15.11
6993,2024-10-18 15:00:00+00:00,12.39
6994,2024-10-18 16:00:00+00:00,13.27
6995,2024-10-18 17:00:00+00:00,14.21
6996,2024-10-18 18:00:00+00:00,15.85
6997,2024-10-18 19:00:00+00:00,16.85
6998,2024-10-18 20:00:00+00:00,18.25
6999,2024-10-18 21:00:00+00:00,20.13
7000,2024-10-18 22:00:00+00:00,22.3
7001,2024-10-18 23:00:00+00:00,30.1
7002,2024-10-19 00:00:00+00:00,28.16
7003,2024-10-19 01:00:00+00:00,25.18
7004,2024-10-19 02:00:00+00:00,23.67
7005,2024-10-19 03:00:00+00:00,18.54
7006,2024-10-19 04:00:00+00:00,17.16
7007,2024-10-19 05:00:00+00:00,17.24
7008,2024-10-19 06:00:00+00:00,14.42
7009,2024-10-19 07:00:00+00:00,12.83
7010,2024-10-19 08:00:00+00:00,12.56
7011,2024-10-19 09:00:00+00:00,14.43
7012,2024-10-19 10:00:00+00:00,14.94
7013,2024-10-19 11:00:00+00:00,22.57
7014,2024-10-19 12:00:00+00:00,24.52
7015,2024-10-19 13:00:00+00:00,17.32
7016,2024-10-19 14:00:00+00:00,10.98
7017,2024-10-19 15:00:00+00:00,11.28
7018,2024-10-19 16:00:00+00:00,11.11
7019,2024-10-19 17:00:00+00:00,12.68
7020,2024-10-19 18:00:00+00:00,13.08
7021,2024-10-19 19:00:00+00:00,14.52
7022,2024-10-19 20:00:00+00:00,15.24
7023,2024-10-19 21:00:00+00:00,15.37
7024,2024-10-19 22:00:00+00:00,22.26
7025,2024-10-19 23:00:00+00:00,30.34
7026,2024-10-20 00:00:00+00:00,25.77
7027,2024-10-20 01:00:00+00:00,18.76
7028,2024-10-20 02:00:00+00:00,17.46
7029,2024-10-20 03:00:00+00:00,17.11
7030,2024-10-20 04:00:00+00:00,16.43
7031,2024-10-20 05:00:00+00:00,17.83
7032,2024-10-20 06:00:00+00:00,15.77
7033,2024-10-20 07:00:00+00:00,15.24
7034,2024-10-20 08:00:00+00:00,14.04
7035,2024-10-20 09:00:00+00:00,14.99
7036,2024-10-20 10:00:00+00:00,16.9
7037,2024-10-20 11:00:00+00:00,17.98
7038,2024-10-20 12:00:00+00:00,19.26
7039,2024-10-20 13:00:00+00:00,18.36
7040,2024-10-20 14:00:00+00:00,12.27
7041,2024-10-20 15:00:00+00:00,10.11
7042,2024-10-20 16:00:00+00:00,11.05
7043,2024-10-20 17:00:00+00:00,12.6
7044,2024-10-20 18:00:00+00:00,13.34
7045,2024-10-20 19:00:00+00:00,15.42
7046,2024-10-20 20:00:00+00:00,15.13
7047,2024-10-20 21:00:00+00:00,17.33
7048,2024-10-20 22:00:00+00:00,27.71
7049,2024-10-20 23:00:00+00:00,49.8
7050,2024-10-21 00:00:00+00:00,40.21
7051,2024-10-21 01:00:00+00:00,23.27
7052,2024-10-21 02:00:00+00:00,18.42
7053,2024-10-21 03:00:00+00:00,16.41
7054,2024-10-21 04:00:00+00:00,16.31
7055,2024-10-21 05:00:00+00:00,15.52
7056,2024-10-21 06:00:00+00:00,14.04
7057,2024-10-21 07:00:00+00:00,13.93
7058,2024-10-21 08:00:00+00:00,14.28
7059,2024-10-21 09:00:00+00:00,14.62
7060,2024-10-21 10:00:00+00:00,17.61
7061,2024-10-21 11:00:00+00:00,23.54
7062,2024-10-21 12:00:00+00:00,25.73
7063,2024-10-21 13:00:00+00:00,16.93
7064,2024-10-21 14:00:00+00:00,10.31
7065,2024-10-21 15:00:00+00:00,12.14
7066,2024-10-21 16:00:00+00:00,13.61
7067,2024-10-21 17:00:00+00:00,15.73
7068,2024-10-21 18:00:00+00:00,18.87
7069,2024-10-21 19:00:00+00:00,17.68
7070,2024-10-21 20:00:00+00:00,17.46
7071,2024-10-21 21:00:00+00:00,18.36
7072,2024-10-21 22:00:00+00:00,28.04
7073,2024-10-21 23:00:00+00:00,57.51
7074,2024-10-22 00:00:00+00:00,41.74
7075,2024-10-22 01:00:00+00:00,24.57
7076,2024-10-22 02:00:00+00:00,20.81
7077,2024-10-22 03:00:00+00:00,17.0
7078,2024-10-22 04:00:00+00:00,16.11
7079,2024-10-22 05:00:00+00:00,12.2
7080,2024-10-22 06:00:00+00:00,11.18
7081,2024-10-22 07:00:00+00:00,10.79
7082,2024-10-22 08:00:00+00:00,11.72
7083,2024-10-22 09:00:00+00:00,13.72
7084,2024-10-22 10:00:00+00:00,18.26
7085,2024-10-22 11:00:00+00:00,22.19
7086,2024-10-22 12:00:00+00:00,24.45
7087,2024-10-22 13:00:00+00:00,20.02
7088,2024-10-22 14:00:00+00:00,13.81
7089,2024-10-22 15:00:00+00:00,14.62
7090,2024-10-22 16:00:00+00:00,17.51
7091,2024-10-22 17:00:00+00:00,19.16
7092,2024-10-22 18:00:00+00:00,23.91
7093,2024-10-22 19:00:00+00:00,24.9
7094,2024-10-22 20:00:00+00:00,24.68
7095,2024-10-22 21:00:00+00:00,31.21
7096,2024-10-22 22:00:00+00:00,66.34
7097,2024-10-22 23:00:00+00:00,124.93
7098,2024-10-23 00:00:00+00:00,55.09
7099,2024-10-23 01:00:00+00:00,27.47
7100,2024-10-23 02:00:00+00:00,21.9
7101,2024-10-23 03:00:00+00:00,17.45
7102,2024-10-23 04:00:00+00:00,15.08
7103,2024-10-23 05:00:00+00:00,14.69
7104,2024-10-23 06:00:00+00:00,12.74
7105,2024-10-23 07:00:00+00:00,12.65
7106,2024-10-23 08:00:00+00:00,13.27
7107,2024-10-23 09:00:00+00:00,15.31
7108,2024-10-23 10:00:00+00:00,18.63
7109,2024-10-23 11:00:00+00:00,23.77
7110,2024-10-23 12:00:00+00:00,25.26
7111,2024-10-23 13:00:00+00:00,21.96
7112,2024-10-23 14:00:00+00:00,16.48
7113,2024-10-23 15:00:00+00:00,17.3
7114,2024-10-23 16:00:00+00:00,20.08
7115,2024-10-23 17:00:00+00:00,20.45
7116,2024-10-23 18:00:00+00:00,22.56
7117,2024-10-23 19:00:00+00:00,24.8
7118,2024-10-23 20:00:00+00:00,26.59
7119,2024-10-23 21:00:00+00:00,31.7
7120,2024-10-23 22:00:00+00:00,84.35
7121,2024-10-23 23:00:00+00:00,165.4
7122,2024-10-24 00:00:00+00:00,71.05
7123,2024-10-24 01:00:00+00:00,30.47
7124,2024-10-24 02:00:00+00:00,22.31
7125,2024-10-24 03:00:00+00:00,17.54
7126,2024-10-24 04:00:00+00:00,15.12
7127,2024-10-24 05:00:00+00:00,16.23
7128,2024-10-24 06:00:00+00:00,15.05
7129,2024-10-24 07:00:00+00:00,14.43
7130,2024-10-24 08:00:00+00:00,13.88
7131,2024-10-24 09:00:00+00:00,13.98
7132,2024-10-24 10:00:00+00:00,16.01
7133,2024-10-24 11:00:00+00:00,17.19
7134,2024-10-24 12:00:00+00:00,16.52
7135,2024-10-24 13:00:00+00:00,14.55
7136,2024-10-24 14:00:00+00:00,11.13
7137,2024-10-24 15:00:00+00:00,11.45
7138,2024-10-24 16:00:00+00:00,13.55
7139,2024-10-24 17:00:00+00:00,15.18
7140,2024-10-24 18:00:00+00:00,16.53
7141,2024-10-24 19:00:00+00:00,17.6
7142,2024-10-24 20:00:00+00:00,20.36
7143,2024-10-24 21:00:00+00:00,22.3
7144,2024-10-24 22:00:00+00:00,27.29
7145,2024-10-24 23:00:00+00:00,42.27
7146,2024-10-25 00:00:00+00:00,28.07
7147,2024-10-25 01:00:00+00:00,22.0
7148,2024-10-25 02:00:00+00:00,20.3
7149,2024-10-25 03:00:00+00:00,18.88
7150,2024-10-25 04:00:00+00:00,16.48
7151,2024-10-25 05:00:00+00:00,18.19
7152,2024-10-25 06:00:00+00:00,15.52
7153,2024-10-25 07:00:00+00:00,14.71
7154,2024-10-25 08:00:00+00:00,15.59
7155,2024-10-25 09:00:00+00:00,15.87
7156,2024-10-25 10:00:00+00:00,17.76
7157,2024-10-25 11:00:00+00:00,23.38
7158,2024-10-25 12:00:00+00:00,22.78
7159,2024-10-25 13:00:00+00:00,18.21
7160,2024-10-25 14:00:00+00:00,14.7
7161,2024-10-25 15:00:00+00:00,14.81
7162,2024-10-25 16:00:00+00:00,16.09
7163,2024-10-25 17:00:00+00:00,19.72
7164,2024-10-25 18:00:00+00:00,22.86
7165,2024-10-25 19:00:00+00:00,28.14
7166,2024-10-25 20:00:00+00:00,30.52
7167,2024-10-25 21:00:00+00:00,35.1
7168,2024-10-25 22:00:00+00:00,98.05
7169,2024-10-25 23:00:00+00:00,240.73
7170,2024-10-26 00:00:00+00:00,75.68
7171,2024-10-26 01:00:00+00:00,46.33
7172,2024-10-26 02:00:00+00:00,30.27
7173,2024-10-26 03:00:00+00:00,26.53
7174,2024-10-26 04:00:00+00:00,24.22
7175,2024-10-26 05:00:00+00:00,24.34
7176,2024-10-26 06:00:00+00:00,22.9
7177,2024-10-26 07:00:00+00:00,21.0
7178,2024-10-26 08:00:00+00:00,20.91
7179,2024-10-26 09:00:00+00:00,20.77
7180,2024-10-26 10:00:00+00:00,20.63
7181,2024-10-26 11:00:00+00:00,22.01
7182,2024-10-26 12:00:00+00:00,23.24
7183,2024-10-26 13:00:00+00:00,19.85
7184,2024-10-26 14:00:00+00:00,14.88
7185,2024-10-26 15:00:00+00:00,16.91
7186,2024-10-26 16:00:00+00:00,18.46
7187,2024-10-26 17:00:00+00:00,21.06
7188,2024-10-26 18:00:00+00:00,23.07
7189,2024-10-26 19:00:00+00:00,24.99
7190,2024-10-26 20:00:00+00:00,27.05
7191,2024-10-26 21:00:00+00:00,30.23
7192,2024-10-26 22:00:00+00:00,67.73
7193,2024-10-26 23:00:00+00:00,140.55
7194,2024-10-27 00:00:00+00:00,63.62
7195,2024-10-27 01:00:00+00:00,35.72
7196,2024-10-27 02:00:00+00:00,33.16
7197,2024-10-27 03:00:00+00:00,29.95
7198,2024-10-27 04:00:00+00:00,23.31
7199,2024-10-27 05:00:00+00:00,27.5
7200,2024-10-27 06:00:00+00:00,24.7
7201,2024-10-27 07:00:00+00:00,22.39
7202,2024-10-27 08:00:00+00:00,20.73
7203,2024-10-27 09:00:00+00:00,21.24
7204,2024-10-27 10:00:00+00:00,21.13
7205,2024-10-27 11:00:00+00:00,19.6
7206,2024-10-27 12:00:00+00:00,20.76
7207,2024-10-27 13:00:00+00:00,15.86
7208,2024-10-27 14:00:00+00:00,11.77
7209,2024-10-27 15:00:00+00:00,11.91
7210,2024-10-27 16:00:00+00:00,12.68
7211,2024-10-27 17:00:00+00:00,15.35
7212,2024-10-27 18:00:00+00:00,18.79
7213,2024-10-27 19:00:00+00:00,22.57
7214,2024-10-27 20:00:00+00:00,25.71
7215,2024-10-27 21:00:00+00:00,29.29
7216,2024-10-27 22:00:00+00:00,52.04
7217,2024-10-27 23:00:00+00:00,79.94
7218,2024-10-28 00:00:00+00:00,32.85
7219,2024-10-28 01:00:00+00:00,23.71
7220,2024-10-28 02:00:00+00:00,23.15
7221,2024-10-28 03:00:00+00:00,22.9
7222,2024-10-28 04:00:00+00:00,20.53
7223,2024-10-28 05:00:00+00:00,21.51
7224,2024-10-28 06:00:00+00:00,19.56
7225,2024-10-28 07:00:00+00:00,17.58
7226,2024-10-28 08:00:00+00:00,16.7
7227,2024-10-28 09:00:00+00:00,16.44
7228,2024-10-28 10:00:00+00:00,19.79
7229,2024-10-28 11:00:00+00:00,19.37
7230,2024-10-28 12:00:00+00:00,19.57
7231,2024-10-28 13:00:00+00:00,16.87
7232,2024-10-28 14:00:00+00:00,12.78
7233,2024-10-28 15:00:00+00:00,13.07
7234,2024-10-28 16:00:00+00:00,15.67
7235,2024-10-28 17:00:00+00:00,18.08
7236,2024-10-28 18:00:00+00:00,24.35
7237,2024-10-28 19:00:00+00:00,26.68
7238,2024-10-28 20:00:00+00:00,29.16
7239,2024-10-28 21:00:00+00:00,31.07
7240,2024-10-28 22:00:00+00:00,36.72
7241,2024-10-28 23:00:00+00:00,50.52
7242,2024-10-29 00:00:00+00:00,38.86
7243,2024-10-29 01:00:00+00:00,31.03
7244,2024-10-29 02:00:00+00:00,23.17
7245,2024-10-29 03:00:00+00:00,24.19
7246,2024-10-29 04:00:00+00:00,21.87
7247,2024-10-29 05:00:00+00:00,18.64
7248,2024-10-29 06:00:00+00:00,17.3
7249,2024-10-29 07:00:00+00:00,15.96
7250,2024-10-29 08:00:00+00:00,15.74
7251,2024-10-29 09:00:00+00:00,15.6
7252,2024-10-29 10:00:00+00:00,18.02
7253,2024-10-29 11:00:00+00:00,18.62
7254,2024-10-29 12:00:00+00:00,21.52
7255,2024-10-29 13:00:00+00:00,18.47
7256,2024-10-29 14:00:00+00:00,17.02
7257,2024-10-29 15:00:00+00:00,16.53
7258,2024-10-29 16:00:00+00:00,19.65
7259,2024-10-29 17:00:00+00:00,22.14
7260,2024-10-29 18:00:00+00:00,26.17
7261,2024-10-29 19:00:00+00:00,35.09
7262,2024-10-29 20:00:00+00:00,34.68
7263,2024-10-29 21:00:00+00:00,40.92
7264,2024-10-29 22:00:00+00:00,35.62
7265,2024-10-29 23:00:00+00:00,33.97
7266,2024-10-30 00:00:00+00:00,33.29
7267,2024-10-30 01:00:00+00:00,29.4
7268,2024-10-30 02:00:00+00:00,24.05
7269,2024-10-30 03:00:00+00:00,26.34
7270,2024-10-30 04:00:00+00:00,24.77
7271,2024-10-30 05:00:00+00:00,17.87
7272,2024-10-30 06:00:00+00:00,16.25
7273,2024-10-30 07:00:00+00:00,16.05
7274,2024-10-30 08:00:00+00:00,15.51
7275,2024-10-30 09:00:00+00:00,15.43
7276,2024-10-30 10:00:00+00:00,17.05
7277,2024-10-30 11:00:00+00:00,21.79
7278,2024-10-30 12:00:00+00:00,20.46
7279,2024-10-30 13:00:00+00:00,20.78
7280,2024-10-30 14:00:00+00:00,17.92
7281,2024-10-30 15:00:00+00:00,17.18
7282,2024-10-30 16:00:00+00:00,18.64
7283,2024-10-30 17:00:00+00:00,19.54
7284,2024-10-30 18:00:00+00:00,21.72
7285,2024-10-30 19:00:00+00:00,23.59
7286,2024-10-30 20:00:00+00:00,24.94
7287,2024-10-30 21:00:00+00:00,26.34
7288,2024-10-30 22:00:00+00:00,35.49
7289,2024-10-30 23:00:00+00:00,70.47
7290,2024-10-31 00:00:00+00:00,56.06
7291,2024-10-31 01:00:00+00:00,45.52
7292,2024-10-31 02:00:00+00:00,37.37
7293,2024-10-31 03:00:00+00:00,31.51
7294,2024-10-31 04:00:00+00:00,25.21
7295,2024-10-31 05:00:00+00:00,25.5
7296,2024-10-31 06:00:00+00:00,22.09
7297,2024-10-31 07:00:00+00:00,20.52
7298,2024-10-31 08:00:00+00:00,22.33
7299,2024-10-31 09:00:00+00:00,22.13
7300,2024-10-31 10:00:00+00:00,24.87
7301,2024-10-31 11:00:00+00:00,31.83
7302,2024-10-31 12:00:00+00:00,32.86
7303,2024-10-31 13:00:00+00:00,25.24
7304,2024-10-31 14:00:00+00:00,21.84
7305,2024-10-31 15:00:00+00:00,22.64
7306,2024-10-31 16:00:00+00:00,26.63
7307,2024-10-31 17:00:00+00:00,30.55
7308,2024-10-31 18:00:00+00:00,28.8
7309,2024-10-31 19:00:00+00:00,26.97
7310,2024-10-31 20:00:00+00:00,26.89
7311,2024-10-31 21:00:00+00:00,34.58
7312,2024-10-31 22:00:00+00:00,83.34
7313,2024-10-31 23:00:00+00:00,179.36
7314,2024-11-01 00:00:00+00:00,90.46
7315,2024-11-01 01:00:00+00:00,42.81
7316,2024-11-01 02:00:00+00:00,33.84
7317,2024-11-01 03:00:00+00:00,24.51
7318,2024-11-01 04:00:00+00:00,20.49
7319,2024-11-01 05:00:00+00:00,17.48
7320,2024-11-01 06:00:00+00:00,17.14
7321,2024-11-01 07:00:00+00:00,16.76
7322,2024-11-01 08:00:00+00:00,17.6
7323,2024-11-01 09:00:00+00:00,19.15
7324,2024-11-01 10:00:00+00:00,22.55
7325,2024-11-01 11:00:00+00:00,31.6
7326,2024-11-01 12:00:00+00:00,33.52
7327,2024-11-01 13:00:00+00:00,31.53
7328,2024-11-01 14:00:00+00:00,27.1
7329,2024-11-01 15:00:00+00:00,25.88
7330,2024-11-01 16:00:00+00:00,29.65
7331,2024-11-01 17:00:00+00:00,31.48
7332,2024-11-01 18:00:00+00:00,33.21
7333,2024-11-01 19:00:00+00:00,28.96
7334,2024-11-01 20:00:00+00:00,31.6
7335,2024-11-01 21:00:00+00:00,33.8
7336,2024-11-01 22:00:00+00:00,35.57
7337,2024-11-01 23:00:00+00:00,39.05
7338,2024-11-02 00:00:00+00:00,32.22
7339,2024-11-02 01:00:00+00:00,25.06
7340,2024-11-02 02:00:00+00:00,19.59
7341,2024-11-02 03:00:00+00:00,20.13
7342,2024-11-02 04:00:00+00:00,18.5
7343,2024-11-02 05:00:00+00:00,16.72
7344,2024-11-02 06:00:00+00:00,14.59
7345,2024-11-02 07:00:00+00:00,13.71
7346,2024-11-02 08:00:00+00:00,13.22
7347,2024-11-02 09:00:00+00:00,12.66
7348,2024-11-02 10:00:00+00:00,14.11
7349,2024-11-02 11:00:00+00:00,15.44
7350,2024-11-02 12:00:00+00:00,15.56
7351,2024-11-02 13:00:00+00:00,15.59
7352,2024-11-02 14:00:00+00:00,15.79
7353,2024-11-02 15:00:00+00:00,14.13
7354,2024-11-02 16:00:00+00:00,15.35
7355,2024-11-02 17:00:00+00:00,16.45
7356,2024-11-02 18:00:00+00:00,16.81
7357,2024-11-02 19:00:00+00:00,16.61
7358,2024-11-02 20:00:00+00:00,17.49
7359,2024-11-02 21:00:00+00:00,22.2
7360,2024-11-02 22:00:00+00:00,31.91
7361,2024-11-02 23:00:00+00:00,34.44
7362,2024-11-03 00:00:00+00:00,30.21
7363,2024-11-03 01:00:00+00:00,22.18
7364,2024-11-03 02:00:00+00:00,17.67
7365,2024-11-03 03:00:00+00:00,18.77
7366,2024-11-03 04:00:00+00:00,16.84
7367,2024-11-03 05:00:00+00:00,14.42
7368,2024-11-03 06:00:00+00:00,11.6
7369,2024-11-03 07:00:00+00:00,14.11
7370,2024-11-03 08:00:00+00:00,9.54
7371,2024-11-03 09:00:00+00:00,9.17
7372,2024-11-03 10:00:00+00:00,8.83
7373,2024-11-03 11:00:00+00:00,11.6
7374,2024-11-03 12:00:00+00:00,11.58
7375,2024-11-03 13:00:00+00:00,10.62
7376,2024-11-03 14:00:00+00:00,10.12
7377,2024-11-03 15:00:00+00:00,12.33
7378,2024-11-03 16:00:00+00:00,14.09
7379,2024-11-03 17:00:00+00:00,15.07
7380,2024-11-03 18:00:00+00:00,15.53
7381,2024-11-03 19:00:00+00:00,17.14
7382,2024-11-03 20:00:00+00:00,20.07
7383,2024-11-03 21:00:00+00:00,19.4
7384,2024-11-03 22:00:00+00:00,26.89
7385,2024-11-03 23:00:00+00:00,43.74
7386,2024-11-04 00:00:00+00:00,40.22
7387,2024-11-04 01:00:00+00:00,29.3
7388,2024-11-04 02:00:00+00:00,23.11
7389,2024-11-04 03:00:00+00:00,18.13
7390,2024-11-04 04:00:00+00:00,17.91
7391,2024-11-04 05:00:00+00:00,14.97
7392,2024-11-04 06:00:00+00:00,20.72
7393,2024-11-04 07:00:00+00:00,17.18
7394,2024-11-04 08:00:00+00:00,16.27
7395,2024-11-04 09:00:00+00:00,17.18
7396,2024-11-04 10:00:00+00:00,18.24
7397,2024-11-04 11:00:00+00:00,22.14
7398,2024-11-04 12:00:00+00:00,31.75
7399,2024-11-04 13:00:00+00:00,31.59
7400,2024-11-04 14:00:00+00:00,24.03
7401,2024-11-04 15:00:00+00:00,19.21
7402,2024-11-04 16:00:00+00:00,19.65
7403,2024-11-04 17:00:00+00:00,22.12
7404,2024-11-04 18:00:00+00:00,28.16
7405,2024-11-04 19:00:00+00:00,25.33
7406,2024-11-04 20:00:00+00:00,22.3
7407,2024-11-04 21:00:00+00:00,23.83
7408,2024-11-04 22:00:00+00:00,33.42
7409,2024-11-04 23:00:00+00:00,55.57
7410,2024-11-05 00:00:00+00:00,36.7
7411,2024-11-05 01:00:00+00:00,29.57
7412,2024-11-05 02:00:00+00:00,25.99
7413,2024-11-05 03:00:00+00:00,20.0
7414,2024-11-05 04:00:00+00:00,18.96
7415,2024-11-05 05:00:00+00:00,17.14
7416,2024-11-05 06:00:00+00:00,13.37
7417,2024-11-05 07:00:00+00:00,10.98
7418,2024-11-05 08:00:00+00:00,11.64
7419,2024-11-05 09:00:00+00:00,12.92
7420,2024-11-05 10:00:00+00:00,16.44
7421,2024-11-05 11:00:00+00:00,21.0
7422,2024-11-05 12:00:00+00:00,33.04
7423,2024-11-05 13:00:00+00:00,31.59
7424,2024-11-05 14:00:00+00:00,21.0
7425,2024-11-05 15:00:00+00:00,16.7
7426,2024-11-05 16:00:00+00:00,16.38
7427,2024-11-05 17:00:00+00:00,14.48
7428,2024-11-05 18:00:00+00:00,14.04
7429,2024-11-05 19:00:00+00:00,13.78
7430,2024-11-05 20:00:00+00:00,14.29
7431,2024-11-05 21:00:00+00:00,16.28
7432,2024-11-05 22:00:00+00:00,35.16
7433,2024-11-05 23:00:00+00:00,91.7
7434,2024-11-06 00:00:00+00:00,63.27
7435,2024-11-06 01:00:00+00:00,42.04
7436,2024-11-06 02:00:00+00:00,29.62
7437,2024-11-06 03:00:00+00:00,18.3
7438,2024-11-06 04:00:00+00:00,14.27
7439,2024-11-06 05:00:00+00:00,11.38
7440,2024-11-06 06:00:00+00:00,12.32
7441,2024-11-06 07:00:00+00:00,11.29
7442,2024-11-06 08:00:00+00:00,10.41
7443,2024-11-06 09:00:00+00:00,10.23
7444,2024-11-06 10:00:00+00:00,10.87
7445,2024-11-06 11:00:00+00:00,15.08
7446,2024-11-06 12:00:00+00:00,21.59
7447,2024-11-06 13:00:00+00:00,18.91
7448,2024-11-06 14:00:00+00:00,10.37
7449,2024-11-06 15:00:00+00:00,8.92
7450,2024-11-06 16:00:00+00:00,9.5
7451,2024-11-06 17:00:00+00:00,9.92
7452,2024-11-06 18:00:00+00:00,11.98
7453,2024-11-06 19:00:00+00:00,13.65
7454,2024-11-06 20:00:00+00:00,15.92
7455,2024-11-06 21:00:00+00:00,17.26
7456,2024-11-06 22:00:00+00:00,36.41
7457,2024-11-06 23:00:00+00:00,67.69
7458,2024-11-07 00:00:00+00:00,39.06
7459,2024-11-07 01:00:00+00:00,29.42
7460,2024-11-07 02:00:00+00:00,25.47
7461,2024-11-07 03:00:00+00:00,22.08
7462,2024-11-07 04:00:00+00:00,17.04
7463,2024-11-07 05:00:00+00:00,15.14
7464,2024-11-07 06:00:00+00:00,13.02
7465,2024-11-07 07:00:00+00:00,12.27
7466,2024-11-07 08:00:00+00:00,12.86
7467,2024-11-07 09:00:00+00:00,14.11
7468,2024-11-07 10:00:00+00:00,14.91
7469,2024-11-07 11:00:00+00:00,17.57
7470,2024-11-07 12:00:00+00:00,19.89
7471,2024-11-07 13:00:00+00:00,20.26
7472,2024-11-07 14:00:00+00:00,20.9
7473,2024-11-07 15:00:00+00:00,20.31
7474,2024-11-07 16:00:00+00:00,19.78
7475,2024-11-07 17:00:00+00:00,18.49
7476,2024-11-07 18:00:00+00:00,19.52
7477,2024-11-07 19:00:00+00:00,20.63
7478,2024-11-07 20:00:00+00:00,22.25
7479,2024-11-07 21:00:00+00:00,22.05
7480,2024-11-07 22:00:00+00:00,30.01
7481,2024-11-07 23:00:00+00:00,54.83
7482,2024-11-08 00:00:00+00:00,37.55
7483,2024-11-08 01:00:00+00:00,30.28
7484,2024-11-08 02:00:00+00:00,27.44
7485,2024-11-08 03:00:00+00:00,21.45
7486,2024-11-08 04:00:00+00:00,20.34
7487,2024-11-08 05:00:00+00:00,18.43
7488,2024-11-08 06:00:00+00:00,18.78
7489,2024-11-08 07:00:00+00:00,15.9
7490,2024-11-08 08:00:00+00:00,14.98
7491,2024-11-08 09:00:00+00:00,15.58
7492,2024-11-08 10:00:00+00:00,16.56
7493,2024-11-08 11:00:00+00:00,20.1
7494,2024-11-08 12:00:00+00:00,25.14
7495,2024-11-08 13:00:00+00:00,24.03
7496,2024-11-08 14:00:00+00:00,21.63
7497,2024-11-08 15:00:00+00:00,22.37
7498,2024-11-08 16:00:00+00:00,22.68
7499,2024-11-08 17:00:00+00:00,23.19
7500,2024-11-08 18:00:00+00:00,28.58
7501,2024-11-08 19:00:00+00:00,28.56
7502,2024-11-08 20:00:00+00:00,32.17
7503,2024-11-08 21:00:00+00:00,28.57
7504,2024-11-08 22:00:00+00:00,43.4
7505,2024-11-08 23:00:00+00:00,71.22
7506,2024-11-09 00:00:00+00:00,58.67
7507,2024-11-09 01:00:00+00:00,49.24
7508,2024-11-09 02:00:00+00:00,42.01
7509,2024-11-09 03:00:00+00:00,37.18
7510,2024-11-09 04:00:00+00:00,26.59
7511,2024-11-09 05:00:00+00:00,23.02
7512,2024-11-09 06:00:00+00:00,29.2
7513,2024-11-09 07:00:00+00:00,24.86
7514,2024-11-09 08:00:00+00:00,20.54
7515,2024-11-09 09:00:00+00:00,19.23
7516,2024-11-09 10:00:00+00:00,18.86
7517,2024-11-09 11:00:00+00:00,19.29
7518,2024-11-09 12:00:00+00:00,19.26
7519,2024-11-09 13:00:00+00:00,17.89
7520,2024-11-09 14:00:00+00:00,10.06
7521,2024-11-09 15:00:00+00:00,9.42
7522,2024-11-09 16:00:00+00:00,9.62
7523,2024-11-09 17:00:00+00:00,9.8
7524,2024-11-09 18:00:00+00:00,9.22
7525,2024-11-09 19:00:00+00:00,9.75
7526,2024-11-09 20:00:00+00:00,10.78
7527,2024-11-09 21:00:00+00:00,12.8
7528,2024-11-09 22:00:00+00:00,31.11
7529,2024-11-09 23:00:00+00:00,64.64
7530,2024-11-10 00:00:00+00:00,38.15
7531,2024-11-10 01:00:00+00:00,26.89
7532,2024-11-10 02:00:00+00:00,22.02
7533,2024-11-10 03:00:00+00:00,19.33
7534,2024-11-10 04:00:00+00:00,17.3
7535,2024-11-10 05:00:00+00:00,15.96
7536,2024-11-10 06:00:00+00:00,16.52
7537,2024-11-10 07:00:00+00:00,15.98
7538,2024-11-10 08:00:00+00:00,15.62
7539,2024-11-10 09:00:00+00:00,15.87
7540,2024-11-10 10:00:00+00:00,15.68
7541,2024-11-10 11:00:00+00:00,17.6
7542,2024-11-10 12:00:00+00:00,18.84
7543,2024-11-10 13:00:00+00:00,15.58
7544,2024-11-10 14:00:00+00:00,8.44
7545,2024-11-10 15:00:00+00:00,7.59
7546,2024-11-10 16:00:00+00:00,11.34
7547,2024-11-10 17:00:00+00:00,14.6
7548,2024-11-10 18:00:00+00:00,17.32
7549,2024-11-10 19:00:00+00:00,16.68
7550,2024-11-10 20:00:00+00:00,17.78
7551,2024-11-10 21:00:00+00:00,21.22
7552,2024-11-10 22:00:00+00:00,70.0
7553,2024-11-10 23:00:00+00:00,165.79
7554,2024-11-11 00:00:00+00:00,153.15
7555,2024-11-11 01:00:00+00:00,93.11
7556,2024-11-11 02:00:00+00:00,58.45
7557,2024-11-11 03:00:00+00:00,35.42
7558,2024-11-11 04:00:00+00:00,27.98
7559,2024-11-11 05:00:00+00:00,24.05
7560,2024-11-11 06:00:00+00:00,24.37
7561,2024-11-11 07:00:00+00:00,22.22
7562,2024-11-11 08:00:00+00:00,20.22
7563,2024-11-11 09:00:00+00:00,20.35
7564,2024-11-11 10:00:00+00:00,20.9
7565,2024-11-11 11:00:00+00:00,24.17
7566,2024-11-11 12:00:00+00:00,40.31
7567,2024-11-11 13:00:00+00:00,25.95
7568,2024-11-11 14:00:00+00:00,16.25
7569,2024-11-11 15:00:00+00:00,13.13
7570,2024-11-11 16:00:00+00:00,15.12
7571,2024-11-11 17:00:00+00:00,16.91
7572,2024-11-11 18:00:00+00:00,21.47
7573,2024-11-11 19:00:00+00:00,24.49
7574,2024-11-11 20:00:00+00:00,24.47
7575,2024-11-11 21:00:00+00:00,30.88
7576,2024-11-11 22:00:00+00:00,73.53
7577,2024-11-11 23:00:00+00:00,184.08
7578,2024-11-12 00:00:00+00:00,87.27
7579,2024-11-12 01:00:00+00:00,40.1
7580,2024-11-12 02:00:00+00:00,28.21
7581,2024-11-12 03:00:00+00:00,24.27
7582,2024-11-12 04:00:00+00:00,15.96
7583,2024-11-12 05:00:00+00:00,14.6
7584,2024-11-12 06:00:00+00:00,14.72
7585,2024-11-12 07:00:00+00:00,12.47
7586,2024-11-12 08:00:00+00:00,11.41
7587,2024-11-12 09:00:00+00:00,9.94
7588,2024-11-12 10:00:00+00:00,9.73
7589,2024-11-12 11:00:00+00:00,12.7
7590,2024-11-12 12:00:00+00:00,19.29
7591,2024-11-12 13:00:00+00:00,15.86
7592,2024-11-12 14:00:00+00:00,6.41
7593,2024-11-12 15:00:00+00:00,6.06
7594,2024-11-12 16:00:00+00:00,6.45
7595,2024-11-12 17:00:00+00:00,7.27
7596,2024-11-12 18:00:00+00:00,9.14
7597,2024-11-12 19:00:00+00:00,10.97
7598,2024-11-12 20:00:00+00:00,12.93
7599,2024-11-12 21:00:00+00:00,15.76
7600,2024-11-12 22:00:00+00:00,22.53
7601,2024-11-12 23:00:00+00:00,38.45
7602,2024-11-13 00:00:00+00:00,24.89
7603,2024-11-13 01:00:00+00:00,21.07
7604,2024-11-13 02:00:00+00:00,18.27
7605,2024-11-13 03:00:00+00:00,13.31
7606,2024-11-13 04:00:00+00:00,10.87
7607,2024-11-13 05:00:00+00:00,9.29
7608,2024-11-13 06:00:00+00:00,6.81
7609,2024-11-13 07:00:00+00:00,5.16
7610,2024-11-13 08:00:00+00:00,4.61
7611,2024-11-13 09:00:00+00:00,5.72
7612,2024-11-13 10:00:00+00:00,7.64
7613,2024-11-13 11:00:00+00:00,11.29
7614,2024-11-13 12:00:00+00:00,15.95
7615,2024-11-13 13:00:00+00:00,11.79
7616,2024-11-13 14:00:00+00:00,6.86
7617,2024-11-13 15:00:00+00:00,7.9
7618,2024-11-13 16:00:00+00:00,9.21
7619,2024-11-13 17:00:00+00:00,10.12
7620,2024-11-13 18:00:00+00:00,12.24
7621,2024-11-13 19:00:00+00:00,13.55
7622,2024-11-13 20:00:00+00:00,16.32
7623,2024-11-13 21:00:00+00:00,17.95
7624,2024-11-13 22:00:00+00:00,35.15
7625,2024-11-13 23:00:00+00:00,113.55
7626,2024-11-14 00:00:00+00:00,90.34
7627,2024-11-14 01:00:00+00:00,52.53
7628,2024-11-14 02:00:00+00:00,52.54
7629,2024-11-14 03:00:00+00:00,36.59
7630,2024-11-14 04:00:00+00:00,23.93
7631,2024-11-14 05:00:00+00:00,22.41
7632,2024-11-14 06:00:00+00:00,23.72
7633,2024-11-14 07:00:00+00:00,21.87
7634,2024-11-14 08:00:00+00:00,20.15
7635,2024-11-14 09:00:00+00:00,19.63
7636,2024-11-14 10:00:00+00:00,19.85
7637,2024-11-14 11:00:00+00:00,23.16
7638,2024-11-14 12:00:00+00:00,30.96
7639,2024-11-14 13:00:00+00:00,21.26
7640,2024-11-14 14:00:00+00:00,12.53
7641,2024-11-14 15:00:00+00:00,8.41
7642,2024-11-14 16:00:00+00:00,8.92
7643,2024-11-14 17:00:00+00:00,9.91
7644,2024-11-14 18:00:00+00:00,11.32
7645,2024-11-14 19:00:00+00:00,12.49
7646,2024-11-14 20:00:00+00:00,13.34
7647,2024-11-14 21:00:00+00:00,14.87
7648,2024-11-14 22:00:00+00:00,25.44
7649,2024-11-14 23:00:00+00:00,52.42
7650,2024-11-15 00:00:00+00:00,25.42
7651,2024-11-15 01:00:00+00:00,19.59
7652,2024-11-15 02:00:00+00:00,16.83
7653,2024-11-15 03:00:00+00:00,15.37
7654,2024-11-15 04:00:00+00:00,14.53
7655,2024-11-15 05:00:00+00:00,12.07
7656,2024-11-15 06:00:00+00:00,12.03
7657,2024-11-15 07:00:00+00:00,10.84
7658,2024-11-15 08:00:00+00:00,10.03
7659,2024-11-15 09:00:00+00:00,11.44
7660,2024-11-15 10:00:00+00:00,13.65
7661,2024-11-15 11:00:00+00:00,19.84
7662,2024-11-15 12:00:00+00:00,27.21
7663,2024-11-15 13:00:00+00:00,22.94
7664,2024-11-15 14:00:00+00:00,9.41
7665,2024-11-15 15:00:00+00:00,8.37
7666,2024-11-15 16:00:00+00:00,7.9
7667,2024-11-15 17:00:00+00:00,7.06
7668,2024-11-15 18:00:00+00:00,7.75
7669,2024-11-15 19:00:00+00:00,8.0
7670,2024-11-15 20:00:00+00:00,8.19
7671,2024-11-15 21:00:00+00:00,8.86
7672,2024-11-15 22:00:00+00:00,18.93
7673,2024-11-15 23:00:00+00:00,26.91
7674,2024-11-16 00:00:00+00:00,25.37
7675,2024-11-16 01:00:00+00:00,19.18
7676,2024-11-16 02:00:00+00:00,15.87
7677,2024-11-16 03:00:00+00:00,13.6
7678,2024-11-16 04:00:00+00:00,14.56
7679,2024-11-16 05:00:00+00:00,11.87
7680,2024-11-16 06:00:00+00:00,16.35
7681,2024-11-16 07:00:00+00:00,14.69
7682,2024-11-16 08:00:00+00:00,14.18
7683,2024-11-16 09:00:00+00:00,13.19
7684,2024-11-16 10:00:00+00:00,12.78
7685,2024-11-16 11:00:00+00:00,16.36
7686,2024-11-16 12:00:00+00:00,17.09
7687,2024-11-16 13:00:00+00:00,16.18
7688,2024-11-16 14:00:00+00:00,12.47
7689,2024-11-16 15:00:00+00:00,10.18
7690,2024-11-16 16:00:00+00:00,10.69
7691,2024-11-16 17:00:00+00:00,11.12
7692,2024-11-16 18:00:00+00:00,12.16
7693,2024-11-16 19:00:00+00:00,14.1
7694,2024-11-16 20:00:00+00:00,14.82
7695,2024-11-16 21:00:00+00:00,14.92
7696,2024-11-16 22:00:00+00:00,26.89
7697,2024-11-16 23:00:00+00:00,45.45
7698,2024-11-17 00:00:00+00:00,25.25
7699,2024-11-17 01:00:00+00:00,20.26
7700,2024-11-17 02:00:00+00:00,18.63
7701,2024-11-17 03:00:00+00:00,15.56
7702,2024-11-17 04:00:00+00:00,17.68
7703,2024-11-17 05:00:00+00:00,16.22
7704,2024-11-17 06:00:00+00:00,15.05
7705,2024-11-17 07:00:00+00:00,13.55
7706,2024-11-17 08:00:00+00:00,15.16
7707,2024-11-17 09:00:00+00:00,19.27
7708,2024-11-17 10:00:00+00:00,20.64
7709,2024-11-17 11:00:00+00:00,24.86
7710,2024-11-17 12:00:00+00:00,23.13
7711,2024-11-17 13:00:00+00:00,26.0
7712,2024-11-17 14:00:00+00:00,26.19
7713,2024-11-17 15:00:00+00:00,22.31
7714,2024-11-17 16:00:00+00:00,21.28
7715,2024-11-17 17:00:00+00:00,24.87
7716,2024-11-17 18:00:00+00:00,31.59
7717,2024-11-17 19:00:00+00:00,39.39
7718,2024-11-17 20:00:00+00:00,48.99
7719,2024-11-17 21:00:00+00:00,56.45
7720,2024-11-17 22:00:00+00:00,72.41
7721,2024-11-17 23:00:00+00:00,77.72
7722,2024-11-18 00:00:00+00:00,59.97
7723,2024-11-18 01:00:00+00:00,47.77
7724,2024-11-18 02:00:00+00:00,38.41
7725,2024-11-18 03:00:00+00:00,27.75
7726,2024-11-18 04:00:00+00:00,20.7
7727,2024-11-18 05:00:00+00:00,18.52
7728,2024-11-18 06:00:00+00:00,14.09
7729,2024-11-18 07:00:00+00:00,12.17
7730,2024-11-18 08:00:00+00:00,9.98
7731,2024-11-18 09:00:00+00:00,10.09
7732,2024-11-18 10:00:00+00:00,11.69
7733,2024-11-18 11:00:00+00:00,16.63
7734,2024-11-18 12:00:00+00:00,20.58
7735,2024-11-18 13:00:00+00:00,18.61
7736,2024-11-18 14:00:00+00:00,17.94
7737,2024-11-18 15:00:00+00:00,15.94
7738,2024-11-18 16:00:00+00:00,16.92
7739,2024-11-18 17:00:00+00:00,17.74
7740,2024-11-18 18:00:00+00:00,17.46
7741,2024-11-18 19:00:00+00:00,19.75
7742,2024-11-18 20:00:00+00:00,20.21
7743,2024-11-18 21:00:00+00:00,21.42
7744,2024-11-18 22:00:00+00:00,23.02
7745,2024-11-18 23:00:00+00:00,53.26
7746,2024-11-19 00:00:00+00:00,34.43
7747,2024-11-19 01:00:00+00:00,26.53
7748,2024-11-19 02:00:00+00:00,20.25
7749,2024-11-19 03:00:00+00:00,15.82
7750,2024-11-19 04:00:00+00:00,15.37
7751,2024-11-19 05:00:00+00:00,15.27
7752,2024-11-19 06:00:00+00:00,18.4
7753,2024-11-19 07:00:00+00:00,16.05
7754,2024-11-19 08:00:00+00:00,14.26
7755,2024-11-19 09:00:00+00:00,14.7
7756,2024-11-19 10:00:00+00:00,15.35
7757,2024-11-19 11:00:00+00:00,17.81
7758,2024-11-19 12:00:00+00:00,27.56
7759,2024-11-19 13:00:00+00:00,21.04
7760,2024-11-19 14:00:00+00:00,11.31
7761,2024-11-19 15:00:00+00:00,10.77
7762,2024-11-19 16:00:00+00:00,12.13
7763,2024-11-19 17:00:00+00:00,13.3
7764,2024-11-19 18:00:00+00:00,14.7
7765,2024-11-19 19:00:00+00:00,16.84
7766,2024-11-19 20:00:00+00:00,15.75
7767,2024-11-19 21:00:00+00:00,17.04
7768,2024-11-19 22:00:00+00:00,41.87
7769,2024-11-19 23:00:00+00:00,88.26
7770,2024-11-20 00:00:00+00:00,40.13
7771,2024-11-20 01:00:00+00:00,25.29
7772,2024-11-20 02:00:00+00:00,19.39
7773,2024-11-20 03:00:00+00:00,18.09
7774,2024-11-20 04:00:00+00:00,15.45
7775,2024-11-20 05:00:00+00:00,15.13
7776,2024-11-20 06:00:00+00:00,14.6
7777,2024-11-20 07:00:00+00:00,13.62
7778,2024-11-20 08:00:00+00:00,12.83
7779,2024-11-20 09:00:00+00:00,13.29
7780,2024-11-20 10:00:00+00:00,15.65
7781,2024-11-20 11:00:00+00:00,18.07
7782,2024-11-20 12:00:00+00:00,22.53
7783,2024-11-20 13:00:00+00:00,20.68
7784,2024-11-20 14:00:00+00:00,11.4
7785,2024-11-20 15:00:00+00:00,7.62
7786,2024-11-20 16:00:00+00:00,10.11
7787,2024-11-20 17:00:00+00:00,10.91
7788,2024-11-20 18:00:00+00:00,11.59
7789,2024-11-20 19:00:00+00:00,10.59
7790,2024-11-20 20:00:00+00:00,9.63
7791,2024-11-20 21:00:00+00:00,11.27
7792,2024-11-20 22:00:00+00:00,27.62
7793,2024-11-20 23:00:00+00:00,66.71
7794,2024-11-21 00:00:00+00:00,43.49
7795,2024-11-21 01:00:00+00:00,31.72
7796,2024-11-21 02:00:00+00:00,26.87
7797,2024-11-21 03:00:00+00:00,24.21
7798,2024-11-21 04:00:00+00:00,19.26
7799,2024-11-21 05:00:00+00:00,17.74
7800,2024-11-21 06:00:00+00:00,20.95
7801,2024-11-21 07:00:00+00:00,19.29
7802,2024-11-21 08:00:00+00:00,17.78
7803,2024-11-21 09:00:00+00:00,18.06
7804,2024-11-21 10:00:00+00:00,20.26
7805,2024-11-21 11:00:00+00:00,22.13
7806,2024-11-21 12:00:00+00:00,39.88
7807,2024-11-21 13:00:00+00:00,26.74
7808,2024-11-21 14:00:00+00:00,15.69
7809,2024-11-21 15:00:00+00:00,12.91
7810,2024-11-21 16:00:00+00:00,14.06
7811,2024-11-21 17:00:00+00:00,12.6
7812,2024-11-21 18:00:00+00:00,12.95
7813,2024-11-21 19:00:00+00:00,12.99
7814,2024-11-21 20:00:00+00:00,11.88
7815,2024-11-21 21:00:00+00:00,12.83
7816,2024-11-21 22:00:00+00:00,39.23
7817,2024-11-21 23:00:00+00:00,78.57
7818,2024-11-22 00:00:00+00:00,70.81
7819,2024-11-22 01:00:00+00:00,36.63
7820,2024-11-22 02:00:00+00:00,32.01
7821,2024-11-22 03:00:00+00:00,25.74
7822,2024-11-22 04:00:00+00:00,25.36
7823,2024-11-22 05:00:00+00:00,23.73
7824,2024-11-22 06:00:00+00:00,27.77
7825,2024-11-22 07:00:00+00:00,26.65
7826,2024-11-22 08:00:00+00:00,25.51
7827,2024-11-22 09:00:00+00:00,25.59
7828,2024-11-22 10:00:00+00:00,27.03
7829,2024-11-22 11:00:00+00:00,39.91
7830,2024-11-22 12:00:00+00:00,72.69
7831,2024-11-22 13:00:00+00:00,44.82
7832,2024-11-22 14:00:00+00:00,20.63
7833,2024-11-22 15:00:00+00:00,18.55
7834,2024-11-22 16:00:00+00:00,17.58
7835,2024-11-22 17:00:00+00:00,15.84
7836,2024-11-22 18:00:00+00:00,14.83
7837,2024-11-22 19:00:00+00:00,14.8
7838,2024-11-22 20:00:00+00:00,14.57
7839,2024-11-22 21:00:00+00:00,14.82
7840,2024-11-22 22:00:00+00:00,33.4
7841,2024-11-22 23:00:00+00:00,54.64
7842,2024-11-23 00:00:00+00:00,27.92
7843,2024-11-23 01:00:00+00:00,21.49
7844,2024-11-23 02:00:00+00:00,20.12
7845,2024-11-23 03:00:00+00:00,20.6
7846,2024-11-23 04:00:00+00:00,18.04
7847,2024-11-23 05:00:00+00:00,17.99
7848,2024-11-23 06:00:00+00:00,14.1
7849,2024-11-23 07:00:00+00:00,12.77
7850,2024-11-23 08:00:00+00:00,12.31
7851,2024-11-23 09:00:00+00:00,13.84
7852,2024-11-23 10:00:00+00:00,14.71
7853,2024-11-23 11:00:00+00:00,19.64
7854,2024-11-23 12:00:00+00:00,22.09
7855,2024-11-23 13:00:00+00:00,19.59
7856,2024-11-23 14:00:00+00:00,7.66
7857,2024-11-23 15:00:00+00:00,7.52
7858,2024-11-23 16:00:00+00:00,5.58
7859,2024-11-23 17:00:00+00:00,3.3
7860,2024-11-23 18:00:00+00:00,3.41
7861,2024-11-23 19:00:00+00:00,3.56
7862,2024-11-23 20:00:00+00:00,4.62
7863,2024-11-23 21:00:00+00:00,6.67
7864,2024-11-23 22:00:00+00:00,20.52
7865,2024-11-23 23:00:00+00:00,26.58
7866,2024-11-24 00:00:00+00:00,21.13
7867,2024-11-24 01:00:00+00:00,17.1
7868,2024-11-24 02:00:00+00:00,16.59
7869,2024-11-24 03:00:00+00:00,11.94
7870,2024-11-24 04:00:00+00:00,11.66
7871,2024-11-24 05:00:00+00:00,7.55
7872,2024-11-24 06:00:00+00:00,10.36
7873,2024-11-24 07:00:00+00:00,7.24
7874,2024-11-24 08:00:00+00:00,5.77
7875,2024-11-24 09:00:00+00:00,4.9
7876,2024-11-24 10:00:00+00:00,5.12
7877,2024-11-24 11:00:00+00:00,7.82
7878,2024-11-24 12:00:00+00:00,11.64
7879,2024-11-24 13:00:00+00:00,11.45
7880,2024-11-24 14:00:00+00:00,5.38
7881,2024-11-24 15:00:00+00:00,3.09
7882,2024-11-24 16:00:00+00:00,3.49
7883,2024-11-24 17:00:00+00:00,6.56
7884,2024-11-24 18:00:00+00:00,8.69
7885,2024-11-24 19:00:00+00:00,10.76
7886,2024-11-24 20:00:00+00:00,13.85
7887,2024-11-24 21:00:00+00:00,16.77
7888,2024-11-24 22:00:00+00:00,31.09
7889,2024-11-24 23:00:00+00:00,44.44
7890,2024-11-25 00:00:00+00:00,25.73
7891,2024-11-25 01:00:00+00:00,22.81
7892,2024-11-25 02:00:00+00:00,18.08
7893,2024-11-25 03:00:00+00:00,16.05
7894,2024-11-25 04:00:00+00:00,15.55
7895,2024-11-25 05:00:00+00:00,14.5
7896,2024-11-25 06:00:00+00:00,13.32
7897,2024-11-25 07:00:00+00:00,10.72
7898,2024-11-25 08:00:00+00:00,10.41
7899,2024-11-25 09:00:00+00:00,10.06
7900,2024-11-25 10:00:00+00:00,13.51
7901,2024-11-25 11:00:00+00:00,18.35
7902,2024-11-25 12:00:00+00:00,25.03
7903,2024-11-25 13:00:00+00:00,25.04
7904,2024-11-25 14:00:00+00:00,14.19
7905,2024-11-25 15:00:00+00:00,12.83
7906,2024-11-25 16:00:00+00:00,14.49
7907,2024-11-25 17:00:00+00:00,17.39
7908,2024-11-25 18:00:00+00:00,22.33
7909,2024-11-25 19:00:00+00:00,22.75
7910,2024-11-25 20:00:00+00:00,26.47
7911,2024-11-25 21:00:00+00:00,32.4
7912,2024-11-25 22:00:00+00:00,37.35
7913,2024-11-25 23:00:00+00:00,66.55
7914,2024-11-26 00:00:00+00:00,54.42
7915,2024-11-26 01:00:00+00:00,48.4
7916,2024-11-26 02:00:00+00:00,41.47
7917,2024-11-26 03:00:00+00:00,33.7
7918,2024-11-26 04:00:00+00:00,30.06
7919,2024-11-26 05:00:00+00:00,32.37
7920,2024-11-26 06:00:00+00:00,25.92
7921,2024-11-26 07:00:00+00:00,25.67
7922,2024-11-26 08:00:00+00:00,25.0
7923,2024-11-26 09:00:00+00:00,26.85
7924,2024-11-26 10:00:00+00:00,28.22
7925,2024-11-26 11:00:00+00:00,33.56
7926,2024-11-26 12:00:00+00:00,48.81
7927,2024-11-26 13:00:00+00:00,43.25
7928,2024-11-26 14:00:00+00:00,23.53
7929,2024-11-26 15:00:00+00:00,22.12
7930,2024-11-26 16:00:00+00:00,18.69
7931,2024-11-26 17:00:00+00:00,17.58
7932,2024-11-26 18:00:00+00:00,14.86
7933,2024-11-26 19:00:00+00:00,12.24
7934,2024-11-26 20:00:00+00:00,7.1
7935,2024-11-26 21:00:00+00:00,10.85
7936,2024-11-26 22:00:00+00:00,16.84
7937,2024-11-26 23:00:00+00:00,24.05
7938,2024-11-27 00:00:00+00:00,23.2
7939,2024-11-27 01:00:00+00:00,19.23
7940,2024-11-27 02:00:00+00:00,19.06
7941,2024-11-27 03:00:00+00:00,16.66
7942,2024-11-27 04:00:00+00:00,15.83
7943,2024-11-27 05:00:00+00:00,13.63
7944,2024-11-27 06:00:00+00:00,13.64
7945,2024-11-27 07:00:00+00:00,10.15
7946,2024-11-27 08:00:00+00:00,9.33
7947,2024-11-27 09:00:00+00:00,8.79
7948,2024-11-27 10:00:00+00:00,9.14
7949,2024-11-27 11:00:00+00:00,14.4
7950,2024-11-27 12:00:00+00:00,20.15
7951,2024-11-27 13:00:00+00:00,20.62
7952,2024-11-27 14:00:00+00:00,16.52
7953,2024-11-27 15:00:00+00:00,12.92
7954,2024-11-27 16:00:00+00:00,10.8
7955,2024-11-27 17:00:00+00:00,8.95
7956,2024-11-27 18:00:00+00:00,11.82
7957,2024-11-27 19:00:00+00:00,14.77
7958,2024-11-27 20:00:00+00:00,17.43
7959,2024-11-27 21:00:00+00:00,23.15
7960,2024-11-27 22:00:00+00:00,35.03
7961,2024-11-27 23:00:00+00:00,39.11
7962,2024-11-28 00:00:00+00:00,26.76
7963,2024-11-28 01:00:00+00:00,21.92
7964,2024-11-28 02:00:00+00:00,20.65
7965,2024-11-28 03:00:00+00:00,18.34
7966,2024-11-28 04:00:00+00:00,16.27
7967,2024-11-28 05:00:00+00:00,13.24
7968,2024-11-28 06:00:00+00:00,20.97
7969,2024-11-28 07:00:00+00:00,19.53
7970,2024-11-28 08:00:00+00:00,16.42
7971,2024-11-28 09:00:00+00:00,15.59
7972,2024-11-28 10:00:00+00:00,16.63
7973,2024-11-28 11:00:00+00:00,19.47
7974,2024-11-28 12:00:00+00:00,22.18
7975,2024-11-28 13:00:00+00:00,22.89
7976,2024-11-28 14:00:00+00:00,24.87
7977,2024-11-28 15:00:00+00:00,23.81
7978,2024-11-28 16:00:00+00:00,23.48
7979,2024-11-28 17:00:00+00:00,23.52
7980,2024-11-28 18:00:00+00:00,22.94
7981,2024-11-28 19:00:00+00:00,23.65
7982,2024-11-28 20:00:00+00:00,23.69
7983,2024-11-28 21:00:00+00:00,25.61
7984,2024-11-28 22:00:00+00:00,32.52
7985,2024-11-28 23:00:00+00:00,45.12
7986,2024-11-29 00:00:00+00:00,38.98
7987,2024-11-29 01:00:00+00:00,35.3
7988,2024-11-29 02:00:00+00:00,38.47
7989,2024-11-29 03:00:00+00:00,33.33
7990,2024-11-29 04:00:00+00:00,33.45
7991,2024-11-29 05:00:00+00:00,31.65
7992,2024-11-29 06:00:00+00:00,31.71
7993,2024-11-29 07:00:00+00:00,35.85
7994,2024-11-29 08:00:00+00:00,36.02
7995,2024-11-29 09:00:00+00:00,36.64
7996,2024-11-29 10:00:00+00:00,36.4
7997,2024-11-29 11:00:00+00:00,48.82
7998,2024-11-29 12:00:00+00:00,62.14
7999,2024-11-29 13:00:00+00:00,50.12
8000,2024-11-29 14:00:00+00:00,29.33
8001,2024-11-29 15:00:00+00:00,25.45
8002,2024-11-29 16:00:00+00:00,20.37
8003,2024-11-29 17:00:00+00:00,19.37
8004,2024-11-29 18:00:00+00:00,18.43
8005,2024-11-29 19:00:00+00:00,16.59
8006,2024-11-29 20:00:00+00:00,14.68
8007,2024-11-29 21:00:00+00:00,18.73
8008,2024-11-29 22:00:00+00:00,29.52
8009,2024-11-29 23:00:00+00:00,49.37
8010,2024-11-30 00:00:00+00:00,35.52
8011,2024-11-30 01:00:00+00:00,31.62
8012,2024-11-30 02:00:00+00:00,26.44
8013,2024-11-30 03:00:00+00:00,23.5
8014,2024-11-30 04:00:00+00:00,25.03
8015,2024-11-30 05:00:00+00:00,21.6
8016,2024-11-30 06:00:00+00:00,20.5
8017,2024-11-30 07:00:00+00:00,20.09
8018,2024-11-30 08:00:00+00:00,19.46
8019,2024-11-30 09:00:00+00:00,19.87
8020,2024-11-30 10:00:00+00:00,20.61
8021,2024-11-30 11:00:00+00:00,22.95
8022,2024-11-30 12:00:00+00:00,26.71
8023,2024-11-30 13:00:00+00:00,28.4
8024,2024-11-30 14:00:00+00:00,24.09
8025,2024-11-30 15:00:00+00:00,24.03
8026,2024-11-30 16:00:00+00:00,20.63
8027,2024-11-30 17:00:00+00:00,19.72
8028,2024-11-30 18:00:00+00:00,20.45
8029,2024-11-30 19:00:00+00:00,19.61
8030,2024-11-30 20:00:00+00:00,21.94
8031,2024-11-30 21:00:00+00:00,26.92
8032,2024-11-30 22:00:00+00:00,33.8
8033,2024-11-30 23:00:00+00:00,48.92
8034,2024-12-01 00:00:00+00:00,46.49
8035,2024-12-01 01:00:00+00:00,45.29
8036,2024-12-01 02:00:00+00:00,40.7
8037,2024-12-01 03:00:00+00:00,36.62
8038,2024-12-01 04:00:00+00:00,38.05
8039,2024-12-01 05:00:00+00:00,36.35
8040,2024-12-01 06:00:00+00:00,32.7
8041,2024-12-01 07:00:00+00:00,31.99
8042,2024-12-01 08:00:00+00:00,34.36
8043,2024-12-01 09:00:00+00:00,31.41
8044,2024-12-01 10:00:00+00:00,35.5
8045,2024-12-01 11:00:00+00:00,39.98
8046,2024-12-01 12:00:00+00:00,42.18
8047,2024-12-01 13:00:00+00:00,38.2
8048,2024-12-01 14:00:00+00:00,25.61
8049,2024-12-01 15:00:00+00:00,24.45
8050,2024-12-01 16:00:00+00:00,22.29
8051,2024-12-01 17:00:00+00:00,18.88
8052,2024-12-01 18:00:00+00:00,18.94
8053,2024-12-01 19:00:00+00:00,18.7
8054,2024-12-01 20:00:00+00:00,17.0
8055,2024-12-01 21:00:00+00:00,18.91
8056,2024-12-01 22:00:00+00:00,27.59
8057,2024-12-01 23:00:00+00:00,50.64
8058,2024-12-02 00:00:00+00:00,36.84
8059,2024-12-02 01:00:00+00:00,32.66
8060,2024-12-02 02:00:00+00:00,32.0
8061,2024-12-02 03:00:00+00:00,32.49
8062,2024-12-02 04:00:00+00:00,33.7
8063,2024-12-02 05:00:00+00:00,31.82
8064,2024-12-02 06:00:00+00:00,30.32
8065,2024-12-02 07:00:00+00:00,30.37
8066,2024-12-02 08:00:00+00:00,30.72
8067,2024-12-02 09:00:00+00:00,32.32
8068,2024-12-02 10:00:00+00:00,36.6
8069,2024-12-02 11:00:00+00:00,47.05
8070,2024-12-02 12:00:00+00:00,82.86
8071,2024-12-02 13:00:00+00:00,63.55
8072,2024-12-02 14:00:00+00:00,35.92
8073,2024-12-02 15:00:00+00:00,25.64
8074,2024-12-02 16:00:00+00:00,25.85
8075,2024-12-02 17:00:00+00:00,21.33
8076,2024-12-02 18:00:00+00:00,20.72
8077,2024-12-02 19:00:00+00:00,20.41
8078,2024-12-02 20:00:00+00:00,20.33
8079,2024-12-02 21:00:00+00:00,23.43
8080,2024-12-02 22:00:00+00:00,38.14
8081,2024-12-02 23:00:00+00:00,54.96
8082,2024-12-03 00:00:00+00:00,43.71
8083,2024-12-03 01:00:00+00:00,31.8
8084,2024-12-03 02:00:00+00:00,29.21
8085,2024-12-03 03:00:00+00:00,28.46
8086,2024-12-03 04:00:00+00:00,26.82
8087,2024-12-03 05:00:00+00:00,25.77
8088,2024-12-03 06:00:00+00:00,26.41
8089,2024-12-03 07:00:00+00:00,27.85
8090,2024-12-03 08:00:00+00:00,28.31
8091,2024-12-03 09:00:00+00:00,29.09
8092,2024-12-03 10:00:00+00:00,30.43
8093,2024-12-03 11:00:00+00:00,42.8
8094,2024-12-03 12:00:00+00:00,61.95
8095,2024-12-03 13:00:00+00:00,63.73
8096,2024-12-03 14:00:00+00:00,40.94
8097,2024-12-03 15:00:00+00:00,30.53
8098,2024-12-03 16:00:00+00:00,25.5
8099,2024-12-03 17:00:00+00:00,20.48
8100,2024-12-03 18:00:00+00:00,18.51
8101,2024-12-03 19:00:00+00:00,17.96
8102,2024-12-03 20:00:00+00:00,18.96
8103,2024-12-03 21:00:00+00:00,21.47
8104,2024-12-03 22:00:00+00:00,33.79
8105,2024-12-03 23:00:00+00:00,44.84
8106,2024-12-04 00:00:00+00:00,30.76
8107,2024-12-04 01:00:00+00:00,25.67
8108,2024-12-04 02:00:00+00:00,24.65
8109,2024-12-04 03:00:00+00:00,23.76
8110,2024-12-04 04:00:00+00:00,23.35
8111,2024-12-04 05:00:00+00:00,20.03
8112,2024-12-04 06:00:00+00:00,20.26
8113,2024-12-04 07:00:00+00:00,19.65
8114,2024-12-04 08:00:00+00:00,20.16
8115,2024-12-04 09:00:00+00:00,23.08
8116,2024-12-04 10:00:00+00:00,25.26
8117,2024-12-04 11:00:00+00:00,27.59
8118,2024-12-04 12:00:00+00:00,32.43
8119,2024-12-04 13:00:00+00:00,38.0
8120,2024-12-04 14:00:00+00:00,41.28
8121,2024-12-04 15:00:00+00:00,44.06
8122,2024-12-04 16:00:00+00:00,38.53
8123,2024-12-04 17:00:00+00:00,35.99
8124,2024-12-04 18:00:00+00:00,32.81
8125,2024-12-04 19:00:00+00:00,34.03
8126,2024-12-04 20:00:00+00:00,32.68
8127,2024-12-04 21:00:00+00:00,34.21
8128,2024-12-04 22:00:00+00:00,48.27
8129,2024-12-04 23:00:00+00:00,66.54
8130,2024-12-05 00:00:00+00:00,66.77
8131,2024-12-05 01:00:00+00:00,45.91
8132,2024-12-05 02:00:00+00:00,43.11
8133,2024-12-05 03:00:00+00:00,35.0
8134,2024-12-05 04:00:00+00:00,28.99
8135,2024-12-05 05:00:00+00:00,26.08
8136,2024-12-05 06:00:00+00:00,29.48
8137,2024-12-05 07:00:00+00:00,26.47
8138,2024-12-05 08:00:00+00:00,24.98
8139,2024-12-05 09:00:00+00:00,23.12
8140,2024-12-05 10:00:00+00:00,24.01
8141,2024-12-05 11:00:00+00:00,23.6
8142,2024-12-05 12:00:00+00:00,28.46
8143,2024-12-05 13:00:00+00:00,26.6
8144,2024-12-05 14:00:00+00:00,23.05
8145,2024-12-05 15:00:00+00:00,21.48
8146,2024-12-05 16:00:00+00:00,19.09
8147,2024-12-05 17:00:00+00:00,18.0
8148,2024-12-05 18:00:00+00:00,19.21
8149,2024-12-05 19:00:00+00:00,20.8
8150,2024-12-05 20:00:00+00:00,21.57
8151,2024-12-05 21:00:00+00:00,24.64
8152,2024-12-05 22:00:00+00:00,32.97
8153,2024-12-05 23:00:00+00:00,40.61
8154,2024-12-06 00:00:00+00:00,35.49
8155,2024-12-06 01:00:00+00:00,30.94
8156,2024-12-06 02:00:00+00:00,35.39
8157,2024-12-06 03:00:00+00:00,37.2
8158,2024-12-06 04:00:00+00:00,28.69
8159,2024-12-06 05:00:00+00:00,28.8
8160,2024-12-06 06:00:00+00:00,27.71
8161,2024-12-06 07:00:00+00:00,29.41
8162,2024-12-06 08:00:00+00:00,32.65
8163,2024-12-06 09:00:00+00:00,31.39
8164,2024-12-06 10:00:00+00:00,33.32
8165,2024-12-06 11:00:00+00:00,36.99
8166,2024-12-06 12:00:00+00:00,64.02
8167,2024-12-06 13:00:00+00:00,82.95
8168,2024-12-06 14:00:00+00:00,53.08
8169,2024-12-06 15:00:00+00:00,43.89
8170,2024-12-06 16:00:00+00:00,36.8
8171,2024-12-06 17:00:00+00:00,32.14
8172,2024-12-06 18:00:00+00:00,30.83
8173,2024-12-06 19:00:00+00:00,28.51
8174,2024-12-06 20:00:00+00:00,30.33
8175,2024-12-06 21:00:00+00:00,32.63
8176,2024-12-06 22:00:00+00:00,42.43
8177,2024-12-06 23:00:00+00:00,62.82
8178,2024-12-07 00:00:00+00:00,51.7
8179,2024-12-07 01:00:00+00:00,44.99
8180,2024-12-07 02:00:00+00:00,40.37
8181,2024-12-07 03:00:00+00:00,34.06
8182,2024-12-07 04:00:00+00:00,35.19
8183,2024-12-07 05:00:00+00:00,31.92
8184,2024-12-07 06:00:00+00:00,30.62
8185,2024-12-07 07:00:00+00:00,28.13
8186,2024-12-07 08:00:00+00:00,27.63
8187,2024-12-07 09:00:00+00:00,29.11
8188,2024-12-07 10:00:00+00:00,27.29
8189,2024-12-07 11:00:00+00:00,31.32
8190,2024-12-07 12:00:00+00:00,35.51
8191,2024-12-07 13:00:00+00:00,39.71
8192,2024-12-07 14:00:00+00:00,39.27
8193,2024-12-07 15:00:00+00:00,48.35
8194,2024-12-07 16:00:00+00:00,46.8
8195,2024-12-07 17:00:00+00:00,36.19
8196,2024-12-07 18:00:00+00:00,33.51
8197,2024-12-07 19:00:00+00:00,32.51
8198,2024-12-07 20:00:00+00:00,33.06
8199,2024-12-07 21:00:00+00:00,39.07
8200,2024-12-07 22:00:00+00:00,45.83
8201,2024-12-07 23:00:00+00:00,52.81
8202,2024-12-08 00:00:00+00:00,46.89
8203,2024-12-08 01:00:00+00:00,37.88
8204,2024-12-08 02:00:00+00:00,35.4
8205,2024-12-08 03:00:00+00:00,32.96
8206,2024-12-08 04:00:00+00:00,26.49
8207,2024-12-08 05:00:00+00:00,25.08
8208,2024-12-08 06:00:00+00:00,28.21
8209,2024-12-08 07:00:00+00:00,27.45
8210,2024-12-08 08:00:00+00:00,26.82
8211,2024-12-08 09:00:00+00:00,26.59
8212,2024-12-08 10:00:00+00:00,24.97
8213,2024-12-08 11:00:00+00:00,24.18
8214,2024-12-08 12:00:00+00:00,24.4
8215,2024-12-08 13:00:00+00:00,23.17
8216,2024-12-08 14:00:00+00:00,20.41
8217,2024-12-08 15:00:00+00:00,18.44
8218,2024-12-08 16:00:00+00:00,18.96
8219,2024-12-08 17:00:00+00:00,17.38
8220,2024-12-08 18:00:00+00:00,14.49
8221,2024-12-08 19:00:00+00:00,13.58
8222,2024-12-08 20:00:00+00:00,12.7
8223,2024-12-08 21:00:00+00:00,14.16
8224,2024-12-08 22:00:00+00:00,16.74
8225,2024-12-08 23:00:00+00:00,26.57
8226,2024-12-09 00:00:00+00:00,25.22
8227,2024-12-09 01:00:00+00:00,20.53
8228,2024-12-09 02:00:00+00:00,20.7
8229,2024-12-09 03:00:00+00:00,19.67
8230,2024-12-09 04:00:00+00:00,17.31
8231,2024-12-09 05:00:00+00:00,15.57
8232,2024-12-09 06:00:00+00:00,16.96
8233,2024-12-09 07:00:00+00:00,17.65
8234,2024-12-09 08:00:00+00:00,16.82
8235,2024-12-09 09:00:00+00:00,19.15
8236,2024-12-09 10:00:00+00:00,19.86
8237,2024-12-09 11:00:00+00:00,22.78
8238,2024-12-09 12:00:00+00:00,28.46
8239,2024-12-09 13:00:00+00:00,29.53
8240,2024-12-09 14:00:00+00:00,18.46
8241,2024-12-09 15:00:00+00:00,15.45
8242,2024-12-09 16:00:00+00:00,16.14
8243,2024-12-09 17:00:00+00:00,16.75
8244,2024-12-09 18:00:00+00:00,17.31
8245,2024-12-09 19:00:00+00:00,17.35
8246,2024-12-09 20:00:00+00:00,16.98
8247,2024-12-09 21:00:00+00:00,17.44
8248,2024-12-09 22:00:00+00:00,34.53
8249,2024-12-09 23:00:00+00:00,60.57
8250,2024-12-10 00:00:00+00:00,38.9
8251,2024-12-10 01:00:00+00:00,30.13
8252,2024-12-10 02:00:00+00:00,22.54
8253,2024-12-10 03:00:00+00:00,19.14
8254,2024-12-10 04:00:00+00:00,18.7
8255,2024-12-10 05:00:00+00:00,16.33
8256,2024-12-10 06:00:00+00:00,22.26
8257,2024-12-10 07:00:00+00:00,18.98
8258,2024-12-10 08:00:00+00:00,19.0
8259,2024-12-10 09:00:00+00:00,18.64
8260,2024-12-10 10:00:00+00:00,20.26
8261,2024-12-10 11:00:00+00:00,22.89
8262,2024-12-10 12:00:00+00:00,28.27
8263,2024-12-10 13:00:00+00:00,30.0
8264,2024-12-10 14:00:00+00:00,22.38
8265,2024-12-10 15:00:00+00:00,16.98
8266,2024-12-10 16:00:00+00:00,16.75
8267,2024-12-10 17:00:00+00:00,19.12
8268,2024-12-10 18:00:00+00:00,14.4
8269,2024-12-10 19:00:00+00:00,16.91
8270,2024-12-10 20:00:00+00:00,17.33
8271,2024-12-10 21:00:00+00:00,20.76
8272,2024-12-10 22:00:00+00:00,30.18
8273,2024-12-10 23:00:00+00:00,39.76
8274,2024-12-11 00:00:00+00:00,46.53
8275,2024-12-11 01:00:00+00:00,48.85
8276,2024-12-11 02:00:00+00:00,54.22
8277,2024-12-11 03:00:00+00:00,41.85
8278,2024-12-11 04:00:00+00:00,30.56
8279,2024-12-11 05:00:00+00:00,28.89
8280,2024-12-11 06:00:00+00:00,27.09
8281,2024-12-11 07:00:00+00:00,26.92
8282,2024-12-11 08:00:00+00:00,23.98
8283,2024-12-11 09:00:00+00:00,23.59
8284,2024-12-11 10:00:00+00:00,26.84
8285,2024-12-11 11:00:00+00:00,32.78
8286,2024-12-11 12:00:00+00:00,65.41
8287,2024-12-11 13:00:00+00:00,59.45
8288,2024-12-11 14:00:00+00:00,30.32
8289,2024-12-11 15:00:00+00:00,23.77
8290,2024-12-11 16:00:00+00:00,22.05
8291,2024-12-11 17:00:00+00:00,20.87
8292,2024-12-11 18:00:00+00:00,19.22
8293,2024-12-11 19:00:00+00:00,17.97
8294,2024-12-11 20:00:00+00:00,15.45
8295,2024-12-11 21:00:00+00:00,16.33
8296,2024-12-11 22:00:00+00:00,21.91
8297,2024-12-11 23:00:00+00:00,34.91
8298,2024-12-12 00:00:00+00:00,26.41
8299,2024-12-12 01:00:00+00:00,21.72
8300,2024-12-12 02:00:00+00:00,23.65
8301,2024-12-12 03:00:00+00:00,21.68
8302,2024-12-12 04:00:00+00:00,20.83
8303,2024-12-12 05:00:00+00:00,19.42
8304,2024-12-12 06:00:00+00:00,18.47
8305,2024-12-12 07:00:00+00:00,17.5
8306,2024-12-12 08:00:00+00:00,18.32
8307,2024-12-12 09:00:00+00:00,19.6
8308,2024-12-12 10:00:00+00:00,20.55
8309,2024-12-12 11:00:00+00:00,23.27
8310,2024-12-12 12:00:00+00:00,31.16
8311,2024-12-12 13:00:00+00:00,30.83
8312,2024-12-12 14:00:00+00:00,26.19
8313,2024-12-12 15:00:00+00:00,22.47
8314,2024-12-12 16:00:00+00:00,19.81
8315,2024-12-12 17:00:00+00:00,15.53
8316,2024-12-12 18:00:00+00:00,14.74
8317,2024-12-12 19:00:00+00:00,14.12
8318,2024-12-12 20:00:00+00:00,14.68
8319,2024-12-12 21:00:00+00:00,18.39
8320,2024-12-12 22:00:00+00:00,19.36
8321,2024-12-12 23:00:00+00:00,27.58
8322,2024-12-13 00:00:00+00:00,25.96
8323,2024-12-13 01:00:00+00:00,27.34
8324,2024-12-13 02:00:00+00:00,25.58
8325,2024-12-13 03:00:00+00:00,21.52
8326,2024-12-13 04:00:00+00:00,20.41
8327,2024-12-13 05:00:00+00:00,18.3
8328,2024-12-13 06:00:00+00:00,18.4
8329,2024-12-13 07:00:00+00:00,17.28
8330,2024-12-13 08:00:00+00:00,16.49
8331,2024-12-13 09:00:00+00:00,17.34
8332,2024-12-13 10:00:00+00:00,18.61
8333,2024-12-13 11:00:00+00:00,23.1
8334,2024-12-13 12:00:00+00:00,25.09
8335,2024-12-13 13:00:00+00:00,25.78
8336,2024-12-13 14:00:00+00:00,21.75
8337,2024-12-13 15:00:00+00:00,18.87
8338,2024-12-13 16:00:00+00:00,19.08
8339,2024-12-13 17:00:00+00:00,17.24
8340,2024-12-13 18:00:00+00:00,17.22
8341,2024-12-13 19:00:00+00:00,17.08
8342,2024-12-13 20:00:00+00:00,15.81
8343,2024-12-13 21:00:00+00:00,15.82
8344,2024-12-13 22:00:00+00:00,20.47
8345,2024-12-13 23:00:00+00:00,28.17
8346,2024-12-14 00:00:00+00:00,26.95
8347,2024-12-14 01:00:00+00:00,23.38
8348,2024-12-14 02:00:00+00:00,20.09
8349,2024-12-14 03:00:00+00:00,18.32
8350,2024-12-14 04:00:00+00:00,18.17
8351,2024-12-14 05:00:00+00:00,15.38
8352,2024-12-14 06:00:00+00:00,14.4
8353,2024-12-14 07:00:00+00:00,15.21
8354,2024-12-14 08:00:00+00:00,16.24
8355,2024-12-14 09:00:00+00:00,18.86
8356,2024-12-14 10:00:00+00:00,20.23
8357,2024-12-14 11:00:00+00:00,22.57
8358,2024-12-14 12:00:00+00:00,26.56
8359,2024-12-14 13:00:00+00:00,29.81
8360,2024-12-14 14:00:00+00:00,27.16
8361,2024-12-14 15:00:00+00:00,24.26
8362,2024-12-14 16:00:00+00:00,25.4
8363,2024-12-14 17:00:00+00:00,24.37
8364,2024-12-14 18:00:00+00:00,25.09
8365,2024-12-14 19:00:00+00:00,23.91
8366,2024-12-14 20:00:00+00:00,23.38
8367,2024-12-14 21:00:00+00:00,22.44
8368,2024-12-14 22:00:00+00:00,40.08
8369,2024-12-14 23:00:00+00:00,62.91
8370,2024-12-15 00:00:00+00:00,45.65
8371,2024-12-15 01:00:00+00:00,35.79
8372,2024-12-15 02:00:00+00:00,33.59
8373,2024-12-15 03:00:00+00:00,29.07
8374,2024-12-15 04:00:00+00:00,24.93
8375,2024-12-15 05:00:00+00:00,22.09
8376,2024-12-15 06:00:00+00:00,22.41
8377,2024-12-15 07:00:00+00:00,18.58
8378,2024-12-15 08:00:00+00:00,17.0
8379,2024-12-15 09:00:00+00:00,15.39
8380,2024-12-15 10:00:00+00:00,15.91
8381,2024-12-15 11:00:00+00:00,18.97
8382,2024-12-15 12:00:00+00:00,20.36
8383,2024-12-15 13:00:00+00:00,22.24
8384,2024-12-15 14:00:00+00:00,19.76
8385,2024-12-15 15:00:00+00:00,17.86
8386,2024-12-15 16:00:00+00:00,16.13
8387,2024-12-15 17:00:00+00:00,14.52
8388,2024-12-15 18:00:00+00:00,14.19
8389,2024-12-15 19:00:00+00:00,16.01
8390,2024-12-15 20:00:00+00:00,17.61
8391,2024-12-15 21:00:00+00:00,19.6
8392,2024-12-15 22:00:00+00:00,28.44
8393,2024-12-15 23:00:00+00:00,43.78
8394,2024-12-16 00:00:00+00:00,32.78
8395,2024-12-16 01:00:00+00:00,25.03
8396,2024-12-16 02:00:00+00:00,20.49
8397,2024-12-16 03:00:00+00:00,18.23
8398,2024-12-16 04:00:00+00:00,17.3
8399,2024-12-16 05:00:00+00:00,15.57
8400,2024-12-16 06:00:00+00:00,15.17
8401,2024-12-16 07:00:00+00:00,15.6
8402,2024-12-16 08:00:00+00:00,16.73
8403,2024-12-16 09:00:00+00:00,21.6
8404,2024-12-16 10:00:00+00:00,22.91
8405,2024-12-16 11:00:00+00:00,27.66
8406,2024-12-16 12:00:00+00:00,34.2
8407,2024-12-16 13:00:00+00:00,34.54
8408,2024-12-16 14:00:00+00:00,30.86
8409,2024-12-16 15:00:00+00:00,20.36
8410,2024-12-16 16:00:00+00:00,20.57
8411,2024-12-16 17:00:00+00:00,21.06
8412,2024-12-16 18:00:00+00:00,23.06
8413,2024-12-16 19:00:00+00:00,23.71
8414,2024-12-16 20:00:00+00:00,25.25
8415,2024-12-16 21:00:00+00:00,29.07
8416,2024-12-16 22:00:00+00:00,34.93
8417,2024-12-16 23:00:00+00:00,50.76
8418,2024-12-17 00:00:00+00:00,40.12
8419,2024-12-17 01:00:00+00:00,33.76
8420,2024-12-17 02:00:00+00:00,32.99
8421,2024-12-17 03:00:00+00:00,30.19
8422,2024-12-17 04:00:00+00:00,29.0
8423,2024-12-17 05:00:00+00:00,24.94
8424,2024-12-17 06:00:00+00:00,25.09
8425,2024-12-17 07:00:00+00:00,23.93
8426,2024-12-17 08:00:00+00:00,22.71
8427,2024-12-17 09:00:00+00:00,22.06
8428,2024-12-17 10:00:00+00:00,25.12
8429,2024-12-17 11:00:00+00:00,27.41
8430,2024-12-17 12:00:00+00:00,33.3
8431,2024-12-17 13:00:00+00:00,39.67
8432,2024-12-17 14:00:00+00:00,30.62
8433,2024-12-17 15:00:00+00:00,23.9
8434,2024-12-17 16:00:00+00:00,24.81
8435,2024-12-17 17:00:00+00:00,22.28
8436,2024-12-17 18:00:00+00:00,20.59
8437,2024-12-17 19:00:00+00:00,20.23
8438,2024-12-17 20:00:00+00:00,20.05
8439,2024-12-17 21:00:00+00:00,20.61
8440,2024-12-17 22:00:00+00:00,27.62
8441,2024-12-17 23:00:00+00:00,44.1
8442,2024-12-18 00:00:00+00:00,31.77
8443,2024-12-18 01:00:00+00:00,25.68
8444,2024-12-18 02:00:00+00:00,21.85
8445,2024-12-18 03:00:00+00:00,22.27
8446,2024-12-18 04:00:00+00:00,21.35
8447,2024-12-18 05:00:00+00:00,21.15
8448,2024-12-18 06:00:00+00:00,19.0
8449,2024-12-18 07:00:00+00:00,17.9
8450,2024-12-18 08:00:00+00:00,16.47
8451,2024-12-18 09:00:00+00:00,15.07
8452,2024-12-18 10:00:00+00:00,13.16
8453,2024-12-18 11:00:00+00:00,15.13
8454,2024-12-18 12:00:00+00:00,19.13
8455,2024-12-18 13:00:00+00:00,18.7
8456,2024-12-18 14:00:00+00:00,16.79
8457,2024-12-18 15:00:00+00:00,15.36
8458,2024-12-18 16:00:00+00:00,14.62
8459,2024-12-18 17:00:00+00:00,15.65
8460,2024-12-18 18:00:00+00:00,17.58
8461,2024-12-18 19:00:00+00:00,18.45
8462,2024-12-18 20:00:00+00:00,19.96
8463,2024-12-18 21:00:00+00:00,19.87
8464,2024-12-18 22:00:00+00:00,26.37
8465,2024-12-18 23:00:00+00:00,45.53
8466,2024-12-19 00:00:00+00:00,42.2
8467,2024-12-19 01:00:00+00:00,39.73
8468,2024-12-19 02:00:00+00:00,38.28
8469,2024-12-19 03:00:00+00:00,31.41
8470,2024-12-19 04:00:00+00:00,21.68
8471,2024-12-19 05:00:00+00:00,20.62
8472,2024-12-19 06:00:00+00:00,21.64
8473,2024-12-19 07:00:00+00:00,23.26
8474,2024-12-19 08:00:00+00:00,22.34
8475,2024-12-19 09:00:00+00:00,21.37
8476,2024-12-19 10:00:00+00:00,21.77
8477,2024-12-19 11:00:00+00:00,25.76
8478,2024-12-19 12:00:00+00:00,31.24
8479,2024-12-19 13:00:00+00:00,31.03
8480,2024-12-19 14:00:00+00:00,21.27
8481,2024-12-19 15:00:00+00:00,20.1
8482,2024-12-19 16:00:00+00:00,18.07
8483,2024-12-19 17:00:00+00:00,16.9
8484,2024-12-19 18:00:00+00:00,15.55
8485,2024-12-19 19:00:00+00:00,15.07
8486,2024-12-19 20:00:00+00:00,15.59
8487,2024-12-19 21:00:00+00:00,17.38
8488,2024-12-19 22:00:00+00:00,26.16
8489,2024-12-19 23:00:00+00:00,44.13
8490,2024-12-20 00:00:00+00:00,36.34
8491,2024-12-20 01:00:00+00:00,32.45
8492,2024-12-20 02:00:00+00:00,31.43
8493,2024-12-20 03:00:00+00:00,27.9
8494,2024-12-20 04:00:00+00:00,22.92
8495,2024-12-20 05:00:00+00:00,22.44
8496,2024-12-20 06:00:00+00:00,20.83
8497,2024-12-20 07:00:00+00:00,20.78
8498,2024-12-20 08:00:00+00:00,20.73
8499,2024-12-20 09:00:00+00:00,21.51
8500,2024-12-20 10:00:00+00:00,22.81
8501,2024-12-20 11:00:00+00:00,24.95
8502,2024-12-20 12:00:00+00:00,31.09
8503,2024-12-20 13:00:00+00:00,28.43
8504,2024-12-20 14:00:00+00:00,21.17
8505,2024-12-20 15:00:00+00:00,18.82
8506,2024-12-20 16:00:00+00:00,19.16
8507,2024-12-20 17:00:00+00:00,17.26
8508,2024-12-20 18:00:00+00:00,16.31
8509,2024-12-20 19:00:00+00:00,14.85
8510,2024-12-20 20:00:00+00:00,12.37
8511,2024-12-20 21:00:00+00:00,14.57
8512,2024-12-20 22:00:00+00:00,20.41
8513,2024-12-20 23:00:00+00:00,39.22
8514,2024-12-21 00:00:00+00:00,33.33
8515,2024-12-21 01:00:00+00:00,30.22
8516,2024-12-21 02:00:00+00:00,27.12
8517,2024-12-21 03:00:00+00:00,22.59
8518,2024-12-21 04:00:00+00:00,20.28
8519,2024-12-21 05:00:00+00:00,19.36
8520,2024-12-21 06:00:00+00:00,20.88
8521,2024-12-21 07:00:00+00:00,20.15
8522,2024-12-21 08:00:00+00:00,23.19
8523,2024-12-21 09:00:00+00:00,20.27
8524,2024-12-21 10:00:00+00:00,24.6
8525,2024-12-21 11:00:00+00:00,25.95
8526,2024-12-21 12:00:00+00:00,32.38
8527,2024-12-21 13:00:00+00:00,36.94
8528,2024-12-21 14:00:00+00:00,21.4
8529,2024-12-21 15:00:00+00:00,18.5
8530,2024-12-21 16:00:00+00:00,18.22
8531,2024-12-21 17:00:00+00:00,16.91
8532,2024-12-21 18:00:00+00:00,16.84
8533,2024-12-21 19:00:00+00:00,16.73
8534,2024-12-21 20:00:00+00:00,16.51
8535,2024-12-21 21:00:00+00:00,17.08
8536,2024-12-21 22:00:00+00:00,26.97
8537,2024-12-21 23:00:00+00:00,41.03
8538,2024-12-22 00:00:00+00:00,35.28
8539,2024-12-22 01:00:00+00:00,25.79
8540,2024-12-22 02:00:00+00:00,22.1
8541,2024-12-22 03:00:00+00:00,20.97
8542,2024-12-22 04:00:00+00:00,21.27
8543,2024-12-22 05:00:00+00:00,20.72
8544,2024-12-22 06:00:00+00:00,21.03
8545,2024-12-22 07:00:00+00:00,19.75
8546,2024-12-22 08:00:00+00:00,18.66
8547,2024-12-22 09:00:00+00:00,19.43
8548,2024-12-22 10:00:00+00:00,19.97
8549,2024-12-22 11:00:00+00:00,20.11
8550,2024-12-22 12:00:00+00:00,25.95
8551,2024-12-22 13:00:00+00:00,25.96
8552,2024-12-22 14:00:00+00:00,19.75
8553,2024-12-22 15:00:00+00:00,17.74
8554,2024-12-22 16:00:00+00:00,14.66
8555,2024-12-22 17:00:00+00:00,9.86
8556,2024-12-22 18:00:00+00:00,6.47
8557,2024-12-22 19:00:00+00:00,5.18
8558,2024-12-22 20:00:00+00:00,5.52
8559,2024-12-22 21:00:00+00:00,6.38
8560,2024-12-22 22:00:00+00:00,17.4
8561,2024-12-22 23:00:00+00:00,25.99
8562,2024-12-23 00:00:00+00:00,28.84
8563,2024-12-23 01:00:00+00:00,24.76
8564,2024-12-23 02:00:00+00:00,23.91
8565,2024-12-23 03:00:00+00:00,19.18
8566,2024-12-23 04:00:00+00:00,17.77
8567,2024-12-23 05:00:00+00:00,16.41
8568,2024-12-23 06:00:00+00:00,13.79
8569,2024-12-23 07:00:00+00:00,10.93
8570,2024-12-23 08:00:00+00:00,12.0
8571,2024-12-23 09:00:00+00:00,13.54
8572,2024-12-23 10:00:00+00:00,15.68
8573,2024-12-23 11:00:00+00:00,18.45
8574,2024-12-23 12:00:00+00:00,19.53
8575,2024-12-23 13:00:00+00:00,19.83
8576,2024-12-23 14:00:00+00:00,19.33
8577,2024-12-23 15:00:00+00:00,17.38
8578,2024-12-23 16:00:00+00:00,14.53
8579,2024-12-23 17:00:00+00:00,15.04
8580,2024-12-23 18:00:00+00:00,16.67
8581,2024-12-23 19:00:00+00:00,18.75
8582,2024-12-23 20:00:00+00:00,20.37
8583,2024-12-23 21:00:00+00:00,21.69
8584,2024-12-23 22:00:00+00:00,31.51
8585,2024-12-23 23:00:00+00:00,37.95
8586,2024-12-24 00:00:00+00:00,28.77
8587,2024-12-24 01:00:00+00:00,24.11
8588,2024-12-24 02:00:00+00:00,22.15
8589,2024-12-24 03:00:00+00:00,20.68
8590,2024-12-24 04:00:00+00:00,20.31
8591,2024-12-24 05:00:00+00:00,19.66
8592,2024-12-24 06:00:00+00:00,20.35
8593,2024-12-24 07:00:00+00:00,20.42
8594,2024-12-24 08:00:00+00:00,19.01
8595,2024-12-24 09:00:00+00:00,19.72
8596,2024-12-24 10:00:00+00:00,19.72
8597,2024-12-24 11:00:00+00:00,20.57
8598,2024-12-24 12:00:00+00:00,22.9
8599,2024-12-24 13:00:00+00:00,25.11
8600,2024-12-24 14:00:00+00:00,24.18
8601,2024-12-24 15:00:00+00:00,20.42
8602,2024-12-24 16:00:00+00:00,19.96
8603,2024-12-24 17:00:00+00:00,20.49
8604,2024-12-24 18:00:00+00:00,20.05
8605,2024-12-24 19:00:00+00:00,20.85
8606,2024-12-24 20:00:00+00:00,19.94
8607,2024-12-24 21:00:00+00:00,21.22
8608,2024-12-24 22:00:00+00:00,24.45
8609,2024-12-24 23:00:00+00:00,33.98
8610,2024-12-25 00:00:00+00:00,28.85
8611,2024-12-25 01:00:00+00:00,26.32
8612,2024-12-25 02:00:00+00:00,25.96
8613,2024-12-25 03:00:00+00:00,27.39
8614,2024-12-25 04:00:00+00:00,24.73
8615,2024-12-25 05:00:00+00:00,21.96
8616,2024-12-25 06:00:00+00:00,22.23
8617,2024-12-25 07:00:00+00:00,21.3
8618,2024-12-25 08:00:00+00:00,21.0
8619,2024-12-25 09:00:00+00:00,20.55
8620,2024-12-25 10:00:00+00:00,20.37
8621,2024-12-25 11:00:00+00:00,24.56
8622,2024-12-25 12:00:00+00:00,23.81
8623,2024-12-25 13:00:00+00:00,25.39
8624,2024-12-25 14:00:00+00:00,23.67
8625,2024-12-25 15:00:00+00:00,20.38
8626,2024-12-25 16:00:00+00:00,20.54
8627,2024-12-25 17:00:00+00:00,20.49
8628,2024-12-25 18:00:00+00:00,18.76
8629,2024-12-25 19:00:00+00:00,17.43
8630,2024-12-25 20:00:00+00:00,16.57
8631,2024-12-25 21:00:00+00:00,16.15
8632,2024-12-25 22:00:00+00:00,20.67
8633,2024-12-25 23:00:00+00:00,31.34
8634,2024-12-26 00:00:00+00:00,26.18
8635,2024-12-26 01:00:00+00:00,20.18
8636,2024-12-26 02:00:00+00:00,18.93
8637,2024-12-26 03:00:00+00:00,16.01
8638,2024-12-26 04:00:00+00:00,15.86
8639,2024-12-26 05:00:00+00:00,14.41
8640,2024-12-26 06:00:00+00:00,16.72
8641,2024-12-26 07:00:00+00:00,16.96
8642,2024-12-26 08:00:00+00:00,17.85
8643,2024-12-26 09:00:00+00:00,19.02
8644,2024-12-26 10:00:00+00:00,20.99
8645,2024-12-26 11:00:00+00:00,22.71
8646,2024-12-26 12:00:00+00:00,22.13
8647,2024-12-26 13:00:00+00:00,24.03
8648,2024-12-26 14:00:00+00:00,22.64
8649,2024-12-26 15:00:00+00:00,20.37
8650,2024-12-26 16:00:00+00:00,19.88
8651,2024-12-26 17:00:00+00:00,18.63
8652,2024-12-26 18:00:00+00:00,17.73
8653,2024-12-26 19:00:00+00:00,17.32
8654,2024-12-26 20:00:00+00:00,17.39
8655,2024-12-26 21:00:00+00:00,17.48
8656,2024-12-26 22:00:00+00:00,24.83
8657,2024-12-26 23:00:00+00:00,45.42
8658,2024-12-27 00:00:00+00:00,40.75
8659,2024-12-27 01:00:00+00:00,38.22
8660,2024-12-27 02:00:00+00:00,32.62
8661,2024-12-27 03:00:00+00:00,27.8
8662,2024-12-27 04:00:00+00:00,27.4
8663,2024-12-27 05:00:00+00:00,24.89
8664,2024-12-27 06:00:00+00:00,24.05
8665,2024-12-27 07:00:00+00:00,21.36
8666,2024-12-27 08:00:00+00:00,18.73
8667,2024-12-27 09:00:00+00:00,16.12
8668,2024-12-27 10:00:00+00:00,15.76
8669,2024-12-27 11:00:00+00:00,17.73
8670,2024-12-27 12:00:00+00:00,18.04
8671,2024-12-27 13:00:00+00:00,18.65
8672,2024-12-27 14:00:00+00:00,15.84
8673,2024-12-27 15:00:00+00:00,7.77
8674,2024-12-27 16:00:00+00:00,7.48
8675,2024-12-27 17:00:00+00:00,6.66
8676,2024-12-27 18:00:00+00:00,5.65
8677,2024-12-27 19:00:00+00:00,9.67
8678,2024-12-27 20:00:00+00:00,13.81
8679,2024-12-27 21:00:00+00:00,16.09
8680,2024-12-27 22:00:00+00:00,28.11
8681,2024-12-27 23:00:00+00:00,51.3
8682,2024-12-28 00:00:00+00:00,38.25
8683,2024-12-28 01:00:00+00:00,36.48
8684,2024-12-28 02:00:00+00:00,25.9
8685,2024-12-28 03:00:00+00:00,20.33
8686,2024-12-28 04:00:00+00:00,18.49
8687,2024-12-28 05:00:00+00:00,17.11
8688,2024-12-28 06:00:00+00:00,14.51
8689,2024-12-28 07:00:00+00:00,13.02
8690,2024-12-28 08:00:00+00:00,13.31
8691,2024-12-28 09:00:00+00:00,14.08
8692,2024-12-28 10:00:00+00:00,15.48
8693,2024-12-28 11:00:00+00:00,16.39
8694,2024-12-28 12:00:00+00:00,18.71
8695,2024-12-28 13:00:00+00:00,18.0
8696,2024-12-28 14:00:00+00:00,15.14
8697,2024-12-28 15:00:00+00:00,9.13
8698,2024-12-28 16:00:00+00:00,9.91
8699,2024-12-28 17:00:00+00:00,9.94
8700,2024-12-28 18:00:00+00:00,7.83
8701,2024-12-28 19:00:00+00:00,4.4
8702,2024-12-28 20:00:00+00:00,4.75
8703,2024-12-28 21:00:00+00:00,4.4
8704,2024-12-28 22:00:00+00:00,18.44
8705,2024-12-28 23:00:00+00:00,41.8
8706,2024-12-29 00:00:00+00:00,36.76
8707,2024-12-29 01:00:00+00:00,31.98
8708,2024-12-29 02:00:00+00:00,33.16
8709,2024-12-29 03:00:00+00:00,26.47
8710,2024-12-29 04:00:00+00:00,24.86
8711,2024-12-29 05:00:00+00:00,22.73
8712,2024-12-29 06:00:00+00:00,24.09
8713,2024-12-29 07:00:00+00:00,25.28
8714,2024-12-29 08:00:00+00:00,20.86
8715,2024-12-29 09:00:00+00:00,17.11
8716,2024-12-29 10:00:00+00:00,16.97
8717,2024-12-29 11:00:00+00:00,16.75
8718,2024-12-29 12:00:00+00:00,16.94
8719,2024-12-29 13:00:00+00:00,17.38
8720,2024-12-29 14:00:00+00:00,15.66
8721,2024-12-29 15:00:00+00:00,14.66
8722,2024-12-29 16:00:00+00:00,15.72
8723,2024-12-29 17:00:00+00:00,17.82
8724,2024-12-29 18:00:00+00:00,18.92
8725,2024-12-29 19:00:00+00:00,18.73
8726,2024-12-29 20:00:00+00:00,16.37
8727,2024-12-29 21:00:00+00:00,16.01
8728,2024-12-29 22:00:00+00:00,29.03
8729,2024-12-29 23:00:00+00:00,55.42
8730,2024-12-30 00:00:00+00:00,38.71
8731,2024-12-30 01:00:00+00:00,27.06
8732,2024-12-30 02:00:00+00:00,20.29
8733,2024-12-30 03:00:00+00:00,15.97
8734,2024-12-30 04:00:00+00:00,15.89
8735,2024-12-30 05:00:00+00:00,12.23
8736,2024-12-30 06:00:00+00:00,11.72
8737,2024-12-30 07:00:00+00:00,6.21
8738,2024-12-30 08:00:00+00:00,2.71
8739,2024-12-30 09:00:00+00:00,1.5
8740,2024-12-30 10:00:00+00:00,5.72
8741,2024-12-30 11:00:00+00:00,13.68
8742,2024-12-30 12:00:00+00:00,17.13
8743,2024-12-30 13:00:00+00:00,17.57
8744,2024-12-30 14:00:00+00:00,10.64
8745,2024-12-30 15:00:00+00:00,4.97
8746,2024-12-30 16:00:00+00:00,2.17
8747,2024-12-30 17:00:00+00:00,3.11
8748,2024-12-30 18:00:00+00:00,3.14
8749,2024-12-30 19:00:00+00:00,5.29
8750,2024-12-30 20:00:00+00:00,8.05
8751,2024-12-30 21:00:00+00:00,13.24
8752,2024-12-30 22:00:00+00:00,15.57
8753,2024-12-30 23:00:00+00:00,43.53
8754,2024-12-31 00:00:00+00:00,36.73
8755,2024-12-31 01:00:00+00:00,28.9
8756,2024-12-31 02:00:00+00:00,23.87
8757,2024-12-31 03:00:00+00:00,17.01
8758,2024-12-31 04:00:00+00:00,16.84
8759,2024-12-31 05:00:00+00:00,16.13
8760,2024-12-31 06:00:00+00:00,19.41
8761,2024-12-31 07:00:00+00:00,14.88
8762,2024-12-31 08:00:00+00:00,12.17
8763,2024-12-31 09:00:00+00:00,11.69
8764,2024-12-31 10:00:00+00:00,14.84
8765,2024-12-31 11:00:00+00:00,19.06
8766,2024-12-31 12:00:00+00:00,25.91
8767,2024-12-31 13:00:00+00:00,26.23
8768,2024-12-31 14:00:00+00:00,16.98
8769,2024-12-31 15:00:00+00:00,7.37
8770,2024-12-31 16:00:00+00:00,6.17
8771,2024-12-31 17:00:00+00:00,10.79
8772,2024-12-31 18:00:00+00:00,17.05
8773,2024-12-31 19:00:00+00:00,17.98
8774,2024-12-31 20:00:00+00:00,16.15
8775,2024-12-31 21:00:00+00:00,17.77
8776,2024-12-31 22:00:00+00:00,20.5
8777,2024-12-31 23:00:00+00:00,44.53
8778,2025-01-01 00:00:00+00:00,35.5
8779,2025-01-01 01:00:00+00:00,32.47
8780,2025-01-01 02:00:00+00:00,30.35
8781,2025-01-01 03:00:00+00:00,24.81
8782,2025-01-01 04:00:00+00:00,20.7
8783,2025-01-01 05:00:00+00:00,20.11
