hour,timestamp_local,IT_load_MW
0,2018-01-01 00:00:00,34.03
1,2018-01-01 01:00:00,46.54
2,2018-01-01 02:00:00,39.18
3,2018-01-01 03:00:00,33.92
4,2018-01-01 04:00:00,35.7
5,2018-01-01 05:00:00,33.87
6,2018-01-01 06:00:00,30.79
7,2018-01-01 07:00:00,29.2
8,2018-01-01 08:00:00,27.37
9,2018-01-01 09:00:00,28.78
10,2018-01-01 10:00:00,35.69
11,2018-01-01 11:00:00,48.45
12,2018-01-01 12:00:00,72.32
13,2018-01-01 13:00:00,95.44
14,2018-01-01 14:00:00,107.86
15,2018-01-01 15:00:00,109.9
16,2018-01-01 16:00:00,109.41
17,2018-01-01 17:00:00,103.77
18,2018-01-01 18:00:00,96.56
19,2018-01-01 19:00:00,102.01
20,2018-01-01 20:00:00,107.16
21,2018-01-01 21:00:00,100.46
22,2018-01-01 22:00:00,117.05
23,2018-01-01 23:00:00,139.28
24,2018-01-02 00:00:00,140.99
25,2018-01-02 01:00:00,122.28
26,2018-01-02 02:00:00,81.6
27,2018-01-02 03:00:00,59.12
28,2018-01-02 04:00:00,47.68
29,2018-01-02 05:00:00,42.47
30,2018-01-02 06:00:00,43.22
31,2018-01-02 07:00:00,51.63
32,2018-01-02 08:00:00,69.85
33,2018-01-02 09:00:00,88.99
34,2018-01-02 10:00:00,105.7
35,2018-01-02 11:00:00,100.91
36,2018-01-02 12:00:00,91.96
37,2018-01-02 13:00:00,88.73
38,2018-01-02 14:00:00,96.08
39,2018-01-02 15:00:00,104.74
40,2018-01-02 16:00:00,101.4
41,2018-01-02 17:00:00,86.38
42,2018-01-02 18:00:00,72.74
43,2018-01-02 19:00:00,77.32
44,2018-01-02 20:00:00,100.26
45,2018-01-02 21:00:00,118.26
46,2018-01-02 22:00:00,121.47
47,2018-01-02 23:00:00,102.38
48,2018-01-03 00:00:00,89.84
49,2018-01-03 01:00:00,65.78
50,2018-01-03 02:00:00,43.66
51,2018-01-03 03:00:00,31.72
52,2018-01-03 04:00:00,26.06
53,2018-01-03 05:00:00,24.68
54,2018-01-03 06:00:00,24.86
55,2018-01-03 07:00:00,26.88
56,2018-01-03 08:00:00,28.08
57,2018-01-03 09:00:00,32.83
58,2018-01-03 10:00:00,46.98
59,2018-01-03 11:00:00,54.96
60,2018-01-03 12:00:00,74.41
61,2018-01-03 13:00:00,78.71
62,2018-01-03 14:00:00,87.88
63,2018-01-03 15:00:00,97.83
64,2018-01-03 16:00:00,124.74
65,2018-01-03 17:00:00,140.23
66,2018-01-03 18:00:00,141.17
67,2018-01-03 19:00:00,141.78
68,2018-01-03 20:00:00,141.67
69,2018-01-03 21:00:00,141.17
70,2018-01-03 22:00:00,141.21
71,2018-01-03 23:00:00,140.41
72,2018-01-04 00:00:00,141.3
73,2018-01-04 01:00:00,141.14
74,2018-01-04 02:00:00,141.1
75,2018-01-04 03:00:00,141.22
76,2018-01-04 04:00:00,141.26
77,2018-01-04 05:00:00,141.89
78,2018-01-04 06:00:00,141.14
79,2018-01-04 07:00:00,141.43
80,2018-01-04 08:00:00,141.32
81,2018-01-04 09:00:00,141.5
82,2018-01-04 10:00:00,141.56
83,2018-01-04 11:00:00,141.31
84,2018-01-04 12:00:00,140.81
85,2018-01-04 13:00:00,141.44
86,2018-01-04 14:00:00,140.95
87,2018-01-04 15:00:00,141.16
88,2018-01-04 16:00:00,141.36
89,2018-01-04 17:00:00,141.13
90,2018-01-04 18:00:00,131.64
91,2018-01-04 19:00:00,105.15
92,2018-01-04 20:00:00,103.2
93,2018-01-04 21:00:00,108.69
94,2018-01-04 22:00:00,119.3
95,2018-01-04 23:00:00,119.17
96,2018-01-05 00:00:00,98.38
97,2018-01-05 01:00:00,89.92
98,2018-01-05 02:00:00,90.06
99,2018-01-05 03:00:00,86.36
100,2018-01-05 04:00:00,72.33
101,2018-01-05 05:00:00,51.94
102,2018-01-05 06:00:00,61.91
103,2018-01-05 07:00:00,71.36
104,2018-01-05 08:00:00,71.37
105,2018-01-05 09:00:00,60.03
106,2018-01-05 10:00:00,62.45
107,2018-01-05 11:00:00,69.57
108,2018-01-05 12:00:00,87.09
109,2018-01-05 13:00:00,115.03
110,2018-01-05 14:00:00,131.35
111,2018-01-05 15:00:00,135.46
112,2018-01-05 16:00:00,133.03
113,2018-01-05 17:00:00,132.86
114,2018-01-05 18:00:00,141.15
115,2018-01-05 19:00:00,140.64
116,2018-01-05 20:00:00,140.93
117,2018-01-05 21:00:00,141.62
118,2018-01-05 22:00:00,140.84
119,2018-01-05 23:00:00,140.91
120,2018-01-06 00:00:00,129.69
121,2018-01-06 01:00:00,98.45
122,2018-01-06 02:00:00,86.71
123,2018-01-06 03:00:00,68.24
124,2018-01-06 04:00:00,54.65
125,2018-01-06 05:00:00,46.23
126,2018-01-06 06:00:00,61.59
127,2018-01-06 07:00:00,81.04
128,2018-01-06 08:00:00,105.47
129,2018-01-06 09:00:00,118.28
130,2018-01-06 10:00:00,135.3
131,2018-01-06 11:00:00,140.79
132,2018-01-06 12:00:00,140.42
133,2018-01-06 13:00:00,140.86
134,2018-01-06 14:00:00,141.52
135,2018-01-06 15:00:00,140.72
136,2018-01-06 16:00:00,140.97
137,2018-01-06 17:00:00,140.6
138,2018-01-06 18:00:00,140.95
139,2018-01-06 19:00:00,141.14
140,2018-01-06 20:00:00,140.87
141,2018-01-06 21:00:00,141.07
142,2018-01-06 22:00:00,141.0
143,2018-01-06 23:00:00,140.12
144,2018-01-07 00:00:00,141.31
145,2018-01-07 01:00:00,140.82
146,2018-01-07 02:00:00,140.99
147,2018-01-07 03:00:00,140.76
148,2018-01-07 04:00:00,140.53
149,2018-01-07 05:00:00,141.18
150,2018-01-07 06:00:00,141.27
151,2018-01-07 07:00:00,141.47
152,2018-01-07 08:00:00,140.91
153,2018-01-07 09:00:00,141.22
154,2018-01-07 10:00:00,141.08
155,2018-01-07 11:00:00,141.04
156,2018-01-07 12:00:00,141.28
157,2018-01-07 13:00:00,141.19
158,2018-01-07 14:00:00,141.23
159,2018-01-07 15:00:00,140.92
160,2018-01-07 16:00:00,141.53
161,2018-01-07 17:00:00,141.61
162,2018-01-07 18:00:00,141.33
163,2018-01-07 19:00:00,139.51
164,2018-01-07 20:00:00,100.77
165,2018-01-07 21:00:00,69.25
166,2018-01-07 22:00:00,69.89
167,2018-01-07 23:00:00,71.25
168,2018-01-08 00:00:00,78.09
169,2018-01-08 01:00:00,59.87
170,2018-01-08 02:00:00,44.8
171,2018-01-08 03:00:00,38.24
172,2018-01-08 04:00:00,33.93
173,2018-01-08 05:00:00,33.13
174,2018-01-08 06:00:00,31.34
175,2018-01-08 07:00:00,29.99
176,2018-01-08 08:00:00,28.54
177,2018-01-08 09:00:00,30.01
178,2018-01-08 10:00:00,37.26
179,2018-01-08 11:00:00,45.8
180,2018-01-08 12:00:00,67.7
181,2018-01-08 13:00:00,84.64
182,2018-01-08 14:00:00,108.56
183,2018-01-08 15:00:00,113.3
184,2018-01-08 16:00:00,113.65
185,2018-01-08 17:00:00,106.86
186,2018-01-08 18:00:00,98.48
187,2018-01-08 19:00:00,101.06
188,2018-01-08 20:00:00,104.09
189,2018-01-08 21:00:00,101.9
190,2018-01-08 22:00:00,119.98
191,2018-01-08 23:00:00,140.42
192,2018-01-09 00:00:00,141.29
193,2018-01-09 01:00:00,126.74
194,2018-01-09 02:00:00,84.22
195,2018-01-09 03:00:00,60.36
196,2018-01-09 04:00:00,48.69
197,2018-01-09 05:00:00,45.71
198,2018-01-09 06:00:00,46.69
199,2018-01-09 07:00:00,49.93
200,2018-01-09 08:00:00,70.26
201,2018-01-09 09:00:00,86.58
202,2018-01-09 10:00:00,103.35
203,2018-01-09 11:00:00,97.43
204,2018-01-09 12:00:00,90.44
205,2018-01-09 13:00:00,89.28
206,2018-01-09 14:00:00,95.5
207,2018-01-09 15:00:00,101.3
208,2018-01-09 16:00:00,99.54
209,2018-01-09 17:00:00,93.78
210,2018-01-09 18:00:00,78.05
211,2018-01-09 19:00:00,80.31
212,2018-01-09 20:00:00,100.81
213,2018-01-09 21:00:00,115.13
214,2018-01-09 22:00:00,118.09
215,2018-01-09 23:00:00,97.91
216,2018-01-10 00:00:00,84.08
217,2018-01-10 01:00:00,64.81
218,2018-01-10 02:00:00,44.54
219,2018-01-10 03:00:00,31.81
220,2018-01-10 04:00:00,26.06
221,2018-01-10 05:00:00,24.61
222,2018-01-10 06:00:00,24.77
223,2018-01-10 07:00:00,25.11
224,2018-01-10 08:00:00,28.64
225,2018-01-10 09:00:00,33.24
226,2018-01-10 10:00:00,44.3
227,2018-01-10 11:00:00,56.23
228,2018-01-10 12:00:00,66.71
229,2018-01-10 13:00:00,74.99
230,2018-01-10 14:00:00,85.28
231,2018-01-10 15:00:00,101.69
232,2018-01-10 16:00:00,129.77
233,2018-01-10 17:00:00,140.04
234,2018-01-10 18:00:00,140.24
235,2018-01-10 19:00:00,140.67
236,2018-01-10 20:00:00,141.57
237,2018-01-10 21:00:00,141.72
238,2018-01-10 22:00:00,141.26
239,2018-01-10 23:00:00,141.92
240,2018-01-11 00:00:00,141.65
241,2018-01-11 01:00:00,142.19
242,2018-01-11 02:00:00,140.38
243,2018-01-11 03:00:00,141.05
244,2018-01-11 04:00:00,140.86
245,2018-01-11 05:00:00,140.97
246,2018-01-11 06:00:00,141.08
247,2018-01-11 07:00:00,140.52
248,2018-01-11 08:00:00,140.85
249,2018-01-11 09:00:00,140.83
250,2018-01-11 10:00:00,141.3
251,2018-01-11 11:00:00,140.47
252,2018-01-11 12:00:00,141.3
253,2018-01-11 13:00:00,141.18
254,2018-01-11 14:00:00,141.07
255,2018-01-11 15:00:00,141.5
256,2018-01-11 16:00:00,140.56
257,2018-01-11 17:00:00,139.64
258,2018-01-11 18:00:00,116.22
259,2018-01-11 19:00:00,97.76
260,2018-01-11 20:00:00,104.1
261,2018-01-11 21:00:00,111.01
262,2018-01-11 22:00:00,125.02
263,2018-01-11 23:00:00,125.38
264,2018-01-12 00:00:00,100.49
265,2018-01-12 01:00:00,88.82
266,2018-01-12 02:00:00,89.57
267,2018-01-12 03:00:00,84.72
268,2018-01-12 04:00:00,67.51
269,2018-01-12 05:00:00,52.34
270,2018-01-12 06:00:00,62.85
271,2018-01-12 07:00:00,77.24
272,2018-01-12 08:00:00,76.93
273,2018-01-12 09:00:00,64.72
274,2018-01-12 10:00:00,58.9
275,2018-01-12 11:00:00,67.79
276,2018-01-12 12:00:00,93.71
277,2018-01-12 13:00:00,118.32
278,2018-01-12 14:00:00,129.23
279,2018-01-12 15:00:00,133.15
280,2018-01-12 16:00:00,125.81
281,2018-01-12 17:00:00,131.76
282,2018-01-12 18:00:00,141.34
283,2018-01-12 19:00:00,141.3
284,2018-01-12 20:00:00,141.33
285,2018-01-12 21:00:00,140.38
286,2018-01-12 22:00:00,141.37
287,2018-01-12 23:00:00,141.21
288,2018-01-13 00:00:00,127.8
289,2018-01-13 01:00:00,100.07
290,2018-01-13 02:00:00,88.05
291,2018-01-13 03:00:00,70.19
292,2018-01-13 04:00:00,52.27
293,2018-01-13 05:00:00,41.93
294,2018-01-13 06:00:00,61.54
295,2018-01-13 07:00:00,83.44
296,2018-01-13 08:00:00,100.29
297,2018-01-13 09:00:00,119.28
298,2018-01-13 10:00:00,137.12
299,2018-01-13 11:00:00,140.65
300,2018-01-13 12:00:00,140.87
301,2018-01-13 13:00:00,141.23
302,2018-01-13 14:00:00,141.47
303,2018-01-13 15:00:00,141.6
304,2018-01-13 16:00:00,141.01
305,2018-01-13 17:00:00,141.23
306,2018-01-13 18:00:00,141.46
307,2018-01-13 19:00:00,140.77
308,2018-01-13 20:00:00,140.93
309,2018-01-13 21:00:00,141.78
310,2018-01-13 22:00:00,142.03
311,2018-01-13 23:00:00,141.27
312,2018-01-14 00:00:00,141.15
313,2018-01-14 01:00:00,141.45
314,2018-01-14 02:00:00,142.01
315,2018-01-14 03:00:00,141.7
316,2018-01-14 04:00:00,141.44
317,2018-01-14 05:00:00,140.99
318,2018-01-14 06:00:00,140.31
319,2018-01-14 07:00:00,141.8
320,2018-01-14 08:00:00,141.09
321,2018-01-14 09:00:00,141.41
322,2018-01-14 10:00:00,141.04
323,2018-01-14 11:00:00,141.28
324,2018-01-14 12:00:00,141.53
325,2018-01-14 13:00:00,141.15
326,2018-01-14 14:00:00,141.09
327,2018-01-14 15:00:00,140.33
328,2018-01-14 16:00:00,141.23
329,2018-01-14 17:00:00,141.64
330,2018-01-14 18:00:00,140.63
331,2018-01-14 19:00:00,114.35
332,2018-01-14 20:00:00,80.05
333,2018-01-14 21:00:00,72.85
334,2018-01-14 22:00:00,68.78
335,2018-01-14 23:00:00,70.39
336,2018-01-15 00:00:00,75.69
337,2018-01-15 01:00:00,55.9
338,2018-01-15 02:00:00,45.27
339,2018-01-15 03:00:00,36.54
340,2018-01-15 04:00:00,33.66
341,2018-01-15 05:00:00,33.03
342,2018-01-15 06:00:00,30.65
343,2018-01-15 07:00:00,28.68
344,2018-01-15 08:00:00,27.1
345,2018-01-15 09:00:00,30.42
346,2018-01-15 10:00:00,37.16
347,2018-01-15 11:00:00,45.78
348,2018-01-15 12:00:00,69.56
349,2018-01-15 13:00:00,92.44
350,2018-01-15 14:00:00,109.93
351,2018-01-15 15:00:00,109.91
352,2018-01-15 16:00:00,111.74
353,2018-01-15 17:00:00,104.08
354,2018-01-15 18:00:00,92.86
355,2018-01-15 19:00:00,93.13
356,2018-01-15 20:00:00,99.27
357,2018-01-15 21:00:00,102.22
358,2018-01-15 22:00:00,114.17
359,2018-01-15 23:00:00,135.43
360,2018-01-16 00:00:00,140.54
361,2018-01-16 01:00:00,118.44
362,2018-01-16 02:00:00,80.32
363,2018-01-16 03:00:00,60.42
364,2018-01-16 04:00:00,48.62
365,2018-01-16 05:00:00,44.66
366,2018-01-16 06:00:00,43.0
367,2018-01-16 07:00:00,49.73
368,2018-01-16 08:00:00,70.16
369,2018-01-16 09:00:00,88.35
370,2018-01-16 10:00:00,98.01
371,2018-01-16 11:00:00,92.69
372,2018-01-16 12:00:00,85.2
373,2018-01-16 13:00:00,85.93
374,2018-01-16 14:00:00,94.23
375,2018-01-16 15:00:00,101.95
376,2018-01-16 16:00:00,94.03
377,2018-01-16 17:00:00,85.66
378,2018-01-16 18:00:00,75.16
379,2018-01-16 19:00:00,74.71
380,2018-01-16 20:00:00,94.13
381,2018-01-16 21:00:00,111.48
382,2018-01-16 22:00:00,116.29
383,2018-01-16 23:00:00,90.97
384,2018-01-17 00:00:00,76.29
385,2018-01-17 01:00:00,62.75
386,2018-01-17 02:00:00,44.08
387,2018-01-17 03:00:00,32.16
388,2018-01-17 04:00:00,26.49
389,2018-01-17 05:00:00,25.13
390,2018-01-17 06:00:00,24.58
391,2018-01-17 07:00:00,25.4
392,2018-01-17 08:00:00,29.1
393,2018-01-17 09:00:00,32.78
394,2018-01-17 10:00:00,47.66
395,2018-01-17 11:00:00,58.17
396,2018-01-17 12:00:00,65.63
397,2018-01-17 13:00:00,70.85
398,2018-01-17 14:00:00,89.7
399,2018-01-17 15:00:00,97.49
400,2018-01-17 16:00:00,118.7
401,2018-01-17 17:00:00,137.63
402,2018-01-17 18:00:00,141.85
403,2018-01-17 19:00:00,141.64
404,2018-01-17 20:00:00,141.32
405,2018-01-17 21:00:00,140.23
406,2018-01-17 22:00:00,140.89
407,2018-01-17 23:00:00,141.26
408,2018-01-18 00:00:00,141.2
409,2018-01-18 01:00:00,141.21
410,2018-01-18 02:00:00,141.28
411,2018-01-18 03:00:00,140.5
412,2018-01-18 04:00:00,140.94
413,2018-01-18 05:00:00,140.02
414,2018-01-18 06:00:00,141.01
415,2018-01-18 07:00:00,141.23
416,2018-01-18 08:00:00,140.54
417,2018-01-18 09:00:00,129.61
418,2018-01-18 10:00:00,110.96
419,2018-01-18 11:00:00,126.59
420,2018-01-18 12:00:00,135.07
421,2018-01-18 13:00:00,131.71
422,2018-01-18 14:00:00,128.84
423,2018-01-18 15:00:00,126.46
424,2018-01-18 16:00:00,112.19
425,2018-01-18 17:00:00,98.27
426,2018-01-18 18:00:00,91.93
427,2018-01-18 19:00:00,88.78
428,2018-01-18 20:00:00,97.34
429,2018-01-18 21:00:00,101.45
430,2018-01-18 22:00:00,110.97
431,2018-01-18 23:00:00,109.25
432,2018-01-19 00:00:00,92.94
433,2018-01-19 01:00:00,82.03
434,2018-01-19 02:00:00,87.33
435,2018-01-19 03:00:00,82.8
436,2018-01-19 04:00:00,68.96
437,2018-01-19 05:00:00,51.68
438,2018-01-19 06:00:00,55.95
439,2018-01-19 07:00:00,72.31
440,2018-01-19 08:00:00,65.12
441,2018-01-19 09:00:00,57.23
442,2018-01-19 10:00:00,55.11
443,2018-01-19 11:00:00,65.56
444,2018-01-19 12:00:00,88.86
445,2018-01-19 13:00:00,108.14
446,2018-01-19 14:00:00,123.37
447,2018-01-19 15:00:00,132.05
448,2018-01-19 16:00:00,119.1
449,2018-01-19 17:00:00,116.32
450,2018-01-19 18:00:00,131.4
451,2018-01-19 19:00:00,141.02
452,2018-01-19 20:00:00,141.35
453,2018-01-19 21:00:00,137.95
454,2018-01-19 22:00:00,124.69
455,2018-01-19 23:00:00,126.49
456,2018-01-20 00:00:00,109.07
457,2018-01-20 01:00:00,80.98
458,2018-01-20 02:00:00,73.47
459,2018-01-20 03:00:00,62.28
460,2018-01-20 04:00:00,47.45
461,2018-01-20 05:00:00,42.27
462,2018-01-20 06:00:00,53.17
463,2018-01-20 07:00:00,72.58
464,2018-01-20 08:00:00,94.84
465,2018-01-20 09:00:00,109.25
466,2018-01-20 10:00:00,134.52
467,2018-01-20 11:00:00,141.48
468,2018-01-20 12:00:00,141.24
469,2018-01-20 13:00:00,141.18
470,2018-01-20 14:00:00,141.17
471,2018-01-20 15:00:00,141.04
472,2018-01-20 16:00:00,141.8
473,2018-01-20 17:00:00,140.95
474,2018-01-20 18:00:00,140.58
475,2018-01-20 19:00:00,141.07
476,2018-01-20 20:00:00,140.55
477,2018-01-20 21:00:00,140.88
478,2018-01-20 22:00:00,140.71
479,2018-01-20 23:00:00,140.33
480,2018-01-21 00:00:00,140.59
481,2018-01-21 01:00:00,141.03
482,2018-01-21 02:00:00,141.32
483,2018-01-21 03:00:00,140.9
484,2018-01-21 04:00:00,139.48
485,2018-01-21 05:00:00,139.67
486,2018-01-21 06:00:00,141.12
487,2018-01-21 07:00:00,141.35
488,2018-01-21 08:00:00,140.81
489,2018-01-21 09:00:00,140.49
490,2018-01-21 10:00:00,141.09
491,2018-01-21 11:00:00,140.47
492,2018-01-21 12:00:00,125.78
493,2018-01-21 13:00:00,90.7
494,2018-01-21 14:00:00,74.69
495,2018-01-21 15:00:00,72.74
496,2018-01-21 16:00:00,80.88
497,2018-01-21 17:00:00,101.34
498,2018-01-21 18:00:00,104.13
499,2018-01-21 19:00:00,83.11
500,2018-01-21 20:00:00,64.95
501,2018-01-21 21:00:00,63.91
502,2018-01-21 22:00:00,62.1
503,2018-01-21 23:00:00,65.45
504,2018-01-22 00:00:00,77.71
505,2018-01-22 01:00:00,56.41
506,2018-01-22 02:00:00,42.54
507,2018-01-22 03:00:00,35.65
508,2018-01-22 04:00:00,33.2
509,2018-01-22 05:00:00,30.86
510,2018-01-22 06:00:00,30.26
511,2018-01-22 07:00:00,27.42
512,2018-01-22 08:00:00,27.42
513,2018-01-22 09:00:00,29.31
514,2018-01-22 10:00:00,37.62
515,2018-01-22 11:00:00,45.57
516,2018-01-22 12:00:00,67.4
517,2018-01-22 13:00:00,86.69
518,2018-01-22 14:00:00,100.89
519,2018-01-22 15:00:00,99.22
520,2018-01-22 16:00:00,99.33
521,2018-01-22 17:00:00,92.69
522,2018-01-22 18:00:00,87.76
523,2018-01-22 19:00:00,87.69
524,2018-01-22 20:00:00,94.22
525,2018-01-22 21:00:00,91.5
526,2018-01-22 22:00:00,99.94
527,2018-01-22 23:00:00,127.7
528,2018-01-23 00:00:00,131.24
529,2018-01-23 01:00:00,105.57
530,2018-01-23 02:00:00,77.95
531,2018-01-23 03:00:00,53.85
532,2018-01-23 04:00:00,43.93
533,2018-01-23 05:00:00,43.37
534,2018-01-23 06:00:00,42.86
535,2018-01-23 07:00:00,46.82
536,2018-01-23 08:00:00,66.01
537,2018-01-23 09:00:00,80.43
538,2018-01-23 10:00:00,88.72
539,2018-01-23 11:00:00,87.84
540,2018-01-23 12:00:00,78.25
541,2018-01-23 13:00:00,74.81
542,2018-01-23 14:00:00,83.88
543,2018-01-23 15:00:00,92.95
544,2018-01-23 16:00:00,87.92
545,2018-01-23 17:00:00,81.28
546,2018-01-23 18:00:00,65.66
547,2018-01-23 19:00:00,66.79
548,2018-01-23 20:00:00,89.18
549,2018-01-23 21:00:00,102.63
550,2018-01-23 22:00:00,104.58
551,2018-01-23 23:00:00,87.75
552,2018-01-24 00:00:00,76.5
553,2018-01-24 01:00:00,57.39
554,2018-01-24 02:00:00,42.64
555,2018-01-24 03:00:00,31.42
556,2018-01-24 04:00:00,25.54
557,2018-01-24 05:00:00,24.38
558,2018-01-24 06:00:00,24.52
559,2018-01-24 07:00:00,25.28
560,2018-01-24 08:00:00,27.91
561,2018-01-24 09:00:00,31.7
562,2018-01-24 10:00:00,42.27
563,2018-01-24 11:00:00,50.42
564,2018-01-24 12:00:00,63.97
565,2018-01-24 13:00:00,68.53
566,2018-01-24 14:00:00,80.26
567,2018-01-24 15:00:00,90.76
568,2018-01-24 16:00:00,111.06
569,2018-01-24 17:00:00,128.47
570,2018-01-24 18:00:00,141.48
571,2018-01-24 19:00:00,141.84
572,2018-01-24 20:00:00,141.61
573,2018-01-24 21:00:00,141.05
574,2018-01-24 22:00:00,141.71
575,2018-01-24 23:00:00,141.95
576,2018-01-25 00:00:00,141.29
577,2018-01-25 01:00:00,140.68
578,2018-01-25 02:00:00,141.21
579,2018-01-25 03:00:00,141.46
580,2018-01-25 04:00:00,141.67
581,2018-01-25 05:00:00,140.6
582,2018-01-25 06:00:00,140.01
583,2018-01-25 07:00:00,88.19
584,2018-01-25 08:00:00,63.16
585,2018-01-25 09:00:00,77.22
586,2018-01-25 10:00:00,90.85
587,2018-01-25 11:00:00,111.57
588,2018-01-25 12:00:00,116.7
589,2018-01-25 13:00:00,122.25
590,2018-01-25 14:00:00,121.01
591,2018-01-25 15:00:00,115.26
592,2018-01-25 16:00:00,99.46
593,2018-01-25 17:00:00,92.96
594,2018-01-25 18:00:00,88.45
595,2018-01-25 19:00:00,83.86
596,2018-01-25 20:00:00,87.36
597,2018-01-25 21:00:00,96.84
598,2018-01-25 22:00:00,105.44
599,2018-01-25 23:00:00,100.29
600,2018-01-26 00:00:00,84.81
601,2018-01-26 01:00:00,76.17
602,2018-01-26 02:00:00,80.37
603,2018-01-26 03:00:00,74.6
604,2018-01-26 04:00:00,62.6
605,2018-01-26 05:00:00,48.51
606,2018-01-26 06:00:00,55.86
607,2018-01-26 07:00:00,62.04
608,2018-01-26 08:00:00,63.02
609,2018-01-26 09:00:00,55.15
610,2018-01-26 10:00:00,54.12
611,2018-01-26 11:00:00,58.9
612,2018-01-26 12:00:00,74.6
613,2018-01-26 13:00:00,98.27
614,2018-01-26 14:00:00,115.82
615,2018-01-26 15:00:00,112.25
616,2018-01-26 16:00:00,106.42
617,2018-01-26 17:00:00,111.74
618,2018-01-26 18:00:00,127.55
619,2018-01-26 19:00:00,138.85
620,2018-01-26 20:00:00,129.66
621,2018-01-26 21:00:00,107.71
622,2018-01-26 22:00:00,103.36
623,2018-01-26 23:00:00,111.18
624,2018-01-27 00:00:00,94.47
625,2018-01-27 01:00:00,76.32
626,2018-01-27 02:00:00,69.25
627,2018-01-27 03:00:00,59.65
628,2018-01-27 04:00:00,49.94
629,2018-01-27 05:00:00,43.45
630,2018-01-27 06:00:00,52.98
631,2018-01-27 07:00:00,71.22
632,2018-01-27 08:00:00,83.76
633,2018-01-27 09:00:00,99.53
634,2018-01-27 10:00:00,116.78
635,2018-01-27 11:00:00,126.11
636,2018-01-27 12:00:00,128.36
637,2018-01-27 13:00:00,136.33
638,2018-01-27 14:00:00,140.81
639,2018-01-27 15:00:00,141.01
640,2018-01-27 16:00:00,141.19
641,2018-01-27 17:00:00,140.75
642,2018-01-27 18:00:00,141.19
643,2018-01-27 19:00:00,141.26
644,2018-01-27 20:00:00,140.95
645,2018-01-27 21:00:00,141.54
646,2018-01-27 22:00:00,141.23
647,2018-01-27 23:00:00,141.5
648,2018-01-28 00:00:00,141.16
649,2018-01-28 01:00:00,141.14
650,2018-01-28 02:00:00,141.51
651,2018-01-28 03:00:00,141.7
652,2018-01-28 04:00:00,140.97
653,2018-01-28 05:00:00,140.43
654,2018-01-28 06:00:00,140.9
655,2018-01-28 07:00:00,139.02
656,2018-01-28 08:00:00,104.49
657,2018-01-28 09:00:00,82.84
658,2018-01-28 10:00:00,77.68
659,2018-01-28 11:00:00,65.4
660,2018-01-28 12:00:00,72.27
661,2018-01-28 13:00:00,69.1
662,2018-01-28 14:00:00,66.65
663,2018-01-28 15:00:00,66.21
664,2018-01-28 16:00:00,78.01
665,2018-01-28 17:00:00,89.83
666,2018-01-28 18:00:00,85.71
667,2018-01-28 19:00:00,74.97
668,2018-01-28 20:00:00,58.74
669,2018-01-28 21:00:00,52.69
670,2018-01-28 22:00:00,55.57
671,2018-01-28 23:00:00,60.49
672,2018-01-29 00:00:00,63.83
673,2018-01-29 01:00:00,48.02
674,2018-01-29 02:00:00,38.66
675,2018-01-29 03:00:00,34.23
676,2018-01-29 04:00:00,32.4
677,2018-01-29 05:00:00,29.78
678,2018-01-29 06:00:00,28.67
679,2018-01-29 07:00:00,27.22
680,2018-01-29 08:00:00,26.94
681,2018-01-29 09:00:00,29.12
682,2018-01-29 10:00:00,33.62
683,2018-01-29 11:00:00,40.23
684,2018-01-29 12:00:00,57.52
685,2018-01-29 13:00:00,78.27
686,2018-01-29 14:00:00,95.36
687,2018-01-29 15:00:00,93.03
688,2018-01-29 16:00:00,90.29
689,2018-01-29 17:00:00,87.31
690,2018-01-29 18:00:00,81.45
691,2018-01-29 19:00:00,80.29
692,2018-01-29 20:00:00,80.1
693,2018-01-29 21:00:00,81.69
694,2018-01-29 22:00:00,95.91
695,2018-01-29 23:00:00,113.73
696,2018-01-30 00:00:00,121.53
697,2018-01-30 01:00:00,97.99
698,2018-01-30 02:00:00,71.74
699,2018-01-30 03:00:00,49.17
700,2018-01-30 04:00:00,44.17
701,2018-01-30 05:00:00,39.92
702,2018-01-30 06:00:00,41.11
703,2018-01-30 07:00:00,45.12
704,2018-01-30 08:00:00,58.38
705,2018-01-30 09:00:00,72.43
706,2018-01-30 10:00:00,82.02
707,2018-01-30 11:00:00,77.02
708,2018-01-30 12:00:00,74.8
709,2018-01-30 13:00:00,73.28
710,2018-01-30 14:00:00,81.14
711,2018-01-30 15:00:00,83.76
712,2018-01-30 16:00:00,85.39
713,2018-01-30 17:00:00,74.58
714,2018-01-30 18:00:00,61.82
715,2018-01-30 19:00:00,62.26
716,2018-01-30 20:00:00,78.09
717,2018-01-30 21:00:00,88.93
718,2018-01-30 22:00:00,95.07
719,2018-01-30 23:00:00,81.24
720,2018-01-31 00:00:00,68.68
721,2018-01-31 01:00:00,54.06
722,2018-01-31 02:00:00,39.61
723,2018-01-31 03:00:00,30.29
724,2018-01-31 04:00:00,25.59
725,2018-01-31 05:00:00,24.37
726,2018-01-31 06:00:00,24.39
727,2018-01-31 07:00:00,25.09
728,2018-01-31 08:00:00,25.71
729,2018-01-31 09:00:00,29.6
730,2018-01-31 10:00:00,39.65
731,2018-01-31 11:00:00,50.61
732,2018-01-31 12:00:00,60.57
733,2018-01-31 13:00:00,63.9
734,2018-01-31 14:00:00,71.5
735,2018-01-31 15:00:00,77.76
736,2018-01-31 16:00:00,96.96
737,2018-01-31 17:00:00,117.89
738,2018-01-31 18:00:00,140.32
739,2018-01-31 19:00:00,141.07
740,2018-01-31 20:00:00,141.89
741,2018-01-31 21:00:00,141.72
742,2018-01-31 22:00:00,141.55
743,2018-01-31 23:00:00,141.3
744,2018-02-01 00:00:00,141.06
745,2018-02-01 01:00:00,141.16
746,2018-02-01 02:00:00,141.13
747,2018-02-01 03:00:00,140.56
748,2018-02-01 04:00:00,140.89
749,2018-02-01 05:00:00,113.07
750,2018-02-01 06:00:00,54.15
751,2018-02-01 07:00:00,42.24
752,2018-02-01 08:00:00,45.45
753,2018-02-01 09:00:00,59.06
754,2018-02-01 10:00:00,81.8
755,2018-02-01 11:00:00,100.19
756,2018-02-01 12:00:00,107.37
757,2018-02-01 13:00:00,102.21
758,2018-02-01 14:00:00,99.19
759,2018-02-01 15:00:00,101.0
760,2018-02-01 16:00:00,97.68
761,2018-02-01 17:00:00,89.83
762,2018-02-01 18:00:00,80.55
763,2018-02-01 19:00:00,74.82
764,2018-02-01 20:00:00,79.49
765,2018-02-01 21:00:00,84.02
766,2018-02-01 22:00:00,89.91
767,2018-02-01 23:00:00,94.32
768,2018-02-02 00:00:00,73.23
769,2018-02-02 01:00:00,65.93
770,2018-02-02 02:00:00,72.12
771,2018-02-02 03:00:00,72.46
772,2018-02-02 04:00:00,54.69
773,2018-02-02 05:00:00,42.2
774,2018-02-02 06:00:00,53.62
775,2018-02-02 07:00:00,62.43
776,2018-02-02 08:00:00,60.62
777,2018-02-02 09:00:00,50.44
778,2018-02-02 10:00:00,49.53
779,2018-02-02 11:00:00,58.44
780,2018-02-02 12:00:00,70.45
781,2018-02-02 13:00:00,88.69
782,2018-02-02 14:00:00,98.33
783,2018-02-02 15:00:00,104.55
784,2018-02-02 16:00:00,99.19
785,2018-02-02 17:00:00,102.15
786,2018-02-02 18:00:00,115.25
787,2018-02-02 19:00:00,121.9
788,2018-02-02 20:00:00,118.69
789,2018-02-02 21:00:00,102.85
790,2018-02-02 22:00:00,95.21
791,2018-02-02 23:00:00,92.82
792,2018-02-03 00:00:00,80.71
793,2018-02-03 01:00:00,65.94
794,2018-02-03 02:00:00,61.24
795,2018-02-03 03:00:00,52.29
796,2018-02-03 04:00:00,44.43
797,2018-02-03 05:00:00,37.88
798,2018-02-03 06:00:00,46.28
799,2018-02-03 07:00:00,62.33
800,2018-02-03 08:00:00,74.24
801,2018-02-03 09:00:00,88.94
802,2018-02-03 10:00:00,101.68
803,2018-02-03 11:00:00,113.35
804,2018-02-03 12:00:00,114.53
805,2018-02-03 13:00:00,122.5
806,2018-02-03 14:00:00,138.95
807,2018-02-03 15:00:00,139.91
808,2018-02-03 16:00:00,141.49
809,2018-02-03 17:00:00,140.74
810,2018-02-03 18:00:00,140.91
811,2018-02-03 19:00:00,141.04
812,2018-02-03 20:00:00,140.41
813,2018-02-03 21:00:00,140.66
814,2018-02-03 22:00:00,141.26
815,2018-02-03 23:00:00,118.07
816,2018-02-04 00:00:00,127.65
817,2018-02-04 01:00:00,141.23
818,2018-02-04 02:00:00,141.27
819,2018-02-04 03:00:00,140.9
820,2018-02-04 04:00:00,133.59
821,2018-02-04 05:00:00,88.29
822,2018-02-04 06:00:00,71.06
823,2018-02-04 07:00:00,67.64
824,2018-02-04 08:00:00,66.55
825,2018-02-04 09:00:00,66.56
826,2018-02-04 10:00:00,67.44
827,2018-02-04 11:00:00,64.98
828,2018-02-04 12:00:00,65.44
829,2018-02-04 13:00:00,64.32
830,2018-02-04 14:00:00,63.7
831,2018-02-04 15:00:00,61.33
832,2018-02-04 16:00:00,70.31
833,2018-02-04 17:00:00,85.15
834,2018-02-04 18:00:00,81.3
835,2018-02-04 19:00:00,66.65
836,2018-02-04 20:00:00,53.94
837,2018-02-04 21:00:00,52.4
838,2018-02-04 22:00:00,55.01
839,2018-02-04 23:00:00,56.15
840,2018-02-05 00:00:00,63.03
841,2018-02-05 01:00:00,48.75
842,2018-02-05 02:00:00,38.44
843,2018-02-05 03:00:00,32.58
844,2018-02-05 04:00:00,31.79
845,2018-02-05 05:00:00,30.64
846,2018-02-05 06:00:00,29.93
847,2018-02-05 07:00:00,27.14
848,2018-02-05 08:00:00,26.11
849,2018-02-05 09:00:00,27.99
850,2018-02-05 10:00:00,31.8
851,2018-02-05 11:00:00,40.86
852,2018-02-05 12:00:00,53.9
853,2018-02-05 13:00:00,67.17
854,2018-02-05 14:00:00,81.83
855,2018-02-05 15:00:00,84.88
856,2018-02-05 16:00:00,81.19
857,2018-02-05 17:00:00,80.06
858,2018-02-05 18:00:00,75.2
859,2018-02-05 19:00:00,73.0
860,2018-02-05 20:00:00,75.35
861,2018-02-05 21:00:00,73.04
862,2018-02-05 22:00:00,85.32
863,2018-02-05 23:00:00,103.42
864,2018-02-06 00:00:00,109.16
865,2018-02-06 01:00:00,90.78
866,2018-02-06 02:00:00,62.5
867,2018-02-06 03:00:00,45.12
868,2018-02-06 04:00:00,38.04
869,2018-02-06 05:00:00,38.15
870,2018-02-06 06:00:00,36.96
871,2018-02-06 07:00:00,42.62
872,2018-02-06 08:00:00,55.85
873,2018-02-06 09:00:00,66.76
874,2018-02-06 10:00:00,75.74
875,2018-02-06 11:00:00,68.49
876,2018-02-06 12:00:00,62.54
877,2018-02-06 13:00:00,62.08
878,2018-02-06 14:00:00,69.33
879,2018-02-06 15:00:00,76.82
880,2018-02-06 16:00:00,77.09
881,2018-02-06 17:00:00,69.02
882,2018-02-06 18:00:00,56.58
883,2018-02-06 19:00:00,59.38
884,2018-02-06 20:00:00,74.58
885,2018-02-06 21:00:00,85.19
886,2018-02-06 22:00:00,81.67
887,2018-02-06 23:00:00,73.01
888,2018-02-07 00:00:00,61.59
889,2018-02-07 01:00:00,47.64
890,2018-02-07 02:00:00,36.87
891,2018-02-07 03:00:00,28.45
892,2018-02-07 04:00:00,25.6
893,2018-02-07 05:00:00,24.48
894,2018-02-07 06:00:00,24.1
895,2018-02-07 07:00:00,25.46
896,2018-02-07 08:00:00,27.1
897,2018-02-07 09:00:00,29.69
898,2018-02-07 10:00:00,36.75
899,2018-02-07 11:00:00,45.07
900,2018-02-07 12:00:00,54.07
901,2018-02-07 13:00:00,56.78
902,2018-02-07 14:00:00,63.22
903,2018-02-07 15:00:00,72.22
904,2018-02-07 16:00:00,86.11
905,2018-02-07 17:00:00,103.24
906,2018-02-07 18:00:00,120.65
907,2018-02-07 19:00:00,137.82
908,2018-02-07 20:00:00,140.96
909,2018-02-07 21:00:00,141.11
910,2018-02-07 22:00:00,141.26
911,2018-02-07 23:00:00,141.58
912,2018-02-08 00:00:00,140.84
913,2018-02-08 01:00:00,141.0
914,2018-02-08 02:00:00,141.05
915,2018-02-08 03:00:00,135.49
916,2018-02-08 04:00:00,82.59
917,2018-02-08 05:00:00,45.21
918,2018-02-08 06:00:00,32.88
919,2018-02-08 07:00:00,29.76
920,2018-02-08 08:00:00,38.18
921,2018-02-08 09:00:00,54.03
922,2018-02-08 10:00:00,71.46
923,2018-02-08 11:00:00,87.08
924,2018-02-08 12:00:00,94.28
925,2018-02-08 13:00:00,93.38
926,2018-02-08 14:00:00,93.67
927,2018-02-08 15:00:00,92.81
928,2018-02-08 16:00:00,84.22
929,2018-02-08 17:00:00,72.93
930,2018-02-08 18:00:00,69.11
931,2018-02-08 19:00:00,67.73
932,2018-02-08 20:00:00,74.72
933,2018-02-08 21:00:00,79.7
934,2018-02-08 22:00:00,84.43
935,2018-02-08 23:00:00,81.62
936,2018-02-09 00:00:00,68.64
937,2018-02-09 01:00:00,61.62
938,2018-02-09 02:00:00,66.47
939,2018-02-09 03:00:00,68.18
940,2018-02-09 04:00:00,53.17
941,2018-02-09 05:00:00,40.85
942,2018-02-09 06:00:00,47.46
943,2018-02-09 07:00:00,53.09
944,2018-02-09 08:00:00,54.44
945,2018-02-09 09:00:00,46.78
946,2018-02-09 10:00:00,47.71
947,2018-02-09 11:00:00,50.63
948,2018-02-09 12:00:00,63.61
949,2018-02-09 13:00:00,80.01
950,2018-02-09 14:00:00,88.16
951,2018-02-09 15:00:00,90.55
952,2018-02-09 16:00:00,84.52
953,2018-02-09 17:00:00,88.04
954,2018-02-09 18:00:00,101.7
955,2018-02-09 19:00:00,111.29
956,2018-02-09 20:00:00,105.47
957,2018-02-09 21:00:00,88.92
958,2018-02-09 22:00:00,84.49
959,2018-02-09 23:00:00,82.52
960,2018-02-10 00:00:00,75.79
961,2018-02-10 01:00:00,63.28
962,2018-02-10 02:00:00,57.97
963,2018-02-10 03:00:00,51.39
964,2018-02-10 04:00:00,41.64
965,2018-02-10 05:00:00,35.94
966,2018-02-10 06:00:00,45.07
967,2018-02-10 07:00:00,56.17
968,2018-02-10 08:00:00,68.43
969,2018-02-10 09:00:00,80.87
970,2018-02-10 10:00:00,91.42
971,2018-02-10 11:00:00,98.38
972,2018-02-10 12:00:00,99.35
973,2018-02-10 13:00:00,105.26
974,2018-02-10 14:00:00,124.92
975,2018-02-10 15:00:00,138.81
976,2018-02-10 16:00:00,140.53
977,2018-02-10 17:00:00,141.4
978,2018-02-10 18:00:00,141.4
979,2018-02-10 19:00:00,141.6
980,2018-02-10 20:00:00,141.43
981,2018-02-10 21:00:00,128.7
982,2018-02-10 22:00:00,77.36
983,2018-02-10 23:00:00,58.04
984,2018-02-11 00:00:00,97.23
985,2018-02-11 01:00:00,141.19
986,2018-02-11 02:00:00,140.43
987,2018-02-11 03:00:00,140.03
988,2018-02-11 04:00:00,98.95
989,2018-02-11 05:00:00,68.91
990,2018-02-11 06:00:00,60.33
991,2018-02-11 07:00:00,55.29
992,2018-02-11 08:00:00,56.11
993,2018-02-11 09:00:00,61.07
994,2018-02-11 10:00:00,57.82
995,2018-02-11 11:00:00,56.2
996,2018-02-11 12:00:00,56.28
997,2018-02-11 13:00:00,56.48
998,2018-02-11 14:00:00,57.64
999,2018-02-11 15:00:00,57.36
1000,2018-02-11 16:00:00,62.31
1001,2018-02-11 17:00:00,79.69
1002,2018-02-11 18:00:00,73.71
1003,2018-02-11 19:00:00,64.52
1004,2018-02-11 20:00:00,54.24
1005,2018-02-11 21:00:00,48.23
1006,2018-02-11 22:00:00,47.69
1007,2018-02-11 23:00:00,53.93
1008,2018-02-12 00:00:00,57.4
1009,2018-02-12 01:00:00,46.34
1010,2018-02-12 02:00:00,37.43
1011,2018-02-12 03:00:00,31.85
1012,2018-02-12 04:00:00,29.43
1013,2018-02-12 05:00:00,27.51
1014,2018-02-12 06:00:00,26.67
1015,2018-02-12 07:00:00,26.14
1016,2018-02-12 08:00:00,26.4
1017,2018-02-12 09:00:00,27.87
1018,2018-02-12 10:00:00,31.38
1019,2018-02-12 11:00:00,37.02
1020,2018-02-12 12:00:00,53.14
1021,2018-02-12 13:00:00,65.82
1022,2018-02-12 14:00:00,76.98
1023,2018-02-12 15:00:00,74.81
1024,2018-02-12 16:00:00,74.32
1025,2018-02-12 17:00:00,74.47
1026,2018-02-12 18:00:00,68.66
1027,2018-02-12 19:00:00,67.33
1028,2018-02-12 20:00:00,67.93
1029,2018-02-12 21:00:00,69.65
1030,2018-02-12 22:00:00,78.93
1031,2018-02-12 23:00:00,94.7
1032,2018-02-13 00:00:00,98.37
1033,2018-02-13 01:00:00,84.35
1034,2018-02-13 02:00:00,59.02
1035,2018-02-13 03:00:00,44.17
1036,2018-02-13 04:00:00,39.68
1037,2018-02-13 05:00:00,37.16
1038,2018-02-13 06:00:00,36.79
1039,2018-02-13 07:00:00,41.08
1040,2018-02-13 08:00:00,55.39
1041,2018-02-13 09:00:00,67.08
1042,2018-02-13 10:00:00,71.11
1043,2018-02-13 11:00:00,66.35
1044,2018-02-13 12:00:00,61.38
1045,2018-02-13 13:00:00,59.45
1046,2018-02-13 14:00:00,63.09
1047,2018-02-13 15:00:00,69.11
1048,2018-02-13 16:00:00,72.26
1049,2018-02-13 17:00:00,62.59
1050,2018-02-13 18:00:00,57.17
1051,2018-02-13 19:00:00,55.39
1052,2018-02-13 20:00:00,68.59
1053,2018-02-13 21:00:00,78.52
1054,2018-02-13 22:00:00,79.69
1055,2018-02-13 23:00:00,68.42
1056,2018-02-14 00:00:00,60.54
1057,2018-02-14 01:00:00,50.02
1058,2018-02-14 02:00:00,38.18
1059,2018-02-14 03:00:00,29.93
1060,2018-02-14 04:00:00,25.71
1061,2018-02-14 05:00:00,24.26
1062,2018-02-14 06:00:00,24.43
1063,2018-02-14 07:00:00,24.84
1064,2018-02-14 08:00:00,26.1
1065,2018-02-14 09:00:00,30.66
1066,2018-02-14 10:00:00,38.19
1067,2018-02-14 11:00:00,46.21
1068,2018-02-14 12:00:00,50.99
1069,2018-02-14 13:00:00,52.26
1070,2018-02-14 14:00:00,59.15
1071,2018-02-14 15:00:00,70.04
1072,2018-02-14 16:00:00,84.02
1073,2018-02-14 17:00:00,98.39
1074,2018-02-14 18:00:00,121.5
1075,2018-02-14 19:00:00,131.7
1076,2018-02-14 20:00:00,140.87
1077,2018-02-14 21:00:00,141.31
1078,2018-02-14 22:00:00,140.93
1079,2018-02-14 23:00:00,140.43
1080,2018-02-15 00:00:00,140.61
1081,2018-02-15 01:00:00,140.83
1082,2018-02-15 02:00:00,134.12
1083,2018-02-15 03:00:00,98.54
1084,2018-02-15 04:00:00,63.37
1085,2018-02-15 05:00:00,40.3
1086,2018-02-15 06:00:00,30.78
1087,2018-02-15 07:00:00,29.29
1088,2018-02-15 08:00:00,37.27
1089,2018-02-15 09:00:00,55.55
1090,2018-02-15 10:00:00,73.54
1091,2018-02-15 11:00:00,87.26
1092,2018-02-15 12:00:00,93.73
1093,2018-02-15 13:00:00,93.83
1094,2018-02-15 14:00:00,91.39
1095,2018-02-15 15:00:00,87.94
1096,2018-02-15 16:00:00,81.88
1097,2018-02-15 17:00:00,75.67
1098,2018-02-15 18:00:00,71.45
1099,2018-02-15 19:00:00,67.14
1100,2018-02-15 20:00:00,72.19
1101,2018-02-15 21:00:00,74.73
1102,2018-02-15 22:00:00,82.79
1103,2018-02-15 23:00:00,77.34
1104,2018-02-16 00:00:00,69.56
1105,2018-02-16 01:00:00,60.38
1106,2018-02-16 02:00:00,62.1
1107,2018-02-16 03:00:00,60.12
1108,2018-02-16 04:00:00,53.62
1109,2018-02-16 05:00:00,43.84
1110,2018-02-16 06:00:00,46.37
1111,2018-02-16 07:00:00,51.69
1112,2018-02-16 08:00:00,52.26
1113,2018-02-16 09:00:00,43.27
1114,2018-02-16 10:00:00,42.02
1115,2018-02-16 11:00:00,45.61
1116,2018-02-16 12:00:00,60.95
1117,2018-02-16 13:00:00,72.8
1118,2018-02-16 14:00:00,88.92
1119,2018-02-16 15:00:00,90.99
1120,2018-02-16 16:00:00,87.59
1121,2018-02-16 17:00:00,92.43
1122,2018-02-16 18:00:00,104.44
1123,2018-02-16 19:00:00,113.61
1124,2018-02-16 20:00:00,109.32
1125,2018-02-16 21:00:00,98.25
1126,2018-02-16 22:00:00,89.65
1127,2018-02-16 23:00:00,84.02
1128,2018-02-17 00:00:00,78.62
1129,2018-02-17 01:00:00,64.42
1130,2018-02-17 02:00:00,57.84
1131,2018-02-17 03:00:00,49.19
1132,2018-02-17 04:00:00,39.91
1133,2018-02-17 05:00:00,35.35
1134,2018-02-17 06:00:00,43.98
1135,2018-02-17 07:00:00,55.55
1136,2018-02-17 08:00:00,68.54
1137,2018-02-17 09:00:00,79.03
1138,2018-02-17 10:00:00,88.16
1139,2018-02-17 11:00:00,105.2
1140,2018-02-17 12:00:00,106.08
1141,2018-02-17 13:00:00,112.98
1142,2018-02-17 14:00:00,128.37
1143,2018-02-17 15:00:00,141.21
1144,2018-02-17 16:00:00,140.51
1145,2018-02-17 17:00:00,141.1
1146,2018-02-17 18:00:00,141.31
1147,2018-02-17 19:00:00,141.75
1148,2018-02-17 20:00:00,141.0
1149,2018-02-17 21:00:00,132.67
1150,2018-02-17 22:00:00,83.39
1151,2018-02-17 23:00:00,60.23
1152,2018-02-18 00:00:00,104.31
1153,2018-02-18 01:00:00,141.63
1154,2018-02-18 02:00:00,140.92
1155,2018-02-18 03:00:00,141.24
1156,2018-02-18 04:00:00,107.08
1157,2018-02-18 05:00:00,71.98
1158,2018-02-18 06:00:00,65.29
1159,2018-02-18 07:00:00,60.59
1160,2018-02-18 08:00:00,60.48
1161,2018-02-18 09:00:00,60.27
1162,2018-02-18 10:00:00,62.77
1163,2018-02-18 11:00:00,58.73
1164,2018-02-18 12:00:00,58.79
1165,2018-02-18 13:00:00,57.64
1166,2018-02-18 14:00:00,57.24
1167,2018-02-18 15:00:00,57.82
1168,2018-02-18 16:00:00,64.74
1169,2018-02-18 17:00:00,77.42
1170,2018-02-18 18:00:00,72.94
1171,2018-02-18 19:00:00,63.56
1172,2018-02-18 20:00:00,51.17
1173,2018-02-18 21:00:00,48.37
1174,2018-02-18 22:00:00,50.01
1175,2018-02-18 23:00:00,50.14
1176,2018-02-19 00:00:00,57.09
1177,2018-02-19 01:00:00,43.08
1178,2018-02-19 02:00:00,34.76
1179,2018-02-19 03:00:00,31.36
1180,2018-02-19 04:00:00,29.78
1181,2018-02-19 05:00:00,28.54
1182,2018-02-19 06:00:00,27.78
1183,2018-02-19 07:00:00,27.02
1184,2018-02-19 08:00:00,25.36
1185,2018-02-19 09:00:00,27.95
1186,2018-02-19 10:00:00,32.96
1187,2018-02-19 11:00:00,38.08
1188,2018-02-19 12:00:00,56.44
1189,2018-02-19 13:00:00,66.72
1190,2018-02-19 14:00:00,78.01
1191,2018-02-19 15:00:00,80.83
1192,2018-02-19 16:00:00,75.91
1193,2018-02-19 17:00:00,71.4
1194,2018-02-19 18:00:00,67.04
1195,2018-02-19 19:00:00,72.09
1196,2018-02-19 20:00:00,71.07
1197,2018-02-19 21:00:00,69.71
1198,2018-02-19 22:00:00,79.37
1199,2018-02-19 23:00:00,98.08
1200,2018-02-20 00:00:00,102.45
1201,2018-02-20 01:00:00,85.27
1202,2018-02-20 02:00:00,58.03
1203,2018-02-20 03:00:00,41.34
1204,2018-02-20 04:00:00,37.43
1205,2018-02-20 05:00:00,37.04
1206,2018-02-20 06:00:00,35.45
1207,2018-02-20 07:00:00,40.83
1208,2018-02-20 08:00:00,51.2
1209,2018-02-20 09:00:00,68.26
1210,2018-02-20 10:00:00,74.92
1211,2018-02-20 11:00:00,70.7
1212,2018-02-20 12:00:00,63.49
1213,2018-02-20 13:00:00,62.5
1214,2018-02-20 14:00:00,70.22
1215,2018-02-20 15:00:00,74.11
1216,2018-02-20 16:00:00,72.22
1217,2018-02-20 17:00:00,63.44
1218,2018-02-20 18:00:00,55.02
1219,2018-02-20 19:00:00,56.02
1220,2018-02-20 20:00:00,73.13
1221,2018-02-20 21:00:00,86.65
1222,2018-02-20 22:00:00,80.19
1223,2018-02-20 23:00:00,69.25
1224,2018-02-21 00:00:00,62.29
1225,2018-02-21 01:00:00,49.36
1226,2018-02-21 02:00:00,37.53
1227,2018-02-21 03:00:00,29.2
1228,2018-02-21 04:00:00,25.37
1229,2018-02-21 05:00:00,24.48
1230,2018-02-21 06:00:00,24.35
1231,2018-02-21 07:00:00,25.19
1232,2018-02-21 08:00:00,26.98
1233,2018-02-21 09:00:00,29.76
1234,2018-02-21 10:00:00,37.01
1235,2018-02-21 11:00:00,47.41
1236,2018-02-21 12:00:00,55.23
1237,2018-02-21 13:00:00,58.6
1238,2018-02-21 14:00:00,67.16
1239,2018-02-21 15:00:00,73.26
1240,2018-02-21 16:00:00,89.88
1241,2018-02-21 17:00:00,104.78
1242,2018-02-21 18:00:00,126.23
1243,2018-02-21 19:00:00,136.9
1244,2018-02-21 20:00:00,141.48
1245,2018-02-21 21:00:00,141.6
1246,2018-02-21 22:00:00,140.79
1247,2018-02-21 23:00:00,142.27
1248,2018-02-22 00:00:00,141.1
1249,2018-02-22 01:00:00,141.33
1250,2018-02-22 02:00:00,140.95
1251,2018-02-22 03:00:00,139.89
1252,2018-02-22 04:00:00,88.45
1253,2018-02-22 05:00:00,46.43
1254,2018-02-22 06:00:00,31.94
1255,2018-02-22 07:00:00,30.48
1256,2018-02-22 08:00:00,40.2
1257,2018-02-22 09:00:00,55.71
1258,2018-02-22 10:00:00,76.58
1259,2018-02-22 11:00:00,93.46
1260,2018-02-22 12:00:00,99.88
1261,2018-02-22 13:00:00,102.78
1262,2018-02-22 14:00:00,99.78
1263,2018-02-22 15:00:00,94.18
1264,2018-02-22 16:00:00,89.33
1265,2018-02-22 17:00:00,76.71
1266,2018-02-22 18:00:00,72.01
1267,2018-02-22 19:00:00,72.61
1268,2018-02-22 20:00:00,73.71
1269,2018-02-22 21:00:00,73.9
1270,2018-02-22 22:00:00,85.83
1271,2018-02-22 23:00:00,86.0
1272,2018-02-23 00:00:00,72.03
1273,2018-02-23 01:00:00,63.13
1274,2018-02-23 02:00:00,67.84
1275,2018-02-23 03:00:00,68.82
1276,2018-02-23 04:00:00,59.07
1277,2018-02-23 05:00:00,43.83
1278,2018-02-23 06:00:00,48.86
1279,2018-02-23 07:00:00,57.1
1280,2018-02-23 08:00:00,58.74
1281,2018-02-23 09:00:00,47.74
1282,2018-02-23 10:00:00,47.97
1283,2018-02-23 11:00:00,57.74
1284,2018-02-23 12:00:00,74.18
1285,2018-02-23 13:00:00,85.86
1286,2018-02-23 14:00:00,93.04
1287,2018-02-23 15:00:00,97.09
1288,2018-02-23 16:00:00,93.44
1289,2018-02-23 17:00:00,95.6
1290,2018-02-23 18:00:00,112.84
1291,2018-02-23 19:00:00,125.3
1292,2018-02-23 20:00:00,115.98
1293,2018-02-23 21:00:00,97.86
1294,2018-02-23 22:00:00,89.82
1295,2018-02-23 23:00:00,93.38
1296,2018-02-24 00:00:00,84.45
1297,2018-02-24 01:00:00,70.87
1298,2018-02-24 02:00:00,60.71
1299,2018-02-24 03:00:00,52.59
1300,2018-02-24 04:00:00,44.49
1301,2018-02-24 05:00:00,36.83
1302,2018-02-24 06:00:00,47.92
1303,2018-02-24 07:00:00,62.38
1304,2018-02-24 08:00:00,78.26
1305,2018-02-24 09:00:00,92.0
1306,2018-02-24 10:00:00,109.36
1307,2018-02-24 11:00:00,116.21
1308,2018-02-24 12:00:00,117.34
1309,2018-02-24 13:00:00,123.95
1310,2018-02-24 14:00:00,138.62
1311,2018-02-24 15:00:00,140.85
1312,2018-02-24 16:00:00,140.91
1313,2018-02-24 17:00:00,141.04
1314,2018-02-24 18:00:00,141.11
1315,2018-02-24 19:00:00,141.34
1316,2018-02-24 20:00:00,141.24
1317,2018-02-24 21:00:00,141.04
1318,2018-02-24 22:00:00,138.08
1319,2018-02-24 23:00:00,95.89
1320,2018-02-25 00:00:00,123.24
1321,2018-02-25 01:00:00,140.92
1322,2018-02-25 02:00:00,141.33
1323,2018-02-25 03:00:00,141.27
1324,2018-02-25 04:00:00,141.38
1325,2018-02-25 05:00:00,119.53
1326,2018-02-25 06:00:00,82.22
1327,2018-02-25 07:00:00,70.33
1328,2018-02-25 08:00:00,65.4
1329,2018-02-25 09:00:00,65.0
1330,2018-02-25 10:00:00,66.45
1331,2018-02-25 11:00:00,60.26
1332,2018-02-25 12:00:00,60.15
1333,2018-02-25 13:00:00,59.62
1334,2018-02-25 14:00:00,63.57
1335,2018-02-25 15:00:00,62.55
1336,2018-02-25 16:00:00,68.6
1337,2018-02-25 17:00:00,83.91
1338,2018-02-25 18:00:00,85.46
1339,2018-02-25 19:00:00,70.42
1340,2018-02-25 20:00:00,61.03
1341,2018-02-25 21:00:00,56.43
1342,2018-02-25 22:00:00,53.1
1343,2018-02-25 23:00:00,58.41
1344,2018-02-26 00:00:00,62.92
1345,2018-02-26 01:00:00,48.94
1346,2018-02-26 02:00:00,38.92
1347,2018-02-26 03:00:00,34.62
1348,2018-02-26 04:00:00,30.6
1349,2018-02-26 05:00:00,28.58
1350,2018-02-26 06:00:00,27.41
1351,2018-02-26 07:00:00,27.12
1352,2018-02-26 08:00:00,25.83
1353,2018-02-26 09:00:00,27.83
1354,2018-02-26 10:00:00,31.77
1355,2018-02-26 11:00:00,37.95
1356,2018-02-26 12:00:00,56.63
1357,2018-02-26 13:00:00,75.76
1358,2018-02-26 14:00:00,88.56
1359,2018-02-26 15:00:00,90.04
1360,2018-02-26 16:00:00,84.65
1361,2018-02-26 17:00:00,80.1
1362,2018-02-26 18:00:00,78.45
1363,2018-02-26 19:00:00,77.86
1364,2018-02-26 20:00:00,78.88
1365,2018-02-26 21:00:00,80.74
1366,2018-02-26 22:00:00,92.59
1367,2018-02-26 23:00:00,110.5
1368,2018-02-27 00:00:00,120.92
1369,2018-02-27 01:00:00,96.8
1370,2018-02-27 02:00:00,70.2
1371,2018-02-27 03:00:00,48.85
1372,2018-02-27 04:00:00,44.24
1373,2018-02-27 05:00:00,43.13
1374,2018-02-27 06:00:00,39.37
1375,2018-02-27 07:00:00,42.8
1376,2018-02-27 08:00:00,55.59
1377,2018-02-27 09:00:00,69.37
1378,2018-02-27 10:00:00,81.11
1379,2018-02-27 11:00:00,78.29
1380,2018-02-27 12:00:00,74.03
1381,2018-02-27 13:00:00,71.76
1382,2018-02-27 14:00:00,77.57
1383,2018-02-27 15:00:00,81.54
1384,2018-02-27 16:00:00,81.19
1385,2018-02-27 17:00:00,75.03
1386,2018-02-27 18:00:00,65.77
1387,2018-02-27 19:00:00,66.88
1388,2018-02-27 20:00:00,81.82
1389,2018-02-27 21:00:00,92.07
1390,2018-02-27 22:00:00,93.19
1391,2018-02-27 23:00:00,78.01
1392,2018-02-28 00:00:00,64.37
1393,2018-02-28 01:00:00,53.32
1394,2018-02-28 02:00:00,37.48
1395,2018-02-28 03:00:00,29.44
1396,2018-02-28 04:00:00,25.83
1397,2018-02-28 05:00:00,24.71
1398,2018-02-28 06:00:00,25.19
1399,2018-02-28 07:00:00,25.65
1400,2018-02-28 08:00:00,28.91
1401,2018-02-28 09:00:00,31.35
1402,2018-02-28 10:00:00,39.63
1403,2018-02-28 11:00:00,47.52
1404,2018-02-28 12:00:00,62.91
1405,2018-02-28 13:00:00,67.09
1406,2018-02-28 14:00:00,73.42
1407,2018-02-28 15:00:00,81.21
1408,2018-02-28 16:00:00,102.27
1409,2018-02-28 17:00:00,117.55
1410,2018-02-28 18:00:00,137.25
1411,2018-02-28 19:00:00,140.29
1412,2018-02-28 20:00:00,140.96
1413,2018-02-28 21:00:00,141.23
1414,2018-02-28 22:00:00,140.23
1415,2018-02-28 23:00:00,140.7
1416,2018-03-01 00:00:00,140.68
1417,2018-03-01 01:00:00,140.64
1418,2018-03-01 02:00:00,141.02
1419,2018-03-01 03:00:00,141.26
1420,2018-03-01 04:00:00,141.17
1421,2018-03-01 05:00:00,137.09
1422,2018-03-01 06:00:00,76.4
1423,2018-03-01 07:00:00,43.9
1424,2018-03-01 08:00:00,45.57
1425,2018-03-01 09:00:00,62.87
1426,2018-03-01 10:00:00,83.28
1427,2018-03-01 11:00:00,103.32
1428,2018-03-01 12:00:00,107.67
1429,2018-03-01 13:00:00,118.25
1430,2018-03-01 14:00:00,118.38
1431,2018-03-01 15:00:00,107.8
1432,2018-03-01 16:00:00,100.48
1433,2018-03-01 17:00:00,93.04
1434,2018-03-01 18:00:00,84.96
1435,2018-03-01 19:00:00,80.15
1436,2018-03-01 20:00:00,86.97
1437,2018-03-01 21:00:00,89.41
1438,2018-03-01 22:00:00,98.65
1439,2018-03-01 23:00:00,98.54
1440,2018-03-02 00:00:00,85.9
1441,2018-03-02 01:00:00,75.3
1442,2018-03-02 02:00:00,80.13
1443,2018-03-02 03:00:00,79.14
1444,2018-03-02 04:00:00,64.45
1445,2018-03-02 05:00:00,48.45
1446,2018-03-02 06:00:00,55.68
1447,2018-03-02 07:00:00,61.89
1448,2018-03-02 08:00:00,61.23
1449,2018-03-02 09:00:00,50.85
1450,2018-03-02 10:00:00,48.75
1451,2018-03-02 11:00:00,56.4
1452,2018-03-02 12:00:00,75.11
1453,2018-03-02 13:00:00,89.16
1454,2018-03-02 14:00:00,103.02
1455,2018-03-02 15:00:00,110.61
1456,2018-03-02 16:00:00,106.96
1457,2018-03-02 17:00:00,114.71
1458,2018-03-02 18:00:00,129.45
1459,2018-03-02 19:00:00,136.04
1460,2018-03-02 20:00:00,128.37
1461,2018-03-02 21:00:00,117.13
1462,2018-03-02 22:00:00,108.38
1463,2018-03-02 23:00:00,109.49
1464,2018-03-03 00:00:00,95.81
1465,2018-03-03 01:00:00,78.61
1466,2018-03-03 02:00:00,69.58
1467,2018-03-03 03:00:00,57.73
1468,2018-03-03 04:00:00,48.61
1469,2018-03-03 05:00:00,41.7
1470,2018-03-03 06:00:00,51.85
1471,2018-03-03 07:00:00,71.02
1472,2018-03-03 08:00:00,83.89
1473,2018-03-03 09:00:00,97.27
1474,2018-03-03 10:00:00,118.32
1475,2018-03-03 11:00:00,135.12
1476,2018-03-03 12:00:00,132.19
1477,2018-03-03 13:00:00,139.24
1478,2018-03-03 14:00:00,141.19
1479,2018-03-03 15:00:00,141.44
1480,2018-03-03 16:00:00,140.77
1481,2018-03-03 17:00:00,140.44
1482,2018-03-03 18:00:00,140.27
1483,2018-03-03 19:00:00,140.89
1484,2018-03-03 20:00:00,140.09
1485,2018-03-03 21:00:00,141.18
1486,2018-03-03 22:00:00,140.88
1487,2018-03-03 23:00:00,141.42
1488,2018-03-04 00:00:00,141.25
1489,2018-03-04 01:00:00,140.96
1490,2018-03-04 02:00:00,141.42
1491,2018-03-04 03:00:00,141.15
1492,2018-03-04 04:00:00,140.61
1493,2018-03-04 05:00:00,141.61
1494,2018-03-04 06:00:00,141.2
1495,2018-03-04 07:00:00,140.97
1496,2018-03-04 08:00:00,140.42
1497,2018-03-04 09:00:00,110.71
1498,2018-03-04 10:00:00,80.24
1499,2018-03-04 11:00:00,70.62
1500,2018-03-04 12:00:00,67.26
1501,2018-03-04 13:00:00,67.62
1502,2018-03-04 14:00:00,71.24
1503,2018-03-04 15:00:00,72.96
1504,2018-03-04 16:00:00,80.29
1505,2018-03-04 17:00:00,98.31
1506,2018-03-04 18:00:00,93.12
1507,2018-03-04 19:00:00,77.63
1508,2018-03-04 20:00:00,64.09
1509,2018-03-04 21:00:00,57.51
1510,2018-03-04 22:00:00,59.06
1511,2018-03-04 23:00:00,62.67
1512,2018-03-05 00:00:00,65.42
1513,2018-03-05 01:00:00,53.61
1514,2018-03-05 02:00:00,41.92
1515,2018-03-05 03:00:00,34.46
1516,2018-03-05 04:00:00,32.88
1517,2018-03-05 05:00:00,30.44
1518,2018-03-05 06:00:00,29.24
1519,2018-03-05 07:00:00,28.31
1520,2018-03-05 08:00:00,26.93
1521,2018-03-05 09:00:00,30.19
1522,2018-03-05 10:00:00,35.5
1523,2018-03-05 11:00:00,44.91
1524,2018-03-05 12:00:00,64.05
1525,2018-03-05 13:00:00,82.51
1526,2018-03-05 14:00:00,98.7
1527,2018-03-05 15:00:00,99.98
1528,2018-03-05 16:00:00,101.88
1529,2018-03-05 17:00:00,93.99
1530,2018-03-05 18:00:00,87.36
1531,2018-03-05 19:00:00,87.63
1532,2018-03-05 20:00:00,89.61
1533,2018-03-05 21:00:00,91.13
1534,2018-03-05 22:00:00,101.95
1535,2018-03-05 23:00:00,119.31
1536,2018-03-06 00:00:00,125.43
1537,2018-03-06 01:00:00,106.0
1538,2018-03-06 02:00:00,75.38
1539,2018-03-06 03:00:00,55.47
1540,2018-03-06 04:00:00,47.24
1541,2018-03-06 05:00:00,42.16
1542,2018-03-06 06:00:00,44.08
1543,2018-03-06 07:00:00,48.01
1544,2018-03-06 08:00:00,66.25
1545,2018-03-06 09:00:00,80.08
1546,2018-03-06 10:00:00,92.02
1547,2018-03-06 11:00:00,86.63
1548,2018-03-06 12:00:00,80.51
1549,2018-03-06 13:00:00,81.2
1550,2018-03-06 14:00:00,89.87
1551,2018-03-06 15:00:00,95.44
1552,2018-03-06 16:00:00,92.86
1553,2018-03-06 17:00:00,80.94
1554,2018-03-06 18:00:00,66.6
1555,2018-03-06 19:00:00,66.43
1556,2018-03-06 20:00:00,85.21
1557,2018-03-06 21:00:00,98.77
1558,2018-03-06 22:00:00,99.87
1559,2018-03-06 23:00:00,88.87
1560,2018-03-07 00:00:00,73.81
1561,2018-03-07 01:00:00,57.69
1562,2018-03-07 02:00:00,42.94
1563,2018-03-07 03:00:00,32.34
1564,2018-03-07 04:00:00,25.83
1565,2018-03-07 05:00:00,24.62
1566,2018-03-07 06:00:00,24.67
1567,2018-03-07 07:00:00,26.13
1568,2018-03-07 08:00:00,28.1
1569,2018-03-07 09:00:00,32.39
1570,2018-03-07 10:00:00,42.75
1571,2018-03-07 11:00:00,53.98
1572,2018-03-07 12:00:00,62.07
1573,2018-03-07 13:00:00,68.73
1574,2018-03-07 14:00:00,77.41
1575,2018-03-07 15:00:00,93.82
1576,2018-03-07 16:00:00,113.47
1577,2018-03-07 17:00:00,128.9
1578,2018-03-07 18:00:00,141.09
1579,2018-03-07 19:00:00,140.91
1580,2018-03-07 20:00:00,141.64
1581,2018-03-07 21:00:00,141.36
1582,2018-03-07 22:00:00,141.13
1583,2018-03-07 23:00:00,142.03
1584,2018-03-08 00:00:00,140.77
1585,2018-03-08 01:00:00,140.66
1586,2018-03-08 02:00:00,141.43
1587,2018-03-08 03:00:00,141.25
1588,2018-03-08 04:00:00,140.52
1589,2018-03-08 05:00:00,140.86
1590,2018-03-08 06:00:00,141.91
1591,2018-03-08 07:00:00,141.3
1592,2018-03-08 08:00:00,109.0
1593,2018-03-08 09:00:00,86.4
1594,2018-03-08 10:00:00,104.21
1595,2018-03-08 11:00:00,122.24
1596,2018-03-08 12:00:00,129.38
1597,2018-03-08 13:00:00,129.2
1598,2018-03-08 14:00:00,124.86
1599,2018-03-08 15:00:00,113.7
1600,2018-03-08 16:00:00,107.88
1601,2018-03-08 17:00:00,98.21
1602,2018-03-08 18:00:00,86.36
1603,2018-03-08 19:00:00,86.93
1604,2018-03-08 20:00:00,91.07
1605,2018-03-08 21:00:00,98.58
1606,2018-03-08 22:00:00,107.21
1607,2018-03-08 23:00:00,109.22
1608,2018-03-09 00:00:00,94.91
1609,2018-03-09 01:00:00,83.32
1610,2018-03-09 02:00:00,90.08
1611,2018-03-09 03:00:00,83.33
1612,2018-03-09 04:00:00,64.43
1613,2018-03-09 05:00:00,50.69
1614,2018-03-09 06:00:00,57.62
1615,2018-03-09 07:00:00,71.74
1616,2018-03-09 08:00:00,69.18
1617,2018-03-09 09:00:00,58.45
1618,2018-03-09 10:00:00,59.58
1619,2018-03-09 11:00:00,66.48
1620,2018-03-09 12:00:00,82.51
1621,2018-03-09 13:00:00,100.04
1622,2018-03-09 14:00:00,116.81
1623,2018-03-09 15:00:00,124.17
1624,2018-03-09 16:00:00,117.24
1625,2018-03-09 17:00:00,129.76
1626,2018-03-09 18:00:00,140.7
1627,2018-03-09 19:00:00,140.89
1628,2018-03-09 20:00:00,140.99
1629,2018-03-09 21:00:00,139.32
1630,2018-03-09 22:00:00,127.66
1631,2018-03-09 23:00:00,122.03
1632,2018-03-10 00:00:00,103.93
1633,2018-03-10 01:00:00,82.53
1634,2018-03-10 02:00:00,76.07
1635,2018-03-10 03:00:00,67.65
1636,2018-03-10 04:00:00,53.15
1637,2018-03-10 05:00:00,42.31
1638,2018-03-10 06:00:00,54.36
1639,2018-03-10 07:00:00,70.76
1640,2018-03-10 08:00:00,92.35
1641,2018-03-10 09:00:00,110.54
1642,2018-03-10 10:00:00,128.66
1643,2018-03-10 11:00:00,140.89
1644,2018-03-10 12:00:00,141.78
1645,2018-03-10 13:00:00,140.91
1646,2018-03-10 14:00:00,141.1
1647,2018-03-10 15:00:00,140.99
1648,2018-03-10 16:00:00,140.99
1649,2018-03-10 17:00:00,140.85
1650,2018-03-10 18:00:00,141.86
1651,2018-03-10 19:00:00,141.5
1652,2018-03-10 20:00:00,141.25
1653,2018-03-10 21:00:00,141.28
1654,2018-03-10 22:00:00,141.56
1655,2018-03-10 23:00:00,141.33
1656,2018-03-11 00:00:00,141.48
1657,2018-03-11 01:00:00,141.27
1658,2018-03-11 02:00:00,141.89
1659,2018-03-11 03:00:00,141.05
1660,2018-03-11 04:00:00,141.06
1661,2018-03-11 05:00:00,140.59
1662,2018-03-11 06:00:00,141.42
1663,2018-03-11 07:00:00,140.71
1664,2018-03-11 08:00:00,141.07
1665,2018-03-11 09:00:00,140.88
1666,2018-03-11 10:00:00,140.97
1667,2018-03-11 11:00:00,140.97
1668,2018-03-11 12:00:00,140.73
1669,2018-03-11 13:00:00,141.29
1670,2018-03-11 14:00:00,134.96
1671,2018-03-11 15:00:00,100.94
1672,2018-03-11 16:00:00,95.8
1673,2018-03-11 17:00:00,107.65
1674,2018-03-11 18:00:00,105.27
1675,2018-03-11 19:00:00,85.57
1676,2018-03-11 20:00:00,67.3
1677,2018-03-11 21:00:00,62.23
1678,2018-03-11 22:00:00,63.23
1679,2018-03-11 23:00:00,72.44
1680,2018-03-12 00:00:00,78.06
1681,2018-03-12 01:00:00,56.38
1682,2018-03-12 02:00:00,43.23
1683,2018-03-12 03:00:00,35.08
1684,2018-03-12 04:00:00,34.75
1685,2018-03-12 05:00:00,32.97
1686,2018-03-12 06:00:00,30.75
1687,2018-03-12 07:00:00,29.85
1688,2018-03-12 08:00:00,28.5
1689,2018-03-12 09:00:00,30.3
1690,2018-03-12 10:00:00,36.5
1691,2018-03-12 11:00:00,44.99
1692,2018-03-12 12:00:00,72.6
1693,2018-03-12 13:00:00,92.02
1694,2018-03-12 14:00:00,108.75
1695,2018-03-12 15:00:00,110.43
1696,2018-03-12 16:00:00,105.7
1697,2018-03-12 17:00:00,99.79
1698,2018-03-12 18:00:00,94.24
1699,2018-03-12 19:00:00,94.96
1700,2018-03-12 20:00:00,97.66
1701,2018-03-12 21:00:00,101.3
1702,2018-03-12 22:00:00,114.64
1703,2018-03-12 23:00:00,137.82
1704,2018-03-13 00:00:00,141.42
1705,2018-03-13 01:00:00,126.02
1706,2018-03-13 02:00:00,80.95
1707,2018-03-13 03:00:00,56.5
1708,2018-03-13 04:00:00,47.89
1709,2018-03-13 05:00:00,44.99
1710,2018-03-13 06:00:00,46.45
1711,2018-03-13 07:00:00,51.74
1712,2018-03-13 08:00:00,72.2
1713,2018-03-13 09:00:00,88.49
1714,2018-03-13 10:00:00,100.39
1715,2018-03-13 11:00:00,91.81
1716,2018-03-13 12:00:00,86.31
1717,2018-03-13 13:00:00,85.07
1718,2018-03-13 14:00:00,90.71
1719,2018-03-13 15:00:00,100.43
1720,2018-03-13 16:00:00,101.45
1721,2018-03-13 17:00:00,87.18
1722,2018-03-13 18:00:00,73.86
1723,2018-03-13 19:00:00,78.82
1724,2018-03-13 20:00:00,101.88
1725,2018-03-13 21:00:00,113.3
1726,2018-03-13 22:00:00,119.75
1727,2018-03-13 23:00:00,96.39
1728,2018-03-14 00:00:00,81.07
1729,2018-03-14 01:00:00,61.5
1730,2018-03-14 02:00:00,43.02
1731,2018-03-14 03:00:00,31.25
1732,2018-03-14 04:00:00,26.76
1733,2018-03-14 05:00:00,24.86
1734,2018-03-14 06:00:00,24.62
1735,2018-03-14 07:00:00,25.83
1736,2018-03-14 08:00:00,28.19
1737,2018-03-14 09:00:00,32.8
1738,2018-03-14 10:00:00,46.29
1739,2018-03-14 11:00:00,58.06
1740,2018-03-14 12:00:00,76.12
1741,2018-03-14 13:00:00,81.24
1742,2018-03-14 14:00:00,90.13
1743,2018-03-14 15:00:00,98.36
1744,2018-03-14 16:00:00,124.78
1745,2018-03-14 17:00:00,139.2
1746,2018-03-14 18:00:00,140.62
1747,2018-03-14 19:00:00,140.61
1748,2018-03-14 20:00:00,141.58
1749,2018-03-14 21:00:00,141.16
1750,2018-03-14 22:00:00,140.97
1751,2018-03-14 23:00:00,140.91
1752,2018-03-15 00:00:00,141.38
1753,2018-03-15 01:00:00,140.19
1754,2018-03-15 02:00:00,140.84
1755,2018-03-15 03:00:00,141.34
1756,2018-03-15 04:00:00,140.9
1757,2018-03-15 05:00:00,141.02
1758,2018-03-15 06:00:00,141.41
1759,2018-03-15 07:00:00,141.73
1760,2018-03-15 08:00:00,141.29
1761,2018-03-15 09:00:00,141.34
1762,2018-03-15 10:00:00,140.69
1763,2018-03-15 11:00:00,141.36
1764,2018-03-15 12:00:00,141.21
1765,2018-03-15 13:00:00,141.41
1766,2018-03-15 14:00:00,141.44
1767,2018-03-15 15:00:00,140.54
1768,2018-03-15 16:00:00,141.23
1769,2018-03-15 17:00:00,134.1
1770,2018-03-15 18:00:00,112.64
1771,2018-03-15 19:00:00,98.96
1772,2018-03-15 20:00:00,101.72
1773,2018-03-15 21:00:00,108.5
1774,2018-03-15 22:00:00,117.25
1775,2018-03-15 23:00:00,115.89
1776,2018-03-16 00:00:00,101.51
1777,2018-03-16 01:00:00,91.23
1778,2018-03-16 02:00:00,90.69
1779,2018-03-16 03:00:00,92.32
1780,2018-03-16 04:00:00,72.86
1781,2018-03-16 05:00:00,51.6
1782,2018-03-16 06:00:00,60.89
1783,2018-03-16 07:00:00,73.96
1784,2018-03-16 08:00:00,73.24
1785,2018-03-16 09:00:00,61.19
1786,2018-03-16 10:00:00,56.0
1787,2018-03-16 11:00:00,70.1
1788,2018-03-16 12:00:00,90.96
1789,2018-03-16 13:00:00,114.91
1790,2018-03-16 14:00:00,134.01
1791,2018-03-16 15:00:00,134.06
1792,2018-03-16 16:00:00,127.95
1793,2018-03-16 17:00:00,126.59
1794,2018-03-16 18:00:00,140.68
1795,2018-03-16 19:00:00,140.86
1796,2018-03-16 20:00:00,140.98
1797,2018-03-16 21:00:00,140.22
1798,2018-03-16 22:00:00,141.9
1799,2018-03-16 23:00:00,141.47
1800,2018-03-17 00:00:00,129.73
1801,2018-03-17 01:00:00,99.33
1802,2018-03-17 02:00:00,88.34
1803,2018-03-17 03:00:00,71.2
1804,2018-03-17 04:00:00,51.88
1805,2018-03-17 05:00:00,42.31
1806,2018-03-17 06:00:00,56.53
1807,2018-03-17 07:00:00,80.79
1808,2018-03-17 08:00:00,101.82
1809,2018-03-17 09:00:00,116.13
1810,2018-03-17 10:00:00,134.05
1811,2018-03-17 11:00:00,141.2
1812,2018-03-17 12:00:00,141.17
1813,2018-03-17 13:00:00,141.16
1814,2018-03-17 14:00:00,141.45
1815,2018-03-17 15:00:00,141.41
1816,2018-03-17 16:00:00,141.53
1817,2018-03-17 17:00:00,140.0
1818,2018-03-17 18:00:00,140.6
1819,2018-03-17 19:00:00,140.71
1820,2018-03-17 20:00:00,141.14
1821,2018-03-17 21:00:00,141.11
1822,2018-03-17 22:00:00,142.44
1823,2018-03-17 23:00:00,140.79
1824,2018-03-18 00:00:00,141.92
1825,2018-03-18 01:00:00,141.55
1826,2018-03-18 02:00:00,141.19
1827,2018-03-18 03:00:00,140.87
1828,2018-03-18 04:00:00,141.68
1829,2018-03-18 05:00:00,141.62
1830,2018-03-18 06:00:00,142.05
1831,2018-03-18 07:00:00,141.4
1832,2018-03-18 08:00:00,141.32
1833,2018-03-18 09:00:00,140.76
1834,2018-03-18 10:00:00,142.13
1835,2018-03-18 11:00:00,141.79
1836,2018-03-18 12:00:00,140.84
1837,2018-03-18 13:00:00,140.91
1838,2018-03-18 14:00:00,140.84
1839,2018-03-18 15:00:00,141.21
1840,2018-03-18 16:00:00,140.96
1841,2018-03-18 17:00:00,141.33
1842,2018-03-18 18:00:00,141.58
1843,2018-03-18 19:00:00,141.0
1844,2018-03-18 20:00:00,119.86
1845,2018-03-18 21:00:00,82.75
1846,2018-03-18 22:00:00,71.7
1847,2018-03-18 23:00:00,67.35
1848,2018-03-19 00:00:00,76.77
1849,2018-03-19 01:00:00,58.48
1850,2018-03-19 02:00:00,48.43
1851,2018-03-19 03:00:00,36.89
1852,2018-03-19 04:00:00,34.38
1853,2018-03-19 05:00:00,33.33
1854,2018-03-19 06:00:00,30.44
1855,2018-03-19 07:00:00,28.3
1856,2018-03-19 08:00:00,28.48
1857,2018-03-19 09:00:00,30.86
1858,2018-03-19 10:00:00,37.48
1859,2018-03-19 11:00:00,48.62
1860,2018-03-19 12:00:00,74.72
1861,2018-03-19 13:00:00,99.58
1862,2018-03-19 14:00:00,118.5
1863,2018-03-19 15:00:00,116.89
1864,2018-03-19 16:00:00,113.79
1865,2018-03-19 17:00:00,110.55
1866,2018-03-19 18:00:00,97.29
1867,2018-03-19 19:00:00,99.23
1868,2018-03-19 20:00:00,97.63
1869,2018-03-19 21:00:00,101.74
1870,2018-03-19 22:00:00,113.91
1871,2018-03-19 23:00:00,138.52
1872,2018-03-20 00:00:00,141.33
1873,2018-03-20 01:00:00,131.5
1874,2018-03-20 02:00:00,92.21
1875,2018-03-20 03:00:00,62.95
1876,2018-03-20 04:00:00,52.71
1877,2018-03-20 05:00:00,46.77
1878,2018-03-20 06:00:00,44.77
1879,2018-03-20 07:00:00,48.73
1880,2018-03-20 08:00:00,69.4
1881,2018-03-20 09:00:00,88.42
1882,2018-03-20 10:00:00,106.84
1883,2018-03-20 11:00:00,99.07
1884,2018-03-20 12:00:00,88.5
1885,2018-03-20 13:00:00,90.26
1886,2018-03-20 14:00:00,95.64
1887,2018-03-20 15:00:00,104.22
1888,2018-03-20 16:00:00,100.08
1889,2018-03-20 17:00:00,91.61
1890,2018-03-20 18:00:00,77.1
1891,2018-03-20 19:00:00,78.63
1892,2018-03-20 20:00:00,98.58
1893,2018-03-20 21:00:00,113.07
1894,2018-03-20 22:00:00,117.25
1895,2018-03-20 23:00:00,101.13
1896,2018-03-21 00:00:00,82.95
1897,2018-03-21 01:00:00,63.16
1898,2018-03-21 02:00:00,43.75
1899,2018-03-21 03:00:00,31.71
1900,2018-03-21 04:00:00,26.29
1901,2018-03-21 05:00:00,24.72
1902,2018-03-21 06:00:00,24.6
1903,2018-03-21 07:00:00,25.43
1904,2018-03-21 08:00:00,28.86
1905,2018-03-21 09:00:00,32.85
1906,2018-03-21 10:00:00,44.33
1907,2018-03-21 11:00:00,54.41
1908,2018-03-21 12:00:00,68.25
1909,2018-03-21 13:00:00,78.88
1910,2018-03-21 14:00:00,92.87
1911,2018-03-21 15:00:00,99.73
1912,2018-03-21 16:00:00,121.05
1913,2018-03-21 17:00:00,138.37
1914,2018-03-21 18:00:00,141.05
1915,2018-03-21 19:00:00,140.81
1916,2018-03-21 20:00:00,140.99
1917,2018-03-21 21:00:00,141.09
1918,2018-03-21 22:00:00,141.25
1919,2018-03-21 23:00:00,141.23
1920,2018-03-22 00:00:00,141.11
1921,2018-03-22 01:00:00,141.43
1922,2018-03-22 02:00:00,141.78
1923,2018-03-22 03:00:00,141.41
1924,2018-03-22 04:00:00,141.75
1925,2018-03-22 05:00:00,141.14
1926,2018-03-22 06:00:00,140.96
1927,2018-03-22 07:00:00,141.3
1928,2018-03-22 08:00:00,140.92
1929,2018-03-22 09:00:00,140.39
1930,2018-03-22 10:00:00,140.44
1931,2018-03-22 11:00:00,140.61
1932,2018-03-22 12:00:00,141.22
1933,2018-03-22 13:00:00,142.3
1934,2018-03-22 14:00:00,142.16
1935,2018-03-22 15:00:00,141.64
1936,2018-03-22 16:00:00,141.02
1937,2018-03-22 17:00:00,137.23
1938,2018-03-22 18:00:00,113.72
1939,2018-03-22 19:00:00,99.01
1940,2018-03-22 20:00:00,101.17
1941,2018-03-22 21:00:00,105.03
1942,2018-03-22 22:00:00,125.79
1943,2018-03-22 23:00:00,124.47
1944,2018-03-23 00:00:00,105.01
1945,2018-03-23 01:00:00,87.93
1946,2018-03-23 02:00:00,95.94
1947,2018-03-23 03:00:00,87.54
1948,2018-03-23 04:00:00,69.14
1949,2018-03-23 05:00:00,51.2
1950,2018-03-23 06:00:00,64.02
1951,2018-03-23 07:00:00,75.16
1952,2018-03-23 08:00:00,74.84
1953,2018-03-23 09:00:00,60.21
1954,2018-03-23 10:00:00,57.52
1955,2018-03-23 11:00:00,74.52
1956,2018-03-23 12:00:00,94.4
1957,2018-03-23 13:00:00,115.08
1958,2018-03-23 14:00:00,132.43
1959,2018-03-23 15:00:00,126.75
1960,2018-03-23 16:00:00,118.77
1961,2018-03-23 17:00:00,121.45
1962,2018-03-23 18:00:00,140.12
1963,2018-03-23 19:00:00,140.64
1964,2018-03-23 20:00:00,141.52
1965,2018-03-23 21:00:00,140.68
1966,2018-03-23 22:00:00,139.95
1967,2018-03-23 23:00:00,138.23
1968,2018-03-24 00:00:00,113.18
1969,2018-03-24 01:00:00,94.35
1970,2018-03-24 02:00:00,80.05
1971,2018-03-24 03:00:00,64.98
1972,2018-03-24 04:00:00,49.6
1973,2018-03-24 05:00:00,42.52
1974,2018-03-24 06:00:00,56.05
1975,2018-03-24 07:00:00,78.38
1976,2018-03-24 08:00:00,91.34
1977,2018-03-24 09:00:00,109.42
1978,2018-03-24 10:00:00,133.57
1979,2018-03-24 11:00:00,140.98
1980,2018-03-24 12:00:00,141.71
1981,2018-03-24 13:00:00,141.72
1982,2018-03-24 14:00:00,142.38
1983,2018-03-24 15:00:00,141.63
1984,2018-03-24 16:00:00,141.49
1985,2018-03-24 17:00:00,140.97
1986,2018-03-24 18:00:00,140.72
1987,2018-03-24 19:00:00,140.91
1988,2018-03-24 20:00:00,141.24
1989,2018-03-24 21:00:00,140.98
1990,2018-03-24 22:00:00,140.85
1991,2018-03-24 23:00:00,140.96
1992,2018-03-25 00:00:00,141.25
1993,2018-03-25 01:00:00,141.25
1994,2018-03-25 02:00:00,141.47
1995,2018-03-25 03:00:00,141.1
1996,2018-03-25 04:00:00,141.25
1997,2018-03-25 05:00:00,141.35
1998,2018-03-25 06:00:00,141.08
1999,2018-03-25 07:00:00,141.52
2000,2018-03-25 08:00:00,140.25
2001,2018-03-25 09:00:00,141.56
2002,2018-03-25 10:00:00,141.13
2003,2018-03-25 11:00:00,140.88
2004,2018-03-25 12:00:00,140.91
2005,2018-03-25 13:00:00,140.98
2006,2018-03-25 14:00:00,141.08
2007,2018-03-25 15:00:00,140.97
2008,2018-03-25 16:00:00,141.51
2009,2018-03-25 17:00:00,138.08
2010,2018-03-25 18:00:00,117.57
2011,2018-03-25 19:00:00,90.5
2012,2018-03-25 20:00:00,71.75
2013,2018-03-25 21:00:00,67.02
2014,2018-03-25 22:00:00,63.22
2015,2018-03-25 23:00:00,67.57
2016,2018-03-26 00:00:00,74.83
2017,2018-03-26 01:00:00,52.69
2018,2018-03-26 02:00:00,42.67
2019,2018-03-26 03:00:00,36.37
2020,2018-03-26 04:00:00,32.35
2021,2018-03-26 05:00:00,32.06
2022,2018-03-26 06:00:00,30.01
2023,2018-03-26 07:00:00,29.05
2024,2018-03-26 08:00:00,28.73
2025,2018-03-26 09:00:00,32.03
2026,2018-03-26 10:00:00,37.06
2027,2018-03-26 11:00:00,45.11
2028,2018-03-26 12:00:00,69.06
2029,2018-03-26 13:00:00,90.89
2030,2018-03-26 14:00:00,105.31
2031,2018-03-26 15:00:00,104.69
2032,2018-03-26 16:00:00,107.24
2033,2018-03-26 17:00:00,96.94
2034,2018-03-26 18:00:00,95.46
2035,2018-03-26 19:00:00,104.11
2036,2018-03-26 20:00:00,101.48
2037,2018-03-26 21:00:00,97.94
2038,2018-03-26 22:00:00,109.05
2039,2018-03-26 23:00:00,135.26
2040,2018-03-27 00:00:00,139.57
2041,2018-03-27 01:00:00,113.03
2042,2018-03-27 02:00:00,76.96
2043,2018-03-27 03:00:00,54.99
2044,2018-03-27 04:00:00,45.42
2045,2018-03-27 05:00:00,44.48
2046,2018-03-27 06:00:00,44.31
2047,2018-03-27 07:00:00,49.41
2048,2018-03-27 08:00:00,70.6
2049,2018-03-27 09:00:00,82.27
2050,2018-03-27 10:00:00,98.75
2051,2018-03-27 11:00:00,95.47
2052,2018-03-27 12:00:00,90.01
2053,2018-03-27 13:00:00,87.78
2054,2018-03-27 14:00:00,96.29
2055,2018-03-27 15:00:00,98.48
2056,2018-03-27 16:00:00,99.26
2057,2018-03-27 17:00:00,86.63
2058,2018-03-27 18:00:00,76.24
2059,2018-03-27 19:00:00,77.43
2060,2018-03-27 20:00:00,97.99
2061,2018-03-27 21:00:00,108.96
2062,2018-03-27 22:00:00,108.52
2063,2018-03-27 23:00:00,95.1
2064,2018-03-28 00:00:00,78.01
2065,2018-03-28 01:00:00,61.86
2066,2018-03-28 02:00:00,44.98
2067,2018-03-28 03:00:00,32.0
2068,2018-03-28 04:00:00,26.2
2069,2018-03-28 05:00:00,24.48
2070,2018-03-28 06:00:00,24.6
2071,2018-03-28 07:00:00,25.71
2072,2018-03-28 08:00:00,29.88
2073,2018-03-28 09:00:00,33.27
2074,2018-03-28 10:00:00,46.01
2075,2018-03-28 11:00:00,56.67
2076,2018-03-28 12:00:00,69.61
2077,2018-03-28 13:00:00,72.71
2078,2018-03-28 14:00:00,87.83
2079,2018-03-28 15:00:00,93.65
2080,2018-03-28 16:00:00,117.03
2081,2018-03-28 17:00:00,138.01
2082,2018-03-28 18:00:00,141.63
2083,2018-03-28 19:00:00,140.66
2084,2018-03-28 20:00:00,140.25
2085,2018-03-28 21:00:00,140.75
2086,2018-03-28 22:00:00,142.04
2087,2018-03-28 23:00:00,140.89
2088,2018-03-29 00:00:00,140.72
2089,2018-03-29 01:00:00,141.15
2090,2018-03-29 02:00:00,140.98
2091,2018-03-29 03:00:00,141.56
2092,2018-03-29 04:00:00,140.94
2093,2018-03-29 05:00:00,140.48
2094,2018-03-29 06:00:00,140.61
2095,2018-03-29 07:00:00,141.04
2096,2018-03-29 08:00:00,140.11
2097,2018-03-29 09:00:00,116.3
2098,2018-03-29 10:00:00,110.08
2099,2018-03-29 11:00:00,131.49
2100,2018-03-29 12:00:00,133.06
2101,2018-03-29 13:00:00,132.8
2102,2018-03-29 14:00:00,129.66
2103,2018-03-29 15:00:00,126.01
2104,2018-03-29 16:00:00,111.46
2105,2018-03-29 17:00:00,101.48
2106,2018-03-29 18:00:00,95.09
2107,2018-03-29 19:00:00,88.61
2108,2018-03-29 20:00:00,96.25
2109,2018-03-29 21:00:00,105.98
2110,2018-03-29 22:00:00,110.61
2111,2018-03-29 23:00:00,111.72
2112,2018-03-30 00:00:00,96.3
2113,2018-03-30 01:00:00,85.09
2114,2018-03-30 02:00:00,88.57
2115,2018-03-30 03:00:00,88.07
2116,2018-03-30 04:00:00,70.72
2117,2018-03-30 05:00:00,51.51
2118,2018-03-30 06:00:00,57.74
2119,2018-03-30 07:00:00,70.09
2120,2018-03-30 08:00:00,72.35
2121,2018-03-30 09:00:00,57.7
2122,2018-03-30 10:00:00,55.8
2123,2018-03-30 11:00:00,66.89
2124,2018-03-30 12:00:00,88.65
2125,2018-03-30 13:00:00,107.65
2126,2018-03-30 14:00:00,124.77
2127,2018-03-30 15:00:00,125.79
2128,2018-03-30 16:00:00,117.45
2129,2018-03-30 17:00:00,125.07
2130,2018-03-30 18:00:00,140.71
2131,2018-03-30 19:00:00,141.81
2132,2018-03-30 20:00:00,141.34
2133,2018-03-30 21:00:00,135.66
2134,2018-03-30 22:00:00,118.74
2135,2018-03-30 23:00:00,114.49
2136,2018-03-31 00:00:00,100.2
2137,2018-03-31 01:00:00,81.07
2138,2018-03-31 02:00:00,74.4
2139,2018-03-31 03:00:00,64.43
2140,2018-03-31 04:00:00,50.63
2141,2018-03-31 05:00:00,41.22
2142,2018-03-31 06:00:00,55.49
2143,2018-03-31 07:00:00,73.93
2144,2018-03-31 08:00:00,92.45
2145,2018-03-31 09:00:00,114.08
2146,2018-03-31 10:00:00,130.99
2147,2018-03-31 11:00:00,137.62
2148,2018-03-31 12:00:00,140.84
2149,2018-03-31 13:00:00,140.99
2150,2018-03-31 14:00:00,140.08
2151,2018-03-31 15:00:00,140.82
2152,2018-03-31 16:00:00,140.75
2153,2018-03-31 17:00:00,141.17
2154,2018-03-31 18:00:00,140.83
2155,2018-03-31 19:00:00,140.43
2156,2018-03-31 20:00:00,141.18
2157,2018-03-31 21:00:00,140.22
2158,2018-03-31 22:00:00,139.89
2159,2018-03-31 23:00:00,140.3
2160,2018-04-01 00:00:00,140.95
2161,2018-04-01 01:00:00,141.54
2162,2018-04-01 02:00:00,141.18
2163,2018-04-01 03:00:00,141.36
2164,2018-04-01 04:00:00,140.26
2165,2018-04-01 05:00:00,141.18
2166,2018-04-01 06:00:00,140.96
2167,2018-04-01 07:00:00,141.63
2168,2018-04-01 08:00:00,141.24
2169,2018-04-01 09:00:00,141.31
2170,2018-04-01 10:00:00,141.37
2171,2018-04-01 11:00:00,141.32
2172,2018-04-01 12:00:00,141.77
2173,2018-04-01 13:00:00,117.78
2174,2018-04-01 14:00:00,85.6
2175,2018-04-01 15:00:00,76.92
2176,2018-04-01 16:00:00,81.13
2177,2018-04-01 17:00:00,95.21
2178,2018-04-01 18:00:00,96.6
2179,2018-04-01 19:00:00,80.27
2180,2018-04-01 20:00:00,65.29
2181,2018-04-01 21:00:00,61.69
2182,2018-04-01 22:00:00,63.22
2183,2018-04-01 23:00:00,65.09
2184,2018-04-02 00:00:00,74.04
2185,2018-04-02 01:00:00,53.2
2186,2018-04-02 02:00:00,41.96
2187,2018-04-02 03:00:00,36.21
2188,2018-04-02 04:00:00,33.69
2189,2018-04-02 05:00:00,30.83
2190,2018-04-02 06:00:00,29.14
2191,2018-04-02 07:00:00,28.92
2192,2018-04-02 08:00:00,27.23
2193,2018-04-02 09:00:00,30.35
2194,2018-04-02 10:00:00,34.48
2195,2018-04-02 11:00:00,43.17
2196,2018-04-02 12:00:00,68.21
2197,2018-04-02 13:00:00,85.85
2198,2018-04-02 14:00:00,104.02
2199,2018-04-02 15:00:00,103.18
2200,2018-04-02 16:00:00,100.03
2201,2018-04-02 17:00:00,96.12
2202,2018-04-02 18:00:00,91.73
2203,2018-04-02 19:00:00,93.31
2204,2018-04-02 20:00:00,90.25
2205,2018-04-02 21:00:00,89.4
2206,2018-04-02 22:00:00,107.98
2207,2018-04-02 23:00:00,132.45
2208,2018-04-03 00:00:00,139.37
2209,2018-04-03 01:00:00,113.73
2210,2018-04-03 02:00:00,73.92
2211,2018-04-03 03:00:00,52.45
2212,2018-04-03 04:00:00,45.47
2213,2018-04-03 05:00:00,43.86
2214,2018-04-03 06:00:00,42.31
2215,2018-04-03 07:00:00,48.09
2216,2018-04-03 08:00:00,68.35
2217,2018-04-03 09:00:00,83.54
2218,2018-04-03 10:00:00,91.59
2219,2018-04-03 11:00:00,86.42
2220,2018-04-03 12:00:00,80.66
2221,2018-04-03 13:00:00,79.04
2222,2018-04-03 14:00:00,84.47
2223,2018-04-03 15:00:00,89.51
2224,2018-04-03 16:00:00,92.64
2225,2018-04-03 17:00:00,82.69
2226,2018-04-03 18:00:00,69.35
2227,2018-04-03 19:00:00,72.42
2228,2018-04-03 20:00:00,91.15
2229,2018-04-03 21:00:00,105.55
2230,2018-04-03 22:00:00,110.03
2231,2018-04-03 23:00:00,91.21
2232,2018-04-04 00:00:00,79.12
2233,2018-04-04 01:00:00,61.44
2234,2018-04-04 02:00:00,42.89
2235,2018-04-04 03:00:00,31.74
2236,2018-04-04 04:00:00,26.33
2237,2018-04-04 05:00:00,24.61
2238,2018-04-04 06:00:00,25.52
2239,2018-04-04 07:00:00,25.87
2240,2018-04-04 08:00:00,29.05
2241,2018-04-04 09:00:00,34.52
2242,2018-04-04 10:00:00,42.59
2243,2018-04-04 11:00:00,53.29
2244,2018-04-04 12:00:00,61.83
2245,2018-04-04 13:00:00,69.26
2246,2018-04-04 14:00:00,79.43
2247,2018-04-04 15:00:00,95.0
2248,2018-04-04 16:00:00,115.48
2249,2018-04-04 17:00:00,128.89
2250,2018-04-04 18:00:00,141.06
2251,2018-04-04 19:00:00,140.4
2252,2018-04-04 20:00:00,141.05
2253,2018-04-04 21:00:00,140.82
2254,2018-04-04 22:00:00,141.45
2255,2018-04-04 23:00:00,141.51
2256,2018-04-05 00:00:00,141.42
2257,2018-04-05 01:00:00,140.62
2258,2018-04-05 02:00:00,141.68
2259,2018-04-05 03:00:00,141.08
2260,2018-04-05 04:00:00,140.57
2261,2018-04-05 05:00:00,141.28
2262,2018-04-05 06:00:00,141.58
2263,2018-04-05 07:00:00,122.84
2264,2018-04-05 08:00:00,74.06
2265,2018-04-05 09:00:00,78.13
2266,2018-04-05 10:00:00,97.56
2267,2018-04-05 11:00:00,114.64
2268,2018-04-05 12:00:00,116.97
2269,2018-04-05 13:00:00,117.82
2270,2018-04-05 14:00:00,120.57
2271,2018-04-05 15:00:00,117.33
2272,2018-04-05 16:00:00,107.53
2273,2018-04-05 17:00:00,103.31
2274,2018-04-05 18:00:00,95.8
2275,2018-04-05 19:00:00,86.11
2276,2018-04-05 20:00:00,84.3
2277,2018-04-05 21:00:00,97.29
2278,2018-04-05 22:00:00,112.18
2279,2018-04-05 23:00:00,105.43
2280,2018-04-06 00:00:00,91.68
2281,2018-04-06 01:00:00,82.89
2282,2018-04-06 02:00:00,80.99
2283,2018-04-06 03:00:00,76.03
2284,2018-04-06 04:00:00,62.85
2285,2018-04-06 05:00:00,47.26
2286,2018-04-06 06:00:00,54.65
2287,2018-04-06 07:00:00,65.31
2288,2018-04-06 08:00:00,67.71
2289,2018-04-06 09:00:00,57.47
2290,2018-04-06 10:00:00,54.94
2291,2018-04-06 11:00:00,64.55
2292,2018-04-06 12:00:00,84.09
2293,2018-04-06 13:00:00,99.65
2294,2018-04-06 14:00:00,114.34
2295,2018-04-06 15:00:00,119.12
2296,2018-04-06 16:00:00,109.77
2297,2018-04-06 17:00:00,111.46
2298,2018-04-06 18:00:00,130.39
2299,2018-04-06 19:00:00,141.39
2300,2018-04-06 20:00:00,135.68
2301,2018-04-06 21:00:00,124.98
2302,2018-04-06 22:00:00,119.72
2303,2018-04-06 23:00:00,115.01
2304,2018-04-07 00:00:00,97.13
2305,2018-04-07 01:00:00,75.84
2306,2018-04-07 02:00:00,71.11
2307,2018-04-07 03:00:00,61.18
2308,2018-04-07 04:00:00,47.42
2309,2018-04-07 05:00:00,44.26
2310,2018-04-07 06:00:00,54.17
2311,2018-04-07 07:00:00,70.78
2312,2018-04-07 08:00:00,90.34
2313,2018-04-07 09:00:00,102.9
2314,2018-04-07 10:00:00,115.75
2315,2018-04-07 11:00:00,128.31
2316,2018-04-07 12:00:00,130.23
2317,2018-04-07 13:00:00,137.95
2318,2018-04-07 14:00:00,140.11
2319,2018-04-07 15:00:00,141.07
2320,2018-04-07 16:00:00,141.27
2321,2018-04-07 17:00:00,141.75
2322,2018-04-07 18:00:00,141.43
2323,2018-04-07 19:00:00,141.64
2324,2018-04-07 20:00:00,141.27
2325,2018-04-07 21:00:00,141.14
2326,2018-04-07 22:00:00,141.05
2327,2018-04-07 23:00:00,140.64
2328,2018-04-08 00:00:00,140.81
2329,2018-04-08 01:00:00,141.15
2330,2018-04-08 02:00:00,141.32
2331,2018-04-08 03:00:00,141.17
2332,2018-04-08 04:00:00,141.59
2333,2018-04-08 05:00:00,141.12
2334,2018-04-08 06:00:00,140.63
2335,2018-04-08 07:00:00,141.48
2336,2018-04-08 08:00:00,141.08
2337,2018-04-08 09:00:00,133.89
2338,2018-04-08 10:00:00,95.58
2339,2018-04-08 11:00:00,80.58
2340,2018-04-08 12:00:00,73.27
2341,2018-04-08 13:00:00,73.07
2342,2018-04-08 14:00:00,70.96
2343,2018-04-08 15:00:00,71.18
2344,2018-04-08 16:00:00,78.52
2345,2018-04-08 17:00:00,95.31
2346,2018-04-08 18:00:00,99.89
2347,2018-04-08 19:00:00,84.31
2348,2018-04-08 20:00:00,63.36
2349,2018-04-08 21:00:00,60.77
2350,2018-04-08 22:00:00,58.88
2351,2018-04-08 23:00:00,60.66
2352,2018-04-09 00:00:00,64.37
2353,2018-04-09 01:00:00,49.45
2354,2018-04-09 02:00:00,41.55
2355,2018-04-09 03:00:00,34.88
2356,2018-04-09 04:00:00,32.18
2357,2018-04-09 05:00:00,32.75
2358,2018-04-09 06:00:00,29.39
2359,2018-04-09 07:00:00,26.72
2360,2018-04-09 08:00:00,27.86
2361,2018-04-09 09:00:00,29.04
2362,2018-04-09 10:00:00,33.96
2363,2018-04-09 11:00:00,43.52
2364,2018-04-09 12:00:00,67.9
2365,2018-04-09 13:00:00,82.73
2366,2018-04-09 14:00:00,93.58
2367,2018-04-09 15:00:00,97.65
2368,2018-04-09 16:00:00,95.37
2369,2018-04-09 17:00:00,91.75
2370,2018-04-09 18:00:00,87.78
2371,2018-04-09 19:00:00,82.73
2372,2018-04-09 20:00:00,84.52
2373,2018-04-09 21:00:00,90.84
2374,2018-04-09 22:00:00,105.15
2375,2018-04-09 23:00:00,119.66
2376,2018-04-10 00:00:00,125.43
2377,2018-04-10 01:00:00,101.82
2378,2018-04-10 02:00:00,69.43
2379,2018-04-10 03:00:00,51.51
2380,2018-04-10 04:00:00,41.52
2381,2018-04-10 05:00:00,39.19
2382,2018-04-10 06:00:00,41.63
2383,2018-04-10 07:00:00,48.01
2384,2018-04-10 08:00:00,65.75
2385,2018-04-10 09:00:00,79.58
2386,2018-04-10 10:00:00,93.63
2387,2018-04-10 11:00:00,85.91
2388,2018-04-10 12:00:00,78.43
2389,2018-04-10 13:00:00,77.37
2390,2018-04-10 14:00:00,84.88
2391,2018-04-10 15:00:00,90.46
2392,2018-04-10 16:00:00,85.73
2393,2018-04-10 17:00:00,78.28
2394,2018-04-10 18:00:00,68.38
2395,2018-04-10 19:00:00,66.38
2396,2018-04-10 20:00:00,81.31
2397,2018-04-10 21:00:00,92.45
2398,2018-04-10 22:00:00,97.28
2399,2018-04-10 23:00:00,86.03
2400,2018-04-11 00:00:00,73.8
2401,2018-04-11 01:00:00,55.95
2402,2018-04-11 02:00:00,40.59
2403,2018-04-11 03:00:00,30.45
2404,2018-04-11 04:00:00,26.11
2405,2018-04-11 05:00:00,24.74
2406,2018-04-11 06:00:00,24.55
2407,2018-04-11 07:00:00,25.7
2408,2018-04-11 08:00:00,27.95
2409,2018-04-11 09:00:00,32.65
2410,2018-04-11 10:00:00,43.86
2411,2018-04-11 11:00:00,51.92
2412,2018-04-11 12:00:00,62.24
2413,2018-04-11 13:00:00,63.65
2414,2018-04-11 14:00:00,72.23
2415,2018-04-11 15:00:00,80.26
2416,2018-04-11 16:00:00,107.81
2417,2018-04-11 17:00:00,122.69
2418,2018-04-11 18:00:00,140.94
2419,2018-04-11 19:00:00,141.4
2420,2018-04-11 20:00:00,141.06
2421,2018-04-11 21:00:00,141.1
2422,2018-04-11 22:00:00,141.11
2423,2018-04-11 23:00:00,141.32
2424,2018-04-12 00:00:00,141.6
2425,2018-04-12 01:00:00,141.54
2426,2018-04-12 02:00:00,140.89
2427,2018-04-12 03:00:00,140.56
2428,2018-04-12 04:00:00,140.56
2429,2018-04-12 05:00:00,141.35
2430,2018-04-12 06:00:00,114.79
2431,2018-04-12 07:00:00,61.1
2432,2018-04-12 08:00:00,51.64
2433,2018-04-12 09:00:00,65.4
2434,2018-04-12 10:00:00,85.55
2435,2018-04-12 11:00:00,112.39
2436,2018-04-12 12:00:00,120.24
2437,2018-04-12 13:00:00,112.97
2438,2018-04-12 14:00:00,112.29
2439,2018-04-12 15:00:00,106.64
2440,2018-04-12 16:00:00,98.17
2441,2018-04-12 17:00:00,87.7
2442,2018-04-12 18:00:00,82.66
2443,2018-04-12 19:00:00,81.55
2444,2018-04-12 20:00:00,80.99
2445,2018-04-12 21:00:00,92.02
2446,2018-04-12 22:00:00,104.64
2447,2018-04-12 23:00:00,95.86
2448,2018-04-13 00:00:00,82.56
2449,2018-04-13 01:00:00,73.11
2450,2018-04-13 02:00:00,77.06
2451,2018-04-13 03:00:00,74.75
2452,2018-04-13 04:00:00,60.53
2453,2018-04-13 05:00:00,46.84
2454,2018-04-13 06:00:00,53.71
2455,2018-04-13 07:00:00,64.1
2456,2018-04-13 08:00:00,65.82
2457,2018-04-13 09:00:00,54.44
2458,2018-04-13 10:00:00,52.47
2459,2018-04-13 11:00:00,59.02
2460,2018-04-13 12:00:00,75.98
2461,2018-04-13 13:00:00,93.44
2462,2018-04-13 14:00:00,104.68
2463,2018-04-13 15:00:00,113.27
2464,2018-04-13 16:00:00,109.04
2465,2018-04-13 17:00:00,116.35
2466,2018-04-13 18:00:00,127.64
2467,2018-04-13 19:00:00,139.55
2468,2018-04-13 20:00:00,126.51
2469,2018-04-13 21:00:00,108.2
2470,2018-04-13 22:00:00,104.87
2471,2018-04-13 23:00:00,101.61
2472,2018-04-14 00:00:00,93.62
2473,2018-04-14 01:00:00,74.89
2474,2018-04-14 02:00:00,66.75
2475,2018-04-14 03:00:00,54.86
2476,2018-04-14 04:00:00,44.15
2477,2018-04-14 05:00:00,39.06
2478,2018-04-14 06:00:00,49.35
2479,2018-04-14 07:00:00,64.03
2480,2018-04-14 08:00:00,83.98
2481,2018-04-14 09:00:00,97.31
2482,2018-04-14 10:00:00,112.23
2483,2018-04-14 11:00:00,130.54
2484,2018-04-14 12:00:00,125.02
2485,2018-04-14 13:00:00,131.33
2486,2018-04-14 14:00:00,141.67
2487,2018-04-14 15:00:00,141.65
2488,2018-04-14 16:00:00,140.92
2489,2018-04-14 17:00:00,140.56
2490,2018-04-14 18:00:00,140.33
2491,2018-04-14 19:00:00,140.56
2492,2018-04-14 20:00:00,141.33
2493,2018-04-14 21:00:00,141.23
2494,2018-04-14 22:00:00,140.97
2495,2018-04-14 23:00:00,141.1
2496,2018-04-15 00:00:00,141.62
2497,2018-04-15 01:00:00,140.99
2498,2018-04-15 02:00:00,141.22
2499,2018-04-15 03:00:00,141.1
2500,2018-04-15 04:00:00,141.99
2501,2018-04-15 05:00:00,141.43
2502,2018-04-15 06:00:00,141.36
2503,2018-04-15 07:00:00,129.46
2504,2018-04-15 08:00:00,91.86
2505,2018-04-15 09:00:00,78.3
2506,2018-04-15 10:00:00,70.25
2507,2018-04-15 11:00:00,63.41
2508,2018-04-15 12:00:00,66.58
2509,2018-04-15 13:00:00,68.21
2510,2018-04-15 14:00:00,67.33
2511,2018-04-15 15:00:00,71.38
2512,2018-04-15 16:00:00,72.74
2513,2018-04-15 17:00:00,92.47
2514,2018-04-15 18:00:00,90.55
2515,2018-04-15 19:00:00,77.69
2516,2018-04-15 20:00:00,62.82
2517,2018-04-15 21:00:00,57.62
2518,2018-04-15 22:00:00,57.44
2519,2018-04-15 23:00:00,59.78
2520,2018-04-16 00:00:00,63.64
2521,2018-04-16 01:00:00,51.44
2522,2018-04-16 02:00:00,39.77
2523,2018-04-16 03:00:00,34.08
2524,2018-04-16 04:00:00,32.7
2525,2018-04-16 05:00:00,30.68
2526,2018-04-16 06:00:00,28.8
2527,2018-04-16 07:00:00,27.29
2528,2018-04-16 08:00:00,26.71
2529,2018-04-16 09:00:00,27.95
2530,2018-04-16 10:00:00,33.14
2531,2018-04-16 11:00:00,43.05
2532,2018-04-16 12:00:00,63.13
2533,2018-04-16 13:00:00,82.54
2534,2018-04-16 14:00:00,93.47
2535,2018-04-16 15:00:00,88.82
2536,2018-04-16 16:00:00,89.54
2537,2018-04-16 17:00:00,93.08
2538,2018-04-16 18:00:00,81.89
2539,2018-04-16 19:00:00,79.01
2540,2018-04-16 20:00:00,82.45
2541,2018-04-16 21:00:00,81.09
2542,2018-04-16 22:00:00,96.98
2543,2018-04-16 23:00:00,112.49
2544,2018-04-17 00:00:00,117.19
2545,2018-04-17 01:00:00,97.57
2546,2018-04-17 02:00:00,70.75
2547,2018-04-17 03:00:00,52.9
2548,2018-04-17 04:00:00,44.23
2549,2018-04-17 05:00:00,40.4
2550,2018-04-17 06:00:00,39.29
2551,2018-04-17 07:00:00,43.73
2552,2018-04-17 08:00:00,57.98
2553,2018-04-17 09:00:00,72.56
2554,2018-04-17 10:00:00,81.73
2555,2018-04-17 11:00:00,80.02
2556,2018-04-17 12:00:00,72.12
2557,2018-04-17 13:00:00,72.26
2558,2018-04-17 14:00:00,77.15
2559,2018-04-17 15:00:00,82.69
2560,2018-04-17 16:00:00,84.75
2561,2018-04-17 17:00:00,74.05
2562,2018-04-17 18:00:00,62.44
2563,2018-04-17 19:00:00,67.05
2564,2018-04-17 20:00:00,80.9
2565,2018-04-17 21:00:00,96.87
2566,2018-04-17 22:00:00,96.69
2567,2018-04-17 23:00:00,83.17
2568,2018-04-18 00:00:00,72.69
2569,2018-04-18 01:00:00,52.64
2570,2018-04-18 02:00:00,40.16
2571,2018-04-18 03:00:00,31.63
2572,2018-04-18 04:00:00,26.42
2573,2018-04-18 05:00:00,24.48
2574,2018-04-18 06:00:00,25.08
2575,2018-04-18 07:00:00,25.18
2576,2018-04-18 08:00:00,27.71
2577,2018-04-18 09:00:00,32.73
2578,2018-04-18 10:00:00,40.8
2579,2018-04-18 11:00:00,48.7
2580,2018-04-18 12:00:00,60.74
2581,2018-04-18 13:00:00,64.92
2582,2018-04-18 14:00:00,72.81
2583,2018-04-18 15:00:00,82.32
2584,2018-04-18 16:00:00,98.32
2585,2018-04-18 17:00:00,113.27
2586,2018-04-18 18:00:00,137.92
2587,2018-04-18 19:00:00,140.85
2588,2018-04-18 20:00:00,141.15
2589,2018-04-18 21:00:00,140.45
2590,2018-04-18 22:00:00,140.11
2591,2018-04-18 23:00:00,140.8
2592,2018-04-19 00:00:00,140.5
2593,2018-04-19 01:00:00,141.13
2594,2018-04-19 02:00:00,141.04
2595,2018-04-19 03:00:00,141.07
2596,2018-04-19 04:00:00,141.44
2597,2018-04-19 05:00:00,131.78
2598,2018-04-19 06:00:00,68.3
2599,2018-04-19 07:00:00,43.32
2600,2018-04-19 08:00:00,48.71
2601,2018-04-19 09:00:00,63.65
2602,2018-04-19 10:00:00,86.02
2603,2018-04-19 11:00:00,104.69
2604,2018-04-19 12:00:00,110.17
2605,2018-04-19 13:00:00,111.13
2606,2018-04-19 14:00:00,111.96
2607,2018-04-19 15:00:00,107.07
2608,2018-04-19 16:00:00,97.47
2609,2018-04-19 17:00:00,90.88
2610,2018-04-19 18:00:00,88.12
2611,2018-04-19 19:00:00,81.36
2612,2018-04-19 20:00:00,79.59
2613,2018-04-19 21:00:00,90.32
2614,2018-04-19 22:00:00,97.74
2615,2018-04-19 23:00:00,92.93
2616,2018-04-20 00:00:00,81.8
2617,2018-04-20 01:00:00,71.37
2618,2018-04-20 02:00:00,74.7
2619,2018-04-20 03:00:00,74.5
2620,2018-04-20 04:00:00,61.82
2621,2018-04-20 05:00:00,44.55
2622,2018-04-20 06:00:00,49.83
2623,2018-04-20 07:00:00,61.24
2624,2018-04-20 08:00:00,63.12
2625,2018-04-20 09:00:00,53.57
2626,2018-04-20 10:00:00,50.34
2627,2018-04-20 11:00:00,57.65
2628,2018-04-20 12:00:00,73.94
2629,2018-04-20 13:00:00,95.71
2630,2018-04-20 14:00:00,106.02
2631,2018-04-20 15:00:00,100.46
2632,2018-04-20 16:00:00,97.46
2633,2018-04-20 17:00:00,107.96
2634,2018-04-20 18:00:00,124.7
2635,2018-04-20 19:00:00,131.91
2636,2018-04-20 20:00:00,122.99
2637,2018-04-20 21:00:00,115.46
2638,2018-04-20 22:00:00,104.9
2639,2018-04-20 23:00:00,106.85
2640,2018-04-21 00:00:00,92.11
2641,2018-04-21 01:00:00,77.57
2642,2018-04-21 02:00:00,67.05
2643,2018-04-21 03:00:00,57.19
2644,2018-04-21 04:00:00,43.15
2645,2018-04-21 05:00:00,38.08
2646,2018-04-21 06:00:00,47.49
2647,2018-04-21 07:00:00,62.61
2648,2018-04-21 08:00:00,79.38
2649,2018-04-21 09:00:00,93.11
2650,2018-04-21 10:00:00,104.66
2651,2018-04-21 11:00:00,122.17
2652,2018-04-21 12:00:00,128.12
2653,2018-04-21 13:00:00,134.24
2654,2018-04-21 14:00:00,140.86
2655,2018-04-21 15:00:00,140.92
2656,2018-04-21 16:00:00,140.72
2657,2018-04-21 17:00:00,140.3
2658,2018-04-21 18:00:00,141.1
2659,2018-04-21 19:00:00,140.28
2660,2018-04-21 20:00:00,140.49
2661,2018-04-21 21:00:00,140.66
2662,2018-04-21 22:00:00,141.25
2663,2018-04-21 23:00:00,141.08
2664,2018-04-22 00:00:00,141.04
2665,2018-04-22 01:00:00,141.07
2666,2018-04-22 02:00:00,141.35
2667,2018-04-22 03:00:00,141.01
2668,2018-04-22 04:00:00,141.1
2669,2018-04-22 05:00:00,141.2
2670,2018-04-22 06:00:00,140.61
2671,2018-04-22 07:00:00,110.68
2672,2018-04-22 08:00:00,83.2
2673,2018-04-22 09:00:00,73.82
2674,2018-04-22 10:00:00,68.74
2675,2018-04-22 11:00:00,68.35
2676,2018-04-22 12:00:00,67.23
2677,2018-04-22 13:00:00,63.9
2678,2018-04-22 14:00:00,68.89
2679,2018-04-22 15:00:00,69.22
2680,2018-04-22 16:00:00,76.59
2681,2018-04-22 17:00:00,89.22
2682,2018-04-22 18:00:00,91.06
2683,2018-04-22 19:00:00,75.74
2684,2018-04-22 20:00:00,60.11
2685,2018-04-22 21:00:00,55.28
2686,2018-04-22 22:00:00,54.13
2687,2018-04-22 23:00:00,58.12
2688,2018-04-23 00:00:00,64.76
2689,2018-04-23 01:00:00,48.4
2690,2018-04-23 02:00:00,38.94
2691,2018-04-23 03:00:00,34.3
2692,2018-04-23 04:00:00,30.93
2693,2018-04-23 05:00:00,30.65
2694,2018-04-23 06:00:00,28.3
2695,2018-04-23 07:00:00,27.22
2696,2018-04-23 08:00:00,25.86
2697,2018-04-23 09:00:00,29.05
2698,2018-04-23 10:00:00,34.23
2699,2018-04-23 11:00:00,40.87
2700,2018-04-23 12:00:00,59.62
2701,2018-04-23 13:00:00,75.18
2702,2018-04-23 14:00:00,91.97
2703,2018-04-23 15:00:00,89.27
2704,2018-04-23 16:00:00,89.54
2705,2018-04-23 17:00:00,89.38
2706,2018-04-23 18:00:00,82.85
2707,2018-04-23 19:00:00,89.44
2708,2018-04-23 20:00:00,85.72
2709,2018-04-23 21:00:00,80.2
2710,2018-04-23 22:00:00,91.76
2711,2018-04-23 23:00:00,117.16
2712,2018-04-24 00:00:00,122.94
2713,2018-04-24 01:00:00,101.59
2714,2018-04-24 02:00:00,71.29
2715,2018-04-24 03:00:00,51.36
2716,2018-04-24 04:00:00,43.23
2717,2018-04-24 05:00:00,42.03
2718,2018-04-24 06:00:00,40.07
2719,2018-04-24 07:00:00,45.72
2720,2018-04-24 08:00:00,65.65
2721,2018-04-24 09:00:00,76.73
2722,2018-04-24 10:00:00,91.34
2723,2018-04-24 11:00:00,81.6
2724,2018-04-24 12:00:00,73.08
2725,2018-04-24 13:00:00,73.25
2726,2018-04-24 14:00:00,79.33
2727,2018-04-24 15:00:00,81.16
2728,2018-04-24 16:00:00,83.78
2729,2018-04-24 17:00:00,75.48
2730,2018-04-24 18:00:00,68.32
2731,2018-04-24 19:00:00,66.48
2732,2018-04-24 20:00:00,80.83
2733,2018-04-24 21:00:00,91.05
2734,2018-04-24 22:00:00,95.46
2735,2018-04-24 23:00:00,78.51
2736,2018-04-25 00:00:00,68.4
2737,2018-04-25 01:00:00,55.7
2738,2018-04-25 02:00:00,39.48
2739,2018-04-25 03:00:00,29.85
2740,2018-04-25 04:00:00,25.73
2741,2018-04-25 05:00:00,24.47
2742,2018-04-25 06:00:00,24.12
2743,2018-04-25 07:00:00,24.92
2744,2018-04-25 08:00:00,27.51
2745,2018-04-25 09:00:00,30.71
2746,2018-04-25 10:00:00,39.67
2747,2018-04-25 11:00:00,49.38
2748,2018-04-25 12:00:00,65.6
2749,2018-04-25 13:00:00,69.85
2750,2018-04-25 14:00:00,75.52
2751,2018-04-25 15:00:00,87.88
2752,2018-04-25 16:00:00,106.3
2753,2018-04-25 17:00:00,117.9
2754,2018-04-25 18:00:00,138.88
2755,2018-04-25 19:00:00,140.62
2756,2018-04-25 20:00:00,140.83
2757,2018-04-25 21:00:00,140.97
2758,2018-04-25 22:00:00,140.98
2759,2018-04-25 23:00:00,141.02
2760,2018-04-26 00:00:00,141.13
2761,2018-04-26 01:00:00,141.54
2762,2018-04-26 02:00:00,141.33
2763,2018-04-26 03:00:00,141.28
2764,2018-04-26 04:00:00,140.95
2765,2018-04-26 05:00:00,136.22
2766,2018-04-26 06:00:00,81.53
2767,2018-04-26 07:00:00,49.15
2768,2018-04-26 08:00:00,47.71
2769,2018-04-26 09:00:00,62.97
2770,2018-04-26 10:00:00,89.84
2771,2018-04-26 11:00:00,110.76
2772,2018-04-26 12:00:00,118.83
2773,2018-04-26 13:00:00,116.42
2774,2018-04-26 14:00:00,114.91
2775,2018-04-26 15:00:00,109.37
2776,2018-04-26 16:00:00,98.63
2777,2018-04-26 17:00:00,87.7
2778,2018-04-26 18:00:00,83.53
2779,2018-04-26 19:00:00,79.22
2780,2018-04-26 20:00:00,82.34
2781,2018-04-26 21:00:00,95.87
2782,2018-04-26 22:00:00,99.99
2783,2018-04-26 23:00:00,95.76
2784,2018-04-27 00:00:00,87.65
2785,2018-04-27 01:00:00,78.65
2786,2018-04-27 02:00:00,78.12
2787,2018-04-27 03:00:00,74.28
2788,2018-04-27 04:00:00,58.28
2789,2018-04-27 05:00:00,45.55
2790,2018-04-27 06:00:00,51.88
2791,2018-04-27 07:00:00,62.62
2792,2018-04-27 08:00:00,64.54
2793,2018-04-27 09:00:00,51.46
2794,2018-04-27 10:00:00,51.32
2795,2018-04-27 11:00:00,58.98
2796,2018-04-27 12:00:00,77.51
2797,2018-04-27 13:00:00,94.74
2798,2018-04-27 14:00:00,103.05
2799,2018-04-27 15:00:00,111.84
2800,2018-04-27 16:00:00,105.66
2801,2018-04-27 17:00:00,105.02
2802,2018-04-27 18:00:00,129.44
2803,2018-04-27 19:00:00,139.24
2804,2018-04-27 20:00:00,130.26
2805,2018-04-27 21:00:00,116.86
2806,2018-04-27 22:00:00,109.45
2807,2018-04-27 23:00:00,106.08
2808,2018-04-28 00:00:00,88.66
2809,2018-04-28 01:00:00,75.53
2810,2018-04-28 02:00:00,69.78
2811,2018-04-28 03:00:00,59.55
2812,2018-04-28 04:00:00,50.01
2813,2018-04-28 05:00:00,41.4
2814,2018-04-28 06:00:00,53.77
2815,2018-04-28 07:00:00,64.5
2816,2018-04-28 08:00:00,81.34
2817,2018-04-28 09:00:00,94.12
2818,2018-04-28 10:00:00,109.93
2819,2018-04-28 11:00:00,128.63
2820,2018-04-28 12:00:00,128.61
2821,2018-04-28 13:00:00,134.05
2822,2018-04-28 14:00:00,141.56
2823,2018-04-28 15:00:00,141.62
2824,2018-04-28 16:00:00,142.05
2825,2018-04-28 17:00:00,141.97
2826,2018-04-28 18:00:00,142.08
2827,2018-04-28 19:00:00,141.4
2828,2018-04-28 20:00:00,141.67
2829,2018-04-28 21:00:00,141.65
2830,2018-04-28 22:00:00,140.42
2831,2018-04-28 23:00:00,141.16
2832,2018-04-29 00:00:00,141.29
2833,2018-04-29 01:00:00,140.86
2834,2018-04-29 02:00:00,141.27
2835,2018-04-29 03:00:00,141.25
2836,2018-04-29 04:00:00,141.49
2837,2018-04-29 05:00:00,140.92
2838,2018-04-29 06:00:00,140.89
2839,2018-04-29 07:00:00,140.73
2840,2018-04-29 08:00:00,103.14
2841,2018-04-29 09:00:00,82.23
2842,2018-04-29 10:00:00,77.25
2843,2018-04-29 11:00:00,67.35
2844,2018-04-29 12:00:00,69.24
2845,2018-04-29 13:00:00,65.8
2846,2018-04-29 14:00:00,64.7
2847,2018-04-29 15:00:00,68.55
2848,2018-04-29 16:00:00,79.41
2849,2018-04-29 17:00:00,93.31
2850,2018-04-29 18:00:00,90.8
2851,2018-04-29 19:00:00,78.51
2852,2018-04-29 20:00:00,62.46
2853,2018-04-29 21:00:00,56.23
2854,2018-04-29 22:00:00,57.25
2855,2018-04-29 23:00:00,61.56
2856,2018-04-30 00:00:00,69.83
2857,2018-04-30 01:00:00,50.72
2858,2018-04-30 02:00:00,38.43
2859,2018-04-30 03:00:00,34.57
2860,2018-04-30 04:00:00,32.82
2861,2018-04-30 05:00:00,31.56
2862,2018-04-30 06:00:00,28.42
2863,2018-04-30 07:00:00,27.99
2864,2018-04-30 08:00:00,26.99
2865,2018-04-30 09:00:00,29.22
2866,2018-04-30 10:00:00,33.17
2867,2018-04-30 11:00:00,41.54
2868,2018-04-30 12:00:00,58.68
2869,2018-04-30 13:00:00,78.95
2870,2018-04-30 14:00:00,94.65
2871,2018-04-30 15:00:00,94.6
2872,2018-04-30 16:00:00,94.4
2873,2018-04-30 17:00:00,88.25
2874,2018-04-30 18:00:00,82.72
2875,2018-04-30 19:00:00,81.85
2876,2018-04-30 20:00:00,89.99
2877,2018-04-30 21:00:00,87.42
2878,2018-04-30 22:00:00,98.83
2879,2018-04-30 23:00:00,120.89
2880,2018-05-01 00:00:00,126.64
2881,2018-05-01 01:00:00,105.17
2882,2018-05-01 02:00:00,71.06
2883,2018-05-01 03:00:00,51.34
2884,2018-05-01 04:00:00,45.17
2885,2018-05-01 05:00:00,42.92
2886,2018-05-01 06:00:00,41.9
2887,2018-05-01 07:00:00,42.88
2888,2018-05-01 08:00:00,59.06
2889,2018-05-01 09:00:00,79.33
2890,2018-05-01 10:00:00,92.07
2891,2018-05-01 11:00:00,86.81
2892,2018-05-01 12:00:00,82.01
2893,2018-05-01 13:00:00,76.34
2894,2018-05-01 14:00:00,81.47
2895,2018-05-01 15:00:00,82.85
2896,2018-05-01 16:00:00,80.57
2897,2018-05-01 17:00:00,72.46
2898,2018-05-01 18:00:00,69.21
2899,2018-05-01 19:00:00,66.55
2900,2018-05-01 20:00:00,86.06
2901,2018-05-01 21:00:00,97.33
2902,2018-05-01 22:00:00,97.96
2903,2018-05-01 23:00:00,83.71
2904,2018-05-02 00:00:00,70.02
2905,2018-05-02 01:00:00,53.93
2906,2018-05-02 02:00:00,41.81
2907,2018-05-02 03:00:00,30.88
2908,2018-05-02 04:00:00,26.23
2909,2018-05-02 05:00:00,24.62
2910,2018-05-02 06:00:00,24.66
2911,2018-05-02 07:00:00,25.21
2912,2018-05-02 08:00:00,27.49
2913,2018-05-02 09:00:00,30.99
2914,2018-05-02 10:00:00,40.51
2915,2018-05-02 11:00:00,49.93
2916,2018-05-02 12:00:00,62.75
2917,2018-05-02 13:00:00,66.81
2918,2018-05-02 14:00:00,78.81
2919,2018-05-02 15:00:00,87.99
2920,2018-05-02 16:00:00,107.83
2921,2018-05-02 17:00:00,123.58
2922,2018-05-02 18:00:00,138.34
2923,2018-05-02 19:00:00,141.24
2924,2018-05-02 20:00:00,141.97
2925,2018-05-02 21:00:00,141.0
2926,2018-05-02 22:00:00,141.69
2927,2018-05-02 23:00:00,141.07
2928,2018-05-03 00:00:00,141.13
2929,2018-05-03 01:00:00,140.99
2930,2018-05-03 02:00:00,141.42
2931,2018-05-03 03:00:00,141.73
2932,2018-05-03 04:00:00,140.5
2933,2018-05-03 05:00:00,140.97
2934,2018-05-03 06:00:00,128.0
2935,2018-05-03 07:00:00,67.78
2936,2018-05-03 08:00:00,52.19
2937,2018-05-03 09:00:00,69.0
2938,2018-05-03 10:00:00,91.66
2939,2018-05-03 11:00:00,112.73
2940,2018-05-03 12:00:00,117.28
2941,2018-05-03 13:00:00,114.7
2942,2018-05-03 14:00:00,116.16
2943,2018-05-03 15:00:00,112.41
2944,2018-05-03 16:00:00,101.58
2945,2018-05-03 17:00:00,91.01
2946,2018-05-03 18:00:00,84.58
2947,2018-05-03 19:00:00,83.13
2948,2018-05-03 20:00:00,86.81
2949,2018-05-03 21:00:00,93.6
2950,2018-05-03 22:00:00,102.59
2951,2018-05-03 23:00:00,102.89
2952,2018-05-04 00:00:00,87.61
2953,2018-05-04 01:00:00,77.33
2954,2018-05-04 02:00:00,82.31
2955,2018-05-04 03:00:00,78.25
2956,2018-05-04 04:00:00,61.59
2957,2018-05-04 05:00:00,44.76
2958,2018-05-04 06:00:00,52.48
2959,2018-05-04 07:00:00,63.71
2960,2018-05-04 08:00:00,64.7
2961,2018-05-04 09:00:00,58.01
2962,2018-05-04 10:00:00,50.47
2963,2018-05-04 11:00:00,57.4
2964,2018-05-04 12:00:00,78.13
2965,2018-05-04 13:00:00,96.26
2966,2018-05-04 14:00:00,111.33
2967,2018-05-04 15:00:00,117.07
2968,2018-05-04 16:00:00,109.33
2969,2018-05-04 17:00:00,112.2
2970,2018-05-04 18:00:00,127.55
2971,2018-05-04 19:00:00,139.57
2972,2018-05-04 20:00:00,139.68
2973,2018-05-04 21:00:00,120.87
2974,2018-05-04 22:00:00,108.8
2975,2018-05-04 23:00:00,106.23
2976,2018-05-05 00:00:00,92.11
2977,2018-05-05 01:00:00,73.3
2978,2018-05-05 02:00:00,66.49
2979,2018-05-05 03:00:00,57.26
2980,2018-05-05 04:00:00,48.48
2981,2018-05-05 05:00:00,41.49
2982,2018-05-05 06:00:00,54.22
2983,2018-05-05 07:00:00,74.82
2984,2018-05-05 08:00:00,87.9
2985,2018-05-05 09:00:00,99.86
2986,2018-05-05 10:00:00,116.26
2987,2018-05-05 11:00:00,127.91
2988,2018-05-05 12:00:00,135.39
2989,2018-05-05 13:00:00,137.49
2990,2018-05-05 14:00:00,140.61
2991,2018-05-05 15:00:00,140.73
2992,2018-05-05 16:00:00,140.95
2993,2018-05-05 17:00:00,140.88
2994,2018-05-05 18:00:00,140.75
2995,2018-05-05 19:00:00,140.24
2996,2018-05-05 20:00:00,140.6
2997,2018-05-05 21:00:00,140.73
2998,2018-05-05 22:00:00,140.56
2999,2018-05-05 23:00:00,140.5
3000,2018-05-06 00:00:00,140.92
3001,2018-05-06 01:00:00,141.49
3002,2018-05-06 02:00:00,140.72
3003,2018-05-06 03:00:00,141.49
3004,2018-05-06 04:00:00,140.97
3005,2018-05-06 05:00:00,141.57
3006,2018-05-06 06:00:00,140.97
3007,2018-05-06 07:00:00,140.72
3008,2018-05-06 08:00:00,141.58
3009,2018-05-06 09:00:00,121.86
3010,2018-05-06 10:00:00,93.6
3011,2018-05-06 11:00:00,80.71
3012,2018-05-06 12:00:00,72.02
3013,2018-05-06 13:00:00,70.76
3014,2018-05-06 14:00:00,72.64
3015,2018-05-06 15:00:00,69.09
3016,2018-05-06 16:00:00,75.8
3017,2018-05-06 17:00:00,93.22
3018,2018-05-06 18:00:00,92.75
3019,2018-05-06 19:00:00,77.95
3020,2018-05-06 20:00:00,64.07
3021,2018-05-06 21:00:00,61.5
3022,2018-05-06 22:00:00,59.96
3023,2018-05-06 23:00:00,61.2
3024,2018-05-07 00:00:00,70.76
3025,2018-05-07 01:00:00,54.84
3026,2018-05-07 02:00:00,44.01
3027,2018-05-07 03:00:00,36.11
3028,2018-05-07 04:00:00,31.58
3029,2018-05-07 05:00:00,30.23
3030,2018-05-07 06:00:00,29.48
3031,2018-05-07 07:00:00,28.32
3032,2018-05-07 08:00:00,27.62
3033,2018-05-07 09:00:00,28.77
3034,2018-05-07 10:00:00,33.2
3035,2018-05-07 11:00:00,42.89
3036,2018-05-07 12:00:00,59.42
3037,2018-05-07 13:00:00,81.22
3038,2018-05-07 14:00:00,92.92
3039,2018-05-07 15:00:00,101.04
3040,2018-05-07 16:00:00,97.51
3041,2018-05-07 17:00:00,91.53
3042,2018-05-07 18:00:00,87.65
3043,2018-05-07 19:00:00,87.73
3044,2018-05-07 20:00:00,91.25
3045,2018-05-07 21:00:00,90.46
3046,2018-05-07 22:00:00,100.67
3047,2018-05-07 23:00:00,125.46
3048,2018-05-08 00:00:00,125.57
3049,2018-05-08 01:00:00,103.44
3050,2018-05-08 02:00:00,73.53
3051,2018-05-08 03:00:00,53.58
3052,2018-05-08 04:00:00,42.9
3053,2018-05-08 05:00:00,41.69
3054,2018-05-08 06:00:00,42.5
3055,2018-05-08 07:00:00,46.96
3056,2018-05-08 08:00:00,62.99
3057,2018-05-08 09:00:00,79.07
3058,2018-05-08 10:00:00,91.76
3059,2018-05-08 11:00:00,87.16
3060,2018-05-08 12:00:00,79.84
3061,2018-05-08 13:00:00,76.98
3062,2018-05-08 14:00:00,82.28
3063,2018-05-08 15:00:00,88.82
3064,2018-05-08 16:00:00,88.34
3065,2018-05-08 17:00:00,78.95
3066,2018-05-08 18:00:00,72.39
3067,2018-05-08 19:00:00,70.25
3068,2018-05-08 20:00:00,87.51
3069,2018-05-08 21:00:00,98.82
3070,2018-05-08 22:00:00,101.04
3071,2018-05-08 23:00:00,85.8
3072,2018-05-09 00:00:00,76.31
3073,2018-05-09 01:00:00,59.66
3074,2018-05-09 02:00:00,40.49
3075,2018-05-09 03:00:00,31.07
3076,2018-05-09 04:00:00,26.14
3077,2018-05-09 05:00:00,24.72
3078,2018-05-09 06:00:00,24.61
3079,2018-05-09 07:00:00,25.25
3080,2018-05-09 08:00:00,27.58
3081,2018-05-09 09:00:00,32.81
3082,2018-05-09 10:00:00,43.39
3083,2018-05-09 11:00:00,51.61
3084,2018-05-09 12:00:00,65.83
3085,2018-05-09 13:00:00,76.67
3086,2018-05-09 14:00:00,79.34
3087,2018-05-09 15:00:00,84.63
3088,2018-05-09 16:00:00,102.2
3089,2018-05-09 17:00:00,127.34
3090,2018-05-09 18:00:00,140.89
3091,2018-05-09 19:00:00,140.76
3092,2018-05-09 20:00:00,141.25
3093,2018-05-09 21:00:00,140.68
3094,2018-05-09 22:00:00,140.83
3095,2018-05-09 23:00:00,140.63
3096,2018-05-10 00:00:00,141.21
3097,2018-05-10 01:00:00,141.25
3098,2018-05-10 02:00:00,141.63
3099,2018-05-10 03:00:00,141.28
3100,2018-05-10 04:00:00,141.3
3101,2018-05-10 05:00:00,141.11
3102,2018-05-10 06:00:00,141.24
3103,2018-05-10 07:00:00,98.78
3104,2018-05-10 08:00:00,61.37
3105,2018-05-10 09:00:00,76.05
3106,2018-05-10 10:00:00,92.55
3107,2018-05-10 11:00:00,116.02
3108,2018-05-10 12:00:00,120.9
3109,2018-05-10 13:00:00,120.65
3110,2018-05-10 14:00:00,118.59
3111,2018-05-10 15:00:00,114.8
3112,2018-05-10 16:00:00,109.69
3113,2018-05-10 17:00:00,97.5
3114,2018-05-10 18:00:00,88.4
3115,2018-05-10 19:00:00,85.16
3116,2018-05-10 20:00:00,88.24
3117,2018-05-10 21:00:00,97.45
3118,2018-05-10 22:00:00,104.78
3119,2018-05-10 23:00:00,104.03
3120,2018-05-11 00:00:00,86.43
3121,2018-05-11 01:00:00,80.48
3122,2018-05-11 02:00:00,85.36
3123,2018-05-11 03:00:00,75.49
3124,2018-05-11 04:00:00,61.4
3125,2018-05-11 05:00:00,46.92
3126,2018-05-11 06:00:00,54.16
3127,2018-05-11 07:00:00,64.83
3128,2018-05-11 08:00:00,64.71
3129,2018-05-11 09:00:00,53.9
3130,2018-05-11 10:00:00,53.75
3131,2018-05-11 11:00:00,62.13
3132,2018-05-11 12:00:00,79.64
3133,2018-05-11 13:00:00,104.42
3134,2018-05-11 14:00:00,114.65
3135,2018-05-11 15:00:00,116.63
3136,2018-05-11 16:00:00,109.46
3137,2018-05-11 17:00:00,113.75
3138,2018-05-11 18:00:00,134.16
3139,2018-05-11 19:00:00,140.91
3140,2018-05-11 20:00:00,136.43
3141,2018-05-11 21:00:00,117.17
3142,2018-05-11 22:00:00,116.26
3143,2018-05-11 23:00:00,115.66
3144,2018-05-12 00:00:00,97.07
3145,2018-05-12 01:00:00,78.15
3146,2018-05-12 02:00:00,71.04
3147,2018-05-12 03:00:00,62.13
3148,2018-05-12 04:00:00,48.47
3149,2018-05-12 05:00:00,37.94
3150,2018-05-12 06:00:00,49.99
3151,2018-05-12 07:00:00,74.61
3152,2018-05-12 08:00:00,94.79
3153,2018-05-12 09:00:00,111.28
3154,2018-05-12 10:00:00,118.5
3155,2018-05-12 11:00:00,132.28
3156,2018-05-12 12:00:00,137.87
3157,2018-05-12 13:00:00,140.96
3158,2018-05-12 14:00:00,140.95
3159,2018-05-12 15:00:00,141.33
3160,2018-05-12 16:00:00,141.56
3161,2018-05-12 17:00:00,141.15
3162,2018-05-12 18:00:00,140.81
3163,2018-05-12 19:00:00,140.61
3164,2018-05-12 20:00:00,140.77
3165,2018-05-12 21:00:00,140.84
3166,2018-05-12 22:00:00,141.11
3167,2018-05-12 23:00:00,141.01
3168,2018-05-13 00:00:00,141.14
3169,2018-05-13 01:00:00,141.92
3170,2018-05-13 02:00:00,141.01
3171,2018-05-13 03:00:00,141.37
3172,2018-05-13 04:00:00,141.28
3173,2018-05-13 05:00:00,141.27
3174,2018-05-13 06:00:00,141.13
3175,2018-05-13 07:00:00,141.06
3176,2018-05-13 08:00:00,140.94
3177,2018-05-13 09:00:00,141.07
3178,2018-05-13 10:00:00,125.58
3179,2018-05-13 11:00:00,86.35
3180,2018-05-13 12:00:00,75.81
3181,2018-05-13 13:00:00,75.79
3182,2018-05-13 14:00:00,75.58
3183,2018-05-13 15:00:00,72.73
3184,2018-05-13 16:00:00,80.95
3185,2018-05-13 17:00:00,99.84
3186,2018-05-13 18:00:00,100.05
3187,2018-05-13 19:00:00,79.0
3188,2018-05-13 20:00:00,62.24
3189,2018-05-13 21:00:00,59.92
3190,2018-05-13 22:00:00,62.09
3191,2018-05-13 23:00:00,62.84
3192,2018-05-14 00:00:00,66.67
3193,2018-05-14 01:00:00,49.29
3194,2018-05-14 02:00:00,40.68
3195,2018-05-14 03:00:00,34.06
3196,2018-05-14 04:00:00,31.07
3197,2018-05-14 05:00:00,29.83
3198,2018-05-14 06:00:00,30.4
3199,2018-05-14 07:00:00,27.82
3200,2018-05-14 08:00:00,27.39
3201,2018-05-14 09:00:00,32.14
3202,2018-05-14 10:00:00,35.31
3203,2018-05-14 11:00:00,41.8
3204,2018-05-14 12:00:00,65.12
3205,2018-05-14 13:00:00,89.63
3206,2018-05-14 14:00:00,100.75
3207,2018-05-14 15:00:00,101.71
3208,2018-05-14 16:00:00,97.3
3209,2018-05-14 17:00:00,95.36
3210,2018-05-14 18:00:00,85.9
3211,2018-05-14 19:00:00,86.77
3212,2018-05-14 20:00:00,91.68
3213,2018-05-14 21:00:00,92.36
3214,2018-05-14 22:00:00,101.0
3215,2018-05-14 23:00:00,126.52
3216,2018-05-15 00:00:00,132.95
3217,2018-05-15 01:00:00,109.91
3218,2018-05-15 02:00:00,73.89
3219,2018-05-15 03:00:00,55.76
3220,2018-05-15 04:00:00,45.65
3221,2018-05-15 05:00:00,42.16
3222,2018-05-15 06:00:00,41.3
3223,2018-05-15 07:00:00,48.63
3224,2018-05-15 08:00:00,68.94
3225,2018-05-15 09:00:00,81.2
3226,2018-05-15 10:00:00,92.62
3227,2018-05-15 11:00:00,87.95
3228,2018-05-15 12:00:00,80.88
3229,2018-05-15 13:00:00,77.43
3230,2018-05-15 14:00:00,82.41
3231,2018-05-15 15:00:00,87.08
3232,2018-05-15 16:00:00,86.66
3233,2018-05-15 17:00:00,82.44
3234,2018-05-15 18:00:00,71.33
3235,2018-05-15 19:00:00,72.33
3236,2018-05-15 20:00:00,88.06
3237,2018-05-15 21:00:00,107.57
3238,2018-05-15 22:00:00,108.23
3239,2018-05-15 23:00:00,90.4
3240,2018-05-16 00:00:00,76.35
3241,2018-05-16 01:00:00,61.24
3242,2018-05-16 02:00:00,43.99
3243,2018-05-16 03:00:00,30.95
3244,2018-05-16 04:00:00,26.02
3245,2018-05-16 05:00:00,24.86
3246,2018-05-16 06:00:00,25.49
3247,2018-05-16 07:00:00,25.68
3248,2018-05-16 08:00:00,26.98
3249,2018-05-16 09:00:00,31.68
3250,2018-05-16 10:00:00,42.78
3251,2018-05-16 11:00:00,50.26
3252,2018-05-16 12:00:00,62.52
3253,2018-05-16 13:00:00,69.02
3254,2018-05-16 14:00:00,77.8
3255,2018-05-16 15:00:00,90.63
3256,2018-05-16 16:00:00,107.29
3257,2018-05-16 17:00:00,128.0
3258,2018-05-16 18:00:00,141.11
3259,2018-05-16 19:00:00,141.27
3260,2018-05-16 20:00:00,140.78
3261,2018-05-16 21:00:00,140.81
3262,2018-05-16 22:00:00,140.81
3263,2018-05-16 23:00:00,141.18
3264,2018-05-17 00:00:00,141.32
3265,2018-05-17 01:00:00,141.59
3266,2018-05-17 02:00:00,141.56
3267,2018-05-17 03:00:00,140.98
3268,2018-05-17 04:00:00,141.0
3269,2018-05-17 05:00:00,140.18
3270,2018-05-17 06:00:00,140.63
3271,2018-05-17 07:00:00,137.07
3272,2018-05-17 08:00:00,91.01
3273,2018-05-17 09:00:00,80.43
3274,2018-05-17 10:00:00,96.62
3275,2018-05-17 11:00:00,115.87
3276,2018-05-17 12:00:00,129.85
3277,2018-05-17 13:00:00,128.27
3278,2018-05-17 14:00:00,126.31
3279,2018-05-17 15:00:00,121.7
3280,2018-05-17 16:00:00,111.85
3281,2018-05-17 17:00:00,98.39
3282,2018-05-17 18:00:00,92.91
3283,2018-05-17 19:00:00,84.73
3284,2018-05-17 20:00:00,85.67
3285,2018-05-17 21:00:00,93.66
3286,2018-05-17 22:00:00,101.82
3287,2018-05-17 23:00:00,108.43
3288,2018-05-18 00:00:00,87.68
3289,2018-05-18 01:00:00,78.98
3290,2018-05-18 02:00:00,88.67
3291,2018-05-18 03:00:00,86.51
3292,2018-05-18 04:00:00,65.99
3293,2018-05-18 05:00:00,51.13
3294,2018-05-18 06:00:00,57.94
3295,2018-05-18 07:00:00,69.94
3296,2018-05-18 08:00:00,65.6
3297,2018-05-18 09:00:00,56.59
3298,2018-05-18 10:00:00,56.05
3299,2018-05-18 11:00:00,65.56
3300,2018-05-18 12:00:00,85.94
3301,2018-05-18 13:00:00,104.15
3302,2018-05-18 14:00:00,116.6
3303,2018-05-18 15:00:00,116.89
3304,2018-05-18 16:00:00,111.65
3305,2018-05-18 17:00:00,118.62
3306,2018-05-18 18:00:00,129.45
3307,2018-05-18 19:00:00,141.2
3308,2018-05-18 20:00:00,140.5
3309,2018-05-18 21:00:00,135.53
3310,2018-05-18 22:00:00,115.13
3311,2018-05-18 23:00:00,113.96
3312,2018-05-19 00:00:00,104.04
3313,2018-05-19 01:00:00,86.19
3314,2018-05-19 02:00:00,74.87
3315,2018-05-19 03:00:00,64.39
3316,2018-05-19 04:00:00,52.24
3317,2018-05-19 05:00:00,43.43
3318,2018-05-19 06:00:00,56.57
3319,2018-05-19 07:00:00,73.75
3320,2018-05-19 08:00:00,89.53
3321,2018-05-19 09:00:00,106.67
3322,2018-05-19 10:00:00,127.76
3323,2018-05-19 11:00:00,139.19
3324,2018-05-19 12:00:00,140.23
3325,2018-05-19 13:00:00,140.68
3326,2018-05-19 14:00:00,141.24
3327,2018-05-19 15:00:00,141.23
3328,2018-05-19 16:00:00,141.75
3329,2018-05-19 17:00:00,140.56
3330,2018-05-19 18:00:00,141.7
3331,2018-05-19 19:00:00,141.78
3332,2018-05-19 20:00:00,141.32
3333,2018-05-19 21:00:00,141.32
3334,2018-05-19 22:00:00,141.33
3335,2018-05-19 23:00:00,141.7
3336,2018-05-20 00:00:00,141.18
3337,2018-05-20 01:00:00,140.43
3338,2018-05-20 02:00:00,140.77
3339,2018-05-20 03:00:00,140.46
3340,2018-05-20 04:00:00,140.9
3341,2018-05-20 05:00:00,140.69
3342,2018-05-20 06:00:00,140.87
3343,2018-05-20 07:00:00,141.01
3344,2018-05-20 08:00:00,141.37
3345,2018-05-20 09:00:00,141.06
3346,2018-05-20 10:00:00,140.82
3347,2018-05-20 11:00:00,127.77
3348,2018-05-20 12:00:00,92.74
3349,2018-05-20 13:00:00,81.53
3350,2018-05-20 14:00:00,75.61
3351,2018-05-20 15:00:00,76.15
3352,2018-05-20 16:00:00,81.96
3353,2018-05-20 17:00:00,96.54
3354,2018-05-20 18:00:00,101.48
3355,2018-05-20 19:00:00,82.36
3356,2018-05-20 20:00:00,66.6
3357,2018-05-20 21:00:00,64.74
3358,2018-05-20 22:00:00,60.05
3359,2018-05-20 23:00:00,68.45
3360,2018-05-21 00:00:00,75.87
3361,2018-05-21 01:00:00,55.49
3362,2018-05-21 02:00:00,42.08
3363,2018-05-21 03:00:00,36.57
3364,2018-05-21 04:00:00,33.21
3365,2018-05-21 05:00:00,32.3
3366,2018-05-21 06:00:00,29.49
3367,2018-05-21 07:00:00,27.89
3368,2018-05-21 08:00:00,26.47
3369,2018-05-21 09:00:00,29.39
3370,2018-05-21 10:00:00,36.23
3371,2018-05-21 11:00:00,46.69
3372,2018-05-21 12:00:00,68.91
3373,2018-05-21 13:00:00,86.86
3374,2018-05-21 14:00:00,100.76
3375,2018-05-21 15:00:00,104.27
3376,2018-05-21 16:00:00,97.16
3377,2018-05-21 17:00:00,93.69
3378,2018-05-21 18:00:00,85.51
3379,2018-05-21 19:00:00,91.9
3380,2018-05-21 20:00:00,93.13
3381,2018-05-21 21:00:00,92.02
3382,2018-05-21 22:00:00,109.39
3383,2018-05-21 23:00:00,131.48
3384,2018-05-22 00:00:00,132.34
3385,2018-05-22 01:00:00,104.45
3386,2018-05-22 02:00:00,73.15
3387,2018-05-22 03:00:00,54.17
3388,2018-05-22 04:00:00,46.47
3389,2018-05-22 05:00:00,41.93
3390,2018-05-22 06:00:00,43.84
3391,2018-05-22 07:00:00,49.05
3392,2018-05-22 08:00:00,66.2
3393,2018-05-22 09:00:00,84.32
3394,2018-05-22 10:00:00,92.83
3395,2018-05-22 11:00:00,86.05
3396,2018-05-22 12:00:00,83.75
3397,2018-05-22 13:00:00,82.61
3398,2018-05-22 14:00:00,82.98
3399,2018-05-22 15:00:00,91.83
3400,2018-05-22 16:00:00,96.7
3401,2018-05-22 17:00:00,84.88
3402,2018-05-22 18:00:00,69.43
3403,2018-05-22 19:00:00,71.39
3404,2018-05-22 20:00:00,90.24
3405,2018-05-22 21:00:00,104.99
3406,2018-05-22 22:00:00,109.13
3407,2018-05-22 23:00:00,90.82
3408,2018-05-23 00:00:00,76.66
3409,2018-05-23 01:00:00,60.39
3410,2018-05-23 02:00:00,40.8
3411,2018-05-23 03:00:00,30.43
3412,2018-05-23 04:00:00,25.88
3413,2018-05-23 05:00:00,24.63
3414,2018-05-23 06:00:00,24.75
3415,2018-05-23 07:00:00,25.62
3416,2018-05-23 08:00:00,28.64
3417,2018-05-23 09:00:00,31.54
3418,2018-05-23 10:00:00,42.89
3419,2018-05-23 11:00:00,55.26
3420,2018-05-23 12:00:00,68.43
3421,2018-05-23 13:00:00,70.72
3422,2018-05-23 14:00:00,84.24
3423,2018-05-23 15:00:00,91.89
3424,2018-05-23 16:00:00,112.94
3425,2018-05-23 17:00:00,130.97
3426,2018-05-23 18:00:00,141.56
3427,2018-05-23 19:00:00,141.52
3428,2018-05-23 20:00:00,140.88
3429,2018-05-23 21:00:00,140.89
3430,2018-05-23 22:00:00,141.03
3431,2018-05-23 23:00:00,141.0
3432,2018-05-24 00:00:00,141.18
3433,2018-05-24 01:00:00,140.92
3434,2018-05-24 02:00:00,140.74
3435,2018-05-24 03:00:00,140.84
3436,2018-05-24 04:00:00,141.31
3437,2018-05-24 05:00:00,141.59
3438,2018-05-24 06:00:00,141.15
3439,2018-05-24 07:00:00,138.09
3440,2018-05-24 08:00:00,92.37
3441,2018-05-24 09:00:00,84.25
3442,2018-05-24 10:00:00,102.58
3443,2018-05-24 11:00:00,116.62
3444,2018-05-24 12:00:00,126.47
3445,2018-05-24 13:00:00,126.96
3446,2018-05-24 14:00:00,121.42
3447,2018-05-24 15:00:00,120.4
3448,2018-05-24 16:00:00,112.13
3449,2018-05-24 17:00:00,95.25
3450,2018-05-24 18:00:00,91.37
3451,2018-05-24 19:00:00,89.75
3452,2018-05-24 20:00:00,90.85
3453,2018-05-24 21:00:00,98.16
3454,2018-05-24 22:00:00,107.42
3455,2018-05-24 23:00:00,109.0
3456,2018-05-25 00:00:00,89.05
3457,2018-05-25 01:00:00,82.17
3458,2018-05-25 02:00:00,89.44
3459,2018-05-25 03:00:00,82.38
3460,2018-05-25 04:00:00,63.99
3461,2018-05-25 05:00:00,48.68
3462,2018-05-25 06:00:00,54.95
3463,2018-05-25 07:00:00,66.79
3464,2018-05-25 08:00:00,69.11
3465,2018-05-25 09:00:00,56.41
3466,2018-05-25 10:00:00,55.06
3467,2018-05-25 11:00:00,64.36
3468,2018-05-25 12:00:00,82.06
3469,2018-05-25 13:00:00,105.84
3470,2018-05-25 14:00:00,120.06
3471,2018-05-25 15:00:00,118.68
3472,2018-05-25 16:00:00,110.3
3473,2018-05-25 17:00:00,116.46
3474,2018-05-25 18:00:00,139.58
3475,2018-05-25 19:00:00,141.66
3476,2018-05-25 20:00:00,141.7
3477,2018-05-25 21:00:00,131.51
3478,2018-05-25 22:00:00,119.82
3479,2018-05-25 23:00:00,116.17
3480,2018-05-26 00:00:00,97.6
3481,2018-05-26 01:00:00,77.84
3482,2018-05-26 02:00:00,70.18
3483,2018-05-26 03:00:00,60.75
3484,2018-05-26 04:00:00,46.78
3485,2018-05-26 05:00:00,41.53
3486,2018-05-26 06:00:00,56.15
3487,2018-05-26 07:00:00,75.18
3488,2018-05-26 08:00:00,86.42
3489,2018-05-26 09:00:00,103.05
3490,2018-05-26 10:00:00,122.37
3491,2018-05-26 11:00:00,138.82
3492,2018-05-26 12:00:00,140.85
3493,2018-05-26 13:00:00,141.19
3494,2018-05-26 14:00:00,140.91
3495,2018-05-26 15:00:00,141.63
3496,2018-05-26 16:00:00,140.54
3497,2018-05-26 17:00:00,142.03
3498,2018-05-26 18:00:00,140.77
3499,2018-05-26 19:00:00,141.71
3500,2018-05-26 20:00:00,141.22
3501,2018-05-26 21:00:00,141.16
3502,2018-05-26 22:00:00,140.91
3503,2018-05-26 23:00:00,140.71
3504,2018-05-27 00:00:00,141.02
3505,2018-05-27 01:00:00,140.57
3506,2018-05-27 02:00:00,140.91
3507,2018-05-27 03:00:00,141.16
3508,2018-05-27 04:00:00,140.13
3509,2018-05-27 05:00:00,140.98
3510,2018-05-27 06:00:00,141.09
3511,2018-05-27 07:00:00,141.03
3512,2018-05-27 08:00:00,141.17
3513,2018-05-27 09:00:00,140.77
3514,2018-05-27 10:00:00,140.61
3515,2018-05-27 11:00:00,140.55
3516,2018-05-27 12:00:00,124.08
3517,2018-05-27 13:00:00,92.63
3518,2018-05-27 14:00:00,81.75
3519,2018-05-27 15:00:00,74.51
3520,2018-05-27 16:00:00,85.21
3521,2018-05-27 17:00:00,100.0
3522,2018-05-27 18:00:00,97.64
3523,2018-05-27 19:00:00,81.01
3524,2018-05-27 20:00:00,64.24
3525,2018-05-27 21:00:00,61.05
3526,2018-05-27 22:00:00,58.15
3527,2018-05-27 23:00:00,62.36
3528,2018-05-28 00:00:00,71.63
3529,2018-05-28 01:00:00,52.93
3530,2018-05-28 02:00:00,42.02
3531,2018-05-28 03:00:00,37.4
3532,2018-05-28 04:00:00,32.62
3533,2018-05-28 05:00:00,30.25
3534,2018-05-28 06:00:00,29.43
3535,2018-05-28 07:00:00,27.83
3536,2018-05-28 08:00:00,28.64
3537,2018-05-28 09:00:00,30.04
3538,2018-05-28 10:00:00,35.68
3539,2018-05-28 11:00:00,43.41
3540,2018-05-28 12:00:00,66.5
3541,2018-05-28 13:00:00,87.7
3542,2018-05-28 14:00:00,106.59
3543,2018-05-28 15:00:00,97.18
3544,2018-05-28 16:00:00,98.76
3545,2018-05-28 17:00:00,94.12
3546,2018-05-28 18:00:00,90.21
3547,2018-05-28 19:00:00,91.79
3548,2018-05-28 20:00:00,89.33
3549,2018-05-28 21:00:00,96.46
3550,2018-05-28 22:00:00,110.19
3551,2018-05-28 23:00:00,132.49
3552,2018-05-29 00:00:00,131.91
3553,2018-05-29 01:00:00,109.13
3554,2018-05-29 02:00:00,76.23
3555,2018-05-29 03:00:00,55.4
3556,2018-05-29 04:00:00,46.61
3557,2018-05-29 05:00:00,41.98
3558,2018-05-29 06:00:00,43.69
3559,2018-05-29 07:00:00,47.07
3560,2018-05-29 08:00:00,64.32
3561,2018-05-29 09:00:00,81.97
3562,2018-05-29 10:00:00,95.47
3563,2018-05-29 11:00:00,87.81
3564,2018-05-29 12:00:00,82.05
3565,2018-05-29 13:00:00,82.93
3566,2018-05-29 14:00:00,87.5
3567,2018-05-29 15:00:00,90.83
3568,2018-05-29 16:00:00,91.87
3569,2018-05-29 17:00:00,80.54
3570,2018-05-29 18:00:00,68.07
3571,2018-05-29 19:00:00,72.57
3572,2018-05-29 20:00:00,92.4
3573,2018-05-29 21:00:00,106.67
3574,2018-05-29 22:00:00,108.08
3575,2018-05-29 23:00:00,88.08
3576,2018-05-30 00:00:00,74.9
3577,2018-05-30 01:00:00,58.0
3578,2018-05-30 02:00:00,40.73
3579,2018-05-30 03:00:00,30.37
3580,2018-05-30 04:00:00,25.94
3581,2018-05-30 05:00:00,24.26
3582,2018-05-30 06:00:00,24.35
3583,2018-05-30 07:00:00,24.96
3584,2018-05-30 08:00:00,27.22
3585,2018-05-30 09:00:00,32.81
3586,2018-05-30 10:00:00,45.79
3587,2018-05-30 11:00:00,51.13
3588,2018-05-30 12:00:00,62.79
3589,2018-05-30 13:00:00,71.53
3590,2018-05-30 14:00:00,84.33
3591,2018-05-30 15:00:00,91.07
3592,2018-05-30 16:00:00,118.63
3593,2018-05-30 17:00:00,134.37
3594,2018-05-30 18:00:00,140.24
3595,2018-05-30 19:00:00,141.35
3596,2018-05-30 20:00:00,140.61
3597,2018-05-30 21:00:00,141.8
3598,2018-05-30 22:00:00,140.84
3599,2018-05-30 23:00:00,141.01
3600,2018-05-31 00:00:00,140.7
3601,2018-05-31 01:00:00,140.8
3602,2018-05-31 02:00:00,140.24
3603,2018-05-31 03:00:00,140.77
3604,2018-05-31 04:00:00,140.51
3605,2018-05-31 05:00:00,140.83
3606,2018-05-31 06:00:00,140.72
3607,2018-05-31 07:00:00,140.95
3608,2018-05-31 08:00:00,106.72
3609,2018-05-31 09:00:00,88.48
3610,2018-05-31 10:00:00,103.68
3611,2018-05-31 11:00:00,119.47
3612,2018-05-31 12:00:00,127.51
3613,2018-05-31 13:00:00,124.16
3614,2018-05-31 14:00:00,125.76
3615,2018-05-31 15:00:00,119.88
3616,2018-05-31 16:00:00,111.48
3617,2018-05-31 17:00:00,99.36
3618,2018-05-31 18:00:00,92.11
3619,2018-05-31 19:00:00,87.33
3620,2018-05-31 20:00:00,87.41
3621,2018-05-31 21:00:00,93.74
3622,2018-05-31 22:00:00,105.0
3623,2018-05-31 23:00:00,102.68
3624,2018-06-01 00:00:00,87.95
3625,2018-06-01 01:00:00,77.41
3626,2018-06-01 02:00:00,85.33
3627,2018-06-01 03:00:00,78.41
3628,2018-06-01 04:00:00,65.33
3629,2018-06-01 05:00:00,49.31
3630,2018-06-01 06:00:00,60.0
3631,2018-06-01 07:00:00,64.61
3632,2018-06-01 08:00:00,65.43
3633,2018-06-01 09:00:00,54.86
3634,2018-06-01 10:00:00,52.83
3635,2018-06-01 11:00:00,63.29
3636,2018-06-01 12:00:00,84.89
3637,2018-06-01 13:00:00,105.65
3638,2018-06-01 14:00:00,119.95
3639,2018-06-01 15:00:00,115.36
3640,2018-06-01 16:00:00,112.14
3641,2018-06-01 17:00:00,117.97
3642,2018-06-01 18:00:00,137.33
3643,2018-06-01 19:00:00,141.36
3644,2018-06-01 20:00:00,140.86
3645,2018-06-01 21:00:00,137.36
3646,2018-06-01 22:00:00,122.5
3647,2018-06-01 23:00:00,120.27
3648,2018-06-02 00:00:00,101.74
3649,2018-06-02 01:00:00,84.75
3650,2018-06-02 02:00:00,78.43
3651,2018-06-02 03:00:00,64.59
3652,2018-06-02 04:00:00,49.1
3653,2018-06-02 05:00:00,42.15
3654,2018-06-02 06:00:00,54.27
3655,2018-06-02 07:00:00,75.15
3656,2018-06-02 08:00:00,88.73
3657,2018-06-02 09:00:00,104.29
3658,2018-06-02 10:00:00,119.65
3659,2018-06-02 11:00:00,132.79
3660,2018-06-02 12:00:00,138.4
3661,2018-06-02 13:00:00,141.58
3662,2018-06-02 14:00:00,141.29
3663,2018-06-02 15:00:00,142.03
3664,2018-06-02 16:00:00,140.92
3665,2018-06-02 17:00:00,140.95
3666,2018-06-02 18:00:00,140.65
3667,2018-06-02 19:00:00,140.97
3668,2018-06-02 20:00:00,140.81
3669,2018-06-02 21:00:00,140.64
3670,2018-06-02 22:00:00,140.6
3671,2018-06-02 23:00:00,141.78
3672,2018-06-03 00:00:00,141.48
3673,2018-06-03 01:00:00,141.65
3674,2018-06-03 02:00:00,140.67
3675,2018-06-03 03:00:00,141.12
3676,2018-06-03 04:00:00,140.69
3677,2018-06-03 05:00:00,140.73
3678,2018-06-03 06:00:00,140.92
3679,2018-06-03 07:00:00,140.86
3680,2018-06-03 08:00:00,140.9
3681,2018-06-03 09:00:00,141.02
3682,2018-06-03 10:00:00,140.64
3683,2018-06-03 11:00:00,140.47
3684,2018-06-03 12:00:00,114.23
3685,2018-06-03 13:00:00,85.69
3686,2018-06-03 14:00:00,79.95
3687,2018-06-03 15:00:00,78.28
3688,2018-06-03 16:00:00,83.21
3689,2018-06-03 17:00:00,95.1
3690,2018-06-03 18:00:00,95.01
3691,2018-06-03 19:00:00,79.11
3692,2018-06-03 20:00:00,59.97
3693,2018-06-03 21:00:00,59.92
3694,2018-06-03 22:00:00,63.84
3695,2018-06-03 23:00:00,66.43
3696,2018-06-04 00:00:00,69.25
3697,2018-06-04 01:00:00,52.47
3698,2018-06-04 02:00:00,41.67
3699,2018-06-04 03:00:00,34.97
3700,2018-06-04 04:00:00,32.16
3701,2018-06-04 05:00:00,31.03
3702,2018-06-04 06:00:00,29.05
3703,2018-06-04 07:00:00,28.41
3704,2018-06-04 08:00:00,28.63
3705,2018-06-04 09:00:00,32.68
3706,2018-06-04 10:00:00,35.98
3707,2018-06-04 11:00:00,44.05
3708,2018-06-04 12:00:00,61.25
3709,2018-06-04 13:00:00,83.04
3710,2018-06-04 14:00:00,105.09
3711,2018-06-04 15:00:00,105.13
3712,2018-06-04 16:00:00,102.41
3713,2018-06-04 17:00:00,95.36
3714,2018-06-04 18:00:00,91.48
3715,2018-06-04 19:00:00,90.16
3716,2018-06-04 20:00:00,94.77
3717,2018-06-04 21:00:00,94.27
3718,2018-06-04 22:00:00,101.74
3719,2018-06-04 23:00:00,124.42
3720,2018-06-05 00:00:00,129.94
3721,2018-06-05 01:00:00,107.75
3722,2018-06-05 02:00:00,74.54
3723,2018-06-05 03:00:00,52.7
3724,2018-06-05 04:00:00,45.85
3725,2018-06-05 05:00:00,42.44
3726,2018-06-05 06:00:00,42.05
3727,2018-06-05 07:00:00,47.67
3728,2018-06-05 08:00:00,64.15
3729,2018-06-05 09:00:00,84.89
3730,2018-06-05 10:00:00,96.92
3731,2018-06-05 11:00:00,89.76
3732,2018-06-05 12:00:00,80.62
3733,2018-06-05 13:00:00,80.16
3734,2018-06-05 14:00:00,81.11
3735,2018-06-05 15:00:00,90.16
3736,2018-06-05 16:00:00,90.35
3737,2018-06-05 17:00:00,80.16
3738,2018-06-05 18:00:00,69.2
3739,2018-06-05 19:00:00,74.01
3740,2018-06-05 20:00:00,95.11
3741,2018-06-05 21:00:00,109.34
3742,2018-06-05 22:00:00,106.57
3743,2018-06-05 23:00:00,90.39
3744,2018-06-06 00:00:00,75.58
3745,2018-06-06 01:00:00,58.86
3746,2018-06-06 02:00:00,44.25
3747,2018-06-06 03:00:00,29.81
3748,2018-06-06 04:00:00,25.47
3749,2018-06-06 05:00:00,24.6
3750,2018-06-06 06:00:00,24.36
3751,2018-06-06 07:00:00,25.16
3752,2018-06-06 08:00:00,28.58
3753,2018-06-06 09:00:00,33.67
3754,2018-06-06 10:00:00,45.3
3755,2018-06-06 11:00:00,51.17
3756,2018-06-06 12:00:00,62.85
3757,2018-06-06 13:00:00,68.22
3758,2018-06-06 14:00:00,77.2
3759,2018-06-06 15:00:00,89.64
3760,2018-06-06 16:00:00,112.28
3761,2018-06-06 17:00:00,136.61
3762,2018-06-06 18:00:00,141.22
3763,2018-06-06 19:00:00,141.84
3764,2018-06-06 20:00:00,141.4
3765,2018-06-06 21:00:00,141.68
3766,2018-06-06 22:00:00,141.31
3767,2018-06-06 23:00:00,141.62
3768,2018-06-07 00:00:00,140.99
3769,2018-06-07 01:00:00,140.99
3770,2018-06-07 02:00:00,140.68
3771,2018-06-07 03:00:00,140.95
3772,2018-06-07 04:00:00,140.83
3773,2018-06-07 05:00:00,141.8
3774,2018-06-07 06:00:00,140.8
3775,2018-06-07 07:00:00,137.18
3776,2018-06-07 08:00:00,88.31
3777,2018-06-07 09:00:00,81.96
3778,2018-06-07 10:00:00,102.53
3779,2018-06-07 11:00:00,116.18
3780,2018-06-07 12:00:00,119.08
3781,2018-06-07 13:00:00,119.45
3782,2018-06-07 14:00:00,123.32
3783,2018-06-07 15:00:00,118.03
3784,2018-06-07 16:00:00,113.1
3785,2018-06-07 17:00:00,99.76
3786,2018-06-07 18:00:00,96.88
3787,2018-06-07 19:00:00,88.9
3788,2018-06-07 20:00:00,90.21
3789,2018-06-07 21:00:00,97.29
3790,2018-06-07 22:00:00,112.3
3791,2018-06-07 23:00:00,105.45
3792,2018-06-08 00:00:00,86.97
3793,2018-06-08 01:00:00,80.32
3794,2018-06-08 02:00:00,86.87
3795,2018-06-08 03:00:00,84.16
3796,2018-06-08 04:00:00,70.03
3797,2018-06-08 05:00:00,49.31
3798,2018-06-08 06:00:00,53.62
3799,2018-06-08 07:00:00,61.8
3800,2018-06-08 08:00:00,64.98
3801,2018-06-08 09:00:00,57.57
3802,2018-06-08 10:00:00,55.02
3803,2018-06-08 11:00:00,66.51
3804,2018-06-08 12:00:00,82.05
3805,2018-06-08 13:00:00,103.29
3806,2018-06-08 14:00:00,117.61
3807,2018-06-08 15:00:00,119.97
3808,2018-06-08 16:00:00,114.58
3809,2018-06-08 17:00:00,119.3
3810,2018-06-08 18:00:00,137.24
3811,2018-06-08 19:00:00,140.29
3812,2018-06-08 20:00:00,140.29
3813,2018-06-08 21:00:00,131.58
3814,2018-06-08 22:00:00,117.98
3815,2018-06-08 23:00:00,116.49
3816,2018-06-09 00:00:00,99.02
3817,2018-06-09 01:00:00,82.48
3818,2018-06-09 02:00:00,77.06
3819,2018-06-09 03:00:00,65.34
3820,2018-06-09 04:00:00,47.06
3821,2018-06-09 05:00:00,41.51
3822,2018-06-09 06:00:00,55.03
3823,2018-06-09 07:00:00,74.06
3824,2018-06-09 08:00:00,94.74
3825,2018-06-09 09:00:00,104.59
3826,2018-06-09 10:00:00,123.53
3827,2018-06-09 11:00:00,138.35
3828,2018-06-09 12:00:00,141.28
3829,2018-06-09 13:00:00,141.27
3830,2018-06-09 14:00:00,141.01
3831,2018-06-09 15:00:00,140.87
3832,2018-06-09 16:00:00,141.38
3833,2018-06-09 17:00:00,140.92
3834,2018-06-09 18:00:00,141.06
3835,2018-06-09 19:00:00,141.2
3836,2018-06-09 20:00:00,141.14
3837,2018-06-09 21:00:00,141.0
3838,2018-06-09 22:00:00,140.25
3839,2018-06-09 23:00:00,140.81
3840,2018-06-10 00:00:00,140.64
3841,2018-06-10 01:00:00,140.73
3842,2018-06-10 02:00:00,140.43
3843,2018-06-10 03:00:00,140.63
3844,2018-06-10 04:00:00,141.02
3845,2018-06-10 05:00:00,140.77
3846,2018-06-10 06:00:00,140.94
3847,2018-06-10 07:00:00,140.58
3848,2018-06-10 08:00:00,140.08
3849,2018-06-10 09:00:00,140.39
3850,2018-06-10 10:00:00,140.9
3851,2018-06-10 11:00:00,139.74
3852,2018-06-10 12:00:00,104.91
3853,2018-06-10 13:00:00,83.93
3854,2018-06-10 14:00:00,76.44
3855,2018-06-10 15:00:00,73.35
3856,2018-06-10 16:00:00,81.1
3857,2018-06-10 17:00:00,95.64
3858,2018-06-10 18:00:00,99.87
3859,2018-06-10 19:00:00,78.5
3860,2018-06-10 20:00:00,65.46
3861,2018-06-10 21:00:00,63.19
3862,2018-06-10 22:00:00,59.16
3863,2018-06-10 23:00:00,62.39
3864,2018-06-11 00:00:00,70.08
3865,2018-06-11 01:00:00,53.61
3866,2018-06-11 02:00:00,41.08
3867,2018-06-11 03:00:00,34.09
3868,2018-06-11 04:00:00,32.07
3869,2018-06-11 05:00:00,30.56
3870,2018-06-11 06:00:00,28.87
3871,2018-06-11 07:00:00,29.07
3872,2018-06-11 08:00:00,28.23
3873,2018-06-11 09:00:00,29.31
3874,2018-06-11 10:00:00,34.06
3875,2018-06-11 11:00:00,42.64
3876,2018-06-11 12:00:00,67.5
3877,2018-06-11 13:00:00,87.03
3878,2018-06-11 14:00:00,103.24
3879,2018-06-11 15:00:00,104.43
3880,2018-06-11 16:00:00,99.97
3881,2018-06-11 17:00:00,92.03
3882,2018-06-11 18:00:00,92.1
3883,2018-06-11 19:00:00,92.47
3884,2018-06-11 20:00:00,92.24
3885,2018-06-11 21:00:00,91.81
3886,2018-06-11 22:00:00,104.98
3887,2018-06-11 23:00:00,129.81
3888,2018-06-12 00:00:00,134.26
3889,2018-06-12 01:00:00,112.72
3890,2018-06-12 02:00:00,75.27
3891,2018-06-12 03:00:00,54.53
3892,2018-06-12 04:00:00,45.8
3893,2018-06-12 05:00:00,41.69
3894,2018-06-12 06:00:00,42.82
3895,2018-06-12 07:00:00,46.58
3896,2018-06-12 08:00:00,59.74
3897,2018-06-12 09:00:00,81.65
3898,2018-06-12 10:00:00,95.55
3899,2018-06-12 11:00:00,85.9
3900,2018-06-12 12:00:00,79.83
3901,2018-06-12 13:00:00,79.31
3902,2018-06-12 14:00:00,87.03
3903,2018-06-12 15:00:00,96.21
3904,2018-06-12 16:00:00,96.18
3905,2018-06-12 17:00:00,87.21
3906,2018-06-12 18:00:00,72.87
3907,2018-06-12 19:00:00,73.56
3908,2018-06-12 20:00:00,90.26
3909,2018-06-12 21:00:00,104.47
3910,2018-06-12 22:00:00,104.94
3911,2018-06-12 23:00:00,89.15
3912,2018-06-13 00:00:00,77.74
3913,2018-06-13 01:00:00,59.69
3914,2018-06-13 02:00:00,43.13
3915,2018-06-13 03:00:00,30.88
3916,2018-06-13 04:00:00,26.2
3917,2018-06-13 05:00:00,24.87
3918,2018-06-13 06:00:00,24.6
3919,2018-06-13 07:00:00,25.5
3920,2018-06-13 08:00:00,27.24
3921,2018-06-13 09:00:00,33.57
3922,2018-06-13 10:00:00,45.37
3923,2018-06-13 11:00:00,52.81
3924,2018-06-13 12:00:00,69.15
3925,2018-06-13 13:00:00,74.87
3926,2018-06-13 14:00:00,81.62
3927,2018-06-13 15:00:00,89.46
3928,2018-06-13 16:00:00,114.54
3929,2018-06-13 17:00:00,133.32
3930,2018-06-13 18:00:00,140.94
3931,2018-06-13 19:00:00,140.58
3932,2018-06-13 20:00:00,140.7
3933,2018-06-13 21:00:00,141.36
3934,2018-06-13 22:00:00,140.39
3935,2018-06-13 23:00:00,141.21
3936,2018-06-14 00:00:00,140.99
3937,2018-06-14 01:00:00,140.95
3938,2018-06-14 02:00:00,140.88
3939,2018-06-14 03:00:00,141.35
3940,2018-06-14 04:00:00,141.37
3941,2018-06-14 05:00:00,140.34
3942,2018-06-14 06:00:00,140.94
3943,2018-06-14 07:00:00,136.92
3944,2018-06-14 08:00:00,89.74
3945,2018-06-14 09:00:00,85.16
3946,2018-06-14 10:00:00,101.67
3947,2018-06-14 11:00:00,119.92
3948,2018-06-14 12:00:00,131.54
3949,2018-06-14 13:00:00,128.35
3950,2018-06-14 14:00:00,125.71
3951,2018-06-14 15:00:00,117.82
3952,2018-06-14 16:00:00,113.65
3953,2018-06-14 17:00:00,101.79
3954,2018-06-14 18:00:00,93.35
3955,2018-06-14 19:00:00,86.81
3956,2018-06-14 20:00:00,91.55
3957,2018-06-14 21:00:00,104.45
3958,2018-06-14 22:00:00,112.56
3959,2018-06-14 23:00:00,108.44
3960,2018-06-15 00:00:00,93.4
3961,2018-06-15 01:00:00,83.34
3962,2018-06-15 02:00:00,90.88
3963,2018-06-15 03:00:00,87.09
3964,2018-06-15 04:00:00,67.38
3965,2018-06-15 05:00:00,53.02
3966,2018-06-15 06:00:00,61.73
3967,2018-06-15 07:00:00,66.83
3968,2018-06-15 08:00:00,67.58
3969,2018-06-15 09:00:00,55.32
3970,2018-06-15 10:00:00,55.29
3971,2018-06-15 11:00:00,68.14
3972,2018-06-15 12:00:00,89.03
3973,2018-06-15 13:00:00,102.04
3974,2018-06-15 14:00:00,114.38
3975,2018-06-15 15:00:00,119.35
3976,2018-06-15 16:00:00,118.01
3977,2018-06-15 17:00:00,118.62
3978,2018-06-15 18:00:00,138.49
3979,2018-06-15 19:00:00,140.62
3980,2018-06-15 20:00:00,140.97
3981,2018-06-15 21:00:00,133.4
3982,2018-06-15 22:00:00,124.35
3983,2018-06-15 23:00:00,117.16
3984,2018-06-16 00:00:00,101.64
3985,2018-06-16 01:00:00,85.18
3986,2018-06-16 02:00:00,74.0
3987,2018-06-16 03:00:00,63.67
3988,2018-06-16 04:00:00,52.67
3989,2018-06-16 05:00:00,44.39
3990,2018-06-16 06:00:00,51.57
3991,2018-06-16 07:00:00,78.05
3992,2018-06-16 08:00:00,94.3
3993,2018-06-16 09:00:00,108.58
3994,2018-06-16 10:00:00,128.95
3995,2018-06-16 11:00:00,140.23
3996,2018-06-16 12:00:00,141.65
3997,2018-06-16 13:00:00,141.83
3998,2018-06-16 14:00:00,141.41
3999,2018-06-16 15:00:00,141.57
4000,2018-06-16 16:00:00,140.82
4001,2018-06-16 17:00:00,141.34
4002,2018-06-16 18:00:00,140.44
4003,2018-06-16 19:00:00,140.87
4004,2018-06-16 20:00:00,141.11
4005,2018-06-16 21:00:00,141.49
4006,2018-06-16 22:00:00,141.1
4007,2018-06-16 23:00:00,140.83
4008,2018-06-17 00:00:00,141.03
4009,2018-06-17 01:00:00,140.12
4010,2018-06-17 02:00:00,140.56
4011,2018-06-17 03:00:00,141.08
4012,2018-06-17 04:00:00,140.8
4013,2018-06-17 05:00:00,140.44
4014,2018-06-17 06:00:00,140.26
4015,2018-06-17 07:00:00,140.77
4016,2018-06-17 08:00:00,141.18
4017,2018-06-17 09:00:00,140.88
4018,2018-06-17 10:00:00,141.04
4019,2018-06-17 11:00:00,141.04
4020,2018-06-17 12:00:00,140.94
4021,2018-06-17 13:00:00,114.14
4022,2018-06-17 14:00:00,83.17
4023,2018-06-17 15:00:00,77.3
4024,2018-06-17 16:00:00,84.59
4025,2018-06-17 17:00:00,100.1
4026,2018-06-17 18:00:00,99.56
4027,2018-06-17 19:00:00,85.22
4028,2018-06-17 20:00:00,67.01
4029,2018-06-17 21:00:00,65.37
4030,2018-06-17 22:00:00,66.3
4031,2018-06-17 23:00:00,65.69
4032,2018-06-18 00:00:00,72.85
4033,2018-06-18 01:00:00,56.1
4034,2018-06-18 02:00:00,43.95
4035,2018-06-18 03:00:00,36.69
4036,2018-06-18 04:00:00,33.93
4037,2018-06-18 05:00:00,32.29
4038,2018-06-18 06:00:00,31.37
4039,2018-06-18 07:00:00,28.91
4040,2018-06-18 08:00:00,28.35
4041,2018-06-18 09:00:00,30.97
4042,2018-06-18 10:00:00,35.57
4043,2018-06-18 11:00:00,46.61
4044,2018-06-18 12:00:00,65.15
4045,2018-06-18 13:00:00,85.45
4046,2018-06-18 14:00:00,103.97
4047,2018-06-18 15:00:00,104.9
4048,2018-06-18 16:00:00,102.62
4049,2018-06-18 17:00:00,95.6
4050,2018-06-18 18:00:00,93.59
4051,2018-06-18 19:00:00,95.1
4052,2018-06-18 20:00:00,95.38
4053,2018-06-18 21:00:00,101.07
4054,2018-06-18 22:00:00,108.92
4055,2018-06-18 23:00:00,133.65
4056,2018-06-19 00:00:00,139.27
4057,2018-06-19 01:00:00,111.59
4058,2018-06-19 02:00:00,79.15
4059,2018-06-19 03:00:00,57.94
4060,2018-06-19 04:00:00,46.23
4061,2018-06-19 05:00:00,44.57
4062,2018-06-19 06:00:00,44.05
4063,2018-06-19 07:00:00,48.96
4064,2018-06-19 08:00:00,67.64
4065,2018-06-19 09:00:00,81.96
4066,2018-06-19 10:00:00,94.14
4067,2018-06-19 11:00:00,88.54
4068,2018-06-19 12:00:00,87.02
4069,2018-06-19 13:00:00,84.96
4070,2018-06-19 14:00:00,95.82
4071,2018-06-19 15:00:00,97.76
4072,2018-06-19 16:00:00,95.23
4073,2018-06-19 17:00:00,84.13
4074,2018-06-19 18:00:00,73.18
4075,2018-06-19 19:00:00,76.5
4076,2018-06-19 20:00:00,94.41
4077,2018-06-19 21:00:00,109.49
4078,2018-06-19 22:00:00,109.62
4079,2018-06-19 23:00:00,90.89
4080,2018-06-20 00:00:00,76.89
4081,2018-06-20 01:00:00,60.47
4082,2018-06-20 02:00:00,43.89
4083,2018-06-20 03:00:00,32.37
4084,2018-06-20 04:00:00,26.74
4085,2018-06-20 05:00:00,24.66
4086,2018-06-20 06:00:00,24.71
4087,2018-06-20 07:00:00,25.64
4088,2018-06-20 08:00:00,29.79
4089,2018-06-20 09:00:00,37.29
4090,2018-06-20 10:00:00,47.04
4091,2018-06-20 11:00:00,57.15
4092,2018-06-20 12:00:00,68.58
4093,2018-06-20 13:00:00,72.75
4094,2018-06-20 14:00:00,82.21
4095,2018-06-20 15:00:00,91.71
4096,2018-06-20 16:00:00,113.1
4097,2018-06-20 17:00:00,138.04
4098,2018-06-20 18:00:00,140.77
4099,2018-06-20 19:00:00,141.28
4100,2018-06-20 20:00:00,141.52
4101,2018-06-20 21:00:00,140.91
4102,2018-06-20 22:00:00,142.2
4103,2018-06-20 23:00:00,141.31
4104,2018-06-21 00:00:00,141.85
4105,2018-06-21 01:00:00,141.55
4106,2018-06-21 02:00:00,140.91
4107,2018-06-21 03:00:00,140.62
4108,2018-06-21 04:00:00,141.0
4109,2018-06-21 05:00:00,140.54
4110,2018-06-21 06:00:00,141.29
4111,2018-06-21 07:00:00,141.0
4112,2018-06-21 08:00:00,140.89
4113,2018-06-21 09:00:00,117.87
4114,2018-06-21 10:00:00,110.11
4115,2018-06-21 11:00:00,127.75
4116,2018-06-21 12:00:00,133.24
4117,2018-06-21 13:00:00,134.34
4118,2018-06-21 14:00:00,126.52
4119,2018-06-21 15:00:00,123.39
4120,2018-06-21 16:00:00,117.08
4121,2018-06-21 17:00:00,104.7
4122,2018-06-21 18:00:00,97.51
4123,2018-06-21 19:00:00,93.57
4124,2018-06-21 20:00:00,98.5
4125,2018-06-21 21:00:00,104.01
4126,2018-06-21 22:00:00,117.03
4127,2018-06-21 23:00:00,113.69
4128,2018-06-22 00:00:00,99.03
4129,2018-06-22 01:00:00,84.73
4130,2018-06-22 02:00:00,94.41
4131,2018-06-22 03:00:00,87.62
4132,2018-06-22 04:00:00,67.74
4133,2018-06-22 05:00:00,52.26
4134,2018-06-22 06:00:00,60.63
4135,2018-06-22 07:00:00,70.24
4136,2018-06-22 08:00:00,69.08
4137,2018-06-22 09:00:00,56.98
4138,2018-06-22 10:00:00,57.79
4139,2018-06-22 11:00:00,67.91
4140,2018-06-22 12:00:00,84.33
4141,2018-06-22 13:00:00,108.82
4142,2018-06-22 14:00:00,125.17
4143,2018-06-22 15:00:00,126.15
4144,2018-06-22 16:00:00,121.54
4145,2018-06-22 17:00:00,130.35
4146,2018-06-22 18:00:00,141.19
4147,2018-06-22 19:00:00,141.12
4148,2018-06-22 20:00:00,141.26
4149,2018-06-22 21:00:00,142.07
4150,2018-06-22 22:00:00,139.37
4151,2018-06-22 23:00:00,125.48
4152,2018-06-23 00:00:00,105.67
4153,2018-06-23 01:00:00,85.34
4154,2018-06-23 02:00:00,74.09
4155,2018-06-23 03:00:00,63.06
4156,2018-06-23 04:00:00,51.4
4157,2018-06-23 05:00:00,44.38
4158,2018-06-23 06:00:00,56.29
4159,2018-06-23 07:00:00,78.02
4160,2018-06-23 08:00:00,99.02
4161,2018-06-23 09:00:00,111.63
4162,2018-06-23 10:00:00,127.96
4163,2018-06-23 11:00:00,141.3
4164,2018-06-23 12:00:00,141.4
4165,2018-06-23 13:00:00,140.66
4166,2018-06-23 14:00:00,140.65
4167,2018-06-23 15:00:00,141.05
4168,2018-06-23 16:00:00,141.28
4169,2018-06-23 17:00:00,141.05
4170,2018-06-23 18:00:00,140.76
4171,2018-06-23 19:00:00,140.66
4172,2018-06-23 20:00:00,142.25
4173,2018-06-23 21:00:00,141.49
4174,2018-06-23 22:00:00,140.63
4175,2018-06-23 23:00:00,141.67
4176,2018-06-24 00:00:00,141.04
4177,2018-06-24 01:00:00,141.29
4178,2018-06-24 02:00:00,141.01
4179,2018-06-24 03:00:00,141.03
4180,2018-06-24 04:00:00,140.82
4181,2018-06-24 05:00:00,141.63
4182,2018-06-24 06:00:00,141.58
4183,2018-06-24 07:00:00,141.66
4184,2018-06-24 08:00:00,141.41
4185,2018-06-24 09:00:00,141.44
4186,2018-06-24 10:00:00,140.55
4187,2018-06-24 11:00:00,141.11
4188,2018-06-24 12:00:00,141.01
4189,2018-06-24 13:00:00,141.78
4190,2018-06-24 14:00:00,141.33
4191,2018-06-24 15:00:00,133.52
4192,2018-06-24 16:00:00,110.0
4193,2018-06-24 17:00:00,115.19
4194,2018-06-24 18:00:00,106.3
4195,2018-06-24 19:00:00,88.57
4196,2018-06-24 20:00:00,68.99
4197,2018-06-24 21:00:00,64.75
4198,2018-06-24 22:00:00,64.21
4199,2018-06-24 23:00:00,66.38
4200,2018-06-25 00:00:00,77.08
4201,2018-06-25 01:00:00,56.56
4202,2018-06-25 02:00:00,41.73
4203,2018-06-25 03:00:00,35.61
4204,2018-06-25 04:00:00,33.75
4205,2018-06-25 05:00:00,32.36
4206,2018-06-25 06:00:00,30.98
4207,2018-06-25 07:00:00,29.0
4208,2018-06-25 08:00:00,28.4
4209,2018-06-25 09:00:00,31.21
4210,2018-06-25 10:00:00,35.38
4211,2018-06-25 11:00:00,44.92
4212,2018-06-25 12:00:00,71.94
4213,2018-06-25 13:00:00,92.67
4214,2018-06-25 14:00:00,109.11
4215,2018-06-25 15:00:00,111.67
4216,2018-06-25 16:00:00,106.91
4217,2018-06-25 17:00:00,99.86
4218,2018-06-25 18:00:00,96.49
4219,2018-06-25 19:00:00,97.88
4220,2018-06-25 20:00:00,100.81
4221,2018-06-25 21:00:00,103.81
4222,2018-06-25 22:00:00,115.99
4223,2018-06-25 23:00:00,134.55
4224,2018-06-26 00:00:00,140.75
4225,2018-06-26 01:00:00,125.1
4226,2018-06-26 02:00:00,82.89
4227,2018-06-26 03:00:00,60.54
4228,2018-06-26 04:00:00,49.76
4229,2018-06-26 05:00:00,46.02
4230,2018-06-26 06:00:00,46.88
4231,2018-06-26 07:00:00,50.45
4232,2018-06-26 08:00:00,68.56
4233,2018-06-26 09:00:00,85.64
4234,2018-06-26 10:00:00,99.15
4235,2018-06-26 11:00:00,91.29
4236,2018-06-26 12:00:00,82.94
4237,2018-06-26 13:00:00,85.18
4238,2018-06-26 14:00:00,90.86
4239,2018-06-26 15:00:00,100.83
4240,2018-06-26 16:00:00,100.07
4241,2018-06-26 17:00:00,88.92
4242,2018-06-26 18:00:00,73.91
4243,2018-06-26 19:00:00,77.4
4244,2018-06-26 20:00:00,101.88
4245,2018-06-26 21:00:00,113.1
4246,2018-06-26 22:00:00,114.87
4247,2018-06-26 23:00:00,101.31
4248,2018-06-27 00:00:00,84.37
4249,2018-06-27 01:00:00,60.79
4250,2018-06-27 02:00:00,43.25
4251,2018-06-27 03:00:00,31.06
4252,2018-06-27 04:00:00,25.74
4253,2018-06-27 05:00:00,24.27
4254,2018-06-27 06:00:00,24.26
4255,2018-06-27 07:00:00,25.41
4256,2018-06-27 08:00:00,27.56
4257,2018-06-27 09:00:00,31.8
4258,2018-06-27 10:00:00,44.29
4259,2018-06-27 11:00:00,54.14
4260,2018-06-27 12:00:00,66.44
4261,2018-06-27 13:00:00,78.91
4262,2018-06-27 14:00:00,89.55
4263,2018-06-27 15:00:00,101.48
4264,2018-06-27 16:00:00,125.23
4265,2018-06-27 17:00:00,138.39
4266,2018-06-27 18:00:00,140.53
4267,2018-06-27 19:00:00,140.77
4268,2018-06-27 20:00:00,141.14
4269,2018-06-27 21:00:00,141.1
4270,2018-06-27 22:00:00,140.71
4271,2018-06-27 23:00:00,141.37
4272,2018-06-28 00:00:00,141.09
4273,2018-06-28 01:00:00,141.35
4274,2018-06-28 02:00:00,141.36
4275,2018-06-28 03:00:00,141.15
4276,2018-06-28 04:00:00,141.21
4277,2018-06-28 05:00:00,140.82
4278,2018-06-28 06:00:00,141.54
4279,2018-06-28 07:00:00,140.99
4280,2018-06-28 08:00:00,141.13
4281,2018-06-28 09:00:00,140.79
4282,2018-06-28 10:00:00,140.82
4283,2018-06-28 11:00:00,141.37
4284,2018-06-28 12:00:00,140.59
4285,2018-06-28 13:00:00,140.89
4286,2018-06-28 14:00:00,141.24
4287,2018-06-28 15:00:00,141.42
4288,2018-06-28 16:00:00,140.03
4289,2018-06-28 17:00:00,117.34
4290,2018-06-28 18:00:00,99.23
4291,2018-06-28 19:00:00,95.24
4292,2018-06-28 20:00:00,100.96
4293,2018-06-28 21:00:00,106.93
4294,2018-06-28 22:00:00,120.67
4295,2018-06-28 23:00:00,117.76
4296,2018-06-29 00:00:00,96.83
4297,2018-06-29 01:00:00,87.61
4298,2018-06-29 02:00:00,92.05
4299,2018-06-29 03:00:00,89.79
4300,2018-06-29 04:00:00,74.06
4301,2018-06-29 05:00:00,57.99
4302,2018-06-29 06:00:00,60.75
4303,2018-06-29 07:00:00,68.64
4304,2018-06-29 08:00:00,69.71
4305,2018-06-29 09:00:00,59.13
4306,2018-06-29 10:00:00,56.65
4307,2018-06-29 11:00:00,71.12
4308,2018-06-29 12:00:00,93.23
4309,2018-06-29 13:00:00,117.79
4310,2018-06-29 14:00:00,128.5
4311,2018-06-29 15:00:00,128.83
4312,2018-06-29 16:00:00,120.71
4313,2018-06-29 17:00:00,126.88
4314,2018-06-29 18:00:00,141.26
4315,2018-06-29 19:00:00,141.05
4316,2018-06-29 20:00:00,141.31
4317,2018-06-29 21:00:00,141.47
4318,2018-06-29 22:00:00,141.27
4319,2018-06-29 23:00:00,141.04
4320,2018-06-30 00:00:00,127.57
4321,2018-06-30 01:00:00,95.99
4322,2018-06-30 02:00:00,86.37
4323,2018-06-30 03:00:00,72.7
4324,2018-06-30 04:00:00,54.08
4325,2018-06-30 05:00:00,45.52
4326,2018-06-30 06:00:00,60.9
4327,2018-06-30 07:00:00,80.94
4328,2018-06-30 08:00:00,98.38
4329,2018-06-30 09:00:00,117.77
4330,2018-06-30 10:00:00,137.23
4331,2018-06-30 11:00:00,141.48
4332,2018-06-30 12:00:00,141.3
4333,2018-06-30 13:00:00,141.53
4334,2018-06-30 14:00:00,140.35
4335,2018-06-30 15:00:00,140.39
4336,2018-06-30 16:00:00,140.93
4337,2018-06-30 17:00:00,141.3
4338,2018-06-30 18:00:00,140.47
4339,2018-06-30 19:00:00,141.04
4340,2018-06-30 20:00:00,141.28
4341,2018-06-30 21:00:00,140.98
4342,2018-06-30 22:00:00,141.44
4343,2018-06-30 23:00:00,140.61
4344,2018-07-01 00:00:00,141.14
4345,2018-07-01 01:00:00,141.73
4346,2018-07-01 02:00:00,141.39
4347,2018-07-01 03:00:00,140.63
4348,2018-07-01 04:00:00,141.31
4349,2018-07-01 05:00:00,141.76
4350,2018-07-01 06:00:00,140.94
4351,2018-07-01 07:00:00,140.89
4352,2018-07-01 08:00:00,140.33
4353,2018-07-01 09:00:00,140.87
4354,2018-07-01 10:00:00,141.1
4355,2018-07-01 11:00:00,141.3
4356,2018-07-01 12:00:00,141.4
4357,2018-07-01 13:00:00,140.67
4358,2018-07-01 14:00:00,141.12
4359,2018-07-01 15:00:00,141.54
4360,2018-07-01 16:00:00,141.75
4361,2018-07-01 17:00:00,140.32
4362,2018-07-01 18:00:00,141.54
4363,2018-07-01 19:00:00,134.81
4364,2018-07-01 20:00:00,90.99
4365,2018-07-01 21:00:00,72.52
4366,2018-07-01 22:00:00,66.92
4367,2018-07-01 23:00:00,70.39
4368,2018-07-02 00:00:00,81.07
4369,2018-07-02 01:00:00,55.98
4370,2018-07-02 02:00:00,44.29
4371,2018-07-02 03:00:00,37.83
4372,2018-07-02 04:00:00,35.44
4373,2018-07-02 05:00:00,33.06
4374,2018-07-02 06:00:00,30.38
4375,2018-07-02 07:00:00,29.3
4376,2018-07-02 08:00:00,27.63
4377,2018-07-02 09:00:00,31.17
4378,2018-07-02 10:00:00,38.05
4379,2018-07-02 11:00:00,48.06
4380,2018-07-02 12:00:00,72.49
4381,2018-07-02 13:00:00,91.4
4382,2018-07-02 14:00:00,115.85
4383,2018-07-02 15:00:00,114.27
4384,2018-07-02 16:00:00,112.4
4385,2018-07-02 17:00:00,102.13
4386,2018-07-02 18:00:00,98.83
4387,2018-07-02 19:00:00,100.72
4388,2018-07-02 20:00:00,104.39
4389,2018-07-02 21:00:00,104.94
4390,2018-07-02 22:00:00,122.62
4391,2018-07-02 23:00:00,138.26
4392,2018-07-03 00:00:00,140.92
4393,2018-07-03 01:00:00,131.75
4394,2018-07-03 02:00:00,85.9
4395,2018-07-03 03:00:00,61.14
4396,2018-07-03 04:00:00,47.67
4397,2018-07-03 05:00:00,46.55
4398,2018-07-03 06:00:00,46.0
4399,2018-07-03 07:00:00,51.96
4400,2018-07-03 08:00:00,70.14
4401,2018-07-03 09:00:00,90.41
4402,2018-07-03 10:00:00,102.29
4403,2018-07-03 11:00:00,101.51
4404,2018-07-03 12:00:00,95.63
4405,2018-07-03 13:00:00,90.64
4406,2018-07-03 14:00:00,101.33
4407,2018-07-03 15:00:00,106.9
4408,2018-07-03 16:00:00,108.31
4409,2018-07-03 17:00:00,91.46
4410,2018-07-03 18:00:00,77.9
4411,2018-07-03 19:00:00,77.71
4412,2018-07-03 20:00:00,99.51
4413,2018-07-03 21:00:00,116.96
4414,2018-07-03 22:00:00,116.75
4415,2018-07-03 23:00:00,97.06
4416,2018-07-04 00:00:00,86.66
4417,2018-07-04 01:00:00,65.85
4418,2018-07-04 02:00:00,45.07
4419,2018-07-04 03:00:00,31.53
4420,2018-07-04 04:00:00,26.45
4421,2018-07-04 05:00:00,24.78
4422,2018-07-04 06:00:00,24.37
4423,2018-07-04 07:00:00,25.38
4424,2018-07-04 08:00:00,28.61
4425,2018-07-04 09:00:00,33.1
4426,2018-07-04 10:00:00,45.34
4427,2018-07-04 11:00:00,58.02
4428,2018-07-04 12:00:00,70.78
4429,2018-07-04 13:00:00,75.67
4430,2018-07-04 14:00:00,89.38
4431,2018-07-04 15:00:00,96.61
4432,2018-07-04 16:00:00,131.5
4433,2018-07-04 17:00:00,140.74
4434,2018-07-04 18:00:00,140.97
4435,2018-07-04 19:00:00,141.05
4436,2018-07-04 20:00:00,141.21
4437,2018-07-04 21:00:00,141.29
4438,2018-07-04 22:00:00,140.78
4439,2018-07-04 23:00:00,140.85
4440,2018-07-05 00:00:00,141.15
4441,2018-07-05 01:00:00,141.61
4442,2018-07-05 02:00:00,140.9
4443,2018-07-05 03:00:00,141.06
4444,2018-07-05 04:00:00,140.6
4445,2018-07-05 05:00:00,141.01
4446,2018-07-05 06:00:00,141.44
4447,2018-07-05 07:00:00,141.15
4448,2018-07-05 08:00:00,140.56
4449,2018-07-05 09:00:00,139.93
4450,2018-07-05 10:00:00,140.56
4451,2018-07-05 11:00:00,141.9
4452,2018-07-05 12:00:00,141.51
4453,2018-07-05 13:00:00,141.9
4454,2018-07-05 14:00:00,141.09
4455,2018-07-05 15:00:00,142.03
4456,2018-07-05 16:00:00,140.92
4457,2018-07-05 17:00:00,141.43
4458,2018-07-05 18:00:00,141.13
4459,2018-07-05 19:00:00,140.95
4460,2018-07-05 20:00:00,129.66
4461,2018-07-05 21:00:00,123.99
4462,2018-07-05 22:00:00,124.7
4463,2018-07-05 23:00:00,122.03
4464,2018-07-06 00:00:00,100.63
4465,2018-07-06 01:00:00,92.09
4466,2018-07-06 02:00:00,94.91
4467,2018-07-06 03:00:00,91.02
4468,2018-07-06 04:00:00,72.3
4469,2018-07-06 05:00:00,53.73
4470,2018-07-06 06:00:00,63.0
4471,2018-07-06 07:00:00,77.33
4472,2018-07-06 08:00:00,82.01
4473,2018-07-06 09:00:00,66.69
4474,2018-07-06 10:00:00,60.78
4475,2018-07-06 11:00:00,70.93
4476,2018-07-06 12:00:00,94.46
4477,2018-07-06 13:00:00,118.21
4478,2018-07-06 14:00:00,134.09
4479,2018-07-06 15:00:00,137.26
4480,2018-07-06 16:00:00,127.29
4481,2018-07-06 17:00:00,136.04
4482,2018-07-06 18:00:00,140.78
4483,2018-07-06 19:00:00,140.14
4484,2018-07-06 20:00:00,141.23
4485,2018-07-06 21:00:00,140.58
4486,2018-07-06 22:00:00,140.48
4487,2018-07-06 23:00:00,140.38
4488,2018-07-07 00:00:00,138.45
4489,2018-07-07 01:00:00,106.32
4490,2018-07-07 02:00:00,84.4
4491,2018-07-07 03:00:00,72.38
4492,2018-07-07 04:00:00,55.74
4493,2018-07-07 05:00:00,49.12
4494,2018-07-07 06:00:00,62.44
4495,2018-07-07 07:00:00,78.82
4496,2018-07-07 08:00:00,102.14
4497,2018-07-07 09:00:00,117.61
4498,2018-07-07 10:00:00,136.66
4499,2018-07-07 11:00:00,141.02
4500,2018-07-07 12:00:00,141.23
4501,2018-07-07 13:00:00,141.66
4502,2018-07-07 14:00:00,141.56
4503,2018-07-07 15:00:00,140.91
4504,2018-07-07 16:00:00,141.14
4505,2018-07-07 17:00:00,141.19
4506,2018-07-07 18:00:00,140.92
4507,2018-07-07 19:00:00,141.41
4508,2018-07-07 20:00:00,141.51
4509,2018-07-07 21:00:00,141.3
4510,2018-07-07 22:00:00,141.28
4511,2018-07-07 23:00:00,141.34
4512,2018-07-08 00:00:00,141.24
4513,2018-07-08 01:00:00,141.21
4514,2018-07-08 02:00:00,141.23
4515,2018-07-08 03:00:00,141.51
4516,2018-07-08 04:00:00,141.41
4517,2018-07-08 05:00:00,140.75
4518,2018-07-08 06:00:00,141.32
4519,2018-07-08 07:00:00,141.46
4520,2018-07-08 08:00:00,141.37
4521,2018-07-08 09:00:00,140.94
4522,2018-07-08 10:00:00,141.18
4523,2018-07-08 11:00:00,142.04
4524,2018-07-08 12:00:00,141.77
4525,2018-07-08 13:00:00,141.09
4526,2018-07-08 14:00:00,141.52
4527,2018-07-08 15:00:00,141.46
4528,2018-07-08 16:00:00,141.64
4529,2018-07-08 17:00:00,141.62
4530,2018-07-08 18:00:00,140.97
4531,2018-07-08 19:00:00,140.91
4532,2018-07-08 20:00:00,141.43
4533,2018-07-08 21:00:00,140.86
4534,2018-07-08 22:00:00,134.44
4535,2018-07-08 23:00:00,98.45
4536,2018-07-09 00:00:00,90.22
4537,2018-07-09 01:00:00,62.79
4538,2018-07-09 02:00:00,45.71
4539,2018-07-09 03:00:00,39.14
4540,2018-07-09 04:00:00,36.13
4541,2018-07-09 05:00:00,34.8
4542,2018-07-09 06:00:00,31.66
4543,2018-07-09 07:00:00,29.79
4544,2018-07-09 08:00:00,28.55
4545,2018-07-09 09:00:00,31.41
4546,2018-07-09 10:00:00,39.13
4547,2018-07-09 11:00:00,48.63
4548,2018-07-09 12:00:00,74.55
4549,2018-07-09 13:00:00,97.22
4550,2018-07-09 14:00:00,116.81
4551,2018-07-09 15:00:00,115.67
4552,2018-07-09 16:00:00,120.57
4553,2018-07-09 17:00:00,107.19
4554,2018-07-09 18:00:00,101.27
4555,2018-07-09 19:00:00,104.36
4556,2018-07-09 20:00:00,102.4
4557,2018-07-09 21:00:00,109.8
4558,2018-07-09 22:00:00,122.02
4559,2018-07-09 23:00:00,141.28
4560,2018-07-10 00:00:00,140.79
4561,2018-07-10 01:00:00,137.51
4562,2018-07-10 02:00:00,95.43
4563,2018-07-10 03:00:00,62.44
4564,2018-07-10 04:00:00,50.62
4565,2018-07-10 05:00:00,46.33
4566,2018-07-10 06:00:00,47.57
4567,2018-07-10 07:00:00,50.49
4568,2018-07-10 08:00:00,68.75
4569,2018-07-10 09:00:00,96.99
4570,2018-07-10 10:00:00,111.58
4571,2018-07-10 11:00:00,107.95
4572,2018-07-10 12:00:00,98.84
4573,2018-07-10 13:00:00,95.15
4574,2018-07-10 14:00:00,102.84
4575,2018-07-10 15:00:00,111.86
4576,2018-07-10 16:00:00,107.53
4577,2018-07-10 17:00:00,89.89
4578,2018-07-10 18:00:00,78.33
4579,2018-07-10 19:00:00,82.17
4580,2018-07-10 20:00:00,105.39
4581,2018-07-10 21:00:00,124.71
4582,2018-07-10 22:00:00,116.31
4583,2018-07-10 23:00:00,101.8
4584,2018-07-11 00:00:00,89.78
4585,2018-07-11 01:00:00,66.5
4586,2018-07-11 02:00:00,45.82
4587,2018-07-11 03:00:00,31.97
4588,2018-07-11 04:00:00,25.61
4589,2018-07-11 05:00:00,24.32
4590,2018-07-11 06:00:00,24.65
4591,2018-07-11 07:00:00,26.1
4592,2018-07-11 08:00:00,28.31
4593,2018-07-11 09:00:00,31.29
4594,2018-07-11 10:00:00,46.08
4595,2018-07-11 11:00:00,57.83
4596,2018-07-11 12:00:00,73.97
4597,2018-07-11 13:00:00,80.54
4598,2018-07-11 14:00:00,98.33
4599,2018-07-11 15:00:00,106.94
4600,2018-07-11 16:00:00,130.38
4601,2018-07-11 17:00:00,140.92
4602,2018-07-11 18:00:00,140.43
4603,2018-07-11 19:00:00,141.08
4604,2018-07-11 20:00:00,140.36
4605,2018-07-11 21:00:00,140.71
4606,2018-07-11 22:00:00,140.75
4607,2018-07-11 23:00:00,141.1
4608,2018-07-12 00:00:00,141.28
4609,2018-07-12 01:00:00,140.79
4610,2018-07-12 02:00:00,141.43
4611,2018-07-12 03:00:00,141.05
4612,2018-07-12 04:00:00,141.09
4613,2018-07-12 05:00:00,141.25
4614,2018-07-12 06:00:00,140.57
4615,2018-07-12 07:00:00,140.88
4616,2018-07-12 08:00:00,141.35
4617,2018-07-12 09:00:00,141.14
4618,2018-07-12 10:00:00,141.01
4619,2018-07-12 11:00:00,140.8
4620,2018-07-12 12:00:00,140.97
4621,2018-07-12 13:00:00,140.78
4622,2018-07-12 14:00:00,140.93
4623,2018-07-12 15:00:00,140.62
4624,2018-07-12 16:00:00,141.04
4625,2018-07-12 17:00:00,140.44
4626,2018-07-12 18:00:00,141.86
4627,2018-07-12 19:00:00,141.55
4628,2018-07-12 20:00:00,141.21
4629,2018-07-12 21:00:00,141.36
4630,2018-07-12 22:00:00,140.41
4631,2018-07-12 23:00:00,141.28
4632,2018-07-13 00:00:00,141.03
4633,2018-07-13 01:00:00,138.85
4634,2018-07-13 02:00:00,118.38
4635,2018-07-13 03:00:00,101.34
4636,2018-07-13 04:00:00,77.68
4637,2018-07-13 05:00:00,55.22
4638,2018-07-13 06:00:00,65.87
4639,2018-07-13 07:00:00,79.13
4640,2018-07-13 08:00:00,76.75
4641,2018-07-13 09:00:00,64.38
4642,2018-07-13 10:00:00,63.32
4643,2018-07-13 11:00:00,74.44
4644,2018-07-13 12:00:00,93.15
4645,2018-07-13 13:00:00,122.66
4646,2018-07-13 14:00:00,139.79
4647,2018-07-13 15:00:00,140.7
4648,2018-07-13 16:00:00,137.07
4649,2018-07-13 17:00:00,136.56
4650,2018-07-13 18:00:00,140.7
4651,2018-07-13 19:00:00,140.39
4652,2018-07-13 20:00:00,140.4
4653,2018-07-13 21:00:00,141.77
4654,2018-07-13 22:00:00,141.12
4655,2018-07-13 23:00:00,140.53
4656,2018-07-14 00:00:00,141.73
4657,2018-07-14 01:00:00,138.54
4658,2018-07-14 02:00:00,108.58
4659,2018-07-14 03:00:00,78.16
4660,2018-07-14 04:00:00,55.95
4661,2018-07-14 05:00:00,44.72
4662,2018-07-14 06:00:00,59.92
4663,2018-07-14 07:00:00,84.74
4664,2018-07-14 08:00:00,105.61
4665,2018-07-14 09:00:00,125.38
4666,2018-07-14 10:00:00,140.77
4667,2018-07-14 11:00:00,141.06
4668,2018-07-14 12:00:00,141.08
4669,2018-07-14 13:00:00,140.75
4670,2018-07-14 14:00:00,140.44
4671,2018-07-14 15:00:00,140.69
4672,2018-07-14 16:00:00,140.79
4673,2018-07-14 17:00:00,140.78
4674,2018-07-14 18:00:00,141.12
4675,2018-07-14 19:00:00,141.93
4676,2018-07-14 20:00:00,141.53
4677,2018-07-14 21:00:00,141.09
4678,2018-07-14 22:00:00,141.53
4679,2018-07-14 23:00:00,141.62
4680,2018-07-15 00:00:00,141.62
4681,2018-07-15 01:00:00,140.7
4682,2018-07-15 02:00:00,140.66
4683,2018-07-15 03:00:00,141.15
4684,2018-07-15 04:00:00,141.21
4685,2018-07-15 05:00:00,141.38
4686,2018-07-15 06:00:00,141.08
4687,2018-07-15 07:00:00,140.88
4688,2018-07-15 08:00:00,140.77
4689,2018-07-15 09:00:00,140.35
4690,2018-07-15 10:00:00,140.2
4691,2018-07-15 11:00:00,141.02
4692,2018-07-15 12:00:00,140.21
4693,2018-07-15 13:00:00,141.14
4694,2018-07-15 14:00:00,140.69
4695,2018-07-15 15:00:00,141.09
4696,2018-07-15 16:00:00,141.42
4697,2018-07-15 17:00:00,141.22
4698,2018-07-15 18:00:00,141.12
4699,2018-07-15 19:00:00,141.26
4700,2018-07-15 20:00:00,140.45
4701,2018-07-15 21:00:00,141.04
4702,2018-07-15 22:00:00,140.55
4703,2018-07-15 23:00:00,140.65
4704,2018-07-16 00:00:00,140.17
4705,2018-07-16 01:00:00,97.39
4706,2018-07-16 02:00:00,59.9
4707,2018-07-16 03:00:00,44.99
4708,2018-07-16 04:00:00,36.02
4709,2018-07-16 05:00:00,32.29
4710,2018-07-16 06:00:00,32.09
4711,2018-07-16 07:00:00,30.44
4712,2018-07-16 08:00:00,28.16
4713,2018-07-16 09:00:00,32.05
4714,2018-07-16 10:00:00,39.25
4715,2018-07-16 11:00:00,50.54
4716,2018-07-16 12:00:00,77.52
4717,2018-07-16 13:00:00,99.66
4718,2018-07-16 14:00:00,121.93
4719,2018-07-16 15:00:00,123.75
4720,2018-07-16 16:00:00,119.16
4721,2018-07-16 17:00:00,116.69
4722,2018-07-16 18:00:00,106.18
4723,2018-07-16 19:00:00,106.11
4724,2018-07-16 20:00:00,109.45
4725,2018-07-16 21:00:00,106.43
4726,2018-07-16 22:00:00,118.07
4727,2018-07-16 23:00:00,140.84
4728,2018-07-17 00:00:00,140.86
4729,2018-07-17 01:00:00,141.16
4730,2018-07-17 02:00:00,108.24
4731,2018-07-17 03:00:00,67.21
4732,2018-07-17 04:00:00,55.52
4733,2018-07-17 05:00:00,50.59
4734,2018-07-17 06:00:00,49.71
4735,2018-07-17 07:00:00,53.09
4736,2018-07-17 08:00:00,72.41
4737,2018-07-17 09:00:00,94.48
4738,2018-07-17 10:00:00,110.58
4739,2018-07-17 11:00:00,103.83
4740,2018-07-17 12:00:00,92.37
4741,2018-07-17 13:00:00,96.87
4742,2018-07-17 14:00:00,102.19
4743,2018-07-17 15:00:00,108.71
4744,2018-07-17 16:00:00,109.74
4745,2018-07-17 17:00:00,92.38
4746,2018-07-17 18:00:00,79.84
4747,2018-07-17 19:00:00,85.74
4748,2018-07-17 20:00:00,111.46
4749,2018-07-17 21:00:00,121.33
4750,2018-07-17 22:00:00,121.24
4751,2018-07-17 23:00:00,105.15
4752,2018-07-18 00:00:00,89.76
4753,2018-07-18 01:00:00,65.51
4754,2018-07-18 02:00:00,45.47
4755,2018-07-18 03:00:00,34.06
4756,2018-07-18 04:00:00,26.51
4757,2018-07-18 05:00:00,24.76
4758,2018-07-18 06:00:00,24.75
4759,2018-07-18 07:00:00,25.98
4760,2018-07-18 08:00:00,30.25
4761,2018-07-18 09:00:00,34.53
4762,2018-07-18 10:00:00,47.98
4763,2018-07-18 11:00:00,61.68
4764,2018-07-18 12:00:00,78.04
4765,2018-07-18 13:00:00,82.5
4766,2018-07-18 14:00:00,94.36
4767,2018-07-18 15:00:00,110.46
4768,2018-07-18 16:00:00,138.42
4769,2018-07-18 17:00:00,141.0
4770,2018-07-18 18:00:00,140.92
4771,2018-07-18 19:00:00,140.98
4772,2018-07-18 20:00:00,141.66
4773,2018-07-18 21:00:00,141.36
4774,2018-07-18 22:00:00,141.6
4775,2018-07-18 23:00:00,141.83
4776,2018-07-19 00:00:00,141.63
4777,2018-07-19 01:00:00,141.55
4778,2018-07-19 02:00:00,140.76
4779,2018-07-19 03:00:00,140.75
4780,2018-07-19 04:00:00,140.69
4781,2018-07-19 05:00:00,141.56
4782,2018-07-19 06:00:00,140.54
4783,2018-07-19 07:00:00,141.25
4784,2018-07-19 08:00:00,141.89
4785,2018-07-19 09:00:00,141.4
4786,2018-07-19 10:00:00,141.31
4787,2018-07-19 11:00:00,141.1
4788,2018-07-19 12:00:00,141.34
4789,2018-07-19 13:00:00,141.71
4790,2018-07-19 14:00:00,141.16
4791,2018-07-19 15:00:00,140.76
4792,2018-07-19 16:00:00,140.8
4793,2018-07-19 17:00:00,141.49
4794,2018-07-19 18:00:00,140.73
4795,2018-07-19 19:00:00,140.93
4796,2018-07-19 20:00:00,140.3
4797,2018-07-19 21:00:00,140.68
4798,2018-07-19 22:00:00,141.63
4799,2018-07-19 23:00:00,141.67
4800,2018-07-20 00:00:00,141.68
4801,2018-07-20 01:00:00,140.9
4802,2018-07-20 02:00:00,139.56
4803,2018-07-20 03:00:00,123.97
4804,2018-07-20 04:00:00,84.85
4805,2018-07-20 05:00:00,58.19
4806,2018-07-20 06:00:00,60.46
4807,2018-07-20 07:00:00,73.43
4808,2018-07-20 08:00:00,76.29
4809,2018-07-20 09:00:00,64.93
4810,2018-07-20 10:00:00,64.15
4811,2018-07-20 11:00:00,74.35
4812,2018-07-20 12:00:00,93.88
4813,2018-07-20 13:00:00,121.72
4814,2018-07-20 14:00:00,137.18
4815,2018-07-20 15:00:00,138.05
4816,2018-07-20 16:00:00,135.61
4817,2018-07-20 17:00:00,138.49
4818,2018-07-20 18:00:00,140.95
4819,2018-07-20 19:00:00,140.69
4820,2018-07-20 20:00:00,142.05
4821,2018-07-20 21:00:00,141.54
4822,2018-07-20 22:00:00,141.53
4823,2018-07-20 23:00:00,141.75
4824,2018-07-21 00:00:00,141.94
4825,2018-07-21 01:00:00,139.41
4826,2018-07-21 02:00:00,108.12
4827,2018-07-21 03:00:00,74.46
4828,2018-07-21 04:00:00,56.2
4829,2018-07-21 05:00:00,46.08
4830,2018-07-21 06:00:00,62.15
4831,2018-07-21 07:00:00,85.32
4832,2018-07-21 08:00:00,110.19
4833,2018-07-21 09:00:00,127.21
4834,2018-07-21 10:00:00,140.54
4835,2018-07-21 11:00:00,140.49
4836,2018-07-21 12:00:00,141.5
4837,2018-07-21 13:00:00,141.29
4838,2018-07-21 14:00:00,141.41
4839,2018-07-21 15:00:00,141.66
4840,2018-07-21 16:00:00,140.98
4841,2018-07-21 17:00:00,141.13
4842,2018-07-21 18:00:00,141.01
4843,2018-07-21 19:00:00,141.51
4844,2018-07-21 20:00:00,140.44
4845,2018-07-21 21:00:00,140.7
4846,2018-07-21 22:00:00,140.81
4847,2018-07-21 23:00:00,141.69
4848,2018-07-22 00:00:00,141.28
4849,2018-07-22 01:00:00,141.58
4850,2018-07-22 02:00:00,140.97
4851,2018-07-22 03:00:00,141.19
4852,2018-07-22 04:00:00,141.11
4853,2018-07-22 05:00:00,141.57
4854,2018-07-22 06:00:00,141.48
4855,2018-07-22 07:00:00,141.66
4856,2018-07-22 08:00:00,141.35
4857,2018-07-22 09:00:00,141.0
4858,2018-07-22 10:00:00,140.48
4859,2018-07-22 11:00:00,141.02
4860,2018-07-22 12:00:00,141.2
4861,2018-07-22 13:00:00,140.87
4862,2018-07-22 14:00:00,141.5
4863,2018-07-22 15:00:00,141.27
4864,2018-07-22 16:00:00,141.3
4865,2018-07-22 17:00:00,141.66
4866,2018-07-22 18:00:00,140.9
4867,2018-07-22 19:00:00,141.03
4868,2018-07-22 20:00:00,140.94
4869,2018-07-22 21:00:00,141.25
4870,2018-07-22 22:00:00,141.3
4871,2018-07-22 23:00:00,141.74
4872,2018-07-23 00:00:00,138.74
4873,2018-07-23 01:00:00,91.19
4874,2018-07-23 02:00:00,51.82
4875,2018-07-23 03:00:00,39.43
4876,2018-07-23 04:00:00,35.38
4877,2018-07-23 05:00:00,33.02
4878,2018-07-23 06:00:00,31.23
4879,2018-07-23 07:00:00,30.48
4880,2018-07-23 08:00:00,29.89
4881,2018-07-23 09:00:00,34.43
4882,2018-07-23 10:00:00,39.07
4883,2018-07-23 11:00:00,44.99
4884,2018-07-23 12:00:00,74.0
4885,2018-07-23 13:00:00,101.51
4886,2018-07-23 14:00:00,120.59
4887,2018-07-23 15:00:00,119.64
4888,2018-07-23 16:00:00,117.67
4889,2018-07-23 17:00:00,110.5
4890,2018-07-23 18:00:00,104.56
4891,2018-07-23 19:00:00,106.0
4892,2018-07-23 20:00:00,109.96
4893,2018-07-23 21:00:00,111.44
4894,2018-07-23 22:00:00,122.89
4895,2018-07-23 23:00:00,140.73
4896,2018-07-24 00:00:00,141.18
4897,2018-07-24 01:00:00,139.59
4898,2018-07-24 02:00:00,102.62
4899,2018-07-24 03:00:00,66.55
4900,2018-07-24 04:00:00,55.17
4901,2018-07-24 05:00:00,48.59
4902,2018-07-24 06:00:00,47.73
4903,2018-07-24 07:00:00,50.57
4904,2018-07-24 08:00:00,72.01
4905,2018-07-24 09:00:00,94.18
4906,2018-07-24 10:00:00,105.78
4907,2018-07-24 11:00:00,100.47
4908,2018-07-24 12:00:00,93.51
4909,2018-07-24 13:00:00,88.66
4910,2018-07-24 14:00:00,99.88
4911,2018-07-24 15:00:00,113.23
4912,2018-07-24 16:00:00,107.31
4913,2018-07-24 17:00:00,91.29
4914,2018-07-24 18:00:00,78.06
4915,2018-07-24 19:00:00,85.25
4916,2018-07-24 20:00:00,110.71
4917,2018-07-24 21:00:00,125.64
4918,2018-07-24 22:00:00,121.51
4919,2018-07-24 23:00:00,103.68
4920,2018-07-25 00:00:00,89.31
4921,2018-07-25 01:00:00,63.48
4922,2018-07-25 02:00:00,46.06
4923,2018-07-25 03:00:00,32.62
4924,2018-07-25 04:00:00,26.4
4925,2018-07-25 05:00:00,24.66
4926,2018-07-25 06:00:00,24.99
4927,2018-07-25 07:00:00,25.53
4928,2018-07-25 08:00:00,27.98
4929,2018-07-25 09:00:00,34.24
4930,2018-07-25 10:00:00,49.71
4931,2018-07-25 11:00:00,60.6
4932,2018-07-25 12:00:00,75.34
4933,2018-07-25 13:00:00,83.8
4934,2018-07-25 14:00:00,95.13
4935,2018-07-25 15:00:00,96.6
4936,2018-07-25 16:00:00,124.73
4937,2018-07-25 17:00:00,140.81
4938,2018-07-25 18:00:00,141.38
4939,2018-07-25 19:00:00,141.17
4940,2018-07-25 20:00:00,140.55
4941,2018-07-25 21:00:00,141.11
4942,2018-07-25 22:00:00,140.76
4943,2018-07-25 23:00:00,141.32
4944,2018-07-26 00:00:00,141.51
4945,2018-07-26 01:00:00,141.44
4946,2018-07-26 02:00:00,141.31
4947,2018-07-26 03:00:00,140.94
4948,2018-07-26 04:00:00,140.41
4949,2018-07-26 05:00:00,140.7
4950,2018-07-26 06:00:00,140.82
4951,2018-07-26 07:00:00,140.56
4952,2018-07-26 08:00:00,141.44
4953,2018-07-26 09:00:00,141.55
4954,2018-07-26 10:00:00,141.17
4955,2018-07-26 11:00:00,141.42
4956,2018-07-26 12:00:00,141.35
4957,2018-07-26 13:00:00,141.79
4958,2018-07-26 14:00:00,142.1
4959,2018-07-26 15:00:00,141.08
4960,2018-07-26 16:00:00,140.73
4961,2018-07-26 17:00:00,140.12
4962,2018-07-26 18:00:00,140.82
4963,2018-07-26 19:00:00,141.41
4964,2018-07-26 20:00:00,141.03
4965,2018-07-26 21:00:00,140.36
4966,2018-07-26 22:00:00,140.39
4967,2018-07-26 23:00:00,140.74
4968,2018-07-27 00:00:00,141.24
4969,2018-07-27 01:00:00,127.3
4970,2018-07-27 02:00:00,111.44
4971,2018-07-27 03:00:00,103.0
4972,2018-07-27 04:00:00,77.26
4973,2018-07-27 05:00:00,55.29
4974,2018-07-27 06:00:00,66.23
4975,2018-07-27 07:00:00,78.34
4976,2018-07-27 08:00:00,73.11
4977,2018-07-27 09:00:00,59.63
4978,2018-07-27 10:00:00,60.33
4979,2018-07-27 11:00:00,68.85
4980,2018-07-27 12:00:00,97.49
4981,2018-07-27 13:00:00,119.49
4982,2018-07-27 14:00:00,138.53
4983,2018-07-27 15:00:00,141.3
4984,2018-07-27 16:00:00,135.63
4985,2018-07-27 17:00:00,137.23
4986,2018-07-27 18:00:00,140.44
4987,2018-07-27 19:00:00,140.4
4988,2018-07-27 20:00:00,141.19
4989,2018-07-27 21:00:00,141.08
4990,2018-07-27 22:00:00,140.72
4991,2018-07-27 23:00:00,141.53
4992,2018-07-28 00:00:00,141.4
4993,2018-07-28 01:00:00,122.59
4994,2018-07-28 02:00:00,91.81
4995,2018-07-28 03:00:00,74.14
4996,2018-07-28 04:00:00,53.42
4997,2018-07-28 05:00:00,45.46
4998,2018-07-28 06:00:00,60.18
4999,2018-07-28 07:00:00,81.09
5000,2018-07-28 08:00:00,102.36
5001,2018-07-28 09:00:00,124.4
5002,2018-07-28 10:00:00,139.64
5003,2018-07-28 11:00:00,140.89
5004,2018-07-28 12:00:00,141.01
5005,2018-07-28 13:00:00,140.38
5006,2018-07-28 14:00:00,141.37
5007,2018-07-28 15:00:00,140.65
5008,2018-07-28 16:00:00,141.23
5009,2018-07-28 17:00:00,141.57
5010,2018-07-28 18:00:00,141.68
5011,2018-07-28 19:00:00,140.59
5012,2018-07-28 20:00:00,140.28
5013,2018-07-28 21:00:00,141.39
5014,2018-07-28 22:00:00,141.03
5015,2018-07-28 23:00:00,141.24
5016,2018-07-29 00:00:00,141.02
5017,2018-07-29 01:00:00,140.69
5018,2018-07-29 02:00:00,141.29
5019,2018-07-29 03:00:00,141.3
5020,2018-07-29 04:00:00,141.5
5021,2018-07-29 05:00:00,141.19
5022,2018-07-29 06:00:00,141.28
5023,2018-07-29 07:00:00,140.84
5024,2018-07-29 08:00:00,141.39
5025,2018-07-29 09:00:00,141.63
5026,2018-07-29 10:00:00,140.77
5027,2018-07-29 11:00:00,141.35
5028,2018-07-29 12:00:00,141.37
5029,2018-07-29 13:00:00,141.75
5030,2018-07-29 14:00:00,141.35
5031,2018-07-29 15:00:00,141.58
5032,2018-07-29 16:00:00,141.51
5033,2018-07-29 17:00:00,141.52
5034,2018-07-29 18:00:00,140.66
5035,2018-07-29 19:00:00,140.97
5036,2018-07-29 20:00:00,140.95
5037,2018-07-29 21:00:00,141.31
5038,2018-07-29 22:00:00,140.78
5039,2018-07-29 23:00:00,112.51
5040,2018-07-30 00:00:00,92.22
5041,2018-07-30 01:00:00,67.58
5042,2018-07-30 02:00:00,48.62
5043,2018-07-30 03:00:00,38.53
5044,2018-07-30 04:00:00,34.54
5045,2018-07-30 05:00:00,32.74
5046,2018-07-30 06:00:00,30.17
5047,2018-07-30 07:00:00,28.88
5048,2018-07-30 08:00:00,27.89
5049,2018-07-30 09:00:00,32.61
5050,2018-07-30 10:00:00,36.57
5051,2018-07-30 11:00:00,46.13
5052,2018-07-30 12:00:00,71.36
5053,2018-07-30 13:00:00,94.22
5054,2018-07-30 14:00:00,115.3
5055,2018-07-30 15:00:00,115.87
5056,2018-07-30 16:00:00,114.91
5057,2018-07-30 17:00:00,107.87
5058,2018-07-30 18:00:00,104.11
5059,2018-07-30 19:00:00,102.87
5060,2018-07-30 20:00:00,106.17
5061,2018-07-30 21:00:00,107.49
5062,2018-07-30 22:00:00,125.32
5063,2018-07-30 23:00:00,141.34
5064,2018-07-31 00:00:00,141.16
5065,2018-07-31 01:00:00,133.34
5066,2018-07-31 02:00:00,93.62
5067,2018-07-31 03:00:00,64.04
5068,2018-07-31 04:00:00,49.05
5069,2018-07-31 05:00:00,47.26
5070,2018-07-31 06:00:00,46.4
5071,2018-07-31 07:00:00,54.32
5072,2018-07-31 08:00:00,76.26
5073,2018-07-31 09:00:00,95.55
5074,2018-07-31 10:00:00,103.22
5075,2018-07-31 11:00:00,99.13
5076,2018-07-31 12:00:00,93.32
5077,2018-07-31 13:00:00,92.28
5078,2018-07-31 14:00:00,99.3
5079,2018-07-31 15:00:00,103.14
5080,2018-07-31 16:00:00,108.79
5081,2018-07-31 17:00:00,94.75
5082,2018-07-31 18:00:00,74.78
5083,2018-07-31 19:00:00,79.53
5084,2018-07-31 20:00:00,99.12
5085,2018-07-31 21:00:00,118.98
5086,2018-07-31 22:00:00,122.43
5087,2018-07-31 23:00:00,105.63
5088,2018-08-01 00:00:00,86.7
5089,2018-08-01 01:00:00,67.65
5090,2018-08-01 02:00:00,44.4
5091,2018-08-01 03:00:00,31.64
5092,2018-08-01 04:00:00,26.34
5093,2018-08-01 05:00:00,24.47
5094,2018-08-01 06:00:00,24.61
5095,2018-08-01 07:00:00,25.51
5096,2018-08-01 08:00:00,28.73
5097,2018-08-01 09:00:00,33.25
5098,2018-08-01 10:00:00,45.96
5099,2018-08-01 11:00:00,61.1
5100,2018-08-01 12:00:00,78.22
5101,2018-08-01 13:00:00,84.06
5102,2018-08-01 14:00:00,92.34
5103,2018-08-01 15:00:00,100.66
5104,2018-08-01 16:00:00,125.18
5105,2018-08-01 17:00:00,140.68
5106,2018-08-01 18:00:00,141.22
5107,2018-08-01 19:00:00,141.23
5108,2018-08-01 20:00:00,141.11
5109,2018-08-01 21:00:00,141.53
5110,2018-08-01 22:00:00,141.4
5111,2018-08-01 23:00:00,141.42
5112,2018-08-02 00:00:00,141.26
5113,2018-08-02 01:00:00,140.45
5114,2018-08-02 02:00:00,141.27
5115,2018-08-02 03:00:00,141.26
5116,2018-08-02 04:00:00,141.23
5117,2018-08-02 05:00:00,141.9
5118,2018-08-02 06:00:00,141.29
5119,2018-08-02 07:00:00,140.73
5120,2018-08-02 08:00:00,141.0
5121,2018-08-02 09:00:00,140.91
5122,2018-08-02 10:00:00,140.7
5123,2018-08-02 11:00:00,141.43
5124,2018-08-02 12:00:00,141.29
5125,2018-08-02 13:00:00,141.05
5126,2018-08-02 14:00:00,141.49
5127,2018-08-02 15:00:00,141.57
5128,2018-08-02 16:00:00,141.3
5129,2018-08-02 17:00:00,140.59
5130,2018-08-02 18:00:00,141.19
5131,2018-08-02 19:00:00,140.76
5132,2018-08-02 20:00:00,140.09
5133,2018-08-02 21:00:00,129.09
5134,2018-08-02 22:00:00,133.99
5135,2018-08-02 23:00:00,123.93
5136,2018-08-03 00:00:00,109.67
5137,2018-08-03 01:00:00,89.98
5138,2018-08-03 02:00:00,96.91
5139,2018-08-03 03:00:00,84.5
5140,2018-08-03 04:00:00,71.39
5141,2018-08-03 05:00:00,52.73
5142,2018-08-03 06:00:00,61.96
5143,2018-08-03 07:00:00,76.23
5144,2018-08-03 08:00:00,75.98
5145,2018-08-03 09:00:00,60.51
5146,2018-08-03 10:00:00,59.65
5147,2018-08-03 11:00:00,68.64
5148,2018-08-03 12:00:00,98.93
5149,2018-08-03 13:00:00,120.38
5150,2018-08-03 14:00:00,136.36
5151,2018-08-03 15:00:00,133.23
5152,2018-08-03 16:00:00,133.69
5153,2018-08-03 17:00:00,134.95
5154,2018-08-03 18:00:00,140.96
5155,2018-08-03 19:00:00,141.27
5156,2018-08-03 20:00:00,141.56
5157,2018-08-03 21:00:00,141.07
5158,2018-08-03 22:00:00,140.99
5159,2018-08-03 23:00:00,141.07
5160,2018-08-04 00:00:00,133.83
5161,2018-08-04 01:00:00,101.9
5162,2018-08-04 02:00:00,89.51
5163,2018-08-04 03:00:00,70.14
5164,2018-08-04 04:00:00,55.09
5165,2018-08-04 05:00:00,48.11
5166,2018-08-04 06:00:00,61.21
5167,2018-08-04 07:00:00,83.39
5168,2018-08-04 08:00:00,98.38
5169,2018-08-04 09:00:00,118.57
5170,2018-08-04 10:00:00,134.82
5171,2018-08-04 11:00:00,141.19
5172,2018-08-04 12:00:00,140.73
5173,2018-08-04 13:00:00,140.53
5174,2018-08-04 14:00:00,140.13
5175,2018-08-04 15:00:00,140.97
5176,2018-08-04 16:00:00,140.37
5177,2018-08-04 17:00:00,141.48
5178,2018-08-04 18:00:00,140.44
5179,2018-08-04 19:00:00,141.0
5180,2018-08-04 20:00:00,141.41
5181,2018-08-04 21:00:00,141.25
5182,2018-08-04 22:00:00,141.03
5183,2018-08-04 23:00:00,141.17
5184,2018-08-05 00:00:00,141.17
5185,2018-08-05 01:00:00,141.14
5186,2018-08-05 02:00:00,140.91
5187,2018-08-05 03:00:00,141.3
5188,2018-08-05 04:00:00,141.29
5189,2018-08-05 05:00:00,141.53
5190,2018-08-05 06:00:00,141.77
5191,2018-08-05 07:00:00,141.76
5192,2018-08-05 08:00:00,141.29
5193,2018-08-05 09:00:00,141.24
5194,2018-08-05 10:00:00,141.27
5195,2018-08-05 11:00:00,141.13
5196,2018-08-05 12:00:00,141.66
5197,2018-08-05 13:00:00,140.8
5198,2018-08-05 14:00:00,141.19
5199,2018-08-05 15:00:00,141.34
5200,2018-08-05 16:00:00,140.94
5201,2018-08-05 17:00:00,141.75
5202,2018-08-05 18:00:00,140.94
5203,2018-08-05 19:00:00,140.95
5204,2018-08-05 20:00:00,141.21
5205,2018-08-05 21:00:00,124.42
5206,2018-08-05 22:00:00,89.11
5207,2018-08-05 23:00:00,77.93
5208,2018-08-06 00:00:00,79.78
5209,2018-08-06 01:00:00,61.68
5210,2018-08-06 02:00:00,47.05
5211,2018-08-06 03:00:00,40.46
5212,2018-08-06 04:00:00,34.0
5213,2018-08-06 05:00:00,32.86
5214,2018-08-06 06:00:00,31.17
5215,2018-08-06 07:00:00,29.17
5216,2018-08-06 08:00:00,27.5
5217,2018-08-06 09:00:00,30.82
5218,2018-08-06 10:00:00,37.4
5219,2018-08-06 11:00:00,47.62
5220,2018-08-06 12:00:00,75.74
5221,2018-08-06 13:00:00,95.2
5222,2018-08-06 14:00:00,115.18
5223,2018-08-06 15:00:00,115.71
5224,2018-08-06 16:00:00,111.79
5225,2018-08-06 17:00:00,104.18
5226,2018-08-06 18:00:00,95.91
5227,2018-08-06 19:00:00,100.85
5228,2018-08-06 20:00:00,101.88
5229,2018-08-06 21:00:00,101.88
5230,2018-08-06 22:00:00,119.25
5231,2018-08-06 23:00:00,139.78
5232,2018-08-07 00:00:00,140.76
5233,2018-08-07 01:00:00,131.77
5234,2018-08-07 02:00:00,88.35
5235,2018-08-07 03:00:00,65.81
5236,2018-08-07 04:00:00,51.9
5237,2018-08-07 05:00:00,45.98
5238,2018-08-07 06:00:00,46.45
5239,2018-08-07 07:00:00,57.17
5240,2018-08-07 08:00:00,73.98
5241,2018-08-07 09:00:00,96.5
5242,2018-08-07 10:00:00,109.85
5243,2018-08-07 11:00:00,94.31
5244,2018-08-07 12:00:00,84.54
5245,2018-08-07 13:00:00,86.82
5246,2018-08-07 14:00:00,95.26
5247,2018-08-07 15:00:00,108.14
5248,2018-08-07 16:00:00,104.09
5249,2018-08-07 17:00:00,93.4
5250,2018-08-07 18:00:00,76.25
5251,2018-08-07 19:00:00,80.03
5252,2018-08-07 20:00:00,104.2
5253,2018-08-07 21:00:00,118.02
5254,2018-08-07 22:00:00,113.35
5255,2018-08-07 23:00:00,95.86
5256,2018-08-08 00:00:00,80.87
5257,2018-08-08 01:00:00,64.96
5258,2018-08-08 02:00:00,46.91
5259,2018-08-08 03:00:00,32.87
5260,2018-08-08 04:00:00,26.56
5261,2018-08-08 05:00:00,24.66
5262,2018-08-08 06:00:00,24.97
5263,2018-08-08 07:00:00,25.83
5264,2018-08-08 08:00:00,29.17
5265,2018-08-08 09:00:00,34.59
5266,2018-08-08 10:00:00,44.62
5267,2018-08-08 11:00:00,54.94
5268,2018-08-08 12:00:00,69.24
5269,2018-08-08 13:00:00,76.74
5270,2018-08-08 14:00:00,90.06
5271,2018-08-08 15:00:00,99.21
5272,2018-08-08 16:00:00,120.53
5273,2018-08-08 17:00:00,140.92
5274,2018-08-08 18:00:00,141.37
5275,2018-08-08 19:00:00,141.37
5276,2018-08-08 20:00:00,140.84
5277,2018-08-08 21:00:00,140.71
5278,2018-08-08 22:00:00,141.75
5279,2018-08-08 23:00:00,141.6
5280,2018-08-09 00:00:00,140.81
5281,2018-08-09 01:00:00,141.09
5282,2018-08-09 02:00:00,141.76
5283,2018-08-09 03:00:00,141.34
5284,2018-08-09 04:00:00,141.56
5285,2018-08-09 05:00:00,140.82
5286,2018-08-09 06:00:00,141.78
5287,2018-08-09 07:00:00,141.34
5288,2018-08-09 08:00:00,141.36
5289,2018-08-09 09:00:00,141.01
5290,2018-08-09 10:00:00,141.37
5291,2018-08-09 11:00:00,141.32
5292,2018-08-09 12:00:00,140.3
5293,2018-08-09 13:00:00,140.37
5294,2018-08-09 14:00:00,140.74
5295,2018-08-09 15:00:00,140.4
5296,2018-08-09 16:00:00,141.11
5297,2018-08-09 17:00:00,142.05
5298,2018-08-09 18:00:00,141.01
5299,2018-08-09 19:00:00,123.46
5300,2018-08-09 20:00:00,107.58
5301,2018-08-09 21:00:00,109.62
5302,2018-08-09 22:00:00,120.89
5303,2018-08-09 23:00:00,120.12
5304,2018-08-10 00:00:00,97.65
5305,2018-08-10 01:00:00,90.4
5306,2018-08-10 02:00:00,91.57
5307,2018-08-10 03:00:00,91.41
5308,2018-08-10 04:00:00,73.17
5309,2018-08-10 05:00:00,53.14
5310,2018-08-10 06:00:00,65.05
5311,2018-08-10 07:00:00,76.42
5312,2018-08-10 08:00:00,72.84
5313,2018-08-10 09:00:00,64.15
5314,2018-08-10 10:00:00,59.94
5315,2018-08-10 11:00:00,73.35
5316,2018-08-10 12:00:00,86.66
5317,2018-08-10 13:00:00,107.96
5318,2018-08-10 14:00:00,125.99
5319,2018-08-10 15:00:00,138.83
5320,2018-08-10 16:00:00,128.23
5321,2018-08-10 17:00:00,133.75
5322,2018-08-10 18:00:00,141.23
5323,2018-08-10 19:00:00,141.31
5324,2018-08-10 20:00:00,140.44
5325,2018-08-10 21:00:00,141.45
5326,2018-08-10 22:00:00,141.25
5327,2018-08-10 23:00:00,140.89
5328,2018-08-11 00:00:00,133.08
5329,2018-08-11 01:00:00,98.41
5330,2018-08-11 02:00:00,80.3
5331,2018-08-11 03:00:00,64.99
5332,2018-08-11 04:00:00,50.63
5333,2018-08-11 05:00:00,42.93
5334,2018-08-11 06:00:00,56.59
5335,2018-08-11 07:00:00,82.54
5336,2018-08-11 08:00:00,107.28
5337,2018-08-11 09:00:00,116.73
5338,2018-08-11 10:00:00,138.76
5339,2018-08-11 11:00:00,140.98
5340,2018-08-11 12:00:00,140.98
5341,2018-08-11 13:00:00,141.01
5342,2018-08-11 14:00:00,141.14
5343,2018-08-11 15:00:00,141.77
5344,2018-08-11 16:00:00,141.57
5345,2018-08-11 17:00:00,141.06
5346,2018-08-11 18:00:00,141.2
5347,2018-08-11 19:00:00,141.0
5348,2018-08-11 20:00:00,141.24
5349,2018-08-11 21:00:00,141.37
5350,2018-08-11 22:00:00,141.71
5351,2018-08-11 23:00:00,140.89
5352,2018-08-12 00:00:00,140.89
5353,2018-08-12 01:00:00,141.41
5354,2018-08-12 02:00:00,141.21
5355,2018-08-12 03:00:00,141.51
5356,2018-08-12 04:00:00,141.6
5357,2018-08-12 05:00:00,140.49
5358,2018-08-12 06:00:00,141.05
5359,2018-08-12 07:00:00,141.09
5360,2018-08-12 08:00:00,141.1
5361,2018-08-12 09:00:00,140.93
5362,2018-08-12 10:00:00,140.8
5363,2018-08-12 11:00:00,141.37
5364,2018-08-12 12:00:00,140.93
5365,2018-08-12 13:00:00,140.54
5366,2018-08-12 14:00:00,140.31
5367,2018-08-12 15:00:00,141.49
5368,2018-08-12 16:00:00,141.34
5369,2018-08-12 17:00:00,141.53
5370,2018-08-12 18:00:00,141.61
5371,2018-08-12 19:00:00,129.43
5372,2018-08-12 20:00:00,85.18
5373,2018-08-12 21:00:00,71.24
5374,2018-08-12 22:00:00,68.31
5375,2018-08-12 23:00:00,69.49
5376,2018-08-13 00:00:00,73.74
5377,2018-08-13 01:00:00,57.57
5378,2018-08-13 02:00:00,46.11
5379,2018-08-13 03:00:00,37.72
5380,2018-08-13 04:00:00,34.56
5381,2018-08-13 05:00:00,33.93
5382,2018-08-13 06:00:00,30.09
5383,2018-08-13 07:00:00,28.63
5384,2018-08-13 08:00:00,27.26
5385,2018-08-13 09:00:00,30.37
5386,2018-08-13 10:00:00,39.33
5387,2018-08-13 11:00:00,47.92
5388,2018-08-13 12:00:00,71.77
5389,2018-08-13 13:00:00,87.15
5390,2018-08-13 14:00:00,109.29
5391,2018-08-13 15:00:00,115.22
5392,2018-08-13 16:00:00,108.93
5393,2018-08-13 17:00:00,95.1
5394,2018-08-13 18:00:00,100.84
5395,2018-08-13 19:00:00,98.56
5396,2018-08-13 20:00:00,99.9
5397,2018-08-13 21:00:00,103.17
5398,2018-08-13 22:00:00,112.16
5399,2018-08-13 23:00:00,137.91
5400,2018-08-14 00:00:00,141.2
5401,2018-08-14 01:00:00,125.14
5402,2018-08-14 02:00:00,82.9
5403,2018-08-14 03:00:00,58.5
5404,2018-08-14 04:00:00,49.29
5405,2018-08-14 05:00:00,46.03
5406,2018-08-14 06:00:00,42.81
5407,2018-08-14 07:00:00,49.7
5408,2018-08-14 08:00:00,70.46
5409,2018-08-14 09:00:00,89.72
5410,2018-08-14 10:00:00,103.48
5411,2018-08-14 11:00:00,98.52
5412,2018-08-14 12:00:00,91.44
5413,2018-08-14 13:00:00,90.11
5414,2018-08-14 14:00:00,95.81
5415,2018-08-14 15:00:00,98.09
5416,2018-08-14 16:00:00,98.22
5417,2018-08-14 17:00:00,89.49
5418,2018-08-14 18:00:00,76.27
5419,2018-08-14 19:00:00,80.88
5420,2018-08-14 20:00:00,99.96
5421,2018-08-14 21:00:00,112.02
5422,2018-08-14 22:00:00,113.4
5423,2018-08-14 23:00:00,98.15
5424,2018-08-15 00:00:00,82.13
5425,2018-08-15 01:00:00,62.3
5426,2018-08-15 02:00:00,43.03
5427,2018-08-15 03:00:00,31.91
5428,2018-08-15 04:00:00,26.94
5429,2018-08-15 05:00:00,24.97
5430,2018-08-15 06:00:00,25.0
5431,2018-08-15 07:00:00,25.77
5432,2018-08-15 08:00:00,28.26
5433,2018-08-15 09:00:00,31.83
5434,2018-08-15 10:00:00,45.72
5435,2018-08-15 11:00:00,56.38
5436,2018-08-15 12:00:00,71.92
5437,2018-08-15 13:00:00,79.85
5438,2018-08-15 14:00:00,90.56
5439,2018-08-15 15:00:00,98.88
5440,2018-08-15 16:00:00,122.44
5441,2018-08-15 17:00:00,140.63
5442,2018-08-15 18:00:00,141.39
5443,2018-08-15 19:00:00,141.62
5444,2018-08-15 20:00:00,140.83
5445,2018-08-15 21:00:00,141.11
5446,2018-08-15 22:00:00,141.18
5447,2018-08-15 23:00:00,141.05
5448,2018-08-16 00:00:00,141.0
5449,2018-08-16 01:00:00,141.52
5450,2018-08-16 02:00:00,140.32
5451,2018-08-16 03:00:00,140.93
5452,2018-08-16 04:00:00,141.21
5453,2018-08-16 05:00:00,141.44
5454,2018-08-16 06:00:00,141.99
5455,2018-08-16 07:00:00,140.94
5456,2018-08-16 08:00:00,141.32
5457,2018-08-16 09:00:00,141.7
5458,2018-08-16 10:00:00,141.39
5459,2018-08-16 11:00:00,140.8
5460,2018-08-16 12:00:00,141.3
5461,2018-08-16 13:00:00,141.46
5462,2018-08-16 14:00:00,141.03
5463,2018-08-16 15:00:00,140.65
5464,2018-08-16 16:00:00,140.31
5465,2018-08-16 17:00:00,114.32
5466,2018-08-16 18:00:00,100.18
5467,2018-08-16 19:00:00,90.25
5468,2018-08-16 20:00:00,96.86
5469,2018-08-16 21:00:00,104.07
5470,2018-08-16 22:00:00,114.31
5471,2018-08-16 23:00:00,108.33
5472,2018-08-17 00:00:00,89.15
5473,2018-08-17 01:00:00,86.14
5474,2018-08-17 02:00:00,92.18
5475,2018-08-17 03:00:00,89.05
5476,2018-08-17 04:00:00,70.2
5477,2018-08-17 05:00:00,49.2
5478,2018-08-17 06:00:00,59.05
5479,2018-08-17 07:00:00,76.87
5480,2018-08-17 08:00:00,76.23
5481,2018-08-17 09:00:00,59.05
5482,2018-08-17 10:00:00,58.58
5483,2018-08-17 11:00:00,68.1
5484,2018-08-17 12:00:00,87.83
5485,2018-08-17 13:00:00,108.04
5486,2018-08-17 14:00:00,127.9
5487,2018-08-17 15:00:00,129.49
5488,2018-08-17 16:00:00,121.76
5489,2018-08-17 17:00:00,124.82
5490,2018-08-17 18:00:00,140.72
5491,2018-08-17 19:00:00,141.24
5492,2018-08-17 20:00:00,141.95
5493,2018-08-17 21:00:00,141.4
5494,2018-08-17 22:00:00,138.33
5495,2018-08-17 23:00:00,133.44
5496,2018-08-18 00:00:00,105.96
5497,2018-08-18 01:00:00,89.33
5498,2018-08-18 02:00:00,78.99
5499,2018-08-18 03:00:00,64.53
5500,2018-08-18 04:00:00,49.27
5501,2018-08-18 05:00:00,43.39
5502,2018-08-18 06:00:00,52.59
5503,2018-08-18 07:00:00,76.0
5504,2018-08-18 08:00:00,95.58
5505,2018-08-18 09:00:00,113.4
5506,2018-08-18 10:00:00,133.26
5507,2018-08-18 11:00:00,141.08
5508,2018-08-18 12:00:00,141.31
5509,2018-08-18 13:00:00,141.76
5510,2018-08-18 14:00:00,140.66
5511,2018-08-18 15:00:00,141.12
5512,2018-08-18 16:00:00,141.22
5513,2018-08-18 17:00:00,140.99
5514,2018-08-18 18:00:00,140.98
5515,2018-08-18 19:00:00,141.16
5516,2018-08-18 20:00:00,141.54
5517,2018-08-18 21:00:00,141.13
5518,2018-08-18 22:00:00,141.19
5519,2018-08-18 23:00:00,140.63
5520,2018-08-19 00:00:00,140.29
5521,2018-08-19 01:00:00,140.75
5522,2018-08-19 02:00:00,140.87
5523,2018-08-19 03:00:00,140.91
5524,2018-08-19 04:00:00,141.55
5525,2018-08-19 05:00:00,141.23
5526,2018-08-19 06:00:00,141.2
5527,2018-08-19 07:00:00,140.88
5528,2018-08-19 08:00:00,141.5
5529,2018-08-19 09:00:00,141.04
5530,2018-08-19 10:00:00,141.01
5531,2018-08-19 11:00:00,140.23
5532,2018-08-19 12:00:00,141.57
5533,2018-08-19 13:00:00,140.55
5534,2018-08-19 14:00:00,141.42
5535,2018-08-19 15:00:00,140.85
5536,2018-08-19 16:00:00,129.99
5537,2018-08-19 17:00:00,117.04
5538,2018-08-19 18:00:00,111.64
5539,2018-08-19 19:00:00,87.87
5540,2018-08-19 20:00:00,67.18
5541,2018-08-19 21:00:00,64.89
5542,2018-08-19 22:00:00,61.15
5543,2018-08-19 23:00:00,66.2
5544,2018-08-20 00:00:00,73.26
5545,2018-08-20 01:00:00,54.72
5546,2018-08-20 02:00:00,44.83
5547,2018-08-20 03:00:00,38.3
5548,2018-08-20 04:00:00,33.19
5549,2018-08-20 05:00:00,32.77
5550,2018-08-20 06:00:00,31.68
5551,2018-08-20 07:00:00,29.93
5552,2018-08-20 08:00:00,29.22
5553,2018-08-20 09:00:00,31.09
5554,2018-08-20 10:00:00,36.86
5555,2018-08-20 11:00:00,45.58
5556,2018-08-20 12:00:00,68.76
5557,2018-08-20 13:00:00,91.78
5558,2018-08-20 14:00:00,105.96
5559,2018-08-20 15:00:00,106.3
5560,2018-08-20 16:00:00,112.64
5561,2018-08-20 17:00:00,102.03
5562,2018-08-20 18:00:00,94.62
5563,2018-08-20 19:00:00,96.29
5564,2018-08-20 20:00:00,98.81
5565,2018-08-20 21:00:00,101.59
5566,2018-08-20 22:00:00,109.31
5567,2018-08-20 23:00:00,131.29
5568,2018-08-21 00:00:00,139.54
5569,2018-08-21 01:00:00,117.08
5570,2018-08-21 02:00:00,82.7
5571,2018-08-21 03:00:00,57.06
5572,2018-08-21 04:00:00,47.75
5573,2018-08-21 05:00:00,42.32
5574,2018-08-21 06:00:00,45.18
5575,2018-08-21 07:00:00,50.38
5576,2018-08-21 08:00:00,68.86
5577,2018-08-21 09:00:00,91.73
5578,2018-08-21 10:00:00,98.17
5579,2018-08-21 11:00:00,91.56
5580,2018-08-21 12:00:00,87.1
5581,2018-08-21 13:00:00,85.08
5582,2018-08-21 14:00:00,87.9
5583,2018-08-21 15:00:00,95.75
5584,2018-08-21 16:00:00,92.43
5585,2018-08-21 17:00:00,87.52
5586,2018-08-21 18:00:00,73.8
5587,2018-08-21 19:00:00,77.51
5588,2018-08-21 20:00:00,98.5
5589,2018-08-21 21:00:00,110.16
5590,2018-08-21 22:00:00,111.8
5591,2018-08-21 23:00:00,93.55
5592,2018-08-22 00:00:00,80.46
5593,2018-08-22 01:00:00,66.62
5594,2018-08-22 02:00:00,46.26
5595,2018-08-22 03:00:00,31.87
5596,2018-08-22 04:00:00,25.84
5597,2018-08-22 05:00:00,24.33
5598,2018-08-22 06:00:00,24.71
5599,2018-08-22 07:00:00,24.98
5600,2018-08-22 08:00:00,27.95
5601,2018-08-22 09:00:00,30.73
5602,2018-08-22 10:00:00,45.03
5603,2018-08-22 11:00:00,53.8
5604,2018-08-22 12:00:00,68.28
5605,2018-08-22 13:00:00,74.42
5606,2018-08-22 14:00:00,90.18
5607,2018-08-22 15:00:00,100.84
5608,2018-08-22 16:00:00,115.34
5609,2018-08-22 17:00:00,132.68
5610,2018-08-22 18:00:00,140.94
5611,2018-08-22 19:00:00,140.97
5612,2018-08-22 20:00:00,140.66
5613,2018-08-22 21:00:00,140.66
5614,2018-08-22 22:00:00,140.86
5615,2018-08-22 23:00:00,140.85
5616,2018-08-23 00:00:00,141.37
5617,2018-08-23 01:00:00,141.3
5618,2018-08-23 02:00:00,140.89
5619,2018-08-23 03:00:00,141.23
5620,2018-08-23 04:00:00,141.06
5621,2018-08-23 05:00:00,141.01
5622,2018-08-23 06:00:00,140.74
5623,2018-08-23 07:00:00,140.6
5624,2018-08-23 08:00:00,140.84
5625,2018-08-23 09:00:00,136.82
5626,2018-08-23 10:00:00,118.81
5627,2018-08-23 11:00:00,132.4
5628,2018-08-23 12:00:00,136.92
5629,2018-08-23 13:00:00,131.24
5630,2018-08-23 14:00:00,135.81
5631,2018-08-23 15:00:00,128.25
5632,2018-08-23 16:00:00,119.53
5633,2018-08-23 17:00:00,102.81
5634,2018-08-23 18:00:00,100.86
5635,2018-08-23 19:00:00,91.83
5636,2018-08-23 20:00:00,94.84
5637,2018-08-23 21:00:00,102.39
5638,2018-08-23 22:00:00,116.96
5639,2018-08-23 23:00:00,114.37
5640,2018-08-24 00:00:00,93.19
5641,2018-08-24 01:00:00,85.58
5642,2018-08-24 02:00:00,91.77
5643,2018-08-24 03:00:00,89.2
5644,2018-08-24 04:00:00,69.61
5645,2018-08-24 05:00:00,50.77
5646,2018-08-24 06:00:00,55.84
5647,2018-08-24 07:00:00,67.23
5648,2018-08-24 08:00:00,67.95
5649,2018-08-24 09:00:00,57.9
5650,2018-08-24 10:00:00,58.57
5651,2018-08-24 11:00:00,69.15
5652,2018-08-24 12:00:00,89.29
5653,2018-08-24 13:00:00,108.96
5654,2018-08-24 14:00:00,123.64
5655,2018-08-24 15:00:00,125.9
5656,2018-08-24 16:00:00,122.68
5657,2018-08-24 17:00:00,125.72
5658,2018-08-24 18:00:00,140.09
5659,2018-08-24 19:00:00,140.31
5660,2018-08-24 20:00:00,141.17
5661,2018-08-24 21:00:00,141.47
5662,2018-08-24 22:00:00,140.21
5663,2018-08-24 23:00:00,129.88
5664,2018-08-25 00:00:00,102.91
5665,2018-08-25 01:00:00,84.12
5666,2018-08-25 02:00:00,80.05
5667,2018-08-25 03:00:00,65.98
5668,2018-08-25 04:00:00,50.09
5669,2018-08-25 05:00:00,42.45
5670,2018-08-25 06:00:00,59.52
5671,2018-08-25 07:00:00,74.6
5672,2018-08-25 08:00:00,98.17
5673,2018-08-25 09:00:00,116.01
5674,2018-08-25 10:00:00,130.51
5675,2018-08-25 11:00:00,140.96
5676,2018-08-25 12:00:00,140.98
5677,2018-08-25 13:00:00,141.19
5678,2018-08-25 14:00:00,141.09
5679,2018-08-25 15:00:00,141.34
5680,2018-08-25 16:00:00,141.57
5681,2018-08-25 17:00:00,141.33
5682,2018-08-25 18:00:00,141.66
5683,2018-08-25 19:00:00,140.52
5684,2018-08-25 20:00:00,141.2
5685,2018-08-25 21:00:00,140.64
5686,2018-08-25 22:00:00,141.26
5687,2018-08-25 23:00:00,140.78
5688,2018-08-26 00:00:00,140.33
5689,2018-08-26 01:00:00,141.32
5690,2018-08-26 02:00:00,141.46
5691,2018-08-26 03:00:00,141.5
5692,2018-08-26 04:00:00,140.57
5693,2018-08-26 05:00:00,141.2
5694,2018-08-26 06:00:00,140.7
5695,2018-08-26 07:00:00,140.85
5696,2018-08-26 08:00:00,140.87
5697,2018-08-26 09:00:00,141.07
5698,2018-08-26 10:00:00,142.04
5699,2018-08-26 11:00:00,140.97
5700,2018-08-26 12:00:00,141.15
5701,2018-08-26 13:00:00,140.1
5702,2018-08-26 14:00:00,140.61
5703,2018-08-26 15:00:00,113.97
5704,2018-08-26 16:00:00,98.87
5705,2018-08-26 17:00:00,107.68
5706,2018-08-26 18:00:00,101.77
5707,2018-08-26 19:00:00,87.99
5708,2018-08-26 20:00:00,70.59
5709,2018-08-26 21:00:00,66.56
5710,2018-08-26 22:00:00,63.83
5711,2018-08-26 23:00:00,65.3
5712,2018-08-27 00:00:00,72.99
5713,2018-08-27 01:00:00,52.75
5714,2018-08-27 02:00:00,43.16
5715,2018-08-27 03:00:00,36.61
5716,2018-08-27 04:00:00,32.76
5717,2018-08-27 05:00:00,30.63
5718,2018-08-27 06:00:00,30.26
5719,2018-08-27 07:00:00,28.44
5720,2018-08-27 08:00:00,27.2
5721,2018-08-27 09:00:00,30.24
5722,2018-08-27 10:00:00,37.23
5723,2018-08-27 11:00:00,44.72
5724,2018-08-27 12:00:00,66.31
5725,2018-08-27 13:00:00,88.96
5726,2018-08-27 14:00:00,105.87
5727,2018-08-27 15:00:00,108.58
5728,2018-08-27 16:00:00,107.48
5729,2018-08-27 17:00:00,94.64
5730,2018-08-27 18:00:00,95.55
5731,2018-08-27 19:00:00,94.31
5732,2018-08-27 20:00:00,100.26
5733,2018-08-27 21:00:00,98.45
5734,2018-08-27 22:00:00,112.28
5735,2018-08-27 23:00:00,133.5
5736,2018-08-28 00:00:00,137.68
5737,2018-08-28 01:00:00,113.75
5738,2018-08-28 02:00:00,79.62
5739,2018-08-28 03:00:00,57.68
5740,2018-08-28 04:00:00,48.78
5741,2018-08-28 05:00:00,43.9
5742,2018-08-28 06:00:00,41.52
5743,2018-08-28 07:00:00,48.35
5744,2018-08-28 08:00:00,70.64
5745,2018-08-28 09:00:00,87.11
5746,2018-08-28 10:00:00,93.1
5747,2018-08-28 11:00:00,91.81
5748,2018-08-28 12:00:00,85.8
5749,2018-08-28 13:00:00,84.61
5750,2018-08-28 14:00:00,93.44
5751,2018-08-28 15:00:00,96.85
5752,2018-08-28 16:00:00,93.14
5753,2018-08-28 17:00:00,86.23
5754,2018-08-28 18:00:00,76.56
5755,2018-08-28 19:00:00,75.34
5756,2018-08-28 20:00:00,97.66
5757,2018-08-28 21:00:00,110.47
5758,2018-08-28 22:00:00,109.91
5759,2018-08-28 23:00:00,96.48
5760,2018-08-29 00:00:00,77.58
5761,2018-08-29 01:00:00,58.22
5762,2018-08-29 02:00:00,41.87
5763,2018-08-29 03:00:00,29.03
5764,2018-08-29 04:00:00,25.57
5765,2018-08-29 05:00:00,24.48
5766,2018-08-29 06:00:00,24.31
5767,2018-08-29 07:00:00,25.81
5768,2018-08-29 08:00:00,30.64
5769,2018-08-29 09:00:00,35.28
5770,2018-08-29 10:00:00,46.91
5771,2018-08-29 11:00:00,53.7
5772,2018-08-29 12:00:00,66.99
5773,2018-08-29 13:00:00,73.89
5774,2018-08-29 14:00:00,85.47
5775,2018-08-29 15:00:00,97.0
5776,2018-08-29 16:00:00,117.98
5777,2018-08-29 17:00:00,138.81
5778,2018-08-29 18:00:00,140.79
5779,2018-08-29 19:00:00,141.01
5780,2018-08-29 20:00:00,141.8
5781,2018-08-29 21:00:00,140.71
5782,2018-08-29 22:00:00,141.13
5783,2018-08-29 23:00:00,141.21
5784,2018-08-30 00:00:00,141.21
5785,2018-08-30 01:00:00,140.16
5786,2018-08-30 02:00:00,141.01
5787,2018-08-30 03:00:00,141.1
5788,2018-08-30 04:00:00,140.66
5789,2018-08-30 05:00:00,141.58
5790,2018-08-30 06:00:00,140.89
5791,2018-08-30 07:00:00,141.18
5792,2018-08-30 08:00:00,140.76
5793,2018-08-30 09:00:00,135.64
5794,2018-08-30 10:00:00,123.77
5795,2018-08-30 11:00:00,129.07
5796,2018-08-30 12:00:00,126.88
5797,2018-08-30 13:00:00,132.25
5798,2018-08-30 14:00:00,128.62
5799,2018-08-30 15:00:00,129.64
5800,2018-08-30 16:00:00,114.83
5801,2018-08-30 17:00:00,95.94
5802,2018-08-30 18:00:00,92.23
5803,2018-08-30 19:00:00,89.98
5804,2018-08-30 20:00:00,93.26
5805,2018-08-30 21:00:00,100.79
5806,2018-08-30 22:00:00,111.52
5807,2018-08-30 23:00:00,109.77
5808,2018-08-31 00:00:00,98.89
5809,2018-08-31 01:00:00,85.46
5810,2018-08-31 02:00:00,89.03
5811,2018-08-31 03:00:00,84.69
5812,2018-08-31 04:00:00,71.94
5813,2018-08-31 05:00:00,54.2
5814,2018-08-31 06:00:00,62.65
5815,2018-08-31 07:00:00,69.19
5816,2018-08-31 08:00:00,68.33
5817,2018-08-31 09:00:00,59.31
5818,2018-08-31 10:00:00,58.29
5819,2018-08-31 11:00:00,67.33
5820,2018-08-31 12:00:00,91.17
5821,2018-08-31 13:00:00,107.13
5822,2018-08-31 14:00:00,123.06
5823,2018-08-31 15:00:00,127.42
5824,2018-08-31 16:00:00,117.77
5825,2018-08-31 17:00:00,121.01
5826,2018-08-31 18:00:00,140.3
5827,2018-08-31 19:00:00,140.87
5828,2018-08-31 20:00:00,141.33
5829,2018-08-31 21:00:00,138.93
5830,2018-08-31 22:00:00,122.75
5831,2018-08-31 23:00:00,120.22
5832,2018-09-01 00:00:00,107.51
5833,2018-09-01 01:00:00,83.37
5834,2018-09-01 02:00:00,71.9
5835,2018-09-01 03:00:00,62.45
5836,2018-09-01 04:00:00,49.37
5837,2018-09-01 05:00:00,44.34
5838,2018-09-01 06:00:00,57.78
5839,2018-09-01 07:00:00,77.67
5840,2018-09-01 08:00:00,95.73
5841,2018-09-01 09:00:00,112.7
5842,2018-09-01 10:00:00,125.23
5843,2018-09-01 11:00:00,140.73
5844,2018-09-01 12:00:00,141.07
5845,2018-09-01 13:00:00,141.08
5846,2018-09-01 14:00:00,140.89
5847,2018-09-01 15:00:00,140.97
5848,2018-09-01 16:00:00,140.31
5849,2018-09-01 17:00:00,140.86
5850,2018-09-01 18:00:00,141.83
5851,2018-09-01 19:00:00,140.24
5852,2018-09-01 20:00:00,141.52
5853,2018-09-01 21:00:00,141.49
5854,2018-09-01 22:00:00,141.27
5855,2018-09-01 23:00:00,141.2
5856,2018-09-02 00:00:00,141.75
5857,2018-09-02 01:00:00,141.55
5858,2018-09-02 02:00:00,140.91
5859,2018-09-02 03:00:00,141.61
5860,2018-09-02 04:00:00,141.24
5861,2018-09-02 05:00:00,141.42
5862,2018-09-02 06:00:00,140.62
5863,2018-09-02 07:00:00,141.44
5864,2018-09-02 08:00:00,140.55
5865,2018-09-02 09:00:00,140.53
5866,2018-09-02 10:00:00,140.94
5867,2018-09-02 11:00:00,140.68
5868,2018-09-02 12:00:00,141.29
5869,2018-09-02 13:00:00,140.84
5870,2018-09-02 14:00:00,121.43
5871,2018-09-02 15:00:00,87.34
5872,2018-09-02 16:00:00,88.66
5873,2018-09-02 17:00:00,103.09
5874,2018-09-02 18:00:00,100.87
5875,2018-09-02 19:00:00,88.24
5876,2018-09-02 20:00:00,67.55
5877,2018-09-02 21:00:00,64.43
5878,2018-09-02 22:00:00,64.08
5879,2018-09-02 23:00:00,66.42
5880,2018-09-03 00:00:00,73.8
5881,2018-09-03 01:00:00,57.14
5882,2018-09-03 02:00:00,42.38
5883,2018-09-03 03:00:00,34.95
5884,2018-09-03 04:00:00,33.18
5885,2018-09-03 05:00:00,32.7
5886,2018-09-03 06:00:00,31.36
5887,2018-09-03 07:00:00,29.91
5888,2018-09-03 08:00:00,28.73
5889,2018-09-03 09:00:00,31.25
5890,2018-09-03 10:00:00,36.35
5891,2018-09-03 11:00:00,45.8
5892,2018-09-03 12:00:00,68.6
5893,2018-09-03 13:00:00,84.73
5894,2018-09-03 14:00:00,103.98
5895,2018-09-03 15:00:00,105.25
5896,2018-09-03 16:00:00,106.45
5897,2018-09-03 17:00:00,96.4
5898,2018-09-03 18:00:00,85.55
5899,2018-09-03 19:00:00,92.26
5900,2018-09-03 20:00:00,102.92
5901,2018-09-03 21:00:00,98.42
5902,2018-09-03 22:00:00,113.13
5903,2018-09-03 23:00:00,133.73
5904,2018-09-04 00:00:00,134.18
5905,2018-09-04 01:00:00,112.2
5906,2018-09-04 02:00:00,82.18
5907,2018-09-04 03:00:00,57.3
5908,2018-09-04 04:00:00,49.03
5909,2018-09-04 05:00:00,44.91
5910,2018-09-04 06:00:00,43.08
5911,2018-09-04 07:00:00,46.63
5912,2018-09-04 08:00:00,64.94
5913,2018-09-04 09:00:00,81.37
5914,2018-09-04 10:00:00,96.34
5915,2018-09-04 11:00:00,91.28
5916,2018-09-04 12:00:00,89.99
5917,2018-09-04 13:00:00,87.73
5918,2018-09-04 14:00:00,89.73
5919,2018-09-04 15:00:00,96.34
5920,2018-09-04 16:00:00,94.92
5921,2018-09-04 17:00:00,86.89
5922,2018-09-04 18:00:00,71.65
5923,2018-09-04 19:00:00,77.07
5924,2018-09-04 20:00:00,93.73
5925,2018-09-04 21:00:00,103.48
5926,2018-09-04 22:00:00,112.1
5927,2018-09-04 23:00:00,94.56
5928,2018-09-05 00:00:00,78.61
5929,2018-09-05 01:00:00,60.43
5930,2018-09-05 02:00:00,42.94
5931,2018-09-05 03:00:00,30.77
5932,2018-09-05 04:00:00,25.47
5933,2018-09-05 05:00:00,24.24
5934,2018-09-05 06:00:00,24.31
5935,2018-09-05 07:00:00,25.03
5936,2018-09-05 08:00:00,27.68
5937,2018-09-05 09:00:00,32.6
5938,2018-09-05 10:00:00,45.42
5939,2018-09-05 11:00:00,55.6
5940,2018-09-05 12:00:00,66.45
5941,2018-09-05 13:00:00,71.84
5942,2018-09-05 14:00:00,80.79
5943,2018-09-05 15:00:00,94.82
5944,2018-09-05 16:00:00,122.76
5945,2018-09-05 17:00:00,137.23
5946,2018-09-05 18:00:00,141.17
5947,2018-09-05 19:00:00,141.61
5948,2018-09-05 20:00:00,141.1
5949,2018-09-05 21:00:00,141.0
5950,2018-09-05 22:00:00,141.87
5951,2018-09-05 23:00:00,141.76
5952,2018-09-06 00:00:00,141.91
5953,2018-09-06 01:00:00,140.88
5954,2018-09-06 02:00:00,141.08
5955,2018-09-06 03:00:00,141.35
5956,2018-09-06 04:00:00,140.98
5957,2018-09-06 05:00:00,141.2
5958,2018-09-06 06:00:00,140.81
5959,2018-09-06 07:00:00,141.12
5960,2018-09-06 08:00:00,128.18
5961,2018-09-06 09:00:00,95.23
5962,2018-09-06 10:00:00,108.77
5963,2018-09-06 11:00:00,127.83
5964,2018-09-06 12:00:00,131.1
5965,2018-09-06 13:00:00,132.29
5966,2018-09-06 14:00:00,131.24
5967,2018-09-06 15:00:00,123.96
5968,2018-09-06 16:00:00,114.16
5969,2018-09-06 17:00:00,101.87
5970,2018-09-06 18:00:00,97.95
5971,2018-09-06 19:00:00,87.92
5972,2018-09-06 20:00:00,95.19
5973,2018-09-06 21:00:00,100.43
5974,2018-09-06 22:00:00,111.11
5975,2018-09-06 23:00:00,108.5
5976,2018-09-07 00:00:00,95.02
5977,2018-09-07 01:00:00,85.91
5978,2018-09-07 02:00:00,91.49
5979,2018-09-07 03:00:00,81.21
5980,2018-09-07 04:00:00,64.35
5981,2018-09-07 05:00:00,49.85
5982,2018-09-07 06:00:00,60.78
5983,2018-09-07 07:00:00,75.69
5984,2018-09-07 08:00:00,72.62
5985,2018-09-07 09:00:00,58.96
5986,2018-09-07 10:00:00,59.48
5987,2018-09-07 11:00:00,67.86
5988,2018-09-07 12:00:00,86.63
5989,2018-09-07 13:00:00,102.62
5990,2018-09-07 14:00:00,115.04
5991,2018-09-07 15:00:00,121.65
5992,2018-09-07 16:00:00,119.65
5993,2018-09-07 17:00:00,121.76
5994,2018-09-07 18:00:00,138.28
5995,2018-09-07 19:00:00,140.37
5996,2018-09-07 20:00:00,141.29
5997,2018-09-07 21:00:00,140.82
5998,2018-09-07 22:00:00,128.32
5999,2018-09-07 23:00:00,122.58
6000,2018-09-08 00:00:00,105.23
6001,2018-09-08 01:00:00,85.39
6002,2018-09-08 02:00:00,79.98
6003,2018-09-08 03:00:00,69.45
6004,2018-09-08 04:00:00,52.73
6005,2018-09-08 05:00:00,46.12
6006,2018-09-08 06:00:00,56.06
6007,2018-09-08 07:00:00,72.72
6008,2018-09-08 08:00:00,94.13
6009,2018-09-08 09:00:00,107.12
6010,2018-09-08 10:00:00,127.76
6011,2018-09-08 11:00:00,139.21
6012,2018-09-08 12:00:00,141.15
6013,2018-09-08 13:00:00,141.43
6014,2018-09-08 14:00:00,140.91
6015,2018-09-08 15:00:00,141.14
6016,2018-09-08 16:00:00,141.22
6017,2018-09-08 17:00:00,140.98
6018,2018-09-08 18:00:00,141.09
6019,2018-09-08 19:00:00,140.79
6020,2018-09-08 20:00:00,141.52
6021,2018-09-08 21:00:00,140.78
6022,2018-09-08 22:00:00,140.32
6023,2018-09-08 23:00:00,139.94
6024,2018-09-09 00:00:00,141.56
6025,2018-09-09 01:00:00,140.68
6026,2018-09-09 02:00:00,140.81
6027,2018-09-09 03:00:00,140.31
6028,2018-09-09 04:00:00,140.67
6029,2018-09-09 05:00:00,141.77
6030,2018-09-09 06:00:00,140.72
6031,2018-09-09 07:00:00,140.71
6032,2018-09-09 08:00:00,140.83
6033,2018-09-09 09:00:00,141.21
6034,2018-09-09 10:00:00,141.59
6035,2018-09-09 11:00:00,140.8
6036,2018-09-09 12:00:00,141.35
6037,2018-09-09 13:00:00,127.06
6038,2018-09-09 14:00:00,92.16
6039,2018-09-09 15:00:00,85.65
6040,2018-09-09 16:00:00,91.2
6041,2018-09-09 17:00:00,104.77
6042,2018-09-09 18:00:00,100.61
6043,2018-09-09 19:00:00,83.0
6044,2018-09-09 20:00:00,66.11
6045,2018-09-09 21:00:00,62.17
6046,2018-09-09 22:00:00,62.62
6047,2018-09-09 23:00:00,63.27
6048,2018-09-10 00:00:00,73.1
6049,2018-09-10 01:00:00,52.92
6050,2018-09-10 02:00:00,45.76
6051,2018-09-10 03:00:00,38.5
6052,2018-09-10 04:00:00,36.04
6053,2018-09-10 05:00:00,31.99
6054,2018-09-10 06:00:00,29.86
6055,2018-09-10 07:00:00,27.84
6056,2018-09-10 08:00:00,28.33
6057,2018-09-10 09:00:00,31.28
6058,2018-09-10 10:00:00,35.27
6059,2018-09-10 11:00:00,43.46
6060,2018-09-10 12:00:00,65.0
6061,2018-09-10 13:00:00,79.57
6062,2018-09-10 14:00:00,102.3
6063,2018-09-10 15:00:00,103.38
6064,2018-09-10 16:00:00,102.38
6065,2018-09-10 17:00:00,94.29
6066,2018-09-10 18:00:00,95.13
6067,2018-09-10 19:00:00,97.39
6068,2018-09-10 20:00:00,94.88
6069,2018-09-10 21:00:00,93.1
6070,2018-09-10 22:00:00,110.76
6071,2018-09-10 23:00:00,136.54
6072,2018-09-11 00:00:00,140.83
6073,2018-09-11 01:00:00,119.42
6074,2018-09-11 02:00:00,79.46
6075,2018-09-11 03:00:00,59.7
6076,2018-09-11 04:00:00,48.91
6077,2018-09-11 05:00:00,45.05
6078,2018-09-11 06:00:00,44.6
6079,2018-09-11 07:00:00,48.43
6080,2018-09-11 08:00:00,69.15
6081,2018-09-11 09:00:00,84.48
6082,2018-09-11 10:00:00,97.59
6083,2018-09-11 11:00:00,95.1
6084,2018-09-11 12:00:00,81.27
6085,2018-09-11 13:00:00,77.32
6086,2018-09-11 14:00:00,81.65
6087,2018-09-11 15:00:00,92.82
6088,2018-09-11 16:00:00,94.35
6089,2018-09-11 17:00:00,84.35
6090,2018-09-11 18:00:00,74.19
6091,2018-09-11 19:00:00,73.89
6092,2018-09-11 20:00:00,94.52
6093,2018-09-11 21:00:00,106.52
6094,2018-09-11 22:00:00,102.58
6095,2018-09-11 23:00:00,90.86
6096,2018-09-12 00:00:00,82.21
6097,2018-09-12 01:00:00,59.61
6098,2018-09-12 02:00:00,44.15
6099,2018-09-12 03:00:00,31.31
6100,2018-09-12 04:00:00,25.26
6101,2018-09-12 05:00:00,24.69
6102,2018-09-12 06:00:00,25.13
6103,2018-09-12 07:00:00,25.94
6104,2018-09-12 08:00:00,28.31
6105,2018-09-12 09:00:00,31.78
6106,2018-09-12 10:00:00,40.54
6107,2018-09-12 11:00:00,53.71
6108,2018-09-12 12:00:00,65.85
6109,2018-09-12 13:00:00,75.51
6110,2018-09-12 14:00:00,84.99
6111,2018-09-12 15:00:00,94.01
6112,2018-09-12 16:00:00,117.89
6113,2018-09-12 17:00:00,137.66
6114,2018-09-12 18:00:00,141.05
6115,2018-09-12 19:00:00,140.77
6116,2018-09-12 20:00:00,140.66
6117,2018-09-12 21:00:00,140.58
6118,2018-09-12 22:00:00,140.87
6119,2018-09-12 23:00:00,141.01
6120,2018-09-13 00:00:00,140.52
6121,2018-09-13 01:00:00,141.08
6122,2018-09-13 02:00:00,141.58
6123,2018-09-13 03:00:00,141.22
6124,2018-09-13 04:00:00,141.24
6125,2018-09-13 05:00:00,141.19
6126,2018-09-13 06:00:00,141.19
6127,2018-09-13 07:00:00,140.85
6128,2018-09-13 08:00:00,123.12
6129,2018-09-13 09:00:00,94.98
6130,2018-09-13 10:00:00,105.03
6131,2018-09-13 11:00:00,120.75
6132,2018-09-13 12:00:00,126.8
6133,2018-09-13 13:00:00,133.44
6134,2018-09-13 14:00:00,127.19
6135,2018-09-13 15:00:00,119.26
6136,2018-09-13 16:00:00,111.06
6137,2018-09-13 17:00:00,98.2
6138,2018-09-13 18:00:00,91.48
6139,2018-09-13 19:00:00,87.79
6140,2018-09-13 20:00:00,92.2
6141,2018-09-13 21:00:00,98.48
6142,2018-09-13 22:00:00,117.54
6143,2018-09-13 23:00:00,109.22
6144,2018-09-14 00:00:00,94.27
6145,2018-09-14 01:00:00,85.16
6146,2018-09-14 02:00:00,84.49
6147,2018-09-14 03:00:00,83.99
6148,2018-09-14 04:00:00,68.78
6149,2018-09-14 05:00:00,49.21
6150,2018-09-14 06:00:00,59.12
6151,2018-09-14 07:00:00,69.25
6152,2018-09-14 08:00:00,73.13
6153,2018-09-14 09:00:00,57.78
6154,2018-09-14 10:00:00,54.13
6155,2018-09-14 11:00:00,66.71
6156,2018-09-14 12:00:00,86.96
6157,2018-09-14 13:00:00,111.19
6158,2018-09-14 14:00:00,117.62
6159,2018-09-14 15:00:00,121.88
6160,2018-09-14 16:00:00,116.42
6161,2018-09-14 17:00:00,120.08
6162,2018-09-14 18:00:00,132.74
6163,2018-09-14 19:00:00,140.44
6164,2018-09-14 20:00:00,139.22
6165,2018-09-14 21:00:00,135.77
6166,2018-09-14 22:00:00,118.21
6167,2018-09-14 23:00:00,116.27
6168,2018-09-15 00:00:00,100.61
6169,2018-09-15 01:00:00,81.5
6170,2018-09-15 02:00:00,75.53
6171,2018-09-15 03:00:00,63.3
6172,2018-09-15 04:00:00,51.43
6173,2018-09-15 05:00:00,42.55
6174,2018-09-15 06:00:00,54.39
6175,2018-09-15 07:00:00,71.5
6176,2018-09-15 08:00:00,91.46
6177,2018-09-15 09:00:00,107.45
6178,2018-09-15 10:00:00,123.12
6179,2018-09-15 11:00:00,140.26
6180,2018-09-15 12:00:00,140.6
6181,2018-09-15 13:00:00,140.74
6182,2018-09-15 14:00:00,141.82
6183,2018-09-15 15:00:00,141.58
6184,2018-09-15 16:00:00,141.62
6185,2018-09-15 17:00:00,141.36
6186,2018-09-15 18:00:00,141.91
6187,2018-09-15 19:00:00,141.25
6188,2018-09-15 20:00:00,141.67
6189,2018-09-15 21:00:00,141.28
6190,2018-09-15 22:00:00,141.85
6191,2018-09-15 23:00:00,140.86
6192,2018-09-16 00:00:00,141.51
6193,2018-09-16 01:00:00,141.34
6194,2018-09-16 02:00:00,141.44
6195,2018-09-16 03:00:00,141.59
6196,2018-09-16 04:00:00,142.04
6197,2018-09-16 05:00:00,141.55
6198,2018-09-16 06:00:00,140.63
6199,2018-09-16 07:00:00,141.58
6200,2018-09-16 08:00:00,141.54
6201,2018-09-16 09:00:00,141.47
6202,2018-09-16 10:00:00,140.93
6203,2018-09-16 11:00:00,141.33
6204,2018-09-16 12:00:00,124.73
6205,2018-09-16 13:00:00,91.16
6206,2018-09-16 14:00:00,80.74
6207,2018-09-16 15:00:00,74.99
6208,2018-09-16 16:00:00,84.93
6209,2018-09-16 17:00:00,101.81
6210,2018-09-16 18:00:00,103.79
6211,2018-09-16 19:00:00,86.06
6212,2018-09-16 20:00:00,66.83
6213,2018-09-16 21:00:00,61.13
6214,2018-09-16 22:00:00,57.23
6215,2018-09-16 23:00:00,64.79
6216,2018-09-17 00:00:00,73.71
6217,2018-09-17 01:00:00,56.43
6218,2018-09-17 02:00:00,44.59
6219,2018-09-17 03:00:00,34.65
6220,2018-09-17 04:00:00,33.67
6221,2018-09-17 05:00:00,31.91
6222,2018-09-17 06:00:00,29.16
6223,2018-09-17 07:00:00,28.02
6224,2018-09-17 08:00:00,28.33
6225,2018-09-17 09:00:00,30.96
6226,2018-09-17 10:00:00,36.56
6227,2018-09-17 11:00:00,46.61
6228,2018-09-17 12:00:00,66.06
6229,2018-09-17 13:00:00,87.28
6230,2018-09-17 14:00:00,101.93
6231,2018-09-17 15:00:00,105.32
6232,2018-09-17 16:00:00,103.65
6233,2018-09-17 17:00:00,93.53
6234,2018-09-17 18:00:00,91.49
6235,2018-09-17 19:00:00,90.41
6236,2018-09-17 20:00:00,89.95
6237,2018-09-17 21:00:00,92.31
6238,2018-09-17 22:00:00,105.1
6239,2018-09-17 23:00:00,128.94
6240,2018-09-18 00:00:00,136.1
6241,2018-09-18 01:00:00,114.02
6242,2018-09-18 02:00:00,79.63
6243,2018-09-18 03:00:00,56.8
6244,2018-09-18 04:00:00,46.15
6245,2018-09-18 05:00:00,42.7
6246,2018-09-18 06:00:00,43.68
6247,2018-09-18 07:00:00,47.99
6248,2018-09-18 08:00:00,64.43
6249,2018-09-18 09:00:00,84.31
6250,2018-09-18 10:00:00,94.18
6251,2018-09-18 11:00:00,87.06
6252,2018-09-18 12:00:00,78.75
6253,2018-09-18 13:00:00,77.82
6254,2018-09-18 14:00:00,86.25
6255,2018-09-18 15:00:00,90.05
6256,2018-09-18 16:00:00,93.99
6257,2018-09-18 17:00:00,86.36
6258,2018-09-18 18:00:00,70.53
6259,2018-09-18 19:00:00,67.64
6260,2018-09-18 20:00:00,90.98
6261,2018-09-18 21:00:00,100.22
6262,2018-09-18 22:00:00,100.3
6263,2018-09-18 23:00:00,92.02
6264,2018-09-19 00:00:00,79.28
6265,2018-09-19 01:00:00,59.04
6266,2018-09-19 02:00:00,40.12
6267,2018-09-19 03:00:00,28.9
6268,2018-09-19 04:00:00,25.65
6269,2018-09-19 05:00:00,24.54
6270,2018-09-19 06:00:00,24.55
6271,2018-09-19 07:00:00,25.69
6272,2018-09-19 08:00:00,27.4
6273,2018-09-19 09:00:00,30.92
6274,2018-09-19 10:00:00,41.15
6275,2018-09-19 11:00:00,51.39
6276,2018-09-19 12:00:00,67.51
6277,2018-09-19 13:00:00,68.49
6278,2018-09-19 14:00:00,80.64
6279,2018-09-19 15:00:00,88.29
6280,2018-09-19 16:00:00,111.08
6281,2018-09-19 17:00:00,133.18
6282,2018-09-19 18:00:00,140.6
6283,2018-09-19 19:00:00,141.18
6284,2018-09-19 20:00:00,141.81
6285,2018-09-19 21:00:00,141.65
6286,2018-09-19 22:00:00,141.49
6287,2018-09-19 23:00:00,140.92
6288,2018-09-20 00:00:00,141.01
6289,2018-09-20 01:00:00,141.37
6290,2018-09-20 02:00:00,140.85
6291,2018-09-20 03:00:00,141.48
6292,2018-09-20 04:00:00,140.95
6293,2018-09-20 05:00:00,140.71
6294,2018-09-20 06:00:00,141.25
6295,2018-09-20 07:00:00,135.0
6296,2018-09-20 08:00:00,83.69
6297,2018-09-20 09:00:00,80.72
6298,2018-09-20 10:00:00,99.81
6299,2018-09-20 11:00:00,117.92
6300,2018-09-20 12:00:00,125.24
6301,2018-09-20 13:00:00,128.13
6302,2018-09-20 14:00:00,119.68
6303,2018-09-20 15:00:00,115.23
6304,2018-09-20 16:00:00,108.93
6305,2018-09-20 17:00:00,95.75
6306,2018-09-20 18:00:00,87.53
6307,2018-09-20 19:00:00,83.49
6308,2018-09-20 20:00:00,91.44
6309,2018-09-20 21:00:00,95.38
6310,2018-09-20 22:00:00,111.07
6311,2018-09-20 23:00:00,109.75
6312,2018-09-21 00:00:00,88.84
6313,2018-09-21 01:00:00,81.12
6314,2018-09-21 02:00:00,82.99
6315,2018-09-21 03:00:00,79.82
6316,2018-09-21 04:00:00,65.1
6317,2018-09-21 05:00:00,48.19
6318,2018-09-21 06:00:00,59.18
6319,2018-09-21 07:00:00,71.23
6320,2018-09-21 08:00:00,69.13
6321,2018-09-21 09:00:00,57.94
6322,2018-09-21 10:00:00,56.39
6323,2018-09-21 11:00:00,66.36
6324,2018-09-21 12:00:00,86.37
6325,2018-09-21 13:00:00,106.7
6326,2018-09-21 14:00:00,114.76
6327,2018-09-21 15:00:00,118.38
6328,2018-09-21 16:00:00,106.37
6329,2018-09-21 17:00:00,110.49
6330,2018-09-21 18:00:00,133.79
6331,2018-09-21 19:00:00,141.3
6332,2018-09-21 20:00:00,137.34
6333,2018-09-21 21:00:00,125.27
6334,2018-09-21 22:00:00,115.12
6335,2018-09-21 23:00:00,115.3
6336,2018-09-22 00:00:00,95.8
6337,2018-09-22 01:00:00,78.53
6338,2018-09-22 02:00:00,70.58
6339,2018-09-22 03:00:00,60.13
6340,2018-09-22 04:00:00,49.25
6341,2018-09-22 05:00:00,40.69
6342,2018-09-22 06:00:00,49.76
6343,2018-09-22 07:00:00,75.31
6344,2018-09-22 08:00:00,92.51
6345,2018-09-22 09:00:00,103.67
6346,2018-09-22 10:00:00,117.03
6347,2018-09-22 11:00:00,137.76
6348,2018-09-22 12:00:00,139.69
6349,2018-09-22 13:00:00,141.1
6350,2018-09-22 14:00:00,141.0
6351,2018-09-22 15:00:00,141.39
6352,2018-09-22 16:00:00,140.74
6353,2018-09-22 17:00:00,141.21
6354,2018-09-22 18:00:00,141.37
6355,2018-09-22 19:00:00,140.61
6356,2018-09-22 20:00:00,140.92
6357,2018-09-22 21:00:00,141.39
6358,2018-09-22 22:00:00,140.97
6359,2018-09-22 23:00:00,140.82
6360,2018-09-23 00:00:00,141.49
6361,2018-09-23 01:00:00,141.32
6362,2018-09-23 02:00:00,141.63
6363,2018-09-23 03:00:00,141.42
6364,2018-09-23 04:00:00,141.51
6365,2018-09-23 05:00:00,141.74
6366,2018-09-23 06:00:00,141.75
6367,2018-09-23 07:00:00,141.78
6368,2018-09-23 08:00:00,140.89
6369,2018-09-23 09:00:00,141.12
6370,2018-09-23 10:00:00,141.21
6371,2018-09-23 11:00:00,108.39
6372,2018-09-23 12:00:00,83.24
6373,2018-09-23 13:00:00,75.14
6374,2018-09-23 14:00:00,71.78
6375,2018-09-23 15:00:00,72.22
6376,2018-09-23 16:00:00,80.64
6377,2018-09-23 17:00:00,100.91
6378,2018-09-23 18:00:00,97.47
6379,2018-09-23 19:00:00,82.31
6380,2018-09-23 20:00:00,65.9
6381,2018-09-23 21:00:00,61.99
6382,2018-09-23 22:00:00,58.32
6383,2018-09-23 23:00:00,61.91
6384,2018-09-24 00:00:00,73.57
6385,2018-09-24 01:00:00,53.27
6386,2018-09-24 02:00:00,39.32
6387,2018-09-24 03:00:00,34.93
6388,2018-09-24 04:00:00,33.91
6389,2018-09-24 05:00:00,31.95
6390,2018-09-24 06:00:00,30.41
6391,2018-09-24 07:00:00,28.78
6392,2018-09-24 08:00:00,28.44
6393,2018-09-24 09:00:00,31.51
6394,2018-09-24 10:00:00,36.67
6395,2018-09-24 11:00:00,42.08
6396,2018-09-24 12:00:00,62.57
6397,2018-09-24 13:00:00,82.86
6398,2018-09-24 14:00:00,100.24
6399,2018-09-24 15:00:00,104.04
6400,2018-09-24 16:00:00,99.92
6401,2018-09-24 17:00:00,90.33
6402,2018-09-24 18:00:00,88.42
6403,2018-09-24 19:00:00,87.89
6404,2018-09-24 20:00:00,87.05
6405,2018-09-24 21:00:00,87.73
6406,2018-09-24 22:00:00,104.32
6407,2018-09-24 23:00:00,127.83
6408,2018-09-25 00:00:00,128.69
6409,2018-09-25 01:00:00,104.82
6410,2018-09-25 02:00:00,76.01
6411,2018-09-25 03:00:00,54.81
6412,2018-09-25 04:00:00,46.87
6413,2018-09-25 05:00:00,44.68
6414,2018-09-25 06:00:00,44.09
6415,2018-09-25 07:00:00,48.89
6416,2018-09-25 08:00:00,64.76
6417,2018-09-25 09:00:00,82.39
6418,2018-09-25 10:00:00,93.57
6419,2018-09-25 11:00:00,86.06
6420,2018-09-25 12:00:00,81.65
6421,2018-09-25 13:00:00,78.69
6422,2018-09-25 14:00:00,83.71
6423,2018-09-25 15:00:00,88.05
6424,2018-09-25 16:00:00,90.01
6425,2018-09-25 17:00:00,76.92
6426,2018-09-25 18:00:00,70.44
6427,2018-09-25 19:00:00,71.12
6428,2018-09-25 20:00:00,91.56
6429,2018-09-25 21:00:00,100.99
6430,2018-09-25 22:00:00,105.07
6431,2018-09-25 23:00:00,85.52
6432,2018-09-26 00:00:00,74.23
6433,2018-09-26 01:00:00,58.85
6434,2018-09-26 02:00:00,40.33
6435,2018-09-26 03:00:00,29.43
6436,2018-09-26 04:00:00,25.45
6437,2018-09-26 05:00:00,24.19
6438,2018-09-26 06:00:00,24.47
6439,2018-09-26 07:00:00,25.12
6440,2018-09-26 08:00:00,27.11
6441,2018-09-26 09:00:00,32.31
6442,2018-09-26 10:00:00,45.35
6443,2018-09-26 11:00:00,51.9
6444,2018-09-26 12:00:00,66.01
6445,2018-09-26 13:00:00,71.21
6446,2018-09-26 14:00:00,84.58
6447,2018-09-26 15:00:00,91.36
6448,2018-09-26 16:00:00,112.27
6449,2018-09-26 17:00:00,129.23
6450,2018-09-26 18:00:00,141.31
6451,2018-09-26 19:00:00,141.42
6452,2018-09-26 20:00:00,141.63
6453,2018-09-26 21:00:00,141.55
6454,2018-09-26 22:00:00,141.67
6455,2018-09-26 23:00:00,141.68
6456,2018-09-27 00:00:00,141.17
6457,2018-09-27 01:00:00,141.15
6458,2018-09-27 02:00:00,141.01
6459,2018-09-27 03:00:00,141.3
6460,2018-09-27 04:00:00,141.1
6461,2018-09-27 05:00:00,140.34
6462,2018-09-27 06:00:00,140.54
6463,2018-09-27 07:00:00,92.64
6464,2018-09-27 08:00:00,60.51
6465,2018-09-27 09:00:00,71.27
6466,2018-09-27 10:00:00,92.53
6467,2018-09-27 11:00:00,111.62
6468,2018-09-27 12:00:00,130.94
6469,2018-09-27 13:00:00,127.67
6470,2018-09-27 14:00:00,121.2
6471,2018-09-27 15:00:00,113.79
6472,2018-09-27 16:00:00,105.95
6473,2018-09-27 17:00:00,94.4
6474,2018-09-27 18:00:00,86.52
6475,2018-09-27 19:00:00,82.84
6476,2018-09-27 20:00:00,86.64
6477,2018-09-27 21:00:00,94.9
6478,2018-09-27 22:00:00,105.88
6479,2018-09-27 23:00:00,104.5
6480,2018-09-28 00:00:00,88.14
6481,2018-09-28 01:00:00,82.09
6482,2018-09-28 02:00:00,81.86
6483,2018-09-28 03:00:00,76.33
6484,2018-09-28 04:00:00,65.31
6485,2018-09-28 05:00:00,48.24
6486,2018-09-28 06:00:00,55.56
6487,2018-09-28 07:00:00,63.14
6488,2018-09-28 08:00:00,65.46
6489,2018-09-28 09:00:00,57.33
6490,2018-09-28 10:00:00,53.81
6491,2018-09-28 11:00:00,63.01
6492,2018-09-28 12:00:00,83.17
6493,2018-09-28 13:00:00,101.77
6494,2018-09-28 14:00:00,113.26
6495,2018-09-28 15:00:00,116.61
6496,2018-09-28 16:00:00,109.45
6497,2018-09-28 17:00:00,117.61
6498,2018-09-28 18:00:00,129.18
6499,2018-09-28 19:00:00,140.66
6500,2018-09-28 20:00:00,137.01
6501,2018-09-28 21:00:00,120.55
6502,2018-09-28 22:00:00,111.36
6503,2018-09-28 23:00:00,107.64
6504,2018-09-29 00:00:00,94.26
6505,2018-09-29 01:00:00,79.64
6506,2018-09-29 02:00:00,75.0
6507,2018-09-29 03:00:00,63.08
6508,2018-09-29 04:00:00,49.94
6509,2018-09-29 05:00:00,42.51
6510,2018-09-29 06:00:00,55.88
6511,2018-09-29 07:00:00,72.33
6512,2018-09-29 08:00:00,86.22
6513,2018-09-29 09:00:00,98.63
6514,2018-09-29 10:00:00,117.43
6515,2018-09-29 11:00:00,136.58
6516,2018-09-29 12:00:00,138.58
6517,2018-09-29 13:00:00,140.83
6518,2018-09-29 14:00:00,140.55
6519,2018-09-29 15:00:00,140.64
6520,2018-09-29 16:00:00,140.87
6521,2018-09-29 17:00:00,141.46
6522,2018-09-29 18:00:00,141.67
6523,2018-09-29 19:00:00,140.98
6524,2018-09-29 20:00:00,140.68
6525,2018-09-29 21:00:00,141.1
6526,2018-09-29 22:00:00,142.05
6527,2018-09-29 23:00:00,141.1
6528,2018-09-30 00:00:00,141.16
6529,2018-09-30 01:00:00,140.76
6530,2018-09-30 02:00:00,141.55
6531,2018-09-30 03:00:00,141.59
6532,2018-09-30 04:00:00,141.12
6533,2018-09-30 05:00:00,140.27
6534,2018-09-30 06:00:00,141.07
6535,2018-09-30 07:00:00,140.79
6536,2018-09-30 08:00:00,140.62
6537,2018-09-30 09:00:00,127.75
6538,2018-09-30 10:00:00,93.02
6539,2018-09-30 11:00:00,81.15
6540,2018-09-30 12:00:00,73.82
6541,2018-09-30 13:00:00,68.26
6542,2018-09-30 14:00:00,75.02
6543,2018-09-30 15:00:00,72.02
6544,2018-09-30 16:00:00,80.3
6545,2018-09-30 17:00:00,97.23
6546,2018-09-30 18:00:00,94.57
6547,2018-09-30 19:00:00,79.53
6548,2018-09-30 20:00:00,62.93
6549,2018-09-30 21:00:00,60.56
6550,2018-09-30 22:00:00,59.52
6551,2018-09-30 23:00:00,62.94
6552,2018-10-01 00:00:00,67.94
6553,2018-10-01 01:00:00,52.08
6554,2018-10-01 02:00:00,39.22
6555,2018-10-01 03:00:00,34.69
6556,2018-10-01 04:00:00,31.95
6557,2018-10-01 05:00:00,29.74
6558,2018-10-01 06:00:00,28.22
6559,2018-10-01 07:00:00,27.54
6560,2018-10-01 08:00:00,26.94
6561,2018-10-01 09:00:00,29.25
6562,2018-10-01 10:00:00,33.87
6563,2018-10-01 11:00:00,44.78
6564,2018-10-01 12:00:00,62.69
6565,2018-10-01 13:00:00,77.08
6566,2018-10-01 14:00:00,98.84
6567,2018-10-01 15:00:00,102.75
6568,2018-10-01 16:00:00,100.48
6569,2018-10-01 17:00:00,90.65
6570,2018-10-01 18:00:00,84.88
6571,2018-10-01 19:00:00,93.28
6572,2018-10-01 20:00:00,90.26
6573,2018-10-01 21:00:00,88.65
6574,2018-10-01 22:00:00,101.83
6575,2018-10-01 23:00:00,124.26
6576,2018-10-02 00:00:00,123.24
6577,2018-10-02 01:00:00,100.65
6578,2018-10-02 02:00:00,71.95
6579,2018-10-02 03:00:00,53.5
6580,2018-10-02 04:00:00,46.3
6581,2018-10-02 05:00:00,41.97
6582,2018-10-02 06:00:00,43.02
6583,2018-10-02 07:00:00,44.32
6584,2018-10-02 08:00:00,60.77
6585,2018-10-02 09:00:00,78.97
6586,2018-10-02 10:00:00,87.13
6587,2018-10-02 11:00:00,81.16
6588,2018-10-02 12:00:00,72.94
6589,2018-10-02 13:00:00,75.75
6590,2018-10-02 14:00:00,85.75
6591,2018-10-02 15:00:00,92.42
6592,2018-10-02 16:00:00,88.97
6593,2018-10-02 17:00:00,82.33
6594,2018-10-02 18:00:00,69.82
6595,2018-10-02 19:00:00,71.09
6596,2018-10-02 20:00:00,94.56
6597,2018-10-02 21:00:00,102.12
6598,2018-10-02 22:00:00,99.88
6599,2018-10-02 23:00:00,85.28
6600,2018-10-03 00:00:00,73.38
6601,2018-10-03 01:00:00,60.1
6602,2018-10-03 02:00:00,41.47
6603,2018-10-03 03:00:00,31.84
6604,2018-10-03 04:00:00,26.94
6605,2018-10-03 05:00:00,24.87
6606,2018-10-03 06:00:00,25.05
6607,2018-10-03 07:00:00,26.13
6608,2018-10-03 08:00:00,28.13
6609,2018-10-03 09:00:00,33.36
6610,2018-10-03 10:00:00,43.25
6611,2018-10-03 11:00:00,49.14
6612,2018-10-03 12:00:00,61.39
6613,2018-10-03 13:00:00,69.32
6614,2018-10-03 14:00:00,76.84
6615,2018-10-03 15:00:00,84.18
6616,2018-10-03 16:00:00,102.59
6617,2018-10-03 17:00:00,125.06
6618,2018-10-03 18:00:00,141.21
6619,2018-10-03 19:00:00,141.12
6620,2018-10-03 20:00:00,141.27
6621,2018-10-03 21:00:00,141.62
6622,2018-10-03 22:00:00,141.36
6623,2018-10-03 23:00:00,141.25
6624,2018-10-04 00:00:00,141.38
6625,2018-10-04 01:00:00,140.33
6626,2018-10-04 02:00:00,141.46
6627,2018-10-04 03:00:00,140.41
6628,2018-10-04 04:00:00,141.07
6629,2018-10-04 05:00:00,140.1
6630,2018-10-04 06:00:00,136.96
6631,2018-10-04 07:00:00,82.09
6632,2018-10-04 08:00:00,53.89
6633,2018-10-04 09:00:00,68.71
6634,2018-10-04 10:00:00,96.3
6635,2018-10-04 11:00:00,112.04
6636,2018-10-04 12:00:00,118.25
6637,2018-10-04 13:00:00,120.34
6638,2018-10-04 14:00:00,122.84
6639,2018-10-04 15:00:00,114.29
6640,2018-10-04 16:00:00,104.1
6641,2018-10-04 17:00:00,92.35
6642,2018-10-04 18:00:00,87.33
6643,2018-10-04 19:00:00,84.15
6644,2018-10-04 20:00:00,85.85
6645,2018-10-04 21:00:00,91.12
6646,2018-10-04 22:00:00,102.71
6647,2018-10-04 23:00:00,100.72
6648,2018-10-05 00:00:00,87.03
6649,2018-10-05 01:00:00,80.19
6650,2018-10-05 02:00:00,83.38
6651,2018-10-05 03:00:00,76.45
6652,2018-10-05 04:00:00,64.16
6653,2018-10-05 05:00:00,51.11
6654,2018-10-05 06:00:00,56.14
6655,2018-10-05 07:00:00,63.82
6656,2018-10-05 08:00:00,64.42
6657,2018-10-05 09:00:00,55.36
6658,2018-10-05 10:00:00,52.16
6659,2018-10-05 11:00:00,64.67
6660,2018-10-05 12:00:00,78.15
6661,2018-10-05 13:00:00,99.2
6662,2018-10-05 14:00:00,109.6
6663,2018-10-05 15:00:00,113.85
6664,2018-10-05 16:00:00,104.69
6665,2018-10-05 17:00:00,110.95
6666,2018-10-05 18:00:00,132.88
6667,2018-10-05 19:00:00,140.86
6668,2018-10-05 20:00:00,136.89
6669,2018-10-05 21:00:00,112.1
6670,2018-10-05 22:00:00,107.18
6671,2018-10-05 23:00:00,107.72
6672,2018-10-06 00:00:00,100.64
6673,2018-10-06 01:00:00,81.84
6674,2018-10-06 02:00:00,69.21
6675,2018-10-06 03:00:00,59.27
6676,2018-10-06 04:00:00,49.18
6677,2018-10-06 05:00:00,40.34
6678,2018-10-06 06:00:00,51.06
6679,2018-10-06 07:00:00,68.18
6680,2018-10-06 08:00:00,87.92
6681,2018-10-06 09:00:00,97.26
6682,2018-10-06 10:00:00,113.07
6683,2018-10-06 11:00:00,135.9
6684,2018-10-06 12:00:00,139.24
6685,2018-10-06 13:00:00,138.69
6686,2018-10-06 14:00:00,141.52
6687,2018-10-06 15:00:00,141.14
6688,2018-10-06 16:00:00,141.64
6689,2018-10-06 17:00:00,141.71
6690,2018-10-06 18:00:00,141.17
6691,2018-10-06 19:00:00,140.68
6692,2018-10-06 20:00:00,141.39
6693,2018-10-06 21:00:00,141.33
6694,2018-10-06 22:00:00,141.25
6695,2018-10-06 23:00:00,141.6
6696,2018-10-07 00:00:00,141.31
6697,2018-10-07 01:00:00,141.12
6698,2018-10-07 02:00:00,140.52
6699,2018-10-07 03:00:00,141.49
6700,2018-10-07 04:00:00,140.99
6701,2018-10-07 05:00:00,141.49
6702,2018-10-07 06:00:00,140.42
6703,2018-10-07 07:00:00,141.32
6704,2018-10-07 08:00:00,134.85
6705,2018-10-07 09:00:00,95.63
6706,2018-10-07 10:00:00,78.75
6707,2018-10-07 11:00:00,71.86
6708,2018-10-07 12:00:00,70.3
6709,2018-10-07 13:00:00,75.89
6710,2018-10-07 14:00:00,72.83
6711,2018-10-07 15:00:00,69.39
6712,2018-10-07 16:00:00,81.02
6713,2018-10-07 17:00:00,95.17
6714,2018-10-07 18:00:00,91.23
6715,2018-10-07 19:00:00,77.84
6716,2018-10-07 20:00:00,60.79
6717,2018-10-07 21:00:00,57.18
6718,2018-10-07 22:00:00,61.45
6719,2018-10-07 23:00:00,60.89
6720,2018-10-08 00:00:00,66.95
6721,2018-10-08 01:00:00,50.51
6722,2018-10-08 02:00:00,40.91
6723,2018-10-08 03:00:00,36.95
6724,2018-10-08 04:00:00,31.88
6725,2018-10-08 05:00:00,31.58
6726,2018-10-08 06:00:00,30.52
6727,2018-10-08 07:00:00,28.87
6728,2018-10-08 08:00:00,27.96
6729,2018-10-08 09:00:00,29.35
6730,2018-10-08 10:00:00,35.83
6731,2018-10-08 11:00:00,46.45
6732,2018-10-08 12:00:00,63.26
6733,2018-10-08 13:00:00,84.65
6734,2018-10-08 14:00:00,91.41
6735,2018-10-08 15:00:00,95.88
6736,2018-10-08 16:00:00,96.61
6737,2018-10-08 17:00:00,86.15
6738,2018-10-08 18:00:00,83.05
6739,2018-10-08 19:00:00,82.8
6740,2018-10-08 20:00:00,80.39
6741,2018-10-08 21:00:00,86.58
6742,2018-10-08 22:00:00,97.43
6743,2018-10-08 23:00:00,121.14
6744,2018-10-09 00:00:00,127.64
6745,2018-10-09 01:00:00,102.04
6746,2018-10-09 02:00:00,71.59
6747,2018-10-09 03:00:00,53.16
6748,2018-10-09 04:00:00,46.9
6749,2018-10-09 05:00:00,40.36
6750,2018-10-09 06:00:00,38.96
6751,2018-10-09 07:00:00,45.6
6752,2018-10-09 08:00:00,60.5
6753,2018-10-09 09:00:00,75.3
6754,2018-10-09 10:00:00,86.02
6755,2018-10-09 11:00:00,81.29
6756,2018-10-09 12:00:00,75.54
6757,2018-10-09 13:00:00,78.16
6758,2018-10-09 14:00:00,79.31
6759,2018-10-09 15:00:00,90.47
6760,2018-10-09 16:00:00,87.58
6761,2018-10-09 17:00:00,78.37
6762,2018-10-09 18:00:00,64.41
6763,2018-10-09 19:00:00,67.45
6764,2018-10-09 20:00:00,83.52
6765,2018-10-09 21:00:00,100.65
6766,2018-10-09 22:00:00,98.61
6767,2018-10-09 23:00:00,86.46
6768,2018-10-10 00:00:00,72.92
6769,2018-10-10 01:00:00,55.73
6770,2018-10-10 02:00:00,40.25
6771,2018-10-10 03:00:00,30.24
6772,2018-10-10 04:00:00,25.76
6773,2018-10-10 05:00:00,24.53
6774,2018-10-10 06:00:00,25.33
6775,2018-10-10 07:00:00,25.59
6776,2018-10-10 08:00:00,26.52
6777,2018-10-10 09:00:00,31.64
6778,2018-10-10 10:00:00,40.95
6779,2018-10-10 11:00:00,51.66
6780,2018-10-10 12:00:00,63.79
6781,2018-10-10 13:00:00,69.0
6782,2018-10-10 14:00:00,78.74
6783,2018-10-10 15:00:00,86.56
6784,2018-10-10 16:00:00,108.29
6785,2018-10-10 17:00:00,129.46
6786,2018-10-10 18:00:00,140.59
6787,2018-10-10 19:00:00,140.21
6788,2018-10-10 20:00:00,140.68
6789,2018-10-10 21:00:00,140.96
6790,2018-10-10 22:00:00,141.48
6791,2018-10-10 23:00:00,140.93
6792,2018-10-11 00:00:00,141.3
6793,2018-10-11 01:00:00,140.57
6794,2018-10-11 02:00:00,141.05
6795,2018-10-11 03:00:00,140.96
6796,2018-10-11 04:00:00,141.19
6797,2018-10-11 05:00:00,141.62
6798,2018-10-11 06:00:00,95.77
6799,2018-10-11 07:00:00,51.35
6800,2018-10-11 08:00:00,48.31
6801,2018-10-11 09:00:00,67.6
6802,2018-10-11 10:00:00,91.2
6803,2018-10-11 11:00:00,111.9
6804,2018-10-11 12:00:00,122.09
6805,2018-10-11 13:00:00,119.34
6806,2018-10-11 14:00:00,117.01
6807,2018-10-11 15:00:00,107.22
6808,2018-10-11 16:00:00,103.28
6809,2018-10-11 17:00:00,93.94
6810,2018-10-11 18:00:00,88.47
6811,2018-10-11 19:00:00,81.87
6812,2018-10-11 20:00:00,84.88
6813,2018-10-11 21:00:00,96.12
6814,2018-10-11 22:00:00,104.36
6815,2018-10-11 23:00:00,97.27
6816,2018-10-12 00:00:00,81.06
6817,2018-10-12 01:00:00,71.54
6818,2018-10-12 02:00:00,76.79
6819,2018-10-12 03:00:00,75.3
6820,2018-10-12 04:00:00,63.51
6821,2018-10-12 05:00:00,47.35
6822,2018-10-12 06:00:00,54.06
6823,2018-10-12 07:00:00,64.33
6824,2018-10-12 08:00:00,64.08
6825,2018-10-12 09:00:00,54.34
6826,2018-10-12 10:00:00,53.07
6827,2018-10-12 11:00:00,59.89
6828,2018-10-12 12:00:00,74.15
6829,2018-10-12 13:00:00,97.31
6830,2018-10-12 14:00:00,112.25
6831,2018-10-12 15:00:00,113.96
6832,2018-10-12 16:00:00,104.3
6833,2018-10-12 17:00:00,109.97
6834,2018-10-12 18:00:00,135.23
6835,2018-10-12 19:00:00,140.61
6836,2018-10-12 20:00:00,130.52
6837,2018-10-12 21:00:00,116.18
6838,2018-10-12 22:00:00,108.8
6839,2018-10-12 23:00:00,105.82
6840,2018-10-13 00:00:00,94.07
6841,2018-10-13 01:00:00,78.36
6842,2018-10-13 02:00:00,66.35
6843,2018-10-13 03:00:00,58.24
6844,2018-10-13 04:00:00,46.09
6845,2018-10-13 05:00:00,39.43
6846,2018-10-13 06:00:00,50.19
6847,2018-10-13 07:00:00,70.63
6848,2018-10-13 08:00:00,81.69
6849,2018-10-13 09:00:00,102.26
6850,2018-10-13 10:00:00,120.64
6851,2018-10-13 11:00:00,129.14
6852,2018-10-13 12:00:00,129.48
6853,2018-10-13 13:00:00,137.42
6854,2018-10-13 14:00:00,140.74
6855,2018-10-13 15:00:00,141.46
6856,2018-10-13 16:00:00,141.25
6857,2018-10-13 17:00:00,141.78
6858,2018-10-13 18:00:00,141.12
6859,2018-10-13 19:00:00,141.27
6860,2018-10-13 20:00:00,141.49
6861,2018-10-13 21:00:00,141.75
6862,2018-10-13 22:00:00,141.26
6863,2018-10-13 23:00:00,141.0
6864,2018-10-14 00:00:00,141.09
6865,2018-10-14 01:00:00,141.26
6866,2018-10-14 02:00:00,140.72
6867,2018-10-14 03:00:00,141.36
6868,2018-10-14 04:00:00,140.55
6869,2018-10-14 05:00:00,141.46
6870,2018-10-14 06:00:00,141.11
6871,2018-10-14 07:00:00,130.54
6872,2018-10-14 08:00:00,91.23
6873,2018-10-14 09:00:00,77.73
6874,2018-10-14 10:00:00,77.1
6875,2018-10-14 11:00:00,70.78
6876,2018-10-14 12:00:00,74.85
6877,2018-10-14 13:00:00,69.71
6878,2018-10-14 14:00:00,66.27
6879,2018-10-14 15:00:00,66.42
6880,2018-10-14 16:00:00,73.25
6881,2018-10-14 17:00:00,91.42
6882,2018-10-14 18:00:00,93.85
6883,2018-10-14 19:00:00,74.85
6884,2018-10-14 20:00:00,59.13
6885,2018-10-14 21:00:00,56.97
6886,2018-10-14 22:00:00,55.74
6887,2018-10-14 23:00:00,59.66
6888,2018-10-15 00:00:00,67.92
6889,2018-10-15 01:00:00,51.05
6890,2018-10-15 02:00:00,38.81
6891,2018-10-15 03:00:00,36.34
6892,2018-10-15 04:00:00,32.12
6893,2018-10-15 05:00:00,29.94
6894,2018-10-15 06:00:00,27.82
6895,2018-10-15 07:00:00,27.77
6896,2018-10-15 08:00:00,27.09
6897,2018-10-15 09:00:00,28.9
6898,2018-10-15 10:00:00,33.05
6899,2018-10-15 11:00:00,39.83
6900,2018-10-15 12:00:00,60.34
6901,2018-10-15 13:00:00,77.55
6902,2018-10-15 14:00:00,93.21
6903,2018-10-15 15:00:00,97.24
6904,2018-10-15 16:00:00,92.94
6905,2018-10-15 17:00:00,82.97
6906,2018-10-15 18:00:00,83.51
6907,2018-10-15 19:00:00,87.6
6908,2018-10-15 20:00:00,84.75
6909,2018-10-15 21:00:00,83.04
6910,2018-10-15 22:00:00,95.85
6911,2018-10-15 23:00:00,117.37
6912,2018-10-16 00:00:00,119.38
6913,2018-10-16 01:00:00,96.4
6914,2018-10-16 02:00:00,67.08
6915,2018-10-16 03:00:00,48.81
6916,2018-10-16 04:00:00,44.0
6917,2018-10-16 05:00:00,40.45
6918,2018-10-16 06:00:00,41.34
6919,2018-10-16 07:00:00,45.94
6920,2018-10-16 08:00:00,60.42
6921,2018-10-16 09:00:00,77.14
6922,2018-10-16 10:00:00,83.48
6923,2018-10-16 11:00:00,80.0
6924,2018-10-16 12:00:00,74.8
6925,2018-10-16 13:00:00,74.36
6926,2018-10-16 14:00:00,81.69
6927,2018-10-16 15:00:00,89.66
6928,2018-10-16 16:00:00,82.81
6929,2018-10-16 17:00:00,76.43
6930,2018-10-16 18:00:00,65.41
6931,2018-10-16 19:00:00,70.19
6932,2018-10-16 20:00:00,87.16
6933,2018-10-16 21:00:00,94.05
6934,2018-10-16 22:00:00,92.14
6935,2018-10-16 23:00:00,82.13
6936,2018-10-17 00:00:00,71.4
6937,2018-10-17 01:00:00,54.99
6938,2018-10-17 02:00:00,41.21
6939,2018-10-17 03:00:00,31.37
6940,2018-10-17 04:00:00,25.85
6941,2018-10-17 05:00:00,24.35
6942,2018-10-17 06:00:00,24.75
6943,2018-10-17 07:00:00,25.17
6944,2018-10-17 08:00:00,27.94
6945,2018-10-17 09:00:00,31.13
6946,2018-10-17 10:00:00,39.47
6947,2018-10-17 11:00:00,47.79
6948,2018-10-17 12:00:00,59.74
6949,2018-10-17 13:00:00,72.05
6950,2018-10-17 14:00:00,78.1
6951,2018-10-17 15:00:00,80.95
6952,2018-10-17 16:00:00,98.96
6953,2018-10-17 17:00:00,117.69
6954,2018-10-17 18:00:00,139.82
6955,2018-10-17 19:00:00,140.92
6956,2018-10-17 20:00:00,141.73
6957,2018-10-17 21:00:00,140.56
6958,2018-10-17 22:00:00,140.31
6959,2018-10-17 23:00:00,140.99
6960,2018-10-18 00:00:00,141.19
6961,2018-10-18 01:00:00,141.12
6962,2018-10-18 02:00:00,141.4
6963,2018-10-18 03:00:00,140.38
6964,2018-10-18 04:00:00,140.9
6965,2018-10-18 05:00:00,141.69
6966,2018-10-18 06:00:00,111.39
6967,2018-10-18 07:00:00,56.86
6968,2018-10-18 08:00:00,50.18
6969,2018-10-18 09:00:00,65.17
6970,2018-10-18 10:00:00,89.73
6971,2018-10-18 11:00:00,106.6
6972,2018-10-18 12:00:00,114.94
6973,2018-10-18 13:00:00,109.63
6974,2018-10-18 14:00:00,106.34
6975,2018-10-18 15:00:00,102.19
6976,2018-10-18 16:00:00,101.25
6977,2018-10-18 17:00:00,90.57
6978,2018-10-18 18:00:00,85.02
6979,2018-10-18 19:00:00,78.21
6980,2018-10-18 20:00:00,81.07
6981,2018-10-18 21:00:00,89.41
6982,2018-10-18 22:00:00,94.18
6983,2018-10-18 23:00:00,91.87
6984,2018-10-19 00:00:00,80.01
6985,2018-10-19 01:00:00,71.5
6986,2018-10-19 02:00:00,74.15
6987,2018-10-19 03:00:00,75.88
6988,2018-10-19 04:00:00,62.45
6989,2018-10-19 05:00:00,46.5
6990,2018-10-19 06:00:00,52.75
6991,2018-10-19 07:00:00,60.37
6992,2018-10-19 08:00:00,61.97
6993,2018-10-19 09:00:00,54.26
6994,2018-10-19 10:00:00,50.85
6995,2018-10-19 11:00:00,57.09
6996,2018-10-19 12:00:00,74.82
6997,2018-10-19 13:00:00,89.13
6998,2018-10-19 14:00:00,106.97
6999,2018-10-19 15:00:00,108.61
7000,2018-10-19 16:00:00,106.33
7001,2018-10-19 17:00:00,105.81
7002,2018-10-19 18:00:00,126.26
7003,2018-10-19 19:00:00,128.2
7004,2018-10-19 20:00:00,121.39
7005,2018-10-19 21:00:00,109.21
7006,2018-10-19 22:00:00,108.93
7007,2018-10-19 23:00:00,109.57
7008,2018-10-20 00:00:00,91.95
7009,2018-10-20 01:00:00,74.7
7010,2018-10-20 02:00:00,69.09
7011,2018-10-20 03:00:00,55.69
7012,2018-10-20 04:00:00,46.45
7013,2018-10-20 05:00:00,39.72
7014,2018-10-20 06:00:00,51.21
7015,2018-10-20 07:00:00,68.55
7016,2018-10-20 08:00:00,81.91
7017,2018-10-20 09:00:00,95.73
7018,2018-10-20 10:00:00,115.56
7019,2018-10-20 11:00:00,120.47
7020,2018-10-20 12:00:00,126.41
7021,2018-10-20 13:00:00,133.33
7022,2018-10-20 14:00:00,141.31
7023,2018-10-20 15:00:00,140.92
7024,2018-10-20 16:00:00,141.48
7025,2018-10-20 17:00:00,140.73
7026,2018-10-20 18:00:00,140.92
7027,2018-10-20 19:00:00,140.6
7028,2018-10-20 20:00:00,140.97
7029,2018-10-20 21:00:00,140.29
7030,2018-10-20 22:00:00,140.95
7031,2018-10-20 23:00:00,141.41
7032,2018-10-21 00:00:00,141.51
7033,2018-10-21 01:00:00,141.29
7034,2018-10-21 02:00:00,141.18
7035,2018-10-21 03:00:00,140.91
7036,2018-10-21 04:00:00,141.19
7037,2018-10-21 05:00:00,141.01
7038,2018-10-21 06:00:00,140.09
7039,2018-10-21 07:00:00,103.84
7040,2018-10-21 08:00:00,79.73
7041,2018-10-21 09:00:00,74.86
7042,2018-10-21 10:00:00,72.01
7043,2018-10-21 11:00:00,68.45
7044,2018-10-21 12:00:00,70.79
7045,2018-10-21 13:00:00,72.74
7046,2018-10-21 14:00:00,67.58
7047,2018-10-21 15:00:00,62.66
7048,2018-10-21 16:00:00,69.16
7049,2018-10-21 17:00:00,84.75
7050,2018-10-21 18:00:00,85.99
7051,2018-10-21 19:00:00,72.06
7052,2018-10-21 20:00:00,58.36
7053,2018-10-21 21:00:00,60.22
7054,2018-10-21 22:00:00,55.66
7055,2018-10-21 23:00:00,58.01
7056,2018-10-22 00:00:00,67.86
7057,2018-10-22 01:00:00,51.16
7058,2018-10-22 02:00:00,38.75
7059,2018-10-22 03:00:00,32.99
7060,2018-10-22 04:00:00,32.04
7061,2018-10-22 05:00:00,31.37
7062,2018-10-22 06:00:00,28.46
7063,2018-10-22 07:00:00,28.35
7064,2018-10-22 08:00:00,27.75
7065,2018-10-22 09:00:00,28.92
7066,2018-10-22 10:00:00,33.31
7067,2018-10-22 11:00:00,42.34
7068,2018-10-22 12:00:00,62.67
7069,2018-10-22 13:00:00,83.84
7070,2018-10-22 14:00:00,90.69
7071,2018-10-22 15:00:00,90.42
7072,2018-10-22 16:00:00,89.19
7073,2018-10-22 17:00:00,81.66
7074,2018-10-22 18:00:00,77.79
7075,2018-10-22 19:00:00,84.95
7076,2018-10-22 20:00:00,86.08
7077,2018-10-22 21:00:00,83.71
7078,2018-10-22 22:00:00,91.58
7079,2018-10-22 23:00:00,108.97
7080,2018-10-23 00:00:00,122.57
7081,2018-10-23 01:00:00,97.84
7082,2018-10-23 02:00:00,66.95
7083,2018-10-23 03:00:00,46.65
7084,2018-10-23 04:00:00,41.61
7085,2018-10-23 05:00:00,41.3
7086,2018-10-23 06:00:00,42.77
7087,2018-10-23 07:00:00,45.07
7088,2018-10-23 08:00:00,58.72
7089,2018-10-23 09:00:00,73.7
7090,2018-10-23 10:00:00,84.24
7091,2018-10-23 11:00:00,79.24
7092,2018-10-23 12:00:00,74.53
7093,2018-10-23 13:00:00,72.03
7094,2018-10-23 14:00:00,76.61
7095,2018-10-23 15:00:00,83.86
7096,2018-10-23 16:00:00,81.39
7097,2018-10-23 17:00:00,79.17
7098,2018-10-23 18:00:00,62.68
7099,2018-10-23 19:00:00,64.61
7100,2018-10-23 20:00:00,85.26
7101,2018-10-23 21:00:00,93.7
7102,2018-10-23 22:00:00,97.75
7103,2018-10-23 23:00:00,85.35
7104,2018-10-24 00:00:00,67.76
7105,2018-10-24 01:00:00,53.07
7106,2018-10-24 02:00:00,38.27
7107,2018-10-24 03:00:00,29.37
7108,2018-10-24 04:00:00,25.55
7109,2018-10-24 05:00:00,24.53
7110,2018-10-24 06:00:00,24.48
7111,2018-10-24 07:00:00,25.4
7112,2018-10-24 08:00:00,27.51
7113,2018-10-24 09:00:00,30.48
7114,2018-10-24 10:00:00,39.07
7115,2018-10-24 11:00:00,49.32
7116,2018-10-24 12:00:00,65.59
7117,2018-10-24 13:00:00,65.05
7118,2018-10-24 14:00:00,69.05
7119,2018-10-24 15:00:00,85.07
7120,2018-10-24 16:00:00,104.37
7121,2018-10-24 17:00:00,120.44
7122,2018-10-24 18:00:00,136.05
7123,2018-10-24 19:00:00,140.66
7124,2018-10-24 20:00:00,141.7
7125,2018-10-24 21:00:00,141.02
7126,2018-10-24 22:00:00,140.86
7127,2018-10-24 23:00:00,141.04
7128,2018-10-25 00:00:00,140.65
7129,2018-10-25 01:00:00,141.19
7130,2018-10-25 02:00:00,141.97
7131,2018-10-25 03:00:00,141.17
7132,2018-10-25 04:00:00,140.66
7133,2018-10-25 05:00:00,137.82
7134,2018-10-25 06:00:00,78.06
7135,2018-10-25 07:00:00,46.45
7136,2018-10-25 08:00:00,45.63
7137,2018-10-25 09:00:00,63.39
7138,2018-10-25 10:00:00,90.45
7139,2018-10-25 11:00:00,104.91
7140,2018-10-25 12:00:00,112.07
7141,2018-10-25 13:00:00,111.87
7142,2018-10-25 14:00:00,108.18
7143,2018-10-25 15:00:00,108.31
7144,2018-10-25 16:00:00,101.34
7145,2018-10-25 17:00:00,86.63
7146,2018-10-25 18:00:00,83.66
7147,2018-10-25 19:00:00,77.12
7148,2018-10-25 20:00:00,81.77
7149,2018-10-25 21:00:00,83.66
7150,2018-10-25 22:00:00,96.87
7151,2018-10-25 23:00:00,96.29
7152,2018-10-26 00:00:00,81.29
7153,2018-10-26 01:00:00,76.02
7154,2018-10-26 02:00:00,79.39
7155,2018-10-26 03:00:00,75.5
7156,2018-10-26 04:00:00,57.26
7157,2018-10-26 05:00:00,46.86
7158,2018-10-26 06:00:00,53.81
7159,2018-10-26 07:00:00,59.17
7160,2018-10-26 08:00:00,60.19
7161,2018-10-26 09:00:00,51.68
7162,2018-10-26 10:00:00,51.58
7163,2018-10-26 11:00:00,56.63
7164,2018-10-26 12:00:00,74.5
7165,2018-10-26 13:00:00,96.92
7166,2018-10-26 14:00:00,110.89
7167,2018-10-26 15:00:00,115.73
7168,2018-10-26 16:00:00,105.08
7169,2018-10-26 17:00:00,102.57
7170,2018-10-26 18:00:00,122.43
7171,2018-10-26 19:00:00,134.67
7172,2018-10-26 20:00:00,124.17
7173,2018-10-26 21:00:00,102.96
7174,2018-10-26 22:00:00,103.98
7175,2018-10-26 23:00:00,102.55
7176,2018-10-27 00:00:00,88.67
7177,2018-10-27 01:00:00,70.88
7178,2018-10-27 02:00:00,64.38
7179,2018-10-27 03:00:00,56.28
7180,2018-10-27 04:00:00,46.69
7181,2018-10-27 05:00:00,39.54
7182,2018-10-27 06:00:00,49.96
7183,2018-10-27 07:00:00,67.77
7184,2018-10-27 08:00:00,79.95
7185,2018-10-27 09:00:00,95.03
7186,2018-10-27 10:00:00,111.2
7187,2018-10-27 11:00:00,119.68
7188,2018-10-27 12:00:00,130.99
7189,2018-10-27 13:00:00,136.24
7190,2018-10-27 14:00:00,141.55
7191,2018-10-27 15:00:00,141.39
7192,2018-10-27 16:00:00,141.42
7193,2018-10-27 17:00:00,140.8
7194,2018-10-27 18:00:00,141.13
7195,2018-10-27 19:00:00,140.47
7196,2018-10-27 20:00:00,140.73
7197,2018-10-27 21:00:00,141.18
7198,2018-10-27 22:00:00,140.74
7199,2018-10-27 23:00:00,141.02
7200,2018-10-28 00:00:00,141.14
7201,2018-10-28 01:00:00,141.05
7202,2018-10-28 02:00:00,140.71
7203,2018-10-28 03:00:00,141.85
7204,2018-10-28 04:00:00,141.21
7205,2018-10-28 05:00:00,141.49
7206,2018-10-28 06:00:00,136.64
7207,2018-10-28 07:00:00,93.41
7208,2018-10-28 08:00:00,79.03
7209,2018-10-28 09:00:00,69.04
7210,2018-10-28 10:00:00,68.99
7211,2018-10-28 11:00:00,66.46
7212,2018-10-28 12:00:00,67.24
7213,2018-10-28 13:00:00,68.07
7214,2018-10-28 14:00:00,67.01
7215,2018-10-28 15:00:00,67.15
7216,2018-10-28 16:00:00,72.23
7217,2018-10-28 17:00:00,91.63
7218,2018-10-28 18:00:00,92.52
7219,2018-10-28 19:00:00,76.95
7220,2018-10-28 20:00:00,59.86
7221,2018-10-28 21:00:00,59.48
7222,2018-10-28 22:00:00,60.34
7223,2018-10-28 23:00:00,64.13
7224,2018-10-29 00:00:00,70.25
7225,2018-10-29 01:00:00,49.42
7226,2018-10-29 02:00:00,38.66
7227,2018-10-29 03:00:00,34.07
7228,2018-10-29 04:00:00,32.39
7229,2018-10-29 05:00:00,30.94
7230,2018-10-29 06:00:00,30.53
7231,2018-10-29 07:00:00,28.16
7232,2018-10-29 08:00:00,27.57
7233,2018-10-29 09:00:00,30.64
7234,2018-10-29 10:00:00,33.55
7235,2018-10-29 11:00:00,40.06
7236,2018-10-29 12:00:00,56.43
7237,2018-10-29 13:00:00,73.93
7238,2018-10-29 14:00:00,92.91
7239,2018-10-29 15:00:00,91.57
7240,2018-10-29 16:00:00,90.05
7241,2018-10-29 17:00:00,85.0
7242,2018-10-29 18:00:00,79.78
7243,2018-10-29 19:00:00,81.01
7244,2018-10-29 20:00:00,82.25
7245,2018-10-29 21:00:00,83.09
7246,2018-10-29 22:00:00,96.84
7247,2018-10-29 23:00:00,119.99
7248,2018-10-30 00:00:00,122.95
7249,2018-10-30 01:00:00,100.09
7250,2018-10-30 02:00:00,70.03
7251,2018-10-30 03:00:00,52.66
7252,2018-10-30 04:00:00,45.26
7253,2018-10-30 05:00:00,41.66
7254,2018-10-30 06:00:00,41.91
7255,2018-10-30 07:00:00,43.84
7256,2018-10-30 08:00:00,59.03
7257,2018-10-30 09:00:00,77.31
7258,2018-10-30 10:00:00,86.72
7259,2018-10-30 11:00:00,81.47
7260,2018-10-30 12:00:00,75.93
7261,2018-10-30 13:00:00,68.55
7262,2018-10-30 14:00:00,74.55
7263,2018-10-30 15:00:00,86.07
7264,2018-10-30 16:00:00,83.96
7265,2018-10-30 17:00:00,76.2
7266,2018-10-30 18:00:00,64.65
7267,2018-10-30 19:00:00,65.56
7268,2018-10-30 20:00:00,83.34
7269,2018-10-30 21:00:00,91.71
7270,2018-10-30 22:00:00,90.78
7271,2018-10-30 23:00:00,77.87
7272,2018-10-31 00:00:00,71.08
7273,2018-10-31 01:00:00,54.32
7274,2018-10-31 02:00:00,39.42
7275,2018-10-31 03:00:00,29.17
7276,2018-10-31 04:00:00,25.43
7277,2018-10-31 05:00:00,24.39
7278,2018-10-31 06:00:00,24.85
7279,2018-10-31 07:00:00,25.91
7280,2018-10-31 08:00:00,27.88
7281,2018-10-31 09:00:00,32.73
7282,2018-10-31 10:00:00,41.96
7283,2018-10-31 11:00:00,48.87
7284,2018-10-31 12:00:00,63.01
7285,2018-10-31 13:00:00,68.08
7286,2018-10-31 14:00:00,71.9
7287,2018-10-31 15:00:00,79.06
7288,2018-10-31 16:00:00,100.04
7289,2018-10-31 17:00:00,119.69
7290,2018-10-31 18:00:00,139.5
7291,2018-10-31 19:00:00,140.38
7292,2018-10-31 20:00:00,140.1
7293,2018-10-31 21:00:00,140.67
7294,2018-10-31 22:00:00,140.84
7295,2018-10-31 23:00:00,141.61
7296,2018-11-01 00:00:00,141.35
7297,2018-11-01 01:00:00,140.8
7298,2018-11-01 02:00:00,141.1
7299,2018-11-01 03:00:00,140.47
7300,2018-11-01 04:00:00,141.59
7301,2018-11-01 05:00:00,135.59
7302,2018-11-01 06:00:00,70.69
7303,2018-11-01 07:00:00,44.54
7304,2018-11-01 08:00:00,47.5
7305,2018-11-01 09:00:00,64.37
7306,2018-11-01 10:00:00,89.28
7307,2018-11-01 11:00:00,111.08
7308,2018-11-01 12:00:00,112.95
7309,2018-11-01 13:00:00,117.58
7310,2018-11-01 14:00:00,108.75
7311,2018-11-01 15:00:00,105.21
7312,2018-11-01 16:00:00,100.47
7313,2018-11-01 17:00:00,89.28
7314,2018-11-01 18:00:00,80.74
7315,2018-11-01 19:00:00,74.27
7316,2018-11-01 20:00:00,79.27
7317,2018-11-01 21:00:00,84.46
7318,2018-11-01 22:00:00,96.09
7319,2018-11-01 23:00:00,93.1
7320,2018-11-02 00:00:00,82.51
7321,2018-11-02 01:00:00,74.12
7322,2018-11-02 02:00:00,77.15
7323,2018-11-02 03:00:00,77.94
7324,2018-11-02 04:00:00,61.99
7325,2018-11-02 05:00:00,46.23
7326,2018-11-02 06:00:00,54.76
7327,2018-11-02 07:00:00,61.72
7328,2018-11-02 08:00:00,62.82
7329,2018-11-02 09:00:00,52.55
7330,2018-11-02 10:00:00,50.64
7331,2018-11-02 11:00:00,58.34
7332,2018-11-02 12:00:00,75.27
7333,2018-11-02 13:00:00,91.5
7334,2018-11-02 14:00:00,101.05
7335,2018-11-02 15:00:00,103.15
7336,2018-11-02 16:00:00,103.71
7337,2018-11-02 17:00:00,103.26
7338,2018-11-02 18:00:00,121.48
7339,2018-11-02 19:00:00,132.51
7340,2018-11-02 20:00:00,124.09
7341,2018-11-02 21:00:00,113.47
7342,2018-11-02 22:00:00,100.92
7343,2018-11-02 23:00:00,103.25
7344,2018-11-03 00:00:00,85.6
7345,2018-11-03 01:00:00,73.39
7346,2018-11-03 02:00:00,68.18
7347,2018-11-03 03:00:00,58.24
7348,2018-11-03 04:00:00,47.28
7349,2018-11-03 05:00:00,36.56
7350,2018-11-03 06:00:00,44.55
7351,2018-11-03 07:00:00,65.81
7352,2018-11-03 08:00:00,79.46
7353,2018-11-03 09:00:00,92.91
7354,2018-11-03 10:00:00,109.77
7355,2018-11-03 11:00:00,124.18
7356,2018-11-03 12:00:00,127.18
7357,2018-11-03 13:00:00,136.37
7358,2018-11-03 14:00:00,141.88
7359,2018-11-03 15:00:00,140.4
7360,2018-11-03 16:00:00,141.17
7361,2018-11-03 17:00:00,141.62
7362,2018-11-03 18:00:00,140.92
7363,2018-11-03 19:00:00,141.69
7364,2018-11-03 20:00:00,140.48
7365,2018-11-03 21:00:00,141.79
7366,2018-11-03 22:00:00,140.89
7367,2018-11-03 23:00:00,141.91
7368,2018-11-04 00:00:00,142.06
7369,2018-11-04 01:00:00,140.96
7370,2018-11-04 02:00:00,140.65
7371,2018-11-04 03:00:00,140.56
7372,2018-11-04 04:00:00,141.1
7373,2018-11-04 05:00:00,141.16
7374,2018-11-04 06:00:00,139.33
7375,2018-11-04 07:00:00,101.31
7376,2018-11-04 08:00:00,77.38
7377,2018-11-04 09:00:00,71.22
7378,2018-11-04 10:00:00,71.59
7379,2018-11-04 11:00:00,69.79
7380,2018-11-04 12:00:00,67.98
7381,2018-11-04 13:00:00,67.67
7382,2018-11-04 14:00:00,68.32
7383,2018-11-04 15:00:00,67.86
7384,2018-11-04 16:00:00,74.64
7385,2018-11-04 17:00:00,93.02
7386,2018-11-04 18:00:00,90.12
7387,2018-11-04 19:00:00,71.38
7388,2018-11-04 20:00:00,57.92
7389,2018-11-04 21:00:00,54.39
7390,2018-11-04 22:00:00,54.59
7391,2018-11-04 23:00:00,62.16
7392,2018-11-05 00:00:00,63.98
7393,2018-11-05 01:00:00,46.7
7394,2018-11-05 02:00:00,39.52
7395,2018-11-05 03:00:00,34.95
7396,2018-11-05 04:00:00,32.82
7397,2018-11-05 05:00:00,31.92
7398,2018-11-05 06:00:00,29.6
7399,2018-11-05 07:00:00,28.87
7400,2018-11-05 08:00:00,26.93
7401,2018-11-05 09:00:00,29.39
7402,2018-11-05 10:00:00,33.44
7403,2018-11-05 11:00:00,41.31
7404,2018-11-05 12:00:00,54.89
7405,2018-11-05 13:00:00,71.09
7406,2018-11-05 14:00:00,89.74
7407,2018-11-05 15:00:00,94.26
7408,2018-11-05 16:00:00,95.09
7409,2018-11-05 17:00:00,88.27
7410,2018-11-05 18:00:00,84.5
7411,2018-11-05 19:00:00,83.49
7412,2018-11-05 20:00:00,83.7
7413,2018-11-05 21:00:00,83.47
7414,2018-11-05 22:00:00,91.63
7415,2018-11-05 23:00:00,112.95
7416,2018-11-06 00:00:00,120.79
7417,2018-11-06 01:00:00,99.36
7418,2018-11-06 02:00:00,70.24
7419,2018-11-06 03:00:00,52.28
7420,2018-11-06 04:00:00,43.57
7421,2018-11-06 05:00:00,42.23
7422,2018-11-06 06:00:00,41.49
7423,2018-11-06 07:00:00,46.06
7424,2018-11-06 08:00:00,55.48
7425,2018-11-06 09:00:00,70.92
7426,2018-11-06 10:00:00,83.98
7427,2018-11-06 11:00:00,80.39
7428,2018-11-06 12:00:00,75.56
7429,2018-11-06 13:00:00,69.2
7430,2018-11-06 14:00:00,76.18
7431,2018-11-06 15:00:00,83.21
7432,2018-11-06 16:00:00,80.44
7433,2018-11-06 17:00:00,73.73
7434,2018-11-06 18:00:00,62.93
7435,2018-11-06 19:00:00,63.37
7436,2018-11-06 20:00:00,79.44
7437,2018-11-06 21:00:00,95.03
7438,2018-11-06 22:00:00,96.24
7439,2018-11-06 23:00:00,83.28
7440,2018-11-07 00:00:00,69.73
7441,2018-11-07 01:00:00,54.67
7442,2018-11-07 02:00:00,40.12
7443,2018-11-07 03:00:00,30.47
7444,2018-11-07 04:00:00,26.28
7445,2018-11-07 05:00:00,24.51
7446,2018-11-07 06:00:00,24.47
7447,2018-11-07 07:00:00,24.85
7448,2018-11-07 08:00:00,27.1
7449,2018-11-07 09:00:00,30.67
7450,2018-11-07 10:00:00,39.15
7451,2018-11-07 11:00:00,50.66
7452,2018-11-07 12:00:00,63.06
7453,2018-11-07 13:00:00,67.69
7454,2018-11-07 14:00:00,71.85
7455,2018-11-07 15:00:00,83.89
7456,2018-11-07 16:00:00,99.65
7457,2018-11-07 17:00:00,119.67
7458,2018-11-07 18:00:00,140.34
7459,2018-11-07 19:00:00,141.67
7460,2018-11-07 20:00:00,140.77
7461,2018-11-07 21:00:00,140.96
7462,2018-11-07 22:00:00,141.21
7463,2018-11-07 23:00:00,141.14
7464,2018-11-08 00:00:00,141.26
7465,2018-11-08 01:00:00,140.46
7466,2018-11-08 02:00:00,141.39
7467,2018-11-08 03:00:00,140.46
7468,2018-11-08 04:00:00,140.38
7469,2018-11-08 05:00:00,130.96
7470,2018-11-08 06:00:00,67.13
7471,2018-11-08 07:00:00,43.94
7472,2018-11-08 08:00:00,46.63
7473,2018-11-08 09:00:00,66.78
7474,2018-11-08 10:00:00,89.02
7475,2018-11-08 11:00:00,100.01
7476,2018-11-08 12:00:00,114.5
7477,2018-11-08 13:00:00,119.77
7478,2018-11-08 14:00:00,111.89
7479,2018-11-08 15:00:00,106.4
7480,2018-11-08 16:00:00,102.18
7481,2018-11-08 17:00:00,87.26
7482,2018-11-08 18:00:00,79.93
7483,2018-11-08 19:00:00,76.82
7484,2018-11-08 20:00:00,81.33
7485,2018-11-08 21:00:00,85.59
7486,2018-11-08 22:00:00,98.52
7487,2018-11-08 23:00:00,91.05
7488,2018-11-09 00:00:00,78.57
7489,2018-11-09 01:00:00,74.03
7490,2018-11-09 02:00:00,80.57
7491,2018-11-09 03:00:00,80.95
7492,2018-11-09 04:00:00,63.44
7493,2018-11-09 05:00:00,46.2
7494,2018-11-09 06:00:00,51.88
7495,2018-11-09 07:00:00,60.7
7496,2018-11-09 08:00:00,61.44
7497,2018-11-09 09:00:00,50.92
7498,2018-11-09 10:00:00,49.4
7499,2018-11-09 11:00:00,59.15
7500,2018-11-09 12:00:00,78.2
7501,2018-11-09 13:00:00,93.73
7502,2018-11-09 14:00:00,102.87
7503,2018-11-09 15:00:00,102.96
7504,2018-11-09 16:00:00,103.68
7505,2018-11-09 17:00:00,107.16
7506,2018-11-09 18:00:00,122.45
7507,2018-11-09 19:00:00,127.26
7508,2018-11-09 20:00:00,122.5
7509,2018-11-09 21:00:00,109.88
7510,2018-11-09 22:00:00,99.46
7511,2018-11-09 23:00:00,101.46
7512,2018-11-10 00:00:00,91.02
7513,2018-11-10 01:00:00,75.04
7514,2018-11-10 02:00:00,68.31
7515,2018-11-10 03:00:00,60.58
7516,2018-11-10 04:00:00,48.5
7517,2018-11-10 05:00:00,40.92
7518,2018-11-10 06:00:00,54.06
7519,2018-11-10 07:00:00,67.34
7520,2018-11-10 08:00:00,82.49
7521,2018-11-10 09:00:00,101.13
7522,2018-11-10 10:00:00,110.35
7523,2018-11-10 11:00:00,121.43
7524,2018-11-10 12:00:00,124.15
7525,2018-11-10 13:00:00,122.28
7526,2018-11-10 14:00:00,139.65
7527,2018-11-10 15:00:00,141.19
7528,2018-11-10 16:00:00,140.38
7529,2018-11-10 17:00:00,141.43
7530,2018-11-10 18:00:00,141.62
7531,2018-11-10 19:00:00,141.75
7532,2018-11-10 20:00:00,141.02
7533,2018-11-10 21:00:00,141.43
7534,2018-11-10 22:00:00,140.9
7535,2018-11-10 23:00:00,141.06
7536,2018-11-11 00:00:00,141.68
7537,2018-11-11 01:00:00,141.61
7538,2018-11-11 02:00:00,140.58
7539,2018-11-11 03:00:00,140.36
7540,2018-11-11 04:00:00,140.94
7541,2018-11-11 05:00:00,141.51
7542,2018-11-11 06:00:00,119.06
7543,2018-11-11 07:00:00,83.62
7544,2018-11-11 08:00:00,76.72
7545,2018-11-11 09:00:00,70.26
7546,2018-11-11 10:00:00,70.95
7547,2018-11-11 11:00:00,64.45
7548,2018-11-11 12:00:00,63.33
7549,2018-11-11 13:00:00,68.97
7550,2018-11-11 14:00:00,68.2
7551,2018-11-11 15:00:00,69.25
7552,2018-11-11 16:00:00,75.36
7553,2018-11-11 17:00:00,89.58
7554,2018-11-11 18:00:00,88.4
7555,2018-11-11 19:00:00,72.83
7556,2018-11-11 20:00:00,58.51
7557,2018-11-11 21:00:00,56.82
7558,2018-11-11 22:00:00,56.26
7559,2018-11-11 23:00:00,58.86
7560,2018-11-12 00:00:00,65.42
7561,2018-11-12 01:00:00,49.82
7562,2018-11-12 02:00:00,40.28
7563,2018-11-12 03:00:00,33.53
7564,2018-11-12 04:00:00,32.21
7565,2018-11-12 05:00:00,31.16
7566,2018-11-12 06:00:00,29.96
7567,2018-11-12 07:00:00,28.75
7568,2018-11-12 08:00:00,28.09
7569,2018-11-12 09:00:00,28.83
7570,2018-11-12 10:00:00,32.84
7571,2018-11-12 11:00:00,38.14
7572,2018-11-12 12:00:00,58.34
7573,2018-11-12 13:00:00,78.63
7574,2018-11-12 14:00:00,92.56
7575,2018-11-12 15:00:00,92.87
7576,2018-11-12 16:00:00,91.91
7577,2018-11-12 17:00:00,84.84
7578,2018-11-12 18:00:00,83.41
7579,2018-11-12 19:00:00,78.25
7580,2018-11-12 20:00:00,81.5
7581,2018-11-12 21:00:00,82.78
7582,2018-11-12 22:00:00,95.7
7583,2018-11-12 23:00:00,113.41
7584,2018-11-13 00:00:00,115.11
7585,2018-11-13 01:00:00,97.97
7586,2018-11-13 02:00:00,72.2
7587,2018-11-13 03:00:00,49.33
7588,2018-11-13 04:00:00,41.31
7589,2018-11-13 05:00:00,40.67
7590,2018-11-13 06:00:00,42.33
7591,2018-11-13 07:00:00,46.09
7592,2018-11-13 08:00:00,62.16
7593,2018-11-13 09:00:00,72.0
7594,2018-11-13 10:00:00,77.11
7595,2018-11-13 11:00:00,75.76
7596,2018-11-13 12:00:00,72.34
7597,2018-11-13 13:00:00,76.52
7598,2018-11-13 14:00:00,81.65
7599,2018-11-13 15:00:00,87.49
7600,2018-11-13 16:00:00,86.69
7601,2018-11-13 17:00:00,72.43
7602,2018-11-13 18:00:00,62.36
7603,2018-11-13 19:00:00,61.65
7604,2018-11-13 20:00:00,80.55
7605,2018-11-13 21:00:00,94.19
7606,2018-11-13 22:00:00,94.61
7607,2018-11-13 23:00:00,83.16
7608,2018-11-14 00:00:00,68.39
7609,2018-11-14 01:00:00,54.25
7610,2018-11-14 02:00:00,40.3
7611,2018-11-14 03:00:00,29.94
7612,2018-11-14 04:00:00,25.57
7613,2018-11-14 05:00:00,24.4
7614,2018-11-14 06:00:00,24.24
7615,2018-11-14 07:00:00,25.18
7616,2018-11-14 08:00:00,27.55
7617,2018-11-14 09:00:00,31.48
7618,2018-11-14 10:00:00,43.87
7619,2018-11-14 11:00:00,52.43
7620,2018-11-14 12:00:00,64.01
7621,2018-11-14 13:00:00,67.2
7622,2018-11-14 14:00:00,72.19
7623,2018-11-14 15:00:00,80.68
7624,2018-11-14 16:00:00,101.83
7625,2018-11-14 17:00:00,120.42
7626,2018-11-14 18:00:00,140.14
7627,2018-11-14 19:00:00,140.31
7628,2018-11-14 20:00:00,140.85
7629,2018-11-14 21:00:00,141.09
7630,2018-11-14 22:00:00,141.25
7631,2018-11-14 23:00:00,141.43
7632,2018-11-15 00:00:00,141.82
7633,2018-11-15 01:00:00,140.71
7634,2018-11-15 02:00:00,140.65
7635,2018-11-15 03:00:00,139.89
7636,2018-11-15 04:00:00,140.67
7637,2018-11-15 05:00:00,140.51
7638,2018-11-15 06:00:00,95.83
7639,2018-11-15 07:00:00,51.08
7640,2018-11-15 08:00:00,48.76
7641,2018-11-15 09:00:00,67.76
7642,2018-11-15 10:00:00,86.4
7643,2018-11-15 11:00:00,106.88
7644,2018-11-15 12:00:00,116.14
7645,2018-11-15 13:00:00,117.94
7646,2018-11-15 14:00:00,114.45
7647,2018-11-15 15:00:00,108.23
7648,2018-11-15 16:00:00,98.91
7649,2018-11-15 17:00:00,90.75
7650,2018-11-15 18:00:00,83.49
7651,2018-11-15 19:00:00,82.54
7652,2018-11-15 20:00:00,84.63
7653,2018-11-15 21:00:00,90.22
7654,2018-11-15 22:00:00,97.16
7655,2018-11-15 23:00:00,92.23
7656,2018-11-16 00:00:00,79.85
7657,2018-11-16 01:00:00,77.18
7658,2018-11-16 02:00:00,79.35
7659,2018-11-16 03:00:00,75.46
7660,2018-11-16 04:00:00,58.75
7661,2018-11-16 05:00:00,44.4
7662,2018-11-16 06:00:00,54.04
7663,2018-11-16 07:00:00,62.59
7664,2018-11-16 08:00:00,62.02
7665,2018-11-16 09:00:00,54.03
7666,2018-11-16 10:00:00,55.28
7667,2018-11-16 11:00:00,61.72
7668,2018-11-16 12:00:00,77.2
7669,2018-11-16 13:00:00,93.89
7670,2018-11-16 14:00:00,112.39
7671,2018-11-16 15:00:00,118.64
7672,2018-11-16 16:00:00,103.35
7673,2018-11-16 17:00:00,103.88
7674,2018-11-16 18:00:00,127.15
7675,2018-11-16 19:00:00,134.8
7676,2018-11-16 20:00:00,128.82
7677,2018-11-16 21:00:00,115.54
7678,2018-11-16 22:00:00,104.56
7679,2018-11-16 23:00:00,106.22
7680,2018-11-17 00:00:00,90.78
7681,2018-11-17 01:00:00,74.98
7682,2018-11-17 02:00:00,69.12
7683,2018-11-17 03:00:00,57.57
7684,2018-11-17 04:00:00,47.27
7685,2018-11-17 05:00:00,39.85
7686,2018-11-17 06:00:00,50.18
7687,2018-11-17 07:00:00,69.8
7688,2018-11-17 08:00:00,83.39
7689,2018-11-17 09:00:00,94.75
7690,2018-11-17 10:00:00,109.73
7691,2018-11-17 11:00:00,123.79
7692,2018-11-17 12:00:00,133.35
7693,2018-11-17 13:00:00,139.61
7694,2018-11-17 14:00:00,140.99
7695,2018-11-17 15:00:00,140.49
7696,2018-11-17 16:00:00,141.05
7697,2018-11-17 17:00:00,141.74
7698,2018-11-17 18:00:00,140.77
7699,2018-11-17 19:00:00,141.33
7700,2018-11-17 20:00:00,141.06
7701,2018-11-17 21:00:00,141.79
7702,2018-11-17 22:00:00,141.2
7703,2018-11-17 23:00:00,140.93
7704,2018-11-18 00:00:00,141.27
7705,2018-11-18 01:00:00,140.94
7706,2018-11-18 02:00:00,141.12
7707,2018-11-18 03:00:00,141.31
7708,2018-11-18 04:00:00,140.4
7709,2018-11-18 05:00:00,140.97
7710,2018-11-18 06:00:00,141.89
7711,2018-11-18 07:00:00,141.03
7712,2018-11-18 08:00:00,127.32
7713,2018-11-18 09:00:00,92.61
7714,2018-11-18 10:00:00,80.64
7715,2018-11-18 11:00:00,75.26
7716,2018-11-18 12:00:00,72.11
7717,2018-11-18 13:00:00,68.99
7718,2018-11-18 14:00:00,66.38
7719,2018-11-18 15:00:00,67.56
7720,2018-11-18 16:00:00,72.39
7721,2018-11-18 17:00:00,88.55
7722,2018-11-18 18:00:00,93.91
7723,2018-11-18 19:00:00,76.77
7724,2018-11-18 20:00:00,63.27
7725,2018-11-18 21:00:00,56.78
7726,2018-11-18 22:00:00,57.9
7727,2018-11-18 23:00:00,63.49
7728,2018-11-19 00:00:00,65.84
7729,2018-11-19 01:00:00,49.77
7730,2018-11-19 02:00:00,39.67
7731,2018-11-19 03:00:00,34.12
7732,2018-11-19 04:00:00,33.29
7733,2018-11-19 05:00:00,31.71
7734,2018-11-19 06:00:00,30.38
7735,2018-11-19 07:00:00,28.66
7736,2018-11-19 08:00:00,27.93
7737,2018-11-19 09:00:00,30.81
7738,2018-11-19 10:00:00,33.65
7739,2018-11-19 11:00:00,43.91
7740,2018-11-19 12:00:00,65.7
7741,2018-11-19 13:00:00,87.7
7742,2018-11-19 14:00:00,94.58
7743,2018-11-19 15:00:00,93.56
7744,2018-11-19 16:00:00,96.38
7745,2018-11-19 17:00:00,89.65
7746,2018-11-19 18:00:00,85.71
7747,2018-11-19 19:00:00,87.26
7748,2018-11-19 20:00:00,88.82
7749,2018-11-19 21:00:00,88.23
7750,2018-11-19 22:00:00,101.05
7751,2018-11-19 23:00:00,119.61
7752,2018-11-20 00:00:00,127.2
7753,2018-11-20 01:00:00,105.61
7754,2018-11-20 02:00:00,69.17
7755,2018-11-20 03:00:00,52.13
7756,2018-11-20 04:00:00,44.07
7757,2018-11-20 05:00:00,41.27
7758,2018-11-20 06:00:00,42.93
7759,2018-11-20 07:00:00,47.68
7760,2018-11-20 08:00:00,61.07
7761,2018-11-20 09:00:00,77.98
7762,2018-11-20 10:00:00,91.65
7763,2018-11-20 11:00:00,82.84
7764,2018-11-20 12:00:00,75.42
7765,2018-11-20 13:00:00,77.69
7766,2018-11-20 14:00:00,80.95
7767,2018-11-20 15:00:00,92.54
7768,2018-11-20 16:00:00,88.7
7769,2018-11-20 17:00:00,79.1
7770,2018-11-20 18:00:00,66.22
7771,2018-11-20 19:00:00,67.48
7772,2018-11-20 20:00:00,85.28
7773,2018-11-20 21:00:00,99.27
7774,2018-11-20 22:00:00,97.5
7775,2018-11-20 23:00:00,83.23
7776,2018-11-21 00:00:00,72.81
7777,2018-11-21 01:00:00,57.81
7778,2018-11-21 02:00:00,40.19
7779,2018-11-21 03:00:00,30.24
7780,2018-11-21 04:00:00,25.37
7781,2018-11-21 05:00:00,24.02
7782,2018-11-21 06:00:00,24.62
7783,2018-11-21 07:00:00,25.07
7784,2018-11-21 08:00:00,27.23
7785,2018-11-21 09:00:00,32.15
7786,2018-11-21 10:00:00,40.47
7787,2018-11-21 11:00:00,52.79
7788,2018-11-21 12:00:00,66.2
7789,2018-11-21 13:00:00,67.81
7790,2018-11-21 14:00:00,76.36
7791,2018-11-21 15:00:00,90.15
7792,2018-11-21 16:00:00,115.44
7793,2018-11-21 17:00:00,131.07
7794,2018-11-21 18:00:00,140.93
7795,2018-11-21 19:00:00,140.19
7796,2018-11-21 20:00:00,140.79
7797,2018-11-21 21:00:00,141.09
7798,2018-11-21 22:00:00,141.53
7799,2018-11-21 23:00:00,140.72
7800,2018-11-22 00:00:00,141.4
7801,2018-11-22 01:00:00,141.01
7802,2018-11-22 02:00:00,141.66
7803,2018-11-22 03:00:00,142.14
7804,2018-11-22 04:00:00,141.56
7805,2018-11-22 05:00:00,141.29
7806,2018-11-22 06:00:00,137.12
7807,2018-11-22 07:00:00,79.24
7808,2018-11-22 08:00:00,55.17
7809,2018-11-22 09:00:00,70.92
7810,2018-11-22 10:00:00,91.25
7811,2018-11-22 11:00:00,118.99
7812,2018-11-22 12:00:00,123.2
7813,2018-11-22 13:00:00,123.12
7814,2018-11-22 14:00:00,117.2
7815,2018-11-22 15:00:00,119.89
7816,2018-11-22 16:00:00,104.73
7817,2018-11-22 17:00:00,93.25
7818,2018-11-22 18:00:00,89.56
7819,2018-11-22 19:00:00,84.9
7820,2018-11-22 20:00:00,89.55
7821,2018-11-22 21:00:00,97.63
7822,2018-11-22 22:00:00,106.03
7823,2018-11-22 23:00:00,104.31
7824,2018-11-23 00:00:00,89.85
7825,2018-11-23 01:00:00,81.71
7826,2018-11-23 02:00:00,84.54
7827,2018-11-23 03:00:00,77.15
7828,2018-11-23 04:00:00,62.2
7829,2018-11-23 05:00:00,49.37
7830,2018-11-23 06:00:00,56.71
7831,2018-11-23 07:00:00,64.64
7832,2018-11-23 08:00:00,65.67
7833,2018-11-23 09:00:00,55.84
7834,2018-11-23 10:00:00,54.06
7835,2018-11-23 11:00:00,62.08
7836,2018-11-23 12:00:00,75.04
7837,2018-11-23 13:00:00,97.61
7838,2018-11-23 14:00:00,115.5
7839,2018-11-23 15:00:00,120.14
7840,2018-11-23 16:00:00,110.72
7841,2018-11-23 17:00:00,115.39
7842,2018-11-23 18:00:00,138.49
7843,2018-11-23 19:00:00,141.04
7844,2018-11-23 20:00:00,137.64
7845,2018-11-23 21:00:00,119.96
7846,2018-11-23 22:00:00,109.8
7847,2018-11-23 23:00:00,115.85
7848,2018-11-24 00:00:00,96.34
7849,2018-11-24 01:00:00,78.89
7850,2018-11-24 02:00:00,71.05
7851,2018-11-24 03:00:00,61.71
7852,2018-11-24 04:00:00,49.07
7853,2018-11-24 05:00:00,42.17
7854,2018-11-24 06:00:00,51.23
7855,2018-11-24 07:00:00,73.93
7856,2018-11-24 08:00:00,90.63
7857,2018-11-24 09:00:00,100.34
7858,2018-11-24 10:00:00,118.94
7859,2018-11-24 11:00:00,139.12
7860,2018-11-24 12:00:00,140.53
7861,2018-11-24 13:00:00,141.01
7862,2018-11-24 14:00:00,141.23
7863,2018-11-24 15:00:00,141.26
7864,2018-11-24 16:00:00,141.14
7865,2018-11-24 17:00:00,140.75
7866,2018-11-24 18:00:00,141.64
7867,2018-11-24 19:00:00,140.45
7868,2018-11-24 20:00:00,141.1
7869,2018-11-24 21:00:00,140.75
7870,2018-11-24 22:00:00,141.02
7871,2018-11-24 23:00:00,140.95
7872,2018-11-25 00:00:00,141.19
7873,2018-11-25 01:00:00,141.5
7874,2018-11-25 02:00:00,141.31
7875,2018-11-25 03:00:00,142.07
7876,2018-11-25 04:00:00,141.68
7877,2018-11-25 05:00:00,141.8
7878,2018-11-25 06:00:00,141.07
7879,2018-11-25 07:00:00,140.27
7880,2018-11-25 08:00:00,141.01
7881,2018-11-25 09:00:00,140.57
7882,2018-11-25 10:00:00,140.68
7883,2018-11-25 11:00:00,109.13
7884,2018-11-25 12:00:00,84.6
7885,2018-11-25 13:00:00,76.82
7886,2018-11-25 14:00:00,75.23
7887,2018-11-25 15:00:00,72.47
7888,2018-11-25 16:00:00,79.95
7889,2018-11-25 17:00:00,98.77
7890,2018-11-25 18:00:00,101.86
7891,2018-11-25 19:00:00,83.16
7892,2018-11-25 20:00:00,64.68
7893,2018-11-25 21:00:00,58.7
7894,2018-11-25 22:00:00,61.24
7895,2018-11-25 23:00:00,64.32
7896,2018-11-26 00:00:00,73.51
7897,2018-11-26 01:00:00,55.62
7898,2018-11-26 02:00:00,43.23
7899,2018-11-26 03:00:00,37.04
7900,2018-11-26 04:00:00,32.8
7901,2018-11-26 05:00:00,31.42
7902,2018-11-26 06:00:00,30.57
7903,2018-11-26 07:00:00,28.66
7904,2018-11-26 08:00:00,27.94
7905,2018-11-26 09:00:00,30.02
7906,2018-11-26 10:00:00,33.95
7907,2018-11-26 11:00:00,45.14
7908,2018-11-26 12:00:00,65.57
7909,2018-11-26 13:00:00,86.07
7910,2018-11-26 14:00:00,100.01
7911,2018-11-26 15:00:00,107.5
7912,2018-11-26 16:00:00,99.09
7913,2018-11-26 17:00:00,91.25
7914,2018-11-26 18:00:00,90.7
7915,2018-11-26 19:00:00,86.4
7916,2018-11-26 20:00:00,90.42
7917,2018-11-26 21:00:00,91.2
7918,2018-11-26 22:00:00,105.99
7919,2018-11-26 23:00:00,134.19
7920,2018-11-27 00:00:00,130.75
7921,2018-11-27 01:00:00,109.28
7922,2018-11-27 02:00:00,74.72
7923,2018-11-27 03:00:00,55.96
7924,2018-11-27 04:00:00,45.74
7925,2018-11-27 05:00:00,43.86
7926,2018-11-27 06:00:00,44.78
7927,2018-11-27 07:00:00,49.27
7928,2018-11-27 08:00:00,65.7
7929,2018-11-27 09:00:00,84.81
7930,2018-11-27 10:00:00,97.03
7931,2018-11-27 11:00:00,88.0
7932,2018-11-27 12:00:00,85.4
7933,2018-11-27 13:00:00,84.51
7934,2018-11-27 14:00:00,88.38
7935,2018-11-27 15:00:00,90.28
7936,2018-11-27 16:00:00,91.21
7937,2018-11-27 17:00:00,85.52
7938,2018-11-27 18:00:00,73.51
7939,2018-11-27 19:00:00,73.24
7940,2018-11-27 20:00:00,89.65
7941,2018-11-27 21:00:00,99.74
7942,2018-11-27 22:00:00,101.88
7943,2018-11-27 23:00:00,88.92
7944,2018-11-28 00:00:00,79.57
7945,2018-11-28 01:00:00,59.12
7946,2018-11-28 02:00:00,41.03
7947,2018-11-28 03:00:00,30.24
7948,2018-11-28 04:00:00,25.69
7949,2018-11-28 05:00:00,24.36
7950,2018-11-28 06:00:00,24.16
7951,2018-11-28 07:00:00,25.12
7952,2018-11-28 08:00:00,26.31
7953,2018-11-28 09:00:00,31.16
7954,2018-11-28 10:00:00,41.86
7955,2018-11-28 11:00:00,55.4
7956,2018-11-28 12:00:00,66.35
7957,2018-11-28 13:00:00,74.67
7958,2018-11-28 14:00:00,81.73
7959,2018-11-28 15:00:00,95.08
7960,2018-11-28 16:00:00,114.77
7961,2018-11-28 17:00:00,135.94
7962,2018-11-28 18:00:00,141.46
7963,2018-11-28 19:00:00,141.55
7964,2018-11-28 20:00:00,141.36
7965,2018-11-28 21:00:00,140.9
7966,2018-11-28 22:00:00,141.18
7967,2018-11-28 23:00:00,141.3
7968,2018-11-29 00:00:00,140.87
7969,2018-11-29 01:00:00,141.8
7970,2018-11-29 02:00:00,140.33
7971,2018-11-29 03:00:00,140.71
7972,2018-11-29 04:00:00,140.77
7973,2018-11-29 05:00:00,141.51
7974,2018-11-29 06:00:00,141.73
7975,2018-11-29 07:00:00,141.09
7976,2018-11-29 08:00:00,114.39
7977,2018-11-29 09:00:00,92.61
7978,2018-11-29 10:00:00,100.52
7979,2018-11-29 11:00:00,120.26
7980,2018-11-29 12:00:00,130.64
7981,2018-11-29 13:00:00,134.45
7982,2018-11-29 14:00:00,130.68
7983,2018-11-29 15:00:00,117.98
7984,2018-11-29 16:00:00,108.81
7985,2018-11-29 17:00:00,98.15
7986,2018-11-29 18:00:00,85.92
7987,2018-11-29 19:00:00,86.25
7988,2018-11-29 20:00:00,94.36
7989,2018-11-29 21:00:00,99.55
7990,2018-11-29 22:00:00,109.38
7991,2018-11-29 23:00:00,113.98
7992,2018-11-30 00:00:00,93.02
7993,2018-11-30 01:00:00,86.27
7994,2018-11-30 02:00:00,90.07
7995,2018-11-30 03:00:00,85.03
7996,2018-11-30 04:00:00,66.93
7997,2018-11-30 05:00:00,49.68
7998,2018-11-30 06:00:00,56.83
7999,2018-11-30 07:00:00,70.55
8000,2018-11-30 08:00:00,69.54
8001,2018-11-30 09:00:00,59.33
8002,2018-11-30 10:00:00,57.85
8003,2018-11-30 11:00:00,65.22
8004,2018-11-30 12:00:00,76.73
8005,2018-11-30 13:00:00,99.63
8006,2018-11-30 14:00:00,119.33
8007,2018-11-30 15:00:00,130.86
8008,2018-11-30 16:00:00,117.95
8009,2018-11-30 17:00:00,120.17
8010,2018-11-30 18:00:00,138.03
8011,2018-11-30 19:00:00,140.78
8012,2018-11-30 20:00:00,141.17
8013,2018-11-30 21:00:00,139.46
8014,2018-11-30 22:00:00,126.88
8015,2018-11-30 23:00:00,123.25
8016,2018-12-01 00:00:00,108.05
8017,2018-12-01 01:00:00,83.28
8018,2018-12-01 02:00:00,77.17
8019,2018-12-01 03:00:00,66.08
8020,2018-12-01 04:00:00,52.4
8021,2018-12-01 05:00:00,44.88
8022,2018-12-01 06:00:00,56.89
8023,2018-12-01 07:00:00,75.81
8024,2018-12-01 08:00:00,89.68
8025,2018-12-01 09:00:00,110.3
8026,2018-12-01 10:00:00,129.03
8027,2018-12-01 11:00:00,139.91
8028,2018-12-01 12:00:00,140.75
8029,2018-12-01 13:00:00,141.57
8030,2018-12-01 14:00:00,141.67
8031,2018-12-01 15:00:00,141.48
8032,2018-12-01 16:00:00,141.34
8033,2018-12-01 17:00:00,141.26
8034,2018-12-01 18:00:00,140.85
8035,2018-12-01 19:00:00,140.78
8036,2018-12-01 20:00:00,141.25
8037,2018-12-01 21:00:00,140.96
8038,2018-12-01 22:00:00,140.69
8039,2018-12-01 23:00:00,140.44
8040,2018-12-02 00:00:00,140.33
8041,2018-12-02 01:00:00,140.59
8042,2018-12-02 02:00:00,140.9
8043,2018-12-02 03:00:00,141.48
8044,2018-12-02 04:00:00,140.89
8045,2018-12-02 05:00:00,141.37
8046,2018-12-02 06:00:00,141.7
8047,2018-12-02 07:00:00,142.16
8048,2018-12-02 08:00:00,141.51
8049,2018-12-02 09:00:00,141.31
8050,2018-12-02 10:00:00,141.72
8051,2018-12-02 11:00:00,141.44
8052,2018-12-02 12:00:00,140.97
8053,2018-12-02 13:00:00,137.95
8054,2018-12-02 14:00:00,104.58
8055,2018-12-02 15:00:00,81.31
8056,2018-12-02 16:00:00,85.32
8057,2018-12-02 17:00:00,103.48
8058,2018-12-02 18:00:00,99.36
8059,2018-12-02 19:00:00,85.72
8060,2018-12-02 20:00:00,68.07
8061,2018-12-02 21:00:00,63.23
8062,2018-12-02 22:00:00,63.72
8063,2018-12-02 23:00:00,69.25
8064,2018-12-03 00:00:00,74.62
8065,2018-12-03 01:00:00,53.57
8066,2018-12-03 02:00:00,41.34
8067,2018-12-03 03:00:00,37.63
8068,2018-12-03 04:00:00,33.49
8069,2018-12-03 05:00:00,32.69
8070,2018-12-03 06:00:00,30.88
8071,2018-12-03 07:00:00,29.71
8072,2018-12-03 08:00:00,28.71
8073,2018-12-03 09:00:00,30.65
8074,2018-12-03 10:00:00,38.82
8075,2018-12-03 11:00:00,47.9
8076,2018-12-03 12:00:00,71.3
8077,2018-12-03 13:00:00,91.37
8078,2018-12-03 14:00:00,106.65
8079,2018-12-03 15:00:00,107.1
8080,2018-12-03 16:00:00,101.18
8081,2018-12-03 17:00:00,96.46
8082,2018-12-03 18:00:00,99.16
8083,2018-12-03 19:00:00,96.02
8084,2018-12-03 20:00:00,96.12
8085,2018-12-03 21:00:00,89.86
8086,2018-12-03 22:00:00,109.39
8087,2018-12-03 23:00:00,134.21
8088,2018-12-04 00:00:00,139.55
8089,2018-12-04 01:00:00,119.22
8090,2018-12-04 02:00:00,83.33
8091,2018-12-04 03:00:00,55.88
8092,2018-12-04 04:00:00,49.26
8093,2018-12-04 05:00:00,44.94
8094,2018-12-04 06:00:00,44.0
8095,2018-12-04 07:00:00,47.76
8096,2018-12-04 08:00:00,66.69
8097,2018-12-04 09:00:00,88.22
8098,2018-12-04 10:00:00,98.23
8099,2018-12-04 11:00:00,92.42
8100,2018-12-04 12:00:00,82.45
8101,2018-12-04 13:00:00,88.15
8102,2018-12-04 14:00:00,92.69
8103,2018-12-04 15:00:00,97.12
8104,2018-12-04 16:00:00,95.35
8105,2018-12-04 17:00:00,84.51
8106,2018-12-04 18:00:00,71.65
8107,2018-12-04 19:00:00,73.16
8108,2018-12-04 20:00:00,95.58
8109,2018-12-04 21:00:00,109.91
8110,2018-12-04 22:00:00,114.36
8111,2018-12-04 23:00:00,98.5
8112,2018-12-05 00:00:00,80.62
8113,2018-12-05 01:00:00,61.86
8114,2018-12-05 02:00:00,41.41
8115,2018-12-05 03:00:00,30.15
8116,2018-12-05 04:00:00,25.64
8117,2018-12-05 05:00:00,24.33
8118,2018-12-05 06:00:00,24.28
8119,2018-12-05 07:00:00,25.18
8120,2018-12-05 08:00:00,28.62
8121,2018-12-05 09:00:00,36.19
8122,2018-12-05 10:00:00,46.86
8123,2018-12-05 11:00:00,56.81
8124,2018-12-05 12:00:00,70.46
8125,2018-12-05 13:00:00,74.0
8126,2018-12-05 14:00:00,86.65
8127,2018-12-05 15:00:00,93.74
8128,2018-12-05 16:00:00,122.16
8129,2018-12-05 17:00:00,138.47
8130,2018-12-05 18:00:00,141.04
8131,2018-12-05 19:00:00,141.16
8132,2018-12-05 20:00:00,141.38
8133,2018-12-05 21:00:00,141.9
8134,2018-12-05 22:00:00,141.38
8135,2018-12-05 23:00:00,141.11
8136,2018-12-06 00:00:00,141.1
8137,2018-12-06 01:00:00,141.72
8138,2018-12-06 02:00:00,141.01
8139,2018-12-06 03:00:00,140.97
8140,2018-12-06 04:00:00,140.77
8141,2018-12-06 05:00:00,140.9
8142,2018-12-06 06:00:00,140.72
8143,2018-12-06 07:00:00,140.76
8144,2018-12-06 08:00:00,141.21
8145,2018-12-06 09:00:00,141.42
8146,2018-12-06 10:00:00,134.02
8147,2018-12-06 11:00:00,139.17
8148,2018-12-06 12:00:00,138.73
8149,2018-12-06 13:00:00,133.95
8150,2018-12-06 14:00:00,131.46
8151,2018-12-06 15:00:00,137.59
8152,2018-12-06 16:00:00,124.14
8153,2018-12-06 17:00:00,106.26
8154,2018-12-06 18:00:00,100.14
8155,2018-12-06 19:00:00,94.54
8156,2018-12-06 20:00:00,92.91
8157,2018-12-06 21:00:00,103.52
8158,2018-12-06 22:00:00,116.5
8159,2018-12-06 23:00:00,116.99
8160,2018-12-07 00:00:00,97.03
8161,2018-12-07 01:00:00,88.75
8162,2018-12-07 02:00:00,92.82
8163,2018-12-07 03:00:00,91.17
8164,2018-12-07 04:00:00,68.17
8165,2018-12-07 05:00:00,51.26
8166,2018-12-07 06:00:00,60.82
8167,2018-12-07 07:00:00,74.29
8168,2018-12-07 08:00:00,72.52
8169,2018-12-07 09:00:00,57.47
8170,2018-12-07 10:00:00,57.07
8171,2018-12-07 11:00:00,68.73
8172,2018-12-07 12:00:00,92.0
8173,2018-12-07 13:00:00,115.24
8174,2018-12-07 14:00:00,125.07
8175,2018-12-07 15:00:00,130.53
8176,2018-12-07 16:00:00,122.02
8177,2018-12-07 17:00:00,128.33
8178,2018-12-07 18:00:00,141.63
8179,2018-12-07 19:00:00,141.3
8180,2018-12-07 20:00:00,141.38
8181,2018-12-07 21:00:00,140.94
8182,2018-12-07 22:00:00,141.7
8183,2018-12-07 23:00:00,135.85
8184,2018-12-08 00:00:00,114.76
8185,2018-12-08 01:00:00,89.88
8186,2018-12-08 02:00:00,80.1
8187,2018-12-08 03:00:00,67.95
8188,2018-12-08 04:00:00,53.04
8189,2018-12-08 05:00:00,43.55
8190,2018-12-08 06:00:00,57.02
8191,2018-12-08 07:00:00,79.48
8192,2018-12-08 08:00:00,103.96
8193,2018-12-08 09:00:00,116.26
8194,2018-12-08 10:00:00,133.81
8195,2018-12-08 11:00:00,141.01
8196,2018-12-08 12:00:00,140.68
8197,2018-12-08 13:00:00,141.4
8198,2018-12-08 14:00:00,140.89
8199,2018-12-08 15:00:00,142.11
8200,2018-12-08 16:00:00,141.52
8201,2018-12-08 17:00:00,141.24
8202,2018-12-08 18:00:00,140.87
8203,2018-12-08 19:00:00,141.21
8204,2018-12-08 20:00:00,141.67
8205,2018-12-08 21:00:00,141.57
8206,2018-12-08 22:00:00,141.43
8207,2018-12-08 23:00:00,140.99
8208,2018-12-09 00:00:00,141.02
8209,2018-12-09 01:00:00,141.32
8210,2018-12-09 02:00:00,140.65
8211,2018-12-09 03:00:00,140.81
8212,2018-12-09 04:00:00,141.0
8213,2018-12-09 05:00:00,140.3
8214,2018-12-09 06:00:00,139.85
8215,2018-12-09 07:00:00,140.15
8216,2018-12-09 08:00:00,140.65
8217,2018-12-09 09:00:00,140.39
8218,2018-12-09 10:00:00,141.16
8219,2018-12-09 11:00:00,141.29
8220,2018-12-09 12:00:00,141.4
8221,2018-12-09 13:00:00,141.96
8222,2018-12-09 14:00:00,141.99
8223,2018-12-09 15:00:00,141.12
8224,2018-12-09 16:00:00,140.41
8225,2018-12-09 17:00:00,140.97
8226,2018-12-09 18:00:00,136.98
8227,2018-12-09 19:00:00,99.59
8228,2018-12-09 20:00:00,74.67
8229,2018-12-09 21:00:00,67.79
8230,2018-12-09 22:00:00,68.9
8231,2018-12-09 23:00:00,71.71
8232,2018-12-10 00:00:00,78.94
8233,2018-12-10 01:00:00,57.31
8234,2018-12-10 02:00:00,44.45
8235,2018-12-10 03:00:00,34.78
8236,2018-12-10 04:00:00,32.72
8237,2018-12-10 05:00:00,32.07
8238,2018-12-10 06:00:00,31.37
8239,2018-12-10 07:00:00,29.28
8240,2018-12-10 08:00:00,28.49
8241,2018-12-10 09:00:00,30.84
8242,2018-12-10 10:00:00,36.52
8243,2018-12-10 11:00:00,48.1
8244,2018-12-10 12:00:00,68.68
8245,2018-12-10 13:00:00,92.07
8246,2018-12-10 14:00:00,111.5
8247,2018-12-10 15:00:00,111.07
8248,2018-12-10 16:00:00,107.36
8249,2018-12-10 17:00:00,103.26
8250,2018-12-10 18:00:00,96.94
8251,2018-12-10 19:00:00,101.17
8252,2018-12-10 20:00:00,98.62
8253,2018-12-10 21:00:00,103.04
8254,2018-12-10 22:00:00,118.97
8255,2018-12-10 23:00:00,140.95
8256,2018-12-11 00:00:00,141.5
8257,2018-12-11 01:00:00,134.45
8258,2018-12-11 02:00:00,92.07
8259,2018-12-11 03:00:00,62.7
8260,2018-12-11 04:00:00,53.16
8261,2018-12-11 05:00:00,46.53
8262,2018-12-11 06:00:00,45.31
8263,2018-12-11 07:00:00,49.8
8264,2018-12-11 08:00:00,69.04
8265,2018-12-11 09:00:00,87.73
8266,2018-12-11 10:00:00,101.16
8267,2018-12-11 11:00:00,101.42
8268,2018-12-11 12:00:00,92.12
8269,2018-12-11 13:00:00,87.13
8270,2018-12-11 14:00:00,92.17
8271,2018-12-11 15:00:00,101.94
8272,2018-12-11 16:00:00,102.14
8273,2018-12-11 17:00:00,93.44
8274,2018-12-11 18:00:00,77.89
8275,2018-12-11 19:00:00,81.88
8276,2018-12-11 20:00:00,101.27
8277,2018-12-11 21:00:00,113.43
8278,2018-12-11 22:00:00,116.65
8279,2018-12-11 23:00:00,96.81
8280,2018-12-12 00:00:00,86.9
8281,2018-12-12 01:00:00,62.6
8282,2018-12-12 02:00:00,43.16
8283,2018-12-12 03:00:00,31.17
8284,2018-12-12 04:00:00,25.76
8285,2018-12-12 05:00:00,24.51
8286,2018-12-12 06:00:00,24.6
8287,2018-12-12 07:00:00,26.02
8288,2018-12-12 08:00:00,28.0
8289,2018-12-12 09:00:00,32.79
8290,2018-12-12 10:00:00,44.39
8291,2018-12-12 11:00:00,58.35
8292,2018-12-12 12:00:00,74.14
8293,2018-12-12 13:00:00,77.65
8294,2018-12-12 14:00:00,92.45
8295,2018-12-12 15:00:00,103.38
8296,2018-12-12 16:00:00,129.86
8297,2018-12-12 17:00:00,141.17
8298,2018-12-12 18:00:00,140.86
8299,2018-12-12 19:00:00,141.01
8300,2018-12-12 20:00:00,141.26
8301,2018-12-12 21:00:00,140.82
8302,2018-12-12 22:00:00,141.5
8303,2018-12-12 23:00:00,141.11
8304,2018-12-13 00:00:00,141.14
8305,2018-12-13 01:00:00,140.79
8306,2018-12-13 02:00:00,141.43
8307,2018-12-13 03:00:00,141.45
8308,2018-12-13 04:00:00,141.77
8309,2018-12-13 05:00:00,141.11
8310,2018-12-13 06:00:00,141.92
8311,2018-12-13 07:00:00,141.45
8312,2018-12-13 08:00:00,141.62
8313,2018-12-13 09:00:00,141.31
8314,2018-12-13 10:00:00,140.63
8315,2018-12-13 11:00:00,140.97
8316,2018-12-13 12:00:00,141.2
8317,2018-12-13 13:00:00,141.51
8318,2018-12-13 14:00:00,141.33
8319,2018-12-13 15:00:00,141.17
8320,2018-12-13 16:00:00,140.75
8321,2018-12-13 17:00:00,140.88
8322,2018-12-13 18:00:00,141.3
8323,2018-12-13 19:00:00,136.48
8324,2018-12-13 20:00:00,114.71
8325,2018-12-13 21:00:00,115.3
8326,2018-12-13 22:00:00,117.41
8327,2018-12-13 23:00:00,116.0
8328,2018-12-14 00:00:00,98.69
8329,2018-12-14 01:00:00,89.63
8330,2018-12-14 02:00:00,91.11
8331,2018-12-14 03:00:00,90.93
8332,2018-12-14 04:00:00,74.33
8333,2018-12-14 05:00:00,54.47
8334,2018-12-14 06:00:00,58.76
8335,2018-12-14 07:00:00,72.47
8336,2018-12-14 08:00:00,78.85
8337,2018-12-14 09:00:00,63.36
8338,2018-12-14 10:00:00,61.68
8339,2018-12-14 11:00:00,71.58
8340,2018-12-14 12:00:00,92.77
8341,2018-12-14 13:00:00,116.29
8342,2018-12-14 14:00:00,133.11
8343,2018-12-14 15:00:00,134.44
8344,2018-12-14 16:00:00,127.62
8345,2018-12-14 17:00:00,134.02
8346,2018-12-14 18:00:00,140.95
8347,2018-12-14 19:00:00,141.32
8348,2018-12-14 20:00:00,141.77
8349,2018-12-14 21:00:00,140.94
8350,2018-12-14 22:00:00,140.34
8351,2018-12-14 23:00:00,141.16
8352,2018-12-15 00:00:00,141.13
8353,2018-12-15 01:00:00,112.56
8354,2018-12-15 02:00:00,88.94
8355,2018-12-15 03:00:00,73.55
8356,2018-12-15 04:00:00,56.56
8357,2018-12-15 05:00:00,48.68
8358,2018-12-15 06:00:00,62.24
8359,2018-12-15 07:00:00,82.93
8360,2018-12-15 08:00:00,104.32
8361,2018-12-15 09:00:00,115.27
8362,2018-12-15 10:00:00,134.88
8363,2018-12-15 11:00:00,140.16
8364,2018-12-15 12:00:00,140.28
8365,2018-12-15 13:00:00,140.82
8366,2018-12-15 14:00:00,140.79
8367,2018-12-15 15:00:00,140.5
8368,2018-12-15 16:00:00,141.24
8369,2018-12-15 17:00:00,141.18
8370,2018-12-15 18:00:00,140.28
8371,2018-12-15 19:00:00,140.79
8372,2018-12-15 20:00:00,140.59
8373,2018-12-15 21:00:00,140.75
8374,2018-12-15 22:00:00,141.09
8375,2018-12-15 23:00:00,140.85
8376,2018-12-16 00:00:00,141.58
8377,2018-12-16 01:00:00,141.41
8378,2018-12-16 02:00:00,141.6
8379,2018-12-16 03:00:00,141.38
8380,2018-12-16 04:00:00,141.58
8381,2018-12-16 05:00:00,141.02
8382,2018-12-16 06:00:00,140.69
8383,2018-12-16 07:00:00,140.71
8384,2018-12-16 08:00:00,141.33
8385,2018-12-16 09:00:00,140.99
8386,2018-12-16 10:00:00,140.9
8387,2018-12-16 11:00:00,140.9
8388,2018-12-16 12:00:00,140.34
8389,2018-12-16 13:00:00,140.93
8390,2018-12-16 14:00:00,141.16
8391,2018-12-16 15:00:00,141.42
8392,2018-12-16 16:00:00,141.7
8393,2018-12-16 17:00:00,140.91
8394,2018-12-16 18:00:00,141.47
8395,2018-12-16 19:00:00,141.66
8396,2018-12-16 20:00:00,140.87
8397,2018-12-16 21:00:00,140.44
8398,2018-12-16 22:00:00,127.89
8399,2018-12-16 23:00:00,90.42
8400,2018-12-17 00:00:00,86.0
8401,2018-12-17 01:00:00,60.95
8402,2018-12-17 02:00:00,46.44
8403,2018-12-17 03:00:00,39.32
8404,2018-12-17 04:00:00,36.29
8405,2018-12-17 05:00:00,34.4
8406,2018-12-17 06:00:00,31.46
8407,2018-12-17 07:00:00,30.25
8408,2018-12-17 08:00:00,27.65
8409,2018-12-17 09:00:00,30.74
8410,2018-12-17 10:00:00,35.32
8411,2018-12-17 11:00:00,46.97
8412,2018-12-17 12:00:00,76.45
8413,2018-12-17 13:00:00,95.62
8414,2018-12-17 14:00:00,114.87
8415,2018-12-17 15:00:00,115.65
8416,2018-12-17 16:00:00,117.99
8417,2018-12-17 17:00:00,107.47
8418,2018-12-17 18:00:00,100.75
8419,2018-12-17 19:00:00,106.66
8420,2018-12-17 20:00:00,109.07
8421,2018-12-17 21:00:00,106.14
8422,2018-12-17 22:00:00,123.45
8423,2018-12-17 23:00:00,140.85
8424,2018-12-18 00:00:00,140.7
8425,2018-12-18 01:00:00,136.72
8426,2018-12-18 02:00:00,93.75
8427,2018-12-18 03:00:00,64.36
8428,2018-12-18 04:00:00,57.58
8429,2018-12-18 05:00:00,47.25
8430,2018-12-18 06:00:00,46.12
8431,2018-12-18 07:00:00,52.44
8432,2018-12-18 08:00:00,75.46
8433,2018-12-18 09:00:00,98.49
8434,2018-12-18 10:00:00,116.25
8435,2018-12-18 11:00:00,100.32
8436,2018-12-18 12:00:00,92.17
8437,2018-12-18 13:00:00,93.74
8438,2018-12-18 14:00:00,98.6
8439,2018-12-18 15:00:00,108.15
8440,2018-12-18 16:00:00,107.04
8441,2018-12-18 17:00:00,96.54
8442,2018-12-18 18:00:00,79.12
8443,2018-12-18 19:00:00,82.75
8444,2018-12-18 20:00:00,106.07
8445,2018-12-18 21:00:00,119.65
8446,2018-12-18 22:00:00,123.03
8447,2018-12-18 23:00:00,104.3
8448,2018-12-19 00:00:00,92.11
8449,2018-12-19 01:00:00,68.63
8450,2018-12-19 02:00:00,46.65
8451,2018-12-19 03:00:00,34.49
8452,2018-12-19 04:00:00,26.19
8453,2018-12-19 05:00:00,24.45
8454,2018-12-19 06:00:00,24.98
8455,2018-12-19 07:00:00,26.65
8456,2018-12-19 08:00:00,29.77
8457,2018-12-19 09:00:00,36.24
8458,2018-12-19 10:00:00,49.53
8459,2018-12-19 11:00:00,62.75
8460,2018-12-19 12:00:00,76.0
8461,2018-12-19 13:00:00,82.02
8462,2018-12-19 14:00:00,87.35
8463,2018-12-19 15:00:00,103.6
8464,2018-12-19 16:00:00,129.13
8465,2018-12-19 17:00:00,141.3
8466,2018-12-19 18:00:00,141.39
8467,2018-12-19 19:00:00,141.7
8468,2018-12-19 20:00:00,141.35
8469,2018-12-19 21:00:00,140.97
8470,2018-12-19 22:00:00,141.21
8471,2018-12-19 23:00:00,141.36
8472,2018-12-20 00:00:00,141.21
8473,2018-12-20 01:00:00,141.77
8474,2018-12-20 02:00:00,141.08
8475,2018-12-20 03:00:00,141.05
8476,2018-12-20 04:00:00,140.32
8477,2018-12-20 05:00:00,140.79
8478,2018-12-20 06:00:00,141.15
8479,2018-12-20 07:00:00,141.84
8480,2018-12-20 08:00:00,141.23
8481,2018-12-20 09:00:00,140.98
8482,2018-12-20 10:00:00,141.66
8483,2018-12-20 11:00:00,141.15
8484,2018-12-20 12:00:00,141.51
8485,2018-12-20 13:00:00,141.2
8486,2018-12-20 14:00:00,141.47
8487,2018-12-20 15:00:00,141.0
8488,2018-12-20 16:00:00,141.44
8489,2018-12-20 17:00:00,141.39
8490,2018-12-20 18:00:00,141.7
8491,2018-12-20 19:00:00,141.32
8492,2018-12-20 20:00:00,140.57
8493,2018-12-20 21:00:00,141.43
8494,2018-12-20 22:00:00,140.54
8495,2018-12-20 23:00:00,140.39
8496,2018-12-21 00:00:00,141.39
8497,2018-12-21 01:00:00,126.02
8498,2018-12-21 02:00:00,111.08
8499,2018-12-21 03:00:00,101.9
8500,2018-12-21 04:00:00,74.38
8501,2018-12-21 05:00:00,55.04
8502,2018-12-21 06:00:00,67.21
8503,2018-12-21 07:00:00,81.02
8504,2018-12-21 08:00:00,78.74
8505,2018-12-21 09:00:00,63.67
8506,2018-12-21 10:00:00,60.65
8507,2018-12-21 11:00:00,70.88
8508,2018-12-21 12:00:00,91.49
8509,2018-12-21 13:00:00,117.16
8510,2018-12-21 14:00:00,139.3
8511,2018-12-21 15:00:00,140.78
8512,2018-12-21 16:00:00,137.49
8513,2018-12-21 17:00:00,136.68
8514,2018-12-21 18:00:00,140.72
8515,2018-12-21 19:00:00,141.07
8516,2018-12-21 20:00:00,140.89
8517,2018-12-21 21:00:00,140.3
8518,2018-12-21 22:00:00,140.8
8519,2018-12-21 23:00:00,141.59
8520,2018-12-22 00:00:00,141.31
8521,2018-12-22 01:00:00,133.14
8522,2018-12-22 02:00:00,96.01
8523,2018-12-22 03:00:00,74.01
8524,2018-12-22 04:00:00,55.01
8525,2018-12-22 05:00:00,45.82
8526,2018-12-22 06:00:00,62.16
8527,2018-12-22 07:00:00,83.79
8528,2018-12-22 08:00:00,109.65
8529,2018-12-22 09:00:00,127.82
8530,2018-12-22 10:00:00,140.06
8531,2018-12-22 11:00:00,140.91
8532,2018-12-22 12:00:00,141.41
8533,2018-12-22 13:00:00,141.67
8534,2018-12-22 14:00:00,141.16
8535,2018-12-22 15:00:00,141.48
8536,2018-12-22 16:00:00,140.58
8537,2018-12-22 17:00:00,140.82
8538,2018-12-22 18:00:00,140.78
8539,2018-12-22 19:00:00,140.98
8540,2018-12-22 20:00:00,140.22
8541,2018-12-22 21:00:00,141.59
8542,2018-12-22 22:00:00,141.29
8543,2018-12-22 23:00:00,141.21
8544,2018-12-23 00:00:00,141.66
8545,2018-12-23 01:00:00,141.4
8546,2018-12-23 02:00:00,141.36
8547,2018-12-23 03:00:00,141.26
8548,2018-12-23 04:00:00,141.37
8549,2018-12-23 05:00:00,141.84
8550,2018-12-23 06:00:00,141.39
8551,2018-12-23 07:00:00,140.83
8552,2018-12-23 08:00:00,141.49
8553,2018-12-23 09:00:00,141.33
8554,2018-12-23 10:00:00,141.2
8555,2018-12-23 11:00:00,141.21
8556,2018-12-23 12:00:00,140.87
8557,2018-12-23 13:00:00,141.0
8558,2018-12-23 14:00:00,140.99
8559,2018-12-23 15:00:00,141.08
8560,2018-12-23 16:00:00,141.36
8561,2018-12-23 17:00:00,141.33
8562,2018-12-23 18:00:00,142.12
8563,2018-12-23 19:00:00,141.94
8564,2018-12-23 20:00:00,141.52
8565,2018-12-23 21:00:00,140.88
8566,2018-12-23 22:00:00,141.4
8567,2018-12-23 23:00:00,141.87
8568,2018-12-24 00:00:00,117.4
8569,2018-12-24 01:00:00,70.35
8570,2018-12-24 02:00:00,49.56
8571,2018-12-24 03:00:00,38.92
8572,2018-12-24 04:00:00,34.51
8573,2018-12-24 05:00:00,31.19
8574,2018-12-24 06:00:00,30.36
8575,2018-12-24 07:00:00,29.63
8576,2018-12-24 08:00:00,28.73
8577,2018-12-24 09:00:00,32.36
8578,2018-12-24 10:00:00,37.72
8579,2018-12-24 11:00:00,48.17
8580,2018-12-24 12:00:00,78.87
8581,2018-12-24 13:00:00,102.88
8582,2018-12-24 14:00:00,126.11
8583,2018-12-24 15:00:00,121.79
8584,2018-12-24 16:00:00,115.72
8585,2018-12-24 17:00:00,106.11
8586,2018-12-24 18:00:00,102.87
8587,2018-12-24 19:00:00,110.64
8588,2018-12-24 20:00:00,104.03
8589,2018-12-24 21:00:00,106.1
8590,2018-12-24 22:00:00,124.85
8591,2018-12-24 23:00:00,141.55
8592,2018-12-25 00:00:00,140.0
8593,2018-12-25 01:00:00,140.63
8594,2018-12-25 02:00:00,98.46
8595,2018-12-25 03:00:00,63.79
8596,2018-12-25 04:00:00,55.2
8597,2018-12-25 05:00:00,49.86
8598,2018-12-25 06:00:00,48.27
8599,2018-12-25 07:00:00,52.55
8600,2018-12-25 08:00:00,72.49
8601,2018-12-25 09:00:00,94.92
8602,2018-12-25 10:00:00,111.07
8603,2018-12-25 11:00:00,103.27
8604,2018-12-25 12:00:00,92.91
8605,2018-12-25 13:00:00,90.68
8606,2018-12-25 14:00:00,98.39
8607,2018-12-25 15:00:00,106.94
8608,2018-12-25 16:00:00,104.76
8609,2018-12-25 17:00:00,94.35
8610,2018-12-25 18:00:00,82.06
8611,2018-12-25 19:00:00,84.07
8612,2018-12-25 20:00:00,106.46
8613,2018-12-25 21:00:00,122.95
8614,2018-12-25 22:00:00,122.06
8615,2018-12-25 23:00:00,109.0
8616,2018-12-26 00:00:00,86.45
8617,2018-12-26 01:00:00,66.42
8618,2018-12-26 02:00:00,46.75
8619,2018-12-26 03:00:00,32.82
8620,2018-12-26 04:00:00,26.77
8621,2018-12-26 05:00:00,25.08
8622,2018-12-26 06:00:00,24.75
8623,2018-12-26 07:00:00,25.25
8624,2018-12-26 08:00:00,29.33
8625,2018-12-26 09:00:00,35.26
8626,2018-12-26 10:00:00,48.05
8627,2018-12-26 11:00:00,57.3
8628,2018-12-26 12:00:00,75.49
8629,2018-12-26 13:00:00,80.32
8630,2018-12-26 14:00:00,88.47
8631,2018-12-26 15:00:00,95.11
8632,2018-12-26 16:00:00,131.55
8633,2018-12-26 17:00:00,140.94
8634,2018-12-26 18:00:00,140.96
8635,2018-12-26 19:00:00,141.35
8636,2018-12-26 20:00:00,140.87
8637,2018-12-26 21:00:00,141.33
8638,2018-12-26 22:00:00,141.57
8639,2018-12-26 23:00:00,141.86
8640,2018-12-27 00:00:00,140.75
8641,2018-12-27 01:00:00,140.16
8642,2018-12-27 02:00:00,140.74
8643,2018-12-27 03:00:00,141.09
8644,2018-12-27 04:00:00,140.46
8645,2018-12-27 05:00:00,141.28
8646,2018-12-27 06:00:00,141.73
8647,2018-12-27 07:00:00,141.14
8648,2018-12-27 08:00:00,141.53
8649,2018-12-27 09:00:00,141.63
8650,2018-12-27 10:00:00,141.83
8651,2018-12-27 11:00:00,140.55
8652,2018-12-27 12:00:00,141.28
8653,2018-12-27 13:00:00,141.18
8654,2018-12-27 14:00:00,141.19
8655,2018-12-27 15:00:00,140.88
8656,2018-12-27 16:00:00,141.79
8657,2018-12-27 17:00:00,141.03
8658,2018-12-27 18:00:00,141.46
8659,2018-12-27 19:00:00,140.87
8660,2018-12-27 20:00:00,141.4
8661,2018-12-27 21:00:00,141.39
8662,2018-12-27 22:00:00,141.76
8663,2018-12-27 23:00:00,141.89
8664,2018-12-28 00:00:00,140.97
8665,2018-12-28 01:00:00,140.76
8666,2018-12-28 02:00:00,123.77
8667,2018-12-28 03:00:00,102.72
8668,2018-12-28 04:00:00,78.04
8669,2018-12-28 05:00:00,55.52
8670,2018-12-28 06:00:00,68.04
8671,2018-12-28 07:00:00,78.22
8672,2018-12-28 08:00:00,79.91
8673,2018-12-28 09:00:00,61.38
8674,2018-12-28 10:00:00,64.31
8675,2018-12-28 11:00:00,76.74
8676,2018-12-28 12:00:00,100.13
8677,2018-12-28 13:00:00,124.94
8678,2018-12-28 14:00:00,138.63
8679,2018-12-28 15:00:00,140.77
8680,2018-12-28 16:00:00,137.45
8681,2018-12-28 17:00:00,138.21
8682,2018-12-28 18:00:00,141.74
8683,2018-12-28 19:00:00,140.38
8684,2018-12-28 20:00:00,140.79
8685,2018-12-28 21:00:00,141.06
8686,2018-12-28 22:00:00,141.68
8687,2018-12-28 23:00:00,140.86
8688,2018-12-29 00:00:00,140.82
8689,2018-12-29 01:00:00,124.43
8690,2018-12-29 02:00:00,96.01
8691,2018-12-29 03:00:00,76.22
8692,2018-12-29 04:00:00,56.89
8693,2018-12-29 05:00:00,45.15
8694,2018-12-29 06:00:00,59.85
8695,2018-12-29 07:00:00,83.71
8696,2018-12-29 08:00:00,105.12
8697,2018-12-29 09:00:00,123.11
8698,2018-12-29 10:00:00,139.93
8699,2018-12-29 11:00:00,141.2
8700,2018-12-29 12:00:00,141.53
8701,2018-12-29 13:00:00,141.51
8702,2018-12-29 14:00:00,140.91
8703,2018-12-29 15:00:00,140.7
8704,2018-12-29 16:00:00,140.98
8705,2018-12-29 17:00:00,141.1
8706,2018-12-29 18:00:00,140.48
8707,2018-12-29 19:00:00,140.79
8708,2018-12-29 20:00:00,141.28
8709,2018-12-29 21:00:00,141.49
8710,2018-12-29 22:00:00,141.67
8711,2018-12-29 23:00:00,141.16
8712,2018-12-30 00:00:00,140.85
8713,2018-12-30 01:00:00,141.66
8714,2018-12-30 02:00:00,140.98
8715,2018-12-30 03:00:00,141.83
8716,2018-12-30 04:00:00,141.47
8717,2018-12-30 05:00:00,141.31
8718,2018-12-30 06:00:00,141.35
8719,2018-12-30 07:00:00,141.13
8720,2018-12-30 08:00:00,140.83
8721,2018-12-30 09:00:00,141.5
8722,2018-12-30 10:00:00,141.33
8723,2018-12-30 11:00:00,141.5
8724,2018-12-30 12:00:00,140.92
8725,2018-12-30 13:00:00,141.05
8726,2018-12-30 14:00:00,141.15
8727,2018-12-30 15:00:00,141.77
8728,2018-12-30 16:00:00,140.85
8729,2018-12-30 17:00:00,140.5
8730,2018-12-30 18:00:00,140.77
8731,2018-12-30 19:00:00,140.59
8732,2018-12-30 20:00:00,140.97
8733,2018-12-30 21:00:00,141.34
8734,2018-12-30 22:00:00,141.26
8735,2018-12-30 23:00:00,140.87
8736,2018-12-31 00:00:00,116.17
8737,2018-12-31 01:00:00,71.18
8738,2018-12-31 02:00:00,49.25
8739,2018-12-31 03:00:00,39.81
8740,2018-12-31 04:00:00,36.88
8741,2018-12-31 05:00:00,33.26
8742,2018-12-31 06:00:00,30.32
8743,2018-12-31 07:00:00,28.85
8744,2018-12-31 08:00:00,28.27
8745,2018-12-31 09:00:00,32.19
8746,2018-12-31 10:00:00,38.24
8747,2018-12-31 11:00:00,50.7
8748,2018-12-31 12:00:00,77.01
8749,2018-12-31 13:00:00,102.36
8750,2018-12-31 14:00:00,120.32
8751,2018-12-31 15:00:00,120.03
8752,2018-12-31 16:00:00,122.45
8753,2018-12-31 17:00:00,109.15
8754,2018-12-31 18:00:00,105.15
8755,2018-12-31 19:00:00,104.38
8756,2018-12-31 20:00:00,108.31
8757,2018-12-31 21:00:00,107.69
8758,2018-12-31 22:00:00,121.93
8759,2018-12-31 23:00:00,140.91
