hour,price_import,price_export
0,15.84,15.84
1,16.84,16.84
2,16.78,16.78
3,17.39,17.39
4,19.01,19.01
5,21.42,21.42
6,24.22,24.22
7,28.41,28.41
8,22.68,22.68
9,19.54,19.54
10,18.49,18.49
11,17.9,17.9
12,16.55,16.55
13,14.46,14.46
14,13.86,13.86
15,13.18,13.18
16,20.21,20.21
17,36.45,36.45
18,27.6,27.6
19,23.92,23.92
20,24.09,24.09
21,22.18,22.18
22,21.25,21.25
23,20.22,20.22
24,19.24,19.24
25,18.49,18.49
26,18.94,18.94
27,19.65,19.65
28,20.77,20.77
29,25.05,25.05
30,35.82,35.82
31,41.47,41.47
32,34.73,34.73
33,25.75,25.75
34,22.72,22.72
35,19.32,19.32
36,18.08,18.08
37,17.71,17.71
38,17.17,17.17
39,18.5,18.5
40,24.2,24.2
41,45.55,45.55
42,37.63,37.63
43,31.66,31.66
44,26.75,26.75
45,23.72,23.72
46,24.81,24.81
47,22.06,22.06
48,20.91,20.91
49,19.22,19.22
50,19.07,19.07
51,19.27,19.27
52,20.94,20.94
53,23.36,23.36
54,39.31,39.31
55,42.58,42.58
56,33.61,33.61
57,24.84,24.84
58,20.38,20.38
59,19.21,19.21
60,17.02,17.02
61,16.67,16.67
62,15.58,15.58
63,15.33,15.33
64,19.57,19.57
65,42.21,42.21
66,32.78,32.78
67,27.78,27.78
68,24.73,24.73
69,21.67,21.67
70,18.26,18.26
71,16.66,16.66
72,17.39,17.39
73,17.15,17.15
74,17.64,17.64
75,18.73,18.73
76,19.46,19.46
77,21.49,21.49
78,29.61,29.61
79,27.76,27.76
80,21.15,21.15
81,18.3,18.3
82,17.08,17.08
83,16.18,16.18
84,12.99,12.99
85,11.13,11.13
86,10.92,10.92
87,13.17,13.17
88,16.73,16.73
89,28.5,28.5
90,23.68,23.68
91,20.15,20.15
92,20.48,20.48
93,18.92,18.92
94,17.75,17.75
95,17.4,17.4
96,16.1,16.1
97,15.59,15.59
98,15.39,15.39
99,16.01,16.01
100,17.92,17.92
101,21.61,21.61
102,27.81,27.81
103,27.81,27.81
104,20.89,20.89
105,18.17,18.17
106,17.14,17.14
107,15.29,15.29
108,11.02,11.02
109,8.41,8.41
110,6.95,6.95
111,10.01,10.01
112,18.3,18.3
113,38.91,38.91
114,33.41,33.41
115,30.37,30.37
116,30.09,30.09
117,27.78,27.78
118,27.86,27.86
119,26.37,26.37
120,24.37,24.37
121,21.92,21.92
122,21.41,21.41
123,22.67,22.67
124,24.29,24.29
125,28.92,28.92
126,42.06,42.06
127,44.99,44.99
128,32.34,32.34
129,19.96,19.96
130,18.62,18.62
131,18.19,18.19
132,15.39,15.39
133,14.75,14.75
134,14.07,14.07
135,14.47,14.47
136,19.52,19.52
137,36.06,36.06
138,32.49,32.49
139,34.54,34.54
140,33.36,33.36
141,26.78,26.78
142,25.87,25.87
143,23.05,23.05
144,30.19,30.19
145,29.41,29.41
146,29.21,29.21
147,24.47,24.47
148,26.38,26.38
149,24.75,24.75
150,22.48,22.48
151,21.75,21.75
152,18.88,18.88
153,16.17,16.17
154,12.69,12.69
155,6.38,6.38
156,3.36,3.36
157,1.43,1.43
158,0.9,0.9
159,1.5,1.5
160,4.17,4.17
161,11.66,11.66
162,15.87,15.87
163,16.13,16.13
164,15.22,15.22
165,15.48,15.48
166,8.21,8.21
167,5.61,5.61
168,3.81,3.81
169,1.82,1.82
170,1.4,1.4
171,1.85,1.85
172,3.95,3.95
173,9.48,9.48
174,18.71,18.71
175,23.96,23.96
176,18.63,18.63
177,13.49,13.49
178,12.95,12.95
179,12.63,12.63
180,11.32,11.32
181,10.97,10.97
182,10.65,10.65
183,11.18,11.18
184,14.43,14.43
185,25.19,25.19
186,28.71,28.71
187,20.15,20.15
188,17.61,17.61
189,15.07,15.07
190,12.47,12.47
191,9.52,9.52
192,14.77,14.77
193,13.82,13.82
194,13.92,13.92
195,13.86,13.86
196,16.27,16.27
197,18.48,18.48
198,28.16,28.16
199,35.77,35.77
200,24.27,24.27
201,17.61,17.61
202,14.33,14.33
203,12.01,12.01
204,10.84,10.84
205,13.25,13.25
206,14.13,14.13
207,15.33,15.33
208,18.31,18.31
209,59.63,59.63
210,61.53,61.53
211,42.78,42.78
212,27.98,27.98
213,23.29,23.29
214,19.18,19.18
215,19.01,19.01
216,19.1,19.1
217,17.74,17.74
218,17.64,17.64
219,17.76,17.76
220,18.3,18.3
221,23.58,23.58
222,31.61,31.61
223,29.68,29.68
224,22.39,22.39
225,17.84,17.84
226,14.93,14.93
227,8.15,8.15
228,5.61,5.61
229,5.61,5.61
230,6.59,6.59
231,12.64,12.64
232,19.76,19.76
233,52.58,52.58
234,43.04,43.04
235,39.01,39.01
236,31.91,31.91
237,25.09,25.09
238,19.72,19.72
239,19.79,19.79
240,20.04,20.04
241,19.52,19.52
242,18.35,18.35
243,17.42,17.42
244,17.21,17.21
245,20.01,20.01
246,28.32,28.32
247,27.5,27.5
248,23.03,23.03
249,17.59,17.59
250,15.4,15.4
251,9.49,9.49
252,6.2,6.2
253,6.25,6.25
254,6.35,6.35
255,6.8,6.8
256,11.52,11.52
257,20.47,20.47
258,21.95,21.95
259,20.01,20.01
260,18.43,18.43
261,17.08,17.08
262,12.51,12.51
263,10.16,10.16
264,6.26,6.26
265,4.36,4.36
266,3.87,3.87
267,3.37,3.37
268,7.24,7.24
269,16.67,16.67
270,21.95,21.95
271,25.47,25.47
272,23.65,23.65
273,18.36,18.36
274,16.68,16.68
275,14.6,14.6
276,10.31,10.31
277,10.63,10.63
278,9.19,9.19
279,10.4,10.4
280,18.32,18.32
281,35.06,35.06
282,42.39,42.39
283,34.67,34.67
284,29.05,29.05
285,25.01,25.01
286,21.57,21.57
287,21.17,21.17
288,14.99,14.99
289,12.98,12.98
290,9.31,9.31
291,10.66,10.66
292,14.87,14.87
293,16.2,16.2
294,19.67,19.67
295,24.85,24.85
296,19.39,19.39
297,16.18,16.18
298,12.68,12.68
299,9.71,9.71
300,7.38,7.38
301,5.45,5.45
302,4.6,4.6
303,3.48,3.48
304,3.31,3.31
305,14.01,14.01
306,15.58,15.58
307,13.14,13.14
308,13.52,13.52
309,17.66,17.66
310,22.51,22.51
311,22.02,22.02
312,28.0,28.0
313,31.08,31.08
314,41.57,41.57
315,54.03,54.03
316,57.2,57.2
317,56.49,56.49
318,59.92,59.92
319,68.89,68.89
320,68.89,68.89
321,67.07,67.07
322,64.54,64.54
323,61.46,61.46
324,60.85,60.85
325,54.73,54.73
326,53.65,53.65
327,54.35,54.35
328,58.98,58.98
329,91.34,91.34
330,98.52,98.52
331,93.6,93.6
332,93.75,93.75
333,87.69,87.69
334,73.74,73.74
335,66.36,66.36
336,139.21,139.21
337,104.27,104.27
338,123.56,123.56
339,132.89,132.89
340,182.51,182.51
341,277.27,277.27
342,739.59,739.59
343,961.52,961.52
344,829.83,829.83
345,356.42,356.42
346,215.72,215.72
347,139.13,139.13
348,114.83,114.83
349,92.94,92.94
350,82.04,82.04
351,82.42,82.42
352,88.68,88.68
353,150.0,150.0
354,140.87,140.87
355,122.96,122.96
356,109.08,109.08
357,89.95,89.95
358,115.23,115.23
359,98.6,98.6
360,140.64,140.64
361,139.42,139.42
362,179.18,179.18
363,229.83,229.83
364,343.01,343.01
365,684.08,684.08
366,1268.4,1268.4
367,1836.98,1836.98
368,1331.09,1331.09
369,328.27,328.27
370,189.61,189.61
371,141.83,141.83
372,100.16,100.16
373,86.21,86.21
374,79.69,79.69
375,78.54,78.54
376,94.29,94.29
377,254.3,254.3
378,324.64,324.64
379,318.15,318.15
380,278.17,278.17
381,201.54,201.54
382,212.22,212.22
383,160.99,160.99
384,91.37,91.37
385,81.72,81.72
386,79.2,79.2
387,82.31,82.31
388,88.8,88.8
389,95.42,95.42
390,149.61,149.61
391,174.26,174.26
392,93.39,93.39
393,55.69,55.69
394,33.09,33.09
395,26.79,26.79
396,21.87,21.87
397,19.17,19.17
398,16.77,16.77
399,16.77,16.77
400,20.9,20.9
401,27.31,27.31
402,30.83,30.83
403,30.06,30.06
404,28.41,28.41
405,25.95,25.95
406,25.36,25.36
407,24.49,24.49
408,16.75,16.75
409,14.59,14.59
410,14.86,14.86
411,15.54,15.54
412,15.64,15.64
413,21.2,21.2
414,35.29,35.29
415,35.69,35.69
416,28.29,28.29
417,19.83,19.83
418,17.64,17.64
419,17.65,17.65
420,16.35,16.35
421,14.66,14.66
422,13.72,13.72
423,13.3,13.3
424,16.24,16.24
425,31.7,31.7
426,42.38,42.38
427,29.74,29.74
428,28.01,28.01
429,23.15,23.15
430,19.02,19.02
431,16.11,16.11
432,12.83,12.83
433,11.81,11.81
434,12.28,12.28
435,13.11,13.11
436,14.65,14.65
437,18.75,18.75
438,20.72,20.72
439,25.06,25.06
440,23.52,23.52
441,17.76,17.76
442,17.87,17.87
443,20.4,20.4
444,18.87,18.87
445,17.15,17.15
446,16.43,16.43
447,17.46,17.46
448,20.64,20.64
449,40.83,40.83
450,58.85,58.85
451,41.99,41.99
452,40.31,40.31
453,38.37,38.37
454,34.96,34.96
455,31.72,31.72
456,28.06,28.06
457,28.22,28.22
458,28.87,28.87
459,31.23,31.23
460,38.19,38.19
461,47.07,47.07
462,77.71,77.71
463,85.59,85.59
464,54.04,54.04
465,31.86,31.86
466,27.92,27.92
467,23.4,23.4
468,21.33,21.33
469,18.04,18.04
470,16.12,16.12
471,16.09,16.09
472,18.88,18.88
473,27.96,27.96
474,35.3,35.3
475,28.96,28.96
476,27.97,27.97
477,26.68,26.68
478,22.79,22.79
479,20.03,20.03
480,20.76,20.76
481,20.23,20.23
482,19.86,19.86
483,21.17,21.17
484,21.43,21.43
485,21.99,21.99
486,24.81,24.81
487,24.79,24.79
488,26.4,26.4
489,22.44,22.44
490,19.95,19.95
491,18.72,18.72
492,17.88,17.88
493,17.44,17.44
494,17.4,17.4
495,17.35,17.35
496,19.27,19.27
497,23.78,23.78
498,25.12,25.12
499,23.71,23.71
500,22.96,22.96
501,21.37,21.37
502,18.02,18.02
503,17.08,17.08
504,18.85,18.85
505,18.8,18.8
506,19.59,19.59
507,21.62,21.62
508,25.55,25.55
509,30.35,30.35
510,44.11,44.11
511,59.59,59.59
512,38.1,38.1
513,32.26,32.26
514,26.4,26.4
515,23.57,23.57
516,20.98,20.98
517,20.13,20.13
518,18.42,18.42
519,17.55,17.55
520,21.21,21.21
521,39.79,39.79
522,40.61,40.61
523,26.26,26.26
524,21.29,21.29
525,18.81,18.81
526,18.84,18.84
527,17.35,17.35
528,19.21,19.21
529,18.75,18.75
530,19.01,19.01
531,20.05,20.05
532,21.35,21.35
533,20.94,20.94
534,33.85,33.85
535,36.23,36.23
536,33.71,33.71
537,30.95,30.95
538,29.46,29.46
539,25.7,25.7
540,20.75,20.75
541,20.41,20.41
542,20.14,20.14
543,20.12,20.12
544,24.91,24.91
545,46.19,46.19
546,47.66,47.66
547,39.5,39.5
548,34.27,34.27
549,27.21,27.21
550,22.44,22.44
551,20.15,20.15
552,22.18,22.18
553,20.81,20.81
554,20.68,20.68
555,20.95,20.95
556,21.64,21.64
557,25.22,25.22
558,43.76,43.76
559,48.24,48.24
560,42.56,42.56
561,36.48,36.48
562,31.04,31.04
563,25.75,25.75
564,24.5,24.5
565,22.09,22.09
566,22.29,22.29
567,21.86,21.86
568,25.82,25.82
569,49.54,49.54
570,54.11,54.11
571,45.61,45.61
572,34.46,34.46
573,28.93,28.93
574,22.42,22.42
575,20.68,20.68
576,21.28,21.28
577,19.57,19.57
578,19.01,19.01
579,20.48,20.48
580,21.38,21.38
581,25.18,25.18
582,51.64,51.64
583,49.38,49.38
584,35.27,35.27
585,26.25,26.25
586,21.68,21.68
587,19.34,19.34
588,17.0,17.0
589,16.05,16.05
590,15.52,15.52
591,15.95,15.95
592,20.15,20.15
593,44.55,44.55
594,43.08,43.08
595,30.04,30.04
596,24.04,24.04
597,21.37,21.37
598,17.98,17.98
599,17.41,17.41
600,14.35,14.35
601,14.73,14.73
602,15.92,15.92
603,16.68,16.68
604,16.87,16.87
605,21.8,21.8
606,30.74,30.74
607,37.88,37.88
608,21.9,21.9
609,19.98,19.98
610,19.55,19.55
611,18.62,18.62
612,17.9,17.9
613,16.82,16.82
614,16.52,16.52
615,16.25,16.25
616,18.5,18.5
617,34.13,34.13
618,29.93,29.93
619,24.62,24.62
620,24.81,24.81
621,21.24,21.24
622,20.86,20.86
623,17.1,17.1
624,17.04,17.04
625,14.4,14.4
626,12.57,12.57
627,12.31,12.31
628,12.11,12.11
629,14.32,14.32
630,21.28,21.28
631,23.88,23.88
632,22.87,22.87
633,17.06,17.06
634,16.7,16.7
635,15.08,15.08
636,12.46,12.46
637,11.85,11.85
638,11.07,11.07
639,11.13,11.13
640,13.86,13.86
641,28.49,28.49
642,39.47,39.47
643,34.57,34.57
644,32.4,32.4
645,32.05,32.05
646,27.2,27.2
647,24.65,24.65
648,26.63,26.63
649,24.62,24.62
650,24.88,24.88
651,24.88,24.88
652,25.13,25.13
653,27.21,27.21
654,45.95,45.95
655,48.43,48.43
656,30.09,30.09
657,19.29,19.29
658,16.46,16.46
659,18.85,18.85
660,16.39,16.39
661,15.33,15.33
662,14.86,14.86
663,15.28,15.28
664,17.26,17.26
665,38.85,38.85
666,41.91,41.91
667,37.25,37.25
668,32.0,32.0
669,29.18,29.18
670,22.12,22.12
671,18.43,18.43
672,13.76,13.76
673,13.47,13.47
674,13.58,13.58
675,14.37,14.37
676,17.24,17.24
677,22.34,22.34
678,41.98,41.98
679,38.1,38.1
680,23.33,23.33
681,16.35,16.35
682,16.56,16.56
683,18.46,18.46
684,16.53,16.53
685,15.66,15.66
686,15.58,15.58
687,14.15,14.15
688,16.4,16.4
689,39.74,39.74
690,40.92,40.92
691,29.3,29.3
692,27.57,27.57
693,23.64,23.64
694,19.21,19.21
695,18.64,18.64
696,18.78,18.78
697,16.29,16.29
698,15.79,15.79
699,16.11,16.11
700,17.77,17.77
701,20.2,20.2
702,27.08,27.08
703,29.63,29.63
704,19.35,19.35
705,15.16,15.16
706,14.77,14.77
707,15.51,15.51
708,14.98,14.98
709,14.59,14.59
710,14.03,14.03
711,14.41,14.41
712,16.44,16.44
713,32.4,32.4
714,36.0,36.0
715,26.59,26.59
716,25.67,25.67
717,23.57,23.57
718,20.11,20.11
719,19.53,19.53
720,17.45,17.45
721,17.44,17.44
722,17.41,17.41
723,17.65,17.65
724,19.81,19.81
725,24.59,24.59
726,45.72,45.72
727,38.45,38.45
728,20.56,20.56
729,16.62,16.62
730,14.62,14.62
731,16.27,16.27
732,14.96,14.96
733,13.17,13.17
734,12.21,12.21
735,13.06,13.06
736,13.43,13.43
737,26.08,26.08
738,21.69,21.69
739,17.58,17.58
740,15.63,15.63
741,14.11,14.11
742,12.41,12.41
743,9.69,9.69
744,10.71,10.71
745,10.35,10.35
746,10.83,10.83
747,11.31,11.31
748,15.16,15.16
749,17.09,17.09
750,22.31,22.31
751,25.59,25.59
752,18.71,18.71
753,14.15,14.15
754,11.25,11.25
755,11.18,11.18
756,10.82,10.82
757,10.81,10.81
758,10.81,10.81
759,11.09,11.09
760,12.59,12.59
761,25.38,25.38
762,23.77,23.77
763,17.18,17.18
764,14.81,14.81
765,13.12,13.12
766,14.45,14.45
767,11.25,11.25
768,10.1,10.1
769,9.12,9.12
770,9.13,9.13
771,10.63,10.63
772,14.61,14.61
773,17.38,17.38
774,20.9,20.9
775,23.9,23.9
776,18.42,18.42
777,14.32,14.32
778,13.08,13.08
779,13.39,13.39
780,14.18,14.18
781,13.26,13.26
782,13.07,13.07
783,14.29,14.29
784,14.54,14.54
785,21.39,21.39
786,22.12,22.12
787,18.57,18.57
788,18.87,18.87
789,18.21,18.21
790,19.89,19.89
791,16.37,16.37
792,12.07,12.07
793,9.0,9.0
794,6.13,6.13
795,5.31,5.31
796,7.01,7.01
797,8.86,8.86
798,12.22,12.22
799,15.85,15.85
800,13.91,13.91
801,9.5,9.5
802,7.36,7.36
803,4.98,4.98
804,3.24,3.24
805,2.91,2.91
806,3.32,3.32
807,3.39,3.39
808,9.76,9.76
809,23.11,23.11
810,29.99,29.99
811,20.35,20.35
812,16.82,16.82
813,13.04,13.04
814,10.78,10.78
815,11.36,11.36
816,12.58,12.58
817,10.04,10.04
818,7.36,7.36
819,5.86,5.86
820,7.47,7.47
821,8.76,8.76
822,12.02,12.02
823,14.96,14.96
824,10.47,10.47
825,7.38,7.38
826,5.42,5.42
827,4.93,4.93
828,4.04,4.04
829,2.8,2.8
830,3.15,3.15
831,2.67,2.67
832,5.14,5.14
833,12.41,12.41
834,27.5,27.5
835,21.05,21.05
836,17.92,17.92
837,17.11,17.11
838,13.95,13.95
839,11.21,11.21
840,8.4,8.4
841,7.65,7.65
842,8.48,8.48
843,10.39,10.39
844,13.07,13.07
845,16.14,16.14
846,24.41,24.41
847,29.21,29.21
848,22.54,22.54
849,18.16,18.16
850,16.82,16.82
851,14.56,14.56
852,13.39,13.39
853,13.12,13.12
854,13.06,13.06
855,12.92,12.92
856,14.2,14.2
857,32.76,32.76
858,49.43,49.43
859,34.28,34.28
860,32.36,32.36
861,25.41,25.41
862,20.16,20.16
863,19.17,19.17
864,19.74,19.74
865,19.14,19.14
866,19.22,19.22
867,19.56,19.56
868,22.24,22.24
869,27.26,27.26
870,62.37,62.37
871,45.11,45.11
872,20.71,20.71
873,16.68,16.68
874,12.93,12.93
875,12.46,12.46
876,11.5,11.5
877,10.78,10.78
878,10.3,10.3
879,10.6,10.6
880,12.31,12.31
881,19.36,19.36
882,19.75,19.75
883,15.99,15.99
884,13.54,13.54
885,13.12,13.12
886,12.92,12.92
887,11.98,11.98
888,9.72,9.72
889,8.81,8.81
890,8.67,8.67
891,9.3,9.3
892,12.61,12.61
893,21.52,21.52
894,27.61,27.61
895,22.91,22.91
896,18.19,18.19
897,11.71,11.71
898,7.84,7.84
899,4.2,4.2
900,3.78,3.78
901,4.58,4.58
902,5.05,5.05
903,5.34,5.34
904,9.17,9.17
905,16.24,16.24
906,16.99,16.99
907,16.3,16.3
908,17.21,17.21
909,14.98,14.98
910,15.04,15.04
911,11.52,11.52
912,9.39,9.39
913,5.32,5.32
914,4.57,4.57
915,7.14,7.14
916,9.31,9.31
917,15.53,15.53
918,21.48,21.48
919,23.45,23.45
920,14.81,14.81
921,9.53,9.53
922,9.69,9.69
923,10.03,10.03
924,10.56,10.56
925,12.05,12.05
926,12.16,12.16
927,14.28,14.28
928,14.97,14.97
929,31.49,31.49
930,31.2,31.2
931,19.24,19.24
932,16.1,16.1
933,12.46,12.46
934,13.04,13.04
935,14.05,14.05
936,10.86,10.86
937,9.45,9.45
938,9.24,9.24
939,9.46,9.46
940,12.4,12.4
941,17.3,17.3
942,17.68,17.68
943,18.28,18.28
944,16.09,16.09
945,15.92,15.92
946,12.43,12.43
947,10.84,10.84
948,10.51,10.51
949,10.89,10.89
950,13.48,13.48
951,16.58,16.58
952,18.07,18.07
953,37.14,37.14
954,44.06,44.06
955,29.77,29.77
956,29.88,29.88
957,25.2,25.2
958,24.61,24.61
959,19.5,19.5
960,19.98,19.98
961,17.01,17.01
962,15.11,15.11
963,12.98,12.98
964,11.93,11.93
965,13.43,13.43
966,12.45,12.45
967,15.12,15.12
968,13.34,13.34
969,12.76,12.76
970,13.1,13.1
971,12.51,12.51
972,12.07,12.07
973,12.25,12.25
974,11.21,11.21
975,11.49,11.49
976,13.77,13.77
977,26.92,26.92
978,29.63,29.63
979,19.82,19.82
980,17.52,17.52
981,15.24,15.24
982,15.72,15.72
983,14.67,14.67
984,17.83,17.83
985,16.37,16.37
986,15.21,15.21
987,15.13,15.13
988,15.04,15.04
989,16.75,16.75
990,15.41,15.41
991,17.63,17.63
992,17.42,17.42
993,14.01,14.01
994,12.36,12.36
995,11.25,11.25
996,10.3,10.3
997,9.96,9.96
998,8.48,8.48
999,8.31,8.31
1000,10.81,10.81
1001,19.64,19.64
1002,28.85,28.85
1003,20.16,20.16
1004,19.42,19.42
1005,15.85,15.85
1006,14.97,14.97
1007,14.23,14.23
1008,15.29,15.29
1009,12.81,12.81
1010,13.03,13.03
1011,15.3,15.3
1012,17.5,17.5
1013,19.3,19.3
1014,29.36,29.36
1015,35.13,35.13
1016,19.86,19.86
1017,13.16,13.16
1018,11.21,11.21
1019,10.64,10.64
1020,9.53,9.53
1021,9.09,9.09
1022,8.95,8.95
1023,9.31,9.31
1024,11.1,11.1
1025,25.86,25.86
1026,53.3,53.3
1027,45.65,45.65
1028,36.03,36.03
1029,27.1,27.1
1030,18.48,18.48
1031,17.46,17.46
1032,17.96,17.96
1033,16.73,16.73
1034,16.25,16.25
1035,15.94,15.94
1036,16.69,16.69
1037,21.29,21.29
1038,33.23,33.23
1039,25.85,25.85
1040,17.06,17.06
1041,12.63,12.63
1042,12.46,12.46
1043,11.01,11.01
1044,9.01,9.01
1045,7.44,7.44
1046,5.47,5.47
1047,5.1,5.1
1048,9.25,9.25
1049,20.04,20.04
1050,24.21,24.21
1051,16.55,16.55
1052,15.07,15.07
1053,12.09,12.09
1054,9.14,9.14
1055,8.47,8.47
1056,6.27,6.27
1057,4.63,4.63
1058,4.79,4.79
1059,6.25,6.25
1060,8.48,8.48
1061,13.52,13.52
1062,21.24,21.24
1063,20.65,20.65
1064,13.15,13.15
1065,8.18,8.18
1066,4.57,4.57
1067,3.02,3.02
1068,2.52,2.52
1069,2.45,2.45
1070,2.69,2.69
1071,3.68,3.68
1072,9.33,9.33
1073,16.89,16.89
1074,21.71,21.71
1075,15.57,15.57
1076,14.02,14.02
1077,10.15,10.15
1078,9.16,9.16
1079,11.31,11.31
1080,10.82,10.82
1081,10.61,10.61
1082,11.33,11.33
1083,12.67,12.67
1084,13.93,13.93
1085,13.35,13.35
1086,25.0,25.0
1087,28.6,28.6
1088,18.89,18.89
1089,14.02,14.02
1090,14.21,14.21
1091,12.93,12.93
1092,11.91,11.91
1093,11.12,11.12
1094,11.08,11.08
1095,14.03,14.03
1096,16.59,16.59
1097,24.01,24.01
1098,23.27,23.27
1099,14.57,14.57
1100,11.61,11.61
1101,11.78,11.78
1102,10.82,10.82
1103,8.55,8.55
1104,5.1,5.1
1105,4.24,4.24
1106,4.36,4.36
1107,5.7,5.7
1108,7.96,7.96
1109,10.31,10.31
1110,16.57,16.57
1111,16.16,16.16
1112,14.25,14.25
1113,12.64,12.64
1114,10.15,10.15
1115,10.03,10.03
1116,9.03,9.03
1117,8.55,8.55
1118,8.16,8.16
1119,8.13,8.13
1120,8.93,8.93
1121,16.21,16.21
1122,17.43,17.43
1123,14.72,14.72
1124,13.58,13.58
1125,12.59,12.59
1126,10.63,10.63
1127,9.45,9.45
1128,12.13,12.13
1129,9.94,9.94
1130,9.2,9.2
1131,9.55,9.55
1132,9.84,9.84
1133,10.04,10.04
1134,13.64,13.64
1135,16.91,16.91
1136,14.14,14.14
1137,12.22,12.22
1138,10.6,10.6
1139,10.09,10.09
1140,10.23,10.23
1141,8.75,8.75
1142,8.8,8.8
1143,9.38,9.38
1144,10.32,10.32
1145,22.83,22.83
1146,47.09,47.09
1147,37.58,37.58
1148,41.42,41.42
1149,37.84,37.84
1150,24.87,24.87
1151,19.78,19.78
1152,21.64,21.64
1153,20.47,20.47
1154,19.23,19.23
1155,21.09,21.09
1156,22.78,22.78
1157,25.8,25.8
1158,34.03,34.03
1159,33.34,33.34
1160,19.35,19.35
1161,15.47,15.47
1162,13.71,13.71
1163,13.8,13.8
1164,12.26,12.26
1165,9.74,9.74
1166,8.89,8.89
1167,8.67,8.67
1168,8.97,8.97
1169,20.03,20.03
1170,36.19,36.19
1171,19.85,19.85
1172,16.25,16.25
1173,12.26,12.26
1174,10.93,10.93
1175,11.28,11.28
1176,10.88,10.88
1177,11.35,11.35
1178,12.16,12.16
1179,12.17,12.17
1180,12.27,12.27
1181,15.87,15.87
1182,23.59,23.59
1183,21.41,21.41
1184,11.63,11.63
1185,9.2,9.2
1186,10.03,10.03
1187,9.57,9.57
1188,9.16,9.16
1189,8.06,8.06
1190,7.8,7.8
1191,8.11,8.11
1192,9.32,9.32
1193,26.55,26.55
1194,43.98,43.98
1195,23.13,23.13
1196,19.17,19.17
1197,14.82,14.82
1198,12.13,12.13
1199,12.23,12.23
1200,11.69,11.69
1201,10.74,10.74
1202,10.27,10.27
1203,10.15,10.15
1204,10.86,10.86
1205,14.08,14.08
1206,23.64,23.64
1207,20.42,20.42
1208,10.64,10.64
1209,9.63,9.63
1210,9.33,9.33
1211,10.26,10.26
1212,9.08,9.08
1213,7.55,7.55
1214,6.36,6.36
1215,6.99,6.99
1216,7.7,7.7
1217,24.66,24.66
1218,30.88,30.88
1219,14.53,14.53
1220,11.81,11.81
1221,9.51,9.51
1222,10.1,10.1
1223,9.33,9.33
1224,5.11,5.11
1225,4.5,4.5
1226,3.58,3.58
1227,3.54,3.54
1228,5.58,5.58
1229,11.89,11.89
1230,22.13,22.13
1231,21.12,21.12
1232,9.39,9.39
1233,8.44,8.44
1234,8.02,8.02
1235,8.15,8.15
1236,8.37,8.37
1237,8.51,8.51
1238,8.08,8.08
1239,7.83,7.83
1240,9.3,9.3
1241,14.17,14.17
1242,19.35,19.35
1243,15.75,15.75
1244,13.82,13.82
1245,10.61,10.61
1246,8.85,8.85
1247,7.77,7.77
1248,4.77,4.77
1249,3.62,3.62
1250,3.52,3.52
1251,3.85,3.85
1252,5.24,5.24
1253,9.37,9.37
1254,18.09,18.09
1255,18.02,18.02
1256,10.55,10.55
1257,8.71,8.71
1258,8.76,8.76
1259,9.38,9.38
1260,10.2,10.2
1261,11.95,11.95
1262,13.05,13.05
1263,11.99,11.99
1264,12.69,12.69
1265,26.09,26.09
1266,49.51,49.51
1267,22.19,22.19
1268,16.78,16.78
1269,14.4,14.4
1270,12.6,12.6
1271,14.61,14.61
1272,10.39,10.39
1273,10.71,10.71
1274,10.24,10.24
1275,10.17,10.17
1276,11.19,11.19
1277,12.98,12.98
1278,23.86,23.86
1279,28.17,28.17
1280,13.19,13.19
1281,10.95,10.95
1282,10.3,10.3
1283,10.31,10.31
1284,10.34,10.34
1285,10.52,10.52
1286,11.18,11.18
1287,12.17,12.17
1288,14.17,14.17
1289,39.35,39.35
1290,56.74,56.74
1291,39.82,39.82
1292,30.95,30.95
1293,22.11,22.11
1294,14.87,14.87
1295,14.28,14.28
1296,17.57,17.57
1297,16.13,16.13
1298,15.49,15.49
1299,14.02,14.02
1300,14.43,14.43
1301,15.52,15.52
1302,19.95,19.95
1303,17.92,17.92
1304,11.33,11.33
1305,8.28,8.28
1306,7.36,7.36
1307,6.23,6.23
1308,6.15,6.15
1309,6.21,6.21
1310,7.53,7.53
1311,6.83,6.83
1312,6.35,6.35
1313,17.55,17.55
1314,21.11,21.11
1315,12.94,12.94
1316,9.66,9.66
1317,8.14,8.14
1318,6.85,6.85
1319,8.13,8.13
1320,6.63,6.63
1321,4.12,4.12
1322,2.94,2.94
1323,2.4,2.4
1324,4.77,4.77
1325,6.52,6.52
1326,9.83,9.83
1327,8.88,8.88
1328,5.04,5.04
1329,3.03,3.03
1330,3.02,3.02
1331,3.51,3.51
1332,5.5,5.5
1333,6.97,6.97
1334,7.78,7.78
1335,8.12,8.12
1336,10.46,10.46
1337,32.79,32.79
1338,59.2,59.2
1339,30.7,30.7
1340,19.55,19.55
1341,16.33,16.33
1342,13.83,13.83
1343,10.57,10.57
1344,10.75,10.75
1345,7.98,7.98
1346,7.43,7.43
1347,6.38,6.38
1348,6.74,6.74
1349,9.73,9.73
1350,15.58,15.58
1351,13.84,13.84
1352,8.6,8.6
1353,7.67,7.67
1354,9.49,9.49
1355,10.23,10.23
1356,12.18,12.18
1357,14.56,14.56
1358,15.15,15.15
1359,18.97,18.97
1360,25.39,25.39
1361,47.65,47.65
1362,47.79,47.79
1363,23.35,23.35
1364,18.78,18.78
1365,16.51,16.51
1366,11.2,11.2
1367,11.18,11.18
1368,11.37,11.37
1369,8.22,8.22
1370,6.59,6.59
1371,4.79,4.79
1372,5.71,5.71
1373,9.92,9.92
1374,16.78,16.78
1375,14.35,14.35
1376,11.27,11.27
1377,9.33,9.33
1378,10.21,10.21
1379,11.66,11.66
1380,13.18,13.18
1381,18.35,18.35
1382,19.9,19.9
1383,23.39,23.39
1384,27.79,27.79
1385,37.12,37.12
1386,39.43,39.43
1387,22.13,22.13
1388,18.21,18.21
1389,15.68,15.68
1390,13.43,13.43
1391,10.92,10.92
1392,11.14,11.14
1393,8.31,8.31
1394,7.76,7.76
1395,6.52,6.52
1396,8.29,8.29
1397,11.32,11.32
1398,18.94,18.94
1399,17.93,17.93
1400,15.3,15.3
1401,14.92,14.92
1402,12.88,12.88
1403,12.87,12.87
1404,13.67,13.67
1405,13.04,13.04
1406,14.15,14.15
1407,16.68,16.68
1408,17.89,17.89
1409,29.79,29.79
1410,34.87,34.87
1411,28.43,28.43
1412,24.49,24.49
1413,21.74,21.74
1414,20.07,20.07
1415,16.9,16.9
1416,15.49,15.49
1417,15.32,15.32
1418,16.09,16.09
1419,15.89,15.89
1420,17.69,17.69
1421,22.65,22.65
1422,44.43,44.43
1423,40.39,40.39
1424,29.43,29.43
1425,20.6,20.6
1426,17.21,17.21
1427,15.19,15.19
1428,12.34,12.34
1429,11.85,11.85
1430,11.43,11.43
1431,10.88,10.88
1432,13.17,13.17
1433,24.36,24.36
1434,40.93,40.93
1435,24.88,24.88
1436,19.86,19.86
1437,16.65,16.65
1438,15.21,15.21
1439,14.49,14.49
1440,14.31,14.31
1441,13.06,13.06
1442,11.96,11.96
1443,11.59,11.59
1444,13.37,13.37
1445,18.56,18.56
1446,38.66,38.66
1447,27.65,27.65
1448,17.26,17.26
1449,13.71,13.71
1450,12.41,12.41
1451,11.58,11.58
1452,11.24,11.24
1453,10.69,10.69
1454,9.63,9.63
1455,9.17,9.17
1456,10.36,10.36
1457,26.11,26.11
1458,48.6,48.6
1459,19.93,19.93
1460,16.56,16.56
1461,13.93,13.93
1462,13.44,13.44
1463,13.0,13.0
1464,11.36,11.36
1465,10.22,10.22
1466,9.91,9.91
1467,10.04,10.04
1468,12.05,12.05
1469,15.99,15.99
1470,20.34,20.34
1471,19.98,19.98
1472,15.27,15.27
1473,11.55,11.55
1474,11.42,11.42
1475,12.67,12.67
1476,11.08,11.08
1477,9.82,9.82
1478,10.3,10.3
1479,10.44,10.44
1480,14.77,14.77
1481,29.96,29.96
1482,48.5,48.5
1483,23.35,23.35
1484,15.12,15.12
1485,12.36,12.36
1486,12.62,12.62
1487,11.1,11.1
1488,9.61,9.61
1489,8.25,8.25
1490,6.36,6.36
1491,6.38,6.38
1492,7.51,7.51
1493,10.85,10.85
1494,13.37,13.37
1495,15.12,15.12
1496,12.99,12.99
1497,11.39,11.39
1498,10.61,10.61
1499,8.74,8.74
1500,8.96,8.96
1501,10.6,10.6
1502,12.12,12.12
1503,12.46,12.46
1504,17.17,17.17
1505,35.69,35.69
1506,45.06,45.06
1507,26.79,26.79
1508,17.69,17.69
1509,15.88,15.88
1510,12.52,12.52
1511,11.69,11.69
1512,10.14,10.14
1513,8.21,8.21
1514,6.76,6.76
1515,6.93,6.93
1516,10.23,10.23
1517,12.52,12.52
1518,18.44,18.44
1519,17.67,17.67
1520,17.05,17.05
1521,17.12,17.12
1522,17.79,17.79
1523,18.75,18.75
1524,24.14,24.14
1525,27.23,27.23
1526,29.78,29.78
1527,30.87,30.87
1528,37.69,37.69
1529,92.45,92.45
1530,142.05,142.05
1531,92.18,92.18
1532,38.44,38.44
1533,26.65,26.65
1534,19.07,19.07
1535,16.95,16.95
1536,13.16,13.16
1537,13.77,13.77
1538,13.57,13.57
1539,15.23,15.23
1540,15.62,15.62
1541,18.26,18.26
1542,31.07,31.07
1543,23.39,23.39
1544,15.98,15.98
1545,16.72,16.72
1546,18.27,18.27
1547,20.13,20.13
1548,24.13,24.13
1549,26.87,26.87
1550,29.66,29.66
1551,31.54,31.54
1552,45.04,45.04
1553,224.86,224.86
1554,247.11,247.11
1555,110.0,110.0
1556,47.17,47.17
1557,34.58,34.58
1558,21.45,21.45
1559,19.24,19.24
1560,14.21,14.21
1561,13.58,13.58
1562,14.07,14.07
1563,15.57,15.57
1564,17.16,17.16
1565,21.79,21.79
1566,45.49,45.49
1567,36.73,36.73
1568,22.49,22.49
1569,19.22,19.22
1570,18.03,18.03
1571,17.43,17.43
1572,18.29,18.29
1573,19.1,19.1
1574,19.65,19.65
1575,23.03,23.03
1576,30.01,30.01
1577,63.03,63.03
1578,68.02,68.02
1579,32.13,32.13
1580,22.73,22.73
1581,18.83,18.83
1582,14.03,14.03
1583,15.2,15.2
1584,10.9,10.9
1585,10.3,10.3
1586,10.51,10.51
1587,10.59,10.59
1588,10.34,10.34
1589,14.51,14.51
1590,22.55,22.55
1591,19.67,19.67
1592,20.52,20.52
1593,15.92,15.92
1594,15.14,15.14
1595,14.43,14.43
1596,13.36,13.36
1597,13.61,13.61
1598,14.05,14.05
1599,15.42,15.42
1600,17.33,17.33
1601,27.46,27.46
1602,37.1,37.1
1603,29.99,29.99
1604,21.73,21.73
1605,19.99,19.99
1606,17.98,17.98
1607,15.89,15.89
1608,22.0,22.0
1609,17.67,17.67
1610,16.68,16.68
1611,15.13,15.13
1612,15.43,15.43
1613,18.71,18.71
1614,27.52,27.52
1615,21.44,21.44
1616,14.4,14.4
1617,12.04,12.04
1618,10.77,10.77
1619,11.17,11.17
1620,10.73,10.73
1621,11.17,11.17
1622,12.93,12.93
1623,15.07,15.07
1624,19.56,19.56
1625,26.44,26.44
1626,30.6,30.6
1627,24.5,24.5
1628,16.49,16.49
1629,13.88,13.88
1630,11.77,11.77
1631,12.29,12.29
1632,6.21,6.21
1633,4.91,4.91
1634,3.6,3.6
1635,4.91,4.91
1636,7.62,7.62
1637,11.16,11.16
1638,15.7,15.7
1639,16.09,16.09
1640,10.22,10.22
1641,8.39,8.39
1642,9.15,9.15
1643,9.54,9.54
1644,9.17,9.17
1645,7.81,7.81
1646,8.51,8.51
1647,9.8,9.8
1648,12.21,12.21
1649,28.65,28.65
1650,92.55,92.55
1651,73.89,73.89
1652,64.69,64.69
1653,48.72,48.72
1654,28.23,28.23
1655,21.76,21.76
1656,25.48,25.48
1657,22.79,22.79
1658,22.53,22.53
1659,21.77,21.77
1660,25.77,25.77
1661,42.21,42.21
1662,45.95,45.95
1663,47.9,47.9
1664,22.13,22.13
1665,14.64,14.64
1666,13.47,13.47
1667,12.44,12.44
1668,11.66,11.66
1669,11.22,11.22
1670,11.89,11.89
1671,13.71,13.71
1672,17.61,17.61
1673,32.79,32.79
1674,65.47,65.47
1675,43.24,43.24
1676,23.48,23.48
1677,16.71,16.71
1678,13.17,13.17
1679,10.95,10.95
1680,10.11,10.11
1681,9.17,9.17
1682,11.44,11.44
1683,12.4,12.4
1684,14.71,14.71
1685,27.19,27.19
1686,34.92,34.92
1687,26.25,26.25
1688,17.35,17.35
1689,11.62,11.62
1690,10.75,10.75
1691,9.95,9.95
1692,9.66,9.66
1693,9.15,9.15
1694,8.87,8.87
1695,10.19,10.19
1696,13.63,13.63
1697,21.94,21.94
1698,36.37,36.37
1699,20.0,20.0
1700,15.23,15.23
1701,10.53,10.53
1702,8.15,8.15
1703,7.51,7.51
1704,5.12,5.12
1705,3.3,3.3
1706,4.1,4.1
1707,6.11,6.11
1708,9.63,9.63
1709,16.17,16.17
1710,16.93,16.93
1711,14.28,14.28
1712,12.67,12.67
1713,8.18,8.18
1714,7.1,7.1
1715,7.23,7.23
1716,9.31,9.31
1717,11.5,11.5
1718,13.68,13.68
1719,14.4,14.4
1720,14.52,14.52
1721,27.36,27.36
1722,51.63,51.63
1723,27.69,27.69
1724,15.96,15.96
1725,11.33,11.33
1726,10.02,10.02
1727,6.12,6.12
1728,4.94,4.94
1729,3.25,3.25
1730,2.66,2.66
1731,4.54,4.54
1732,9.02,9.02
1733,14.66,14.66
1734,15.6,15.6
1735,16.79,16.79
1736,14.4,14.4
1737,12.18,12.18
1738,13.23,13.23
1739,13.36,13.36
1740,14.15,14.15
1741,20.83,20.83
1742,25.63,25.63
1743,26.0,26.0
1744,27.64,27.64
1745,28.35,28.35
1746,54.98,54.98
1747,41.76,41.76
1748,25.21,25.21
1749,18.85,18.85
1750,17.98,17.98
1751,14.32,14.32
1752,14.06,14.06
1753,13.66,13.66
1754,14.44,14.44
1755,14.6,14.6
1756,16.74,16.74
1757,28.04,28.04
1758,31.12,31.12
1759,27.81,27.81
1760,20.01,20.01
1761,18.43,18.43
1762,21.54,21.54
1763,27.62,27.62
1764,30.97,30.97
1765,31.56,31.56
1766,36.64,36.64
1767,45.83,45.83
1768,47.25,47.25
1769,78.47,78.47
1770,102.95,102.95
1771,52.44,52.44
1772,23.42,23.42
1773,18.29,18.29
1774,13.58,13.58
1775,11.83,11.83
1776,9.18,9.18
1777,7.04,7.04
1778,5.85,5.85
1779,8.11,8.11
1780,9.04,9.04
1781,16.79,16.79
1782,16.16,16.16
1783,13.88,13.88
1784,14.11,14.11
1785,14.6,14.6
1786,14.49,14.49
1787,16.63,16.63
1788,16.7,16.7
1789,18.03,18.03
1790,19.84,19.84
1791,19.77,19.77
1792,21.56,21.56
1793,23.37,23.37
1794,34.88,34.88
1795,39.88,39.88
1796,32.97,32.97
1797,22.06,22.06
1798,18.94,18.94
1799,21.73,21.73
1800,19.52,19.52
1801,17.81,17.81
1802,19.42,19.42
1803,20.27,20.27
1804,19.89,19.89
1805,21.46,21.46
1806,23.52,23.52
1807,29.02,29.02
1808,33.02,33.02
1809,33.31,33.31
1810,27.66,27.66
1811,24.04,24.04
1812,20.51,20.51
1813,19.93,19.93
1814,22.55,22.55
1815,25.55,25.55
1816,39.81,39.81
1817,48.76,48.76
1818,58.95,58.95
1819,52.93,52.93
1820,41.8,41.8
1821,31.12,31.12
1822,23.26,23.26
1823,27.19,27.19
1824,20.33,20.33
1825,19.53,19.53
1826,18.98,18.98
1827,18.51,18.51
1828,18.88,18.88
1829,20.96,20.96
1830,21.2,21.2
1831,19.03,19.03
1832,16.61,16.61
1833,15.23,15.23
1834,13.42,13.42
1835,12.62,12.62
1836,12.66,12.66
1837,12.68,12.68
1838,13.85,13.85
1839,15.08,15.08
1840,20.44,20.44
1841,25.38,25.38
1842,51.58,51.58
1843,41.58,41.58
1844,26.49,26.49
1845,18.3,18.3
1846,15.53,15.53
1847,15.94,15.94
1848,14.52,14.52
1849,14.36,14.36
1850,13.84,13.84
1851,15.05,15.05
1852,21.32,21.32
1853,39.64,39.64
1854,46.82,46.82
1855,33.98,33.98
1856,19.77,19.77
1857,12.49,12.49
1858,11.72,11.72
1859,9.02,9.02
1860,8.54,8.54
1861,8.69,8.69
1862,8.73,8.73
1863,9.52,9.52
1864,14.17,14.17
1865,33.53,33.53
1866,95.34,95.34
1867,66.25,66.25
1868,45.08,45.08
1869,25.48,25.48
1870,17.84,17.84
1871,19.88,19.88
1872,18.09,18.09
1873,17.48,17.48
1874,16.47,16.47
1875,16.36,16.36
1876,20.2,20.2
1877,49.21,49.21
1878,49.77,49.77
1879,28.62,28.62
1880,18.14,18.14
1881,11.98,11.98
1882,10.68,10.68
1883,8.84,8.84
1884,7.33,7.33
1885,6.59,6.59
1886,7.99,7.99
1887,8.92,8.92
1888,11.78,11.78
1889,20.08,20.08
1890,45.24,45.24
1891,22.64,22.64
1892,16.61,16.61
1893,12.33,12.33
1894,10.77,10.77
1895,9.73,9.73
1896,7.99,7.99
1897,8.42,8.42
1898,10.25,10.25
1899,12.61,12.61
1900,16.45,16.45
1901,32.17,32.17
1902,35.59,35.59
1903,30.84,30.84
1904,23.25,23.25
1905,17.88,17.88
1906,18.18,18.18
1907,17.04,17.04
1908,17.39,17.39
1909,16.94,16.94
1910,18.52,18.52
1911,22.41,22.41
1912,30.94,30.94
1913,33.88,33.88
1914,76.11,76.11
1915,40.54,40.54
1916,20.67,20.67
1917,17.0,17.0
1918,14.62,14.62
1919,12.69,12.69
1920,12.31,12.31
1921,12.56,12.56
1922,15.19,15.19
1923,16.47,16.47
1924,23.08,23.08
1925,43.77,43.77
1926,52.87,52.87
1927,51.59,51.59
1928,32.93,32.93
1929,28.14,28.14
1930,25.42,25.42
1931,21.6,21.6
1932,19.52,19.52
1933,17.75,17.75
1934,17.69,17.69
1935,17.1,17.1
1936,20.89,20.89
1937,40.8,40.8
1938,119.07,119.07
1939,113.72,113.72
1940,69.13,69.13
1941,35.24,35.24
1942,27.91,27.91
1943,28.44,28.44
1944,24.35,24.35
1945,21.35,21.35
1946,19.32,19.32
1947,21.16,21.16
1948,23.38,23.38
1949,55.46,55.46
1950,45.49,45.49
1951,29.3,29.3
1952,17.55,17.55
1953,14.12,14.12
1954,12.46,12.46
1955,10.44,10.44
1956,9.24,9.24
1957,8.22,8.22
1958,8.74,8.74
1959,10.58,10.58
1960,13.08,13.08
1961,24.73,24.73
1962,70.42,70.42
1963,36.73,36.73
1964,22.38,22.38
1965,16.46,16.46
1966,15.18,15.18
1967,11.68,11.68
1968,10.35,10.35
1969,9.22,9.22
1970,12.87,12.87
1971,14.78,14.78
1972,17.47,17.47
1973,32.59,32.59
1974,39.73,39.73
1975,31.02,31.02
1976,17.25,17.25
1977,14.57,14.57
1978,14.57,14.57
1979,13.05,13.05
1980,9.28,9.28
1981,8.42,8.42
1982,9.13,9.13
1983,9.9,9.9
1984,11.24,11.24
1985,14.13,14.13
1986,25.02,25.02
1987,17.22,17.22
1988,13.08,13.08
1989,10.36,10.36
1990,7.27,7.27
1991,3.35,3.35
1992,2.71,2.71
1993,2.17,2.17
1994,1.64,1.64
1995,1.31,1.31
1996,1.19,1.19
1997,5.61,5.61
1998,8.05,8.05
1999,6.01,6.01
2000,5.74,5.74
2001,4.32,4.32
2002,4.6,4.6
2003,4.07,4.07
2004,3.55,3.55
2005,4.6,4.6
2006,5.47,5.47
2007,4.6,4.6
2008,7.94,7.94
2009,11.93,11.93
2010,21.93,21.93
2011,27.26,27.26
2012,21.6,21.6
2013,15.34,15.34
2014,12.85,12.85
2015,9.83,9.83
2016,8.5,8.5
2017,7.44,7.44
2018,6.8,6.8
2019,8.69,8.69
2020,10.3,10.3
2021,19.2,19.2
2022,24.4,24.4
2023,17.26,17.26
2024,11.44,11.44
2025,10.85,10.85
2026,10.18,10.18
2027,9.43,9.43
2028,9.11,9.11
2029,9.24,9.24
2030,10.17,10.17
2031,12.22,12.22
2032,13.22,13.22
2033,16.67,16.67
2034,35.86,35.86
2035,45.69,45.69
2036,37.63,37.63
2037,23.7,23.7
2038,18.43,18.43
2039,17.11,17.11
2040,16.68,16.68
2041,16.62,16.62
2042,18.85,18.85
2043,19.4,19.4
2044,31.29,31.29
2045,74.38,74.38
2046,81.53,81.53
2047,25.2,25.2
2048,11.68,11.68
2049,9.96,9.96
2050,9.59,9.59
2051,10.5,10.5
2052,10.7,10.7
2053,11.1,11.1
2054,11.37,11.37
2055,13.18,13.18
2056,14.86,14.86
2057,28.55,28.55
2058,85.62,85.62
2059,46.12,46.12
2060,25.85,25.85
2061,18.51,18.51
2062,16.01,16.01
2063,14.33,14.33
2064,12.96,12.96
2065,13.5,13.5
2066,13.12,13.12
2067,15.74,15.74
2068,19.23,19.23
2069,36.82,36.82
2070,42.97,42.97
2071,24.26,24.26
2072,13.48,13.48
2073,11.79,11.79
2074,10.52,10.52
2075,10.03,10.03
2076,8.79,8.79
2077,8.65,8.65
2078,8.64,8.64
2079,10.2,10.2
2080,12.7,12.7
2081,19.07,19.07
2082,47.38,47.38
2083,40.71,40.71
2084,21.68,21.68
2085,20.58,20.58
2086,18.32,18.32
2087,19.72,19.72
2088,20.29,20.29
2089,21.12,21.12
2090,21.58,21.58
2091,26.16,26.16
2092,32.4,32.4
2093,86.24,86.24
2094,77.04,77.04
2095,23.7,23.7
2096,15.88,15.88
2097,13.52,13.52
2098,12.25,12.25
2099,9.1,9.1
2100,7.63,7.63
2101,7.78,7.78
2102,7.4,7.4
2103,7.22,7.22
2104,8.11,8.11
2105,12.75,12.75
2106,30.6,30.6
2107,16.91,16.91
2108,11.9,11.9
2109,10.33,10.33
2110,8.04,8.04
2111,4.08,4.08
2112,0.83,0.83
2113,0.0,0.0
2114,0.0,0.0
2115,0.09,0.09
2116,3.05,3.05
2117,9.89,9.89
2118,11.15,11.15
2119,11.77,11.77
2120,7.02,7.02
2121,5.79,5.79
2122,5.92,5.92
2123,5.21,5.21
2124,7.39,7.39
2125,8.56,8.56
2126,8.39,8.39
2127,9.74,9.74
2128,14.2,14.2
2129,16.79,16.79
2130,25.79,25.79
2131,17.3,17.3
2132,14.13,14.13
2133,10.94,10.94
2134,9.86,9.86
2135,8.67,8.67
2136,5.7,5.7
2137,3.84,3.84
2138,2.09,2.09
2139,3.26,3.26
2140,6.11,6.11
2141,10.25,10.25
2142,12.13,12.13
2143,11.01,11.01
2144,10.18,10.18
2145,11.3,11.3
2146,12.88,12.88
2147,14.18,14.18
2148,16.01,16.01
2149,16.32,16.32
2150,20.28,20.28
2151,26.36,26.36
2152,33.26,33.26
2153,29.76,29.76
2154,31.15,31.15
2155,18.45,18.45
2156,16.02,16.02
2157,13.4,13.4
2158,10.78,10.78
2159,9.73,9.73
2160,7.2,7.2
2161,3.43,3.43
2162,2.12,2.12
2163,2.63,2.63
2164,4.96,4.96
2165,8.36,8.36
2166,10.02,10.02
2167,10.33,10.33
2168,10.33,10.33
2169,9.52,9.52
2170,10.12,10.12
2171,9.91,9.91
2172,10.03,10.03
2173,10.63,10.63
2174,12.38,12.38
2175,15.42,15.42
2176,20.41,20.41
2177,29.71,29.71
2178,39.93,39.93
2179,29.93,29.93
2180,19.05,19.05
2181,14.75,14.75
2182,12.86,12.86
2183,14.5,14.5
2184,11.56,11.56
2185,10.93,10.93
2186,8.99,8.99
2187,11.96,11.96
2188,15.72,15.72
2189,24.41,24.41
2190,33.02,33.02
2191,32.68,32.68
2192,34.24,34.24
2193,33.83,33.83
2194,37.81,37.81
2195,33.26,33.26
2196,31.33,31.33
2197,33.12,33.12
2198,33.58,33.58
2199,35.42,35.42
2200,39.98,39.98
2201,35.58,35.58
2202,48.89,48.89
2203,42.11,42.11
2204,27.44,27.44
2205,21.51,21.51
2206,17.47,17.47
2207,15.88,15.88
2208,14.45,14.45
2209,13.61,13.61
2210,13.48,13.48
2211,12.64,12.64
2212,12.78,12.78
2213,18.27,18.27
2214,16.37,16.37
2215,11.41,11.41
2216,9.3,9.3
2217,10.0,10.0
2218,11.35,11.35
2219,11.92,11.92
2220,13.21,13.21
2221,13.48,13.48
2222,14.07,14.07
2223,16.01,16.01
2224,15.08,15.08
2225,16.19,16.19
2226,29.59,29.59
2227,52.53,52.53
2228,47.47,47.47
2229,29.05,29.05
2230,22.35,22.35
2231,18.66,18.66
2232,15.64,15.64
2233,13.94,13.94
2234,13.12,13.12
2235,12.2,12.2
2236,14.75,14.75
2237,28.71,28.71
2238,21.47,21.47
2239,10.85,10.85
2240,8.24,8.24
2241,8.46,8.46
2242,6.98,6.98
2243,7.16,7.16
2244,7.94,7.94
2245,8.59,8.59
2246,10.31,10.31
2247,12.08,12.08
2248,14.07,14.07
2249,27.93,27.93
2250,158.09,158.09
2251,147.13,147.13
2252,81.44,81.44
2253,33.61,33.61
2254,19.82,19.82
2255,22.52,22.52
2256,17.18,17.18
2257,13.33,13.33
2258,11.55,11.55
2259,12.26,12.26
2260,14.47,14.47
2261,20.9,20.9
2262,18.99,18.99
2263,12.04,12.04
2264,9.29,9.29
2265,10.14,10.14
2266,10.51,10.51
2267,11.0,11.0
2268,12.17,12.17
2269,12.7,12.7
2270,15.04,15.04
2271,17.42,17.42
2272,19.42,19.42
2273,32.66,32.66
2274,67.73,67.73
2275,24.13,24.13
2276,16.13,16.13
2277,14.25,14.25
2278,11.62,11.62
2279,7.11,7.11
2280,2.91,2.91
2281,1.19,1.19
2282,0.76,0.76
2283,1.61,1.61
2284,7.29,7.29
2285,12.8,12.8
2286,12.31,12.31
2287,7.07,7.07
2288,3.37,3.37
2289,3.07,3.07
2290,3.47,3.47
2291,5.07,5.07
2292,7.02,7.02
2293,7.99,7.99
2294,9.14,9.14
2295,11.74,11.74
2296,10.99,10.99
2297,16.36,16.36
2298,28.75,28.75
2299,20.17,20.17
2300,14.26,14.26
2301,11.36,11.36
2302,9.36,9.36
2303,7.51,7.51
2304,2.66,2.66
2305,0.33,0.33
2306,0.21,0.21
2307,0.26,0.26
2308,1.87,1.87
2309,2.8,2.8
2310,3.72,3.72
2311,1.36,1.36
2312,1.11,1.11
2313,1.66,1.66
2314,2.48,2.48
2315,3.39,3.39
2316,5.34,5.34
2317,7.8,7.8
2318,9.64,9.64
2319,11.62,11.62
2320,12.45,12.45
2321,15.19,15.19
2322,31.18,31.18
2323,32.03,32.03
2324,20.22,20.22
2325,17.68,17.68
2326,12.92,12.92
2327,13.48,13.48
2328,13.09,13.09
2329,11.4,11.4
2330,11.04,11.04
2331,13.32,13.32
2332,14.91,14.91
2333,16.24,16.24
2334,16.93,16.93
2335,11.57,11.57
2336,6.77,6.77
2337,6.19,6.19
2338,7.39,7.39
2339,10.67,10.67
2340,13.74,13.74
2341,15.52,15.52
2342,15.08,15.08
2343,14.88,14.88
2344,17.51,17.51
2345,25.83,25.83
2346,138.71,138.71
2347,92.11,92.11
2348,34.11,34.11
2349,22.63,22.63
2350,16.3,16.3
2351,12.11,12.11
2352,8.94,8.94
2353,8.43,8.43
2354,8.81,8.81
2355,11.31,11.31
2356,14.94,14.94
2357,29.43,29.43
2358,29.04,29.04
2359,21.76,21.76
2360,17.64,17.64
2361,17.03,17.03
2362,15.75,15.75
2363,42.0,42.0
2364,99.88,99.88
2365,30.22,30.22
2366,16.36,16.36
2367,20.54,20.54
2368,25.05,25.05
2369,25.41,25.41
2370,60.67,60.67
2371,50.13,50.13
2372,26.63,26.63
2373,20.14,20.14
2374,17.26,17.26
2375,14.23,14.23
2376,11.82,11.82
2377,9.42,9.42
2378,9.67,9.67
2379,11.42,11.42
2380,15.09,15.09
2381,23.89,23.89
2382,22.97,22.97
2383,16.34,16.34
2384,13.64,13.64
2385,14.22,14.22
2386,15.66,15.66
2387,17.45,17.45
2388,20.51,20.51
2389,24.7,24.7
2390,27.99,27.99
2391,30.51,30.51
2392,34.25,34.25
2393,37.55,37.55
2394,64.59,64.59
2395,55.07,55.07
2396,29.94,29.94
2397,22.74,22.74
2398,21.67,21.67
2399,32.85,32.85
2400,21.59,21.59
2401,17.26,17.26
2402,14.36,14.36
2403,11.08,11.08
2404,13.9,13.9
2405,17.31,17.31
2406,16.58,16.58
2407,13.06,13.06
2408,11.48,11.48
2409,9.94,9.94
2410,10.66,10.66
2411,10.73,10.73
2412,11.21,11.21
2413,11.29,11.29
2414,11.09,11.09
2415,15.09,15.09
2416,16.88,16.88
2417,16.43,16.43
2418,48.83,48.83
2419,85.75,85.75
2420,43.85,43.85
2421,26.96,26.96
2422,24.15,24.15
2423,17.12,17.12
2424,14.88,14.88
2425,14.28,14.28
2426,14.87,14.87
2427,15.04,15.04
2428,17.5,17.5
2429,27.23,27.23
2430,21.71,21.71
2431,10.79,10.79
2432,7.94,7.94
2433,8.71,8.71
2434,9.97,9.97
2435,11.88,11.88
2436,14.13,14.13
2437,15.51,15.51
2438,16.53,16.53
2439,18.11,18.11
2440,22.37,22.37
2441,53.88,53.88
2442,230.6,230.6
2443,120.38,120.38
2444,31.1,31.1
2445,16.85,16.85
2446,13.5,13.5
2447,11.99,11.99
2448,9.88,9.88
2449,7.03,7.03
2450,6.85,6.85
2451,7.81,7.81
2452,10.87,10.87
2453,20.05,20.05
2454,18.18,18.18
2455,10.96,10.96
2456,8.99,8.99
2457,7.44,7.44
2458,7.85,7.85
2459,9.13,9.13
2460,11.55,11.55
2461,13.69,13.69
2462,15.97,15.97
2463,18.64,18.64
2464,18.89,18.89
2465,19.76,19.76
2466,32.43,32.43
2467,27.42,27.42
2468,19.05,19.05
2469,15.75,15.75
2470,11.6,11.6
2471,11.31,11.31
2472,8.63,8.63
2473,7.23,7.23
2474,6.52,6.52
2475,6.35,6.35
2476,6.74,6.74
2477,8.52,8.52
2478,8.75,8.75
2479,7.54,7.54
2480,5.46,5.46
2481,5.74,5.74
2482,6.5,6.5
2483,7.94,7.94
2484,9.36,9.36
2485,10.79,10.79
2486,13.55,13.55
2487,16.49,16.49
2488,19.74,19.74
2489,21.06,21.06
2490,31.26,31.26
2491,24.66,24.66
2492,16.31,16.31
2493,13.23,13.23
2494,12.24,12.24
2495,7.16,7.16
2496,5.38,5.38
2497,3.1,3.1
2498,2.58,2.58
2499,2.17,2.17
2500,4.09,4.09
2501,7.82,7.82
2502,8.66,8.66
2503,6.44,6.44
2504,5.42,5.42
2505,7.51,7.51
2506,11.12,11.12
2507,14.91,14.91
2508,12.83,12.83
2509,14.52,14.52
2510,16.76,16.76
2511,16.47,16.47
2512,27.17,27.17
2513,44.01,44.01
2514,84.4,84.4
2515,40.3,40.3
2516,20.0,20.0
2517,13.57,13.57
2518,9.27,9.27
2519,8.28,8.28
2520,5.62,5.62
2521,3.99,3.99
2522,4.41,4.41
2523,5.77,5.77
2524,9.7,9.7
2525,17.71,17.71
2526,16.8,16.8
2527,12.36,12.36
2528,10.62,10.62
2529,10.98,10.98
2530,12.58,12.58
2531,13.31,13.31
2532,15.29,15.29
2533,15.72,15.72
2534,15.2,15.2
2535,21.42,21.42
2536,19.31,19.31
2537,19.18,19.18
2538,21.19,21.19
2539,18.46,18.46
2540,14.07,14.07
2541,10.37,10.37
2542,8.54,8.54
2543,8.31,8.31
2544,7.21,7.21
2545,7.18,7.18
2546,6.97,6.97
2547,9.26,9.26
2548,12.73,12.73
2549,15.61,15.61
2550,15.37,15.37
2551,11.18,11.18
2552,9.02,9.02
2553,8.6,8.6
2554,10.56,10.56
2555,13.46,13.46
2556,18.04,18.04
2557,17.24,17.24
2558,19.43,19.43
2559,27.07,27.07
2560,37.84,37.84
2561,81.84,81.84
2562,272.84,272.84
2563,212.03,212.03
2564,88.38,88.38
2565,33.34,33.34
2566,23.16,23.16
2567,18.36,18.36
2568,15.88,15.88
2569,14.34,14.34
2570,13.59,13.59
2571,14.15,14.15
2572,15.4,15.4
2573,21.22,21.22
2574,22.6,22.6
2575,22.78,22.78
2576,25.05,25.05
2577,28.02,28.02
2578,29.9,29.9
2579,32.97,32.97
2580,49.34,49.34
2581,52.09,52.09
2582,62.4,62.4
2583,110.01,110.01
2584,129.93,129.93
2585,131.45,131.45
2586,246.45,246.45
2587,151.85,151.85
2588,29.34,29.34
2589,18.19,18.19
2590,13.15,13.15
2591,10.32,10.32
2592,6.71,6.71
2593,3.45,3.45
2594,4.7,4.7
2595,7.88,7.88
2596,10.97,10.97
2597,17.35,17.35
2598,17.09,17.09
2599,15.08,15.08
2600,13.01,13.01
2601,13.94,13.94
2602,16.45,16.45
2603,18.61,18.61
2604,22.67,22.67
2605,27.17,27.17
2606,33.03,33.03
2607,35.09,35.09
2608,29.22,29.22
2609,31.66,31.66
2610,52.79,52.79
2611,38.94,38.94
2612,24.92,24.92
2613,19.79,19.79
2614,14.64,14.64
2615,11.39,11.39
2616,9.49,9.49
2617,8.49,8.49
2618,8.86,8.86
2619,9.99,9.99
2620,12.01,12.01
2621,20.07,20.07
2622,17.74,17.74
2623,15.82,15.82
2624,16.72,16.72
2625,19.02,19.02
2626,19.37,19.37
2627,21.32,21.32
2628,23.21,23.21
2629,26.9,26.9
2630,32.69,32.69
2631,38.1,38.1
2632,40.42,40.42
2633,38.47,38.47
2634,61.25,61.25
2635,55.12,55.12
2636,33.23,33.23
2637,32.73,32.73
2638,22.4,22.4
2639,29.64,29.64
2640,20.64,20.64
2641,18.17,18.17
2642,17.35,17.35
2643,14.9,14.9
2644,15.53,15.53
2645,14.85,14.85
2646,13.33,13.33
2647,13.01,13.01
2648,13.71,13.71
2649,14.33,14.33
2650,14.87,14.87
2651,15.33,15.33
2652,15.88,15.88
2653,16.21,16.21
2654,17.14,17.14
2655,18.85,18.85
2656,22.5,22.5
2657,20.76,20.76
2658,24.77,24.77
2659,29.72,29.72
2660,23.91,23.91
2661,25.91,25.91
2662,19.46,19.46
2663,22.06,22.06
2664,19.71,19.71
2665,17.9,17.9
2666,16.64,16.64
2667,16.41,16.41
2668,15.99,15.99
2669,17.29,17.29
2670,20.96,20.96
2671,18.65,18.65
2672,16.17,16.17
2673,13.92,13.92
2674,13.59,13.59
2675,12.47,12.47
2676,10.04,10.04
2677,10.14,10.14
2678,10.85,10.85
2679,12.58,12.58
2680,15.65,15.65
2681,21.88,21.88
2682,59.41,59.41
2683,75.39,75.39
2684,45.24,45.24
2685,27.12,27.12
2686,24.63,24.63
2687,25.1,25.1
2688,19.18,19.18
2689,18.84,18.84
2690,18.87,18.87
2691,18.73,18.73
2692,26.28,26.28
2693,46.37,46.37
2694,31.14,31.14
2695,13.05,13.05
2696,8.72,8.72
2697,6.88,6.88
2698,7.41,7.41
2699,7.72,7.72
2700,7.88,7.88
2701,8.41,8.41
2702,8.57,8.57
2703,9.16,9.16
2704,9.72,9.72
2705,15.55,15.55
2706,28.46,28.46
2707,33.27,33.27
2708,17.56,17.56
2709,12.63,12.63
2710,10.87,10.87
2711,9.0,9.0
2712,6.47,6.47
2713,3.2,3.2
2714,1.67,1.67
2715,3.63,3.63
2716,9.89,9.89
2717,13.34,13.34
2718,13.2,13.2
2719,6.75,6.75
2720,5.99,5.99
2721,5.59,5.59
2722,6.67,6.67
2723,8.04,8.04
2724,9.87,9.87
2725,11.23,11.23
2726,13.24,13.24
2727,13.98,13.98
2728,15.88,15.88
2729,23.54,23.54
2730,55.8,55.8
2731,37.12,37.12
2732,22.23,22.23
2733,16.17,16.17
2734,14.51,14.51
2735,13.43,13.43
2736,12.6,12.6
2737,11.91,11.91
2738,14.69,14.69
2739,15.74,15.74
2740,23.75,23.75
2741,38.69,38.69
2742,32.07,32.07
2743,23.15,23.15
2744,19.11,19.11
2745,22.39,22.39
2746,22.81,22.81
2747,22.81,22.81
2748,23.93,23.93
2749,23.33,23.33
2750,26.43,26.43
2751,30.8,30.8
2752,39.19,39.19
2753,47.76,47.76
2754,96.8,96.8
2755,58.27,58.27
2756,26.68,26.68
2757,22.04,22.04
2758,16.84,16.84
2759,11.95,11.95
2760,8.83,8.83
2761,7.07,7.07
2762,6.96,6.96
2763,8.33,8.33
2764,11.08,11.08
2765,19.57,19.57
2766,18.12,18.12
2767,13.72,13.72
2768,12.2,12.2
2769,10.82,10.82
2770,13.91,13.91
2771,14.59,14.59
2772,16.45,16.45
2773,17.73,17.73
2774,23.95,23.95
2775,22.41,22.41
2776,24.52,24.52
2777,24.29,24.29
2778,31.42,31.42
2779,30.78,30.78
2780,21.98,21.98
2781,16.41,16.41
2782,17.0,17.0
2783,13.76,13.76
2784,11.09,11.09
2785,11.2,11.2
2786,12.27,12.27
2787,14.4,14.4
2788,18.49,18.49
2789,33.4,33.4
2790,24.67,24.67
2791,17.81,17.81
2792,12.26,12.26
2793,14.14,14.14
2794,15.89,15.89
2795,18.75,18.75
2796,21.4,21.4
2797,22.41,22.41
2798,23.46,23.46
2799,23.95,23.95
2800,23.17,23.17
2801,27.37,27.37
2802,84.0,84.0
2803,83.16,83.16
2804,34.33,34.33
2805,22.63,22.63
2806,16.75,16.75
2807,14.04,14.04
2808,10.46,10.46
2809,8.39,8.39
2810,9.16,9.16
2811,8.79,8.79
2812,10.96,10.96
2813,16.5,16.5
2814,14.61,14.61
2815,13.71,13.71
2816,13.2,13.2
2817,16.15,16.15
2818,18.76,18.76
2819,19.15,19.15
2820,19.68,19.68
2821,20.64,20.64
2822,21.56,21.56
2823,23.2,23.2
2824,22.51,22.51
2825,24.0,24.0
2826,41.63,41.63
2827,42.85,42.85
2828,25.91,25.91
2829,20.07,20.07
2830,19.0,19.0
2831,17.07,17.07
2832,16.31,16.31
2833,16.51,16.51
2834,16.38,16.38
2835,15.94,15.94
2836,17.11,17.11
2837,25.88,25.88
2838,21.06,21.06
2839,13.96,13.96
2840,13.14,13.14
2841,13.45,13.45
2842,16.02,16.02
2843,19.01,19.01
2844,19.72,19.72
2845,20.01,20.01
2846,27.0,27.0
2847,30.7,30.7
2848,36.69,36.69
2849,100.03,100.03
2850,597.65,597.65
2851,590.07,590.07
2852,219.35,219.35
2853,42.56,42.56
2854,20.84,20.84
2855,24.41,24.41
2856,18.7,18.7
2857,17.06,17.06
2858,16.73,16.73
2859,19.54,19.54
2860,23.58,23.58
2861,41.04,41.04
2862,32.69,32.69
2863,17.61,17.61
2864,14.55,14.55
2865,14.99,14.99
2866,16.49,16.49
2867,17.75,17.75
2868,22.51,22.51
2869,24.39,24.39
2870,28.51,28.51
2871,31.97,31.97
2872,33.29,33.29
2873,52.12,52.12
2874,217.72,217.72
2875,128.21,128.21
2876,26.03,26.03
2877,16.38,16.38
2878,12.04,12.04
2879,11.29,11.29
2880,8.73,8.73
2881,6.99,6.99
2882,6.36,6.36
2883,7.31,7.31
2884,9.64,9.64
2885,14.94,14.94
2886,14.52,14.52
2887,13.11,13.11
2888,12.43,12.43
2889,13.81,13.81
2890,18.05,18.05
2891,20.61,20.61
2892,22.71,22.71
2893,25.82,25.82
2894,28.74,28.74
2895,32.12,32.12
2896,36.06,36.06
2897,37.59,37.59
2898,137.5,137.5
2899,97.5,97.5
2900,24.77,24.77
2901,19.3,19.3
2902,15.81,15.81
2903,11.76,11.76
2904,10.0,10.0
2905,9.43,9.43
2906,9.07,9.07
2907,9.87,9.87
2908,12.64,12.64
2909,17.2,17.2
2910,15.45,15.45
2911,12.27,12.27
2912,13.31,13.31
2913,14.08,14.08
2914,15.33,15.33
2915,16.52,16.52
2916,17.1,17.1
2917,18.09,18.09
2918,19.44,19.44
2919,22.14,22.14
2920,20.97,20.97
2921,21.09,21.09
2922,34.3,34.3
2923,39.31,39.31
2924,28.25,28.25
2925,23.91,23.91
2926,16.37,16.37
2927,15.75,15.75
2928,15.43,15.43
2929,14.67,14.67
2930,12.79,12.79
2931,13.16,13.16
2932,16.44,16.44
2933,26.45,26.45
2934,21.86,21.86
2935,15.54,15.54
2936,14.98,14.98
2937,16.36,16.36
2938,16.45,16.45
2939,19.96,19.96
2940,24.23,24.23
2941,23.33,23.33
2942,29.18,29.18
2943,44.04,44.04
2944,58.79,58.79
2945,75.29,75.29
2946,498.77,498.77
2947,384.08,384.08
2948,79.74,79.74
2949,31.49,31.49
2950,20.24,20.24
2951,17.92,17.92
2952,16.35,16.35
2953,16.38,16.38
2954,18.43,18.43
2955,26.46,26.46
2956,36.81,36.81
2957,78.17,78.17
2958,64.51,64.51
2959,55.08,55.08
2960,35.49,35.49
2961,34.45,34.45
2962,24.8,24.8
2963,22.05,22.05
2964,22.25,22.25
2965,19.43,19.43
2966,18.12,18.12
2967,21.52,21.52
2968,20.04,20.04
2969,26.8,26.8
2970,71.04,71.04
2971,88.99,88.99
2972,47.07,47.07
2973,27.97,27.97
2974,19.76,19.76
2975,13.61,13.61
2976,10.42,10.42
2977,10.15,10.15
2978,10.59,10.59
2979,10.98,10.98
2980,12.76,12.76
2981,13.57,13.57
2982,13.92,13.92
2983,11.49,11.49
2984,10.43,10.43
2985,10.73,10.73
2986,11.94,11.94
2987,12.71,12.71
2988,14.77,14.77
2989,14.85,14.85
2990,15.72,15.72
2991,19.82,19.82
2992,23.86,23.86
2993,27.44,27.44
2994,51.03,51.03
2995,60.1,60.1
2996,41.58,41.58
2997,31.58,31.58
2998,20.39,20.39
2999,17.13,17.13
3000,16.52,16.52
3001,16.45,16.45
3002,17.55,17.55
3003,19.88,19.88
3004,21.4,21.4
3005,24.74,24.74
3006,23.0,23.0
3007,17.48,17.48
3008,18.83,18.83
3009,18.57,18.57
3010,17.51,17.51
3011,17.01,17.01
3012,18.0,18.0
3013,17.18,17.18
3014,20.59,20.59
3015,22.38,22.38
3016,27.06,27.06
3017,36.63,36.63
3018,57.25,57.25
3019,58.86,58.86
3020,25.86,25.86
3021,15.8,15.8
3022,12.47,12.47
3023,9.72,9.72
3024,8.52,8.52
3025,7.44,7.44
3026,6.51,6.51
3027,7.19,7.19
3028,10.16,10.16
3029,13.45,13.45
3030,15.84,15.84
3031,10.22,10.22
3032,9.92,9.92
3033,11.61,11.61
3034,14.45,14.45
3035,16.93,16.93
3036,18.68,18.68
3037,18.29,18.29
3038,20.52,20.52
3039,25.03,25.03
3040,29.58,29.58
3041,31.53,31.53
3042,50.26,50.26
3043,68.16,68.16
3044,36.63,36.63
3045,29.52,29.52
3046,16.53,16.53
3047,13.04,13.04
3048,11.55,11.55
3049,10.86,10.86
3050,11.55,11.55
3051,14.78,14.78
3052,21.63,21.63
3053,34.46,34.46
3054,32.44,32.44
3055,21.78,21.78
3056,19.84,19.84
3057,21.96,21.96
3058,26.15,26.15
3059,30.74,30.74
3060,39.77,39.77
3061,38.68,38.68
3062,42.35,42.35
3063,43.6,43.6
3064,47.67,47.67
3065,43.8,43.8
3066,123.54,123.54
3067,79.27,79.27
3068,23.01,23.01
3069,16.2,16.2
3070,16.28,16.28
3071,12.7,12.7
3072,10.92,10.92
3073,9.16,9.16
3074,8.14,8.14
3075,9.05,9.05
3076,12.1,12.1
3077,14.96,14.96
3078,14.95,14.95
3079,12.18,12.18
3080,13.23,13.23
3081,15.97,15.97
3082,18.41,18.41
3083,24.85,24.85
3084,37.68,37.68
3085,47.6,47.6
3086,78.89,78.89
3087,240.34,240.34
3088,704.77,704.77
3089,898.97,898.97
3090,2215.08,2215.08
3091,1898.15,1898.15
3092,209.84,209.84
3093,64.25,64.25
3094,25.6,25.6
3095,18.87,18.87
3096,16.12,16.12
3097,15.63,15.63
3098,15.18,15.18
3099,16.33,16.33
3100,18.97,18.97
3101,25.45,25.45
3102,19.48,19.48
3103,15.59,15.59
3104,13.89,13.89
3105,17.15,17.15
3106,20.99,20.99
3107,26.3,26.3
3108,39.63,39.63
3109,41.56,41.56
3110,56.73,56.73
3111,56.07,56.07
3112,52.68,52.68
3113,41.25,41.25
3114,48.27,48.27
3115,41.74,41.74
3116,24.61,24.61
3117,17.98,17.98
3118,15.29,15.29
3119,13.87,13.87
3120,13.02,13.02
3121,12.78,12.78
3122,16.31,16.31
3123,18.23,18.23
3124,19.94,19.94
3125,20.95,20.95
3126,16.06,16.06
3127,11.73,11.73
3128,10.6,10.6
3129,10.35,10.35
3130,12.46,12.46
3131,14.48,14.48
3132,16.2,16.2
3133,17.74,17.74
3134,20.83,20.83
3135,32.4,32.4
3136,33.63,33.63
3137,43.54,43.54
3138,91.27,91.27
3139,86.46,86.46
3140,56.4,56.4
3141,33.46,33.46
3142,26.02,26.02
3143,29.72,29.72
3144,24.18,24.18
3145,24.61,24.61
3146,23.52,23.52
3147,23.7,23.7
3148,25.64,25.64
3149,23.24,23.24
3150,19.03,19.03
3151,16.46,16.46
3152,14.53,14.53
3153,14.46,14.46
3154,14.65,14.65
3155,15.01,15.01
3156,16.19,16.19
3157,17.36,17.36
3158,18.82,18.82
3159,22.26,22.26
3160,24.88,24.88
3161,22.51,22.51
3162,28.58,28.58
3163,32.53,32.53
3164,23.7,23.7
3165,19.57,19.57
3166,16.9,16.9
3167,15.73,15.73
3168,13.12,13.12
3169,13.24,13.24
3170,15.05,15.05
3171,17.13,17.13
3172,17.3,17.3
3173,16.84,16.84
3174,14.32,14.32
3175,13.2,13.2
3176,12.77,12.77
3177,12.59,12.59
3178,12.64,12.64
3179,13.15,13.15
3180,12.94,12.94
3181,15.19,15.19
3182,16.3,16.3
3183,17.66,17.66
3184,17.67,17.67
3185,18.57,18.57
3186,38.57,38.57
3187,59.28,59.28
3188,30.44,30.44
3189,24.91,24.91
3190,22.78,22.78
3191,25.14,25.14
3192,21.94,21.94
3193,20.08,20.08
3194,19.02,19.02
3195,18.99,18.99
3196,24.47,24.47
3197,33.51,33.51
3198,28.0,28.0
3199,17.3,17.3
3200,15.32,15.32
3201,16.68,16.68
3202,17.07,17.07
3203,20.75,20.75
3204,26.85,26.85
3205,27.05,27.05
3206,30.1,30.1
3207,34.84,34.84
3208,35.22,35.22
3209,42.06,42.06
3210,248.55,248.55
3211,371.15,371.15
3212,152.63,152.63
3213,50.53,50.53
3214,28.18,28.18
3215,32.08,32.08
3216,30.14,30.14
3217,29.15,29.15
3218,29.43,29.43
3219,30.99,30.99
3220,33.9,33.9
3221,37.95,37.95
3222,28.46,28.46
3223,17.39,17.39
3224,16.74,16.74
3225,18.88,18.88
3226,20.59,20.59
3227,25.16,25.16
3228,34.44,34.44
3229,42.73,42.73
3230,56.43,56.43
3231,83.07,83.07
3232,100.24,100.24
3233,106.53,106.53
3234,500.36,500.36
3235,137.56,137.56
3236,31.06,31.06
3237,20.33,20.33
3238,17.04,17.04
3239,12.39,12.39
3240,10.18,10.18
3241,8.94,8.94
3242,8.22,8.22
3243,8.71,8.71
3244,10.71,10.71
3245,14.8,14.8
3246,14.45,14.45
3247,11.07,11.07
3248,10.99,10.99
3249,13.21,13.21
3250,14.17,14.17
3251,16.67,16.67
3252,20.47,20.47
3253,23.23,23.23
3254,30.8,30.8
3255,30.61,30.61
3256,32.88,32.88
3257,29.4,29.4
3258,45.59,45.59
3259,44.82,44.82
3260,29.74,29.74
3261,19.34,19.34
3262,17.55,17.55
3263,16.03,16.03
3264,13.93,13.93
3265,13.02,13.02
3266,14.25,14.25
3267,17.9,17.9
3268,22.78,22.78
3269,30.26,30.26
3270,28.3,28.3
3271,19.97,19.97
3272,18.76,18.76
3273,19.28,19.28
3274,19.22,19.22
3275,20.3,20.3
3276,25.13,25.13
3277,28.16,28.16
3278,29.92,29.92
3279,33.54,33.54
3280,34.28,34.28
3281,37.36,37.36
3282,78.78,78.78
3283,118.89,118.89
3284,102.13,102.13
3285,46.44,46.44
3286,28.94,28.94
3287,30.91,30.91
3288,27.75,27.75
3289,25.36,25.36
3290,24.79,24.79
3291,24.57,24.57
3292,29.76,29.76
3293,48.42,48.42
3294,37.19,37.19
3295,28.25,28.25
3296,30.06,30.06
3297,28.17,28.17
3298,23.8,23.8
3299,24.81,24.81
3300,31.52,31.52
3301,31.44,31.44
3302,35.23,35.23
3303,61.04,61.04
3304,79.69,79.69
3305,122.17,122.17
3306,422.11,422.11
3307,690.2,690.2
3308,249.93,249.93
3309,46.61,46.61
3310,27.93,27.93
3311,15.6,15.6
3312,12.54,12.54
3313,11.46,11.46
3314,11.35,11.35
3315,10.06,10.06
3316,13.91,13.91
3317,14.07,14.07
3318,11.56,11.56
3319,9.91,9.91
3320,12.79,12.79
3321,15.53,15.53
3322,18.89,18.89
3323,25.33,25.33
3324,38.82,38.82
3325,40.82,40.82
3326,49.42,49.42
3327,68.51,68.51
3328,70.1,70.1
3329,70.81,70.81
3330,109.88,109.88
3331,48.34,48.34
3332,28.5,28.5
3333,20.2,20.2
3334,17.11,17.11
3335,13.91,13.91
3336,13.11,13.11
3337,11.39,11.39
3338,10.21,10.21
3339,10.36,10.36
3340,10.84,10.84
3341,12.44,12.44
3342,10.93,10.93
3343,7.2,7.2
3344,10.83,10.83
3345,13.31,13.31
3346,16.11,16.11
3347,20.54,20.54
3348,27.79,27.79
3349,31.67,31.67
3350,32.89,32.89
3351,38.72,38.72
3352,37.94,37.94
3353,37.42,37.42
3354,47.27,47.27
3355,42.26,42.26
3356,28.67,28.67
3357,19.47,19.47
3358,16.43,16.43
3359,14.37,14.37
3360,12.71,12.71
3361,11.93,11.93
3362,11.6,11.6
3363,11.73,11.73
3364,13.36,13.36
3365,17.72,17.72
3366,15.42,15.42
3367,13.78,13.78
3368,14.31,14.31
3369,17.49,17.49
3370,24.99,24.99
3371,40.64,40.64
3372,52.53,52.53
3373,48.02,48.02
3374,53.0,53.0
3375,55.89,55.89
3376,49.54,49.54
3377,41.4,41.4
3378,47.25,47.25
3379,39.22,39.22
3380,26.76,26.76
3381,19.4,19.4
3382,16.33,16.33
3383,13.47,13.47
3384,12.6,12.6
3385,12.23,12.23
3386,10.8,10.8
3387,11.84,11.84
3388,13.44,13.44
3389,16.15,16.15
3390,15.66,15.66
3391,13.83,13.83
3392,15.08,15.08
3393,20.91,20.91
3394,26.77,26.77
3395,31.66,31.66
3396,42.32,42.32
3397,44.59,44.59
3398,56.26,56.26
3399,66.12,66.12
3400,50.7,50.7
3401,46.22,46.22
3402,85.75,85.75
3403,83.13,83.13
3404,36.38,36.38
3405,27.88,27.88
3406,21.24,21.24
3407,21.45,21.45
3408,19.5,19.5
3409,16.77,16.77
3410,15.06,15.06
3411,14.76,14.76
3412,16.92,16.92
3413,19.03,19.03
3414,17.8,17.8
3415,16.06,16.06
3416,15.76,15.76
3417,18.52,18.52
3418,24.16,24.16
3419,26.85,26.85
3420,37.05,37.05
3421,40.04,40.04
3422,45.48,45.48
3423,49.42,49.42
3424,47.33,47.33
3425,44.67,44.67
3426,73.17,73.17
3427,88.42,88.42
3428,32.82,32.82
3429,26.04,26.04
3430,20.5,20.5
3431,20.14,20.14
3432,20.04,20.04
3433,19.04,19.04
3434,17.99,17.99
3435,17.96,17.96
3436,21.15,21.15
3437,22.71,22.71
3438,20.18,20.18
3439,16.41,16.41
3440,14.7,14.7
3441,15.1,15.1
3442,18.72,18.72
3443,23.85,23.85
3444,32.17,32.17
3445,40.42,40.42
3446,45.55,45.55
3447,54.95,54.95
3448,53.34,53.34
3449,39.14,39.14
3450,45.29,45.29
3451,58.46,58.46
3452,28.27,28.27
3453,23.76,23.76
3454,18.55,18.55
3455,15.54,15.54
3456,14.32,14.32
3457,13.09,13.09
3458,12.92,12.92
3459,12.64,12.64
3460,15.44,15.44
3461,15.65,15.65
3462,16.04,16.04
3463,15.87,15.87
3464,17.04,17.04
3465,19.8,19.8
3466,31.34,31.34
3467,32.89,32.89
3468,47.4,47.4
3469,58.66,58.66
3470,99.67,99.67
3471,210.33,210.33
3472,243.73,243.73
3473,331.71,331.71
3474,653.5,653.5
3475,485.01,485.01
3476,82.17,82.17
3477,32.03,32.03
3478,29.4,29.4
3479,21.14,21.14
3480,19.65,19.65
3481,17.9,17.9
3482,17.0,17.0
3483,17.86,17.86
3484,18.44,18.44
3485,19.07,19.07
3486,17.12,17.12
3487,14.28,14.28
3488,14.0,14.0
3489,16.69,16.69
3490,24.77,24.77
3491,33.18,33.18
3492,38.37,38.37
3493,50.26,50.26
3494,55.58,55.58
3495,56.85,56.85
3496,49.63,49.63
3497,40.39,40.39
3498,37.08,37.08
3499,44.43,44.43
3500,23.64,23.64
3501,19.82,19.82
3502,16.8,16.8
3503,14.7,14.7
3504,13.3,13.3
3505,11.02,11.02
3506,10.88,10.88
3507,8.41,8.41
3508,9.14,9.14
3509,8.65,8.65
3510,7.28,7.28
3511,7.07,7.07
3512,10.0,10.0
3513,12.8,12.8
3514,24.99,24.99
3515,31.63,31.63
3516,37.67,37.67
3517,44.26,44.26
3518,61.02,61.02
3519,83.23,83.23
3520,110.51,110.51
3521,214.25,214.25
3522,1014.97,1014.97
3523,1519.63,1519.63
3524,349.41,349.41
3525,70.45,70.45
3526,39.28,39.28
3527,32.35,32.35
3528,28.67,28.67
3529,22.74,22.74
3530,21.95,21.95
3531,20.56,20.56
3532,20.92,20.92
3533,18.56,18.56
3534,15.79,15.79
3535,14.13,14.13
3536,14.62,14.62
3537,20.25,20.25
3538,35.28,35.28
3539,44.69,44.69
3540,62.4,62.4
3541,84.66,84.66
3542,108.42,108.42
3543,164.58,164.58
3544,146.65,146.65
3545,138.01,138.01
3546,276.92,276.92
3547,144.25,144.25
3548,31.81,31.81
3549,23.43,23.43
3550,21.03,21.03
3551,18.91,18.91
3552,16.33,16.33
3553,13.68,13.68
3554,14.64,14.64
3555,14.58,14.58
3556,17.26,17.26
3557,22.35,22.35
3558,20.93,20.93
3559,17.26,17.26
3560,19.09,19.09
3561,22.96,22.96
3562,25.98,25.98
3563,31.46,31.46
3564,42.24,42.24
3565,46.38,46.38
3566,51.04,51.04
3567,55.69,55.69
3568,44.67,44.67
3569,38.23,38.23
3570,49.94,49.94
3571,40.85,40.85
3572,28.3,28.3
3573,22.02,22.02
3574,17.49,17.49
3575,15.78,15.78
3576,15.65,15.65
3577,15.87,15.87
3578,15.21,15.21
3579,16.54,16.54
3580,18.32,18.32
3581,22.22,22.22
3582,20.06,20.06
3583,20.01,20.01
3584,18.65,18.65
3585,18.5,18.5
3586,21.27,21.27
3587,24.46,24.46
3588,29.36,29.36
3589,30.24,30.24
3590,29.78,29.78
3591,36.92,36.92
3592,33.91,33.91
3593,27.48,27.48
3594,32.85,32.85
3595,36.53,36.53
3596,27.79,27.79
3597,22.59,22.59
3598,18.37,18.37
3599,14.32,14.32
3600,13.19,13.19
3601,12.62,12.62
3602,13.29,13.29
3603,15.4,15.4
3604,18.03,18.03
3605,22.68,22.68
3606,22.43,22.43
3607,20.56,20.56
3608,16.09,16.09
3609,19.09,19.09
3610,22.41,22.41
3611,24.41,24.41
3612,25.27,25.27
3613,25.29,25.29
3614,26.02,26.02
3615,25.02,25.02
3616,21.13,21.13
3617,19.34,19.34
3618,26.04,26.04
3619,25.92,25.92
3620,20.01,20.01
3621,16.68,16.68
3622,14.57,14.57
3623,16.63,16.63
3624,16.2,16.2
3625,15.53,15.53
3626,15.89,15.89
3627,17.73,17.73
3628,20.22,20.22
3629,28.02,28.02
3630,24.53,24.53
3631,21.24,21.24
3632,19.22,19.22
3633,20.18,20.18
3634,24.13,24.13
3635,28.15,28.15
3636,30.37,30.37
3637,31.04,31.04
3638,37.34,37.34
3639,50.93,50.93
3640,51.3,51.3
3641,39.3,39.3
3642,56.99,56.99
3643,68.01,68.01
3644,51.73,51.73
3645,29.81,29.81
3646,24.97,24.97
3647,24.79,24.79
3648,20.7,20.7
3649,21.85,21.85
3650,22.15,22.15
3651,23.36,23.36
3652,25.1,25.1
3653,24.39,24.39
3654,20.27,20.27
3655,19.56,19.56
3656,20.05,20.05
3657,21.4,21.4
3658,23.3,23.3
3659,29.87,29.87
3660,29.9,29.9
3661,27.49,27.49
3662,27.92,27.92
3663,32.21,32.21
3664,31.29,31.29
3665,30.88,30.88
3666,49.58,49.58
3667,45.49,45.49
3668,27.24,27.24
3669,23.55,23.55
3670,19.85,19.85
3671,16.0,16.0
3672,13.87,13.87
3673,13.24,13.24
3674,12.75,12.75
3675,13.48,13.48
3676,14.94,14.94
3677,15.16,15.16
3678,12.54,12.54
3679,10.02,10.02
3680,10.49,10.49
3681,13.26,13.26
3682,16.08,16.08
3683,23.79,23.79
3684,29.83,29.83
3685,30.64,30.64
3686,34.63,34.63
3687,36.97,36.97
3688,33.02,33.02
3689,32.71,32.71
3690,40.82,40.82
3691,37.8,37.8
3692,25.82,25.82
3693,19.75,19.75
3694,17.64,17.64
3695,16.18,16.18
3696,13.28,13.28
3697,11.32,11.32
3698,10.42,10.42
3699,10.43,10.43
3700,12.42,12.42
3701,12.17,12.17
3702,11.11,11.11
3703,9.41,9.41
3704,11.3,11.3
3705,13.98,13.98
3706,21.52,21.52
3707,23.35,23.35
3708,31.61,31.61
3709,31.63,31.63
3710,35.04,35.04
3711,46.99,46.99
3712,43.93,43.93
3713,39.42,39.42
3714,53.25,53.25
3715,38.82,38.82
3716,24.58,24.58
3717,20.76,20.76
3718,18.15,18.15
3719,16.04,16.04
3720,13.76,13.76
3721,11.98,11.98
3722,12.4,12.4
3723,13.35,13.35
3724,15.34,15.34
3725,14.69,14.69
3726,13.42,13.42
3727,11.32,11.32
3728,13.99,13.99
3729,17.04,17.04
3730,21.69,21.69
3731,30.59,30.59
3732,35.74,35.74
3733,41.61,41.61
3734,51.05,51.05
3735,63.77,63.77
3736,60.5,60.5
3737,61.88,61.88
3738,112.54,112.54
3739,79.07,79.07
3740,38.57,38.57
3741,26.92,26.92
3742,21.91,21.91
3743,18.54,18.54
3744,17.12,17.12
3745,16.57,16.57
3746,16.83,16.83
3747,17.77,17.77
3748,19.76,19.76
3749,22.15,22.15
3750,19.71,19.71
3751,17.09,17.09
3752,17.75,17.75
3753,20.88,20.88
3754,24.14,24.14
3755,31.37,31.37
3756,41.26,41.26
3757,46.02,46.02
3758,65.33,65.33
3759,78.78,78.78
3760,77.05,77.05
3761,77.53,77.53
3762,117.64,117.64
3763,138.96,138.96
3764,63.25,63.25
3765,28.44,28.44
3766,23.72,23.72
3767,20.05,20.05
3768,17.42,17.42
3769,16.38,16.38
3770,15.7,15.7
3771,15.23,15.23
3772,16.88,16.88
3773,20.17,20.17
3774,18.5,18.5
3775,16.11,16.11
3776,15.77,15.77
3777,18.5,18.5
3778,23.44,23.44
3779,37.15,37.15
3780,56.36,56.36
3781,67.84,67.84
3782,95.82,95.82
3783,119.33,119.33
3784,119.02,119.02
3785,96.02,96.02
3786,187.62,187.62
3787,119.32,119.32
3788,37.44,37.44
3789,25.19,25.19
3790,20.15,20.15
3791,15.19,15.19
3792,13.99,13.99
3793,12.77,12.77
3794,12.41,12.41
3795,12.49,12.49
3796,13.88,13.88
3797,16.4,16.4
3798,14.34,14.34
3799,12.75,12.75
3800,13.0,13.0
3801,15.85,15.85
3802,20.3,20.3
3803,27.92,27.92
3804,37.76,37.76
3805,47.24,47.24
3806,50.43,50.43
3807,57.31,57.31
3808,56.7,56.7
3809,50.3,50.3
3810,44.99,44.99
3811,42.81,42.81
3812,31.45,31.45
3813,22.73,22.73
3814,19.06,19.06
3815,16.14,16.14
3816,13.97,13.97
3817,12.38,12.38
3818,11.82,11.82
3819,11.0,11.0
3820,10.02,10.02
3821,11.16,11.16
3822,10.19,10.19
3823,10.17,10.17
3824,11.52,11.52
3825,16.02,16.02
3826,20.89,20.89
3827,24.45,24.45
3828,28.06,28.06
3829,30.27,30.27
3830,35.9,35.9
3831,42.29,42.29
3832,39.1,39.1
3833,37.64,37.64
3834,46.59,46.59
3835,43.01,43.01
3836,28.35,28.35
3837,22.35,22.35
3838,19.0,19.0
3839,17.35,17.35
3840,14.06,14.06
3841,12.75,12.75
3842,11.76,11.76
3843,11.83,11.83
3844,13.46,13.46
3845,15.77,15.77
3846,15.25,15.25
3847,13.55,13.55
3848,13.62,13.62
3849,19.52,19.52
3850,21.94,21.94
3851,26.88,26.88
3852,35.43,35.43
3853,40.99,40.99
3854,39.92,39.92
3855,60.0,60.0
3856,62.74,62.74
3857,60.6,60.6
3858,82.56,82.56
3859,64.56,64.56
3860,44.28,44.28
3861,26.54,26.54
3862,24.08,24.08
3863,25.01,25.01
3864,20.94,20.94
3865,19.78,19.78
3866,20.68,20.68
3867,21.41,21.41
3868,22.05,22.05
3869,28.15,28.15
3870,25.21,25.21
3871,24.17,24.17
3872,24.03,24.03
3873,26.39,26.39
3874,31.46,31.46
3875,41.28,41.28
3876,38.23,38.23
3877,42.55,42.55
3878,57.0,57.0
3879,65.77,65.77
3880,62.34,62.34
3881,91.15,91.15
3882,118.24,118.24
3883,126.75,126.75
3884,74.66,74.66
3885,32.56,32.56
3886,27.19,27.19
3887,27.16,27.16
3888,25.05,25.05
3889,23.96,23.96
3890,23.58,23.58
3891,23.28,23.28
3892,25.83,25.83
3893,27.71,27.71
3894,25.44,25.44
3895,24.47,24.47
3896,23.77,23.77
3897,27.32,27.32
3898,29.6,29.6
3899,36.52,36.52
3900,49.44,49.44
3901,52.17,52.17
3902,58.43,58.43
3903,58.59,58.59
3904,58.75,58.75
3905,59.71,59.71
3906,76.47,76.47
3907,90.64,90.64
3908,46.48,46.48
3909,29.31,29.31
3910,26.11,26.11
3911,28.53,28.53
3912,26.49,26.49
3913,25.01,25.01
3914,25.28,25.28
3915,25.65,25.65
3916,26.63,26.63
3917,29.16,29.16
3918,26.05,26.05
3919,24.23,24.23
3920,21.83,21.83
3921,25.27,25.27
3922,31.36,31.36
3923,37.3,37.3
3924,47.19,47.19
3925,55.71,55.71
3926,65.08,65.08
3927,69.4,69.4
3928,60.77,60.77
3929,65.46,65.46
3930,82.84,82.84
3931,84.13,84.13
3932,41.0,41.0
3933,26.31,26.31
3934,24.74,24.74
3935,20.66,20.66
3936,17.83,17.83
3937,16.29,16.29
3938,17.05,17.05
3939,18.19,18.19
3940,20.53,20.53
3941,24.73,24.73
3942,23.3,23.3
3943,21.14,21.14
3944,20.14,20.14
3945,26.82,26.82
3946,35.91,35.91
3947,47.15,47.15
3948,67.24,67.24
3949,76.03,76.03
3950,86.36,86.36
3951,89.06,89.06
3952,76.03,76.03
3953,74.89,74.89
3954,109.61,109.61
3955,73.29,73.29
3956,37.11,37.11
3957,27.7,27.7
3958,25.56,25.56
3959,20.63,20.63
3960,19.21,19.21
3961,17.24,17.24
3962,17.59,17.59
3963,17.96,17.96
3964,20.82,20.82
3965,21.01,21.01
3966,19.99,19.99
3967,18.12,18.12
3968,18.93,18.93
3969,27.08,27.08
3970,35.58,35.58
3971,46.63,46.63
3972,61.02,61.02
3973,66.86,66.86
3974,73.7,73.7
3975,74.55,74.55
3976,53.81,53.81
3977,44.44,44.44
3978,57.4,57.4
3979,55.73,55.73
3980,32.34,32.34
3981,28.16,28.16
3982,24.87,24.87
3983,24.71,24.71
3984,22.73,22.73
3985,21.14,21.14
3986,21.48,21.48
3987,21.09,21.09
3988,21.1,21.1
3989,18.46,18.46
3990,17.7,17.7
3991,15.65,15.65
3992,16.26,16.26
3993,20.83,20.83
3994,29.42,29.42
3995,39.98,39.98
3996,49.62,49.62
3997,45.67,45.67
3998,51.33,51.33
3999,56.14,56.14
4000,45.4,45.4
4001,41.96,41.96
4002,60.75,60.75
4003,51.81,51.81
4004,33.52,33.52
4005,28.33,28.33
4006,23.46,23.46
4007,21.91,21.91
4008,18.7,18.7
4009,16.99,16.99
4010,15.54,15.54
4011,14.91,14.91
4012,15.43,15.43
4013,14.86,14.86
4014,13.7,13.7
4015,9.2,9.2
4016,11.69,11.69
4017,17.19,17.19
4018,22.1,22.1
4019,26.06,26.06
4020,29.4,29.4
4021,30.31,30.31
4022,34.22,34.22
4023,36.31,36.31
4024,35.71,35.71
4025,36.38,36.38
4026,43.34,43.34
4027,48.64,48.64
4028,31.71,31.71
4029,28.43,28.43
4030,23.83,23.83
4031,21.18,21.18
4032,19.48,19.48
4033,17.38,17.38
4034,16.15,16.15
4035,16.31,16.31
4036,18.74,18.74
4037,18.98,18.98
4038,17.52,17.52
4039,14.4,14.4
4040,14.45,14.45
4041,17.86,17.86
4042,22.84,22.84
4043,26.41,26.41
4044,34.15,34.15
4045,30.49,30.49
4046,30.86,30.86
4047,30.57,30.57
4048,27.39,27.39
4049,26.38,26.38
4050,34.37,34.37
4051,35.76,35.76
4052,26.64,26.64
4053,28.22,28.22
4054,19.71,19.71
4055,21.55,21.55
4056,20.66,20.66
4057,18.76,18.76
4058,18.18,18.18
4059,19.93,19.93
4060,22.23,22.23
4061,22.65,22.65
4062,20.63,20.63
4063,18.1,18.1
4064,17.46,17.46
4065,19.37,19.37
4066,22.98,22.98
4067,26.3,26.3
4068,29.83,29.83
4069,33.15,33.15
4070,35.31,35.31
4071,34.16,34.16
4072,32.71,32.71
4073,30.48,30.48
4074,36.27,36.27
4075,35.76,35.76
4076,28.28,28.28
4077,28.63,28.63
4078,22.51,22.51
4079,23.18,23.18
4080,18.58,18.58
4081,17.31,17.31
4082,16.8,16.8
4083,17.63,17.63
4084,20.26,20.26
4085,24.03,24.03
4086,23.2,23.2
4087,20.97,20.97
4088,20.88,20.88
4089,25.66,25.66
4090,28.23,28.23
4091,31.35,31.35
4092,28.79,28.79
4093,28.02,28.02
4094,23.53,23.53
4095,24.05,24.05
4096,24.13,24.13
4097,23.3,23.3
4098,27.53,27.53
4099,31.61,31.61
4100,26.06,26.06
4101,28.14,28.14
4102,23.21,23.21
4103,20.43,20.43
4104,18.47,18.47
4105,18.85,18.85
4106,19.08,19.08
4107,20.04,20.04
4108,23.14,23.14
4109,23.58,23.58
4110,22.84,22.84
4111,21.07,21.07
4112,22.8,22.8
4113,24.71,24.71
4114,28.28,28.28
4115,29.77,29.77
4116,34.68,34.68
4117,34.41,34.41
4118,35.1,35.1
4119,37.32,37.32
4120,38.8,38.8
4121,32.68,32.68
4122,51.9,51.9
4123,60.54,60.54
4124,44.02,44.02
4125,33.06,33.06
4126,26.8,26.8
4127,25.43,25.43
4128,23.57,23.57
4129,23.19,23.19
4130,23.66,23.66
4131,24.16,24.16
4132,27.41,27.41
4133,30.39,30.39
4134,26.95,26.95
4135,22.72,22.72
4136,21.45,21.45
4137,23.4,23.4
4138,23.51,23.51
4139,27.97,27.97
4140,31.76,31.76
4141,35.57,35.57
4142,40.2,40.2
4143,40.76,40.76
4144,38.32,38.32
4145,37.07,37.07
4146,61.5,61.5
4147,57.79,57.79
4148,36.53,36.53
4149,27.62,27.62
4150,22.85,22.85
4151,19.74,19.74
4152,18.01,18.01
4153,17.37,17.37
4154,16.94,16.94
4155,16.93,16.93
4156,17.15,17.15
4157,18.58,18.58
4158,17.67,17.67
4159,16.17,16.17
4160,15.18,15.18
4161,17.13,17.13
4162,20.27,20.27
4163,24.33,24.33
4164,25.51,25.51
4165,28.08,28.08
4166,35.0,35.0
4167,37.96,37.96
4168,38.74,38.74
4169,45.27,45.27
4170,84.11,84.11
4171,82.15,82.15
4172,35.97,35.97
4173,27.44,27.44
4174,24.05,24.05
4175,18.23,18.23
4176,17.61,17.61
4177,16.31,16.31
4178,15.42,15.42
4179,15.64,15.64
4180,15.4,15.4
4181,15.4,15.4
4182,14.28,14.28
4183,12.83,12.83
4184,15.58,15.58
4185,18.65,18.65
4186,25.87,25.87
4187,32.88,32.88
4188,37.64,37.64
4189,41.2,41.2
4190,46.6,46.6
4191,57.87,57.87
4192,65.0,65.0
4193,74.44,74.44
4194,197.53,197.53
4195,215.18,215.18
4196,59.41,59.41
4197,32.77,32.77
4198,25.29,25.29
4199,20.69,20.69
4200,17.99,17.99
4201,16.95,16.95
4202,16.97,16.97
4203,17.91,17.91
4204,19.48,19.48
4205,20.45,20.45
4206,18.15,18.15
4207,17.66,17.66
4208,18.25,18.25
4209,23.97,23.97
4210,28.73,28.73
4211,35.22,35.22
4212,43.22,43.22
4213,47.67,47.67
4214,60.63,60.63
4215,70.22,70.22
4216,69.61,69.61
4217,70.91,70.91
4218,122.61,122.61
4219,116.23,116.23
4220,39.12,39.12
4221,29.24,29.24
4222,23.36,23.36
4223,17.48,17.48
4224,16.56,16.56
4225,15.0,15.0
4226,14.59,14.59
4227,14.73,14.73
4228,16.47,16.47
4229,17.79,17.79
4230,15.67,15.67
4231,14.57,14.57
4232,13.82,13.82
4233,17.98,17.98
4234,23.27,23.27
4235,27.75,27.75
4236,32.27,32.27
4237,34.54,34.54
4238,38.14,38.14
4239,46.37,46.37
4240,45.53,45.53
4241,46.47,46.47
4242,86.37,86.37
4243,71.15,71.15
4244,31.02,31.02
4245,27.46,27.46
4246,22.44,22.44
4247,19.74,19.74
4248,17.91,17.91
4249,16.5,16.5
4250,16.17,16.17
4251,17.08,17.08
4252,18.69,18.69
4253,19.7,19.7
4254,19.25,19.25
4255,18.45,18.45
4256,18.91,18.91
4257,26.77,26.77
4258,33.03,33.03
4259,40.15,40.15
4260,50.54,50.54
4261,61.76,61.76
4262,63.74,63.74
4263,65.02,65.02
4264,60.37,60.37
4265,59.72,59.72
4266,149.54,149.54
4267,136.17,136.17
4268,59.01,59.01
4269,34.95,34.95
4270,28.52,28.52
4271,27.74,27.74
4272,24.72,24.72
4273,22.59,22.59
4274,22.41,22.41
4275,23.87,23.87
4276,25.6,25.6
4277,26.14,26.14
4278,24.54,24.54
4279,21.78,21.78
4280,21.19,21.19
4281,27.9,27.9
4282,33.47,33.47
4283,40.86,40.86
4284,51.99,51.99
4285,55.2,55.2
4286,55.97,55.97
4287,53.17,53.17
4288,42.96,42.96
4289,43.21,43.21
4290,59.27,59.27
4291,50.3,50.3
4292,31.79,31.79
4293,28.44,28.44
4294,22.03,22.03
4295,19.96,19.96
4296,18.42,18.42
4297,17.02,17.02
4298,15.86,15.86
4299,15.36,15.36
4300,17.04,17.04
4301,16.91,16.91
4302,15.89,15.89
4303,14.53,14.53
4304,14.75,14.75
4305,17.94,17.94
4306,22.23,22.23
4307,28.0,28.0
4308,32.84,32.84
4309,36.32,36.32
4310,41.87,41.87
4311,40.15,40.15
4312,36.77,36.77
4313,29.75,29.75
4314,44.48,44.48
4315,36.72,36.72
4316,25.78,25.78
4317,24.06,24.06
4318,19.11,19.11
4319,20.79,20.79
4320,17.8,17.8
4321,16.16,16.16
4322,14.81,14.81
4323,15.25,15.25
4324,16.29,16.29
4325,17.29,17.29
4326,16.61,16.61
4327,14.63,14.63
4328,15.41,15.41
4329,18.71,18.71
4330,23.5,23.5
4331,29.71,29.71
4332,36.06,36.06
4333,34.39,34.39
4334,36.59,36.59
4335,36.34,36.34
4336,33.06,33.06
4337,32.99,32.99
4338,43.23,43.23
4339,54.43,54.43
4340,33.03,33.03
4341,28.34,28.34
4342,23.41,23.41
4343,19.18,19.18
4344,18.08,18.08
4345,17.61,17.61
4346,17.67,17.67
4347,17.37,17.37
4348,18.61,18.61
4349,18.26,18.26
4350,15.81,15.81
4351,15.2,15.2
4352,16.5,16.5
4353,19.83,19.83
4354,23.17,23.17
4355,28.88,28.88
4356,31.88,31.88
4357,34.54,34.54
4358,37.77,37.77
4359,39.08,39.08
4360,39.3,39.3
4361,37.43,37.43
4362,63.14,63.14
4363,71.21,71.21
4364,37.83,37.83
4365,24.83,24.83
4366,19.56,19.56
4367,20.6,20.6
4368,18.63,18.63
4369,17.21,17.21
4370,16.9,16.9
4371,16.91,16.91
4372,17.32,17.32
4373,18.19,18.19
4374,17.1,17.1
4375,14.1,14.1
4376,14.95,14.95
4377,19.1,19.1
4378,24.03,24.03
4379,29.55,29.55
4380,35.4,35.4
4381,39.42,39.42
4382,41.28,41.28
4383,40.49,40.49
4384,36.89,36.89
4385,35.46,35.46
4386,41.27,41.27
4387,46.66,46.66
4388,31.7,31.7
4389,27.42,27.42
4390,21.52,21.52
4391,19.78,19.78
4392,17.56,17.56
4393,17.51,17.51
4394,16.62,16.62
4395,15.84,15.84
4396,17.54,17.54
4397,15.5,15.5
4398,13.17,13.17
4399,11.06,11.06
4400,12.76,12.76
4401,16.93,16.93
4402,20.71,20.71
4403,28.55,28.55
4404,33.73,33.73
4405,37.57,37.57
4406,44.68,44.68
4407,44.73,44.73
4408,42.24,42.24
4409,35.42,35.42
4410,49.08,49.08
4411,50.43,50.43
4412,32.64,32.64
4413,25.8,25.8
4414,22.31,22.31
4415,19.02,19.02
4416,16.17,16.17
4417,15.25,15.25
4418,14.87,14.87
4419,14.9,14.9
4420,16.05,16.05
4421,16.43,16.43
4422,13.78,13.78
4423,11.09,11.09
4424,11.25,11.25
4425,14.65,14.65
4426,22.43,22.43
4427,28.51,28.51
4428,34.94,34.94
4429,36.88,36.88
4430,35.77,35.77
4431,33.87,33.87
4432,31.9,31.9
4433,31.49,31.49
4434,47.45,47.45
4435,44.77,44.77
4436,27.67,27.67
4437,26.04,26.04
4438,20.92,20.92
4439,18.25,18.25
4440,15.74,15.74
4441,13.84,13.84
4442,12.69,12.69
4443,12.53,12.53
4444,13.24,13.24
4445,12.61,12.61
4446,11.44,11.44
4447,9.0,9.0
4448,8.73,8.73
4449,12.35,12.35
4450,19.08,19.08
4451,22.3,22.3
4452,27.45,27.45
4453,28.36,28.36
4454,30.1,30.1
4455,34.99,34.99
4456,35.12,35.12
4457,38.43,38.43
4458,77.0,77.0
4459,75.2,75.2
4460,37.83,37.83
4461,28.47,28.47
4462,22.24,22.24
4463,27.71,27.71
4464,23.01,23.01
4465,19.64,19.64
4466,18.93,18.93
4467,18.68,18.68
4468,19.99,19.99
4469,19.38,19.38
4470,17.1,17.1
4471,14.04,14.04
4472,13.6,13.6
4473,16.53,16.53
4474,21.34,21.34
4475,26.2,26.2
4476,30.61,30.61
4477,33.82,33.82
4478,31.75,31.75
4479,33.1,33.1
4480,32.11,32.11
4481,29.6,29.6
4482,38.64,38.64
4483,45.12,45.12
4484,32.87,32.87
4485,33.94,33.94
4486,27.85,27.85
4487,23.47,23.47
4488,22.88,22.88
4489,21.72,21.72
4490,20.56,20.56
4491,19.93,19.93
4492,23.01,23.01
4493,21.99,21.99
4494,18.16,18.16
4495,16.21,16.21
4496,17.96,17.96
4497,17.4,17.4
4498,20.97,20.97
4499,24.71,24.71
4500,32.17,32.17
4501,34.56,34.56
4502,35.14,35.14
4503,35.73,35.73
4504,30.85,30.85
4505,32.13,32.13
4506,52.89,52.89
4507,40.67,40.67
4508,28.08,28.08
4509,20.88,20.88
4510,18.2,18.2
4511,19.01,19.01
4512,16.75,16.75
4513,15.36,15.36
4514,14.87,14.87
4515,13.79,13.79
4516,13.95,13.95
4517,13.22,13.22
4518,11.12,11.12
4519,8.32,8.32
4520,9.07,9.07
4521,12.07,12.07
4522,14.96,14.96
4523,17.5,17.5
4524,20.74,20.74
4525,22.48,22.48
4526,23.43,23.43
4527,26.34,26.34
4528,27.06,27.06
4529,28.11,28.11
4530,34.34,34.34
4531,35.05,35.05
4532,24.81,24.81
4533,19.2,19.2
4534,17.96,17.96
4535,20.09,20.09
4536,18.36,18.36
4537,18.46,18.46
4538,19.18,19.18
4539,21.26,21.26
4540,24.44,24.44
4541,20.0,20.0
4542,16.89,16.89
4543,12.74,12.74
4544,12.77,12.77
4545,14.16,14.16
4546,13.86,13.86
4547,14.39,14.39
4548,15.38,15.38
4549,16.15,16.15
4550,17.23,17.23
4551,17.89,17.89
4552,18.78,18.78
4553,18.63,18.63
4554,18.72,18.72
4555,25.72,25.72
4556,23.39,23.39
4557,27.5,27.5
4558,21.1,21.1
4559,21.5,21.5
4560,17.68,17.68
4561,16.77,16.77
4562,15.86,15.86
4563,16.15,16.15
4564,17.23,17.23
4565,16.77,16.77
4566,13.62,13.62
4567,10.55,10.55
4568,10.72,10.72
4569,12.33,12.33
4570,15.35,15.35
4571,18.23,18.23
4572,23.53,23.53
4573,25.42,25.42
4574,28.01,28.01
4575,37.1,37.1
4576,32.82,32.82
4577,35.06,35.06
4578,88.59,88.59
4579,81.47,81.47
4580,37.2,37.2
4581,32.21,32.21
4582,23.2,23.2
4583,17.5,17.5
4584,15.27,15.27
4585,13.47,13.47
4586,12.4,12.4
4587,12.79,12.79
4588,13.86,13.86
4589,12.58,12.58
4590,11.06,11.06
4591,9.4,9.4
4592,10.9,10.9
4593,14.24,14.24
4594,17.81,17.81
4595,25.0,25.0
4596,27.8,27.8
4597,30.07,30.07
4598,30.86,30.86
4599,38.35,38.35
4600,34.47,34.47
4601,33.82,33.82
4602,70.41,70.41
4603,62.59,62.59
4604,30.63,30.63
4605,27.13,27.13
4606,22.97,22.97
4607,18.97,18.97
4608,16.09,16.09
4609,15.1,15.1
4610,14.63,14.63
4611,14.91,14.91
4612,16.47,16.47
4613,15.97,15.97
4614,13.01,13.01
4615,11.37,11.37
4616,12.63,12.63
4617,15.6,15.6
4618,22.48,22.48
4619,29.19,29.19
4620,28.43,28.43
4621,29.46,29.46
4622,30.37,30.37
4623,32.88,32.88
4624,34.05,34.05
4625,35.88,35.88
4626,60.18,60.18
4627,63.57,63.57
4628,33.0,33.0
4629,25.2,25.2
4630,20.39,20.39
4631,17.35,17.35
4632,14.57,14.57
4633,13.6,13.6
4634,13.32,13.32
4635,13.81,13.81
4636,14.85,14.85
4637,14.11,14.11
4638,12.51,12.51
4639,11.12,11.12
4640,12.91,12.91
4641,16.52,16.52
4642,21.58,21.58
4643,26.16,26.16
4644,28.08,28.08
4645,28.27,28.27
4646,29.99,29.99
4647,33.61,33.61
4648,29.5,29.5
4649,28.29,28.29
4650,35.95,35.95
4651,34.73,34.73
4652,24.47,24.47
4653,21.35,21.35
4654,17.66,17.66
4655,14.27,14.27
4656,13.11,13.11
4657,12.99,12.99
4658,13.73,13.73
4659,14.31,14.31
4660,14.91,14.91
4661,14.72,14.72
4662,11.99,11.99
4663,8.8,8.8
4664,9.8,9.8
4665,13.72,13.72
4666,18.31,18.31
4667,23.23,23.23
4668,25.11,25.11
4669,25.79,25.79
4670,26.99,26.99
4671,26.55,26.55
4672,23.86,23.86
4673,22.82,22.82
4674,28.63,28.63
4675,25.58,25.58
4676,21.5,21.5
4677,18.81,18.81
4678,16.55,16.55
4679,14.43,14.43
4680,12.95,12.95
4681,12.01,12.01
4682,11.85,11.85
4683,12.38,12.38
4684,13.39,13.39
4685,13.02,13.02
4686,10.7,10.7
4687,5.72,5.72
4688,8.1,8.1
4689,11.84,11.84
4690,15.29,15.29
4691,18.37,18.37
4692,20.2,20.2
4693,20.88,20.88
4694,21.82,21.82
4695,23.93,23.93
4696,23.7,23.7
4697,26.91,26.91
4698,34.33,34.33
4699,34.68,34.68
4700,23.64,23.64
4701,19.28,19.28
4702,15.18,15.18
4703,14.27,14.27
4704,12.42,12.42
4705,11.79,11.79
4706,11.69,11.69
4707,11.96,11.96
4708,13.37,13.37
4709,13.39,13.39
4710,11.96,11.96
4711,11.02,11.02
4712,10.2,10.2
4713,12.17,12.17
4714,15.88,15.88
4715,19.24,19.24
4716,21.61,21.61
4717,23.5,23.5
4718,24.96,24.96
4719,27.09,27.09
4720,28.09,28.09
4721,28.94,28.94
4722,44.71,44.71
4723,39.5,39.5
4724,23.81,23.81
4725,19.44,19.44
4726,15.55,15.55
4727,13.62,13.62
4728,12.58,12.58
4729,11.79,11.79
4730,11.94,11.94
4731,12.46,12.46
4732,13.71,13.71
4733,15.09,15.09
4734,12.37,12.37
4735,10.46,10.46
4736,9.75,9.75
4737,13.67,13.67
4738,18.41,18.41
4739,24.83,24.83
4740,28.5,28.5
4741,29.89,29.89
4742,34.91,34.91
4743,37.29,37.29
4744,38.88,38.88
4745,42.21,42.21
4746,81.6,81.6
4747,60.42,60.42
4748,28.92,28.92
4749,23.7,23.7
4750,18.05,18.05
4751,18.03,18.03
4752,16.05,16.05
4753,14.39,14.39
4754,14.38,14.38
4755,16.33,16.33
4756,18.65,18.65
4757,19.18,19.18
4758,18.67,18.67
4759,16.59,16.59
4760,15.77,15.77
4761,19.02,19.02
4762,25.01,25.01
4763,31.01,31.01
4764,38.29,38.29
4765,42.15,42.15
4766,42.27,42.27
4767,48.27,48.27
4768,47.91,47.91
4769,42.34,42.34
4770,67.37,67.37
4771,66.08,66.08
4772,32.24,32.24
4773,25.81,25.81
4774,21.14,21.14
4775,23.77,23.77
4776,21.51,21.51
4777,19.6,19.6
4778,18.36,18.36
4779,18.76,18.76
4780,21.37,21.37
4781,23.67,23.67
4782,21.36,21.36
4783,17.96,17.96
4784,16.8,16.8
4785,18.53,18.53
4786,21.21,21.21
4787,22.68,22.68
4788,25.14,25.14
4789,23.28,23.28
4790,25.49,25.49
4791,25.44,25.44
4792,25.0,25.0
4793,25.43,25.43
4794,43.04,43.04
4795,45.63,45.63
4796,27.13,27.13
4797,22.03,22.03
4798,20.16,20.16
4799,18.97,18.97
4800,17.32,17.32
4801,15.23,15.23
4802,14.88,14.88
4803,15.29,15.29
4804,17.05,17.05
4805,17.34,17.34
4806,16.39,16.39
4807,14.19,14.19
4808,13.61,13.61
4809,15.18,15.18
4810,18.61,18.61
4811,22.01,22.01
4812,24.36,24.36
4813,25.67,25.67
4814,27.97,27.97
4815,30.03,30.03
4816,31.72,31.72
4817,30.64,30.64
4818,49.18,49.18
4819,44.87,44.87
4820,24.63,24.63
4821,22.01,22.01
4822,18.64,18.64
4823,15.35,15.35
4824,13.51,13.51
4825,11.69,11.69
4826,11.36,11.36
4827,11.16,11.16
4828,12.34,12.34
4829,15.07,15.07
4830,13.1,13.1
4831,9.83,9.83
4832,9.63,9.63
4833,13.16,13.16
4834,17.88,17.88
4835,25.66,25.66
4836,27.46,27.46
4837,28.26,28.26
4838,30.63,30.63
4839,33.32,33.32
4840,35.15,35.15
4841,35.3,35.3
4842,46.96,46.96
4843,53.96,53.96
4844,28.89,28.89
4845,21.65,21.65
4846,21.5,21.5
4847,18.61,18.61
4848,18.1,18.1
4849,16.67,16.67
4850,16.49,16.49
4851,16.24,16.24
4852,15.71,15.71
4853,17.11,17.11
4854,15.48,15.48
4855,13.3,13.3
4856,14.95,14.95
4857,18.1,18.1
4858,19.77,19.77
4859,21.21,21.21
4860,23.61,23.61
4861,23.54,23.54
4862,25.05,25.05
4863,24.93,24.93
4864,25.61,25.61
4865,28.82,28.82
4866,43.5,43.5
4867,45.59,45.59
4868,30.37,30.37
4869,21.59,21.59
4870,20.81,20.81
4871,17.54,17.54
4872,16.61,16.61
4873,16.43,16.43
4874,15.9,15.9
4875,15.82,15.82
4876,16.89,16.89
4877,20.5,20.5
4878,19.77,19.77
4879,17.75,17.75
4880,18.39,18.39
4881,23.48,23.48
4882,25.89,25.89
4883,26.71,26.71
4884,26.26,26.26
4885,23.74,23.74
4886,23.56,23.56
4887,24.14,24.14
4888,24.96,24.96
4889,26.6,26.6
4890,26.06,26.06
4891,36.45,36.45
4892,29.28,29.28
4893,21.36,21.36
4894,19.64,19.64
4895,21.16,21.16
4896,19.64,19.64
4897,17.96,17.96
4898,17.24,17.24
4899,17.92,17.92
4900,19.32,19.32
4901,21.8,21.8
4902,19.46,19.46
4903,17.15,17.15
4904,16.98,16.98
4905,18.2,18.2
4906,19.12,19.12
4907,20.62,20.62
4908,21.42,21.42
4909,22.52,22.52
4910,23.06,23.06
4911,23.28,23.28
4912,22.78,22.78
4913,26.01,26.01
4914,36.92,36.92
4915,44.24,44.24
4916,29.91,29.91
4917,23.52,23.52
4918,20.77,20.77
4919,20.59,20.59
4920,18.17,18.17
4921,17.95,17.95
4922,17.76,17.76
4923,18.15,18.15
4924,20.11,20.11
4925,24.01,24.01
4926,22.69,22.69
4927,17.58,17.58
4928,17.7,17.7
4929,18.68,18.68
4930,19.23,19.23
4931,20.04,20.04
4932,21.42,21.42
4933,22.72,22.72
4934,24.2,24.2
4935,25.12,25.12
4936,25.68,25.68
4937,29.54,29.54
4938,39.56,39.56
4939,41.64,41.64
4940,25.03,25.03
4941,22.88,22.88
4942,19.92,19.92
4943,17.36,17.36
4944,16.37,16.37
4945,16.23,16.23
4946,16.14,16.14
4947,17.29,17.29
4948,19.35,19.35
4949,26.32,26.32
4950,24.55,24.55
4951,19.03,19.03
4952,18.34,18.34
4953,20.07,20.07
4954,21.1,21.1
4955,21.18,21.18
4956,23.54,23.54
4957,24.9,24.9
4958,26.28,26.28
4959,26.72,26.72
4960,26.91,26.91
4961,29.12,29.12
4962,47.44,47.44
4963,45.34,45.34
4964,27.32,27.32
4965,20.05,20.05
4966,16.48,16.48
4967,15.74,15.74
4968,14.51,14.51
4969,14.47,14.47
4970,14.91,14.91
4971,16.52,16.52
4972,18.82,18.82
4973,22.99,22.99
4974,23.76,23.76
4975,19.05,19.05
4976,18.43,18.43
4977,18.83,18.83
4978,20.74,20.74
4979,23.47,23.47
4980,24.62,24.62
4981,26.49,26.49
4982,28.46,28.46
4983,28.81,28.81
4984,27.58,27.58
4985,27.07,27.07
4986,43.68,43.68
4987,42.13,42.13
4988,24.53,24.53
4989,19.44,19.44
4990,16.63,16.63
4991,17.27,17.27
4992,16.26,16.26
4993,16.07,16.07
4994,16.07,16.07
4995,16.62,16.62
4996,17.12,17.12
4997,16.92,16.92
4998,16.77,16.77
4999,14.98,14.98
5000,14.98,14.98
5001,16.36,16.36
5002,18.01,18.01
5003,19.27,19.27
5004,20.54,20.54
5005,21.99,21.99
5006,24.43,24.43
5007,25.63,25.63
5008,26.34,26.34
5009,26.22,26.22
5010,38.4,38.4
5011,33.4,33.4
5012,21.65,21.65
5013,17.35,17.35
5014,14.31,14.31
5015,15.22,15.22
5016,12.26,12.26
5017,10.35,10.35
5018,10.11,10.11
5019,10.08,10.08
5020,10.47,10.47
5021,10.66,10.66
5022,10.08,10.08
5023,6.23,6.23
5024,8.3,8.3
5025,9.99,9.99
5026,12.24,12.24
5027,14.72,14.72
5028,16.28,16.28
5029,19.28,19.28
5030,20.94,20.94
5031,22.27,22.27
5032,23.71,23.71
5033,25.97,25.97
5034,43.65,43.65
5035,40.67,40.67
5036,24.67,24.67
5037,19.77,19.77
5038,13.89,13.89
5039,15.57,15.57
5040,14.98,14.98
5041,13.55,13.55
5042,12.19,12.19
5043,12.67,12.67
5044,14.61,14.61
5045,12.79,12.79
5046,12.73,12.73
5047,9.56,9.56
5048,9.53,9.53
5049,11.34,11.34
5050,17.07,17.07
5051,19.97,19.97
5052,22.4,22.4
5053,27.85,27.85
5054,30.94,30.94
5055,30.61,30.61
5056,28.23,28.23
5057,32.06,32.06
5058,66.33,66.33
5059,48.53,48.53
5060,25.32,25.32
5061,22.37,22.37
5062,17.36,17.36
5063,17.95,17.95
5064,16.89,16.89
5065,14.54,14.54
5066,13.86,13.86
5067,14.15,14.15
5068,15.36,15.36
5069,14.82,14.82
5070,13.91,13.91
5071,11.69,11.69
5072,10.66,10.66
5073,12.92,12.92
5074,15.27,15.27
5075,19.79,19.79
5076,26.99,26.99
5077,29.26,29.26
5078,29.84,29.84
5079,27.44,27.44
5080,26.33,26.33
5081,27.11,27.11
5082,48.65,48.65
5083,39.24,39.24
5084,23.83,23.83
5085,19.34,19.34
5086,15.8,15.8
5087,17.33,17.33
5088,15.78,15.78
5089,13.78,13.78
5090,13.41,13.41
5091,13.56,13.56
5092,14.91,14.91
5093,14.09,14.09
5094,13.1,13.1
5095,10.29,10.29
5096,10.21,10.21
5097,12.26,12.26
5098,15.21,15.21
5099,18.25,18.25
5100,24.67,24.67
5101,25.6,25.6
5102,27.01,27.01
5103,29.47,29.47
5104,30.32,30.32
5105,30.86,30.86
5106,41.37,41.37
5107,35.76,35.76
5108,23.33,23.33
5109,19.35,19.35
5110,16.5,16.5
5111,15.4,15.4
5112,13.02,13.02
5113,12.17,12.17
5114,11.62,11.62
5115,12.75,12.75
5116,14.64,14.64
5117,16.28,16.28
5118,15.39,15.39
5119,11.82,11.82
5120,10.53,10.53
5121,14.49,14.49
5122,15.93,15.93
5123,20.14,20.14
5124,24.59,24.59
5125,27.25,27.25
5126,31.13,31.13
5127,30.12,30.12
5128,28.25,28.25
5129,29.84,29.84
5130,55.02,55.02
5131,57.5,57.5
5132,27.85,27.85
5133,23.31,23.31
5134,18.17,18.17
5135,18.14,18.14
5136,16.88,16.88
5137,15.77,15.77
5138,15.78,15.78
5139,16.21,16.21
5140,18.73,18.73
5141,19.13,19.13
5142,18.35,18.35
5143,15.91,15.91
5144,16.01,16.01
5145,20.02,20.02
5146,25.2,25.2
5147,34.1,34.1
5148,45.42,45.42
5149,59.14,59.14
5150,59.21,59.21
5151,63.91,63.91
5152,57.79,57.79
5153,121.59,121.59
5154,501.35,501.35
5155,397.84,397.84
5156,81.97,81.97
5157,33.28,33.28
5158,24.55,24.55
5159,22.6,22.6
5160,20.09,20.09
5161,19.77,19.77
5162,18.85,18.85
5163,19.05,19.05
5164,18.8,18.8
5165,18.32,18.32
5166,16.81,16.81
5167,14.18,14.18
5168,14.19,14.19
5169,18.34,18.34
5170,22.98,22.98
5171,27.53,27.53
5172,35.44,35.44
5173,40.87,40.87
5174,48.0,48.0
5175,53.03,53.03
5176,48.34,48.34
5177,56.67,56.67
5178,144.84,144.84
5179,110.85,110.85
5180,46.95,46.95
5181,26.92,26.92
5182,23.39,23.39
5183,20.85,20.85
5184,19.47,19.47
5185,18.62,18.62
5186,18.11,18.11
5187,17.87,17.87
5188,17.97,17.97
5189,17.11,17.11
5190,15.78,15.78
5191,12.38,12.38
5192,14.05,14.05
5193,17.19,17.19
5194,20.05,20.05
5195,22.95,22.95
5196,26.38,26.38
5197,27.47,27.47
5198,30.57,30.57
5199,31.68,31.68
5200,32.03,32.03
5201,38.39,38.39
5202,85.17,85.17
5203,61.02,61.02
5204,29.68,29.68
5205,22.15,22.15
5206,19.53,19.53
5207,18.78,18.78
5208,16.62,16.62
5209,15.08,15.08
5210,15.24,15.24
5211,15.47,15.47
5212,17.84,17.84
5213,17.69,17.69
5214,16.86,16.86
5215,13.49,13.49
5216,14.29,14.29
5217,17.75,17.75
5218,22.75,22.75
5219,29.28,29.28
5220,35.61,35.61
5221,36.51,36.51
5222,36.82,36.82
5223,37.56,37.56
5224,33.16,33.16
5225,44.08,44.08
5226,104.79,104.79
5227,76.97,76.97
5228,36.36,36.36
5229,23.61,23.61
5230,20.43,20.43
5231,17.66,17.66
5232,16.6,16.6
5233,15.38,15.38
5234,15.65,15.65
5235,16.09,16.09
5236,17.89,17.89
5237,19.92,19.92
5238,17.76,17.76
5239,14.91,14.91
5240,15.44,15.44
5241,19.75,19.75
5242,25.11,25.11
5243,37.93,37.93
5244,53.94,53.94
5245,65.9,65.9
5246,78.14,78.14
5247,89.59,89.59
5248,115.88,115.88
5249,188.2,188.2
5250,841.27,841.27
5251,388.07,388.07
5252,85.18,85.18
5253,28.63,28.63
5254,22.24,22.24
5255,20.06,20.06
5256,18.04,18.04
5257,16.45,16.45
5258,15.61,15.61
5259,15.64,15.64
5260,17.25,17.25
5261,18.33,18.33
5262,15.86,15.86
5263,13.26,13.26
5264,14.7,14.7
5265,18.48,18.48
5266,25.84,25.84
5267,33.41,33.41
5268,52.4,52.4
5269,67.24,67.24
5270,71.89,71.89
5271,83.67,83.67
5272,77.05,77.05
5273,122.16,122.16
5274,397.77,397.77
5275,165.57,165.57
5276,37.31,37.31
5277,24.97,24.97
5278,19.66,19.66
5279,18.95,18.95
5280,16.47,16.47
5281,15.65,15.65
5282,15.62,15.62
5283,15.77,15.77
5284,17.06,17.06
5285,18.05,18.05
5286,16.61,16.61
5287,14.02,14.02
5288,15.55,15.55
5289,19.86,19.86
5290,25.68,25.68
5291,32.6,32.6
5292,42.62,42.62
5293,38.15,38.15
5294,39.02,39.02
5295,41.56,41.56
5296,38.91,38.91
5297,44.37,44.37
5298,85.18,85.18
5299,66.72,66.72
5300,29.59,29.59
5301,25.11,25.11
5302,20.59,20.59
5303,23.87,23.87
5304,20.21,20.21
5305,18.47,18.47
5306,18.39,18.39
5307,18.43,18.43
5308,20.15,20.15
5309,21.1,21.1
5310,19.27,19.27
5311,16.57,16.57
5312,15.81,15.81
5313,19.07,19.07
5314,25.32,25.32
5315,30.71,30.71
5316,39.79,39.79
5317,41.59,41.59
5318,47.4,47.4
5319,54.72,54.72
5320,47.56,47.56
5321,48.33,48.33
5322,59.08,59.08
5323,48.52,48.52
5324,30.71,30.71
5325,28.54,28.54
5326,25.46,25.46
5327,29.53,29.53
5328,26.35,26.35
5329,23.03,23.03
5330,22.8,22.8
5331,21.85,21.85
5332,21.63,21.63
5333,20.83,20.83
5334,19.05,19.05
5335,16.02,16.02
5336,15.34,15.34
5337,17.73,17.73
5338,21.74,21.74
5339,27.06,27.06
5340,32.37,32.37
5341,32.14,32.14
5342,32.6,32.6
5343,35.05,35.05
5344,36.95,36.95
5345,37.35,37.35
5346,48.25,48.25
5347,35.52,35.52
5348,26.18,26.18
5349,24.39,24.39
5350,20.0,20.0
5351,18.99,18.99
5352,17.26,17.26
5353,15.67,15.67
5354,14.61,14.61
5355,14.24,14.24
5356,14.23,14.23
5357,13.56,13.56
5358,12.68,12.68
5359,8.41,8.41
5360,9.76,9.76
5361,12.83,12.83
5362,16.8,16.8
5363,21.59,21.59
5364,25.59,25.59
5365,27.37,27.37
5366,30.44,30.44
5367,32.15,32.15
5368,30.3,30.3
5369,34.17,34.17
5370,45.2,45.2
5371,43.99,43.99
5372,26.58,26.58
5373,22.06,22.06
5374,17.37,17.37
5375,16.83,16.83
5376,15.18,15.18
5377,13.48,13.48
5378,12.67,12.67
5379,13.59,13.59
5380,15.95,15.95
5381,15.41,15.41
5382,15.45,15.45
5383,11.71,11.71
5384,12.53,12.53
5385,14.91,14.91
5386,22.25,22.25
5387,29.85,29.85
5388,37.86,37.86
5389,40.01,40.01
5390,41.31,41.31
5391,45.24,45.24
5392,34.01,34.01
5393,36.83,36.83
5394,50.81,50.81
5395,47.7,47.7
5396,26.75,26.75
5397,23.58,23.58
5398,19.44,19.44
5399,17.09,17.09
5400,15.97,15.97
5401,14.55,14.55
5402,15.02,15.02
5403,15.82,15.82
5404,17.75,17.75
5405,18.52,18.52
5406,17.7,17.7
5407,14.19,14.19
5408,12.93,12.93
5409,16.0,16.0
5410,20.19,20.19
5411,25.08,25.08
5412,27.94,27.94
5413,29.22,29.22
5414,30.7,30.7
5415,31.72,31.72
5416,30.39,30.39
5417,30.0,30.0
5418,46.91,46.91
5419,48.76,48.76
5420,25.27,25.27
5421,23.71,23.71
5422,19.31,19.31
5423,18.14,18.14
5424,16.08,16.08
5425,14.98,14.98
5426,14.32,14.32
5427,14.35,14.35
5428,16.44,16.44
5429,17.02,17.02
5430,16.54,16.54
5431,11.83,11.83
5432,12.8,12.8
5433,15.94,15.94
5434,20.12,20.12
5435,26.6,26.6
5436,28.43,28.43
5437,32.16,32.16
5438,36.09,36.09
5439,39.89,39.89
5440,36.69,36.69
5441,48.62,48.62
5442,88.04,88.04
5443,58.19,58.19
5444,30.39,30.39
5445,25.18,25.18
5446,20.64,20.64
5447,19.76,19.76
5448,17.07,17.07
5449,15.76,15.76
5450,14.95,14.95
5451,15.52,15.52
5452,17.06,17.06
5453,17.37,17.37
5454,17.04,17.04
5455,12.63,12.63
5456,12.97,12.97
5457,15.74,15.74
5458,23.82,23.82
5459,27.16,27.16
5460,35.77,35.77
5461,39.7,39.7
5462,46.32,46.32
5463,53.71,53.71
5464,53.16,53.16
5465,88.82,88.82
5466,168.29,168.29
5467,99.34,99.34
5468,36.45,36.45
5469,29.53,29.53
5470,23.65,23.65
5471,22.62,22.62
5472,20.57,20.57
5473,17.68,17.68
5474,16.81,16.81
5475,16.97,16.97
5476,18.76,18.76
5477,20.29,20.29
5478,18.82,18.82
5479,15.59,15.59
5480,15.05,15.05
5481,18.8,18.8
5482,26.14,26.14
5483,32.94,32.94
5484,43.26,43.26
5485,50.29,50.29
5486,57.61,57.61
5487,65.67,65.67
5488,65.06,65.06
5489,106.65,106.65
5490,190.96,190.96
5491,99.43,99.43
5492,35.11,35.11
5493,28.08,28.08
5494,22.25,22.25
5495,20.44,20.44
5496,18.49,18.49
5497,16.89,16.89
5498,15.47,15.47
5499,13.49,13.49
5500,13.79,13.79
5501,12.25,12.25
5502,12.07,12.07
5503,10.84,10.84
5504,11.28,11.28
5505,17.09,17.09
5506,25.55,25.55
5507,31.7,31.7
5508,39.14,39.14
5509,40.99,40.99
5510,43.8,43.8
5511,48.25,48.25
5512,41.35,41.35
5513,65.03,65.03
5514,114.89,114.89
5515,66.96,66.96
5516,30.37,30.37
5517,26.97,26.97
5518,21.79,21.79
5519,20.84,20.84
5520,18.96,18.96
5521,16.93,16.93
5522,16.82,16.82
5523,16.3,16.3
5524,16.22,16.22
5525,15.97,15.97
5526,13.91,13.91
5527,11.47,11.47
5528,11.72,11.72
5529,18.21,18.21
5530,25.28,25.28
5531,29.71,29.71
5532,35.37,35.37
5533,38.99,38.99
5534,40.58,40.58
5535,46.22,46.22
5536,45.03,45.03
5537,76.21,76.21
5538,226.9,226.9
5539,114.4,114.4
5540,37.08,37.08
5541,27.32,27.32
5542,22.15,22.15
5543,21.07,21.07
5544,18.75,18.75
5545,16.06,16.06
5546,15.21,15.21
5547,15.4,15.4
5548,16.25,16.25
5549,17.99,17.99
5550,16.56,16.56
5551,15.6,15.6
5552,16.02,16.02
5553,20.1,20.1
5554,27.04,27.04
5555,37.44,37.44
5556,50.24,50.24
5557,66.99,66.99
5558,56.77,56.77
5559,62.35,62.35
5560,61.59,61.59
5561,140.84,140.84
5562,515.54,515.54
5563,256.28,256.28
5564,52.45,52.45
5565,31.14,31.14
5566,22.52,22.52
5567,20.25,20.25
5568,17.34,17.34
5569,15.99,15.99
5570,15.74,15.74
5571,16.82,16.82
5572,18.62,18.62
5573,21.22,21.22
5574,20.5,20.5
5575,15.87,15.87
5576,16.12,16.12
5577,18.93,18.93
5578,26.21,26.21
5579,32.73,32.73
5580,49.08,49.08
5581,65.02,65.02
5582,72.71,72.71
5583,77.09,77.09
5584,69.99,69.99
5585,195.48,195.48
5586,622.31,622.31
5587,276.44,276.44
5588,60.36,60.36
5589,31.17,31.17
5590,25.03,25.03
5591,20.23,20.23
5592,18.38,18.38
5593,16.45,16.45
5594,15.96,15.96
5595,16.32,16.32
5596,17.54,17.54
5597,18.6,18.6
5598,17.52,17.52
5599,14.98,14.98
5600,15.74,15.74
5601,17.74,17.74
5602,25.36,25.36
5603,30.09,30.09
5604,43.45,43.45
5605,51.09,51.09
5606,53.69,53.69
5607,57.77,57.77
5608,52.9,52.9
5609,73.24,73.24
5610,117.36,117.36
5611,63.83,63.83
5612,28.0,28.0
5613,22.28,22.28
5614,18.47,18.47
5615,17.51,17.51
5616,15.66,15.66
5617,14.45,14.45
5618,14.34,14.34
5619,14.83,14.83
5620,16.28,16.28
5621,17.2,17.2
5622,15.83,15.83
5623,12.21,12.21
5624,12.16,12.16
5625,15.24,15.24
5626,20.22,20.22
5627,25.6,25.6
5628,31.03,31.03
5629,36.31,36.31
5630,37.91,37.91
5631,42.22,42.22
5632,40.11,40.11
5633,52.2,52.2
5634,84.9,84.9
5635,53.99,53.99
5636,28.46,28.46
5637,22.5,22.5
5638,17.9,17.9
5639,18.66,18.66
5640,15.55,15.55
5641,14.71,14.71
5642,14.65,14.65
5643,15.15,15.15
5644,16.27,16.27
5645,16.9,16.9
5646,17.99,17.99
5647,15.0,15.0
5648,13.77,13.77
5649,16.65,16.65
5650,21.96,21.96
5651,26.63,26.63
5652,33.72,33.72
5653,35.91,35.91
5654,39.58,39.58
5655,41.52,41.52
5656,39.35,39.35
5657,35.22,35.22
5658,40.28,40.28
5659,31.14,31.14
5660,23.87,23.87
5661,20.18,20.18
5662,17.38,17.38
5663,18.7,18.7
5664,17.11,17.11
5665,15.2,15.2
5666,14.81,14.81
5667,13.65,13.65
5668,14.16,14.16
5669,16.0,16.0
5670,15.52,15.52
5671,11.5,11.5
5672,11.69,11.69
5673,15.64,15.64
5674,21.21,21.21
5675,23.71,23.71
5676,26.56,26.56
5677,29.09,29.09
5678,31.24,31.24
5679,28.1,28.1
5680,28.91,28.91
5681,33.1,33.1
5682,47.29,47.29
5683,38.87,38.87
5684,21.94,21.94
5685,20.05,20.05
5686,16.15,16.15
5687,16.62,16.62
5688,14.57,14.57
5689,13.86,13.86
5690,13.33,13.33
5691,13.39,13.39
5692,14.29,14.29
5693,14.3,14.3
5694,14.06,14.06
5695,11.42,11.42
5696,11.53,11.53
5697,15.38,15.38
5698,19.98,19.98
5699,24.64,24.64
5700,27.69,27.69
5701,26.42,26.42
5702,29.28,29.28
5703,30.24,30.24
5704,29.73,29.73
5705,36.89,36.89
5706,52.37,52.37
5707,48.03,48.03
5708,28.06,28.06
5709,21.65,21.65
5710,16.57,16.57
5711,18.32,18.32
5712,17.05,17.05
5713,17.21,17.21
5714,17.28,17.28
5715,18.34,18.34
5716,20.34,20.34
5717,20.1,20.1
5718,19.9,19.9
5719,15.4,15.4
5720,14.95,14.95
5721,18.82,18.82
5722,22.61,22.61
5723,27.93,27.93
5724,31.24,31.24
5725,34.81,34.81
5726,36.42,36.42
5727,38.6,38.6
5728,39.86,39.86
5729,41.69,41.69
5730,49.8,49.8
5731,39.21,39.21
5732,26.05,26.05
5733,22.22,22.22
5734,17.34,17.34
5735,18.72,18.72
5736,18.08,18.08
5737,18.0,18.0
5738,18.45,18.45
5739,19.08,19.08
5740,23.18,23.18
5741,25.26,25.26
5742,23.2,23.2
5743,18.77,18.77
5744,17.17,17.17
5745,20.08,20.08
5746,22.23,22.23
5747,27.67,27.67
5748,27.66,27.66
5749,32.34,32.34
5750,33.17,33.17
5751,36.38,36.38
5752,37.91,37.91
5753,41.89,41.89
5754,46.29,46.29
5755,38.22,38.22
5756,25.94,25.94
5757,22.37,22.37
5758,19.53,19.53
5759,20.5,20.5
5760,19.27,19.27
5761,18.58,18.58
5762,19.27,19.27
5763,20.74,20.74
5764,23.45,23.45
5765,28.0,28.0
5766,25.69,25.69
5767,20.03,20.03
5768,18.76,18.76
5769,23.32,23.32
5770,24.84,24.84
5771,26.94,26.94
5772,30.77,30.77
5773,37.87,37.87
5774,36.94,36.94
5775,37.7,37.7
5776,36.53,36.53
5777,36.57,36.57
5778,40.88,40.88
5779,40.47,40.47
5780,28.44,28.44
5781,23.4,23.4
5782,20.99,20.99
5783,18.76,18.76
5784,17.35,17.35
5785,16.82,16.82
5786,17.11,17.11
5787,17.92,17.92
5788,20.72,20.72
5789,23.58,23.58
5790,22.41,22.41
5791,18.1,18.1
5792,16.28,16.28
5793,17.2,17.2
5794,19.87,19.87
5795,21.8,21.8
5796,22.4,22.4
5797,26.73,26.73
5798,29.23,29.23
5799,31.0,31.0
5800,32.02,32.02
5801,35.97,35.97
5802,43.68,43.68
5803,35.49,35.49
5804,25.54,25.54
5805,21.0,21.0
5806,17.92,17.92
5807,15.46,15.46
5808,15.12,15.12
5809,15.93,15.93
5810,16.57,16.57
5811,17.7,17.7
5812,20.78,20.78
5813,24.44,24.44
5814,22.94,22.94
5815,17.76,17.76
5816,17.67,17.67
5817,19.56,19.56
5818,21.59,21.59
5819,20.8,20.8
5820,24.61,24.61
5821,26.4,26.4
5822,28.61,28.61
5823,32.6,32.6
5824,32.36,32.36
5825,34.4,34.4
5826,43.37,43.37
5827,36.69,36.69
5828,29.27,29.27
5829,23.31,23.31
5830,21.65,21.65
5831,22.52,22.52
5832,21.02,21.02
5833,19.95,19.95
5834,18.8,18.8
5835,18.46,18.46
5836,18.92,18.92
5837,19.64,19.64
5838,18.58,18.58
5839,17.15,17.15
5840,16.42,16.42
5841,17.17,17.17
5842,18.81,18.81
5843,19.35,19.35
5844,21.73,21.73
5845,24.71,24.71
5846,26.17,26.17
5847,26.9,26.9
5848,29.52,29.52
5849,39.59,39.59
5850,60.74,60.74
5851,52.35,52.35
5852,32.55,32.55
5853,23.83,23.83
5854,21.31,21.31
5855,25.17,25.17
5856,22.74,22.74
5857,21.09,21.09
5858,20.03,20.03
5859,19.42,19.42
5860,19.21,19.21
5861,20.33,20.33
5862,19.26,19.26
5863,17.28,17.28
5864,15.78,15.78
5865,16.49,16.49
5866,18.2,18.2
5867,18.98,18.98
5868,19.56,19.56
5869,19.84,19.84
5870,22.63,22.63
5871,23.42,23.42
5872,23.72,23.72
5873,26.68,26.68
5874,38.85,38.85
5875,33.44,33.44
5876,26.95,26.95
5877,24.26,24.26
5878,21.25,21.25
5879,23.05,23.05
5880,20.43,20.43
5881,19.04,19.04
5882,18.93,18.93
5883,18.39,18.39
5884,18.35,18.35
5885,18.97,18.97
5886,18.78,18.78
5887,16.73,16.73
5888,16.99,16.99
5889,16.67,16.67
5890,17.44,17.44
5891,18.86,18.86
5892,19.73,19.73
5893,20.08,20.08
5894,19.54,19.54
5895,20.17,20.17
5896,21.17,21.17
5897,23.59,23.59
5898,32.7,32.7
5899,31.08,31.08
5900,26.97,26.97
5901,22.11,22.11
5902,20.77,20.77
5903,18.76,18.76
5904,17.39,17.39
5905,16.72,16.72
5906,16.38,16.38
5907,16.67,16.67
5908,18.2,18.2
5909,20.58,20.58
5910,19.5,19.5
5911,18.24,18.24
5912,18.79,18.79
5913,18.59,18.59
5914,18.17,18.17
5915,18.98,18.98
5916,19.28,19.28
5917,18.79,18.79
5918,18.59,18.59
5919,18.64,18.64
5920,20.34,20.34
5921,25.22,25.22
5922,28.82,28.82
5923,28.22,28.22
5924,25.38,25.38
5925,19.76,19.76
5926,17.96,17.96
5927,19.62,19.62
5928,18.74,18.74
5929,17.73,17.73
5930,17.61,17.61
5931,17.75,17.75
5932,19.63,19.63
5933,21.49,21.49
5934,20.82,20.82
5935,20.15,20.15
5936,20.23,20.23
5937,19.46,19.46
5938,19.61,19.61
5939,19.8,19.8
5940,20.32,20.32
5941,21.01,21.01
5942,21.64,21.64
5943,22.2,22.2
5944,24.73,24.73
5945,38.11,38.11
5946,41.84,41.84
5947,35.93,35.93
5948,28.74,28.74
5949,22.95,22.95
5950,20.63,20.63
5951,20.62,20.62
5952,18.74,18.74
5953,18.51,18.51
5954,17.77,17.77
5955,18.48,18.48
5956,19.66,19.66
5957,22.83,22.83
5958,21.89,21.89
5959,20.33,20.33
5960,19.33,19.33
5961,19.17,19.17
5962,18.12,18.12
5963,19.31,19.31
5964,20.65,20.65
5965,23.56,23.56
5966,25.67,25.67
5967,26.43,26.43
5968,29.27,29.27
5969,44.61,44.61
5970,47.36,47.36
5971,39.44,39.44
5972,31.09,31.09
5973,23.12,23.12
5974,21.16,21.16
5975,20.5,20.5
5976,18.4,18.4
5977,17.27,17.27
5978,16.81,16.81
5979,16.52,16.52
5980,17.22,17.22
5981,17.77,17.77
5982,17.08,17.08
5983,11.8,11.8
5984,10.21,10.21
5985,10.34,10.34
5986,9.58,9.58
5987,10.43,10.43
5988,15.24,15.24
5989,16.69,16.69
5990,17.94,17.94
5991,20.28,20.28
5992,18.14,18.14
5993,21.95,21.95
5994,38.15,38.15
5995,30.84,30.84
5996,25.47,25.47
5997,21.05,21.05
5998,17.67,17.67
5999,18.52,18.52
6000,16.68,16.68
6001,16.3,16.3
6002,14.83,14.83
6003,14.52,14.52
6004,14.91,14.91
6005,14.29,14.29
6006,13.85,13.85
6007,7.72,7.72
6008,4.11,4.11
6009,5.43,5.43
6010,6.65,6.65
6011,8.83,8.83
6012,12.0,12.0
6013,13.6,13.6
6014,14.63,14.63
6015,15.36,15.36
6016,16.13,16.13
6017,20.6,20.6
6018,33.63,33.63
6019,27.29,27.29
6020,21.92,21.92
6021,19.47,19.47
6022,16.68,16.68
6023,15.78,15.78
6024,14.37,14.37
6025,13.92,13.92
6026,12.85,12.85
6027,12.67,12.67
6028,13.0,13.0
6029,12.15,12.15
6030,11.83,11.83
6031,5.1,5.1
6032,1.99,1.99
6033,1.82,1.82
6034,3.28,3.28
6035,7.21,7.21
6036,10.13,10.13
6037,11.44,11.44
6038,12.52,12.52
6039,14.16,14.16
6040,14.72,14.72
6041,20.04,20.04
6042,37.26,37.26
6043,23.58,23.58
6044,20.86,20.86
6045,18.18,18.18
6046,14.94,14.94
6047,14.87,14.87
6048,13.6,13.6
6049,12.45,12.45
6050,12.46,12.46
6051,14.25,14.25
6052,16.74,16.74
6053,17.43,17.43
6054,16.27,16.27
6055,10.29,10.29
6056,4.54,4.54
6057,4.66,4.66
6058,8.54,8.54
6059,10.99,10.99
6060,13.35,13.35
6061,14.62,14.62
6062,15.08,15.08
6063,17.74,17.74
6064,20.39,20.39
6065,33.58,33.58
6066,47.68,47.68
6067,29.48,29.48
6068,24.1,24.1
6069,18.62,18.62
6070,15.54,15.54
6071,16.68,16.68
6072,15.2,15.2
6073,14.44,14.44
6074,14.66,14.66
6075,15.07,15.07
6076,19.21,19.21
6077,20.0,20.0
6078,20.59,20.59
6079,12.81,12.81
6080,7.92,7.92
6081,11.82,11.82
6082,11.97,11.97
6083,15.0,15.0
6084,17.65,17.65
6085,20.03,20.03
6086,22.35,22.35
6087,25.1,25.1
6088,27.9,27.9
6089,43.15,43.15
6090,61.36,61.36
6091,38.65,38.65
6092,25.49,25.49
6093,23.11,23.11
6094,19.37,19.37
6095,18.18,18.18
6096,17.13,17.13
6097,17.33,17.33
6098,18.0,18.0
6099,20.3,20.3
6100,23.92,23.92
6101,27.46,27.46
6102,26.24,26.24
6103,21.65,21.65
6104,17.64,17.64
6105,18.19,18.19
6106,17.56,17.56
6107,20.69,20.69
6108,23.63,23.63
6109,22.24,22.24
6110,21.03,21.03
6111,24.2,24.2
6112,25.16,25.16
6113,46.16,46.16
6114,68.36,68.36
6115,42.92,42.92
6116,27.27,27.27
6117,21.5,21.5
6118,19.35,19.35
6119,16.11,16.11
6120,14.22,14.22
6121,13.4,13.4
6122,12.97,12.97
6123,15.44,15.44
6124,17.84,17.84
6125,22.5,22.5
6126,21.57,21.57
6127,15.67,15.67
6128,13.88,13.88
6129,14.13,14.13
6130,14.43,14.43
6131,17.01,17.01
6132,19.31,19.31
6133,20.6,20.6
6134,22.26,22.26
6135,23.84,23.84
6136,26.4,26.4
6137,41.98,41.98
6138,71.14,71.14
6139,39.62,39.62
6140,24.74,24.74
6141,18.61,18.61
6142,15.91,15.91
6143,13.42,13.42
6144,11.8,11.8
6145,10.44,10.44
6146,9.65,9.65
6147,9.67,9.67
6148,12.23,12.23
6149,14.81,14.81
6150,14.94,14.94
6151,10.59,10.59
6152,5.69,5.69
6153,9.55,9.55
6154,12.51,12.51
6155,15.66,15.66
6156,18.75,18.75
6157,22.35,22.35
6158,24.14,24.14
6159,25.63,25.63
6160,25.8,25.8
6161,48.3,48.3
6162,51.1,51.1
6163,25.54,25.54
6164,20.85,20.85
6165,18.0,18.0
6166,15.58,15.58
6167,15.54,15.54
6168,13.5,13.5
6169,12.33,12.33
6170,12.52,12.52
6171,12.34,12.34
6172,13.55,13.55
6173,14.15,14.15
6174,14.99,14.99
6175,14.18,14.18
6176,14.71,14.71
6177,16.31,16.31
6178,18.91,18.91
6179,20.69,20.69
6180,24.19,24.19
6181,27.72,27.72
6182,27.81,27.81
6183,32.02,32.02
6184,39.33,39.33
6185,68.87,68.87
6186,72.15,72.15
6187,35.75,35.75
6188,26.44,26.44
6189,21.06,21.06
6190,20.25,20.25
6191,20.03,20.03
6192,18.69,18.69
6193,17.48,17.48
6194,16.62,16.62
6195,16.77,16.77
6196,16.84,16.84
6197,17.35,17.35
6198,16.77,16.77
6199,14.89,14.89
6200,13.85,13.85
6201,16.2,16.2
6202,19.15,19.15
6203,20.54,20.54
6204,20.24,20.24
6205,21.84,21.84
6206,22.31,22.31
6207,26.05,26.05
6208,26.64,26.64
6209,43.59,43.59
6210,57.91,57.91
6211,40.3,40.3
6212,25.25,25.25
6213,21.37,21.37
6214,18.61,18.61
6215,21.45,21.45
6216,19.95,19.95
6217,19.4,19.4
6218,19.21,19.21
6219,20.98,20.98
6220,23.44,23.44
6221,25.52,25.52
6222,24.52,24.52
6223,18.43,18.43
6224,17.31,17.31
6225,17.89,17.89
6226,19.93,19.93
6227,22.96,22.96
6228,24.73,24.73
6229,23.08,23.08
6230,24.71,24.71
6231,26.87,26.87
6232,30.03,30.03
6233,47.58,47.58
6234,61.92,61.92
6235,35.3,35.3
6236,24.45,24.45
6237,21.75,21.75
6238,18.57,18.57
6239,19.87,19.87
6240,18.24,18.24
6241,17.71,17.71
6242,18.3,18.3
6243,18.83,18.83
6244,21.62,21.62
6245,24.91,24.91
6246,24.53,24.53
6247,19.56,19.56
6248,16.85,16.85
6249,18.0,18.0
6250,20.06,20.06
6251,23.69,23.69
6252,27.82,27.82
6253,27.41,27.41
6254,28.27,28.27
6255,30.37,30.37
6256,30.83,30.83
6257,40.94,40.94
6258,48.66,48.66
6259,35.32,35.32
6260,23.52,23.52
6261,20.65,20.65
6262,17.19,17.19
6263,16.39,16.39
6264,14.61,14.61
6265,13.7,13.7
6266,13.7,13.7
6267,14.71,14.71
6268,16.87,16.87
6269,18.43,18.43
6270,17.54,17.54
6271,16.08,16.08
6272,14.86,14.86
6273,16.59,16.59
6274,17.93,17.93
6275,21.71,21.71
6276,26.11,26.11
6277,26.38,26.38
6278,28.95,28.95
6279,30.78,30.78
6280,31.78,31.78
6281,44.76,44.76
6282,52.0,52.0
6283,34.64,34.64
6284,24.81,24.81
6285,20.53,20.53
6286,17.64,17.64
6287,16.09,16.09
6288,15.08,15.08
6289,14.1,14.1
6290,13.73,13.73
6291,14.3,14.3
6292,15.76,15.76
6293,19.06,19.06
6294,20.09,20.09
6295,17.12,17.12
6296,15.43,15.43
6297,20.1,20.1
6298,24.11,24.11
6299,28.61,28.61
6300,30.68,30.68
6301,34.27,34.27
6302,34.13,34.13
6303,36.12,36.12
6304,43.76,43.76
6305,103.86,103.86
6306,109.04,109.04
6307,50.28,50.28
6308,27.8,27.8
6309,24.31,24.31
6310,18.91,18.91
6311,18.24,18.24
6312,16.11,16.11
6313,14.56,14.56
6314,14.52,14.52
6315,15.9,15.9
6316,18.38,18.38
6317,21.0,21.0
6318,21.09,21.09
6319,18.18,18.18
6320,15.53,15.53
6321,19.87,19.87
6322,22.59,22.59
6323,25.41,25.41
6324,30.35,30.35
6325,32.87,32.87
6326,32.56,32.56
6327,35.35,35.35
6328,33.26,33.26
6329,43.07,43.07
6330,56.11,56.11
6331,33.52,33.52
6332,25.04,25.04
6333,22.79,22.79
6334,18.24,18.24
6335,21.44,21.44
6336,19.9,19.9
6337,18.24,18.24
6338,18.07,18.07
6339,18.36,18.36
6340,19.22,19.22
6341,17.09,17.09
6342,17.09,17.09
6343,14.9,14.9
6344,13.15,13.15
6345,14.98,14.98
6346,20.26,20.26
6347,22.62,22.62
6348,24.31,24.31
6349,26.39,26.39
6350,29.82,29.82
6351,30.15,30.15
6352,27.79,27.79
6353,32.35,32.35
6354,30.85,30.85
6355,26.46,26.46
6356,21.38,21.38
6357,20.88,20.88
6358,17.25,17.25
6359,17.52,17.52
6360,15.51,15.51
6361,14.67,14.67
6362,14.63,14.63
6363,15.44,15.44
6364,16.77,16.77
6365,17.26,17.26
6366,16.65,16.65
6367,12.93,12.93
6368,11.22,11.22
6369,13.81,13.81
6370,17.38,17.38
6371,21.87,21.87
6372,23.58,23.58
6373,25.4,25.4
6374,28.06,28.06
6375,28.26,28.26
6376,26.91,26.91
6377,31.43,31.43
6378,29.44,29.44
6379,24.19,24.19
6380,20.71,20.71
6381,21.85,21.85
6382,18.55,18.55
6383,21.45,21.45
6384,21.28,21.28
6385,20.61,20.61
6386,20.29,20.29
6387,21.38,21.38
6388,24.13,24.13
6389,27.21,27.21
6390,26.34,26.34
6391,21.54,21.54
6392,22.0,22.0
6393,24.62,24.62
6394,28.56,28.56
6395,31.1,31.1
6396,35.75,35.75
6397,38.52,38.52
6398,38.63,38.63
6399,37.97,37.97
6400,45.73,45.73
6401,60.45,60.45
6402,58.99,58.99
6403,42.15,42.15
6404,31.56,31.56
6405,26.46,26.46
6406,24.98,24.98
6407,24.71,24.71
6408,23.31,23.31
6409,22.17,22.17
6410,21.52,21.52
6411,21.57,21.57
6412,23.52,23.52
6413,27.22,27.22
6414,25.48,25.48
6415,21.06,21.06
6416,18.05,18.05
6417,20.3,20.3
6418,24.77,24.77
6419,29.36,29.36
6420,32.75,32.75
6421,32.37,32.37
6422,32.55,32.55
6423,32.57,32.57
6424,33.69,33.69
6425,56.08,56.08
6426,75.55,75.55
6427,42.08,42.08
6428,32.55,32.55
6429,28.02,28.02
6430,23.92,23.92
6431,23.68,23.68
6432,22.29,22.29
6433,21.84,21.84
6434,21.54,21.54
6435,21.38,21.38
6436,22.83,22.83
6437,27.0,27.0
6438,25.19,25.19
6439,19.78,19.78
6440,18.12,18.12
6441,20.34,20.34
6442,24.09,24.09
6443,25.69,25.69
6444,27.05,27.05
6445,29.16,29.16
6446,30.36,30.36
6447,29.66,29.66
6448,30.21,30.21
6449,60.92,60.92
6450,77.67,77.67
6451,55.89,55.89
6452,40.23,40.23
6453,29.66,29.66
6454,26.28,26.28
6455,21.75,21.75
6456,19.91,19.91
6457,19.38,19.38
6458,19.45,19.45
6459,19.4,19.4
6460,22.27,22.27
6461,24.38,24.38
6462,22.57,22.57
6463,16.62,16.62
6464,11.44,11.44
6465,12.5,12.5
6466,15.67,15.67
6467,17.87,17.87
6468,19.37,19.37
6469,21.16,21.16
6470,22.51,22.51
6471,25.11,25.11
6472,27.86,27.86
6473,47.41,47.41
6474,64.07,64.07
6475,42.66,42.66
6476,31.25,31.25
6477,24.95,24.95
6478,23.51,23.51
6479,21.21,21.21
6480,19.32,19.32
6481,18.71,18.71
6482,18.74,18.74
6483,19.4,19.4
6484,22.13,22.13
6485,23.63,23.63
6486,23.37,23.37
6487,16.55,16.55
6488,12.52,12.52
6489,14.1,14.1
6490,16.54,16.54
6491,17.84,17.84
6492,19.92,19.92
6493,23.14,23.14
6494,28.8,28.8
6495,30.64,30.64
6496,29.43,29.43
6497,48.74,48.74
6498,51.23,51.23
6499,35.03,35.03
6500,28.18,28.18
6501,25.82,25.82
6502,23.36,23.36
6503,22.78,22.78
6504,21.41,21.41
6505,19.11,19.11
6506,18.69,18.69
6507,18.0,18.0
6508,18.21,18.21
6509,17.41,17.41
6510,17.03,17.03
6511,14.5,14.5
6512,9.49,9.49
6513,14.21,14.21
6514,15.18,15.18
6515,17.54,17.54
6516,18.55,18.55
6517,23.68,23.68
6518,27.49,27.49
6519,30.15,30.15
6520,27.3,27.3
6521,41.0,41.0
6522,47.03,47.03
6523,30.69,30.69
6524,24.66,24.66
6525,24.02,24.02
6526,20.44,20.44
6527,22.91,22.91
6528,21.4,21.4
6529,18.87,18.87
6530,18.24,18.24
6531,17.98,17.98
6532,17.66,17.66
6533,15.73,15.73
6534,15.63,15.63
6535,12.43,12.43
6536,6.62,6.62
6537,9.16,9.16
6538,13.69,13.69
6539,15.85,15.85
6540,17.89,17.89
6541,20.15,20.15
6542,21.03,21.03
6543,22.26,22.26
6544,26.98,26.98
6545,56.24,56.24
6546,49.78,49.78
6547,30.09,30.09
6548,24.96,24.96
6549,24.88,24.88
6550,21.06,21.06
6551,23.01,23.01
6552,20.46,20.46
6553,20.21,20.21
6554,19.32,19.32
6555,19.47,19.47
6556,20.75,20.75
6557,24.34,24.34
6558,23.52,23.52
6559,16.99,16.99
6560,14.68,14.68
6561,16.86,16.86
6562,19.13,19.13
6563,21.92,21.92
6564,25.85,25.85
6565,28.52,28.52
6566,29.25,29.25
6567,27.65,27.65
6568,35.42,35.42
6569,81.1,81.1
6570,69.85,69.85
6571,34.22,34.22
6572,28.47,28.47
6573,23.83,23.83
6574,22.23,22.23
6575,20.7,20.7
6576,20.59,20.59
6577,19.2,19.2
6578,19.93,19.93
6579,20.84,20.84
6580,22.09,22.09
6581,28.75,28.75
6582,23.98,23.98
6583,17.29,17.29
6584,12.03,12.03
6585,14.96,14.96
6586,18.47,18.47
6587,23.02,23.02
6588,27.14,27.14
6589,25.51,25.51
6590,26.12,26.12
6591,28.09,28.09
6592,31.94,31.94
6593,67.11,67.11
6594,72.6,72.6
6595,38.39,38.39
6596,29.71,29.71
6597,25.87,25.87
6598,23.9,23.9
6599,25.1,25.1
6600,22.42,22.42
6601,21.94,21.94
6602,21.06,21.06
6603,21.65,21.65
6604,23.2,23.2
6605,28.3,28.3
6606,26.68,26.68
6607,18.91,18.91
6608,15.65,15.65
6609,16.75,16.75
6610,18.99,18.99
6611,21.93,21.93
6612,26.54,26.54
6613,29.34,29.34
6614,32.69,32.69
6615,34.25,34.25
6616,36.69,36.69
6617,72.83,72.83
6618,62.92,62.92
6619,34.43,34.43
6620,26.09,26.09
6621,22.13,22.13
6622,20.46,20.46
6623,17.97,17.97
6624,16.12,16.12
6625,14.43,14.43
6626,13.77,13.77
6627,14.64,14.64
6628,16.92,16.92
6629,20.94,20.94
6630,21.25,21.25
6631,15.34,15.34
6632,14.24,14.24
6633,16.97,16.97
6634,20.67,20.67
6635,25.48,25.48
6636,30.66,30.66
6637,33.74,33.74
6638,36.02,36.02
6639,35.94,35.94
6640,36.75,36.75
6641,74.11,74.11
6642,60.86,60.86
6643,33.41,33.41
6644,28.63,28.63
6645,24.52,24.52
6646,22.01,22.01
6647,19.67,19.67
6648,18.84,18.84
6649,18.34,18.34
6650,19.58,19.58
6651,20.46,20.46
6652,23.52,23.52
6653,28.4,28.4
6654,26.8,26.8
6655,20.49,20.49
6656,16.63,16.63
6657,19.26,19.26
6658,22.34,22.34
6659,27.42,27.42
6660,30.71,30.71
6661,33.43,33.43
6662,37.77,37.77
6663,39.75,39.75
6664,46.73,46.73
6665,89.82,89.82
6666,70.78,70.78
6667,41.31,41.31
6668,38.91,38.91
6669,26.92,26.92
6670,24.24,24.24
6671,21.36,21.36
6672,19.96,19.96
6673,19.58,19.58
6674,19.83,19.83
6675,20.09,20.09
6676,20.86,20.86
6677,22.57,22.57
6678,22.15,22.15
6679,18.69,18.69
6680,14.76,14.76
6681,16.55,16.55
6682,19.05,19.05
6683,23.35,23.35
6684,26.31,26.31
6685,27.51,27.51
6686,32.24,32.24
6687,34.37,34.37
6688,47.17,47.17
6689,75.59,75.59
6690,66.76,66.76
6691,38.39,38.39
6692,28.96,28.96
6693,23.73,23.73
6694,20.59,20.59
6695,19.06,19.06
6696,18.17,18.17
6697,17.99,17.99
6698,18.79,18.79
6699,19.46,19.46
6700,20.38,20.38
6701,20.96,20.96
6702,20.6,20.6
6703,16.4,16.4
6704,13.63,13.63
6705,15.09,15.09
6706,17.33,17.33
6707,21.4,21.4
6708,26.14,26.14
6709,27.32,27.32
6710,30.45,30.45
6711,31.4,31.4
6712,43.45,43.45
6713,105.7,105.7
6714,98.12,98.12
6715,53.97,53.97
6716,36.53,36.53
6717,26.46,26.46
6718,23.21,23.21
6719,22.73,22.73
6720,19.96,19.96
6721,19.77,19.77
6722,19.31,19.31
6723,19.95,19.95
6724,21.67,21.67
6725,28.7,28.7
6726,29.98,29.98
6727,22.64,22.64
6728,18.22,18.22
6729,20.01,20.01
6730,23.76,23.76
6731,27.59,27.59
6732,28.49,28.49
6733,31.69,31.69
6734,37.99,37.99
6735,42.88,42.88
6736,77.45,77.45
6737,328.79,328.79
6738,358.27,358.27
6739,113.69,113.69
6740,43.77,43.77
6741,27.28,27.28
6742,22.1,22.1
6743,21.05,21.05
6744,19.5,19.5
6745,18.47,18.47
6746,17.96,17.96
6747,17.77,17.77
6748,19.46,19.46
6749,23.1,23.1
6750,24.32,24.32
6751,17.05,17.05
6752,14.76,14.76
6753,15.59,15.59
6754,17.63,17.63
6755,21.36,21.36
6756,25.57,25.57
6757,27.48,27.48
6758,29.63,29.63
6759,36.75,36.75
6760,44.73,44.73
6761,157.94,157.94
6762,92.56,92.56
6763,39.46,39.46
6764,27.81,27.81
6765,22.22,22.22
6766,18.65,18.65
6767,14.71,14.71
6768,12.59,12.59
6769,11.11,11.11
6770,10.99,10.99
6771,13.17,13.17
6772,15.53,15.53
6773,17.89,17.89
6774,19.57,19.57
6775,14.27,14.27
6776,9.87,9.87
6777,13.06,13.06
6778,14.83,14.83
6779,16.37,16.37
6780,18.8,18.8
6781,21.39,21.39
6782,22.42,22.42
6783,25.77,25.77
6784,38.38,38.38
6785,93.15,93.15
6786,53.32,53.32
6787,28.83,28.83
6788,21.0,21.0
6789,18.11,18.11
6790,15.81,15.81
6791,14.69,14.69
6792,13.96,13.96
6793,12.5,12.5
6794,11.9,11.9
6795,12.82,12.82
6796,15.39,15.39
6797,19.18,19.18
6798,20.1,20.1
6799,14.93,14.93
6800,11.97,11.97
6801,13.48,13.48
6802,15.75,15.75
6803,18.24,18.24
6804,21.97,21.97
6805,24.92,24.92
6806,26.36,26.36
6807,29.35,29.35
6808,45.03,45.03
6809,87.81,87.81
6810,50.45,50.45
6811,26.51,26.51
6812,19.49,19.49
6813,17.98,17.98
6814,16.35,16.35
6815,13.83,13.83
6816,12.66,12.66
6817,11.82,11.82
6818,12.07,12.07
6819,12.92,12.92
6820,14.96,14.96
6821,19.46,19.46
6822,19.98,19.98
6823,14.98,14.98
6824,12.24,12.24
6825,13.95,13.95
6826,15.16,15.16
6827,17.68,17.68
6828,19.54,19.54
6829,21.44,21.44
6830,24.03,24.03
6831,26.58,26.58
6832,42.93,42.93
6833,76.8,76.8
6834,34.66,34.66
6835,21.69,21.69
6836,17.96,17.96
6837,17.55,17.55
6838,16.28,16.28
6839,14.8,14.8
6840,12.76,12.76
6841,11.44,11.44
6842,9.81,9.81
6843,9.07,9.07
6844,11.32,11.32
6845,13.86,13.86
6846,14.56,14.56
6847,10.72,10.72
6848,8.78,8.78
6849,11.51,11.51
6850,14.54,14.54
6851,17.21,17.21
6852,18.99,18.99
6853,21.79,21.79
6854,23.99,23.99
6855,26.13,26.13
6856,41.57,41.57
6857,95.23,95.23
6858,36.95,36.95
6859,23.6,23.6
6860,20.74,20.74
6861,18.31,18.31
6862,17.73,17.73
6863,16.72,16.72
6864,14.06,14.06
6865,12.18,12.18
6866,11.58,11.58
6867,11.65,11.65
6868,11.72,11.72
6869,13.98,13.98
6870,14.85,14.85
6871,12.18,12.18
6872,9.52,9.52
6873,12.7,12.7
6874,15.88,15.88
6875,18.09,18.09
6876,20.43,20.43
6877,24.36,24.36
6878,27.38,27.38
6879,31.43,31.43
6880,60.06,60.06
6881,152.43,152.43
6882,58.83,58.83
6883,29.06,29.06
6884,24.92,24.92
6885,20.62,20.62
6886,18.16,18.16
6887,19.84,19.84
6888,17.87,17.87
6889,17.4,17.4
6890,17.01,17.01
6891,16.96,16.96
6892,19.14,19.14
6893,24.25,24.25
6894,26.69,26.69
6895,21.26,21.26
6896,16.75,16.75
6897,18.11,18.11
6898,19.51,19.51
6899,23.37,23.37
6900,27.36,27.36
6901,28.37,28.37
6902,30.01,30.01
6903,32.88,32.88
6904,60.59,60.59
6905,113.77,113.77
6906,66.29,66.29
6907,30.48,30.48
6908,26.05,26.05
6909,20.39,20.39
6910,17.09,17.09
6911,14.78,14.78
6912,11.37,11.37
6913,9.85,9.85
6914,9.24,9.24
6915,10.03,10.03
6916,14.73,14.73
6917,18.19,18.19
6918,20.9,20.9
6919,16.04,16.04
6920,14.2,14.2
6921,15.42,15.42
6922,16.75,16.75
6923,19.39,19.39
6924,24.55,24.55
6925,27.18,27.18
6926,30.2,30.2
6927,36.01,36.01
6928,49.77,49.77
6929,71.34,71.34
6930,39.2,39.2
6931,26.86,26.86
6932,23.56,23.56
6933,21.14,21.14
6934,17.9,17.9
6935,18.09,18.09
6936,15.97,15.97
6937,14.36,14.36
6938,14.8,14.8
6939,14.69,14.69
6940,18.26,18.26
6941,23.43,23.43
6942,25.84,25.84
6943,17.94,17.94
6944,9.08,9.08
6945,7.38,7.38
6946,10.84,10.84
6947,11.04,11.04
6948,12.92,12.92
6949,14.19,14.19
6950,14.02,14.02
6951,14.59,14.59
6952,18.63,18.63
6953,39.35,39.35
6954,39.38,39.38
6955,25.49,25.49
6956,18.58,18.58
6957,15.49,15.49
6958,14.94,14.94
6959,15.36,15.36
6960,13.19,13.19
6961,12.1,12.1
6962,11.71,11.71
6963,13.48,13.48
6964,16.72,16.72
6965,30.76,30.76
6966,30.09,30.09
6967,18.69,18.69
6968,9.93,9.93
6969,9.04,9.04
6970,9.51,9.51
6971,9.3,9.3
6972,10.0,10.0
6973,10.16,10.16
6974,9.98,9.98
6975,13.33,13.33
6976,17.21,17.21
6977,28.37,28.37
6978,28.56,28.56
6979,24.85,24.85
6980,20.7,20.7
6981,15.88,15.88
6982,14.73,14.73
6983,15.75,15.75
6984,13.53,13.53
6985,12.74,12.74
6986,12.11,12.11
6987,13.0,13.0
6988,15.26,15.26
6989,26.04,26.04
6990,23.03,23.03
6991,17.83,17.83
6992,15.11,15.11
6993,12.39,12.39
6994,13.27,13.27
6995,14.21,14.21
6996,15.85,15.85
6997,16.85,16.85
6998,18.25,18.25
6999,20.13,20.13
7000,22.3,22.3
7001,30.1,30.1
7002,28.16,28.16
7003,25.18,25.18
7004,23.67,23.67
7005,18.54,18.54
7006,17.16,17.16
7007,17.24,17.24
7008,14.42,14.42
7009,12.83,12.83
7010,12.56,12.56
7011,14.43,14.43
7012,14.94,14.94
7013,22.57,22.57
7014,24.52,24.52
7015,17.32,17.32
7016,10.98,10.98
7017,11.28,11.28
7018,11.11,11.11
7019,12.68,12.68
7020,13.08,13.08
7021,14.52,14.52
7022,15.24,15.24
7023,15.37,15.37
7024,22.26,22.26
7025,30.34,30.34
7026,25.77,25.77
7027,18.76,18.76
7028,17.46,17.46
7029,17.11,17.11
7030,16.43,16.43
7031,17.83,17.83
7032,15.77,15.77
7033,15.24,15.24
7034,14.04,14.04
7035,14.99,14.99
7036,16.9,16.9
7037,17.98,17.98
7038,19.26,19.26
7039,18.36,18.36
7040,12.27,12.27
7041,10.11,10.11
7042,11.05,11.05
7043,12.6,12.6
7044,13.34,13.34
7045,15.42,15.42
7046,15.13,15.13
7047,17.33,17.33
7048,27.71,27.71
7049,49.8,49.8
7050,40.21,40.21
7051,23.27,23.27
7052,18.42,18.42
7053,16.41,16.41
7054,16.31,16.31
7055,15.52,15.52
7056,14.04,14.04
7057,13.93,13.93
7058,14.28,14.28
7059,14.62,14.62
7060,17.61,17.61
7061,23.54,23.54
7062,25.73,25.73
7063,16.93,16.93
7064,10.31,10.31
7065,12.14,12.14
7066,13.61,13.61
7067,15.73,15.73
7068,18.87,18.87
7069,17.68,17.68
7070,17.46,17.46
7071,18.36,18.36
7072,28.04,28.04
7073,57.51,57.51
7074,41.74,41.74
7075,24.57,24.57
7076,20.81,20.81
7077,17.0,17.0
7078,16.11,16.11
7079,12.2,12.2
7080,11.18,11.18
7081,10.79,10.79
7082,11.72,11.72
7083,13.72,13.72
7084,18.26,18.26
7085,22.19,22.19
7086,24.45,24.45
7087,20.02,20.02
7088,13.81,13.81
7089,14.62,14.62
7090,17.51,17.51
7091,19.16,19.16
7092,23.91,23.91
7093,24.9,24.9
7094,24.68,24.68
7095,31.21,31.21
7096,66.34,66.34
7097,124.93,124.93
7098,55.09,55.09
7099,27.47,27.47
7100,21.9,21.9
7101,17.45,17.45
7102,15.08,15.08
7103,14.69,14.69
7104,12.74,12.74
7105,12.65,12.65
7106,13.27,13.27
7107,15.31,15.31
7108,18.63,18.63
7109,23.77,23.77
7110,25.26,25.26
7111,21.96,21.96
7112,16.48,16.48
7113,17.3,17.3
7114,20.08,20.08
7115,20.45,20.45
7116,22.56,22.56
7117,24.8,24.8
7118,26.59,26.59
7119,31.7,31.7
7120,84.35,84.35
7121,165.4,165.4
7122,71.05,71.05
7123,30.47,30.47
7124,22.31,22.31
7125,17.54,17.54
7126,15.12,15.12
7127,16.23,16.23
7128,15.05,15.05
7129,14.43,14.43
7130,13.88,13.88
7131,13.98,13.98
7132,16.01,16.01
7133,17.19,17.19
7134,16.52,16.52
7135,14.55,14.55
7136,11.13,11.13
7137,11.45,11.45
7138,13.55,13.55
7139,15.18,15.18
7140,16.53,16.53
7141,17.6,17.6
7142,20.36,20.36
7143,22.3,22.3
7144,27.29,27.29
7145,42.27,42.27
7146,28.07,28.07
7147,22.0,22.0
7148,20.3,20.3
7149,18.88,18.88
7150,16.48,16.48
7151,18.19,18.19
7152,15.52,15.52
7153,14.71,14.71
7154,15.59,15.59
7155,15.87,15.87
7156,17.76,17.76
7157,23.38,23.38
7158,22.78,22.78
7159,18.21,18.21
7160,14.7,14.7
7161,14.81,14.81
7162,16.09,16.09
7163,19.72,19.72
7164,22.86,22.86
7165,28.14,28.14
7166,30.52,30.52
7167,35.1,35.1
7168,98.05,98.05
7169,240.73,240.73
7170,75.68,75.68
7171,46.33,46.33
7172,30.27,30.27
7173,26.53,26.53
7174,24.22,24.22
7175,24.34,24.34
7176,22.9,22.9
7177,21.0,21.0
7178,20.91,20.91
7179,20.77,20.77
7180,20.63,20.63
7181,22.01,22.01
7182,23.24,23.24
7183,19.85,19.85
7184,14.88,14.88
7185,16.91,16.91
7186,18.46,18.46
7187,21.06,21.06
7188,23.07,23.07
7189,24.99,24.99
7190,27.05,27.05
7191,30.23,30.23
7192,67.73,67.73
7193,140.55,140.55
7194,63.62,63.62
7195,35.72,35.72
7196,33.16,33.16
7197,29.95,29.95
7198,23.31,23.31
7199,27.5,27.5
7200,24.7,24.7
7201,22.39,22.39
7202,20.73,20.73
7203,21.24,21.24
7204,21.13,21.13
7205,19.6,19.6
7206,20.76,20.76
7207,15.86,15.86
7208,11.77,11.77
7209,11.91,11.91
7210,12.68,12.68
7211,15.35,15.35
7212,18.79,18.79
7213,22.57,22.57
7214,25.71,25.71
7215,29.29,29.29
7216,52.04,52.04
7217,79.94,79.94
7218,32.85,32.85
7219,23.71,23.71
7220,23.15,23.15
7221,22.9,22.9
7222,20.53,20.53
7223,21.51,21.51
7224,19.56,19.56
7225,17.58,17.58
7226,16.7,16.7
7227,16.44,16.44
7228,19.79,19.79
7229,19.37,19.37
7230,19.57,19.57
7231,16.87,16.87
7232,12.78,12.78
7233,13.07,13.07
7234,15.67,15.67
7235,18.08,18.08
7236,24.35,24.35
7237,26.68,26.68
7238,29.16,29.16
7239,31.07,31.07
7240,36.72,36.72
7241,50.52,50.52
7242,38.86,38.86
7243,31.03,31.03
7244,23.17,23.17
7245,24.19,24.19
7246,21.87,21.87
7247,18.64,18.64
7248,17.3,17.3
7249,15.96,15.96
7250,15.74,15.74
7251,15.6,15.6
7252,18.02,18.02
7253,18.62,18.62
7254,21.52,21.52
7255,18.47,18.47
7256,17.02,17.02
7257,16.53,16.53
7258,19.65,19.65
7259,22.14,22.14
7260,26.17,26.17
7261,35.09,35.09
7262,34.68,34.68
7263,40.92,40.92
7264,35.62,35.62
7265,33.97,33.97
7266,33.29,33.29
7267,29.4,29.4
7268,24.05,24.05
7269,26.34,26.34
7270,24.77,24.77
7271,17.87,17.87
7272,16.25,16.25
7273,16.05,16.05
7274,15.51,15.51
7275,15.43,15.43
7276,17.05,17.05
7277,21.79,21.79
7278,20.46,20.46
7279,20.78,20.78
7280,17.92,17.92
7281,17.18,17.18
7282,18.64,18.64
7283,19.54,19.54
7284,21.72,21.72
7285,23.59,23.59
7286,24.94,24.94
7287,26.34,26.34
7288,35.49,35.49
7289,70.47,70.47
7290,56.06,56.06
7291,45.52,45.52
7292,37.37,37.37
7293,31.51,31.51
7294,25.21,25.21
7295,25.5,25.5
7296,22.09,22.09
7297,20.52,20.52
7298,22.33,22.33
7299,22.13,22.13
7300,24.87,24.87
7301,31.83,31.83
7302,32.86,32.86
7303,25.24,25.24
7304,21.84,21.84
7305,22.64,22.64
7306,26.63,26.63
7307,30.55,30.55
7308,28.8,28.8
7309,26.97,26.97
7310,26.89,26.89
7311,34.58,34.58
7312,83.34,83.34
7313,179.36,179.36
7314,90.46,90.46
7315,42.81,42.81
7316,33.84,33.84
7317,24.51,24.51
7318,20.49,20.49
7319,17.48,17.48
7320,17.14,17.14
7321,16.76,16.76
7322,17.6,17.6
7323,19.15,19.15
7324,22.55,22.55
7325,31.6,31.6
7326,33.52,33.52
7327,31.53,31.53
7328,27.1,27.1
7329,25.88,25.88
7330,29.65,29.65
7331,31.48,31.48
7332,33.21,33.21
7333,28.96,28.96
7334,31.6,31.6
7335,33.8,33.8
7336,35.57,35.57
7337,39.05,39.05
7338,32.22,32.22
7339,25.06,25.06
7340,19.59,19.59
7341,20.13,20.13
7342,18.5,18.5
7343,16.72,16.72
7344,14.59,14.59
7345,13.71,13.71
7346,13.22,13.22
7347,12.66,12.66
7348,14.11,14.11
7349,15.44,15.44
7350,15.56,15.56
7351,15.59,15.59
7352,15.79,15.79
7353,14.13,14.13
7354,15.35,15.35
7355,16.45,16.45
7356,16.81,16.81
7357,16.61,16.61
7358,17.49,17.49
7359,22.2,22.2
7360,31.91,31.91
7361,34.44,34.44
7362,30.21,30.21
7363,22.18,22.18
7364,17.67,17.67
7365,18.77,18.77
7366,16.84,16.84
7367,14.42,14.42
7368,11.6,11.6
7369,14.11,14.11
7370,9.54,9.54
7371,9.17,9.17
7372,8.83,8.83
7373,11.6,11.6
7374,11.58,11.58
7375,10.62,10.62
7376,10.12,10.12
7377,12.33,12.33
7378,14.09,14.09
7379,15.07,15.07
7380,15.53,15.53
7381,17.14,17.14
7382,20.07,20.07
7383,19.4,19.4
7384,26.89,26.89
7385,43.74,43.74
7386,40.22,40.22
7387,29.3,29.3
7388,23.11,23.11
7389,18.13,18.13
7390,17.91,17.91
7391,14.97,14.97
7392,20.72,20.72
7393,17.18,17.18
7394,16.27,16.27
7395,17.18,17.18
7396,18.24,18.24
7397,22.14,22.14
7398,31.75,31.75
7399,31.59,31.59
7400,24.03,24.03
7401,19.21,19.21
7402,19.65,19.65
7403,22.12,22.12
7404,28.16,28.16
7405,25.33,25.33
7406,22.3,22.3
7407,23.83,23.83
7408,33.42,33.42
7409,55.57,55.57
7410,36.7,36.7
7411,29.57,29.57
7412,25.99,25.99
7413,20.0,20.0
7414,18.96,18.96
7415,17.14,17.14
7416,13.37,13.37
7417,10.98,10.98
7418,11.64,11.64
7419,12.92,12.92
7420,16.44,16.44
7421,21.0,21.0
7422,33.04,33.04
7423,31.59,31.59
7424,21.0,21.0
7425,16.7,16.7
7426,16.38,16.38
7427,14.48,14.48
7428,14.04,14.04
7429,13.78,13.78
7430,14.29,14.29
7431,16.28,16.28
7432,35.16,35.16
7433,91.7,91.7
7434,63.27,63.27
7435,42.04,42.04
7436,29.62,29.62
7437,18.3,18.3
7438,14.27,14.27
7439,11.38,11.38
7440,12.32,12.32
7441,11.29,11.29
7442,10.41,10.41
7443,10.23,10.23
7444,10.87,10.87
7445,15.08,15.08
7446,21.59,21.59
7447,18.91,18.91
7448,10.37,10.37
7449,8.92,8.92
7450,9.5,9.5
7451,9.92,9.92
7452,11.98,11.98
7453,13.65,13.65
7454,15.92,15.92
7455,17.26,17.26
7456,36.41,36.41
7457,67.69,67.69
7458,39.06,39.06
7459,29.42,29.42
7460,25.47,25.47
7461,22.08,22.08
7462,17.04,17.04
7463,15.14,15.14
7464,13.02,13.02
7465,12.27,12.27
7466,12.86,12.86
7467,14.11,14.11
7468,14.91,14.91
7469,17.57,17.57
7470,19.89,19.89
7471,20.26,20.26
7472,20.9,20.9
7473,20.31,20.31
7474,19.78,19.78
7475,18.49,18.49
7476,19.52,19.52
7477,20.63,20.63
7478,22.25,22.25
7479,22.05,22.05
7480,30.01,30.01
7481,54.83,54.83
7482,37.55,37.55
7483,30.28,30.28
7484,27.44,27.44
7485,21.45,21.45
7486,20.34,20.34
7487,18.43,18.43
7488,18.78,18.78
7489,15.9,15.9
7490,14.98,14.98
7491,15.58,15.58
7492,16.56,16.56
7493,20.1,20.1
7494,25.14,25.14
7495,24.03,24.03
7496,21.63,21.63
7497,22.37,22.37
7498,22.68,22.68
7499,23.19,23.19
7500,28.58,28.58
7501,28.56,28.56
7502,32.17,32.17
7503,28.57,28.57
7504,43.4,43.4
7505,71.22,71.22
7506,58.67,58.67
7507,49.24,49.24
7508,42.01,42.01
7509,37.18,37.18
7510,26.59,26.59
7511,23.02,23.02
7512,29.2,29.2
7513,24.86,24.86
7514,20.54,20.54
7515,19.23,19.23
7516,18.86,18.86
7517,19.29,19.29
7518,19.26,19.26
7519,17.89,17.89
7520,10.06,10.06
7521,9.42,9.42
7522,9.62,9.62
7523,9.8,9.8
7524,9.22,9.22
7525,9.75,9.75
7526,10.78,10.78
7527,12.8,12.8
7528,31.11,31.11
7529,64.64,64.64
7530,38.15,38.15
7531,26.89,26.89
7532,22.02,22.02
7533,19.33,19.33
7534,17.3,17.3
7535,15.96,15.96
7536,16.52,16.52
7537,15.98,15.98
7538,15.62,15.62
7539,15.87,15.87
7540,15.68,15.68
7541,17.6,17.6
7542,18.84,18.84
7543,15.58,15.58
7544,8.44,8.44
7545,7.59,7.59
7546,11.34,11.34
7547,14.6,14.6
7548,17.32,17.32
7549,16.68,16.68
7550,17.78,17.78
7551,21.22,21.22
7552,70.0,70.0
7553,165.79,165.79
7554,153.15,153.15
7555,93.11,93.11
7556,58.45,58.45
7557,35.42,35.42
7558,27.98,27.98
7559,24.05,24.05
7560,24.37,24.37
7561,22.22,22.22
7562,20.22,20.22
7563,20.35,20.35
7564,20.9,20.9
7565,24.17,24.17
7566,40.31,40.31
7567,25.95,25.95
7568,16.25,16.25
7569,13.13,13.13
7570,15.12,15.12
7571,16.91,16.91
7572,21.47,21.47
7573,24.49,24.49
7574,24.47,24.47
7575,30.88,30.88
7576,73.53,73.53
7577,184.08,184.08
7578,87.27,87.27
7579,40.1,40.1
7580,28.21,28.21
7581,24.27,24.27
7582,15.96,15.96
7583,14.6,14.6
7584,14.72,14.72
7585,12.47,12.47
7586,11.41,11.41
7587,9.94,9.94
7588,9.73,9.73
7589,12.7,12.7
7590,19.29,19.29
7591,15.86,15.86
7592,6.41,6.41
7593,6.06,6.06
7594,6.45,6.45
7595,7.27,7.27
7596,9.14,9.14
7597,10.97,10.97
7598,12.93,12.93
7599,15.76,15.76
7600,22.53,22.53
7601,38.45,38.45
7602,24.89,24.89
7603,21.07,21.07
7604,18.27,18.27
7605,13.31,13.31
7606,10.87,10.87
7607,9.29,9.29
7608,6.81,6.81
7609,5.16,5.16
7610,4.61,4.61
7611,5.72,5.72
7612,7.64,7.64
7613,11.29,11.29
7614,15.95,15.95
7615,11.79,11.79
7616,6.86,6.86
7617,7.9,7.9
7618,9.21,9.21
7619,10.12,10.12
7620,12.24,12.24
7621,13.55,13.55
7622,16.32,16.32
7623,17.95,17.95
7624,35.15,35.15
7625,113.55,113.55
7626,90.34,90.34
7627,52.53,52.53
7628,52.54,52.54
7629,36.59,36.59
7630,23.93,23.93
7631,22.41,22.41
7632,23.72,23.72
7633,21.87,21.87
7634,20.15,20.15
7635,19.63,19.63
7636,19.85,19.85
7637,23.16,23.16
7638,30.96,30.96
7639,21.26,21.26
7640,12.53,12.53
7641,8.41,8.41
7642,8.92,8.92
7643,9.91,9.91
7644,11.32,11.32
7645,12.49,12.49
7646,13.34,13.34
7647,14.87,14.87
7648,25.44,25.44
7649,52.42,52.42
7650,25.42,25.42
7651,19.59,19.59
7652,16.83,16.83
7653,15.37,15.37
7654,14.53,14.53
7655,12.07,12.07
7656,12.03,12.03
7657,10.84,10.84
7658,10.03,10.03
7659,11.44,11.44
7660,13.65,13.65
7661,19.84,19.84
7662,27.21,27.21
7663,22.94,22.94
7664,9.41,9.41
7665,8.37,8.37
7666,7.9,7.9
7667,7.06,7.06
7668,7.75,7.75
7669,8.0,8.0
7670,8.19,8.19
7671,8.86,8.86
7672,18.93,18.93
7673,26.91,26.91
7674,25.37,25.37
7675,19.18,19.18
7676,15.87,15.87
7677,13.6,13.6
7678,14.56,14.56
7679,11.87,11.87
7680,16.35,16.35
7681,14.69,14.69
7682,14.18,14.18
7683,13.19,13.19
7684,12.78,12.78
7685,16.36,16.36
7686,17.09,17.09
7687,16.18,16.18
7688,12.47,12.47
7689,10.18,10.18
7690,10.69,10.69
7691,11.12,11.12
7692,12.16,12.16
7693,14.1,14.1
7694,14.82,14.82
7695,14.92,14.92
7696,26.89,26.89
7697,45.45,45.45
7698,25.25,25.25
7699,20.26,20.26
7700,18.63,18.63
7701,15.56,15.56
7702,17.68,17.68
7703,16.22,16.22
7704,15.05,15.05
7705,13.55,13.55
7706,15.16,15.16
7707,19.27,19.27
7708,20.64,20.64
7709,24.86,24.86
7710,23.13,23.13
7711,26.0,26.0
7712,26.19,26.19
7713,22.31,22.31
7714,21.28,21.28
7715,24.87,24.87
7716,31.59,31.59
7717,39.39,39.39
7718,48.99,48.99
7719,56.45,56.45
7720,72.41,72.41
7721,77.72,77.72
7722,59.97,59.97
7723,47.77,47.77
7724,38.41,38.41
7725,27.75,27.75
7726,20.7,20.7
7727,18.52,18.52
7728,14.09,14.09
7729,12.17,12.17
7730,9.98,9.98
7731,10.09,10.09
7732,11.69,11.69
7733,16.63,16.63
7734,20.58,20.58
7735,18.61,18.61
7736,17.94,17.94
7737,15.94,15.94
7738,16.92,16.92
7739,17.74,17.74
7740,17.46,17.46
7741,19.75,19.75
7742,20.21,20.21
7743,21.42,21.42
7744,23.02,23.02
7745,53.26,53.26
7746,34.43,34.43
7747,26.53,26.53
7748,20.25,20.25
7749,15.82,15.82
7750,15.37,15.37
7751,15.27,15.27
7752,18.4,18.4
7753,16.05,16.05
7754,14.26,14.26
7755,14.7,14.7
7756,15.35,15.35
7757,17.81,17.81
7758,27.56,27.56
7759,21.04,21.04
7760,11.31,11.31
7761,10.77,10.77
7762,12.13,12.13
7763,13.3,13.3
7764,14.7,14.7
7765,16.84,16.84
7766,15.75,15.75
7767,17.04,17.04
7768,41.87,41.87
7769,88.26,88.26
7770,40.13,40.13
7771,25.29,25.29
7772,19.39,19.39
7773,18.09,18.09
7774,15.45,15.45
7775,15.13,15.13
7776,14.6,14.6
7777,13.62,13.62
7778,12.83,12.83
7779,13.29,13.29
7780,15.65,15.65
7781,18.07,18.07
7782,22.53,22.53
7783,20.68,20.68
7784,11.4,11.4
7785,7.62,7.62
7786,10.11,10.11
7787,10.91,10.91
7788,11.59,11.59
7789,10.59,10.59
7790,9.63,9.63
7791,11.27,11.27
7792,27.62,27.62
7793,66.71,66.71
7794,43.49,43.49
7795,31.72,31.72
7796,26.87,26.87
7797,24.21,24.21
7798,19.26,19.26
7799,17.74,17.74
7800,20.95,20.95
7801,19.29,19.29
7802,17.78,17.78
7803,18.06,18.06
7804,20.26,20.26
7805,22.13,22.13
7806,39.88,39.88
7807,26.74,26.74
7808,15.69,15.69
7809,12.91,12.91
7810,14.06,14.06
7811,12.6,12.6
7812,12.95,12.95
7813,12.99,12.99
7814,11.88,11.88
7815,12.83,12.83
7816,39.23,39.23
7817,78.57,78.57
7818,70.81,70.81
7819,36.63,36.63
7820,32.01,32.01
7821,25.74,25.74
7822,25.36,25.36
7823,23.73,23.73
7824,27.77,27.77
7825,26.65,26.65
7826,25.51,25.51
7827,25.59,25.59
7828,27.03,27.03
7829,39.91,39.91
7830,72.69,72.69
7831,44.82,44.82
7832,20.63,20.63
7833,18.55,18.55
7834,17.58,17.58
7835,15.84,15.84
7836,14.83,14.83
7837,14.8,14.8
7838,14.57,14.57
7839,14.82,14.82
7840,33.4,33.4
7841,54.64,54.64
7842,27.92,27.92
7843,21.49,21.49
7844,20.12,20.12
7845,20.6,20.6
7846,18.04,18.04
7847,17.99,17.99
7848,14.1,14.1
7849,12.77,12.77
7850,12.31,12.31
7851,13.84,13.84
7852,14.71,14.71
7853,19.64,19.64
7854,22.09,22.09
7855,19.59,19.59
7856,7.66,7.66
7857,7.52,7.52
7858,5.58,5.58
7859,3.3,3.3
7860,3.41,3.41
7861,3.56,3.56
7862,4.62,4.62
7863,6.67,6.67
7864,20.52,20.52
7865,26.58,26.58
7866,21.13,21.13
7867,17.1,17.1
7868,16.59,16.59
7869,11.94,11.94
7870,11.66,11.66
7871,7.55,7.55
7872,10.36,10.36
7873,7.24,7.24
7874,5.77,5.77
7875,4.9,4.9
7876,5.12,5.12
7877,7.82,7.82
7878,11.64,11.64
7879,11.45,11.45
7880,5.38,5.38
7881,3.09,3.09
7882,3.49,3.49
7883,6.56,6.56
7884,8.69,8.69
7885,10.76,10.76
7886,13.85,13.85
7887,16.77,16.77
7888,31.09,31.09
7889,44.44,44.44
7890,25.73,25.73
7891,22.81,22.81
7892,18.08,18.08
7893,16.05,16.05
7894,15.55,15.55
7895,14.5,14.5
7896,13.32,13.32
7897,10.72,10.72
7898,10.41,10.41
7899,10.06,10.06
7900,13.51,13.51
7901,18.35,18.35
7902,25.03,25.03
7903,25.04,25.04
7904,14.19,14.19
7905,12.83,12.83
7906,14.49,14.49
7907,17.39,17.39
7908,22.33,22.33
7909,22.75,22.75
7910,26.47,26.47
7911,32.4,32.4
7912,37.35,37.35
7913,66.55,66.55
7914,54.42,54.42
7915,48.4,48.4
7916,41.47,41.47
7917,33.7,33.7
7918,30.06,30.06
7919,32.37,32.37
7920,25.92,25.92
7921,25.67,25.67
7922,25.0,25.0
7923,26.85,26.85
7924,28.22,28.22
7925,33.56,33.56
7926,48.81,48.81
7927,43.25,43.25
7928,23.53,23.53
7929,22.12,22.12
7930,18.69,18.69
7931,17.58,17.58
7932,14.86,14.86
7933,12.24,12.24
7934,7.1,7.1
7935,10.85,10.85
7936,16.84,16.84
7937,24.05,24.05
7938,23.2,23.2
7939,19.23,19.23
7940,19.06,19.06
7941,16.66,16.66
7942,15.83,15.83
7943,13.63,13.63
7944,13.64,13.64
7945,10.15,10.15
7946,9.33,9.33
7947,8.79,8.79
7948,9.14,9.14
7949,14.4,14.4
7950,20.15,20.15
7951,20.62,20.62
7952,16.52,16.52
7953,12.92,12.92
7954,10.8,10.8
7955,8.95,8.95
7956,11.82,11.82
7957,14.77,14.77
7958,17.43,17.43
7959,23.15,23.15
7960,35.03,35.03
7961,39.11,39.11
7962,26.76,26.76
7963,21.92,21.92
7964,20.65,20.65
7965,18.34,18.34
7966,16.27,16.27
7967,13.24,13.24
7968,20.97,20.97
7969,19.53,19.53
7970,16.42,16.42
7971,15.59,15.59
7972,16.63,16.63
7973,19.47,19.47
7974,22.18,22.18
7975,22.89,22.89
7976,24.87,24.87
7977,23.81,23.81
7978,23.48,23.48
7979,23.52,23.52
7980,22.94,22.94
7981,23.65,23.65
7982,23.69,23.69
7983,25.61,25.61
7984,32.52,32.52
7985,45.12,45.12
7986,38.98,38.98
7987,35.3,35.3
7988,38.47,38.47
7989,33.33,33.33
7990,33.45,33.45
7991,31.65,31.65
7992,31.71,31.71
7993,35.85,35.85
7994,36.02,36.02
7995,36.64,36.64
7996,36.4,36.4
7997,48.82,48.82
7998,62.14,62.14
7999,50.12,50.12
8000,29.33,29.33
8001,25.45,25.45
8002,20.37,20.37
8003,19.37,19.37
8004,18.43,18.43
8005,16.59,16.59
8006,14.68,14.68
8007,18.73,18.73
8008,29.52,29.52
8009,49.37,49.37
8010,35.52,35.52
8011,31.62,31.62
8012,26.44,26.44
8013,23.5,23.5
8014,25.03,25.03
8015,21.6,21.6
8016,20.5,20.5
8017,20.09,20.09
8018,19.46,19.46
8019,19.87,19.87
8020,20.61,20.61
8021,22.95,22.95
8022,26.71,26.71
8023,28.4,28.4
8024,24.09,24.09
8025,24.03,24.03
8026,20.63,20.63
8027,19.72,19.72
8028,20.45,20.45
8029,19.61,19.61
8030,21.94,21.94
8031,26.92,26.92
8032,33.8,33.8
8033,48.92,48.92
8034,46.49,46.49
8035,45.29,45.29
8036,40.7,40.7
8037,36.62,36.62
8038,38.05,38.05
8039,36.35,36.35
8040,32.7,32.7
8041,31.99,31.99
8042,34.36,34.36
8043,31.41,31.41
8044,35.5,35.5
8045,39.98,39.98
8046,42.18,42.18
8047,38.2,38.2
8048,25.61,25.61
8049,24.45,24.45
8050,22.29,22.29
8051,18.88,18.88
8052,18.94,18.94
8053,18.7,18.7
8054,17.0,17.0
8055,18.91,18.91
8056,27.59,27.59
8057,50.64,50.64
8058,36.84,36.84
8059,32.66,32.66
8060,32.0,32.0
8061,32.49,32.49
8062,33.7,33.7
8063,31.82,31.82
8064,30.32,30.32
8065,30.37,30.37
8066,30.72,30.72
8067,32.32,32.32
8068,36.6,36.6
8069,47.05,47.05
8070,82.86,82.86
8071,63.55,63.55
8072,35.92,35.92
8073,25.64,25.64
8074,25.85,25.85
8075,21.33,21.33
8076,20.72,20.72
8077,20.41,20.41
8078,20.33,20.33
8079,23.43,23.43
8080,38.14,38.14
8081,54.96,54.96
8082,43.71,43.71
8083,31.8,31.8
8084,29.21,29.21
8085,28.46,28.46
8086,26.82,26.82
8087,25.77,25.77
8088,26.41,26.41
8089,27.85,27.85
8090,28.31,28.31
8091,29.09,29.09
8092,30.43,30.43
8093,42.8,42.8
8094,61.95,61.95
8095,63.73,63.73
8096,40.94,40.94
8097,30.53,30.53
8098,25.5,25.5
8099,20.48,20.48
8100,18.51,18.51
8101,17.96,17.96
8102,18.96,18.96
8103,21.47,21.47
8104,33.79,33.79
8105,44.84,44.84
8106,30.76,30.76
8107,25.67,25.67
8108,24.65,24.65
8109,23.76,23.76
8110,23.35,23.35
8111,20.03,20.03
8112,20.26,20.26
8113,19.65,19.65
8114,20.16,20.16
8115,23.08,23.08
8116,25.26,25.26
8117,27.59,27.59
8118,32.43,32.43
8119,38.0,38.0
8120,41.28,41.28
8121,44.06,44.06
8122,38.53,38.53
8123,35.99,35.99
8124,32.81,32.81
8125,34.03,34.03
8126,32.68,32.68
8127,34.21,34.21
8128,48.27,48.27
8129,66.54,66.54
8130,66.77,66.77
8131,45.91,45.91
8132,43.11,43.11
8133,35.0,35.0
8134,28.99,28.99
8135,26.08,26.08
8136,29.48,29.48
8137,26.47,26.47
8138,24.98,24.98
8139,23.12,23.12
8140,24.01,24.01
8141,23.6,23.6
8142,28.46,28.46
8143,26.6,26.6
8144,23.05,23.05
8145,21.48,21.48
8146,19.09,19.09
8147,18.0,18.0
8148,19.21,19.21
8149,20.8,20.8
8150,21.57,21.57
8151,24.64,24.64
8152,32.97,32.97
8153,40.61,40.61
8154,35.49,35.49
8155,30.94,30.94
8156,35.39,35.39
8157,37.2,37.2
8158,28.69,28.69
8159,28.8,28.8
8160,27.71,27.71
8161,29.41,29.41
8162,32.65,32.65
8163,31.39,31.39
8164,33.32,33.32
8165,36.99,36.99
8166,64.02,64.02
8167,82.95,82.95
8168,53.08,53.08
8169,43.89,43.89
8170,36.8,36.8
8171,32.14,32.14
8172,30.83,30.83
8173,28.51,28.51
8174,30.33,30.33
8175,32.63,32.63
8176,42.43,42.43
8177,62.82,62.82
8178,51.7,51.7
8179,44.99,44.99
8180,40.37,40.37
8181,34.06,34.06
8182,35.19,35.19
8183,31.92,31.92
8184,30.62,30.62
8185,28.13,28.13
8186,27.63,27.63
8187,29.11,29.11
8188,27.29,27.29
8189,31.32,31.32
8190,35.51,35.51
8191,39.71,39.71
8192,39.27,39.27
8193,48.35,48.35
8194,46.8,46.8
8195,36.19,36.19
8196,33.51,33.51
8197,32.51,32.51
8198,33.06,33.06
8199,39.07,39.07
8200,45.83,45.83
8201,52.81,52.81
8202,46.89,46.89
8203,37.88,37.88
8204,35.4,35.4
8205,32.96,32.96
8206,26.49,26.49
8207,25.08,25.08
8208,28.21,28.21
8209,27.45,27.45
8210,26.82,26.82
8211,26.59,26.59
8212,24.97,24.97
8213,24.18,24.18
8214,24.4,24.4
8215,23.17,23.17
8216,20.41,20.41
8217,18.44,18.44
8218,18.96,18.96
8219,17.38,17.38
8220,14.49,14.49
8221,13.58,13.58
8222,12.7,12.7
8223,14.16,14.16
8224,16.74,16.74
8225,26.57,26.57
8226,25.22,25.22
8227,20.53,20.53
8228,20.7,20.7
8229,19.67,19.67
8230,17.31,17.31
8231,15.57,15.57
8232,16.96,16.96
8233,17.65,17.65
8234,16.82,16.82
8235,19.15,19.15
8236,19.86,19.86
8237,22.78,22.78
8238,28.46,28.46
8239,29.53,29.53
8240,18.46,18.46
8241,15.45,15.45
8242,16.14,16.14
8243,16.75,16.75
8244,17.31,17.31
8245,17.35,17.35
8246,16.98,16.98
8247,17.44,17.44
8248,34.53,34.53
8249,60.57,60.57
8250,38.9,38.9
8251,30.13,30.13
8252,22.54,22.54
8253,19.14,19.14
8254,18.7,18.7
8255,16.33,16.33
8256,22.26,22.26
8257,18.98,18.98
8258,19.0,19.0
8259,18.64,18.64
8260,20.26,20.26
8261,22.89,22.89
8262,28.27,28.27
8263,30.0,30.0
8264,22.38,22.38
8265,16.98,16.98
8266,16.75,16.75
8267,19.12,19.12
8268,14.4,14.4
8269,16.91,16.91
8270,17.33,17.33
8271,20.76,20.76
8272,30.18,30.18
8273,39.76,39.76
8274,46.53,46.53
8275,48.85,48.85
8276,54.22,54.22
8277,41.85,41.85
8278,30.56,30.56
8279,28.89,28.89
8280,27.09,27.09
8281,26.92,26.92
8282,23.98,23.98
8283,23.59,23.59
8284,26.84,26.84
8285,32.78,32.78
8286,65.41,65.41
8287,59.45,59.45
8288,30.32,30.32
8289,23.77,23.77
8290,22.05,22.05
8291,20.87,20.87
8292,19.22,19.22
8293,17.97,17.97
8294,15.45,15.45
8295,16.33,16.33
8296,21.91,21.91
8297,34.91,34.91
8298,26.41,26.41
8299,21.72,21.72
8300,23.65,23.65
8301,21.68,21.68
8302,20.83,20.83
8303,19.42,19.42
8304,18.47,18.47
8305,17.5,17.5
8306,18.32,18.32
8307,19.6,19.6
8308,20.55,20.55
8309,23.27,23.27
8310,31.16,31.16
8311,30.83,30.83
8312,26.19,26.19
8313,22.47,22.47
8314,19.81,19.81
8315,15.53,15.53
8316,14.74,14.74
8317,14.12,14.12
8318,14.68,14.68
8319,18.39,18.39
8320,19.36,19.36
8321,27.58,27.58
8322,25.96,25.96
8323,27.34,27.34
8324,25.58,25.58
8325,21.52,21.52
8326,20.41,20.41
8327,18.3,18.3
8328,18.4,18.4
8329,17.28,17.28
8330,16.49,16.49
8331,17.34,17.34
8332,18.61,18.61
8333,23.1,23.1
8334,25.09,25.09
8335,25.78,25.78
8336,21.75,21.75
8337,18.87,18.87
8338,19.08,19.08
8339,17.24,17.24
8340,17.22,17.22
8341,17.08,17.08
8342,15.81,15.81
8343,15.82,15.82
8344,20.47,20.47
8345,28.17,28.17
8346,26.95,26.95
8347,23.38,23.38
8348,20.09,20.09
8349,18.32,18.32
8350,18.17,18.17
8351,15.38,15.38
8352,14.4,14.4
8353,15.21,15.21
8354,16.24,16.24
8355,18.86,18.86
8356,20.23,20.23
8357,22.57,22.57
8358,26.56,26.56
8359,29.81,29.81
8360,27.16,27.16
8361,24.26,24.26
8362,25.4,25.4
8363,24.37,24.37
8364,25.09,25.09
8365,23.91,23.91
8366,23.38,23.38
8367,22.44,22.44
8368,40.08,40.08
8369,62.91,62.91
8370,45.65,45.65
8371,35.79,35.79
8372,33.59,33.59
8373,29.07,29.07
8374,24.93,24.93
8375,22.09,22.09
8376,22.41,22.41
8377,18.58,18.58
8378,17.0,17.0
8379,15.39,15.39
8380,15.91,15.91
8381,18.97,18.97
8382,20.36,20.36
8383,22.24,22.24
8384,19.76,19.76
8385,17.86,17.86
8386,16.13,16.13
8387,14.52,14.52
8388,14.19,14.19
8389,16.01,16.01
8390,17.61,17.61
8391,19.6,19.6
8392,28.44,28.44
8393,43.78,43.78
8394,32.78,32.78
8395,25.03,25.03
8396,20.49,20.49
8397,18.23,18.23
8398,17.3,17.3
8399,15.57,15.57
8400,15.17,15.17
8401,15.6,15.6
8402,16.73,16.73
8403,21.6,21.6
8404,22.91,22.91
8405,27.66,27.66
8406,34.2,34.2
8407,34.54,34.54
8408,30.86,30.86
8409,20.36,20.36
8410,20.57,20.57
8411,21.06,21.06
8412,23.06,23.06
8413,23.71,23.71
8414,25.25,25.25
8415,29.07,29.07
8416,34.93,34.93
8417,50.76,50.76
8418,40.12,40.12
8419,33.76,33.76
8420,32.99,32.99
8421,30.19,30.19
8422,29.0,29.0
8423,24.94,24.94
8424,25.09,25.09
8425,23.93,23.93
8426,22.71,22.71
8427,22.06,22.06
8428,25.12,25.12
8429,27.41,27.41
8430,33.3,33.3
8431,39.67,39.67
8432,30.62,30.62
8433,23.9,23.9
8434,24.81,24.81
8435,22.28,22.28
8436,20.59,20.59
8437,20.23,20.23
8438,20.05,20.05
8439,20.61,20.61
8440,27.62,27.62
8441,44.1,44.1
8442,31.77,31.77
8443,25.68,25.68
8444,21.85,21.85
8445,22.27,22.27
8446,21.35,21.35
8447,21.15,21.15
8448,19.0,19.0
8449,17.9,17.9
8450,16.47,16.47
8451,15.07,15.07
8452,13.16,13.16
8453,15.13,15.13
8454,19.13,19.13
8455,18.7,18.7
8456,16.79,16.79
8457,15.36,15.36
8458,14.62,14.62
8459,15.65,15.65
8460,17.58,17.58
8461,18.45,18.45
8462,19.96,19.96
8463,19.87,19.87
8464,26.37,26.37
8465,45.53,45.53
8466,42.2,42.2
8467,39.73,39.73
8468,38.28,38.28
8469,31.41,31.41
8470,21.68,21.68
8471,20.62,20.62
8472,21.64,21.64
8473,23.26,23.26
8474,22.34,22.34
8475,21.37,21.37
8476,21.77,21.77
8477,25.76,25.76
8478,31.24,31.24
8479,31.03,31.03
8480,21.27,21.27
8481,20.1,20.1
8482,18.07,18.07
8483,16.9,16.9
8484,15.55,15.55
8485,15.07,15.07
8486,15.59,15.59
8487,17.38,17.38
8488,26.16,26.16
8489,44.13,44.13
8490,36.34,36.34
8491,32.45,32.45
8492,31.43,31.43
8493,27.9,27.9
8494,22.92,22.92
8495,22.44,22.44
8496,20.83,20.83
8497,20.78,20.78
8498,20.73,20.73
8499,21.51,21.51
8500,22.81,22.81
8501,24.95,24.95
8502,31.09,31.09
8503,28.43,28.43
8504,21.17,21.17
8505,18.82,18.82
8506,19.16,19.16
8507,17.26,17.26
8508,16.31,16.31
8509,14.85,14.85
8510,12.37,12.37
8511,14.57,14.57
8512,20.41,20.41
8513,39.22,39.22
8514,33.33,33.33
8515,30.22,30.22
8516,27.12,27.12
8517,22.59,22.59
8518,20.28,20.28
8519,19.36,19.36
8520,20.88,20.88
8521,20.15,20.15
8522,23.19,23.19
8523,20.27,20.27
8524,24.6,24.6
8525,25.95,25.95
8526,32.38,32.38
8527,36.94,36.94
8528,21.4,21.4
8529,18.5,18.5
8530,18.22,18.22
8531,16.91,16.91
8532,16.84,16.84
8533,16.73,16.73
8534,16.51,16.51
8535,17.08,17.08
8536,26.97,26.97
8537,41.03,41.03
8538,35.28,35.28
8539,25.79,25.79
8540,22.1,22.1
8541,20.97,20.97
8542,21.27,21.27
8543,20.72,20.72
8544,21.03,21.03
8545,19.75,19.75
8546,18.66,18.66
8547,19.43,19.43
8548,19.97,19.97
8549,20.11,20.11
8550,25.95,25.95
8551,25.96,25.96
8552,19.75,19.75
8553,17.74,17.74
8554,14.66,14.66
8555,9.86,9.86
8556,6.47,6.47
8557,5.18,5.18
8558,5.52,5.52
8559,6.38,6.38
8560,17.4,17.4
8561,25.99,25.99
8562,28.84,28.84
8563,24.76,24.76
8564,23.91,23.91
8565,19.18,19.18
8566,17.77,17.77
8567,16.41,16.41
8568,13.79,13.79
8569,10.93,10.93
8570,12.0,12.0
8571,13.54,13.54
8572,15.68,15.68
8573,18.45,18.45
8574,19.53,19.53
8575,19.83,19.83
8576,19.33,19.33
8577,17.38,17.38
8578,14.53,14.53
8579,15.04,15.04
8580,16.67,16.67
8581,18.75,18.75
8582,20.37,20.37
8583,21.69,21.69
8584,31.51,31.51
8585,37.95,37.95
8586,28.77,28.77
8587,24.11,24.11
8588,22.15,22.15
8589,20.68,20.68
8590,20.31,20.31
8591,19.66,19.66
8592,20.35,20.35
8593,20.42,20.42
8594,19.01,19.01
8595,19.72,19.72
8596,19.72,19.72
8597,20.57,20.57
8598,22.9,22.9
8599,25.11,25.11
8600,24.18,24.18
8601,20.42,20.42
8602,19.96,19.96
8603,20.49,20.49
8604,20.05,20.05
8605,20.85,20.85
8606,19.94,19.94
8607,21.22,21.22
8608,24.45,24.45
8609,33.98,33.98
8610,28.85,28.85
8611,26.32,26.32
8612,25.96,25.96
8613,27.39,27.39
8614,24.73,24.73
8615,21.96,21.96
8616,22.23,22.23
8617,21.3,21.3
8618,21.0,21.0
8619,20.55,20.55
8620,20.37,20.37
8621,24.56,24.56
8622,23.81,23.81
8623,25.39,25.39
8624,23.67,23.67
8625,20.38,20.38
8626,20.54,20.54
8627,20.49,20.49
8628,18.76,18.76
8629,17.43,17.43
8630,16.57,16.57
8631,16.15,16.15
8632,20.67,20.67
8633,31.34,31.34
8634,26.18,26.18
8635,20.18,20.18
8636,18.93,18.93
8637,16.01,16.01
8638,15.86,15.86
8639,14.41,14.41
8640,16.72,16.72
8641,16.96,16.96
8642,17.85,17.85
8643,19.02,19.02
8644,20.99,20.99
8645,22.71,22.71
8646,22.13,22.13
8647,24.03,24.03
8648,22.64,22.64
8649,20.37,20.37
8650,19.88,19.88
8651,18.63,18.63
8652,17.73,17.73
8653,17.32,17.32
8654,17.39,17.39
8655,17.48,17.48
8656,24.83,24.83
8657,45.42,45.42
8658,40.75,40.75
8659,38.22,38.22
8660,32.62,32.62
8661,27.8,27.8
8662,27.4,27.4
8663,24.89,24.89
8664,24.05,24.05
8665,21.36,21.36
8666,18.73,18.73
8667,16.12,16.12
8668,15.76,15.76
8669,17.73,17.73
8670,18.04,18.04
8671,18.65,18.65
8672,15.84,15.84
8673,7.77,7.77
8674,7.48,7.48
8675,6.66,6.66
8676,5.65,5.65
8677,9.67,9.67
8678,13.81,13.81
8679,16.09,16.09
8680,28.11,28.11
8681,51.3,51.3
8682,38.25,38.25
8683,36.48,36.48
8684,25.9,25.9
8685,20.33,20.33
8686,18.49,18.49
8687,17.11,17.11
8688,14.51,14.51
8689,13.02,13.02
8690,13.31,13.31
8691,14.08,14.08
8692,15.48,15.48
8693,16.39,16.39
8694,18.71,18.71
8695,18.0,18.0
8696,15.14,15.14
8697,9.13,9.13
8698,9.91,9.91
8699,9.94,9.94
8700,7.83,7.83
8701,4.4,4.4
8702,4.75,4.75
8703,4.4,4.4
8704,18.44,18.44
8705,41.8,41.8
8706,36.76,36.76
8707,31.98,31.98
8708,33.16,33.16
8709,26.47,26.47
8710,24.86,24.86
8711,22.73,22.73
8712,24.09,24.09
8713,25.28,25.28
8714,20.86,20.86
8715,17.11,17.11
8716,16.97,16.97
8717,16.75,16.75
8718,16.94,16.94
8719,17.38,17.38
8720,15.66,15.66
8721,14.66,14.66
8722,15.72,15.72
8723,17.82,17.82
8724,18.92,18.92
8725,18.73,18.73
8726,16.37,16.37
8727,16.01,16.01
8728,29.03,29.03
8729,55.42,55.42
8730,38.71,38.71
8731,27.06,27.06
8732,20.29,20.29
8733,15.97,15.97
8734,15.89,15.89
8735,12.23,12.23
8736,11.72,11.72
8737,6.21,6.21
8738,2.71,2.71
8739,1.5,1.5
8740,5.72,5.72
8741,13.68,13.68
8742,17.13,17.13
8743,17.57,17.57
8744,10.64,10.64
8745,4.97,4.97
8746,2.17,2.17
8747,3.11,3.11
8748,3.14,3.14
8749,5.29,5.29
8750,8.05,8.05
8751,13.24,13.24
8752,15.57,15.57
8753,43.53,43.53
8754,36.73,36.73
8755,28.9,28.9
8756,23.87,23.87
8757,17.01,17.01
8758,16.84,16.84
8759,16.13,16.13
